Date,Source,Target,Beta_Mean,Beta_Lower_94,Beta_Upper_94,Significant
2020-03-04,Stable_Volatility,Crypto_Volatility,-0.23885743260278894,-2.0659938392513584,1.687344829601101,False
2020-03-05,Stable_Volatility,Crypto_Volatility,-0.044120883716587136,-4.101752857224287,3.900445641654518,False
2020-03-06,Stable_Volatility,Crypto_Volatility,1.5262592686042293,-0.8943417009654324,3.7600323601900634,False
2020-03-07,Stable_Volatility,Crypto_Volatility,-0.8225040178066625,-2.7624762779931995,0.8757297131612316,False
2020-03-08,Stable_Volatility,Crypto_Volatility,-1.7541113248616795,-3.228936651274613,-0.15708397566031557,True
2020-03-09,Stable_Volatility,Crypto_Volatility,-0.07781802196369435,-1.1438595002374696,0.7934493560130471,False
2020-03-10,Stable_Volatility,Crypto_Volatility,-0.3992469289236689,-0.9697647801243463,0.10908704826292717,False
2020-03-11,Stable_Volatility,Crypto_Volatility,-1.0060073268014722,-2.5685254419410297,0.665206910340443,False
2020-03-12,Stable_Volatility,Crypto_Volatility,-3.1797006126029377,-5.21163804703861,-1.4486100466506864,True
2020-03-13,Stable_Volatility,Crypto_Volatility,0.2319701742839014,-0.34131785569815076,0.8755730729426041,False
2020-03-14,Stable_Volatility,Crypto_Volatility,-0.7025431666234211,-1.0157638027142886,-0.3508401231760756,True
2020-03-15,Stable_Volatility,Crypto_Volatility,-0.3798799367827567,-1.3233015820120149,0.8439561168435703,False
2020-03-16,Stable_Volatility,Crypto_Volatility,-0.4634627782694867,-1.167837804687854,0.356773814256936,False
2020-03-17,Stable_Volatility,Crypto_Volatility,-1.1485664167456258,-1.8322645245114981,-0.3569665121750823,True
2020-03-18,Stable_Volatility,Crypto_Volatility,0.08601894539686882,-1.2689492487188176,1.4773739362837,False
2020-03-19,Stable_Volatility,Crypto_Volatility,-0.9823253704987875,-1.7604950358317648,-0.19339233289555552,True
2020-03-20,Stable_Volatility,Crypto_Volatility,0.679160012078304,-1.1469022540105853,2.5082435022143525,False
2020-03-21,Stable_Volatility,Crypto_Volatility,-1.8564520323765836,-3.2390331434520245,-0.45057561576097277,True
2020-03-22,Stable_Volatility,Crypto_Volatility,-0.22228137103359477,-1.957528767113145,1.8308110983809178,False
2020-03-23,Stable_Volatility,Crypto_Volatility,0.2281631990595317,-1.0787757821450072,1.52330547259545,False
2020-03-24,Stable_Volatility,Crypto_Volatility,-1.3367198030971426,-4.786682840611917,2.071818014551301,False
2020-03-25,Stable_Volatility,Crypto_Volatility,-0.10036038596150718,-1.3099244798726106,0.9552430074934776,False
2020-03-26,Stable_Volatility,Crypto_Volatility,0.4521556062326596,-0.4956828602839801,1.7871817106181185,False
2020-03-27,Stable_Volatility,Crypto_Volatility,-0.9628060869281859,-2.8464051051891355,0.9136158546596636,False
2020-03-28,Stable_Volatility,Crypto_Volatility,-0.36743541378850497,-3.997402643130776,3.391081661779219,False
2020-03-29,Stable_Volatility,Crypto_Volatility,-1.2613174114471724,-3.4453112523998604,1.0626952288571734,False
2020-03-30,Stable_Volatility,Crypto_Volatility,-1.5414231596789505,-4.540931116311151,1.7170772840764483,False
2020-03-31,Stable_Volatility,Crypto_Volatility,-2.3351853279326638,-5.005099449780699,0.8122693081516158,False
2020-04-01,Stable_Volatility,Crypto_Volatility,-0.8788690768098059,-2.214643639933638,0.49741175828066275,False
2020-04-02,Stable_Volatility,Crypto_Volatility,-0.8079952565002837,-2.6523672422625237,0.8235723495664287,False
2020-04-03,Stable_Volatility,Crypto_Volatility,-0.5654411612529523,-1.4268489409274234,0.2194310433027621,False
2020-04-04,Stable_Volatility,Crypto_Volatility,0.9744263823027731,-2.8342216990560543,4.576558562360955,False
2020-04-05,Stable_Volatility,Crypto_Volatility,0.11254562005603791,-0.49984287557261486,0.71070213541025,False
2020-04-06,Stable_Volatility,Crypto_Volatility,-1.3364875661768054,-2.4734202690388876,-0.2517110214319671,True
2020-04-07,Stable_Volatility,Crypto_Volatility,0.13205098877300145,-1.0332470476080549,1.301758224919785,False
2020-04-08,Stable_Volatility,Crypto_Volatility,-0.7685780775337253,-1.5752169090102197,-0.0775178797043798,True
2020-04-09,Stable_Volatility,Crypto_Volatility,0.35463477170956303,-1.9430943183429146,3.2929355618806704,False
2020-04-10,Stable_Volatility,Crypto_Volatility,-1.283647190322477,-2.413324568072367,-0.4000730535704903,True
2020-04-11,Stable_Volatility,Crypto_Volatility,-1.3268417747566226,-2.590461865886555,0.2964733123122218,False
2020-04-12,Stable_Volatility,Crypto_Volatility,1.118998116538096,-2.741261848414854,4.431664171431919,False
2020-04-13,Stable_Volatility,Crypto_Volatility,0.12114538947517989,-1.6001698492260137,1.8567490756139584,False
2020-04-14,Stable_Volatility,Crypto_Volatility,-0.8772128222075841,-1.9098710154868295,0.20308184925134648,False
2020-04-15,Stable_Volatility,Crypto_Volatility,-0.6373359577564446,-2.4141472340398495,1.1072941945041177,False
2020-04-16,Stable_Volatility,Crypto_Volatility,-1.3236669947061683,-2.945573877097874,0.2010975362226753,False
2020-04-17,Stable_Volatility,Crypto_Volatility,-1.0256257408213387,-1.6399264390179755,-0.41372090187109745,True
2020-04-18,Stable_Volatility,Crypto_Volatility,-0.6337979115950845,-2.303052443259581,1.1362279465987122,False
2020-04-19,Stable_Volatility,Crypto_Volatility,0.22283874796048053,-0.7508918884440529,1.0632242104270087,False
2020-04-20,Stable_Volatility,Crypto_Volatility,2.571943612980429,0.1914718956901049,4.976386093334506,True
2020-04-21,Stable_Volatility,Crypto_Volatility,-2.0557824292010114,-3.977273148344196,-0.3874710145726828,True
2020-04-22,Stable_Volatility,Crypto_Volatility,-0.6329038588802045,-4.062659707981478,2.467383151363133,False
2020-04-23,Stable_Volatility,Crypto_Volatility,-0.8177941425590467,-2.1020206428923163,0.6476323082779076,False
2020-04-24,Stable_Volatility,Crypto_Volatility,-1.282014858120744,-2.1173844990977564,-0.4869220194263182,True
2020-04-25,Stable_Volatility,Crypto_Volatility,0.36865580904884565,-2.4222610948786087,3.1949529148849876,False
2020-04-26,Stable_Volatility,Crypto_Volatility,0.8523525651787318,-0.4560080428255614,2.0375038752051196,False
2020-04-27,Stable_Volatility,Crypto_Volatility,-0.8131475534864556,-3.1495048895420212,1.8102113667095683,False
2020-04-28,Stable_Volatility,Crypto_Volatility,-0.2640326895829634,-1.9850762142107974,1.592983700544507,False
2020-04-29,Stable_Volatility,Crypto_Volatility,-1.6621886426457733,-5.335785229801263,2.0333269009368253,False
2020-04-30,Stable_Volatility,Crypto_Volatility,0.5562063471849187,-0.4449457159524278,1.2754572079939748,False
2020-05-01,Stable_Volatility,Crypto_Volatility,-0.7769929424460451,-1.4364162918114443,-0.17773640327003565,True
2020-05-02,Stable_Volatility,Crypto_Volatility,2.090424434493425,-0.5412176371423473,5.044695995032637,False
2020-05-03,Stable_Volatility,Crypto_Volatility,-0.5899477502353514,-1.1188779163956886,0.09017522706300357,False
2020-05-04,Stable_Volatility,Crypto_Volatility,-0.27315390046296195,-3.5208568900911112,3.2335382790879663,False
2020-05-05,Stable_Volatility,Crypto_Volatility,-0.6558752896750368,-1.5197876631043719,0.23293481966090301,False
2020-05-06,Stable_Volatility,Crypto_Volatility,-0.22262667510716763,-3.2610112918560086,2.200128461791937,False
2020-05-07,Stable_Volatility,Crypto_Volatility,-0.4691338684539941,-2.1287954772237248,1.1509388565720942,False
2020-05-08,Stable_Volatility,Crypto_Volatility,-1.3572657605678569,-3.972060647212527,1.749369685762356,False
2020-05-09,Stable_Volatility,Crypto_Volatility,-0.18945501919864302,-3.536978547139866,2.8142809971250475,False
2020-05-10,Stable_Volatility,Crypto_Volatility,-3.523818004105598,-5.9599050763082975,-1.4154359132268457,True
2020-05-11,Stable_Volatility,Crypto_Volatility,-0.3739162069738841,-1.1935506699762009,0.4501720505034194,False
2020-05-12,Stable_Volatility,Crypto_Volatility,-0.8672281672784361,-1.696097881004086,-0.02967505263502783,True
2020-05-13,Stable_Volatility,Crypto_Volatility,0.16445054416281504,-0.7121827044803561,0.9085147060736927,False
2020-05-14,Stable_Volatility,Crypto_Volatility,-0.11595414199291824,-0.808472510264298,0.5881836487802792,False
2020-05-15,Stable_Volatility,Crypto_Volatility,-0.3379632684227276,-3.7041004835673137,2.8995550256740112,False
2020-05-16,Stable_Volatility,Crypto_Volatility,-0.3378041130600797,-3.3926579289619725,2.480680095174172,False
2020-05-17,Stable_Volatility,Crypto_Volatility,0.08269113446758464,-2.672128400445682,2.017654560636544,False
2020-05-18,Stable_Volatility,Crypto_Volatility,0.32012575408990196,-3.14618243933122,3.4850981154008243,False
2020-05-19,Stable_Volatility,Crypto_Volatility,-0.27884997798610517,-2.712294244411916,1.949141119395975,False
2020-05-20,Stable_Volatility,Crypto_Volatility,0.039642509572667066,-2.9281698326213865,2.6903672283232476,False
2020-05-21,Stable_Volatility,Crypto_Volatility,2.250319588372849,-0.4118814425859124,5.3183550698166036,False
2020-05-22,Stable_Volatility,Crypto_Volatility,-1.064355331461664,-2.583957130912963,0.3746649360444835,False
2020-05-23,Stable_Volatility,Crypto_Volatility,0.21077522701197782,-2.931491969805334,3.6664408362568155,False
2020-05-24,Stable_Volatility,Crypto_Volatility,-0.5334152664857522,-1.2733948848282721,0.16989971824829253,False
2020-05-25,Stable_Volatility,Crypto_Volatility,-1.7956705190455846,-4.5815764395880745,0.4312175839765048,False
2020-05-26,Stable_Volatility,Crypto_Volatility,0.22241218247555472,-3.4056794188855095,3.895570077281568,False
2020-05-27,Stable_Volatility,Crypto_Volatility,0.3402890257824173,-0.4361504825879904,1.3085117334564562,False
2020-05-28,Stable_Volatility,Crypto_Volatility,-0.6561704709469224,-4.318173371679293,2.8923573936631,False
2020-05-29,Stable_Volatility,Crypto_Volatility,-0.6426947443423294,-1.7492339164893391,0.7267354500606877,False
2020-05-30,Stable_Volatility,Crypto_Volatility,0.9057016551741657,-2.689721157871804,4.196309963988807,False
2020-05-31,Stable_Volatility,Crypto_Volatility,0.19859122534442386,-3.080453490884728,3.3895652956258786,False
2020-06-01,Stable_Volatility,Crypto_Volatility,0.1604278483588153,-1.0645447620147697,1.7349242616589773,False
2020-06-02,Stable_Volatility,Crypto_Volatility,1.2810514420524828,-0.930433592406458,3.594960666360981,False
2020-06-03,Stable_Volatility,Crypto_Volatility,-1.221403220027891,-2.152242530084545,-0.38812164877352007,True
2020-06-04,Stable_Volatility,Crypto_Volatility,-0.5542813333610641,-2.685809225520802,1.5455161532609545,False
2020-06-05,Stable_Volatility,Crypto_Volatility,0.5193224971494835,-0.3083671009265324,1.3662613440008864,False
2020-06-06,Stable_Volatility,Crypto_Volatility,-0.04498324665266679,-3.5370780130020574,4.075804128630519,False
2020-06-07,Stable_Volatility,Crypto_Volatility,-1.579885956420188,-3.408071941449045,-0.06669742600185297,True
2020-06-08,Stable_Volatility,Crypto_Volatility,-1.4123526992798505,-2.724887348211975,-0.13647746384796255,True
2020-06-09,Stable_Volatility,Crypto_Volatility,-0.7347538159899639,-3.777513840903474,1.887270083433219,False
2020-06-10,Stable_Volatility,Crypto_Volatility,0.2465267272287484,-1.3993477173543725,1.5878254695629268,False
2020-06-11,Stable_Volatility,Crypto_Volatility,1.0978776169147653,-2.3973444455512363,4.9027539764294765,False
2020-06-12,Stable_Volatility,Crypto_Volatility,-0.6483641850371217,-1.8470823423610243,1.317966122625182,False
2020-06-13,Stable_Volatility,Crypto_Volatility,-1.557197356305154,-3.3634365754383113,0.2696147245782212,False
2020-06-14,Stable_Volatility,Crypto_Volatility,-0.19584485864953433,-1.0651541395825188,0.4631913527668262,False
2020-06-15,Stable_Volatility,Crypto_Volatility,-2.1244916802858764,-3.5451488263977096,-0.8505537750041001,True
2020-06-16,Stable_Volatility,Crypto_Volatility,-1.0398674719321734,-2.07000422440925,-0.028728251296487022,True
2020-06-17,Stable_Volatility,Crypto_Volatility,0.6588713670089299,-1.0058801597985763,2.0178952636885046,False
2020-06-18,Stable_Volatility,Crypto_Volatility,0.46100055248071997,-0.690279604685174,1.4819742437311443,False
2020-06-19,Stable_Volatility,Crypto_Volatility,1.308469825024194,-1.7147838467272605,4.237471592786926,False
2020-06-20,Stable_Volatility,Crypto_Volatility,-0.3460435381640117,-1.6003900485805482,0.9922969640330939,False
2020-06-21,Stable_Volatility,Crypto_Volatility,-0.2637580444055215,-1.914678389326176,1.4441946171864957,False
2020-06-22,Stable_Volatility,Crypto_Volatility,0.5107721499707403,-2.2025585446338978,4.0436811138118625,False
2020-06-23,Stable_Volatility,Crypto_Volatility,-1.0505289899547534,-2.2616212891703578,0.5058678725642127,False
2020-06-24,Stable_Volatility,Crypto_Volatility,-2.845334866637019,-5.666993462209131,-0.03645065798938124,True
2020-06-25,Stable_Volatility,Crypto_Volatility,-0.7292151509354935,-2.717556325838128,1.3870192462462967,False
2020-06-26,Stable_Volatility,Crypto_Volatility,0.01882455390316416,-1.0123568146775108,0.9851362204716408,False
2020-06-27,Stable_Volatility,Crypto_Volatility,-1.402129303476953,-4.127326301728306,1.168060430426119,False
2020-06-28,Stable_Volatility,Crypto_Volatility,-0.5175284544746245,-2.3559204959967515,1.2733066145047645,False
2020-06-29,Stable_Volatility,Crypto_Volatility,1.2150853252200213,-1.6836694928949842,3.5909782952329907,False
2020-06-30,Stable_Volatility,Crypto_Volatility,0.8922860585262363,-0.591603608606738,2.582910766194435,False
2020-07-01,Stable_Volatility,Crypto_Volatility,-0.9454828348767138,-2.357676212641544,0.36892266850539673,False
2020-07-02,Stable_Volatility,Crypto_Volatility,-0.6078571931638805,-2.235572980588015,1.4882086651083712,False
2020-07-03,Stable_Volatility,Crypto_Volatility,-1.570939186202216,-2.8532434074752024,0.007084608573295681,False
2020-07-04,Stable_Volatility,Crypto_Volatility,-0.532640527467025,-2.2936359373201887,1.3084648579459246,False
2020-07-05,Stable_Volatility,Crypto_Volatility,-0.3653100258200609,-0.9826595543510177,0.23599142736382178,False
2020-07-06,Stable_Volatility,Crypto_Volatility,0.42769863427019006,-0.6376892123682891,1.7371180704189761,False
2020-07-07,Stable_Volatility,Crypto_Volatility,-0.1407538794159789,-1.1289901335488577,0.9815718364463126,False
2020-07-08,Stable_Volatility,Crypto_Volatility,-0.813544487045999,-2.9558491624306136,1.6131294912599694,False
2020-07-09,Stable_Volatility,Crypto_Volatility,0.04469870254977657,-1.9104494140487778,1.8072979566647511,False
2020-07-10,Stable_Volatility,Crypto_Volatility,-0.3741610080638354,-1.286866042322287,0.5937117602287201,False
2020-07-11,Stable_Volatility,Crypto_Volatility,0.40675418008247777,-3.45833164423765,4.10440574964301,False
2020-07-12,Stable_Volatility,Crypto_Volatility,-0.44113035765535086,-1.2884735865919783,0.610939597937959,False
2020-07-13,Stable_Volatility,Crypto_Volatility,-0.7642217545166445,-2.6897245352002495,1.5835344365495345,False
2020-07-14,Stable_Volatility,Crypto_Volatility,-0.9107714263021292,-2.7333683539916285,0.9847776440993737,False
2020-07-15,Stable_Volatility,Crypto_Volatility,0.8189316805994973,-3.106147699295282,4.540261656788246,False
2020-07-16,Stable_Volatility,Crypto_Volatility,-2.1397082313610833,-3.645969121212593,-0.33368907186208574,True
2020-07-17,Stable_Volatility,Crypto_Volatility,-2.2233603639533994,-4.530136687397373,-0.207102050846463,True
2020-07-18,Stable_Volatility,Crypto_Volatility,0.11060726666516889,-2.71687786651725,3.2558243553744077,False
2020-07-19,Stable_Volatility,Crypto_Volatility,-0.9711207262082229,-2.6235984876102125,0.7984800111167837,False
2020-07-20,Stable_Volatility,Crypto_Volatility,-0.9834199053430887,-3.822202173957952,2.008842105434627,False
2020-07-21,Stable_Volatility,Crypto_Volatility,-0.0552432642374138,-3.8791989328782455,3.9605189612728218,False
2020-07-22,Stable_Volatility,Crypto_Volatility,0.21966018457515918,-3.6636398719447056,4.106634785062718,False
2020-07-23,Stable_Volatility,Crypto_Volatility,-0.3188755275641467,-1.4163579079374378,0.8571406344829622,False
2020-07-24,Stable_Volatility,Crypto_Volatility,0.8773583600045307,-1.4363452531712135,3.8327143955422143,False
2020-07-25,Stable_Volatility,Crypto_Volatility,0.12157444101658374,-2.8289809435301825,2.9880863013216334,False
2020-07-26,Stable_Volatility,Crypto_Volatility,1.1463491773856629,-2.316663248044798,3.7548377873622942,False
2020-07-27,Stable_Volatility,Crypto_Volatility,0.7960167620724914,-0.2778944703975512,1.7279906284965028,False
2020-07-28,Stable_Volatility,Crypto_Volatility,-0.38136903607951345,-1.057420513993888,0.24143275649285853,False
2020-07-29,Stable_Volatility,Crypto_Volatility,-1.5919031906365568,-4.4608981321140355,0.8254839752201333,False
2020-07-30,Stable_Volatility,Crypto_Volatility,0.056360363872839866,-0.8701102780451342,0.8170559752311602,False
2020-07-31,Stable_Volatility,Crypto_Volatility,-0.12328425572407062,-0.9230221611631039,0.7948335915301743,False
2020-08-01,Stable_Volatility,Crypto_Volatility,-0.0706379614380381,-3.2808049410884976,4.228259728082547,False
2020-08-02,Stable_Volatility,Crypto_Volatility,1.630726509554017,-0.03149446627759467,3.477950172803225,False
2020-08-03,Stable_Volatility,Crypto_Volatility,-0.6602189888098151,-1.4491913009728172,0.004227979668726178,False
2020-08-04,Stable_Volatility,Crypto_Volatility,-0.691270292752977,-3.8011659236357116,2.8268325095220335,False
2020-08-05,Stable_Volatility,Crypto_Volatility,0.026782250772498784,-0.5690735882281954,0.8034522442393559,False
2020-08-06,Stable_Volatility,Crypto_Volatility,1.2881915919644271,-0.8261592021938298,3.2678134451684495,False
2020-08-07,Stable_Volatility,Crypto_Volatility,-1.561029861088067,-2.759144528769908,0.017845638013707463,False
2020-08-08,Stable_Volatility,Crypto_Volatility,0.5209734556898897,-3.0587304747944524,4.017856033272997,False
2020-08-09,Stable_Volatility,Crypto_Volatility,0.18287490801312486,-3.287804424245431,3.0266301584407413,False
2020-08-10,Stable_Volatility,Crypto_Volatility,0.4322494296174473,-0.7992537028895581,1.7058602504274636,False
2020-08-11,Stable_Volatility,Crypto_Volatility,2.680375236866692,1.0962431519933937,4.349984515749768,True
2020-08-12,Stable_Volatility,Crypto_Volatility,-0.5849182905157074,-1.4485912948606106,0.49207597001385234,False
2020-08-13,Stable_Volatility,Crypto_Volatility,0.8298400951024605,-1.5852098661309388,3.1260261850148208,False
2020-08-14,Stable_Volatility,Crypto_Volatility,0.773545293904264,-3.632138532597394,4.221514009335193,False
2020-08-15,Stable_Volatility,Crypto_Volatility,1.3529126780888026,-1.2560324395348488,4.195186225416697,False
2020-08-16,Stable_Volatility,Crypto_Volatility,-0.26190312664980814,-1.182108620122123,0.6855691699687021,False
2020-08-17,Stable_Volatility,Crypto_Volatility,-1.2929308300704028,-3.7293182170001224,1.1261061530018281,False
2020-08-18,Stable_Volatility,Crypto_Volatility,-0.39469063463300386,-1.8621750278424187,1.220253064310131,False
2020-08-19,Stable_Volatility,Crypto_Volatility,0.5799358518011232,-1.6821938939667174,2.5924826245806183,False
2020-08-20,Stable_Volatility,Crypto_Volatility,-1.9100374413170267,-4.674152931896163,0.5203444755291777,False
2020-08-21,Stable_Volatility,Crypto_Volatility,-0.6021978523862306,-4.220319191956373,3.0223150918792414,False
2020-08-22,Stable_Volatility,Crypto_Volatility,0.3628227363855452,-1.1434611693177743,1.8331750035724714,False
2020-08-23,Stable_Volatility,Crypto_Volatility,0.859965613836729,-2.4875137828888123,3.961356678625816,False
2020-08-24,Stable_Volatility,Crypto_Volatility,-0.6456947922652592,-2.216186059486354,1.014790818624033,False
2020-08-25,Stable_Volatility,Crypto_Volatility,-2.0096817818226924,-5.112578367689904,1.046579221166552,False
2020-08-26,Stable_Volatility,Crypto_Volatility,-1.12530321412663,-2.329066688362074,0.12450604178476066,False
2020-08-27,Stable_Volatility,Crypto_Volatility,1.4378130375787022,-1.2885931834475532,3.7847565150217393,False
2020-08-28,Stable_Volatility,Crypto_Volatility,0.5112767092723918,-2.997541519964652,4.312133884968311,False
2020-08-29,Stable_Volatility,Crypto_Volatility,0.666544707119527,-1.4332853335428586,2.7948754834924365,False
2020-08-30,Stable_Volatility,Crypto_Volatility,0.07345082042718545,-0.5602617913725214,0.679610304025533,False
2020-08-31,Stable_Volatility,Crypto_Volatility,-0.6443917144458006,-4.140579557314595,2.6524528976130783,False
2020-09-01,Stable_Volatility,Crypto_Volatility,2.4186261722230182,0.7562869424590415,3.975250880189134,True
2020-09-02,Stable_Volatility,Crypto_Volatility,0.38625639364293074,-0.5562258064854023,1.1578916026822401,False
2020-09-03,Stable_Volatility,Crypto_Volatility,0.2109987383025882,-0.35052962198667126,0.7417901786315906,False
2020-09-04,Stable_Volatility,Crypto_Volatility,-0.8092044913460106,-1.789167236951676,0.18538822376222122,False
2020-09-05,Stable_Volatility,Crypto_Volatility,0.3377764165194388,-3.4717609337067454,4.133370341830391,False
2020-09-06,Stable_Volatility,Crypto_Volatility,-0.9342860116503543,-3.8970443107251613,2.3976619684235594,False
2020-09-07,Stable_Volatility,Crypto_Volatility,-0.05933713764961435,-2.1649178752496154,1.9127114687267386,False
2020-09-08,Stable_Volatility,Crypto_Volatility,0.6325530668147415,-0.4302407321380902,1.8938663043792254,False
2020-09-09,Stable_Volatility,Crypto_Volatility,0.43416298436697665,-2.5743632842154516,3.35034326123865,False
2020-09-10,Stable_Volatility,Crypto_Volatility,0.4251439181751085,-0.8828912472901937,1.9299225032779899,False
2020-09-11,Stable_Volatility,Crypto_Volatility,0.05331499596765589,-1.2130810208501932,1.0007273102510768,False
2020-09-12,Stable_Volatility,Crypto_Volatility,0.3904398908776658,-2.6020969731537393,3.313630266697256,False
2020-09-13,Stable_Volatility,Crypto_Volatility,-1.983613144148747,-3.79245519379075,-0.016502694852687995,True
2020-09-14,Stable_Volatility,Crypto_Volatility,-0.3419283486471194,-2.9506663589191096,1.9912996347420722,False
2020-09-15,Stable_Volatility,Crypto_Volatility,-0.6536315366724226,-1.325577661640419,0.05555336551428751,False
2020-09-16,Stable_Volatility,Crypto_Volatility,-1.1964325549597445,-3.8413056740751736,1.531138272092941,False
2020-09-17,Stable_Volatility,Crypto_Volatility,0.46028830344318244,-2.036623234272909,2.502803580519169,False
2020-09-18,Stable_Volatility,Crypto_Volatility,-0.6875111993317458,-4.514778157109708,3.020552190107466,False
2020-09-19,Stable_Volatility,Crypto_Volatility,0.8513609238957797,-1.0231270527803966,2.2995402152922972,False
2020-09-20,Stable_Volatility,Crypto_Volatility,-1.0094336691090766,-2.5652681771383405,0.5067749176696361,False
2020-09-21,Stable_Volatility,Crypto_Volatility,-1.490967927132487,-4.688464027937053,2.133513830439685,False
2020-09-22,Stable_Volatility,Crypto_Volatility,-1.6731153140190795,-2.7213001755948945,-0.6430723126181079,True
2020-09-23,Stable_Volatility,Crypto_Volatility,-1.1502752896554345,-4.285493874861441,1.9827698455982778,False
2020-09-24,Stable_Volatility,Crypto_Volatility,-0.2680813485823308,-3.691044869745017,3.179950902656481,False
2020-09-25,Stable_Volatility,Crypto_Volatility,-0.11419517558396038,-1.342084639444474,0.9793390995853231,False
2020-09-26,Stable_Volatility,Crypto_Volatility,1.2046741968356758,-0.13551810678157664,2.7857811858516563,False
2020-09-27,Stable_Volatility,Crypto_Volatility,-0.30421931152280485,-1.0792574854700292,0.425925725720528,False
2020-09-28,Stable_Volatility,Crypto_Volatility,-0.3504489056285182,-1.632739834353953,1.1251807934211238,False
2020-09-29,Stable_Volatility,Crypto_Volatility,-0.7474923805282475,-2.238280176562829,0.6411846905833951,False
2020-09-30,Stable_Volatility,Crypto_Volatility,-0.11484536298944302,-3.8480957260565125,3.6397528702173227,False
2020-10-01,Stable_Volatility,Crypto_Volatility,-2.234553396141231,-4.087787632224513,-0.3554535893192422,True
2020-10-02,Stable_Volatility,Crypto_Volatility,-0.25537352021497967,-1.0276971441914784,0.6125964105859945,False
2020-10-03,Stable_Volatility,Crypto_Volatility,-1.4983804795507152,-2.4468097544562935,-0.5277756638345044,True
2020-10-04,Stable_Volatility,Crypto_Volatility,-0.3765114374064126,-0.9968335147414085,0.2002731641613003,False
2020-10-05,Stable_Volatility,Crypto_Volatility,0.28659200324543227,-0.49087330451853795,1.1110048655593596,False
2020-10-06,Stable_Volatility,Crypto_Volatility,2.1072725402072745,0.3137440054404982,4.436698387316478,True
2020-10-07,Stable_Volatility,Crypto_Volatility,-0.9676832843157068,-1.850654277786115,0.1341921016917454,False
2020-10-08,Stable_Volatility,Crypto_Volatility,0.6091897626719637,-2.895700853084243,4.387611585583985,False
2020-10-09,Stable_Volatility,Crypto_Volatility,-0.17851989787025516,-3.5975585723746413,3.5001912550136867,False
2020-10-10,Stable_Volatility,Crypto_Volatility,0.20076816495858446,-1.178095824974822,1.6098210699887985,False
2020-10-11,Stable_Volatility,Crypto_Volatility,1.9718085334266686,-1.1690015608625834,4.7120773539071585,False
2020-10-12,Stable_Volatility,Crypto_Volatility,-1.901396337189962,-3.2959861022962045,-0.5802438032517493,True
2020-10-13,Stable_Volatility,Crypto_Volatility,-1.3791861498386462,-4.106314120227681,1.2916824803724962,False
2020-10-14,Stable_Volatility,Crypto_Volatility,0.13959672575992615,-1.0387257433185024,1.4047710190607305,False
2020-10-15,Stable_Volatility,Crypto_Volatility,0.29991872853249946,-1.232195727194031,1.7063497933912308,False
2020-10-16,Stable_Volatility,Crypto_Volatility,0.5149459442689291,-3.3806873906812065,4.411423834545502,False
2020-10-17,Stable_Volatility,Crypto_Volatility,-1.9138038939865731,-3.2062734850212387,-0.5889662797954348,True
2020-10-18,Stable_Volatility,Crypto_Volatility,0.18271168724025333,-1.5139599133097894,1.572504587819095,False
2020-10-19,Stable_Volatility,Crypto_Volatility,-0.6659712035774463,-1.3240370039241027,-0.06523679235967783,True
2020-10-20,Stable_Volatility,Crypto_Volatility,0.19763540062798743,-0.8127698431710817,1.289568181141036,False
2020-10-21,Stable_Volatility,Crypto_Volatility,1.0623200579887677,0.31859417372100396,2.1024778613212614,True
2020-10-22,Stable_Volatility,Crypto_Volatility,-0.3274782502148386,-1.0649221221355782,0.5138607723326171,False
2020-10-23,Stable_Volatility,Crypto_Volatility,-0.6354913964862205,-1.6616761403604556,0.4679865253958235,False
2020-10-24,Stable_Volatility,Crypto_Volatility,0.7787534692221159,0.022775995997518325,1.585716242431749,True
2020-10-25,Stable_Volatility,Crypto_Volatility,-0.44233415633688206,-1.1064673706439387,0.2094339376351705,False
2020-10-26,Stable_Volatility,Crypto_Volatility,-1.0831923813185975,-2.3110049385178284,0.26514257561250654,False
2020-10-27,Stable_Volatility,Crypto_Volatility,-0.431232971246146,-1.3264943761559134,0.3094350911178654,False
2020-10-28,Stable_Volatility,Crypto_Volatility,1.213594722099745,-0.2058845306455584,2.646141199328718,False
2020-10-29,Stable_Volatility,Crypto_Volatility,-1.7827826129729012,-4.2767888102195535,0.6775869217199104,False
2020-10-30,Stable_Volatility,Crypto_Volatility,1.6344810362162498,-1.406383554885843,4.55880008786562,False
2020-10-31,Stable_Volatility,Crypto_Volatility,-0.5576674168491493,-4.657124021491584,3.011379723674321,False
2020-11-01,Stable_Volatility,Crypto_Volatility,-0.10118360327411248,-4.427513364425961,3.73016021194824,False
2020-11-02,Stable_Volatility,Crypto_Volatility,-1.3326944328614756,-2.3547025401563166,-0.37621942563426936,True
2020-11-03,Stable_Volatility,Crypto_Volatility,0.41930045169116,-1.7956724858878892,2.5565180498330777,False
2020-11-04,Stable_Volatility,Crypto_Volatility,-0.30604375076812496,-1.1456065888428233,0.5257585478113793,False
2020-11-05,Stable_Volatility,Crypto_Volatility,-0.11565648127881584,-2.6120371263664106,2.0179075234046873,False
2020-11-06,Stable_Volatility,Crypto_Volatility,0.5128144159176552,-2.5188704949634677,3.328453585414839,False
2020-11-07,Stable_Volatility,Crypto_Volatility,-1.9726444512222359,-4.107788106222102,0.9449482245904464,False
2020-11-08,Stable_Volatility,Crypto_Volatility,-2.414987174798917,-4.9830567501545655,0.055622323657871287,False
2020-11-09,Stable_Volatility,Crypto_Volatility,-0.7015407844251389,-3.7362225617153446,3.0110620311508614,False
2020-11-10,Stable_Volatility,Crypto_Volatility,1.3625902241786338,-0.818209772286102,3.6951961602227383,False
2020-11-11,Stable_Volatility,Crypto_Volatility,0.008449857577461006,-1.6811388694673002,1.7014224703102248,False
2020-11-12,Stable_Volatility,Crypto_Volatility,0.15222674159744468,-0.6615403920858602,1.0451762752892755,False
2020-11-13,Stable_Volatility,Crypto_Volatility,0.08720072166168943,-1.603372542325101,1.5190905573271736,False
2020-11-14,Stable_Volatility,Crypto_Volatility,0.2912775166660535,-3.1201337313334543,3.922578988982603,False
2020-11-15,Stable_Volatility,Crypto_Volatility,0.1695260214244847,-3.532412987928425,3.9353147221009586,False
2020-11-16,Stable_Volatility,Crypto_Volatility,-0.21173204029520154,-4.25369118228398,2.9735151687693726,False
2020-11-17,Stable_Volatility,Crypto_Volatility,0.15653132760054972,-2.5076710410792886,2.755450587991663,False
2020-11-18,Stable_Volatility,Crypto_Volatility,2.0707551126652337,-0.3484067712597279,4.010620311437465,False
2020-11-19,Stable_Volatility,Crypto_Volatility,-0.6825363021085602,-1.6397593100371162,0.1952432241105942,False
2020-11-20,Stable_Volatility,Crypto_Volatility,0.715093411445692,-1.0822980517807919,2.2807509024812003,False
2020-11-21,Stable_Volatility,Crypto_Volatility,-0.6950733903276523,-2.0592120603238695,0.7172925668667993,False
2020-11-22,Stable_Volatility,Crypto_Volatility,1.417809400252001,-1.6365195172238318,5.1679674907957285,False
2020-11-23,Stable_Volatility,Crypto_Volatility,-0.8240578394930668,-1.9544443820250528,0.1342232466994125,False
2020-11-24,Stable_Volatility,Crypto_Volatility,1.4824724106978997,-1.396108136380129,4.228491223333618,False
2020-11-25,Stable_Volatility,Crypto_Volatility,0.06492132648924713,-3.61442638305477,3.4655608123605552,False
2020-11-26,Stable_Volatility,Crypto_Volatility,1.9020718273823645,0.3812662872921626,3.755881621733427,True
2020-11-27,Stable_Volatility,Crypto_Volatility,-1.0874924576801421,-1.7813961183120157,-0.3625346135113995,True
2020-11-28,Stable_Volatility,Crypto_Volatility,0.11613680964010575,-3.496601408051866,3.256697724432449,False
2020-11-29,Stable_Volatility,Crypto_Volatility,0.29984236951350557,-0.2047488977255461,0.7403489058661651,False
2020-11-30,Stable_Volatility,Crypto_Volatility,0.028893859235077052,-0.9185075297980558,1.0392040993204015,False
2020-12-01,Stable_Volatility,Crypto_Volatility,1.972189349396354,-1.112377519440475,5.527826788226847,False
2020-12-02,Stable_Volatility,Crypto_Volatility,-0.6992379919192713,-1.2820701318511958,0.22475500240218385,False
2020-12-03,Stable_Volatility,Crypto_Volatility,0.5159804624457904,-2.829006666241368,4.593693505638896,False
2020-12-04,Stable_Volatility,Crypto_Volatility,-0.4502508131041813,-1.0539664169716887,0.21927453036943992,False
2020-12-05,Stable_Volatility,Crypto_Volatility,1.0381974129075875,-2.7202050384160033,4.394164698901263,False
2020-12-06,Stable_Volatility,Crypto_Volatility,0.24874092638441295,-3.002787841831701,4.045529409606744,False
2020-12-07,Stable_Volatility,Crypto_Volatility,0.8230619749019569,-0.7577424615004293,2.7197015258896045,False
2020-12-08,Stable_Volatility,Crypto_Volatility,-1.3847687074188983,-3.1079589982595905,0.004659542950232631,False
2020-12-09,Stable_Volatility,Crypto_Volatility,1.7712680791486233,-1.2389399836388157,4.619225271348203,False
2020-12-10,Stable_Volatility,Crypto_Volatility,-0.8489006378668185,-1.6289104365896163,-0.15155430062706393,True
2020-12-11,Stable_Volatility,Crypto_Volatility,-0.5543011846196947,-2.838041623499925,1.7458314284834449,False
2020-12-12,Stable_Volatility,Crypto_Volatility,0.33383856816878693,-1.0682357698756877,1.7250588922417678,False
2020-12-13,Stable_Volatility,Crypto_Volatility,0.485580317732306,-2.6182910884605315,3.6322957116860324,False
2020-12-14,Stable_Volatility,Crypto_Volatility,0.5210014922743698,-3.030025431842602,3.8746018661998236,False
2020-12-15,Stable_Volatility,Crypto_Volatility,-0.28466030803435916,-2.9693141719301765,2.2763962790981465,False
2020-12-16,Stable_Volatility,Crypto_Volatility,-0.9183399527830589,-4.794439597412893,2.7100094486707214,False
2020-12-17,Stable_Volatility,Crypto_Volatility,0.2300243944125369,-0.4277149909451242,1.105693343969788,False
2020-12-18,Stable_Volatility,Crypto_Volatility,-0.5420151572243059,-1.0273080669237282,0.08764514630951468,False
2020-12-19,Stable_Volatility,Crypto_Volatility,-0.1027115442831096,-2.593554752554425,2.1788276072072468,False
2020-12-20,Stable_Volatility,Crypto_Volatility,-0.20483882316593668,-0.8653932163479678,0.4667161896366343,False
2020-12-21,Stable_Volatility,Crypto_Volatility,0.5768863399198026,-2.8780690496990884,4.786983160963906,False
2020-12-22,Stable_Volatility,Crypto_Volatility,-0.02707715717275131,-0.907492422613036,0.7785927576782641,False
2020-12-23,Stable_Volatility,Crypto_Volatility,1.310808368272634,-2.2011109367739046,4.155931920136097,False
2020-12-24,Stable_Volatility,Crypto_Volatility,0.683206100953659,-2.514252613893215,4.303515067528165,False
2020-12-25,Stable_Volatility,Crypto_Volatility,-0.2997398734035621,-4.157676042145663,3.0909807301852443,False
2020-12-26,Stable_Volatility,Crypto_Volatility,0.24559825991144787,-0.7215680490770601,1.289117624355469,False
2020-12-27,Stable_Volatility,Crypto_Volatility,-1.9556037502953376,-4.810202410142836,0.7415375774873214,False
2020-12-28,Stable_Volatility,Crypto_Volatility,-0.7051025523695766,-1.9381637573469686,1.1583732186782534,False
2020-12-29,Stable_Volatility,Crypto_Volatility,0.8604890066609766,-1.364705206729682,3.3872246011656486,False
2020-12-30,Stable_Volatility,Crypto_Volatility,1.657824975142967,-0.49625917363282346,4.014809956433483,False
2020-12-31,Stable_Volatility,Crypto_Volatility,0.9284148053404793,-1.1358802527700749,3.222901688631798,False
2021-01-01,Stable_Volatility,Crypto_Volatility,-0.2597224344126565,-1.547622553559842,1.0121270558287483,False
2021-01-02,Stable_Volatility,Crypto_Volatility,-1.4679176460868641,-3.6545965665599307,0.6203707007229711,False
2021-01-03,Stable_Volatility,Crypto_Volatility,0.22575529471455874,-0.6954640813205146,1.1493818772296174,False
2021-01-04,Stable_Volatility,Crypto_Volatility,0.6658801113835198,0.032732296294904144,1.238141795388096,True
2021-01-05,Stable_Volatility,Crypto_Volatility,-0.5511299824710058,-1.2068862001291123,0.11847335607997497,False
2021-01-06,Stable_Volatility,Crypto_Volatility,-0.3810879413181759,-2.0827052984194885,1.0902138552433804,False
2021-01-07,Stable_Volatility,Crypto_Volatility,-0.3807253980156243,-1.0846093428398047,0.16750871121989505,False
2021-01-08,Stable_Volatility,Crypto_Volatility,-0.17403025813916262,-1.6715753775071316,1.6542306148614325,False
2021-01-09,Stable_Volatility,Crypto_Volatility,-1.7232125744191378,-3.660262272314755,-0.16415867637933365,True
2021-01-10,Stable_Volatility,Crypto_Volatility,-1.528640439873033,-2.846987039150463,-0.39568404624829245,True
2021-01-11,Stable_Volatility,Crypto_Volatility,1.4047154100484989,-1.5399028086151816,4.085682698129375,False
2021-01-12,Stable_Volatility,Crypto_Volatility,-0.7315939575214147,-1.215694595184952,-0.29090487086666683,True
2021-01-13,Stable_Volatility,Crypto_Volatility,-0.008971509729460914,-1.9771156505531247,1.8457944505196338,False
2021-01-14,Stable_Volatility,Crypto_Volatility,0.26885768421800443,-0.20079255203991206,0.7193390729863058,False
2021-01-15,Stable_Volatility,Crypto_Volatility,-1.4546325107885958,-2.8119155149669357,0.07084974068442687,False
2021-01-16,Stable_Volatility,Crypto_Volatility,-1.0218935436955636,-2.164388404168863,-0.002463144883524712,True
2021-01-17,Stable_Volatility,Crypto_Volatility,0.36201663959743563,-2.6297448591132015,3.2711426563368224,False
2021-01-18,Stable_Volatility,Crypto_Volatility,0.5535089107889982,-0.21540692949602291,1.5016529182687612,False
2021-01-19,Stable_Volatility,Crypto_Volatility,-1.3097611898352257,-3.127423917997601,0.8595533466213321,False
2021-01-20,Stable_Volatility,Crypto_Volatility,-0.0999323647504269,-1.7838163594572445,1.9794700049539888,False
2021-01-21,Stable_Volatility,Crypto_Volatility,0.18266077727284968,-3.7934081829518975,4.363300285962437,False
2021-01-22,Stable_Volatility,Crypto_Volatility,0.9502016120812745,-1.4726095211014059,2.62838491620988,False
2021-01-23,Stable_Volatility,Crypto_Volatility,-2.377165827965477,-3.492317916438682,-1.2037816929089726,True
2021-01-24,Stable_Volatility,Crypto_Volatility,0.39366785635578877,-0.6244910088177462,1.3784045793952306,False
2021-01-25,Stable_Volatility,Crypto_Volatility,-0.4857892939150337,-1.0500370346175982,0.05587396258048537,False
2021-01-26,Stable_Volatility,Crypto_Volatility,-0.6006021690063625,-3.454799784090989,2.6832471835021687,False
2021-01-27,Stable_Volatility,Crypto_Volatility,0.5951579144273466,-0.9001699669435218,2.797266910072246,False
2021-01-28,Stable_Volatility,Crypto_Volatility,0.12773236468313687,-1.1242236312726832,1.4576078309443692,False
2021-01-29,Stable_Volatility,Crypto_Volatility,1.0962999242003304,-1.3721270090011708,3.3343847062126706,False
2021-01-30,Stable_Volatility,Crypto_Volatility,-0.856148344462599,-3.3221727797795415,1.6733081094409539,False
2021-01-31,Stable_Volatility,Crypto_Volatility,-0.07338938059949085,-3.8899191583150747,3.621191029386742,False
2021-02-01,Stable_Volatility,Crypto_Volatility,-0.7491655649220713,-1.3465848406168803,-0.09650428146050512,True
2021-02-02,Stable_Volatility,Crypto_Volatility,-0.7602464013792598,-1.8046566652688503,0.11393656355093121,False
2021-02-03,Stable_Volatility,Crypto_Volatility,-0.9837245130658089,-1.898714568019756,-0.030623547962605517,True
2021-02-04,Stable_Volatility,Crypto_Volatility,-1.1668451692123067,-2.2023803091817378,-0.21701145352514822,True
2021-02-05,Stable_Volatility,Crypto_Volatility,0.6141594950893743,-1.5711950714323693,2.5652693845962733,False
2021-02-06,Stable_Volatility,Crypto_Volatility,-0.11114910059628474,-3.4557962599790697,2.6148901991528506,False
2021-02-07,Stable_Volatility,Crypto_Volatility,-1.011193554291046,-2.5513355071209194,0.5863682727006154,False
2021-02-08,Stable_Volatility,Crypto_Volatility,-0.26013296946444103,-1.9373823841249158,1.6692294935000298,False
2021-02-09,Stable_Volatility,Crypto_Volatility,-0.08645744034192454,-0.8945068879382316,0.7306897204583216,False
2021-02-10,Stable_Volatility,Crypto_Volatility,0.8294043717173203,-0.9154468348661391,2.9602338131987382,False
2021-02-11,Stable_Volatility,Crypto_Volatility,2.3264511436245545,0.206398475366261,4.924949360356713,True
2021-02-12,Stable_Volatility,Crypto_Volatility,-0.918010141809889,-3.3062043007630946,1.661415938414243,False
2021-02-13,Stable_Volatility,Crypto_Volatility,0.1564722204546561,-0.7451922973145495,1.0568757215071205,False
2021-02-14,Stable_Volatility,Crypto_Volatility,0.48642999060058306,-0.6156161635129017,1.9953216957073394,False
2021-02-15,Stable_Volatility,Crypto_Volatility,1.8806312683074753,-0.27283644194153817,4.083209806951288,False
2021-02-16,Stable_Volatility,Crypto_Volatility,-0.5208716592835689,-1.4829742236212922,0.4840411770983243,False
2021-02-17,Stable_Volatility,Crypto_Volatility,-0.6586970239700412,-3.0751696420110823,2.00115470427733,False
2021-02-18,Stable_Volatility,Crypto_Volatility,1.3280063175844614,-0.11399197607421373,2.848233402077459,False
2021-02-19,Stable_Volatility,Crypto_Volatility,-1.3390233405376777,-4.666543387658306,1.6178917737906784,False
2021-02-20,Stable_Volatility,Crypto_Volatility,0.5349488034636313,-0.7390493511890531,2.09140340733892,False
2021-02-21,Stable_Volatility,Crypto_Volatility,-0.802187331789955,-1.523726510107914,-0.047609447150557926,True
2021-02-22,Stable_Volatility,Crypto_Volatility,-2.1505267184369075,-3.400809516419521,-0.7461086648779078,True
2021-02-23,Stable_Volatility,Crypto_Volatility,0.29019273487870134,-1.0854513490010427,1.8237951611788958,False
2021-02-24,Stable_Volatility,Crypto_Volatility,-0.42970781120106444,-0.8702016963532277,-0.0023988339148375004,True
2021-02-25,Stable_Volatility,Crypto_Volatility,0.7535063765195313,-0.5484123482468147,1.9172567659409436,False
2021-02-26,Stable_Volatility,Crypto_Volatility,-0.03858591017555662,-0.5438402522009896,0.4658839653426688,False
2021-02-27,Stable_Volatility,Crypto_Volatility,0.18890427326462877,-3.3901904650845767,3.709745821550329,False
2021-02-28,Stable_Volatility,Crypto_Volatility,-1.4807937116518073,-3.8613664215250445,0.9038151161127823,False
2021-03-01,Stable_Volatility,Crypto_Volatility,1.436592672683223,-1.2318644164194086,4.499890181195811,False
2021-03-02,Stable_Volatility,Crypto_Volatility,0.522215811638686,-2.5746944940437593,3.575067836864836,False
2021-03-03,Stable_Volatility,Crypto_Volatility,0.07018354138528397,-1.5966014707732539,1.8815982018749742,False
2021-03-04,Stable_Volatility,Crypto_Volatility,-0.2094007058326558,-2.1384767824557205,2.057202195760117,False
2021-03-05,Stable_Volatility,Crypto_Volatility,-0.8732652895796552,-2.895362614818982,0.9210716690226921,False
2021-03-06,Stable_Volatility,Crypto_Volatility,-0.6715422282239187,-4.1110714495936165,1.9970197345161163,False
2021-03-07,Stable_Volatility,Crypto_Volatility,0.8872575755853829,-0.1962430407018987,2.0809010660237,False
2021-03-08,Stable_Volatility,Crypto_Volatility,-2.0430441229981384,-4.616326852177261,0.09958764908585799,False
2021-03-09,Stable_Volatility,Crypto_Volatility,0.11311092309699604,-3.9350661039027086,3.739218820671439,False
2021-03-10,Stable_Volatility,Crypto_Volatility,-1.1044965413561538,-3.890595747322814,1.4682994282868513,False
2021-03-11,Stable_Volatility,Crypto_Volatility,-0.0023591072659441725,-2.8838661559442222,3.8816167009478404,False
2021-03-12,Stable_Volatility,Crypto_Volatility,0.018596498277365446,-1.520551161102105,1.7361990976435175,False
2021-03-13,Stable_Volatility,Crypto_Volatility,0.28176969819987574,-1.3465742407527412,2.1815761420468593,False
2021-03-14,Stable_Volatility,Crypto_Volatility,-0.7756506564941591,-4.838098534933783,2.966565874290832,False
2021-03-15,Stable_Volatility,Crypto_Volatility,-1.0152085389107697,-2.056908774307293,-0.0416613780758891,True
2021-03-16,Stable_Volatility,Crypto_Volatility,-0.1635269122322569,-3.930185435144577,3.247473064706319,False
2021-03-17,Stable_Volatility,Crypto_Volatility,-0.2268180395333735,-0.9182067324741777,0.49204163989517063,False
2021-03-18,Stable_Volatility,Crypto_Volatility,-0.6260053794187095,-1.9583125308352098,0.9839127225694657,False
2021-03-19,Stable_Volatility,Crypto_Volatility,0.04273340453024239,-2.1477163564649504,2.34042407554474,False
2021-03-20,Stable_Volatility,Crypto_Volatility,-0.00819509740286723,-0.7413091730977401,0.7319369359300907,False
2021-03-21,Stable_Volatility,Crypto_Volatility,0.03162485571184534,-2.7452674838033078,3.4014031218656973,False
2021-03-22,Stable_Volatility,Crypto_Volatility,1.391245457882156,-0.08336959741652977,2.9832114478921916,False
2021-03-23,Stable_Volatility,Crypto_Volatility,-1.6468223637908792,-3.8152184405538865,0.8459595101640395,False
2021-03-24,Stable_Volatility,Crypto_Volatility,-2.174179912997778,-5.293498321140701,0.6183941465221269,False
2021-03-25,Stable_Volatility,Crypto_Volatility,-1.4649115766736611,-4.229374808507905,1.4127190193059724,False
2021-03-26,Stable_Volatility,Crypto_Volatility,-1.2654619393824216,-4.0280849306360045,1.0027515808634062,False
2021-03-27,Stable_Volatility,Crypto_Volatility,-0.39017230696138583,-1.4164225089591524,0.5462172439382349,False
2021-03-28,Stable_Volatility,Crypto_Volatility,0.7529094827109908,-0.801674478936395,2.2316434294465433,False
2021-03-29,Stable_Volatility,Crypto_Volatility,-0.5227254569454963,-2.4935352069162557,1.4480248129561626,False
2021-03-30,Stable_Volatility,Crypto_Volatility,-0.020506231873246607,-2.926172898652026,2.524363679683634,False
2021-03-31,Stable_Volatility,Crypto_Volatility,0.8607508240834043,-0.9487567935740986,2.4814398073084756,False
2021-04-01,Stable_Volatility,Crypto_Volatility,-0.7092266536793033,-1.71560346093261,0.6187958351510738,False
2021-04-02,Stable_Volatility,Crypto_Volatility,-0.503578599580441,-3.3507300801599786,2.0555093719974638,False
2021-04-03,Stable_Volatility,Crypto_Volatility,-0.0378729714188084,-0.9381622020994158,0.8770493150601943,False
2021-04-04,Stable_Volatility,Crypto_Volatility,-0.5433986518636283,-2.4613922681013354,1.6338014721339902,False
2021-04-05,Stable_Volatility,Crypto_Volatility,-1.2193348473507162,-4.310737150619967,1.9049770128450714,False
2021-04-06,Stable_Volatility,Crypto_Volatility,-0.4627190078463726,-1.8024171729322385,0.9957033976598867,False
2021-04-07,Stable_Volatility,Crypto_Volatility,0.7274239655861051,-2.595387100153827,4.551385228587467,False
2021-04-08,Stable_Volatility,Crypto_Volatility,-1.5776616221625945,-5.535524842792664,1.9235560733677244,False
2021-04-09,Stable_Volatility,Crypto_Volatility,0.006980087120382742,-3.518417760908787,4.315771098628933,False
2021-04-10,Stable_Volatility,Crypto_Volatility,-0.7896523534643342,-1.5485166507447943,-0.0139393549872419,True
2021-04-11,Stable_Volatility,Crypto_Volatility,-1.036145623275866,-2.6384782711886876,0.7403799013032442,False
2021-04-12,Stable_Volatility,Crypto_Volatility,0.5102803871616693,-2.760399870188066,4.297626312874819,False
2021-04-13,Stable_Volatility,Crypto_Volatility,-0.19207758847669915,-4.104052378250692,3.447709061887272,False
2021-04-14,Stable_Volatility,Crypto_Volatility,0.3231311638741748,-1.099102253236112,2.2153029567425326,False
2021-04-15,Stable_Volatility,Crypto_Volatility,-1.3909833728117342,-3.064716203597891,0.20179427497344618,False
2021-04-16,Stable_Volatility,Crypto_Volatility,-1.404837895875791,-4.134818478141277,2.19447268868588,False
2021-04-17,Stable_Volatility,Crypto_Volatility,0.42833546368219394,-1.3197360988015006,1.904514329673906,False
2021-04-18,Stable_Volatility,Crypto_Volatility,2.130158240917193,0.7158635647386713,3.2129180702601383,True
2021-04-19,Stable_Volatility,Crypto_Volatility,-0.6124624363189571,-1.4305578902386618,0.3507907942311409,False
2021-04-20,Stable_Volatility,Crypto_Volatility,0.36149125149507094,-1.1666076183694765,1.7000021712436864,False
2021-04-21,Stable_Volatility,Crypto_Volatility,1.2951514342130859,-0.46427540847080956,3.5617025781350966,False
2021-04-22,Stable_Volatility,Crypto_Volatility,-1.6082025401495705,-3.819229156688131,0.6736027906799611,False
2021-04-23,Stable_Volatility,Crypto_Volatility,0.02166516305449643,-2.7911267260092067,3.385596810847386,False
2021-04-24,Stable_Volatility,Crypto_Volatility,-1.7797268276381883,-3.0828913678583016,-0.5121895695266925,True
2021-04-25,Stable_Volatility,Crypto_Volatility,-0.3659277270973063,-1.2493520417425272,0.4410640355486007,False
2021-04-26,Stable_Volatility,Crypto_Volatility,-0.32592864249699327,-3.4505386745230484,2.760854129545585,False
2021-04-27,Stable_Volatility,Crypto_Volatility,-0.5658950434519305,-1.9790875131623513,0.8271764925330618,False
2021-04-28,Stable_Volatility,Crypto_Volatility,-0.1619667460012212,-0.774383781652163,0.38944471363970135,False
2021-04-29,Stable_Volatility,Crypto_Volatility,0.4201645503866371,-1.2367429929677876,2.4802083142321227,False
2021-04-30,Stable_Volatility,Crypto_Volatility,-0.2162372158047833,-2.5401790133402873,1.5852914321908262,False
2021-05-01,Stable_Volatility,Crypto_Volatility,-0.5213621773528566,-1.569055803132775,0.5970487923931544,False
2021-05-02,Stable_Volatility,Crypto_Volatility,0.1181651983622872,-2.2333366098021132,2.1917339879630253,False
2021-05-03,Stable_Volatility,Crypto_Volatility,-0.37231467687605163,-0.9098966736859204,0.21521233778783883,False
2021-05-04,Stable_Volatility,Crypto_Volatility,-0.3300345934067876,-3.9551082423196577,3.019704486952388,False
2021-05-05,Stable_Volatility,Crypto_Volatility,-0.2303049973795066,-1.074172777688868,0.6675012517804748,False
2021-05-06,Stable_Volatility,Crypto_Volatility,0.14625779659192906,-0.527293056194462,0.8645781785032595,False
2021-05-07,Stable_Volatility,Crypto_Volatility,-0.043342327730830854,-2.1647839381601433,2.1633128215728354,False
2021-05-08,Stable_Volatility,Crypto_Volatility,0.3057783048178992,-1.3626812552682788,1.4797737130810096,False
2021-05-09,Stable_Volatility,Crypto_Volatility,-0.015014923775390671,-3.9192591645485346,3.6865733011591564,False
2021-05-10,Stable_Volatility,Crypto_Volatility,2.1058536788339435,-1.1979717172909157,5.148241230456465,False
2021-05-11,Stable_Volatility,Crypto_Volatility,-1.0159393613272538,-1.8043551827494326,-0.34018567668032995,True
2021-05-12,Stable_Volatility,Crypto_Volatility,-1.651963357915347,-3.58489301751107,0.42000966676389817,False
2021-05-13,Stable_Volatility,Crypto_Volatility,-0.4938243039032362,-2.254276968805216,1.5603408814682913,False
2021-05-14,Stable_Volatility,Crypto_Volatility,-0.577300244549287,-1.1370804183195404,-0.009678729405524222,True
2021-05-15,Stable_Volatility,Crypto_Volatility,-0.09326014854859789,-3.7149587326221916,3.166812727945576,False
2021-05-16,Stable_Volatility,Crypto_Volatility,-0.9149753566804425,-1.8178912206105688,0.14638149206969675,False
2021-05-17,Stable_Volatility,Crypto_Volatility,-0.46976537386816836,-1.4959745180124568,0.6341415966749098,False
2021-05-18,Stable_Volatility,Crypto_Volatility,-0.3313446320882684,-1.1705667709930858,0.4471852534050741,False
2021-05-19,Stable_Volatility,Crypto_Volatility,-3.4634238535842536,-5.1860979199955075,-1.6286775234820243,True
2021-05-20,Stable_Volatility,Crypto_Volatility,-0.5138475298475738,-1.3410042714286,0.5620217603931922,False
2021-05-21,Stable_Volatility,Crypto_Volatility,0.06376832023479023,-0.9924438829091444,1.0444505146132277,False
2021-05-22,Stable_Volatility,Crypto_Volatility,0.8650167608579521,0.37075022608427144,1.3893120918878212,True
2021-05-23,Stable_Volatility,Crypto_Volatility,-0.8952237801830272,-1.4392090521684369,-0.3210643621157102,True
2021-05-24,Stable_Volatility,Crypto_Volatility,-0.15279325052198975,-3.3375143693073315,3.9221356357316046,False
2021-05-25,Stable_Volatility,Crypto_Volatility,-0.11757317535868986,-1.172324524609588,0.8776426561582056,False
2021-05-26,Stable_Volatility,Crypto_Volatility,0.6002199337033592,-0.23666590998344358,1.2546208304078645,False
2021-05-27,Stable_Volatility,Crypto_Volatility,-0.10668078483745096,-0.7746297745612566,0.4929914857487184,False
2021-05-28,Stable_Volatility,Crypto_Volatility,-1.16414029121417,-3.6375905335081264,1.8111594046567294,False
2021-05-29,Stable_Volatility,Crypto_Volatility,0.2652133244763742,-1.1721129625151523,1.7881509899166845,False
2021-05-30,Stable_Volatility,Crypto_Volatility,-0.5488355024973177,-2.5997956027494133,1.0698354643373713,False
2021-05-31,Stable_Volatility,Crypto_Volatility,-0.17610454950970772,-2.8843198108862844,2.1840193089081903,False
2021-06-01,Stable_Volatility,Crypto_Volatility,1.9684127056708887,-0.9969031126337233,4.5993682644247045,False
2021-06-02,Stable_Volatility,Crypto_Volatility,-0.39551258063801514,-1.6216297454619788,0.9230692856542366,False
2021-06-03,Stable_Volatility,Crypto_Volatility,0.5509483659510238,-0.426165078191592,1.3659287607029071,False
2021-06-04,Stable_Volatility,Crypto_Volatility,-2.077419937653939,-4.801760740687613,0.49287557415566385,False
2021-06-05,Stable_Volatility,Crypto_Volatility,-0.13555360563689164,-1.268267056154544,1.0966549554059692,False
2021-06-06,Stable_Volatility,Crypto_Volatility,-1.3852719962758426,-2.032461626727794,-0.561087469694408,True
2021-06-07,Stable_Volatility,Crypto_Volatility,-1.4122024730263387,-2.5100238847377154,-0.5442779848220555,True
2021-06-08,Stable_Volatility,Crypto_Volatility,0.505875076670923,-2.8179774096400463,3.29403397439141,False
2021-06-09,Stable_Volatility,Crypto_Volatility,-0.1095974095791025,-0.6595581893225352,0.47580594203110105,False
2021-06-10,Stable_Volatility,Crypto_Volatility,1.209920688333709,-0.6470863208786488,2.814933305831177,False
2021-06-11,Stable_Volatility,Crypto_Volatility,0.47535267286982325,-0.31159734885659757,1.3848356803328021,False
2021-06-12,Stable_Volatility,Crypto_Volatility,-0.40571709670121675,-1.339363768923795,0.4927313128799967,False
2021-06-13,Stable_Volatility,Crypto_Volatility,1.1224203353450906,-2.0011976381327297,4.600241324052504,False
2021-06-14,Stable_Volatility,Crypto_Volatility,-1.1084428748847672,-2.2576375554730674,0.22129847333243338,False
2021-06-15,Stable_Volatility,Crypto_Volatility,0.4567400152341544,-0.9158287150596831,1.5893056695298364,False
2021-06-16,Stable_Volatility,Crypto_Volatility,0.09468240760395398,-0.649855301880912,0.8683881665849831,False
2021-06-17,Stable_Volatility,Crypto_Volatility,0.6805111105253058,-2.675059139709835,3.3342197411274386,False
2021-06-18,Stable_Volatility,Crypto_Volatility,-1.2395033401992452,-4.068420800717357,1.4693809282899277,False
2021-06-19,Stable_Volatility,Crypto_Volatility,-1.0059379789680967,-2.1844806790857074,0.26554840274159885,False
2021-06-20,Stable_Volatility,Crypto_Volatility,2.3155613260239516,-0.42381103345741666,4.802816408625878,False
2021-06-21,Stable_Volatility,Crypto_Volatility,0.3893049476019063,-2.0408360045984963,2.9120613926382264,False
2021-06-22,Stable_Volatility,Crypto_Volatility,0.640797848588138,0.11193575314781633,1.2515165083198059,True
2021-06-23,Stable_Volatility,Crypto_Volatility,-0.7029962930648941,-1.6861171440448075,0.29913547495799747,False
2021-06-24,Stable_Volatility,Crypto_Volatility,-1.3596556692581865,-3.6625967102790256,1.3494746435066158,False
2021-06-25,Stable_Volatility,Crypto_Volatility,-0.19330393068942175,-1.3666846162175466,1.1265898629799687,False
2021-06-26,Stable_Volatility,Crypto_Volatility,0.503839319771656,-0.769218090241836,1.7250420230303087,False
2021-06-27,Stable_Volatility,Crypto_Volatility,-1.129269231962863,-3.3387023711921757,1.2371696245703994,False
2021-06-28,Stable_Volatility,Crypto_Volatility,0.398014089530029,-1.3051335624855587,1.8810637120637699,False
2021-06-29,Stable_Volatility,Crypto_Volatility,-0.45355711073320004,-0.9406865706682739,0.2691840882053275,False
2021-06-30,Stable_Volatility,Crypto_Volatility,0.05854810336835827,-1.4515200010329368,1.8848965259692823,False
2021-07-01,Stable_Volatility,Crypto_Volatility,-0.306802504220259,-1.47860143741259,0.9466973596078507,False
2021-07-02,Stable_Volatility,Crypto_Volatility,-0.48993861672349764,-1.3265029183072425,0.15926593731743177,False
2021-07-03,Stable_Volatility,Crypto_Volatility,0.011761220787217563,-0.8869058907609495,0.9783396713284351,False
2021-07-04,Stable_Volatility,Crypto_Volatility,-0.6410971892432853,-1.7439524837104174,0.5971401118594026,False
2021-07-05,Stable_Volatility,Crypto_Volatility,-0.013355437667361214,-3.6161434921433413,3.75773017105983,False
2021-07-06,Stable_Volatility,Crypto_Volatility,1.1256494201509084,-0.5147821359794531,2.926856157763497,False
2021-07-07,Stable_Volatility,Crypto_Volatility,-0.014108466270207818,-1.1949702646399565,1.157403717796083,False
2021-07-08,Stable_Volatility,Crypto_Volatility,-1.3389441504612032,-4.483429478401965,1.695563359400568,False
2021-07-09,Stable_Volatility,Crypto_Volatility,0.03612676780121015,-1.2211808147668157,1.2399006654382545,False
2021-07-10,Stable_Volatility,Crypto_Volatility,1.4885522436129912,-1.0482493032968787,4.803297456787497,False
2021-07-11,Stable_Volatility,Crypto_Volatility,0.09968241626799569,-0.7903190369009453,0.9840724875682523,False
2021-07-12,Stable_Volatility,Crypto_Volatility,-0.897145448229168,-5.255207855675477,3.089468449694823,False
2021-07-13,Stable_Volatility,Crypto_Volatility,-1.0826663061455577,-2.357842225979339,-0.05426505002782536,True
2021-07-14,Stable_Volatility,Crypto_Volatility,-1.6869821121860458,-3.7746685125708592,1.0106100835733047,False
2021-07-15,Stable_Volatility,Crypto_Volatility,-0.12173453966382086,-4.15177552556027,3.8118159517372017,False
2021-07-16,Stable_Volatility,Crypto_Volatility,-0.5652490552433126,-1.9971538624826932,0.8735867690614627,False
2021-07-17,Stable_Volatility,Crypto_Volatility,1.3617408547727212,-0.679038945927839,3.4609720054597863,False
2021-07-18,Stable_Volatility,Crypto_Volatility,-0.5757797242046714,-2.7085105080016487,1.9938690242595096,False
2021-07-19,Stable_Volatility,Crypto_Volatility,0.12752865822129114,-3.9222811148916072,4.243924984291855,False
2021-07-20,Stable_Volatility,Crypto_Volatility,-0.8117761514212773,-4.650057248130765,3.2762963869651296,False
2021-07-21,Stable_Volatility,Crypto_Volatility,1.1146377647227952,-1.4331289681927504,3.426811036609407,False
2021-07-22,Stable_Volatility,Crypto_Volatility,-1.1022116046735169,-1.6834605837671406,-0.3953693652592627,True
2021-07-23,Stable_Volatility,Crypto_Volatility,-0.4689734555457077,-2.3626082582140944,1.4861266464069525,False
2021-07-24,Stable_Volatility,Crypto_Volatility,0.48971776323912736,-0.4813949037911608,1.3472772359332554,False
2021-07-25,Stable_Volatility,Crypto_Volatility,0.13278031813263091,-2.992524179466871,3.062376545544417,False
2021-07-26,Stable_Volatility,Crypto_Volatility,-2.783265060308141,-4.5650748985922895,-1.3546390275844056,True
2021-07-27,Stable_Volatility,Crypto_Volatility,-0.44150284393489714,-1.3156947183715622,0.3136479743402288,False
2021-07-28,Stable_Volatility,Crypto_Volatility,-0.3635016417317769,-1.6504836659033275,0.742806048658726,False
2021-07-29,Stable_Volatility,Crypto_Volatility,0.08731673830388541,-0.7171382763581946,0.6509367133516917,False
2021-07-30,Stable_Volatility,Crypto_Volatility,-1.0966527217973903,-3.174944966652622,0.6230133286003019,False
2021-07-31,Stable_Volatility,Crypto_Volatility,-1.9455809318991917,-4.6952146092542515,1.3808848269369527,False
2021-08-01,Stable_Volatility,Crypto_Volatility,-1.2747965006833117,-2.7318795437549452,0.02927205430628066,False
2021-08-02,Stable_Volatility,Crypto_Volatility,0.9119823442565276,-1.8823672904100301,3.4460457567597875,False
2021-08-03,Stable_Volatility,Crypto_Volatility,0.3439517022844896,-1.4327016228113085,2.241566972487477,False
2021-08-04,Stable_Volatility,Crypto_Volatility,-0.3903994274605712,-2.075922389804767,1.4531262799198572,False
2021-08-05,Stable_Volatility,Crypto_Volatility,-0.4315394875511591,-4.368682850400553,3.566112708276529,False
2021-08-06,Stable_Volatility,Crypto_Volatility,-0.5657625254805109,-1.7948245149555344,0.6070109831679822,False
2021-08-07,Stable_Volatility,Crypto_Volatility,-0.4903933547275979,-1.9253329351049222,0.6366943157339092,False
2021-08-08,Stable_Volatility,Crypto_Volatility,-0.990174490469988,-3.290222696946927,0.9102198960904491,False
2021-08-09,Stable_Volatility,Crypto_Volatility,-0.5180824121669123,-1.723126455712078,0.6930520561758302,False
2021-08-10,Stable_Volatility,Crypto_Volatility,-0.775637443630409,-4.495783397828392,1.8832418289568658,False
2021-08-11,Stable_Volatility,Crypto_Volatility,0.459362508049777,-2.291493868075514,3.4638622375063197,False
2021-08-12,Stable_Volatility,Crypto_Volatility,-0.29071038480967165,-1.2976263164224995,0.7057308890506956,False
2021-08-13,Stable_Volatility,Crypto_Volatility,-0.8732978293657522,-4.531156938278018,2.389099063368792,False
2021-08-14,Stable_Volatility,Crypto_Volatility,-0.08694682532702065,-1.6019755865509724,1.6691692543394399,False
2021-08-15,Stable_Volatility,Crypto_Volatility,0.13652468970036513,-2.624928514605529,3.3271777284022743,False
2021-08-16,Stable_Volatility,Crypto_Volatility,0.11419368984444266,-3.0364138430849543,3.0247873220694057,False
2021-08-17,Stable_Volatility,Crypto_Volatility,-0.5388922240352042,-2.0559328161109347,1.340763695423035,False
2021-08-18,Stable_Volatility,Crypto_Volatility,0.4316158366305799,-3.37390551065183,3.907649029621603,False
2021-08-19,Stable_Volatility,Crypto_Volatility,0.19360509120430178,-3.2568309153077584,4.196006599591238,False
2021-08-20,Stable_Volatility,Crypto_Volatility,-1.470380573181192,-3.9258139860239516,1.872341591645791,False
2021-08-21,Stable_Volatility,Crypto_Volatility,-0.7815245658910475,-3.1798910861446514,2.214113042626012,False
2021-08-22,Stable_Volatility,Crypto_Volatility,-0.3040427868988904,-1.5482712149791606,0.7870858439338719,False
2021-08-23,Stable_Volatility,Crypto_Volatility,-0.4265481268208909,-2.5868906561614433,1.3118569674377878,False
2021-08-24,Stable_Volatility,Crypto_Volatility,-0.05629295125621145,-1.7169060429412157,1.7376178552290735,False
2021-08-25,Stable_Volatility,Crypto_Volatility,-0.38409041154226287,-3.3964861124004084,1.946877092558358,False
2021-08-26,Stable_Volatility,Crypto_Volatility,-0.9035958542868074,-4.410736174972673,2.5681344024263466,False
2021-08-27,Stable_Volatility,Crypto_Volatility,-0.08973564552597989,-3.774248103558058,3.501524584980473,False
2021-08-28,Stable_Volatility,Crypto_Volatility,-1.5727254691906822,-5.1813688261586694,2.5078636154267184,False
2021-08-29,Stable_Volatility,Crypto_Volatility,-0.6933232405457724,-1.6920456111884485,0.288951228921899,False
2021-08-30,Stable_Volatility,Crypto_Volatility,0.14236291263860415,-2.9776569751285753,3.8997218283094655,False
2021-08-31,Stable_Volatility,Crypto_Volatility,0.9614101731416966,-0.7163385505413697,3.07846146513251,False
2021-09-01,Stable_Volatility,Crypto_Volatility,0.06541493486990359,-3.4489221964532124,3.620279498762048,False
2021-09-02,Stable_Volatility,Crypto_Volatility,-0.6227742927566424,-2.206510273035782,0.7725119232787664,False
2021-09-03,Stable_Volatility,Crypto_Volatility,-0.5856307393611981,-3.9201541406144713,2.2116024294155583,False
2021-09-04,Stable_Volatility,Crypto_Volatility,-1.089277012710423,-4.324999648486357,2.2715979828095634,False
2021-09-05,Stable_Volatility,Crypto_Volatility,-0.4520074415480756,-3.289766897792257,2.2762727324236383,False
2021-09-06,Stable_Volatility,Crypto_Volatility,0.06052469272590767,-1.1603355820082828,1.0994726874393177,False
2021-09-07,Stable_Volatility,Crypto_Volatility,0.32568948384326357,-3.5003805551316356,4.076719068855424,False
2021-09-08,Stable_Volatility,Crypto_Volatility,-0.5850751435835829,-1.4365492286150783,0.14421309089306103,False
2021-09-09,Stable_Volatility,Crypto_Volatility,-0.8857579436282272,-2.6912351416016564,0.6589378200359777,False
2021-09-10,Stable_Volatility,Crypto_Volatility,-0.6689428382889088,-1.4844002182156304,0.29052651431003673,False
2021-09-11,Stable_Volatility,Crypto_Volatility,-1.0334631201047813,-4.506397344969766,2.429085803092672,False
2021-09-12,Stable_Volatility,Crypto_Volatility,-0.440600909713948,-2.1668861805098025,1.6213058785786085,False
2021-09-13,Stable_Volatility,Crypto_Volatility,-0.9416078238897161,-3.7530413606468933,1.0923422234467495,False
2021-09-14,Stable_Volatility,Crypto_Volatility,-0.8345350043627144,-1.5159436749389967,-0.04958680506374062,True
2021-09-15,Stable_Volatility,Crypto_Volatility,-0.8792690197431844,-3.587329676802329,1.5868073305123809,False
2021-09-16,Stable_Volatility,Crypto_Volatility,0.02961376352107353,-0.6821503572517089,0.776568917938105,False
2021-09-17,Stable_Volatility,Crypto_Volatility,-0.09306654077521906,-3.490345781658289,2.494785995987224,False
2021-09-18,Stable_Volatility,Crypto_Volatility,-0.16492492549357476,-3.46606239267863,3.855889453431643,False
2021-09-19,Stable_Volatility,Crypto_Volatility,-0.027483538791432095,-3.7284743059524477,3.5001141408838743,False
2021-09-20,Stable_Volatility,Crypto_Volatility,1.4845408751258606,-2.3119714972225887,4.7722774769387195,False
2021-09-21,Stable_Volatility,Crypto_Volatility,0.13528245597554656,-1.1878448495267686,1.2603674616994807,False
2021-09-22,Stable_Volatility,Crypto_Volatility,-0.4611327926219959,-1.659645981298735,0.5610330149538292,False
2021-09-23,Stable_Volatility,Crypto_Volatility,1.1423868538538429,-1.4052526794467546,3.4576480760748627,False
2021-09-24,Stable_Volatility,Crypto_Volatility,-1.6701051806794138,-2.974567876427613,-0.3374266388895182,True
2021-09-25,Stable_Volatility,Crypto_Volatility,-1.6483642467874335,-3.5738386691822526,0.4981245499106506,False
2021-09-26,Stable_Volatility,Crypto_Volatility,0.11576907112622617,-3.2785611618197983,4.061582258076724,False
2021-09-27,Stable_Volatility,Crypto_Volatility,0.038420759679299345,-3.220924005781735,3.6299672032633596,False
2021-09-28,Stable_Volatility,Crypto_Volatility,-0.5785666099428339,-3.086266466107469,2.3352986879902744,False
2021-09-29,Stable_Volatility,Crypto_Volatility,-0.5224074883058922,-1.4638361864925202,0.5411221050810995,False
2021-09-30,Stable_Volatility,Crypto_Volatility,-0.9028096891183288,-4.19466743396904,2.349650169183265,False
2021-10-01,Stable_Volatility,Crypto_Volatility,1.604049260117306,-0.8343811712226086,4.073220210578972,False
2021-10-02,Stable_Volatility,Crypto_Volatility,-1.2748030895880813,-3.29011999060226,0.6411416288182213,False
2021-10-03,Stable_Volatility,Crypto_Volatility,0.12322376567913042,-1.5806724411676814,1.536674562809833,False
2021-10-04,Stable_Volatility,Crypto_Volatility,-0.21708236196344577,-1.9576596801819819,1.504485559684255,False
2021-10-05,Stable_Volatility,Crypto_Volatility,-0.8427032949070634,-2.5304529471324817,0.5862364895087052,False
2021-10-06,Stable_Volatility,Crypto_Volatility,-2.2154754906485783,-4.433885940853859,0.09904469355901592,False
2021-10-07,Stable_Volatility,Crypto_Volatility,-1.3702629036074863,-3.841912788166164,1.671754016844641,False
2021-10-08,Stable_Volatility,Crypto_Volatility,-0.3797705908289306,-3.053389375130326,1.7477935937136113,False
2021-10-09,Stable_Volatility,Crypto_Volatility,0.21241025909178485,-1.2107083724975878,1.8470496614015963,False
2021-10-10,Stable_Volatility,Crypto_Volatility,-0.44227058832571875,-1.9306465611301538,1.3901951094360139,False
2021-10-11,Stable_Volatility,Crypto_Volatility,0.6773069968564103,-1.5016784578392173,3.028983454869759,False
2021-10-12,Stable_Volatility,Crypto_Volatility,0.3611466424148507,-1.043193361151761,1.9021410979099658,False
2021-10-13,Stable_Volatility,Crypto_Volatility,-0.25199564235353406,-3.1042741589233365,2.375821843867148,False
2021-10-14,Stable_Volatility,Crypto_Volatility,-1.2416329382551143,-3.842146309663292,1.2694523079449533,False
2021-10-15,Stable_Volatility,Crypto_Volatility,-0.998220589118949,-3.0882490296934466,1.142039477826107,False
2021-10-16,Stable_Volatility,Crypto_Volatility,0.0900187263165394,-4.077406343188803,3.884037862094252,False
2021-10-17,Stable_Volatility,Crypto_Volatility,-0.1085661080071359,-3.8384483756968732,3.4351340716294794,False
2021-10-18,Stable_Volatility,Crypto_Volatility,0.5480903469866927,-2.7399552295608753,3.9926758439553067,False
2021-10-19,Stable_Volatility,Crypto_Volatility,0.7670393849862799,-2.5001008950091985,3.712779791057258,False
2021-10-20,Stable_Volatility,Crypto_Volatility,-1.4458810474889328,-3.0712696034837785,0.0421835996352248,False
2021-10-21,Stable_Volatility,Crypto_Volatility,0.7081738264666088,-1.5424717325109005,3.004654995881153,False
2021-10-22,Stable_Volatility,Crypto_Volatility,-0.23911598507431137,-1.3512392200926324,1.061152886003943,False
2021-10-23,Stable_Volatility,Crypto_Volatility,2.088212315848441,-1.3372660015458693,5.483012088718962,False
2021-10-24,Stable_Volatility,Crypto_Volatility,-0.6202027703407054,-1.9295137369153936,0.39782195394853426,False
2021-10-25,Stable_Volatility,Crypto_Volatility,0.823448333680627,-2.0872042063229417,3.741784978761877,False
2021-10-26,Stable_Volatility,Crypto_Volatility,0.7456523621684751,-1.1342254405219667,2.5071974076889125,False
2021-10-27,Stable_Volatility,Crypto_Volatility,1.7420932997370597,-0.08261920878963049,3.4701966914610916,False
2021-10-28,Stable_Volatility,Crypto_Volatility,-0.2871388401990395,-2.087985212962286,1.6085542104623605,False
2021-10-29,Stable_Volatility,Crypto_Volatility,-1.4943811605217812,-4.428996648565922,1.67984589429466,False
2021-10-30,Stable_Volatility,Crypto_Volatility,0.19793637842146733,-3.3584380042740882,3.898945649775026,False
2021-10-31,Stable_Volatility,Crypto_Volatility,-0.33974926857799986,-1.0504332384952264,0.38612570927421996,False
2021-11-01,Stable_Volatility,Crypto_Volatility,-0.20069373490822096,-2.3446553059500745,2.0303564611474685,False
2021-11-02,Stable_Volatility,Crypto_Volatility,-0.22409456464651206,-1.1789904389937513,0.5716414134254999,False
2021-11-03,Stable_Volatility,Crypto_Volatility,0.12832665471947752,-1.44981235685072,1.785144480571058,False
2021-11-04,Stable_Volatility,Crypto_Volatility,-0.11282655932233375,-3.3875197611311956,3.4075955988325655,False
2021-11-05,Stable_Volatility,Crypto_Volatility,0.3808905308096681,-1.5085345607482643,2.618705107465596,False
2021-11-06,Stable_Volatility,Crypto_Volatility,-0.29962858359320277,-2.6265378892423543,1.7517940759184827,False
2021-11-07,Stable_Volatility,Crypto_Volatility,0.5867353136382338,-1.9141395497700575,3.1242092529706884,False
2021-11-08,Stable_Volatility,Crypto_Volatility,-0.051572245227117675,-2.9049185663508656,3.155334936917127,False
2021-11-09,Stable_Volatility,Crypto_Volatility,-0.15372117684406067,-3.763034931796464,3.2067708099689827,False
2021-11-10,Stable_Volatility,Crypto_Volatility,-2.695607773431724,-3.913375296137775,-0.8323821013645282,True
2021-11-11,Stable_Volatility,Crypto_Volatility,-1.0129776629245257,-1.881078808838467,-0.12947412647526704,True
2021-11-12,Stable_Volatility,Crypto_Volatility,0.7921616044667862,-1.70675275002016,2.7740993575098707,False
2021-11-13,Stable_Volatility,Crypto_Volatility,0.9643176905069696,-0.21926196181394625,2.2673939212540484,False
2021-11-14,Stable_Volatility,Crypto_Volatility,-0.22036238870300454,-3.330580349094724,2.579605451782518,False
2021-11-15,Stable_Volatility,Crypto_Volatility,-0.5493463637835784,-2.056897112608379,1.0381912835754064,False
2021-11-16,Stable_Volatility,Crypto_Volatility,1.9757078747166994,-1.1279590925821834,4.959401526829777,False
2021-11-17,Stable_Volatility,Crypto_Volatility,-0.9298667803420223,-2.408544243721936,0.5766917102802533,False
2021-11-18,Stable_Volatility,Crypto_Volatility,0.9069802375931498,-0.2536411674401427,2.1886343399989987,False
2021-11-19,Stable_Volatility,Crypto_Volatility,-0.7844224266518878,-3.19890293105306,1.5098836625825438,False
2021-11-20,Stable_Volatility,Crypto_Volatility,0.14411223972396678,-3.9093638292647137,3.46566302294589,False
2021-11-21,Stable_Volatility,Crypto_Volatility,1.0936695754407941,-0.1350802703899889,2.3877885146258535,False
2021-11-22,Stable_Volatility,Crypto_Volatility,-0.8404850954716678,-1.5545974538407403,0.0683381259724311,False
2021-11-23,Stable_Volatility,Crypto_Volatility,0.012756801625982543,-3.600731859726442,3.4504083765190106,False
2021-11-24,Stable_Volatility,Crypto_Volatility,-0.29510048540977274,-1.444505925000589,1.196070473412937,False
2021-11-25,Stable_Volatility,Crypto_Volatility,-0.4935066982055965,-3.117895092584673,2.814185618555843,False
2021-11-26,Stable_Volatility,Crypto_Volatility,-1.2903893787697245,-4.794709570444729,2.125254902124851,False
2021-11-27,Stable_Volatility,Crypto_Volatility,-1.0793770697666087,-2.096445052491613,-0.008964538355343776,True
2021-11-28,Stable_Volatility,Crypto_Volatility,1.0885396556039852,-2.387187512937645,4.222397540060772,False
2021-11-29,Stable_Volatility,Crypto_Volatility,1.5436373180274519,-0.23590410712636056,3.309169425127368,False
2021-11-30,Stable_Volatility,Crypto_Volatility,-1.411960706093008,-4.872983025387947,1.8342176277898345,False
2021-12-01,Stable_Volatility,Crypto_Volatility,-0.4482711241774537,-3.8246483650801677,3.210227634016797,False
2021-12-02,Stable_Volatility,Crypto_Volatility,-0.8964118100707007,-2.9956213278294266,1.4533457140758954,False
2021-12-03,Stable_Volatility,Crypto_Volatility,-1.0381995567200106,-1.7481780144066723,-0.19814619149077606,True
2021-12-04,Stable_Volatility,Crypto_Volatility,1.8119484543391289,-1.3184316699057084,4.736354398791979,False
2021-12-05,Stable_Volatility,Crypto_Volatility,-0.6285084332595905,-1.1415929022229512,-0.1678314474001119,True
2021-12-06,Stable_Volatility,Crypto_Volatility,0.3082523438974371,-3.2915575237255577,4.223421374093797,False
2021-12-07,Stable_Volatility,Crypto_Volatility,1.4949956061023357,0.02465786950206532,2.810216890118178,True
2021-12-08,Stable_Volatility,Crypto_Volatility,-0.7755412113594312,-2.6771861208985355,1.2937366562325985,False
2021-12-09,Stable_Volatility,Crypto_Volatility,-0.5430871193457357,-2.4639378458232866,1.5965926693215582,False
2021-12-10,Stable_Volatility,Crypto_Volatility,-0.23823536104424037,-1.8182549780396386,1.2109122125101157,False
2021-12-11,Stable_Volatility,Crypto_Volatility,-0.23917216007864833,-3.8784741546830634,3.2113503915320134,False
2021-12-12,Stable_Volatility,Crypto_Volatility,0.22631946262760927,-1.1838238257442577,1.477034717315215,False
2021-12-13,Stable_Volatility,Crypto_Volatility,-1.2775103633813074,-3.2316667545851474,0.13646795105996298,False
2021-12-14,Stable_Volatility,Crypto_Volatility,-1.0524578297155478,-2.3297317786664538,0.5240368375249286,False
2021-12-15,Stable_Volatility,Crypto_Volatility,-0.575132778847872,-4.187518467482034,3.341617013144685,False
2021-12-16,Stable_Volatility,Crypto_Volatility,0.24061407656794717,-3.697554270268995,4.337856501202378,False
2021-12-17,Stable_Volatility,Crypto_Volatility,-1.0906542987693384,-3.783082640123088,1.1432235225683405,False
2021-12-18,Stable_Volatility,Crypto_Volatility,-0.17433855607206905,-3.688661682883872,3.318912243805147,False
2021-12-19,Stable_Volatility,Crypto_Volatility,-0.5161461738493514,-2.41360768863749,1.1271002285058966,False
2021-12-20,Stable_Volatility,Crypto_Volatility,-0.6735987184642569,-1.8236675712467367,0.3105827396200731,False
2021-12-21,Stable_Volatility,Crypto_Volatility,-0.5628143253623319,-3.3272035750227587,2.553412434196745,False
2021-12-22,Stable_Volatility,Crypto_Volatility,-0.5364891965878924,-1.9615625489626831,0.7646919185639698,False
2021-12-23,Stable_Volatility,Crypto_Volatility,-1.4016478399141294,-3.9131464668143883,1.7699021565972397,False
2021-12-24,Stable_Volatility,Crypto_Volatility,-0.3285913371112701,-3.767429520232146,3.5171142734612424,False
2021-12-25,Stable_Volatility,Crypto_Volatility,0.8179906439464543,-2.611082104209963,4.3477797523393145,False
2021-12-26,Stable_Volatility,Crypto_Volatility,-0.38035639515921926,-1.3878837823372163,0.6270588373346769,False
2021-12-27,Stable_Volatility,Crypto_Volatility,-0.5074496048804579,-2.254926694923489,1.6843409162334995,False
2021-12-28,Stable_Volatility,Crypto_Volatility,0.601188147335685,-1.052866147065962,2.188838939066649,False
2021-12-29,Stable_Volatility,Crypto_Volatility,-0.15219249009274935,-1.3308622588712375,0.875945968120164,False
2021-12-30,Stable_Volatility,Crypto_Volatility,-0.03686104765749708,-1.592137574744548,1.7733772761315627,False
2021-12-31,Stable_Volatility,Crypto_Volatility,-0.29867157573401015,-3.9972943036980713,3.2430420145454972,False
2022-01-01,Stable_Volatility,Crypto_Volatility,-0.3665991620164494,-3.902403510096839,3.480339400329328,False
2022-01-02,Stable_Volatility,Crypto_Volatility,-0.6116043513024847,-2.2563552463505565,1.235597341583651,False
2022-01-03,Stable_Volatility,Crypto_Volatility,-0.4861670013228438,-1.7605161096001758,0.8003141283543685,False
2022-01-04,Stable_Volatility,Crypto_Volatility,0.06041261360454274,-2.1710796111014563,2.156013213396519,False
2022-01-05,Stable_Volatility,Crypto_Volatility,1.7892179613554202,0.3469731480563687,2.958776795219657,True
2022-01-06,Stable_Volatility,Crypto_Volatility,-0.8321054198328541,-1.7772469420674262,0.1315619948481678,False
2022-01-07,Stable_Volatility,Crypto_Volatility,0.1490195933937496,-3.588621652588517,4.124035738018579,False
2022-01-08,Stable_Volatility,Crypto_Volatility,0.07823590061221224,-3.534490718313576,4.139023393638699,False
2022-01-09,Stable_Volatility,Crypto_Volatility,-1.1143473675877071,-2.9105676403206204,0.6802096726972966,False
2022-01-10,Stable_Volatility,Crypto_Volatility,-0.8261642155199886,-1.8673577032397262,-0.004788747670358334,True
2022-01-11,Stable_Volatility,Crypto_Volatility,0.07251666383371717,-4.353442206343518,3.828020109367538,False
2022-01-12,Stable_Volatility,Crypto_Volatility,-0.12568165297363612,-1.807205489599486,1.7240502759093248,False
2022-01-13,Stable_Volatility,Crypto_Volatility,0.44955641863419304,-1.219698035270792,2.264825773043923,False
2022-01-14,Stable_Volatility,Crypto_Volatility,-0.22449079756420606,-2.099863875645399,1.5599581658563095,False
2022-01-15,Stable_Volatility,Crypto_Volatility,-1.0180019820654922,-3.449876762869401,1.4735149612196303,False
2022-01-16,Stable_Volatility,Crypto_Volatility,0.22769309036397067,-2.6608427794096916,3.3004087736444196,False
2022-01-17,Stable_Volatility,Crypto_Volatility,-0.6534460380984918,-1.622255329753297,0.14568172607537808,False
2022-01-18,Stable_Volatility,Crypto_Volatility,-0.03763540199556688,-3.228560856966044,3.4727151442035913,False
2022-01-19,Stable_Volatility,Crypto_Volatility,-0.4756250387970574,-2.490192288696333,1.385161769026234,False
2022-01-20,Stable_Volatility,Crypto_Volatility,-1.5943208752900393,-3.4315770043636125,0.09499549698122327,False
2022-01-21,Stable_Volatility,Crypto_Volatility,1.0052771715326185,-0.8123774111767462,3.0293198766450216,False
2022-01-22,Stable_Volatility,Crypto_Volatility,-0.026089024086752524,-0.5329590240750232,0.5155090900908983,False
2022-01-23,Stable_Volatility,Crypto_Volatility,-1.0539952258717995,-2.112673878372709,0.1601196320567253,False
2022-01-24,Stable_Volatility,Crypto_Volatility,-1.1604503000307502,-2.2461738574874026,-0.3053096607624466,True
2022-01-25,Stable_Volatility,Crypto_Volatility,-1.0937659749359583,-4.180941928037811,2.479470575391198,False
2022-01-26,Stable_Volatility,Crypto_Volatility,0.8502591957302509,-2.2415529729204784,3.7882624662158255,False
2022-01-27,Stable_Volatility,Crypto_Volatility,0.6211040776051658,-1.1397397435662802,2.4244507173667458,False
2022-01-28,Stable_Volatility,Crypto_Volatility,-0.8844973291772924,-3.780009188065761,1.9711567174548144,False
2022-01-29,Stable_Volatility,Crypto_Volatility,0.6310010381903615,-1.1957120008245314,2.435618340635979,False
2022-01-30,Stable_Volatility,Crypto_Volatility,0.05339110932719083,-1.1634085450623548,0.9197125556016505,False
2022-01-31,Stable_Volatility,Crypto_Volatility,-0.8875269018247768,-1.9456172437294474,0.17985949697962245,False
2022-02-01,Stable_Volatility,Crypto_Volatility,-1.1702903106928018,-5.1501573140451145,2.354706391779787,False
2022-02-02,Stable_Volatility,Crypto_Volatility,-0.5830255087144177,-4.35197979795567,2.646046712035092,False
2022-02-03,Stable_Volatility,Crypto_Volatility,0.4770522432190015,-1.1575448966345356,1.9999955797330409,False
2022-02-04,Stable_Volatility,Crypto_Volatility,-1.2466708579268257,-4.458036852530352,2.063881342736942,False
2022-02-05,Stable_Volatility,Crypto_Volatility,-0.9837106138895447,-4.324895441475745,1.7126010032820564,False
2022-02-06,Stable_Volatility,Crypto_Volatility,-0.8362709706501623,-2.969912962961346,1.7640061582621682,False
2022-02-07,Stable_Volatility,Crypto_Volatility,-1.8184383123619776,-3.6929348981018224,0.177108096612981,False
2022-02-08,Stable_Volatility,Crypto_Volatility,0.24219823799855333,-1.8566584058823077,3.1384482209059086,False
2022-02-09,Stable_Volatility,Crypto_Volatility,-0.5117124144099252,-1.446586487882299,0.47484588887910595,False
2022-02-10,Stable_Volatility,Crypto_Volatility,-0.20720543745731262,-2.321057839103808,1.995010022107882,False
2022-02-11,Stable_Volatility,Crypto_Volatility,0.16325410055486242,-3.203391237711496,3.64117754434832,False
2022-02-12,Stable_Volatility,Crypto_Volatility,-0.586898178487336,-2.212841656399875,1.4267246888060137,False
2022-02-13,Stable_Volatility,Crypto_Volatility,0.48842297986180855,-1.123100878410119,2.06099624758707,False
2022-02-14,Stable_Volatility,Crypto_Volatility,0.023710339538647988,-0.9235553017033775,1.018748780583436,False
2022-02-15,Stable_Volatility,Crypto_Volatility,-0.993857865096368,-3.955477712716255,1.7351127357933653,False
2022-02-16,Stable_Volatility,Crypto_Volatility,-0.6674135049491013,-3.7277046026639495,1.9503085220227412,False
2022-02-17,Stable_Volatility,Crypto_Volatility,-1.1768500934278052,-4.924499118750155,2.4474350709560984,False
2022-02-18,Stable_Volatility,Crypto_Volatility,-0.6995470079087858,-2.236086721876699,0.6609900797086508,False
2022-02-19,Stable_Volatility,Crypto_Volatility,-0.3341001112247579,-1.7732909902019864,1.1726504226356709,False
2022-02-20,Stable_Volatility,Crypto_Volatility,-0.33763881125094647,-2.0676104556622197,1.2772396572641842,False
2022-02-21,Stable_Volatility,Crypto_Volatility,-0.9733393867719272,-4.624504872017225,2.0558594353795887,False
2022-02-22,Stable_Volatility,Crypto_Volatility,-0.4896188992489442,-1.8102783092441967,0.46867318133819563,False
2022-02-23,Stable_Volatility,Crypto_Volatility,0.02901457983238027,-1.556335859207889,1.5834105925650146,False
2022-02-24,Stable_Volatility,Crypto_Volatility,-2.205675290650417,-5.5265177312899,1.0003172427748201,False
2022-02-25,Stable_Volatility,Crypto_Volatility,-1.132051700559634,-2.327034514981974,-0.02569645223258543,True
2022-02-26,Stable_Volatility,Crypto_Volatility,-0.6594887405598092,-3.5568292674071973,1.939590034217241,False
2022-02-27,Stable_Volatility,Crypto_Volatility,-0.442106536079442,-1.0322402689830192,0.16972555708865328,False
2022-02-28,Stable_Volatility,Crypto_Volatility,0.24294261021186028,-3.649881954999384,4.180511793106756,False
2022-03-01,Stable_Volatility,Crypto_Volatility,-0.6152786881408292,-1.6088373133684404,0.5586082310032622,False
2022-03-02,Stable_Volatility,Crypto_Volatility,1.1756642585381936,-1.6027027130805904,3.7778139041864875,False
2022-03-03,Stable_Volatility,Crypto_Volatility,-0.4743796530852095,-1.8918792570850838,0.7812875051095891,False
2022-03-04,Stable_Volatility,Crypto_Volatility,0.07831524410298539,-3.7172093771690053,3.310399602917335,False
2022-03-05,Stable_Volatility,Crypto_Volatility,-0.9153925566946364,-2.218488069174345,0.6163521607644322,False
2022-03-06,Stable_Volatility,Crypto_Volatility,0.23792245380534832,-1.6634288101024892,2.107534072768567,False
2022-03-07,Stable_Volatility,Crypto_Volatility,-1.1016037251771087,-2.2485562508141674,0.013805627091466644,False
2022-03-08,Stable_Volatility,Crypto_Volatility,-1.4162005890153557,-2.894909654808657,0.10891482797454294,False
2022-03-09,Stable_Volatility,Crypto_Volatility,1.3566367617443564,-2.1177137650372946,5.063531554841067,False
2022-03-10,Stable_Volatility,Crypto_Volatility,-0.36970640914659797,-3.2041315480713153,1.8565659080018717,False
2022-03-11,Stable_Volatility,Crypto_Volatility,-0.25693105890134826,-1.5700310068052898,1.22887845020128,False
2022-03-12,Stable_Volatility,Crypto_Volatility,-1.6955349501619128,-3.4969894377572452,-0.02174570336237172,True
2022-03-13,Stable_Volatility,Crypto_Volatility,-0.5742209085561243,-1.6830699424085986,0.8160462347314291,False
2022-03-14,Stable_Volatility,Crypto_Volatility,0.24764720170477808,-0.6217357084454851,1.0683538812614681,False
2022-03-15,Stable_Volatility,Crypto_Volatility,0.7729076273460969,-2.094666513063813,3.971416776594266,False
2022-03-16,Stable_Volatility,Crypto_Volatility,-0.1081919423926492,-2.2392369017263114,2.1169225894629036,False
2022-03-17,Stable_Volatility,Crypto_Volatility,-1.3781268198350853,-4.379750084202442,1.98739438758059,False
2022-03-18,Stable_Volatility,Crypto_Volatility,-1.2717290434382766,-2.9251477300073425,0.3398556123588783,False
2022-03-19,Stable_Volatility,Crypto_Volatility,-0.011268543839024087,-3.7926614283134317,3.7779723518315227,False
2022-03-20,Stable_Volatility,Crypto_Volatility,-0.4531733906779316,-2.4831300898855693,1.7866213344282582,False
2022-03-21,Stable_Volatility,Crypto_Volatility,-0.40419000896016727,-1.8473909264483308,1.0311387175618516,False
2022-03-22,Stable_Volatility,Crypto_Volatility,0.2160498398716198,-1.2016515657024214,1.858258507565258,False
2022-03-23,Stable_Volatility,Crypto_Volatility,-0.6461164854320642,-2.06305821788684,0.5819548252153732,False
2022-03-24,Stable_Volatility,Crypto_Volatility,-0.13315186206751062,-3.6985009965866213,3.628556061718406,False
2022-03-25,Stable_Volatility,Crypto_Volatility,-0.2992825573110822,-1.9617974240638119,1.2584910621311196,False
2022-03-26,Stable_Volatility,Crypto_Volatility,-0.5857476628111986,-4.235714563032597,3.104773011928462,False
2022-03-27,Stable_Volatility,Crypto_Volatility,-1.0497239268645233,-2.435351100852251,0.05411930035903724,False
2022-03-28,Stable_Volatility,Crypto_Volatility,-0.560075374690841,-3.9966756057845965,2.9045929218143356,False
2022-03-29,Stable_Volatility,Crypto_Volatility,-0.3638406688303182,-1.155441795828113,0.5831810094523147,False
2022-03-30,Stable_Volatility,Crypto_Volatility,-0.13782355056638593,-2.341162723701591,2.1725927045493854,False
2022-03-31,Stable_Volatility,Crypto_Volatility,-1.4757514199073134,-4.8097982629519525,1.4586668866431096,False
2022-04-01,Stable_Volatility,Crypto_Volatility,-0.013774445978501661,-1.4343114135809394,1.0340050302854524,False
2022-04-02,Stable_Volatility,Crypto_Volatility,-0.9413114856322439,-2.1826766965644726,0.30817152613821813,False
2022-04-03,Stable_Volatility,Crypto_Volatility,-0.939974017013849,-3.0998112623010012,1.8413322323205834,False
2022-04-04,Stable_Volatility,Crypto_Volatility,0.2209490256956954,-1.6740508435481116,2.217895612900645,False
2022-04-05,Stable_Volatility,Crypto_Volatility,-0.4941499914608454,-4.117473957869631,2.7604945190209635,False
2022-04-06,Stable_Volatility,Crypto_Volatility,-0.2924355427343591,-1.675189560976789,1.0194096696690953,False
2022-04-07,Stable_Volatility,Crypto_Volatility,0.14332510249959077,-3.3995855441137666,4.465797430602475,False
2022-04-08,Stable_Volatility,Crypto_Volatility,0.3538934723846221,-0.6544901395487237,1.1565562587676785,False
2022-04-09,Stable_Volatility,Crypto_Volatility,2.7164714560386702,-0.354607271617842,6.37461049286721,False
2022-04-12,Stable_Volatility,Crypto_Volatility,0.3554604579466993,-0.4464037113144598,1.106043797372204,False
2022-04-13,Stable_Volatility,Crypto_Volatility,0.15223726550895203,-1.011196122437338,0.9703540444150032,False
2022-04-14,Stable_Volatility,Crypto_Volatility,-0.5636833945014221,-2.3498840213989634,1.4432442853573777,False
2022-04-15,Stable_Volatility,Crypto_Volatility,-1.5742321436920172,-4.598414198070113,2.5188007847696543,False
2022-04-16,Stable_Volatility,Crypto_Volatility,0.04289840018946771,-4.109108791173181,3.3012286608442087,False
2022-04-17,Stable_Volatility,Crypto_Volatility,-0.10511139601331325,-1.232192230236168,0.8724518243279236,False
2022-04-18,Stable_Volatility,Crypto_Volatility,-2.1848820955474917,-4.526705888236748,0.20033013740129174,False
2022-04-19,Stable_Volatility,Crypto_Volatility,-1.4007938890302203,-2.7917319908434934,-0.149273374119139,True
2022-04-20,Stable_Volatility,Crypto_Volatility,0.8535336852207881,-0.9574527031318432,2.477498835847637,False
2022-04-21,Stable_Volatility,Crypto_Volatility,-0.7317212709319945,-4.7461174772398405,3.0117354992299874,False
2022-04-22,Stable_Volatility,Crypto_Volatility,-1.6936680318018165,-3.5607349829951316,0.12485356280786271,False
2022-04-23,Stable_Volatility,Crypto_Volatility,1.1843555413129083,-1.91741355652462,4.519646614911604,False
2022-04-24,Stable_Volatility,Crypto_Volatility,-0.004142120675367362,-0.662398924094581,0.7014836139578255,False
2022-04-25,Stable_Volatility,Crypto_Volatility,-2.7038636027013085,-4.419493579606705,-0.8387306871261302,True
2022-04-26,Stable_Volatility,Crypto_Volatility,-0.06463846764633142,-0.7027045869786047,0.6109931921680176,False
2022-04-27,Stable_Volatility,Crypto_Volatility,-1.0144144777950808,-1.830557757088944,-0.1139497615351671,True
2022-04-28,Stable_Volatility,Crypto_Volatility,-0.6239564895477578,-2.145352881795358,0.8965938681715119,False
2022-04-29,Stable_Volatility,Crypto_Volatility,-0.6606650202482119,-2.995601995091423,1.5018470456960793,False
2022-04-30,Stable_Volatility,Crypto_Volatility,-0.31857652377898743,-2.025945139294108,1.413422113858676,False
2022-05-01,Stable_Volatility,Crypto_Volatility,1.3842333062846697,-1.488369192503057,4.3858848912956745,False
2022-05-02,Stable_Volatility,Crypto_Volatility,-0.4259164654787643,-2.079336077708384,1.4566568632106898,False
2022-05-03,Stable_Volatility,Crypto_Volatility,0.2379638357249474,-2.0381492885060206,2.4657242306124223,False
2022-05-04,Stable_Volatility,Crypto_Volatility,0.5324976134344177,-3.4913117312051534,3.5146171706895135,False
2022-05-05,Stable_Volatility,Crypto_Volatility,1.7911706390341737,0.3447559087826583,3.325297584757009,True
2022-05-06,Stable_Volatility,Crypto_Volatility,-1.523196684736463,-2.7638245344181813,0.13120293991016133,False
2022-05-07,Stable_Volatility,Crypto_Volatility,-0.3603436657458292,-3.6216318534708565,2.969202196024504,False
2022-05-08,Stable_Volatility,Crypto_Volatility,0.36310669195014084,-0.9131851292760993,1.7220168767367174,False
2022-05-09,Stable_Volatility,Crypto_Volatility,-3.0089865015949364,-5.126182604537315,-0.5483358436246892,True
2022-05-10,Stable_Volatility,Crypto_Volatility,0.06226827760266401,-0.638936230650425,0.6590403060540573,False
2022-05-11,Stable_Volatility,Crypto_Volatility,0.39698726985377986,-0.1865958846523266,1.006381565843207,False
2022-05-12,Stable_Volatility,Crypto_Volatility,0.3227453926655038,-0.5808977116272984,1.30998998450357,False
2022-05-13,Stable_Volatility,Crypto_Volatility,-0.7269675629474542,-1.8068041812373847,0.1301936162284861,False
2022-05-14,Stable_Volatility,Crypto_Volatility,0.6447871756208727,-0.3267060317921541,1.3626868758524893,False
2022-05-15,Stable_Volatility,Crypto_Volatility,0.11604823773499516,-0.7638305914145082,0.7089732195774718,False
2022-05-16,Stable_Volatility,Crypto_Volatility,0.011958554052437328,-1.3628348466744775,1.4372979336536242,False
2022-05-17,Stable_Volatility,Crypto_Volatility,1.3840406985682736,-0.7225369678025111,3.2788080706389633,False
2022-05-18,Stable_Volatility,Crypto_Volatility,-1.088257478568932,-3.3859434979112955,1.6680704027300974,False
2022-05-19,Stable_Volatility,Crypto_Volatility,0.32292097476528403,-1.5699784165996804,3.215269842512832,False
2022-05-20,Stable_Volatility,Crypto_Volatility,-0.06947190307460598,-3.37984031337371,3.938364465809099,False
2022-05-21,Stable_Volatility,Crypto_Volatility,-1.6503648865025924,-3.30066435166899,-0.13719533621483276,True
2022-05-22,Stable_Volatility,Crypto_Volatility,-0.09650493708137028,-1.4148436435110237,1.1944992408425519,False
2022-05-23,Stable_Volatility,Crypto_Volatility,-0.7956994132327483,-1.7607187350568343,0.05984007527341806,False
2022-05-24,Stable_Volatility,Crypto_Volatility,-0.5463770786563821,-1.7718831085268032,0.820538957167812,False
2022-05-25,Stable_Volatility,Crypto_Volatility,-0.1929091157259801,-1.3977847971161035,0.8446464506969409,False
2022-05-26,Stable_Volatility,Crypto_Volatility,-2.2048682144760416,-4.921305173285404,0.7131557907848209,False
2022-05-27,Stable_Volatility,Crypto_Volatility,0.3992812258248566,-2.823320442222767,4.08478433128033,False
2022-05-28,Stable_Volatility,Crypto_Volatility,-1.3075671241834863,-2.7554877711824948,-0.06405754300323399,True
2022-05-29,Stable_Volatility,Crypto_Volatility,-0.22796500256552016,-1.2531724904133121,0.7522432045309344,False
2022-05-30,Stable_Volatility,Crypto_Volatility,-0.8051345882533877,-1.879872749507224,-0.06556471798665715,True
2022-05-31,Stable_Volatility,Crypto_Volatility,-0.6461262464945347,-2.048349410460969,0.6673251043716422,False
2022-06-01,Stable_Volatility,Crypto_Volatility,1.1245931393108,-0.1397930074251417,2.5756437412787747,False
2022-06-02,Stable_Volatility,Crypto_Volatility,-2.04096071015441,-4.02015913790318,0.16488779913408558,False
2022-06-03,Stable_Volatility,Crypto_Volatility,-1.144002160828426,-5.061923860218378,1.8168500238777394,False
2022-06-04,Stable_Volatility,Crypto_Volatility,1.3506464105168576,-0.3683782239366696,2.8866734677556307,False
2022-06-05,Stable_Volatility,Crypto_Volatility,0.0041210884186920396,-1.177031071707226,1.1831084608970888,False
2022-06-06,Stable_Volatility,Crypto_Volatility,-1.572666857078594,-3.305758179109211,0.381920784696957,False
2022-06-07,Stable_Volatility,Crypto_Volatility,0.5831321449456709,-0.46899529106208404,1.6249509200978483,False
2022-06-08,Stable_Volatility,Crypto_Volatility,-0.5958803680934385,-1.0866452190343847,-0.061926737711938046,True
2022-06-09,Stable_Volatility,Crypto_Volatility,-0.2604699632513061,-4.0247340819035955,3.127284552974203,False
2022-06-10,Stable_Volatility,Crypto_Volatility,-0.740369149703016,-1.3586283526155307,-0.19124819877268276,True
2022-06-11,Stable_Volatility,Crypto_Volatility,-0.45440669095415026,-2.305837775471287,1.3255545169149563,False
2022-06-12,Stable_Volatility,Crypto_Volatility,-0.6295546025229225,-4.411967623435897,2.458147576989919,False
2022-06-13,Stable_Volatility,Crypto_Volatility,-2.678257155509396,-5.339647108602648,0.04106877248752924,False
2022-06-14,Stable_Volatility,Crypto_Volatility,-0.12210007234850424,-0.8170309029461755,0.6873161838384753,False
2022-06-15,Stable_Volatility,Crypto_Volatility,0.5157281482587411,-0.7930469781114355,2.082059988570668,False
2022-06-16,Stable_Volatility,Crypto_Volatility,0.7342565507421405,-2.9716583937608263,4.495790169080452,False
2022-06-17,Stable_Volatility,Crypto_Volatility,0.45727315348358083,-3.804317703871111,3.88629082913768,False
2022-06-18,Stable_Volatility,Crypto_Volatility,-1.1563906160489514,-1.8387683029392767,-0.28210954610360806,True
2022-06-19,Stable_Volatility,Crypto_Volatility,-0.4196463257528402,-1.6402486993430518,0.8300467845208989,False
2022-06-20,Stable_Volatility,Crypto_Volatility,-1.312495195305461,-2.9981574956306147,0.29255901899223746,False
2022-06-21,Stable_Volatility,Crypto_Volatility,0.015085282431814402,-0.901209219433011,1.056858838266533,False
2022-06-22,Stable_Volatility,Crypto_Volatility,0.9147433553507883,-0.14537294292549946,2.0394463574763373,False
2022-06-23,Stable_Volatility,Crypto_Volatility,-0.1397230278747194,-2.5767200815318114,2.5757018668898413,False
2022-06-24,Stable_Volatility,Crypto_Volatility,-1.0545481453802734,-3.51817376779094,1.1688014585542565,False
2022-06-25,Stable_Volatility,Crypto_Volatility,0.09876979372776519,-3.806420531182523,4.6062182647461665,False
2022-06-26,Stable_Volatility,Crypto_Volatility,-0.1287621711759152,-2.8779651340429915,2.0563356524781913,False
2022-06-27,Stable_Volatility,Crypto_Volatility,-0.10426614752700207,-2.4754310367106394,2.2701787895640972,False
2022-06-28,Stable_Volatility,Crypto_Volatility,-0.3634321771641186,-1.9197337145834852,1.371744936890609,False
2022-06-29,Stable_Volatility,Crypto_Volatility,0.5064217416587854,-2.6928777896870764,4.626127560700313,False
2022-06-30,Stable_Volatility,Crypto_Volatility,1.575658793554298,-1.5020564702469477,5.116867184814511,False
2022-07-01,Stable_Volatility,Crypto_Volatility,-0.36905659254939027,-1.5532973167012991,0.6483766860656643,False
2022-07-02,Stable_Volatility,Crypto_Volatility,-1.102437302193806,-2.1769156945493853,-0.20983069694002573,True
2022-07-03,Stable_Volatility,Crypto_Volatility,-0.3926952048148437,-1.6037661809492874,0.783451069059951,False
2022-07-04,Stable_Volatility,Crypto_Volatility,-0.6866388251639745,-1.914415516414675,0.49435233823813496,False
2022-07-05,Stable_Volatility,Crypto_Volatility,0.3902974026665377,-1.4235089631086701,1.9451265617822058,False
2022-07-06,Stable_Volatility,Crypto_Volatility,-1.1574357658304175,-3.10244004607779,0.49754099808621055,False
2022-07-07,Stable_Volatility,Crypto_Volatility,0.17504694696358214,-3.013240379884029,4.593686661533627,False
2022-07-08,Stable_Volatility,Crypto_Volatility,0.09301084865120077,-3.821665268617279,3.069920677068283,False
2022-07-09,Stable_Volatility,Crypto_Volatility,0.15884930674385747,-3.6325830204701464,3.6320947238694155,False
2022-07-10,Stable_Volatility,Crypto_Volatility,-1.2404791532581094,-2.6987040587412343,-0.08622516032536653,True
2022-07-11,Stable_Volatility,Crypto_Volatility,-0.03254424777341081,-3.7441778021352423,3.6769165598795652,False
2022-07-12,Stable_Volatility,Crypto_Volatility,-0.33457861497388824,-2.2556961321971336,1.6092428114095334,False
2022-07-13,Stable_Volatility,Crypto_Volatility,-1.9305486707405226,-4.19406038155285,0.7276008713808645,False
2022-07-14,Stable_Volatility,Crypto_Volatility,0.2894212389307889,-1.0578906833499162,1.7479012233187134,False
2022-07-15,Stable_Volatility,Crypto_Volatility,-0.6687230697403684,-2.948880589111174,1.3461710397400504,False
2022-07-16,Stable_Volatility,Crypto_Volatility,-0.9248262470989816,-2.556303183609879,0.9041901159700795,False
2022-07-17,Stable_Volatility,Crypto_Volatility,-1.5764684825428015,-4.264171384893762,1.5263086338499845,False
2022-07-18,Stable_Volatility,Crypto_Volatility,-1.0455834835457065,-3.8693356301409474,1.613540243063416,False
2022-07-19,Stable_Volatility,Crypto_Volatility,0.7666152284096964,-2.5981501233046065,3.660680710437899,False
2022-07-20,Stable_Volatility,Crypto_Volatility,-0.32289822415646036,-1.2855373975662752,0.5628336169832215,False
2022-07-21,Stable_Volatility,Crypto_Volatility,0.001659773599061436,-3.3724304583138824,3.4852887382867377,False
2022-07-22,Stable_Volatility,Crypto_Volatility,0.2973409131749886,-1.0378287914643247,1.855029362989612,False
2022-07-23,Stable_Volatility,Crypto_Volatility,-0.29540531448159546,-2.87927023593352,2.440651972939955,False
2022-07-24,Stable_Volatility,Crypto_Volatility,-0.34568843804789096,-4.144646814299483,3.0999798750033785,False
2022-07-25,Stable_Volatility,Crypto_Volatility,-0.07484163402581437,-2.6538212880928667,2.2459727479565093,False
2022-07-26,Stable_Volatility,Crypto_Volatility,-0.02367348997362809,-1.448844353173684,1.421243717723708,False
2022-07-27,Stable_Volatility,Crypto_Volatility,-0.048472238355444154,-3.8381026515757286,3.403351045249552,False
2022-07-28,Stable_Volatility,Crypto_Volatility,-0.06046769402370544,-1.2021030392225485,0.8859299936760874,False
2022-07-29,Stable_Volatility,Crypto_Volatility,-0.2534338461658031,-1.0673300958809544,0.5216588753626691,False
2022-07-30,Stable_Volatility,Crypto_Volatility,0.18296123733710729,-1.6042675044069756,1.7179519279388549,False
2022-07-31,Stable_Volatility,Crypto_Volatility,0.3202908184004378,-3.0538165997355815,3.9101983872826773,False
2022-08-01,Stable_Volatility,Crypto_Volatility,0.16768282713539012,-2.0899638058912333,2.85475056499551,False
2022-08-02,Stable_Volatility,Crypto_Volatility,-0.5306220412681131,-1.819611998524687,0.5244978860738,False
2022-08-03,Stable_Volatility,Crypto_Volatility,-0.13694347052798547,-2.9308926174975354,2.8047532125875496,False
2022-08-04,Stable_Volatility,Crypto_Volatility,-1.02639039637077,-4.060987725668184,1.5688646470425935,False
2022-08-05,Stable_Volatility,Crypto_Volatility,-0.24780156733480077,-3.3997541402325107,2.533936483168148,False
2022-08-06,Stable_Volatility,Crypto_Volatility,1.6978265248084494,0.34050136174413487,3.3008106942129443,True
2022-08-07,Stable_Volatility,Crypto_Volatility,-0.8632000375010918,-1.7757826109858779,0.10056229279562955,False
2022-08-08,Stable_Volatility,Crypto_Volatility,-0.7779569722961014,-2.7742223458541,1.6456823080345238,False
2022-08-09,Stable_Volatility,Crypto_Volatility,0.4262882923659923,-0.9366178277130042,1.8193309293199276,False
2022-08-10,Stable_Volatility,Crypto_Volatility,0.45684216458449867,-0.4253416763541853,1.2426110575211937,False
2022-08-11,Stable_Volatility,Crypto_Volatility,-0.8763866918441906,-1.6694639865339438,-0.051945764788210946,True
2022-08-12,Stable_Volatility,Crypto_Volatility,0.17088768117132425,-3.5084349337967753,2.794041230973046,False
2022-08-13,Stable_Volatility,Crypto_Volatility,0.1302056077956885,-0.5065829549803327,0.8367567519397989,False
2022-08-14,Stable_Volatility,Crypto_Volatility,-0.9827193435199636,-2.340169037560007,0.3285418542843943,False
2022-08-15,Stable_Volatility,Crypto_Volatility,0.547233444583033,-2.663363016308751,4.53480408346267,False
2022-08-16,Stable_Volatility,Crypto_Volatility,-1.2494179259333662,-2.580689235232053,0.1923886952829012,False
2022-08-17,Stable_Volatility,Crypto_Volatility,-1.5002876359150172,-4.9033987147692955,2.0219024792337543,False
2022-08-18,Stable_Volatility,Crypto_Volatility,2.242695157211392,-0.3492324484869037,5.182016714142833,False
2022-08-19,Stable_Volatility,Crypto_Volatility,-2.1440696839404354,-5.142354356865905,0.284391040614653,False
2022-08-20,Stable_Volatility,Crypto_Volatility,-0.9153870455103646,-2.526676185903742,1.1486632694722898,False
2022-08-21,Stable_Volatility,Crypto_Volatility,-0.11221341249844338,-1.5253799071097776,1.1660281253385913,False
2022-08-22,Stable_Volatility,Crypto_Volatility,-0.5095732784240109,-2.1075922968226077,0.9150479809178464,False
2022-08-23,Stable_Volatility,Crypto_Volatility,-0.06126166061527609,-4.356772992244601,3.4875158638041754,False
2022-08-24,Stable_Volatility,Crypto_Volatility,-0.48742496849850153,-2.869576257313301,2.047870966052278,False
2022-08-25,Stable_Volatility,Crypto_Volatility,0.5189327754565921,-1.4733760522163901,2.3471402434025745,False
2022-08-26,Stable_Volatility,Crypto_Volatility,-1.846645011895954,-3.2146976660113635,-0.5257069806328618,True
2022-08-27,Stable_Volatility,Crypto_Volatility,-1.3613880578293918,-2.730207056700687,-0.2478841631541698,True
2022-08-28,Stable_Volatility,Crypto_Volatility,-0.5373682035059028,-3.420406651328463,2.0579369333409763,False
2022-08-29,Stable_Volatility,Crypto_Volatility,-0.34456962295598564,-1.1481148094716012,0.5744068884975392,False
2022-08-30,Stable_Volatility,Crypto_Volatility,-1.163696070771515,-4.3089566834288675,2.605110034648181,False
2022-08-31,Stable_Volatility,Crypto_Volatility,-0.3587169629315132,-1.3521349768090771,0.5529141386169811,False
2022-09-01,Stable_Volatility,Crypto_Volatility,-0.22430970737057732,-1.7969468939870155,1.4098469224907597,False
2022-09-02,Stable_Volatility,Crypto_Volatility,-0.07787925683597195,-2.2296375736412175,2.436905962423385,False
2022-09-03,Stable_Volatility,Crypto_Volatility,1.7381926758994604,-0.4597366377359321,4.014578081120602,False
2022-09-04,Stable_Volatility,Crypto_Volatility,0.17656823897183777,-1.0647574240331887,1.4308006979335537,False
2022-09-05,Stable_Volatility,Crypto_Volatility,-1.1541540063478173,-3.8761485584464133,1.135152659992292,False
2022-09-06,Stable_Volatility,Crypto_Volatility,1.389673680586868,-2.3915676165073787,4.796114332559172,False
2022-09-07,Stable_Volatility,Crypto_Volatility,-0.08136575412356369,-0.9106336841447376,0.8765434212093577,False
2022-09-08,Stable_Volatility,Crypto_Volatility,-1.1567237051515697,-2.3383820992607243,0.13517038089100264,False
2022-09-09,Stable_Volatility,Crypto_Volatility,-0.45233241452109413,-1.587795162996271,0.4400349853372628,False
2022-09-10,Stable_Volatility,Crypto_Volatility,0.7594805521572802,-1.8460671751337696,4.403275319413734,False
2022-09-11,Stable_Volatility,Crypto_Volatility,-0.25038953843122136,-2.5783836040146326,1.3030799879263275,False
2022-09-12,Stable_Volatility,Crypto_Volatility,-0.707820093769553,-2.9936818931633966,1.2529134272993547,False
2022-09-13,Stable_Volatility,Crypto_Volatility,1.0003213093145478,-2.2293084272542014,5.06706001356749,False
2022-09-14,Stable_Volatility,Crypto_Volatility,-0.7937022761312571,-1.6541231293639251,0.07353675566959969,False
2022-09-15,Stable_Volatility,Crypto_Volatility,0.16403201645388374,-3.4061839532617544,4.012215745177946,False
2022-09-16,Stable_Volatility,Crypto_Volatility,0.025883181150199573,-0.9646087482949836,1.1136153225176235,False
2022-09-17,Stable_Volatility,Crypto_Volatility,0.275988357912474,-2.9151688591403833,3.781332246528588,False
2022-09-18,Stable_Volatility,Crypto_Volatility,-0.7785756327282191,-2.0725457387737105,0.6322413070826605,False
2022-09-19,Stable_Volatility,Crypto_Volatility,-0.9740927357438097,-4.377329645608875,2.7287591560805353,False
2022-09-20,Stable_Volatility,Crypto_Volatility,-0.6811375953859917,-1.4655328906463119,0.07903837166412121,False
2022-09-21,Stable_Volatility,Crypto_Volatility,1.8622787723278202,-1.3626856840256698,4.68529523166447,False
2022-09-22,Stable_Volatility,Crypto_Volatility,-0.903336904820509,-4.1019055686543835,2.7097948753991514,False
2022-09-23,Stable_Volatility,Crypto_Volatility,0.5324049597672738,-2.030447468600641,3.281934009863255,False
2022-09-24,Stable_Volatility,Crypto_Volatility,1.5289683130126044,-1.214815670290536,4.702071693976794,False
2022-09-25,Stable_Volatility,Crypto_Volatility,-0.3362844286154597,-2.393908419021405,1.377873584985219,False
2022-09-26,Stable_Volatility,Crypto_Volatility,0.3131502567668635,-0.997363586477837,1.6489114365865127,False
2022-09-27,Stable_Volatility,Crypto_Volatility,1.3298982706630158,-1.826629497190523,5.433601270243782,False
2022-09-28,Stable_Volatility,Crypto_Volatility,-0.20143613205343955,-1.5047796055167753,1.0600215044239267,False
2022-09-29,Stable_Volatility,Crypto_Volatility,-0.34100529299286153,-1.4081781558929227,0.5964794768203214,False
2022-09-30,Stable_Volatility,Crypto_Volatility,0.41453200416293684,-1.6963927870207338,2.5608274086681915,False
2022-10-01,Stable_Volatility,Crypto_Volatility,1.3459060517612835,-0.5084488123548534,3.552604108894688,False
2022-10-02,Stable_Volatility,Crypto_Volatility,-0.3831847315115725,-1.7641841887747927,0.9892150688216821,False
2022-10-03,Stable_Volatility,Crypto_Volatility,0.006727817108765699,-1.0109571877988826,0.9811463772474149,False
2022-10-04,Stable_Volatility,Crypto_Volatility,-0.13588027720755255,-3.988537227359907,3.68351012890594,False
2022-10-05,Stable_Volatility,Crypto_Volatility,-0.038268812725175835,-1.9061462836035403,2.0128690813896224,False
2022-10-06,Stable_Volatility,Crypto_Volatility,0.0920693328705196,-3.9573798679028664,3.4134046046398554,False
2022-10-07,Stable_Volatility,Crypto_Volatility,-0.13159036718895142,-3.772967744413064,3.864980918897013,False
2022-10-08,Stable_Volatility,Crypto_Volatility,-0.9835674511587241,-3.0764780408705215,0.7264198043989294,False
2022-10-09,Stable_Volatility,Crypto_Volatility,-0.053458334028466725,-1.0114335232066483,1.1089163017075352,False
2022-10-10,Stable_Volatility,Crypto_Volatility,-0.3397899167050392,-1.8979851101064422,1.3197744706958163,False
2022-10-11,Stable_Volatility,Crypto_Volatility,-0.027308280699974753,-1.3334454966336815,1.0789742889170213,False
2022-10-12,Stable_Volatility,Crypto_Volatility,-0.6234729247780756,-2.5943627807559704,1.019227386115172,False
2022-10-13,Stable_Volatility,Crypto_Volatility,-2.194403976123775,-3.6767669858581185,-0.6777507685609476,True
2022-10-14,Stable_Volatility,Crypto_Volatility,-0.9340999256187357,-2.9324918160816154,0.9768885286732105,False
2022-10-15,Stable_Volatility,Crypto_Volatility,-1.6421843638106677,-3.399362272730963,0.06196061232805773,False
2022-10-16,Stable_Volatility,Crypto_Volatility,-0.2860113276987906,-0.9922769742865505,0.48940018561856524,False
2022-10-17,Stable_Volatility,Crypto_Volatility,-0.36434343741803515,-2.054674816116159,1.3499160724874377,False
2022-10-18,Stable_Volatility,Crypto_Volatility,0.5752174876985238,-2.3424418904700848,3.097895224717007,False
2022-10-19,Stable_Volatility,Crypto_Volatility,-1.334745756800548,-2.7939416942534803,-0.2824551603187435,True
2022-10-20,Stable_Volatility,Crypto_Volatility,-1.844709148850381,-3.8986616010429778,0.6837089421349557,False
2022-10-21,Stable_Volatility,Crypto_Volatility,-0.1229500146498652,-2.471354221053463,2.186819935724064,False
2022-10-22,Stable_Volatility,Crypto_Volatility,-1.436718865678156,-2.824954380983881,-0.24959571880254297,True
2022-10-23,Stable_Volatility,Crypto_Volatility,-1.6789396133756236,-3.2618403797235045,-0.20928210403368566,True
2022-10-24,Stable_Volatility,Crypto_Volatility,-0.6115819768167434,-3.369223888536968,2.4632122599154007,False
2022-10-25,Stable_Volatility,Crypto_Volatility,2.388577594136433,-0.5291453969150632,4.683846130855576,False
2022-10-26,Stable_Volatility,Crypto_Volatility,-1.4662938774372167,-3.3209922191052446,1.0319696273667116,False
2022-10-27,Stable_Volatility,Crypto_Volatility,0.010513852627478192,-1.1850962929986075,1.0963262999436283,False
2022-10-28,Stable_Volatility,Crypto_Volatility,-0.38979287941619956,-1.7706605118743783,0.9515807126809335,False
2022-10-29,Stable_Volatility,Crypto_Volatility,0.2561706719241881,-2.1064384980039375,2.316922513869553,False
2022-10-30,Stable_Volatility,Crypto_Volatility,-0.21507603954102728,-3.9178502391644603,3.1171045219376756,False
2022-10-31,Stable_Volatility,Crypto_Volatility,-0.6336551823891814,-4.023304719400772,3.0812061050920665,False
2022-11-01,Stable_Volatility,Crypto_Volatility,-1.139835062768398,-3.152916535535896,0.9582606621885997,False
2022-11-02,Stable_Volatility,Crypto_Volatility,0.6780506875593941,-2.7929963859958304,4.053047945697893,False
2022-11-03,Stable_Volatility,Crypto_Volatility,0.8367023845090799,-2.0520292766381414,4.491474359794331,False
2022-11-04,Stable_Volatility,Crypto_Volatility,-1.4658431395194986,-3.7975032903933736,0.8144526914127199,False
2022-11-05,Stable_Volatility,Crypto_Volatility,-1.2280871208171862,-5.198042331308749,1.660138708618582,False
2022-11-06,Stable_Volatility,Crypto_Volatility,0.04700327440490889,-1.5978074978402774,1.9501265766387248,False
2022-11-07,Stable_Volatility,Crypto_Volatility,-0.945136888204327,-3.368160357905297,1.9537427441404336,False
2022-11-08,Stable_Volatility,Crypto_Volatility,0.5489365512936546,-3.356564504128337,4.365913549574568,False
2022-11-09,Stable_Volatility,Crypto_Volatility,-0.3250963090230848,-1.1447854099777581,0.6627155665629446,False
2022-11-10,Stable_Volatility,Crypto_Volatility,-0.01749852268637346,-0.7140012073084991,0.5663482625115299,False
2022-11-11,Stable_Volatility,Crypto_Volatility,-0.9416516658369486,-2.8610891650777335,1.1819288598807076,False
2022-11-12,Stable_Volatility,Crypto_Volatility,1.0627652093703106,-0.35348105818442355,2.240701301361296,False
2022-11-13,Stable_Volatility,Crypto_Volatility,-0.1969176746718005,-0.8462315385957015,0.3852553569912768,False
2022-11-14,Stable_Volatility,Crypto_Volatility,-0.9783591630351784,-2.240976936980462,0.32764669641980704,False
2022-11-15,Stable_Volatility,Crypto_Volatility,-1.002833189721711,-2.087557884030587,-0.09878218597012188,True
2022-11-16,Stable_Volatility,Crypto_Volatility,0.05466962740346568,-4.009096173112405,4.717311773722791,False
2022-11-17,Stable_Volatility,Crypto_Volatility,0.4945012764017435,-0.35618017474962427,1.2231761686507467,False
2022-11-18,Stable_Volatility,Crypto_Volatility,0.5087080833811569,-1.012985147215165,2.316706670957766,False
2022-11-19,Stable_Volatility,Crypto_Volatility,0.18768583491566002,-1.1442044941905212,1.573565484200385,False
2022-11-20,Stable_Volatility,Crypto_Volatility,-1.568369838602786,-5.086653471885295,1.7316319115663124,False
2022-11-21,Stable_Volatility,Crypto_Volatility,0.40198361046098446,-2.6512455124224625,2.77335791320206,False
2022-11-22,Stable_Volatility,Crypto_Volatility,0.09825008865378486,-1.2185646261499434,1.211413550603656,False
2022-11-23,Stable_Volatility,Crypto_Volatility,-0.2932760518408602,-1.2725812564073573,0.9799080841557721,False
2022-11-24,Stable_Volatility,Crypto_Volatility,0.7373734700206469,-1.873998396968199,2.880133653245275,False
2022-11-25,Stable_Volatility,Crypto_Volatility,0.020311756983509482,-1.9187331706761683,1.6460856373798753,False
2022-11-26,Stable_Volatility,Crypto_Volatility,-0.04192179694063532,-3.2911749113610993,2.673505551190586,False
2022-11-27,Stable_Volatility,Crypto_Volatility,0.7512631131506597,-1.5290749715675394,2.770540192132011,False
2022-11-28,Stable_Volatility,Crypto_Volatility,-1.0594030868082571,-2.078973033820495,-0.0012562845670448936,True
2022-11-29,Stable_Volatility,Crypto_Volatility,-0.030608808467216534,-1.5812089384631665,1.4683091566543873,False
2022-11-30,Stable_Volatility,Crypto_Volatility,-0.26992972781880037,-1.5019950712469823,1.269374729832718,False
2022-12-01,Stable_Volatility,Crypto_Volatility,1.1579782778013952,-0.755512838926991,3.529270742024887,False
2022-12-02,Stable_Volatility,Crypto_Volatility,0.054313580530275817,-3.0457759910576447,2.4195670698739313,False
2022-12-03,Stable_Volatility,Crypto_Volatility,0.2973794050576607,-2.7414438180579097,2.874996857803537,False
2022-12-04,Stable_Volatility,Crypto_Volatility,1.0925729037403935,-2.003746690605444,3.377347689908645,False
2022-12-05,Stable_Volatility,Crypto_Volatility,-2.7679881968508595,-4.614058311753011,-0.8654699083390274,True
2022-12-06,Stable_Volatility,Crypto_Volatility,-1.6213424987619913,-3.046170904598098,-0.08927006693416985,True
2022-12-07,Stable_Volatility,Crypto_Volatility,1.4313645864010045,-2.0808569373950863,5.03217931062885,False
2022-12-08,Stable_Volatility,Crypto_Volatility,0.03875145000353201,-1.797198400242961,2.096717717717228,False
2022-12-09,Stable_Volatility,Crypto_Volatility,-0.9589925573455227,-3.1182691392713426,1.250569236626579,False
2022-12-10,Stable_Volatility,Crypto_Volatility,-1.5920797190542415,-4.110960927376012,1.1847066055022095,False
2022-12-11,Stable_Volatility,Crypto_Volatility,-0.7689641691202833,-1.6402157251774252,0.14769002605460574,False
2022-12-12,Stable_Volatility,Crypto_Volatility,-1.3832380822348356,-3.9202288599974606,1.6454152610330297,False
2022-12-13,Stable_Volatility,Crypto_Volatility,0.5041563963210628,-0.14370217446545225,0.9794135987576589,False
2022-12-14,Stable_Volatility,Crypto_Volatility,-0.3292781542996203,-0.912984855309934,0.22074537440163697,False
2022-12-15,Stable_Volatility,Crypto_Volatility,0.7831670570840891,-2.361025818272938,4.376023106603856,False
2022-12-16,Stable_Volatility,Crypto_Volatility,-1.1676174346983932,-1.9159984226980429,-0.39935358635921514,True
2022-12-17,Stable_Volatility,Crypto_Volatility,-1.8972478591825466,-3.632794648058829,-0.31846762655666827,True
2022-12-18,Stable_Volatility,Crypto_Volatility,-0.15926877603943632,-4.232510730055142,3.5337824907843727,False
2022-12-19,Stable_Volatility,Crypto_Volatility,-0.7941503290715813,-1.915188401552415,0.2294664076738965,False
2022-12-20,Stable_Volatility,Crypto_Volatility,-0.14881459350709358,-4.116961743421713,3.0644921379653267,False
2022-12-21,Stable_Volatility,Crypto_Volatility,-2.005480184359214,-3.6517595014660738,-0.4672322370693023,True
2022-12-22,Stable_Volatility,Crypto_Volatility,-0.8673403302940831,-1.9371278298704087,0.22689537058522335,False
2022-12-23,Stable_Volatility,Crypto_Volatility,1.4884734560054949,-0.28666102914736435,3.546867987469147,False
2022-12-24,Stable_Volatility,Crypto_Volatility,-1.6172359899498727,-3.524114498188955,0.8167196404938564,False
2022-12-25,Stable_Volatility,Crypto_Volatility,-0.904763599739284,-1.7685202896684418,0.013537809798106731,False
2022-12-26,Stable_Volatility,Crypto_Volatility,0.24528024823067643,-2.927438495850862,3.3527856492578154,False
2022-12-27,Stable_Volatility,Crypto_Volatility,1.251951811415219,-0.3816698247481475,3.0397220961023277,False
2022-12-28,Stable_Volatility,Crypto_Volatility,-0.2917112222140752,-2.151277454635791,1.3431808863449304,False
2022-12-29,Stable_Volatility,Crypto_Volatility,-0.5046080869859302,-2.4617983647295905,1.128632489312657,False
2022-12-30,Stable_Volatility,Crypto_Volatility,-0.4733534807143353,-2.1288395978546104,1.308483205212952,False
2022-12-31,Stable_Volatility,Crypto_Volatility,-1.5256584590708122,-4.133608795405168,1.287351439699052,False
2023-01-01,Stable_Volatility,Crypto_Volatility,0.2059767599551652,-3.640639405884788,3.79739268595325,False
2023-01-02,Stable_Volatility,Crypto_Volatility,-1.3405829211815128,-2.4621449473221624,-0.36645906600297673,True
2023-01-03,Stable_Volatility,Crypto_Volatility,-1.4150355981541223,-3.181940090600698,0.27798614353996176,False
2023-01-04,Stable_Volatility,Crypto_Volatility,1.718649498554165,-0.6098177496018278,4.253565507789107,False
2023-01-05,Stable_Volatility,Crypto_Volatility,1.9469600673105534,-0.5639937360128731,4.949767911962251,False
2023-01-06,Stable_Volatility,Crypto_Volatility,-1.6990334420003856,-3.8473400603146657,0.7598692265052758,False
2023-01-07,Stable_Volatility,Crypto_Volatility,-1.1740309929912771,-4.406270302776358,2.478000803951737,False
2023-01-08,Stable_Volatility,Crypto_Volatility,-1.454415103359992,-3.8921491113982656,0.8650636135273038,False
2023-01-09,Stable_Volatility,Crypto_Volatility,-1.746536962886841,-3.9214024582339984,1.7424657454911663,False
2023-01-10,Stable_Volatility,Crypto_Volatility,-0.4147576584760464,-1.035808186319226,0.22892895543130146,False
2023-01-11,Stable_Volatility,Crypto_Volatility,1.521841977778226,-0.8922568858349482,3.922466099603694,False
2023-01-12,Stable_Volatility,Crypto_Volatility,-0.12024644810591792,-2.6895664421366154,2.00666801347357,False
2023-01-13,Stable_Volatility,Crypto_Volatility,0.13901100992839746,-0.9908280525336335,1.2817199911757409,False
2023-01-14,Stable_Volatility,Crypto_Volatility,0.6963629725514656,-1.4357250670418296,2.8403906501190006,False
2023-01-15,Stable_Volatility,Crypto_Volatility,0.8941236364390267,-2.6948378274113933,4.982522479485378,False
2023-01-16,Stable_Volatility,Crypto_Volatility,-0.9444682368730684,-3.8335685829446806,2.0616994704412286,False
2023-01-17,Stable_Volatility,Crypto_Volatility,-0.901165452901332,-3.891975249045156,1.9781271690251947,False
2023-01-18,Stable_Volatility,Crypto_Volatility,0.17326140743645002,-3.2515458717853574,3.5096878178731847,False
2023-01-19,Stable_Volatility,Crypto_Volatility,-1.9016283838743928,-4.096883002685558,0.5468930765782295,False
2023-01-20,Stable_Volatility,Crypto_Volatility,-1.6391344776741292,-4.603617560400805,1.7617700012285824,False
2023-01-21,Stable_Volatility,Crypto_Volatility,0.9642698419841096,-1.2662915667005739,3.479334089742024,False
2023-01-22,Stable_Volatility,Crypto_Volatility,0.365546364942187,-2.6800912866613773,2.586176820553291,False
2023-01-23,Stable_Volatility,Crypto_Volatility,0.7454928860898201,-0.6680742228942051,2.009302814281668,False
2023-01-24,Stable_Volatility,Crypto_Volatility,-0.7322505574872339,-4.618955520680929,2.068206554448634,False
2023-01-25,Stable_Volatility,Crypto_Volatility,0.8526733337885086,-1.9240287128152875,4.1387605136782994,False
2023-01-26,Stable_Volatility,Crypto_Volatility,-2.921619953057982,-5.701152007438726,-0.6700260770829052,True
2023-01-27,Stable_Volatility,Crypto_Volatility,-1.0396993379145676,-2.5659223607396697,0.46932359392954626,False
2023-01-28,Stable_Volatility,Crypto_Volatility,1.2241937142029231,-0.6253458493838873,3.379412941093242,False
2023-01-29,Stable_Volatility,Crypto_Volatility,-1.0232765364970624,-2.716355615671893,0.6773560166675296,False
2023-01-30,Stable_Volatility,Crypto_Volatility,0.8837121643366038,-2.7930888383783286,4.224122064662206,False
2023-01-31,Stable_Volatility,Crypto_Volatility,-0.7027759699543275,-1.5793459400842937,0.19897458656593675,False
2023-02-01,Stable_Volatility,Crypto_Volatility,-1.3481584945900473,-4.608842888587009,1.2797700732900132,False
2023-02-02,Stable_Volatility,Crypto_Volatility,0.2452501981956036,-3.4919028339506974,3.893574539438786,False
2023-02-03,Stable_Volatility,Crypto_Volatility,-0.7124267716197022,-1.8346652721874395,0.24452416780428632,False
2023-02-04,Stable_Volatility,Crypto_Volatility,0.009310034258223257,-3.4433167606687913,3.503734123202962,False
2023-02-05,Stable_Volatility,Crypto_Volatility,-0.45255491467412,-1.341223850420314,0.258944278118181,False
2023-02-06,Stable_Volatility,Crypto_Volatility,-0.5551834787383886,-4.0708055902609495,2.6510035488584096,False
2023-02-07,Stable_Volatility,Crypto_Volatility,-0.5486239557035264,-2.2561308714975583,0.7478053283309247,False
2023-02-08,Stable_Volatility,Crypto_Volatility,-0.8747764892013197,-2.164454666049218,0.5992668979503175,False
2023-02-09,Stable_Volatility,Crypto_Volatility,1.5798004225509152,-1.060526900408166,4.287036415239093,False
2023-02-10,Stable_Volatility,Crypto_Volatility,-1.5348607960587979,-2.8531314684207105,-0.1396909680869842,True
2023-02-11,Stable_Volatility,Crypto_Volatility,1.9349434717986824,-1.1676798206299042,5.084661122092285,False
2023-02-12,Stable_Volatility,Crypto_Volatility,-0.8913815940134759,-1.7820509266882685,0.05493914830572108,False
2023-02-13,Stable_Volatility,Crypto_Volatility,1.1627909633653004,-2.3799276452863487,4.52960380633377,False
2023-02-14,Stable_Volatility,Crypto_Volatility,-0.18913163553070203,-0.691566604009795,0.3378575862021394,False
2023-02-15,Stable_Volatility,Crypto_Volatility,0.8830670672825307,-0.6622882091742365,2.3728920782354144,False
2023-02-16,Stable_Volatility,Crypto_Volatility,-0.13181184527888556,-1.631180245928033,1.043890191982836,False
2023-02-17,Stable_Volatility,Crypto_Volatility,-0.8767278281042052,-4.03258335527285,2.967958975167887,False
2023-02-18,Stable_Volatility,Crypto_Volatility,-2.5135931689026467,-4.180268127683605,-0.3853615219198021,True
2023-02-19,Stable_Volatility,Crypto_Volatility,-0.653241129826565,-1.5250025321763494,0.15398493896295928,False
2023-02-20,Stable_Volatility,Crypto_Volatility,-0.8919915168250138,-2.2863780489139045,0.6882204301149963,False
2023-02-21,Stable_Volatility,Crypto_Volatility,-0.3795783979767021,-1.2844473743554163,0.4823522883249012,False
2023-02-22,Stable_Volatility,Crypto_Volatility,0.2236414786085466,-2.250463748781108,2.6377051473584183,False
2023-02-23,Stable_Volatility,Crypto_Volatility,0.36273567956125263,-3.0537341005437786,3.266434528528956,False
2023-02-24,Stable_Volatility,Crypto_Volatility,-0.89662368973404,-4.140388000516855,2.35435035389906,False
2023-02-25,Stable_Volatility,Crypto_Volatility,-1.9033053135170304,-4.767653271127607,1.4413851881162734,False
2023-02-26,Stable_Volatility,Crypto_Volatility,-0.1465315666154805,-1.9140446406318952,1.6123820483414157,False
2023-02-27,Stable_Volatility,Crypto_Volatility,-0.5270869426268107,-3.780882409784996,2.153286215183077,False
2023-02-28,Stable_Volatility,Crypto_Volatility,-0.552696821326318,-1.6858551710142362,0.46685987592533207,False
2023-03-01,Stable_Volatility,Crypto_Volatility,-0.5476072691677337,-2.418359644190887,0.9945471760315138,False
2023-03-02,Stable_Volatility,Crypto_Volatility,-0.25501820879807835,-2.6424070185107627,1.8639942714280395,False
2023-03-03,Stable_Volatility,Crypto_Volatility,-0.6795076173699812,-4.8047529524524055,2.99191611555169,False
2023-03-04,Stable_Volatility,Crypto_Volatility,-1.847744355769042,-3.5790251904390127,-0.14845436637264547,True
2023-03-05,Stable_Volatility,Crypto_Volatility,-0.3727374952766332,-3.1160872652723226,2.944098225707732,False
2023-03-06,Stable_Volatility,Crypto_Volatility,-0.05494196439387864,-0.7757835504321602,0.8038886418203107,False
2023-03-07,Stable_Volatility,Crypto_Volatility,0.892817213620841,-1.0385549805698926,3.208995444361456,False
2023-03-08,Stable_Volatility,Crypto_Volatility,0.13654941349128483,-1.7211274561134395,2.575810938132288,False
2023-03-09,Stable_Volatility,Crypto_Volatility,2.592187531071321,-0.327725494205492,5.297358608072736,False
2023-03-10,Stable_Volatility,Crypto_Volatility,-0.4392550560773087,-1.4964355026995886,0.4617078769875688,False
2023-03-11,Stable_Volatility,Crypto_Volatility,-0.1923324472196639,-0.836426328201129,0.5665116912877018,False
2023-03-12,Stable_Volatility,Crypto_Volatility,0.30825546705327983,-0.4621381643452295,1.209197318465796,False
2023-03-13,Stable_Volatility,Crypto_Volatility,0.6285843422769402,-1.1965494545581004,2.4098475291873696,False
2023-03-14,Stable_Volatility,Crypto_Volatility,0.0023609732980861965,-1.439297049943232,1.5418702319493272,False
2023-03-15,Stable_Volatility,Crypto_Volatility,0.6514387056681373,-0.540379878369231,1.5969197810567433,False
2023-03-16,Stable_Volatility,Crypto_Volatility,0.4735292530802615,-0.4679744843386169,1.500505830023809,False
2023-03-17,Stable_Volatility,Crypto_Volatility,-0.5614742151067886,-1.5612993333845988,0.5287928382051593,False
2023-03-18,Stable_Volatility,Crypto_Volatility,0.6982072937572984,-0.9959018165032996,2.444066640387952,False
2023-03-19,Stable_Volatility,Crypto_Volatility,-0.003042253719436624,-3.806640313284116,3.4279836071761105,False
2023-03-20,Stable_Volatility,Crypto_Volatility,0.9910219757745611,-2.1567028173083127,3.82128397124106,False
2023-03-21,Stable_Volatility,Crypto_Volatility,0.9374027802623686,-3.424274595884448,4.861475833077652,False
2023-03-22,Stable_Volatility,Crypto_Volatility,0.42062287066723314,-2.1916829299160967,2.777830673113255,False
2023-03-23,Stable_Volatility,Crypto_Volatility,-0.6012627232410442,-1.8208137730314018,0.8103745347568889,False
2023-03-24,Stable_Volatility,Crypto_Volatility,-0.12060941636102665,-3.5049130414418297,3.0880973251212054,False
2023-03-25,Stable_Volatility,Crypto_Volatility,0.659271880411181,-1.2366003032635082,2.4441286425853965,False
2023-03-26,Stable_Volatility,Crypto_Volatility,0.32207670812750844,-1.5970219845589662,1.8561387826690008,False
2023-03-27,Stable_Volatility,Crypto_Volatility,-0.12323550930827971,-3.7421581859985387,3.33862665798304,False
2023-03-28,Stable_Volatility,Crypto_Volatility,-0.4962898793943802,-2.2013527485079343,1.0761323367566091,False
2023-03-29,Stable_Volatility,Crypto_Volatility,-0.14165293635486081,-3.106630090523887,2.8205500924831037,False
2023-03-30,Stable_Volatility,Crypto_Volatility,0.22325868087839557,-1.2649095007644042,1.592556655580717,False
2023-03-31,Stable_Volatility,Crypto_Volatility,0.3766455065828571,-0.6502903153136373,1.9135156785724203,False
2023-04-01,Stable_Volatility,Crypto_Volatility,1.0307102438353515,-1.6587700539017864,3.7184580105827245,False
2023-04-02,Stable_Volatility,Crypto_Volatility,-0.4016343112093759,-2.2452372606436963,1.7120723383498127,False
2023-04-03,Stable_Volatility,Crypto_Volatility,-1.7358574671716247,-4.09243891319395,1.0175707709450716,False
2023-04-04,Stable_Volatility,Crypto_Volatility,-0.8847477818310797,-2.2188731003499953,0.23573024105659662,False
2023-04-05,Stable_Volatility,Crypto_Volatility,-0.0617559340933248,-4.063775419465803,3.2661163045632455,False
2023-04-06,Stable_Volatility,Crypto_Volatility,1.220294918990863,-1.7501207646405936,3.4121736662258875,False
2023-04-07,Stable_Volatility,Crypto_Volatility,-0.33728175414125877,-4.005617420754465,3.226511002415963,False
2023-04-08,Stable_Volatility,Crypto_Volatility,0.32015738615828176,-0.6504731596063804,1.488354473486489,False
2023-04-09,Stable_Volatility,Crypto_Volatility,-0.9416488711386467,-2.3903789683662358,0.735220457944149,False
2023-04-10,Stable_Volatility,Crypto_Volatility,0.8591113997134037,-2.378823758593467,4.002616557051329,False
2023-04-11,Stable_Volatility,Crypto_Volatility,0.062032442117272116,-0.7915419599854039,0.7867218895306815,False
2023-04-12,Stable_Volatility,Crypto_Volatility,-0.2500616301806436,-1.336799114671097,0.909235114384207,False
2023-04-13,Stable_Volatility,Crypto_Volatility,-0.13100992693613978,-2.789135893322042,2.6883572223645817,False
2023-04-14,Stable_Volatility,Crypto_Volatility,-1.0650659865689172,-2.5941633722106863,0.4368202361904465,False
2023-04-15,Stable_Volatility,Crypto_Volatility,-2.948463358333729,-5.4519295231235905,-0.504466365501345,True
2023-04-16,Stable_Volatility,Crypto_Volatility,-0.9954091904439585,-3.0521070411928144,1.2415720691758727,False
2023-04-17,Stable_Volatility,Crypto_Volatility,-0.0499464136174451,-1.6844295619248708,1.5422028445560272,False
2023-04-18,Stable_Volatility,Crypto_Volatility,0.3709728086216551,-0.4560499286741464,1.2681994950505517,False
2023-04-19,Stable_Volatility,Crypto_Volatility,1.3637679913122542,-0.9792516790495465,3.510794417445952,False
2023-04-20,Stable_Volatility,Crypto_Volatility,-0.1980838264988901,-4.063613066014379,3.509533445609703,False
2023-04-21,Stable_Volatility,Crypto_Volatility,0.6150306399817603,-2.7137075313957264,3.645660188000021,False
2023-04-22,Stable_Volatility,Crypto_Volatility,-1.4784631911965684,-5.4784029467865984,1.686456602816244,False
2023-04-23,Stable_Volatility,Crypto_Volatility,0.6316343753519438,-1.425585695531769,3.0921702351952396,False
2023-04-24,Stable_Volatility,Crypto_Volatility,-0.9575867901173136,-2.0765620514101135,0.40085815965496396,False
2023-04-25,Stable_Volatility,Crypto_Volatility,0.0406239101373939,-1.7702140393913068,1.7560007359485552,False
2023-04-26,Stable_Volatility,Crypto_Volatility,1.8312171941844713,-0.18899181560509326,3.2814086470868977,False
2023-04-27,Stable_Volatility,Crypto_Volatility,-1.510219116816,-2.594998735010021,-0.231182283125565,True
2023-04-28,Stable_Volatility,Crypto_Volatility,0.2334904123960406,-3.63795537156229,3.872491894746801,False
2023-04-29,Stable_Volatility,Crypto_Volatility,0.7675081848976661,0.06151643338098427,1.4683249652057726,True
2023-04-30,Stable_Volatility,Crypto_Volatility,-1.326314006338722,-2.7949516648269874,0.08549218288760413,False
2023-05-01,Stable_Volatility,Crypto_Volatility,0.4902130158690033,-3.920904067893926,4.320122888938588,False
2023-05-02,Stable_Volatility,Crypto_Volatility,-0.7350768544195307,-1.4753148336259025,-0.07694695401039725,True
2023-05-03,Stable_Volatility,Crypto_Volatility,0.2081113068995007,-3.185439437178522,3.601015013686098,False
2023-05-04,Stable_Volatility,Crypto_Volatility,0.517632183942318,-1.3723117932531206,2.0570570414260323,False
2023-05-05,Stable_Volatility,Crypto_Volatility,-0.6202014622766316,-2.6415600893066054,1.237657228111857,False
2023-05-06,Stable_Volatility,Crypto_Volatility,-0.422099511248909,-4.2250753914630055,4.192636946143171,False
2023-05-07,Stable_Volatility,Crypto_Volatility,-1.0421258633524468,-2.160070401257248,-0.10829045020599135,True
2023-05-08,Stable_Volatility,Crypto_Volatility,0.7319725852370026,-2.734410751092803,4.574529565508763,False
2023-05-09,Stable_Volatility,Crypto_Volatility,-1.3059883200834954,-2.548548635176977,-0.0470272659083623,True
2023-05-10,Stable_Volatility,Crypto_Volatility,1.3731010043295904,-2.165732751522647,4.918841047857866,False
2023-05-11,Stable_Volatility,Crypto_Volatility,0.6008136631901215,-1.3016308698524843,2.110068432459647,False
2023-05-12,Stable_Volatility,Crypto_Volatility,0.5153435965340853,-2.7781377481147462,4.1495390333365965,False
2023-05-13,Stable_Volatility,Crypto_Volatility,2.079995255398324,-1.5423870379121538,5.685588213321207,False
2023-05-14,Stable_Volatility,Crypto_Volatility,-0.6255395292386331,-1.6521342467826705,0.5444226969361817,False
2023-05-15,Stable_Volatility,Crypto_Volatility,-0.3441549153649224,-1.3185940176152937,0.6715159049639443,False
2023-05-16,Stable_Volatility,Crypto_Volatility,-0.511910667561242,-2.0843377319847782,0.9305312319220096,False
2023-05-17,Stable_Volatility,Crypto_Volatility,1.0619188904564796,-2.251862026673507,4.164181963641073,False
2023-05-18,Stable_Volatility,Crypto_Volatility,0.1867012374968101,-2.249329031488869,2.8587029059904783,False
2023-05-19,Stable_Volatility,Crypto_Volatility,-1.0677752367144284,-2.0589191966035183,0.12651291212777468,False
2023-05-20,Stable_Volatility,Crypto_Volatility,0.4719702749000442,-1.3945629412220346,1.9936243111866427,False
2023-05-21,Stable_Volatility,Crypto_Volatility,-0.3403958628298875,-1.1950128641818285,0.3846346876406589,False
2023-05-22,Stable_Volatility,Crypto_Volatility,0.526338814661792,-1.3676753318234076,2.267092423837015,False
2023-05-23,Stable_Volatility,Crypto_Volatility,-0.04884658497024203,-2.5420850120223086,2.8712588981735694,False
2023-05-24,Stable_Volatility,Crypto_Volatility,-1.0282068399183857,-4.639714421846569,2.153845321762981,False
2023-05-25,Stable_Volatility,Crypto_Volatility,-0.6296756356422243,-1.8528864418133826,0.5583778183745075,False
2023-05-26,Stable_Volatility,Crypto_Volatility,-0.020302674682302613,-3.3697715819961855,3.770922810638334,False
2023-05-27,Stable_Volatility,Crypto_Volatility,1.0987805858558262,-0.4753555405330415,2.7861765785469097,False
2023-05-28,Stable_Volatility,Crypto_Volatility,-1.7196901369210023,-3.4186932679708195,-0.08011360672047244,True
2023-05-29,Stable_Volatility,Crypto_Volatility,0.06770558105960613,-2.9208795239171113,3.0696803651661684,False
2023-05-30,Stable_Volatility,Crypto_Volatility,-0.34361964802755013,-1.435208066720185,0.876707964164372,False
2023-05-31,Stable_Volatility,Crypto_Volatility,-0.8869829982044363,-3.883790669978667,2.291582230781895,False
2023-06-01,Stable_Volatility,Crypto_Volatility,-0.37607596969990803,-3.627646120033983,3.3584704042545783,False
2023-06-02,Stable_Volatility,Crypto_Volatility,0.7141774578164838,-1.2063664102762812,2.951369897161115,False
2023-06-03,Stable_Volatility,Crypto_Volatility,0.3154586170496603,-3.6439043580249093,3.7805743339822717,False
2023-06-04,Stable_Volatility,Crypto_Volatility,-0.23626551979345506,-1.1516942427513257,0.5118409328371227,False
2023-06-05,Stable_Volatility,Crypto_Volatility,-1.6949640835580069,-2.680673246435526,-0.7009158498113832,True
2023-06-06,Stable_Volatility,Crypto_Volatility,-0.27812178649622304,-1.0693940220557072,0.6667464873643854,False
2023-06-07,Stable_Volatility,Crypto_Volatility,-0.014429143988242753,-0.38557639598565785,0.39585461305248565,False
2023-06-08,Stable_Volatility,Crypto_Volatility,-1.4773648642932269,-2.7190915844754744,-0.07466202736838932,True
2023-06-09,Stable_Volatility,Crypto_Volatility,0.007231019316031515,-0.8730733414380758,0.7610793176692179,False
2023-06-10,Stable_Volatility,Crypto_Volatility,-1.3983918711815235,-2.1758012513806806,-0.5114131232692559,True
2023-06-11,Stable_Volatility,Crypto_Volatility,-1.3336196857970455,-2.2055085012047755,-0.45894180505801535,True
2023-06-12,Stable_Volatility,Crypto_Volatility,-0.2389499334308017,-3.821096272792796,3.3877359994386484,False
2023-06-13,Stable_Volatility,Crypto_Volatility,-0.6377684367670114,-2.4847190046875456,1.827334351987369,False
2023-06-14,Stable_Volatility,Crypto_Volatility,1.2417333810310025,-0.7486634584751019,3.230284295718411,False
2023-06-15,Stable_Volatility,Crypto_Volatility,-1.3116232292524181,-2.9298223633609224,0.25778778429679194,False
2023-06-16,Stable_Volatility,Crypto_Volatility,0.4062108246105344,-1.507449247305399,2.016810805037194,False
2023-06-17,Stable_Volatility,Crypto_Volatility,0.6838687112518437,-2.347706406379335,3.4376408619025733,False
2023-06-18,Stable_Volatility,Crypto_Volatility,0.6522520822464765,-0.7958215862861313,1.9653955276351813,False
2023-06-19,Stable_Volatility,Crypto_Volatility,-0.15375517800005245,-0.9042710816509093,0.5798374039977474,False
2023-06-20,Stable_Volatility,Crypto_Volatility,1.1927751281281334,-2.1155428284666753,4.669930641522592,False
2023-06-21,Stable_Volatility,Crypto_Volatility,-0.039742837983212514,-0.645044957486208,0.6127180426019718,False
2023-06-22,Stable_Volatility,Crypto_Volatility,0.2435676571286742,-0.9630126855008645,1.5704308881129088,False
2023-06-23,Stable_Volatility,Crypto_Volatility,-0.21849093681496742,-4.201267130332873,3.0951609902352493,False
2023-06-24,Stable_Volatility,Crypto_Volatility,1.0283146881534564,-1.031088296948252,3.30047179307547,False
2023-06-25,Stable_Volatility,Crypto_Volatility,-0.6130082818335293,-1.728459583146282,0.4864556951847027,False
2023-06-26,Stable_Volatility,Crypto_Volatility,-0.7148767895232941,-2.5971729655860063,1.0816050741640133,False
2023-06-27,Stable_Volatility,Crypto_Volatility,-0.9938161615312575,-2.96993111552746,1.128915118024881,False
2023-06-28,Stable_Volatility,Crypto_Volatility,-0.5245356634864563,-1.6687461445265084,0.7951698066187542,False
2023-06-29,Stable_Volatility,Crypto_Volatility,0.4827772961354341,-2.4955181140401876,2.838660940173044,False
2023-06-30,Stable_Volatility,Crypto_Volatility,-1.526875475438464,-4.69854138838657,0.5750856453207503,False
2023-07-01,Stable_Volatility,Crypto_Volatility,-1.6518851476662422,-3.3122863326760132,-0.021671628901473047,True
2023-07-02,Stable_Volatility,Crypto_Volatility,-1.059380362049776,-3.404002168006856,1.4192655203186626,False
2023-07-03,Stable_Volatility,Crypto_Volatility,0.47612614290830085,-0.6561841729092197,1.621640597185466,False
2023-07-04,Stable_Volatility,Crypto_Volatility,-0.10814738794513809,-1.4968936333840235,1.0561268832692137,False
2023-07-05,Stable_Volatility,Crypto_Volatility,-1.0704731671071954,-3.751750295448698,2.393088453424448,False
2023-07-06,Stable_Volatility,Crypto_Volatility,-0.029011611233131732,-3.4948281505704424,3.670746284078249,False
2023-07-07,Stable_Volatility,Crypto_Volatility,-1.0999161492515037,-1.8665934626543084,-0.3094793216248851,True
2023-07-08,Stable_Volatility,Crypto_Volatility,0.25424481962777734,-3.8686530072910035,3.7698148848015025,False
2023-07-09,Stable_Volatility,Crypto_Volatility,0.177206287142834,-0.29900820602013906,0.7753943056804107,False
2023-07-10,Stable_Volatility,Crypto_Volatility,-2.232868611645027,-3.5118261984310006,-0.8836318045851538,True
2023-07-11,Stable_Volatility,Crypto_Volatility,-1.035852301480155,-2.131569196866428,-0.33311546911430956,True
2023-07-12,Stable_Volatility,Crypto_Volatility,0.9520782266607739,-1.7198833065919106,3.5052043941406703,False
2023-07-13,Stable_Volatility,Crypto_Volatility,-2.044487432816493,-3.917794038543928,-0.3446242405676501,True
2023-07-14,Stable_Volatility,Crypto_Volatility,-0.04486014098519419,-0.7034120439179526,0.7459017069720701,False
2023-07-15,Stable_Volatility,Crypto_Volatility,-3.19147001574009,-5.277195512576544,-0.9065741080265564,True
2023-07-16,Stable_Volatility,Crypto_Volatility,-0.4063024720515251,-0.9836835921965966,0.36649360671249476,False
2023-07-17,Stable_Volatility,Crypto_Volatility,-0.34383054719037986,-1.5955703604159743,1.025537936227726,False
2023-07-18,Stable_Volatility,Crypto_Volatility,-0.19484824336398016,-1.1397425776409806,0.7416209534321672,False
2023-07-19,Stable_Volatility,Crypto_Volatility,0.10361662194175043,-1.8940308553844418,2.4219873166906845,False
2023-07-20,Stable_Volatility,Crypto_Volatility,-0.6443109557120184,-2.537509241430217,0.89017371587644,False
2023-07-21,Stable_Volatility,Crypto_Volatility,-2.063501519208287,-5.454381189410965,0.6235255881803576,False
2023-07-22,Stable_Volatility,Crypto_Volatility,-0.8049543377622252,-5.191874093567768,2.3889552140381944,False
2023-07-23,Stable_Volatility,Crypto_Volatility,-0.16952559558166944,-1.2278825442848906,0.9340956950492139,False
2023-07-24,Stable_Volatility,Crypto_Volatility,1.2547483562992325,-1.580390399049848,3.412515713693563,False
2023-07-25,Stable_Volatility,Crypto_Volatility,-1.2705945887003214,-2.4074639530288318,0.14580118428189193,False
2023-07-26,Stable_Volatility,Crypto_Volatility,-0.9792466985874004,-3.482663965084752,1.4762144151842067,False
2023-07-27,Stable_Volatility,Crypto_Volatility,0.5183054765079721,-1.86228652111344,2.9006054371381627,False
2023-07-28,Stable_Volatility,Crypto_Volatility,-0.7874781490395998,-3.2156077566938954,1.7814527048111801,False
2023-07-29,Stable_Volatility,Crypto_Volatility,1.6225285316618112,-1.0253341631893074,4.089338729755724,False
2023-07-30,Stable_Volatility,Crypto_Volatility,-1.0587547103592765,-2.2226093115252867,-0.1942642633439428,True
2023-07-31,Stable_Volatility,Crypto_Volatility,-0.10415100211590257,-2.53421640260593,2.7748475652021156,False
2023-08-01,Stable_Volatility,Crypto_Volatility,0.9095068698774508,-0.35457701082055326,2.0036654253692987,False
2023-08-02,Stable_Volatility,Crypto_Volatility,0.05168381609600261,-2.7629073125076653,2.13256321578994,False
2023-08-03,Stable_Volatility,Crypto_Volatility,-0.6571899008253875,-1.6836280587206531,0.27716873006604603,False
2023-08-04,Stable_Volatility,Crypto_Volatility,0.0009188501962596201,-2.628829197540149,2.1485724356450335,False
2023-08-05,Stable_Volatility,Crypto_Volatility,0.2973354250046768,-1.1158179644640995,1.6779286571131302,False
2023-08-06,Stable_Volatility,Crypto_Volatility,0.18218850775195353,-1.6641855315875378,2.309428579933887,False
2023-08-07,Stable_Volatility,Crypto_Volatility,-1.6141515249594351,-3.794425318020929,0.1627165720254515,False
2023-08-08,Stable_Volatility,Crypto_Volatility,0.021018058029223116,-0.8225652790769489,1.0306343040319073,False
2023-08-09,Stable_Volatility,Crypto_Volatility,-0.5517262837812997,-1.6072105382629132,0.521707586134619,False
2023-08-10,Stable_Volatility,Crypto_Volatility,0.9172848953711507,-2.1922042172213074,3.7532684378026646,False
2023-08-11,Stable_Volatility,Crypto_Volatility,0.19218197585881389,-1.014301623336617,1.46758821051618,False
2023-08-12,Stable_Volatility,Crypto_Volatility,1.0096334262304465,-0.36630937690927107,2.2635431593381288,False
2023-08-13,Stable_Volatility,Crypto_Volatility,-0.41430184110409096,-1.3536716861694083,0.4797128950569787,False
2023-08-14,Stable_Volatility,Crypto_Volatility,-0.4025126918273344,-2.808611766062805,1.9686700779073143,False
2023-08-15,Stable_Volatility,Crypto_Volatility,0.603855681888153,-0.3831198266396871,1.3572271041494435,False
2023-08-16,Stable_Volatility,Crypto_Volatility,0.14750750782712338,-1.8213825503702847,2.146357867114099,False
2023-08-17,Stable_Volatility,Crypto_Volatility,3.2516270651675594,-0.3233543757732275,6.571360436333257,False
2023-08-18,Stable_Volatility,Crypto_Volatility,-0.9039454161343933,-1.7272910054756583,-0.17871936553918705,True
2023-08-19,Stable_Volatility,Crypto_Volatility,-0.7673070218369962,-2.726022398164232,0.6998250147507488,False
2023-08-20,Stable_Volatility,Crypto_Volatility,0.2625112278859538,-0.479390415869829,1.07820100008763,False
2023-08-21,Stable_Volatility,Crypto_Volatility,-0.45426438173473455,-1.3799790367088254,0.4602388103732429,False
2023-08-22,Stable_Volatility,Crypto_Volatility,0.7823419255841985,-2.889935233887101,3.905089225663356,False
2023-08-23,Stable_Volatility,Crypto_Volatility,-0.034749808564610386,-1.0631545467204828,1.1822272627971038,False
2023-08-24,Stable_Volatility,Crypto_Volatility,-0.6254655700923579,-2.217397238904751,0.5774425675035321,False
2023-08-25,Stable_Volatility,Crypto_Volatility,-0.11942515715189296,-2.396257013813371,2.282388215986926,False
2023-08-26,Stable_Volatility,Crypto_Volatility,1.4243973038020852,0.3507604973859091,2.635972636885379,True
2023-08-27,Stable_Volatility,Crypto_Volatility,-0.21707531181774453,-0.9755377350082992,0.6815435662057405,False
2023-08-28,Stable_Volatility,Crypto_Volatility,-0.7508864155477067,-2.049573894958605,0.6963097151407927,False
2023-08-29,Stable_Volatility,Crypto_Volatility,1.5294999709417152,0.6963014498234674,2.61252290457709,True
2023-08-30,Stable_Volatility,Crypto_Volatility,-0.7919425641623803,-1.5144019678651244,-0.09041178848021171,True
2023-08-31,Stable_Volatility,Crypto_Volatility,1.1388998122900273,-1.6846676381601218,4.271842126828803,False
2023-09-01,Stable_Volatility,Crypto_Volatility,0.404690993400667,-1.1243329797262411,2.0167068106203585,False
2023-09-02,Stable_Volatility,Crypto_Volatility,-1.7273555583256657,-2.8681327982767018,-0.4857375832988352,True
2023-09-03,Stable_Volatility,Crypto_Volatility,-0.08769010107971083,-1.3831250871629044,1.014946706854263,False
2023-09-04,Stable_Volatility,Crypto_Volatility,-0.42912980619953395,-1.2737949858102975,0.3836997697348728,False
2023-09-05,Stable_Volatility,Crypto_Volatility,-0.5028786655838506,-3.130671152193618,2.03110416461654,False
2023-09-06,Stable_Volatility,Crypto_Volatility,0.808001026829372,-2.0324165069127553,3.020272134065249,False
2023-09-07,Stable_Volatility,Crypto_Volatility,0.12587616037487231,-3.779188241957989,3.618065587362052,False
2023-09-08,Stable_Volatility,Crypto_Volatility,-0.027229767765465415,-2.9989399436995816,3.4435403718043314,False
2023-09-09,Stable_Volatility,Crypto_Volatility,-2.1386575605466134,-5.870463698274829,1.0122583742614666,False
2023-09-10,Stable_Volatility,Crypto_Volatility,-1.0871464668167101,-2.2792651553613914,0.035854060619288614,False
2023-09-11,Stable_Volatility,Crypto_Volatility,-1.6920683273854806,-4.877850650285991,1.4194361585290762,False
2023-09-12,Stable_Volatility,Crypto_Volatility,0.03272181901231538,-0.6278360789658217,0.7223491739179166,False
2023-09-13,Stable_Volatility,Crypto_Volatility,-0.6966638437657664,-1.7698359070732366,0.3857771311713971,False
2023-09-14,Stable_Volatility,Crypto_Volatility,0.02070899833834865,-3.1373481619720236,3.768892761903511,False
2023-09-15,Stable_Volatility,Crypto_Volatility,-0.23826739404588007,-1.8644491840714614,1.5866778772158188,False
2023-09-16,Stable_Volatility,Crypto_Volatility,1.5618175840068096,-0.7481004819349762,4.184775829154246,False
2023-09-17,Stable_Volatility,Crypto_Volatility,-0.10068659447214325,-1.483294996187614,1.3198293867584656,False
2023-09-18,Stable_Volatility,Crypto_Volatility,-1.6737545140998633,-2.994052979914858,-0.2200252486368671,True
2023-09-19,Stable_Volatility,Crypto_Volatility,-0.4718028256120527,-1.6126942590715627,0.5353213299717186,False
2023-09-20,Stable_Volatility,Crypto_Volatility,-0.16640289657125795,-1.3166236501366648,0.828951690040225,False
2023-09-21,Stable_Volatility,Crypto_Volatility,-0.591458473776156,-2.5630963834510236,1.7490013334536307,False
2023-09-22,Stable_Volatility,Crypto_Volatility,-0.376562036855182,-4.760079204429887,3.5012713029597258,False
2023-09-23,Stable_Volatility,Crypto_Volatility,1.5090051912655342,-1.007010602421674,4.614015530900984,False
2023-09-24,Stable_Volatility,Crypto_Volatility,-0.9222468634729405,-1.930207375891327,0.0067762280917013085,False
2023-09-25,Stable_Volatility,Crypto_Volatility,-0.23275015055423265,-3.192973511776097,3.607023038379709,False
2023-09-26,Stable_Volatility,Crypto_Volatility,-0.5772056171640049,-1.630173079371667,0.36525069484420325,False
2023-09-27,Stable_Volatility,Crypto_Volatility,-1.44762720480428,-5.37243543125511,2.2216979696272556,False
2023-09-28,Stable_Volatility,Crypto_Volatility,0.12103723366402062,-2.216386489988057,2.7086397765762857,False
2023-09-29,Stable_Volatility,Crypto_Volatility,-0.05055486293419689,-1.1684081210233317,1.0771518011475814,False
2023-09-30,Stable_Volatility,Crypto_Volatility,1.8743687034919305,-1.4079942397142235,5.163914420061442,False
2023-10-01,Stable_Volatility,Crypto_Volatility,-1.3315804644364229,-2.5385407742410346,-0.22702818677674055,True
2023-10-02,Stable_Volatility,Crypto_Volatility,-1.025552982189455,-2.9758461691307336,0.9046988411982151,False
2023-10-03,Stable_Volatility,Crypto_Volatility,-0.5196269835679503,-1.2846435241822307,0.35347125593779827,False
2023-10-04,Stable_Volatility,Crypto_Volatility,-0.0036627125424399925,-2.0081867969350986,1.6898250344556178,False
2023-10-05,Stable_Volatility,Crypto_Volatility,0.010812899407415503,-1.5356209112088326,1.623557725861958,False
2023-10-06,Stable_Volatility,Crypto_Volatility,0.30132609127116156,-3.1343118008103446,3.8472503303679257,False
2023-10-07,Stable_Volatility,Crypto_Volatility,-1.9805483418338021,-3.505596576030789,-0.4277646671023808,True
2023-10-08,Stable_Volatility,Crypto_Volatility,-0.8020361273333013,-1.8760601202482046,0.2914481055843765,False
2023-10-09,Stable_Volatility,Crypto_Volatility,-1.504557317431701,-3.223109656918006,0.01004855862038691,False
2023-10-10,Stable_Volatility,Crypto_Volatility,-0.5509870662128667,-1.1361861653304415,0.14148752493854944,False
2023-10-11,Stable_Volatility,Crypto_Volatility,0.6650167684173255,-2.4584782460874286,2.902389203009279,False
2023-10-12,Stable_Volatility,Crypto_Volatility,0.7603281352501788,-1.0535046265424133,2.4476705795566023,False
2023-10-13,Stable_Volatility,Crypto_Volatility,0.15355032152055859,-2.7353736558448816,3.4560924156477535,False
2023-10-14,Stable_Volatility,Crypto_Volatility,1.5581413712907277,0.18016247520127623,2.8282904518194236,True
2023-10-15,Stable_Volatility,Crypto_Volatility,-0.7897652552539312,-2.2392695841635257,0.5818556581475645,False
2023-10-16,Stable_Volatility,Crypto_Volatility,-3.0275527661239074,-5.6824459453682135,0.015616270173451963,False
2023-10-17,Stable_Volatility,Crypto_Volatility,-0.6214012117757428,-1.4042063370007112,0.048762070159771825,False
2023-10-18,Stable_Volatility,Crypto_Volatility,-0.3082427018028109,-1.5946673362688593,0.8898042715297106,False
2023-10-19,Stable_Volatility,Crypto_Volatility,-0.5326195681467722,-1.6360017670823002,0.5885005660006595,False
2023-10-20,Stable_Volatility,Crypto_Volatility,0.6403429559548158,-3.035850928023612,3.825262334079931,False
2023-10-21,Stable_Volatility,Crypto_Volatility,-0.4215219614653102,-1.5385994608710893,0.5676570189485693,False
2023-10-22,Stable_Volatility,Crypto_Volatility,-1.1875217066854151,-3.2003410857414556,0.5220539658132557,False
2023-10-23,Stable_Volatility,Crypto_Volatility,-1.8622149969402753,-3.0054208815793033,-0.8469079668338491,True
2023-10-24,Stable_Volatility,Crypto_Volatility,0.27904683686095394,-1.7967837498936432,2.024647472110659,False
2023-10-25,Stable_Volatility,Crypto_Volatility,-0.5420681295578172,-1.1348175770066475,0.11358656867183893,False
2023-10-26,Stable_Volatility,Crypto_Volatility,-0.3907398236825584,-2.1375295557675718,1.4476252164225119,False
2023-10-27,Stable_Volatility,Crypto_Volatility,0.3627606194768606,-0.540459244542878,1.349168623229274,False
2023-10-28,Stable_Volatility,Crypto_Volatility,2.102245662056686,-0.2951011512345512,4.113265011606442,False
2023-10-29,Stable_Volatility,Crypto_Volatility,-0.4787063226968274,-1.4089616874286817,0.3929022538110647,False
2023-10-30,Stable_Volatility,Crypto_Volatility,-0.4813197760858259,-2.1213110039978123,1.1513733560359634,False
2023-10-31,Stable_Volatility,Crypto_Volatility,-0.022268471060724316,-0.8757470226881245,0.9960624888135912,False
2023-11-01,Stable_Volatility,Crypto_Volatility,1.0503330520670753,-0.9031526377754995,3.4706055302662415,False
2023-11-02,Stable_Volatility,Crypto_Volatility,0.018875441970250515,-2.712896881887689,3.175565808041592,False
2023-11-03,Stable_Volatility,Crypto_Volatility,-0.7386080310204157,-3.1399126345657002,1.6846267081930664,False
2023-11-04,Stable_Volatility,Crypto_Volatility,1.0150094560202712,-2.3220637114819302,4.328783460389221,False
2023-11-05,Stable_Volatility,Crypto_Volatility,-0.8013475510289854,-2.1420770688553765,0.37281201396566743,False
2023-11-06,Stable_Volatility,Crypto_Volatility,-0.14260086469383032,-2.990797437762449,2.565954426144958,False
2023-11-07,Stable_Volatility,Crypto_Volatility,0.5413782435942981,-0.4576132835799318,1.5312696520959213,False
2023-11-08,Stable_Volatility,Crypto_Volatility,-1.8640735725301372,-3.7766293191511418,-0.1866788143951657,True
2023-11-09,Stable_Volatility,Crypto_Volatility,-3.233118713922185,-5.408356149265135,-0.5943692413433392,True
2023-11-10,Stable_Volatility,Crypto_Volatility,-1.5216980231702917,-3.4371577929724477,0.5698109854713529,False
2023-11-11,Stable_Volatility,Crypto_Volatility,-0.09370022247308384,-2.001850422599331,1.7804167453600792,False
2023-11-12,Stable_Volatility,Crypto_Volatility,0.6850696737709923,-0.5137574657102528,1.7488336993072657,False
2023-11-13,Stable_Volatility,Crypto_Volatility,-1.6988394974506098,-3.3314745167192674,-0.390115537500504,True
2023-11-14,Stable_Volatility,Crypto_Volatility,0.5870520403965129,-2.5632039927945267,3.5977156857613295,False
2023-11-15,Stable_Volatility,Crypto_Volatility,-0.5458100517814772,-1.3317787737163216,0.1834387967680804,False
2023-11-16,Stable_Volatility,Crypto_Volatility,-1.3346741485100913,-4.495167281888124,2.3320612750101315,False
2023-11-17,Stable_Volatility,Crypto_Volatility,1.4064010457055087,-1.668329438209288,4.812888720324756,False
2023-11-18,Stable_Volatility,Crypto_Volatility,-0.38614502235307646,-4.2952324114855855,3.465671313723437,False
2023-11-19,Stable_Volatility,Crypto_Volatility,0.045409365321753464,-1.144449824035341,1.289853317712493,False
2023-11-20,Stable_Volatility,Crypto_Volatility,-0.8351166329498879,-3.1850896730822438,1.6635069417831425,False
2023-11-21,Stable_Volatility,Crypto_Volatility,1.0236196719884967,-0.9373293236949674,3.3607190469754826,False
2023-11-22,Stable_Volatility,Crypto_Volatility,-0.2321120542876805,-1.2404968080421872,0.7883213732422959,False
2023-11-23,Stable_Volatility,Crypto_Volatility,-0.15046574671558746,-3.865972953759499,3.4611886112489025,False
2023-11-24,Stable_Volatility,Crypto_Volatility,0.16783958522815087,-0.8963682232860133,1.2924449024886684,False
2023-11-25,Stable_Volatility,Crypto_Volatility,2.034254011350029,0.39237360389613607,3.8819283344542956,True
2023-11-26,Stable_Volatility,Crypto_Volatility,-1.5690089344966904,-2.9804674398795568,0.05044037537128322,False
2023-11-27,Stable_Volatility,Crypto_Volatility,0.9065319546896338,-1.2011103583150646,3.0337383828741,False
2023-11-28,Stable_Volatility,Crypto_Volatility,-0.022960010795346753,-1.0686129119732728,0.8941127202519958,False
2023-11-29,Stable_Volatility,Crypto_Volatility,1.366215250953312,-0.8214787245558723,3.846430303004542,False
2023-11-30,Stable_Volatility,Crypto_Volatility,1.1415995938171497,-1.8452120554783669,3.6765677960827228,False
2023-12-01,Stable_Volatility,Crypto_Volatility,-0.6674024086162393,-2.351630135101925,1.2344290272986413,False
2023-12-02,Stable_Volatility,Crypto_Volatility,-0.033109924615016086,-2.465546979293748,2.6379015871077502,False
2023-12-03,Stable_Volatility,Crypto_Volatility,0.322866007375986,-3.743000864727011,3.86678558449875,False
2023-12-04,Stable_Volatility,Crypto_Volatility,1.7251824433001992,-0.4463811302114583,4.248396162511539,False
2023-12-05,Stable_Volatility,Crypto_Volatility,-0.017068785697122647,-0.8863290513223987,0.8296843851177371,False
2023-12-06,Stable_Volatility,Crypto_Volatility,-1.0430907849036666,-2.5031119617904167,0.6903623958918818,False
2023-12-07,Stable_Volatility,Crypto_Volatility,-0.7297265378687077,-3.174698869919755,1.6606610652981604,False
2023-12-08,Stable_Volatility,Crypto_Volatility,0.4699499601710304,-2.300075207807187,2.969359068918491,False
2023-12-09,Stable_Volatility,Crypto_Volatility,-0.2823831445398383,-2.324453153496136,1.712493898475746,False
2023-12-10,Stable_Volatility,Crypto_Volatility,0.7289825447066065,-2.878422739126335,4.336857775025643,False
2023-12-11,Stable_Volatility,Crypto_Volatility,-3.2661156098029345,-5.272927332230413,-1.257176631884747,True
2023-12-12,Stable_Volatility,Crypto_Volatility,-1.0692646801838626,-2.3021213914635195,0.00457273906302777,False
2023-12-13,Stable_Volatility,Crypto_Volatility,0.8593059214829805,-0.4829740047384427,2.1806977438591932,False
2023-12-14,Stable_Volatility,Crypto_Volatility,1.1003953494865142,-0.3746514171034421,2.5613868421507178,False
2023-12-15,Stable_Volatility,Crypto_Volatility,0.41508386777689366,-2.2194966481854936,3.8232374390558794,False
2023-12-16,Stable_Volatility,Crypto_Volatility,0.43863798299720586,-1.0495007019925422,1.863620813448147,False
2023-12-17,Stable_Volatility,Crypto_Volatility,0.34872480258248933,-3.084405770803356,3.3887916420361393,False
2023-12-18,Stable_Volatility,Crypto_Volatility,-2.495000709290593,-6.463381975158896,0.9845887244823979,False
2023-12-19,Stable_Volatility,Crypto_Volatility,-0.4311154513007942,-2.920485506277128,2.5453277403697614,False
2023-12-20,Stable_Volatility,Crypto_Volatility,0.01934132612973715,-1.2374904370382969,1.5440355653238689,False
2023-12-21,Stable_Volatility,Crypto_Volatility,-0.17156679660039145,-4.3622833713854785,3.5888721375696138,False
2023-12-22,Stable_Volatility,Crypto_Volatility,0.24530387745630539,-2.3078456113312305,3.0193090809055008,False
2023-12-23,Stable_Volatility,Crypto_Volatility,0.6853184145164276,-2.925226474131183,4.150813931365293,False
2023-12-24,Stable_Volatility,Crypto_Volatility,-0.9267654501594157,-3.2780037020847566,1.4895323562191196,False
2023-12-25,Stable_Volatility,Crypto_Volatility,0.49826528623729543,-1.4934993594820758,2.306979791740567,False
2023-12-26,Stable_Volatility,Crypto_Volatility,2.283151676245127,-0.6469701592211133,5.2036115071227105,False
2023-12-27,Stable_Volatility,Crypto_Volatility,-0.07672787424396858,-1.1795372514196505,0.7229754023244663,False
2023-12-28,Stable_Volatility,Crypto_Volatility,-0.3608751754402386,-2.1457464214640405,1.0093249478861328,False
2023-12-29,Stable_Volatility,Crypto_Volatility,0.41830348531988754,-1.6586376090940982,3.1605818380321553,False
2023-12-30,Stable_Volatility,Crypto_Volatility,0.9035767991054878,-2.19132626072569,4.941003203185701,False
2023-12-31,Stable_Volatility,Crypto_Volatility,-0.2298127374507201,-1.3490427101225366,0.9363590915487368,False
2024-01-01,Stable_Volatility,Crypto_Volatility,-0.04398824934725573,-1.9304171428934156,1.8267262891412148,False
