Date,Open,High,Low,Close,Volume,Market Cap,Returns,Log Returns,Day,Monday,Tuesday,Wednesday,Thursday,Friday,Saturday,Weekend,VolChange,LogVolChange,Parkinson,GarmanKlass,RV,Log RV,Delta_LogRV
2020-01-01,0.9993664485610304,1.0000647502056523,0.9959132173970624,0.9998144613155576,21840547017.46362,4285605387.4180703,,,Wednesday,0,0,1,0,0,0,0,,,0.0024982772149848543,0.00292827656611408,,,
2020-01-02,0.9998144613155576,1.0002693790434602,0.9971869910949818,0.9991249561719738,21229357384.173653,4285060658.474947,-0.0006896330972013,-0.0006898710034907,Thursday,0,0,0,1,0,0,0,-0.0279841724111241,-0.0283831911266231,0.0018535214243806367,0.0021398191652338386,,,
2020-01-03,0.9991249561719738,1.0014985935133454,0.998032015900652,1.0013404719530523,29889884099.04576,4288139542.7321234,0.0022174561523986,0.0022150012249642,Friday,0,0,0,0,1,0,0,0.4079504884744402,0.3421350926818005,0.002082382837503752,0.002028833269175462,,,
2020-01-04,1.0013404719530523,1.0013404719530523,0.9982443407268944,0.9982443407268944,28423601263.574924,4286404386.574165,-0.0030919865049687,-0.0030967765716716,Saturday,0,0,0,0,0,1,1,-0.0490561566117832,-0.050300268245237,0.001859803867619908,0.001044241320210611,,,
2020-01-05,0.9982443407268944,1.0017629037978286,0.9966464095813689,0.9995783635721318,24761091705.55074,4285622785.6537848,0.0013363690539593,0.0013354769075713,Sunday,0,0,0,0,0,0,1,-0.1288545221297387,-0.1379462921153187,0.0030752204990367495,0.003524372874110958,,,
2020-01-06,0.9995783635721318,0.9997180108653348,0.9978021360001172,0.9992694948671982,28507259790.168465,4284093454.6464014,-0.000308998990164,-0.0003090467401886,Monday,1,0,0,0,0,0,0,0.1512925249486452,0.1408852459713273,0.0011520289005836951,0.0013427412896996967,,,
2020-01-07,0.9992694948671982,1.0007366534031596,0.9952249568651276,1.0005803404316873,34885655539.17845,4285133844.315892,0.0013118038439303,0.0013109441809918,Tuesday,0,1,0,0,0,0,0,0.2237463648193136,0.2019169443325846,0.0033168168243819757,0.0038193099119808124,,,
2020-01-08,1.0005803404316873,1.000868148717751,0.9903374154982708,0.998966638112405,40806389549.745575,4282829210.7200327,-0.0016127663657533,-0.0016140682733988,Wednesday,0,0,1,0,0,0,0,0.1697182959316279,0.1567629471112524,0.006352341418778488,0.007411727494288589,,,
2020-01-09,0.998966638112405,1.0003634970038409,0.9961980730517626,0.9995742184228388,35559158976.77149,4282668173.774769,0.0006082088102379,0.000608023926221,Thursday,0,0,0,1,0,0,0,-0.128588454672702,-0.1376409162159222,0.002505903842394708,0.00292617498383072,,,
2020-01-10,0.9995742184228388,1.0022146312496634,0.9974207716897798,0.9986063930831232,33594201841.13785,4284865625.8464007,-0.0009682375974469,-0.0009687066422584,Friday,0,0,0,0,1,0,0,-0.055258819167158,-0.0568442717176844,0.002879536521839315,0.003336507694259961,,,
2020-01-11,0.9986063930831232,1.0000250924848215,0.994836217377195,0.9980765396987918,39125502588.38137,4277259721.832388,-0.0005305928221582,-0.0005307336363419,Saturday,0,0,0,0,0,1,1,0.1646504588321593,0.1524210066608546,0.0031242714435141088,0.0036637287628473896,,,
2020-01-12,0.9980765396987918,1.001183758237767,0.9970841404075726,0.9973766737975022,32081378087.60965,4281324335.730318,-0.0007012146598505,-0.0007014606258401,Sunday,0,0,0,0,0,0,1,-0.1800392080551452,-0.1984987545683942,0.002464209005830162,0.00286844144812325,,,
2020-01-13,0.9973766737975022,0.9999369238310926,0.9973766737975022,0.9984066255165815,29426002687.79855,4282676130.855128,0.0010326607250175,0.0010321278977193,Monday,1,0,0,0,0,0,0,-0.0827699917553307,-0.0863970113021528,0.0015396557533073564,0.0016955091462103051,,,
2020-01-14,0.9984066255165815,1.002618511608617,0.9967250679836496,1.002618511608617,46331287840.15584,4283907806.538541,0.0042186079142416,0.0042097345346607,Tuesday,0,1,0,0,0,0,0,0.5745015839126202,0.4539387675366009,0.0035405458958325683,0.0032453024999123076,,,
2020-01-15,1.002618511608617,1.0038411738670587,0.9947838284928768,0.998857664201466,67619524597.06954,4280370170.079666,-0.0037510253038486,-0.0037580780414525,Wednesday,0,0,1,0,0,0,0,0.4594786320285049,0.3780792705940353,0.005443269725624058,0.005968172173235476,,,
2020-01-16,0.998857664201466,1.0005288665933063,0.9942489164664408,0.9983914746353666,48852024517.1945,4278051906.412348,-0.0004667227201706,-0.00046683166912,Thursday,0,0,0,1,0,0,0,-0.2775455786136712,-0.3251009455718622,0.0037813804662868225,0.004442770867564407,,,
2020-01-17,0.9983914746353666,1.00177623461138,0.9949623923657466,0.9949623923657466,48186132313.3175,4280586673.21886,-0.0034346069219715,-0.0034405187246862,Friday,0,0,0,0,1,0,0,-0.0136308005749614,-0.0137245528577214,0.004098829095375606,0.004326392035697778,,,
2020-01-18,0.9949623923657466,0.999978981797816,0.9948483881316648,0.9989526313960873,50572607381.04589,4278147286.6323295,0.0040104420638984,0.0040024216775032,Saturday,0,0,0,0,0,1,1,0.0495261801094757,0.0483388052837393,0.003089232032718875,0.0026536206803744592,,,
2020-01-19,0.9989526313960873,1.0037653231965216,0.986550018139718,0.9991364710866776,48646078514.19352,4279406903.3058615,0.0001840324403905,0.0001840155084983,Sunday,0,0,0,0,0,0,1,-0.0380943156111507,-0.0388388742986131,0.010389411132508996,0.012232062122693706,,,
2020-01-20,0.9991364710866776,1.0002695440688687,0.9967921625480032,0.9992169116016584,39692810564.68405,4282350694.894989,8.051003772613363e-05,8.050679696698757e-05,Monday,1,0,0,0,0,0,0,-0.1840491201546115,-0.2034011220978043,0.0020914551994164372,0.002461991894155952,,,
2020-01-21,0.9986097487605408,0.9993781055452916,0.997083025548687,0.99876911982167,33497433599.847183,4280961623.443807,-0.0004481427153495,-0.0004482431613067,Tuesday,0,1,0,0,0,0,0,-0.1560831011132553,-0.1697012502684484,0.0013807798134805513,0.0016227156912023255,,,
2020-01-22,0.99876911982167,0.9995334371769152,0.9973526062471824,0.9983563302921392,32244974921.879856,4281076405.067713,-0.0004132982501546,-0.0004133836814163,Wednesday,0,0,1,0,0,0,0,-0.037389690593283,-0.0381066122112885,0.0013117653606335145,0.001522965429641654,,,
2020-01-23,0.9983563302921392,1.0023654598191616,0.9954087891992623,0.9981235064477532,32350840381.370987,4282863565.545909,-0.0002332071599304,-0.0002332343569486,Thursday,0,0,0,1,0,0,0,0.0032831614770243,0.0032777836699733,0.004182578061595845,0.0049224753231285655,,,
2020-01-24,0.9981235064477532,1.0010711316704928,0.996356310346824,0.9985904073191796,36618677611.76666,4284147341.8822384,0.0004677786550564,0.0004676692807286,Friday,0,0,0,0,1,0,0,0.1319235352183705,0.12391842910583,0.0028351908779587023,0.003325503255637306,,,
2020-01-25,0.9985904073191796,1.0011090970195926,0.998553517135579,0.999264210733025,34749106553.65201,4286179538.858493,0.0006747545429104,0.0006745269984158,Saturday,0,0,0,0,0,1,1,-0.0510551221411094,-0.0524045665071311,0.0015350419193600816,0.001758078796141591,,,
2020-01-26,0.999264210733025,1.000605151838474,0.9980231856866256,0.9984442222051396,32602003581.20522,4286250163.353815,-0.0008205923109002,-0.0008209291810719,Sunday,0,0,0,0,0,0,1,-0.0617887245282609,-0.0637801149637288,0.0015516937645401814,0.0017542867025308342,,,
2020-01-27,0.999569036700038,0.999569036700038,0.9969506296880762,0.9983666485990196,42867206310.302574,4283341721.248583,-7.769448146910385e-05,-7.769749984167083e-05,Monday,1,0,0,0,0,0,0,0.3148641678886006,0.2737333659132036,0.0015752557780840508,0.0016971619164905473,,,
2020-01-28,0.9983666485990196,1.0002958687385504,0.9950221445023216,0.997695385325394,53519592777.256325,4278470217.2556458,-0.0006723614761846,-0.0006725876125312,Tuesday,0,1,0,0,0,0,0,0.2484973335991245,0.2219406950518896,0.003174633349666164,0.0037143958601941365,,,
2020-01-29,0.997695385325394,1.0019250759367788,0.9954881859256356,0.9971381693759376,59720709547.61791,4278897249.308921,-0.0005585030838592,-0.0005586591048014,Wednesday,0,0,1,0,0,0,0,0.1158662921104438,0.1096310468444571,0.003870766129134266,0.004544232703712203,,,
2020-01-30,0.9964263205403234,1.0009920742636782,0.9950789292909517,0.999437498151693,58787217258.1638,4281938645.4454336,0.0023059279509825,0.0023032733791759,Thursday,0,0,0,1,0,0,0,-0.0156309644765656,-0.0157544161372927,0.0035582059440640813,0.0037462640303583946,,,
2020-01-31,1.0000370084933987,1.0000370084933987,0.9954846187563056,0.996978655653425,65237043347.791664,4281108504.5012646,-0.002460226380154,-0.0024632577099338,Friday,0,0,0,0,1,0,0,0.1097147711772692,0.104103019400258,0.0027401290659339202,0.0026047453497299836,0.0018092260276972145,-6.314856134162269,
2020-02-01,0.9994034780176824,1.000664056872074,0.9955512575224084,0.9998703549736004,63694287434.45459,4279315002.90905,0.0029004626165043,0.002896264390715,Saturday,0,0,0,0,0,1,1,-0.0236484646477973,-0.0239325777540266,0.0030763772098038903,0.0036105069721282905,0.0018807036803492616,-6.276109274114205,0.0387468600480636
2020-02-02,0.9998703549736004,1.0003267199911834,0.9954739581814178,0.9974565559163506,66500200425.2402,4281098630.840862,-0.0024141120348682,-0.0024170307015986,Sunday,0,0,0,0,0,0,1,0.0440528201790948,0.0431100822218902,0.002920518318682124,0.0030931457757488513,0.0018889785333547778,-6.271719054553393,0.004390219560812092
2020-02-03,0.9974565559163506,1.0078254804216549,0.995821795150299,0.9982696370110804,72084632616.32892,4282310813.525549,0.0008151543943513,0.000814822336448,Monday,1,0,0,0,0,0,0,0.0839761708292408,0.0806359201459812,0.007195911195684661,0.00845738878240131,0.0018085086608342564,-6.315252717623535,-0.04353366307014195
2020-02-04,0.9995061406163458,0.999984022469209,0.9957504312615016,0.9976183795532692,68567542256.34604,4279477992.9935846,-0.0006523863229589,-0.000652599219515,Tuesday,0,1,0,0,0,0,0,-0.0487911255468641,-0.0500216039044107,0.0025479686875787924,0.0027603334347416483,0.0017959537341853665,-6.3222190699097895,-0.00696635228625464
2020-02-05,0.9985356882013652,1.001011257741118,0.9966604785735984,0.9976613686441969,74846634893.6162,4280273747.5710974,4.309171904681719e-05,4.3090790625363405e-05,Wednesday,0,0,1,0,0,0,0,0.0915752910290292,0.0876218740416528,0.0026159586289658094,0.003031554278309463,0.0017950844120230706,-6.322703231950895,-0.0004841620411051295
2020-02-06,0.995217864259131,1.0002708375934208,0.995217864259131,0.9976168116819492,87893442481.83168,4282183432.1614966,-4.466140881875802e-05,-4.466240616917235e-05,Thursday,0,0,0,1,0,0,0,0.1743138834065105,0.1606840480274417,0.0030414867642585878,0.003253458281762808,0.0017790752417430706,-6.331661576789747,-0.008958344838852383
2020-02-07,0.997999672277358,1.0012810422136027,0.9968937397756764,0.999325707902919,91423229153.22612,4282001933.316875,0.0017129785714904,0.0017115130970094,Friday,0,0,0,0,1,0,0,0.0401598409588301,0.0393743945733313,0.0026372546526225865,0.0029934534412691485,0.0017821085092621517,-6.3299580599455165,0.0017035168442305348
2020-02-08,0.9988215954512892,1.001313697961442,0.9955064908300736,0.998614542377728,92111531323.1891,4282077926.397943,-0.000711645382048,-0.0007118987218221,Saturday,0,0,0,0,0,1,1,0.0075287448970915,0.0075005453469295,0.0034931469152942015,0.00411084722707742,0.0017833902999513016,-6.329239063354601,0.000718996590915566
2020-02-09,0.998614542377728,1.0060291151461378,0.9958494239758848,1.0060291151461378,97991630268.73502,4282262511.0792894,0.0074248595967323,0.0073974310119695,Sunday,0,0,0,0,0,0,1,0.0638367298977429,0.0618819298006708,0.006107843373401499,0.005529733930226328,0.002230082374240201,-6.1057167550711755,0.22352230828342545
2020-02-10,1.0060291151461378,1.0060291151461378,0.9897253965952144,1.0008152393771466,103116142397.2862,4283002852.305487,-0.0051826291013793,-0.0051961055058833,Monday,1,0,0,0,0,0,0,0.0522954063984604,0.0509738794585705,0.009812427943556972,0.011092693514316989,0.002421541217987905,-6.023351074590075,0.08236568048110016
2020-02-11,0.9997288213428416,1.0076161631996758,0.9967578285053292,0.9996519569811791,81916311829.74472,4285621525.3787646,-0.0011623348148569,-0.0011630108498713,Tuesday,0,1,0,0,0,0,0,-0.2055917732634208,-0.2301578103926875,0.006506927731191386,0.0076611728847521,0.002427456853991744,-6.020911131801553,0.0024399427885226643
2020-02-12,0.9994519252019672,1.0013935528247508,0.9950096644786544,0.9978081781448398,53241800231.18303,4282214982.9171352,-0.0018444207741135,-0.0018461238125112,Wednesday,0,0,1,0,0,0,0,-0.3500464188153263,-0.4308543322045645,0.003840836067863785,0.00440500261015421,0.0024434899118106683,-6.014327969844266,0.006583161957286698
2020-02-13,0.9978081781448398,1.0001806483237117,0.9948080960375876,0.9985897012303784,65782941694.70976,4278587015.114821,0.0007832398076668,0.0007829332354379,Thursday,0,0,0,1,0,0,0,0.2355506652493233,0.2115167534967213,0.0032346591235846577,0.003777304951722839,0.0023238646552130463,-6.064523679548497,-0.05019570970423093
2020-02-14,0.9965010951518832,1.000744261421812,0.9965010951518832,0.9985443238574164,67736581336.8092,4284176710.292136,-4.5441458995654216e-05,-4.544249149003086e-05,Friday,0,0,0,0,1,0,0,0.0296982711896045,0.0292658187334507,0.0025517995283400475,0.0027214683400389903,0.0022202801814698893,-6.110121883192172,-0.045598203643675284
2020-02-15,0.996394070965894,1.0017395243103255,0.996394070965894,0.9994804905300294,66598768503.9013,4284863250.006899,0.0009375314147264,0.0009370922066424,Saturday,0,0,0,0,0,1,1,-0.0167976123160144,-0.0169402922507692,0.003213278195839387,0.003258625186616524,0.0022252305687523372,-6.107894742327233,0.0022271408649388036
2020-02-16,0.9998742924236496,1.00157236763956,0.9957671589792488,1.0000039153066014,56037519067.103714,4286201546.957668,0.0005236968420407,0.0005235597607068,Sunday,0,0,0,0,0,0,1,-0.1585802511675409,-0.1726646367053262,0.00349103682727293,0.004109592045679729,0.0021368705954534733,-6.148412858782088,-0.04051811645485426
2020-02-17,0.9985672167305772,1.0023107102466284,0.9970371507526696,1.001254079117076,61396471103.03584,4287922554.795341,0.0012501589157192,0.0012493781177419,Monday,1,0,0,0,0,0,0,0.0956315005579546,0.0913309098718401,0.0031681356182055266,0.0033354313887271596,0.0020209572372843127,-6.2041839999708985,-0.05577114118881088
2020-02-18,0.9976882575355976,1.002161172549892,0.9973596323575418,0.9988434745887655,64654434950.00523,4286870712.345658,-0.002407585225956,-0.0024104881195112,Tuesday,0,1,0,0,0,0,0,0.0530643502539724,0.0517043426369163,0.002884315378524296,0.003318983507800229,0.0020680476776813116,-6.181150267630096,0.02303373234080297
2020-02-19,0.999416292530712,1.0017559625509742,0.996619749016236,0.9999593922695008,67620873905.62721,4286744585.1504254,0.0011172097622149,0.0011165861478174,Wednesday,0,0,1,0,0,0,0,0.0458814458422816,0.0448600187242612,0.0030871245690417028,0.0036190941475305956,0.002078019242740803,-6.176340126126224,0.004810141503871712
2020-02-20,0.999304389605483,1.00164232209536,0.9970948531208558,0.9994858276560948,72078154999.1025,4287128046.344864,-0.000473583844571,-0.0004736960208179,Thursday,0,0,0,1,0,0,0,0.0659157570145563,0.0638342954299921,0.0027327636574313928,0.00321560418877731,0.0020782074422003873,-6.176249563472173,9.05626540506077e-05
2020-02-21,1.0003974240863576,1.0008637819433144,0.9969844433724084,0.9999627370793418,54492691783.74141,4286672813.9906063,0.0004771547630297,0.0004770409608952,Friday,0,0,0,0,1,0,0,-0.2439777102449425,-0.2796844194342567,0.002332292456418767,0.0027327468220443114,0.002078661967026087,-6.176030877349149,0.00021868612302444745
2020-02-22,0.9999627370793418,1.0009496279037786,0.9977161940063926,1.000306114734035,40537528174.32,4287418558.149164,0.0003433904504244,0.0003433315054174,Saturday,0,0,0,0,0,1,1,-0.2560923887702885,-0.2958384303145167,0.0019431729192429792,0.0022779383104317838,0.00207917087202386,-6.175786083957969,0.00024479339117977617
2020-02-23,0.9995499728319316,1.001291792008665,0.9985245882384836,1.0001168385887953,41619095583.89851,4287747442.803205,-0.0001892182227538,-0.0001892361267803,Sunday,0,0,0,0,0,0,1,0.0266806452758427,0.0263309237531012,0.001662028880356376,0.001924901140279052,0.0020777041913910286,-6.176491748993035,-0.0007056650350660831
2020-02-24,1.0004179272957094,1.0013064685419903,0.9978114825757476,1.0005838312565745,46732833046.68211,4285031673.445193,0.000466938111389,0.0004668291297129,Monday,1,0,0,0,0,0,0,0.1228699804990953,0.1158878903349069,0.0020998812186011667,0.002470272208492112,0.002075801724414546,-6.177407826710555,-0.0009160777175196699
2020-02-25,1.0005838312565745,1.0018901011689776,0.9960116710623168,0.9994568378903992,48526916958.291046,4286337474.527177,-0.0011263357761437,-0.0011269705689887,Tuesday,0,1,0,0,0,0,0,0.0383902236317836,0.0376716520849476,0.003534074899494658,0.004101677996924262,0.002080582626056969,-6.175107315810788,0.0023005108997669055
2020-02-26,0.9994568378903992,1.0021439913570782,0.9946061910529524,1.0001838590192456,53671767433.1688,4285932899.7492666,0.0007274162337824,0.0007271517948242,Wednesday,0,0,1,0,0,0,0,0.1060205510129514,0.1007684843135433,0.004534299757017234,0.0053195662180762675,0.002084765652271559,-6.173098827040445,0.0020084887703424315
2020-02-27,1.0001838590192456,1.0023134223025794,0.9987595957333744,1.0004261567401038,60320406793.25942,4290333399.202204,0.000242253180426,0.0002422238418624,Thursday,0,0,0,1,0,0,0,0.1238759161111919,0.1167833504586634,0.0021331481552645986,0.002507073912523871,0.0020816158230228584,-6.174610848859607,-0.0015120218191615464
2020-02-28,1.0004261567401038,1.0046279192856686,0.9987106257154252,0.9994949791855116,49345471141.94554,4290379239.222594,-0.0009307808960398,-0.0009312143415607,Friday,0,0,0,0,1,0,0,-0.1819439926678393,-0.2008244761020357,0.003547785067967377,0.004136907241125246,0.002086055234122727,-6.172480444267659,0.0021304045919476877
2020-02-29,0.9994949791855116,1.0022382844807738,0.9990441317015576,1.0012805745660804,46223861295.95453,4290225134.568067,0.0017864975990413,0.0017849037102423,Saturday,0,0,0,0,0,1,1,-0.063260310900903,-0.0653498484688954,0.0019170566367474504,0.001965729118225092,0.002069054584344753,-6.180663498573132,-0.008183054305472837
2020-03-01,1.0012805745660804,1.004197506390802,0.9983525378027306,1.004197506390802,40186249024.74764,4291704139.289254,0.0029132012532906,0.0029089661057505,Sunday,0,0,0,0,0,0,1,-0.1306167875623859,-0.1399712699793968,0.0035058013689100217,0.0037107403787867334,0.002088253268873279,-6.171427318964571,0.009236179608561379
2020-03-02,1.004197506390802,1.004197506390802,0.9995936261350348,1.0013038900253897,48087893238.40578,4294823463.379403,-0.0028815211619198,-0.0028856807365464,Monday,1,0,0,0,0,0,0,0.1966255723143535,0.1795055725580387,0.002759685569666814,0.00270944598836694,0.0020877648122745156,-6.17166125310542,-0.0002339341408488238
2020-03-03,1.0013038900253897,1.0035959144080069,0.998861289844916,1.000170115052391,69007111545.63266,4292912518.661137,-0.0011322985801742,-0.0011329401145296,Tuesday,0,1,0,0,0,0,0,0.4350204780965447,0.3611791195603163,0.0028399479625330526,0.003268800490805647,0.0020510515451981326,-6.189402668467986,-0.01774141536256657
2020-03-04,1.000170115052391,1.004663595496794,0.9996423340114372,1.002369795921023,58833641817.370926,4292865077.286944,0.0021993067334518,0.0021968917985381,Wednesday,0,0,1,0,0,0,0,-0.1474263956336482,-0.1594957341188287,0.003009102662066357,0.003269264823495658,0.00208460045225537,-6.173178071708404,0.016224596759582433
2020-03-05,1.0047447376038454,1.0047447376038454,0.9991685548288411,0.9992865811132838,44415978947.26618,4292684968.471698,-0.0030759254920547,-0.0030806658740747,Thursday,0,0,0,1,0,0,0,-0.2450581406274234,-0.2811145401518796,0.0033423079725558584,0.0020060520490982055,0.002155855498038429,-6.13956765135481,0.03361042035359407
2020-03-06,0.9992865811132838,1.0020834420306164,0.9981867312777368,1.0020834420306164,48597054902.98468,4291053586.63847,0.0027988576752593,0.0027949481661902,Friday,0,0,0,0,1,0,0,0.0941344996737001,0.089963639471891,0.0023399001740616694,0.0021383443321410403,0.0022154101673514765,-6.112317715494358,0.027249935860451657
2020-03-07,1.0020834420306164,1.002591136836519,0.9994985462633864,0.9994985462633864,44177457833.18504,4291716450.672571,-0.0025795214837518,-0.0025828541817053,Saturday,0,0,0,0,0,1,1,-0.0909437223844649,-0.0953482751528548,0.001855352846743271,0.0014815756337765284,0.0022650269114041937,-6.0901686387030685,0.022149076791289524
2020-03-08,0.9994985462633864,1.0068316570710387,0.9940745845258242,1.0068316570710387,47103914715.37382,4294113339.832585,0.0073367898683465,0.0073100065481722,Sunday,0,0,0,0,0,0,1,0.066243216013903,0.0641414573312045,0.0076580366482828285,0.0077883156038625195,0.0026103468858540775,-5.948272160021315,0.1418964786817538
2020-03-09,1.0068316570710387,1.0087941868998862,0.9962731511258708,1.0005612777569208,59779660664.98758,4296228032.398402,-0.0062278328954802,-0.0062473067421106,Monday,1,0,0,0,0,0,0,0.2691017514405578,0.2383093678980815,0.007500741676192468,0.00793207790521081,0.00284569480487356,-5.861948021581392,0.08632413843992293
2020-03-10,1.0005612777569208,1.0036564049505374,0.9989470660557024,1.0005299047245786,52135378876.74569,4294570145.179788,-3.13554332349586e-05,-3.135592482683135e-05,Tuesday,0,1,0,0,0,0,0,-0.1278742920787283,-0.1368217050031041,0.002824574603011806,0.0033256253450296585,0.0025047845236114597,-5.989552566663494,-0.12760454508210195
2020-03-11,1.0005299047245786,1.0029128451528946,0.9970586747053536,0.9988167988364098,45042424807.46204,4293041707.417877,-0.0017121985860485,-0.0017136660733732,Wednesday,0,0,1,0,0,0,0,-0.1360487680745975,-0.146238956301918,0.0035158477618452734,0.004000228725113761,0.002339198611166256,-6.057946882130667,-0.0683943154671729
2020-03-12,0.9988167988364098,1.0151850813669112,0.9872924012909188,0.9872924012909188,54385713378.59599,4295660868.188673,-0.0115380493789417,-0.0116051291496744,Thursday,0,0,0,1,0,0,0,0.2074330725104762,0.1884966785161267,0.016731618875224726,0.018332029288285093,0.0031489783137718824,-5.760677223590081,0.2972696585405856
2020-03-13,0.9872924012909188,1.0511992240671415,0.9694886260052796,1.0122904462995,84440762341.78757,4348998229.613668,0.0253197988517843,0.0250045628086319,Friday,0,0,0,0,1,0,0,0.5526276497279525,0.4399487534924399,0.04859631170540266,0.05506680257031481,0.005535647871561994,-5.196546669705317,0.5641305538847643
2020-03-14,1.0122904462995,1.0122904462995,0.9918550080364844,0.9926635986079309,62400327283.15861,4303363306.009824,-0.0193885537133303,-0.0195789770953474,Saturday,0,0,0,0,0,1,1,-0.2610165333351297,-0.3024797308621885,0.012247770488761097,0.007737855822267752,0.006587931593418504,-5.022515850233326,0.17403081947199084
2020-03-15,0.9926635986079309,1.0148728458022749,0.987286106850771,1.0011458948658396,40311861368.19644,4294952784.623625,0.0085449857029147,0.0085086839645499,Sunday,0,0,0,0,0,0,1,-0.3539799689628179,-0.4369247678827715,0.01655070762374317,0.01875566948562098,0.0067686062528298134,-4.9954600843261945,0.027055765907131324
2020-03-16,1.0011458948658396,1.0192624386283726,0.9828427205063603,1.005486285864779,47100719222.25896,4306594271.904266,0.0043354230599139,0.0043260521880597,Monday,1,0,0,0,0,0,0,0.1684084441563025,0.1556425186161709,0.021851682149904118,0.02558750937974512,0.006812384565151598,-4.989013063701239,0.006447020624955613
2020-03-17,1.005486285864779,1.0130740676216796,0.9991288477982344,1.001779691295884,50869873377.87608,4308756663.018039,-0.0036863700887845,-0.0036931814957307,Tuesday,0,1,0,0,0,0,0,0.0800232824010869,0.0769825986825469,0.008324301723041558,0.00952853523802491,0.006845005426447442,-4.984236027481273,0.0047770362199655025
2020-03-18,1.001779691295884,1.008670916215789,0.9866642402603778,1.0022199894895598,42140052792.17522,4291223062.262901,0.0004395159908923,0.0004394194320309,Wednesday,0,0,1,0,0,0,0,-0.1716108180740542,-0.1882722085441114,0.013247791172146464,0.015595690940403459,0.006841674069989504,-4.984722830218868,-0.000486802737595049
2020-03-19,1.0022199894895598,1.0080096174101676,0.9944861204972278,1.001393376176751,49779172358.39764,4294480880.642988,-0.000824782304761,-0.0008251226248256,Thursday,0,0,0,1,0,0,0,0.1812793069789626,0.1665980096589698,0.008111688742020616,0.009537005194246717,0.0068291666079415,-4.986552632179469,-0.0018298019606008964
2020-03-20,1.001393376176751,1.0123919943438158,0.9884954967188572,1.0047917127037416,63605032158.48425,4297618169.509255,0.0033936079545133,0.0033878626615509,Friday,0,0,0,0,1,0,0,0.2777438664617377,0.2450959183899978,0.014345625973794447,0.016758921860250384,0.006854089644289579,-4.982909776495091,0.0036428556843786097
2020-03-21,1.0047917127037416,1.011335869145583,0.9921129883459432,0.9983949644095258,60477771787.51736,4294632824.190591,-0.0063662430863438,-0.0063865940305449,Saturday,0,0,0,0,0,1,1,-0.0491668703692299,-0.0504167001498636,0.011524996699346072,0.01297608992529178,0.006952027380435107,-4.968721952529232,0.014187823965858826
2020-03-22,0.9983949644095258,1.0079642123465475,0.9900785338030792,0.9982843561371632,47133271830.56437,4291171315.873648,-0.0001107860879767,-0.0001107922252086,Sunday,0,0,0,0,0,0,1,-0.2206513163850937,-0.2492967291292679,0.010752254014583889,0.012659624365064168,0.006951511221282217,-4.968796201131392,-7.42486021598765e-05
2020-03-23,0.9982843561371632,1.0264093741199307,0.995645096444045,1.002244157550143,50436458613.96236,4290930669.1978784,0.0039666066974166,0.0039587604548655,Monday,1,0,0,0,0,0,0,0.0700818478138405,0.0677351388323158,0.018275726689551082,0.02137688997908447,0.006988703159635012,-4.963460267898069,0.0053359332333231535
2020-03-24,1.002244157550143,1.0053046788034774,0.9960766293120632,0.9995692921543338,54502352833.102844,4292102750.245288,-0.0026688760175441,-0.0026724438165653,Tuesday,0,1,0,0,0,0,0,0.0806141892368097,0.0775295732289128,0.005538222795304434,0.006305664196955592,0.007005629406046234,-4.961041252259326,0.002419015638742472
2020-03-25,0.9995692921543338,1.0056867709520028,0.9965636038685508,1.000935059195729,49460137591.65243,4296138284.208901,0.0013663555414467,0.001365422927139,Wednesday,0,0,1,0,0,0,0,-0.0925137169195372,-0.0970768280202158,0.005472900090900278,0.00638772026395006,0.007009545281446342,-4.960482447165658,0.0005588050936680133
2020-03-26,1.0035916422253768,1.0056411792106128,0.9983173167214576,1.0043721377368615,42649348786.22765,4295887613.910076,0.0034338676715894,0.0034279854100885,Thursday,0,0,0,1,0,0,0,-0.137702585092975,-0.1481550389327647,0.004389758839195685,0.005145912066949663,0.007034421968406058,-4.956939756907932,0.003542690257726022
2020-03-27,1.0043721377368615,1.009832603035164,0.9935753838845226,0.99914692626289,40320255128.71887,4293215688.361907,-0.0052024655778936,-0.0052160455218752,Friday,0,0,0,0,1,0,0,-0.0546102982529218,-0.0561580536936714,0.009747060501137704,0.011008868957809994,0.0070973496321781295,-4.948033855867904,0.008905901040027864
2020-03-28,0.99914692626289,1.009781010071532,0.9930357198525516,1.0006373121544627,39446293514.88662,4297208596.277756,0.0014916583861666,0.0014905469688954,Saturday,0,0,0,0,0,1,1,-0.0216754981098756,-0.0219138624576275,0.010042662270006487,0.011787983995440066,0.007102427312588956,-4.947318678348284,0.0007151775196199139
2020-03-29,1.0014406899848831,1.002393477106216,0.9963731550781222,1.002326806740004,34855120748.52719,4292631951.2408056,0.0016884185358865,0.0016869947597051,Sunday,0,0,0,0,0,0,1,-0.1163904731537518,-0.1237400256402378,0.0036178138294537207,0.004224031297069815,0.007107069257876582,-4.946665320162126,0.0006533581861587479
2020-03-30,1.0005565074737677,1.0132500252648509,0.9973526011162668,1.0029497707625603,38426082878.28011,4298584881.645626,0.0006215178705859,0.0006213248083445,Monday,1,0,0,0,0,0,0,0.1024515782205062,0.0975364073929531,0.009497227383188981,0.011083104297629195,0.007100500372861665,-4.947590022367178,-0.0009247022050526965
2020-03-31,1.0029497707625603,1.0029497707625603,0.9978299765466566,0.9984931709536592,41264773318.86201,4291029413.712591,-0.0044434925245684,-0.004453394180319,Tuesday,0,1,0,0,0,0,0,0.0738740518926646,0.0712727190914331,0.003073558192329319,0.0023312490793805526,0.007127140151727885,-4.943845225757777,0.003744796609400858
2020-04-01,0.999678479795628,1.005708065665366,0.9960397535108956,1.000337302915385,36693492390.98268,4290413551.064301,0.0018469149468138,0.0018452114964995,Wednesday,0,0,1,0,0,0,0,-0.1107792569840631,-0.1174097694359586,0.005801388454773813,0.0068183286162190535,0.007115620034882629,-4.9454629064891185,-0.0016176807313410535
2020-04-02,1.000337302915385,1.0142009479195042,0.99365854499768,0.9947146386418833,46923518251.53092,6095824855.708302,-0.0056207683719432,-0.0056366243335273,Thursday,0,0,0,1,0,0,0,0.2787967346237732,0.2459195847312348,0.012289107640066618,0.014038803850959078,0.007186676178871783,-4.935526498019633,0.009936408469485514
2020-04-03,0.9947146386418833,1.004164154676907,0.9947146386418833,0.9999212389059342,50639632253.1097,6346616019.748836,0.0052342652473273,0.0052206140960982,Friday,0,0,0,0,1,0,0,0.079195127306072,0.0762155108030618,0.00567823824661995,0.005845430938759394,0.007238503328185989,-4.928340816580824,0.007185681438809155
2020-04-04,0.9999212389059342,1.0017313878403271,0.9976680583402904,0.9987422945361392,40377750400.84432,6345881912.141431,-0.0011790372320573,-0.001179732843276,Saturday,0,0,0,0,0,1,1,-0.2026452680575147,-0.2264556152193412,0.0024410143982215946,0.0027789698299335074,0.007219831900902322,-4.930923608771943,-0.002582792191119232
2020-04-05,0.9987422945361392,1.001370046034258,0.9979280061400546,0.9998644335129044,36947693268.887054,6344218549.842253,0.0011235520743482,0.0011229213620975,Sunday,0,0,0,0,0,0,1,-0.0849491885482937,-0.0887756836072311,0.0020678834399210267,0.0023325721074442416,0.007204693834467383,-4.933022543914804,-0.0020989351428610803
2020-04-06,0.9998644335129044,1.0023826468720545,0.9973248762200818,0.9999741516327144,45523859922.16132,6348797571.442738,0.0001097329959267,0.0001097269757019,Monday,1,0,0,0,0,0,0,0.232116429863731,0.2087333654055565,0.0030379515767577614,0.003576264435701305,0.007189272799891086,-4.9351652528522525,-0.00214270893744839
2020-04-07,0.9999741516327144,1.0061276066228486,0.9977156786935252,1.000396249482978,58597746307.74582,6343965237.385444,0.0004221087610858,0.0004220196982446,Tuesday,0,1,0,0,0,0,0,0.2871875629162113,0.2524596545270856,0.005042217903104372,0.005930960717650182,0.007064727422505415,-4.952640844976281,-0.01747559212402816
2020-04-08,1.000396249482978,1.0023763771020429,0.995935476838525,0.998530384750176,53070713284.06108,6347522436.340316,-0.0018651256777164,-0.0018668671903768,Wednesday,0,0,1,0,0,0,0,-0.0943215971934766,-0.0990709997434254,0.003871435989623812,0.00440811665937421,0.006980371428048523,-4.96465315043616,-0.01201230545987908
2020-04-09,0.998530384750176,1.003634758965514,0.9977123194911368,1.000501242844854,45195095270.18807,6344505379.28936,0.0019737587606523,0.0019718134581143,Thursday,0,0,0,1,0,0,0,-0.1483985710106956,-0.1606366679589312,0.0035544037356715213,0.004001526588173158,0.006989646207844534,-4.963325338059622,0.0013278123765374517
2020-04-10,1.000501242844854,1.0038449952488195,0.997105802563528,1.0020176559747265,48005583585.84926,6354655139.4546,0.0015156534194407,0.0015145059760681,Friday,0,0,0,0,1,0,0,0.0621856929133428,0.0603287596190301,0.004045389805293336,0.00466914345358808,0.006988113002963389,-4.963544715838874,-0.0002193777792518503
2020-04-11,1.0020176559747265,1.0042969999918363,0.99718961741736,1.0022459526431793,43595606849.136986,6358338887.197643,0.0002278369718253,0.0002278110209241,Saturday,0,0,0,0,0,1,1,-0.0918638293153093,-0.0963609439104602,0.004265265771511201,0.0050199702552947605,0.006659290691823495,-5.0117423028308625,-0.048197586991988395
2020-04-12,1.0022459526431793,1.0048026757563135,0.995996285483309,1.0018193524990693,38918397350.81357,6358254690.089056,-0.000425644167467,-0.0004257347796589,Sunday,0,0,0,0,0,0,1,-0.1072862574091225,-0.1134893065041143,0.005286698568019933,0.006218985219801274,0.0048488406325567675,-5.329015647442172,-0.3172733446113094
2020-04-13,1.0018193524990693,1.0070900853797653,0.987458145672157,0.998971739195842,49231569901.39125,6361532893.406227,-0.002842441899454,-0.0028464893089335,Monday,1,0,0,0,0,0,0,0.2649947904486898,0.235068003948624,0.01182278968341687,0.013807389180873594,0.0033171464729178485,-5.708650361741385,-0.3796347142992129
2020-04-14,0.998971739195842,1.004918708932152,0.9985705373813674,1.0006215234339295,42955676218.13415,6355214937.558857,0.0016514823927007,0.0016501201952112,Tuesday,0,1,0,0,0,0,0,-0.1274770172031372,-0.1363662839380252,0.0038058385569783395,0.004362088065588098,0.002946348109857325,-5.827188804359215,-0.11853844261783042
2020-04-15,1.0006215234339295,1.002657826910808,0.9965955703389698,0.9983002027981984,40511107200.74967,6350470858.563001,-0.0023198787767074,-0.0023225738644681,Wednesday,0,0,1,0,0,0,0,-0.0569091033504083,-0.058592610061228,0.003642126877591707,0.00403800819995309,0.00287000950843889,-5.853439936171186,-0.026251131811970474
2020-04-16,0.9983002027981984,1.012355967058742,0.9952819766859478,1.002860221073834,51783171247.18689,6351456837.182218,0.004567782579683,0.0045573819207745,Thursday,0,0,0,1,0,0,0,0.278246259490746,0.2454890287000706,0.010215211838573249,0.011689198154900347,0.002911121077106915,-5.839217022123492,0.014222914047693713
2020-04-17,1.002860221073834,1.0048657708643929,0.998450702850998,1.0009107842592548,50142807243.32965,6352255119.676576,-0.0019438768969136,-0.0019457686775989,Friday,0,0,0,0,1,0,0,-0.031677550145142,-0.0321901378199711,0.0038462761043016984,0.004364183802012083,0.0029316190298011237,-5.832200438665697,0.0070165834577951
2020-04-18,1.0009107842592548,1.0043436682828035,0.9980328617117252,0.99986136444762,40803484468.18816,6349979500.258605,-0.00104846488632,-0.0010490149101163,Saturday,0,0,0,0,0,1,1,-0.1862544857095903,-0.2061075978672891,0.003785539919223957,0.004409188201808645,0.002934003573119897,-5.8313873814298125,0.000813057235884429
2020-04-19,0.99986136444762,1.003309964331257,0.9969499334160375,1.000473810142876,44285183320.11375,6349476453.987415,0.000612530613776,0.0006123430934703,Sunday,0,0,0,0,0,0,1,0.0853284688134916,0.0818826774106885,0.003819104410030219,0.004480516821909213,0.0028702419158379874,-5.853358961530166,-0.021971580100353272
2020-04-20,1.000473810142876,1.0062978951040056,0.998083899847004,1.0058953280133596,45137044732.897415,6353676156.435912,0.0054189503168595,0.0054043206334782,Monday,1,0,0,0,0,0,0,0.0192358109172998,0.0190531415188299,0.004922250353411641,0.004722872414887319,0.0028021822321269907,-5.877356796734209,-0.023997835204043305
2020-04-21,1.0058953280133596,1.0058953280133596,0.9993370858713614,1.0011018312709432,49565852527.00888,6356793679.023388,-0.0047654031278617,-0.0047767938633857,Tuesday,0,1,0,0,0,0,0,0.0981191351875014,0.0935988391936834,0.003928362433811658,0.0035466838390566385,0.002934690458166237,-5.831153296965428,0.04620349976878124
2020-04-22,1.0011018312709432,1.0019939772424804,0.9985437321258328,1.0004435203533792,41592202192.00836,6852384765.452568,-0.00065758636834,-0.0006578026730871,Wednesday,0,0,1,0,0,0,0,-0.160869831314928,-0.1753894371294142,0.002071528477009823,0.0024045284399557758,0.0028468295966757617,-5.861549326121457,-0.030396029156029236
2020-04-23,1.0004435203533792,1.0051675297032363,0.9872134101546116,0.9872134101546116,47943002423.72791,7129924300.024847,-0.0132242449769622,-0.0133124639203769,Thursday,0,0,0,1,0,0,0,0.1526920888295693,0.1421001534361609,0.0108240741762927,0.00969326117300948,0.0037113021176486964,-5.596372488832683,0.2651768372887737
2020-04-24,0.9872134101546116,1.003821879599543,0.9872134101546116,1.0000267406052556,50573819421.01312,7120107117.269537,0.0129792913253046,0.0128957821408097,Friday,0,0,0,0,1,0,0,0.0548738473663712,0.053421183822209,0.010019544929814677,0.00865624927694557,0.004388050894217084,-5.428870138136624,0.16750235069605957
2020-04-25,1.0000267406052556,1.0019578885698617,0.9861392407104684,0.9993327379908598,42438566078.15713,7126411877.316664,-0.0006939840568421,-0.0006942249752465,Saturday,0,0,0,0,0,1,1,-0.1608589866454864,-0.1753765135094918,0.009557145430182112,0.011244403346650219,0.004345037720786234,-5.438720838878706,-0.009850700742082275
2020-04-26,0.9993327379908598,1.005075941304666,0.9968738839027804,1.0013724828142203,42841174668.19321,7130668557.519077,0.002041106776369,0.0020390265480971,Sunday,0,0,0,0,0,0,1,0.0094868565845183,0.0094421389579326,0.004921067422598019,0.005653820789490108,0.004255706295588029,-5.459494538819353,-0.020773699940646928
2020-04-27,1.0013724828142203,1.00368908544334,0.9972823370663092,1.002699938486022,48386199069.8555,7132298714.362891,0.0013256362588185,0.0013247583788205,Monday,1,0,0,0,0,0,0,0.1294321279612138,0.1217149647806399,0.0038457897265097105,0.004452582351909278,0.00425387798259815,-5.459924245596615,-0.0004297067772620622
2020-04-28,1.002699938486022,1.002699938486022,0.9979792589735428,1.0005253389863409,44457412636.142,7131350821.389499,-0.0021687440242238,-0.0021710991552788,Tuesday,0,1,0,0,0,0,0,-0.0811964260313459,-0.084682918352541,0.0028340997782209778,0.0030518879533438796,0.0042611894151272645,-5.458206952242505,0.0017172933541100832
2020-04-29,1.0005253389863409,1.0073728183537125,0.9937799547187448,0.9975047061656528,55590698953.84439,7436249071.646128,-0.0030190467977037,-0.0030236133128183,Wednesday,0,0,1,0,0,0,0,0.2504258718072922,0.2234841907358475,0.008158769501949924,0.009420605603853249,0.004295300726358853,-5.450233708218503,0.00797324402400168
2020-04-30,0.9975047061656528,1.00904254205052,0.9959952677892584,0.9996695118299754,86038049469.29451,7715144855.143703,0.0021702210034115,0.0021678694754187,Thursday,0,0,0,1,0,0,0,0.5477058408769031,0.4367737318371271,0.007816109309767958,0.009103594911102034,0.004236174328459268,-5.464094698062569,-0.013860989844065585
2020-05-01,0.9996695118299754,1.0031807781871245,0.996061624157464,0.996061624157464,66566625794.253456,7783394766.180294,-0.0036090804308984,-0.0036156088741947,Friday,0,0,0,0,1,0,0,-0.2263117747920362,-0.2565862963509059,0.004277125960087662,0.004506741446344086,0.00427404184310067,-5.455195331983205,0.008899366079363702
2020-05-02,0.996061624157464,1.0019855429903295,0.996061624157464,0.9996436701899858,49259933469.80182,7795980759.065007,0.0035962092561809,0.0035897583569036,Saturday,0,0,0,0,0,1,1,-0.2599905300584678,-0.3010922956475186,0.003561163431938039,0.003550055702408454,0.004199753331966488,-5.472729485901686,-0.01753415391848101
2020-05-03,0.9996436701899858,1.0025303700264243,0.9975125066009682,1.001047795354664,53339694931.19221,7808128219.036046,0.001404625674678,0.0014036401108259,Sunday,0,0,0,0,0,0,1,0.0828210915853435,0.0795697573135386,0.0030134758213216065,0.0034391729282393924,0.004098183481744274,-5.497211456682062,-0.02448197078037584
2020-05-04,1.001047795354664,1.0058956552810934,0.9977608150431896,1.0007357191351132,56324176641.75125,7810709825.300873,-0.0003117495697997,-0.0003117981737986,Monday,1,0,0,0,0,0,0,0.0559523580779568,0.0544430688098566,0.004876580758016115,0.005738463792342833,0.004092915358767019,-5.498497761195341,-0.0012863045132789352
2020-05-05,1.0007357191351132,1.0038080890519734,0.9969989246916564,1.0009285571518045,53501312711.341095,7859522085.95855,0.0001926962463756,0.0001926776828386,Tuesday,0,1,0,0,0,0,0,-0.0501181570458618,-0.0514176779606157,0.004087686327001471,0.004811392758091926,0.004087928800443805,-5.499716842953589,-0.0012190817582480307
2020-05-06,1.0009285571518045,1.0026204659579705,0.993197762412931,0.993197762412931,52924417454.49576,7936581761.875792,-0.0077236229135793,-0.0077536045667985,Wednesday,0,0,1,0,0,0,0,-0.010782824338496,-0.0108413803017243,0.005670809250437887,0.004621381711734756,0.004326049776620776,-5.443100445132638,0.05661639782095129
2020-05-07,0.993197762412931,1.004272268813232,0.993197762412931,0.998622498568532,60253677348.4391,8038403287.395048,0.0054618892237754,0.0054470271987585,Thursday,0,0,0,1,0,0,0,0.1384854146055554,0.1296987953772808,0.006659411101444731,0.007072315745257795,0.004438217377778035,-5.4175024746487255,0.025597970483912214
2020-05-08,0.998622498568532,1.0028151562028027,0.996375028874022,0.99840418842009,68221516391.37081,8158599078.757296,-0.0002186112858011,-0.0002186351847313,Friday,0,0,0,0,1,0,0,0.1322382200318619,0.1241963993654972,0.003869270700294125,0.004553691034584308,0.004425290246638539,-5.420419410212649,-0.00291693556392314
2020-05-09,0.99840418842009,1.0028944758947198,0.993838529207682,1.0003064731018094,57690826508.74899,8328660447.679664,0.0019053252217717,0.001903512391993,Saturday,0,0,0,0,0,1,1,-0.1543602435074841,-0.1676618298116873,0.005447586158287848,0.006303987500515313,0.0044242932547571764,-5.4206447297173295,-0.00022531950468085427
2020-05-10,1.0003064731018094,1.009802103858815,0.996149806122563,1.0012429337783375,70288747358.75305,8469195327.954208,0.0009361737644506,0.0009357358270943,Sunday,0,0,0,0,0,0,1,0.2183695677872381,0.1975135450932143,0.008174839015512593,0.009607550667388217,0.004418947828421216,-5.421853659098924,-0.001208929381594892
2020-05-11,1.0012429337783375,1.0120186584335595,0.9931846382336296,0.9995631687396236,62521270732.00391,8479209990.219589,-0.0016776797938289,-0.0016790886745619,Monday,1,0,0,0,0,0,0,-0.1105081100265455,-0.1171048894293865,0.011281962792695091,0.013242438335048403,0.004429373312426357,-5.41949716939571,0.0023564897032146703
2020-05-12,0.9995631687396236,1.0039728383251951,0.9964052421364004,1.0016117469029644,60636086517.96,8503691329.655435,0.0020494734374054,0.0020473761318126,Tuesday,0,1,0,0,0,0,0,-0.0301526855096196,-0.0306166276164833,0.004543967370368732,0.005196581294113234,0.004444438236521198,-5.416101798988126,0.0033953704075839752
2020-05-13,1.0016117469029644,1.0024715124136192,0.9972034106173628,1.0003560218215877,46340227593.42211,8627776547.680553,-0.001253704427149,-0.0012544909720095,Wednesday,0,0,1,0,0,0,0,-0.2357648678448856,-0.2688797725644914,0.0031643392060263604,0.0036432258625750825,0.004419887567802792,-5.42164102036475,-0.005539221376624326
2020-05-14,1.0003560218215877,1.0035090004741851,0.9962578057440556,1.0023626852764829,55523240970.37823,8792788824.46104,0.0020059492931738,0.0020039400633838,Thursday,0,0,0,1,0,0,0,0.1981650469550051,0.1807912589477596,0.004355313142146687,0.004974434961030028,0.004424760115831219,-5.420539213103308,0.0011018072614419339
2020-05-15,1.0023626852764829,1.0023626852764829,0.9945092613447568,0.9997783109898456,54408286878.17929,8860641878.623236,-0.0025782826162612,-0.0025816121110362,Friday,0,0,0,0,1,0,0,-0.0200808539399521,-0.0202852147415227,0.004723874317936362,0.005325466988830866,0.0044295426182826125,-5.419458946692707,0.001080266410601105
2020-05-16,0.9997783109898456,1.002268453854526,0.9983056610065868,0.9988533883977944,44855479842.460526,8890900646.204977,-0.0009251276826914,-0.0009255558774163,Saturday,0,0,0,0,0,1,1,-0.1755763245607713,-0.1930707119900022,0.0023792197854621286,0.0027416158897173625,0.004353972737343361,-5.436666577709054,-0.017207631016346703
2020-05-17,0.9988533883977944,1.0019981514632386,0.996832973158395,1.0019981514632386,39582915444.76343,8911067049.854168,0.0031483730264845,0.0031434272781157,Sunday,0,0,0,0,0,0,1,-0.1175456023704387,-0.1250481655839877,0.0031038266015566422,0.0030883931248361406,0.004377242195842622,-5.431336388549923,0.00533018915913086
2020-05-18,1.0019981514632386,1.0019981514632386,0.9965351525257562,0.9975085396844264,47072267539.01085,8947066929.20803,-0.0044806587439865,-0.0044907269815241,Monday,1,0,0,0,0,0,0,0.189206681976181,0.1732864310094548,0.00328328118082581,0.002674679147076309,0.004449245905292627,-5.415020656648672,0.01631573190125124
2020-05-19,0.9975085396844264,1.0019961087799023,0.9975085396844264,0.9978219290147976,43245037180.71063,8944581056.990255,0.0003141720776349,0.000314122735922,Tuesday,0,1,0,0,0,0,0,-0.0813054173591366,-0.0848015484883335,0.002695732093369514,0.003167971713890526,0.004448210811858324,-5.4152533284046305,-0.0002326717559588687
2020-05-20,0.9978219290147976,1.0005804618991636,0.9978219290147976,0.9993188217729784,40272836921.14427,8948181941.379238,0.001500160213615,0.0014990360973777,Wednesday,0,0,1,0,0,0,0,-0.0687292797817759,-0.0712052596371289,0.0016579932961870722,0.0017154582052882816,0.004346024277098176,-5.438493811084768,-0.02324048268013712
2020-05-21,0.9993188217729784,1.001126809537637,0.996337347855624,0.998120071976468,41388361003.8751,8947526421.011501,-0.0011995669153749,-0.0012002869716618,Thursday,0,0,0,1,0,0,0,0.027699168174198,0.0273224862432869,0.0028800220298169,0.00330788843429583,0.004263256735231348,-5.457721918937549,-0.01922810785278184
2020-05-22,0.998120071976468,1.0015588867290228,0.998120071976468,1.0009314974834478,40687427655.29041,8946649218.858234,0.002816720739232,0.0028127612148775,Friday,0,0,0,0,1,0,0,-0.0169355183820654,-0.0170805642234401,0.0020655523291112717,0.0016906854885095552,0.004292395061850909,-5.450910412352065,0.0068115065854845724
2020-05-23,1.0009314974834478,1.0009314974834478,0.998406493199552,0.998406493199552,32977905302.87881,8910212604.083525,-0.0025226544376355,-0.0025258416916968,Saturday,0,0,0,0,0,1,1,-0.1894816850484566,-0.2100813409592575,0.0015169225284721026,0.0008517205557896107,0.0035679024726499053,-5.635777398536521,-0.1848669861844563
2020-05-24,0.998406493199552,1.0031332812777078,0.9941101041414784,0.9941101041414784,31231174161.817966,8972446452.733025,-0.0043032463103331,-0.0043125319231644,Sunday,0,0,0,0,0,0,1,-0.0529667098324878,-0.0544210331219338,0.005426486362800809,0.005799792518960266,0.0027940089250354043,-5.880277823794772,-0.24450042525825122
2020-05-25,0.9941101041414784,1.001395679613269,0.9941101041414784,1.0005718387246425,36308332069.19172,8986403252.083824,0.00650001901826,0.0064789849931486,Monday,1,0,0,0,0,0,0,0.1625669877497237,0.150630480689913,0.004385307681839169,0.0032317405718162175,0.0030314456090591146,-5.798715674536879,0.08156214925789307
2020-05-26,1.0005718387246425,1.0005718387246425,0.998285557022476,1.0000432386518778,30266850532.004105,8996341838.399178,-0.0005282979715264,-0.0005284375700683,Tuesday,0,1,0,0,0,0,0,-0.1663938053027206,-0.1819941767519138,0.0013738375677318218,0.0015838755760598502,0.003010047017474027,-5.805799579920086,-0.007083905383206357
2020-05-27,1.0000432386518778,1.0013360929956392,0.9976301478891768,1.0001804949869564,29990183285.637302,8999277732.211082,0.0001372504005563,0.0001372409825818,Wednesday,0,0,1,0,0,0,0,-0.0091409327863252,-0.0091829674659648,0.0022268003940535096,0.0026204691900148453,0.003000418536066668,-5.809003488022702,-0.003203908102616282
2020-05-28,1.0001804949869564,1.002873427740949,0.9981064093241252,1.0003133408101428,31712102536.167976,9019881326.651894,0.0001328218495084,0.0001328130294676,Thursday,0,0,0,1,0,0,0,0.0574160962649175,0.0558282871971266,0.0028614898410419965,0.003368135436698911,0.0029742187181729897,-5.8177738902142675,-0.008770402191565552
2020-05-29,1.0003133408101428,1.0009855408547206,0.9973553249943464,0.9993094947692622,35436478497.86063,9046735580.71097,-0.0010035315934781,-0.0010040354684388,Friday,0,0,0,0,1,0,0,0.1174433627491258,0.111043364117515,0.0021819793057585883,0.00249214280274429,0.0029282825413675996,-5.833339191169832,-0.015565300955564076
2020-05-30,0.9993094947692622,1.0016170827209598,0.995658068313542,1.0016170827209598,33331519590.894028,9085024985.156963,0.0023091824542609,0.0023065203897981,Saturday,0,0,0,0,0,1,1,-0.0594009054001706,-0.0612382720489125,0.0035836459355299615,0.003968426706410053,0.0029318113713109784,-5.832134831505122,0.0012043596647099974
2020-05-31,1.0016170827209598,1.0029873123684796,0.997114374514731,0.999324967433754,35604013501.30714,9087648784.081642,-0.0022884147312854,-0.0022910371538341,Sunday,0,0,0,0,0,0,1,0.0681785270610326,0.0659548867378049,0.0035268894483633456,0.0039008259986033395,0.00288699244438189,-5.847539995422225,-0.015405163917103337
2020-06-01,0.999324967433754,1.0096938470961936,0.9985784643650036,1.0096938470961936,32818067087.769123,9095111437.080791,0.0103758837218554,0.0103224237188777,Monday,1,0,0,0,0,0,0,-0.078248100131625,-0.0814791807163594,0.006648038484527751,0.004484265651072194,0.0033848083529629527,-5.688457990775196,0.15908200464702915
2020-06-02,1.0096938470961936,1.0096938470961936,0.9852267858960124,0.9986239880274552,42649895557.82888,9177772982.177025,-0.0109635798025059,-0.0110241227619339,Tuesday,0,1,0,0,0,0,0,0.299585848361068,0.2620456355268873,0.014732119496767873,0.015935119251443895,0.0039296687930753275,-5.5392001332236,0.14925785755159549
2020-06-03,0.9986239880274552,1.0009371323718064,0.9986239880274552,0.9994462840076686,35901385403.45791,9221710929.281076,0.000823429028415,0.0008230901967224,Wednesday,0,0,1,0,0,0,0,-0.1582304028205809,-0.1722489397395312,0.001389490282540191,0.0015539593201995578,0.003932129041918044,-5.538574258843551,0.0006258743800495736
2020-06-04,0.9994462840076686,1.001486580116632,0.9984309515061032,0.9984309515061032,29376741674.22349,9242397633.696888,-0.0010158950188838,-0.0010164113899774,Thursday,0,0,0,1,0,0,0,-0.1817379372943637,-0.2005726236311282,0.0018351690981800856,0.0020663367906984436,0.003936348271740663,-5.537501820032631,0.0010724388109197847
2020-06-05,0.9984309515061032,1.0013129830918448,0.9979110134469072,0.998482463527832,29918689705.176086,9262796044.657362,5.159297360624038e-05,5.159164273455316e-05,Friday,0,0,0,0,1,0,0,0.0184482008577597,0.0182800971270483,0.0020438859905665585,0.0024062782104674676,0.0036730069852569597,-5.606744610361237,-0.06924279032860614
2020-06-06,0.998482463527832,1.002216252160824,0.998482463527832,0.9991335128310372,25690570845.47188,9283541127.582888,0.0006520387958592,0.0006518263109242,Saturday,0,0,0,0,0,1,1,-0.1413203218913934,-0.1523593274640158,0.002241588085289122,0.0026079895025446927,0.0035378156238371665,-5.644245797706728,-0.037501187345490905
2020-06-07,0.9991335128310372,1.007622854360214,0.9979686278396052,1.0002279111429166,23562873445.607784,9304631192.611528,0.0010953474163613,0.0010947479610813,Sunday,0,0,0,0,0,0,1,-0.082820168250139,-0.0864517171740107,0.005781834177883936,0.006773500685088115,0.003543232297409998,-5.642715890074523,0.001529907632204619
2020-06-08,1.0002279111429166,1.001153566057562,0.9985601460011058,1.0005903385267791,28188466074.689857,9324012420.772003,0.0003623448014447,0.0003622791704206,Monday,1,0,0,0,0,0,0,0.1963085121922727,0.1792405756022186,0.0015577313256614092,0.0018202145118066788,0.0035267678317553487,-5.647373455878587,-0.004657565804063957
2020-06-09,1.0005903385267791,1.001757707739114,0.9970659789160344,0.9993696092718022,25133995191.52971,9357058464.487684,-0.0012200090366396,-0.0012207538535149,Tuesday,0,1,0,0,0,0,0,-0.1083588895921771,-0.114691569955752,0.0028193336973248782,0.003231638434990501,0.003529671271784826,-5.64655053651353,0.0008229193650572952
2020-06-10,0.9993696092718022,1.0019934273023046,0.999331484804521,1.0005416630860888,25228754025.44972,9401893172.0759,0.0011727931322031,0.0011721059475688,Wednesday,0,0,1,0,0,0,0,0.0037701460988559,0.0037630569106492,0.0015976019941340445,0.0017342375705188533,0.003522839158884859,-5.648488035253698,-0.001937498740168131
2020-06-11,1.0005416630860888,1.0082010195368485,0.9973299654967276,1.0011392603740663,31997053999.871723,9438921123.537062,0.0005972737668256,0.0005970954698405,Thursday,0,0,0,1,0,0,0,0.2682772192235267,0.2376594592674938,0.006510791705631337,0.007656883284372022,0.0035046476102273375,-5.653665302714796,-0.005177267461097479
2020-06-12,1.0011392603740663,1.0015917853274343,0.9991524456201678,1.0008979760849683,35330811908.84659,9484228110.626204,-0.0002410097162784,-0.0002410387637874,Friday,0,0,0,0,1,0,0,0.1041895266041752,0.0991116057695501,0.0014644285818734568,0.0017177122798878956,0.0034974323831584433,-5.655726184518327,-0.0020608818035317
2020-06-13,1.0008979760849683,1.0021955641082332,0.9989672961385336,0.9998214960481676,25359702420.493538,9487924304.782131,-0.0010755142507244,-0.0010760930312045,Saturday,0,0,0,0,0,1,1,-0.282221351552251,-0.3315940465347448,0.0019376475751422663,0.0021811676169734874,0.003483787204930541,-5.659635299661298,-0.003909115142970876
2020-06-14,0.9998214960481676,1.0008758536098887,0.9985369102234264,0.9985369102234264,22322400980.56387,9503875894.339512,-0.0012848151693263,-0.0012856412519874,Sunday,0,0,0,0,0,0,1,-0.1197688123294058,-0.1275706927509322,0.0014050918583126781,0.0014485999743163423,0.003459727113584228,-5.666565561929112,-0.006930262267814236
2020-06-15,0.9985369102234264,1.0039730728866298,0.9979486098427616,1.000528063673335,29293997522.20542,9504002618.99504,0.0019940709547361,0.0019920854343241,Monday,1,0,0,0,0,0,0,0.3123139194440476,0.2717919297708446,0.0036145966493969315,0.0040717799391760965,0.0034746851258280554,-5.662251415343333,0.0043141465857789996
2020-06-16,1.000528063673335,1.002902956246359,0.9961137409564312,1.00102847590253,29594976885.85924,9548750637.708492,0.0005001481191422,0.0005000230867597,Tuesday,0,1,0,0,0,0,0,0.0102744380798718,0.0102220148148982,0.004079360611824994,0.004793015298150855,0.003428177308444497,-5.6757265560006465,-0.013475140657313034
2020-06-17,1.00102847590253,1.00102847590253,0.9979185626133844,0.9998339329923496,21959385766.972458,9547846832.216827,-0.0011933156138276,-0.0011940281818401,Wednesday,0,0,1,0,0,0,0,-0.258002942470117,-0.2984100014157692,0.0018686786006649645,0.002071266017141965,0.0033358210594517435,-5.7030364351773475,-0.027309879176701024
2020-06-18,0.9998339329923496,1.0020364635693948,0.9973152007464744,0.9985945556390684,20868466031.431503,9578500777.441786,-0.0012395832071551,-0.0012403521259103,Thursday,0,0,0,1,0,0,0,-0.049678973133289,-0.0509554284530835,0.002836332005094694,0.0032493273924757604,0.0033430069524480483,-5.700884591843063,0.002151843334284642
2020-06-19,0.9985945556390684,1.0011510330252555,0.9985945556390684,0.9998872083405732,22377924241.68164,9607085112.66452,0.0012944720098915,0.0012936349033287,Friday,0,0,0,0,1,0,0,0.072332015586418,0.069835730728607,0.001535517300954,0.0016193094692070948,0.0033401459377565552,-5.701740779008992,-0.0008561871659287235
2020-06-20,0.9998872083405732,1.000930315546361,0.9991340776779434,0.9995889539438192,20172221874.630764,9632530190.961672,-0.0002982880411571,-0.0002983325378836,Saturday,0,0,0,0,0,1,1,-0.0985659949166547,-0.1037684446941437,0.0010787163366499533,0.0012564836422044286,0.0033333944663769175,-5.7037641349112995,-0.002023355902307955
2020-06-21,0.9995889539438192,1.0020911901072818,0.9995265697956576,1.000343257216391,17778981607.263287,9633083540.975609,0.0007546134534559,0.0007543288758789,Sunday,0,0,0,0,0,0,1,-0.1186403898510205,-0.1262895522793495,0.001538967466067646,0.0017502920721233532,0.0032964776477084003,-5.714900760047165,-0.01113662513586533
2020-06-22,1.000343257216391,1.00357516334338,0.9974253294783768,1.0006981810227955,20519494262.28152,9634694766.683678,0.0003548020180512,0.0003547390906993,Monday,1,0,0,0,0,0,0,0.1541433989615381,0.1433584228976211,0.0036915165936401728,0.004340832946663089,0.003264704734102762,-5.724585954002297,-0.009685193955132121
2020-06-23,1.0006981810227955,1.000753006568748,0.998837301500655,1.000464314126394,22600001495.602417,9622818688.564337,-0.0002337037288929,-0.0002337310418649,Tuesday,0,1,0,0,0,0,0,0.1013917402996251,0.0965745985441323,0.001150734218215784,0.0013470756250618483,0.0031686254045869204,-5.754457411449299,-0.029871457447002037
2020-06-24,1.000464314126394,1.0021425640908612,0.9955495738496056,0.9993515137238074,21172367731.9662,9600673514.556036,-0.0011122839534345,-0.0011129030003109,Wednesday,0,0,1,0,0,0,0,-0.0631696313787416,-0.0652530498230604,0.003964082813705708,0.004615811710037523,0.002946562489774964,-5.827116045774435,-0.07265863432513608
2020-06-25,0.9993515137238074,1.0017153403717076,0.996659548641378,1.0004439593332357,22321717124.22811,9619742387.038313,0.0010931545051227,0.001092557446815,Thursday,0,0,0,1,0,0,0,0.0542853499812689,0.0528631440107863,0.0030387880327918345,0.003512869509988139,0.0029517302874393077,-5.825363742461637,0.0017523033127977428
2020-06-26,0.9988293437573004,1.006511036487169,0.9972189324945296,0.9994586399412384,19695449022.4836,9628600758.4907,-0.0009848821443771,-0.0009853674594746,Friday,0,0,0,0,1,0,0,-0.1176552900087576,-0.1251724716741103,0.005570128965218757,0.0065466323783119375,0.0029571014222065928,-5.823545739678489,0.0018180027831480317
2020-06-27,0.9994586399412384,1.0041806742118504,0.9984707002882138,0.9997107163451524,18196214710.962627,9625277929.898352,0.0002522129419271,0.0002521811415899,Saturday,0,0,0,0,0,1,1,-0.0761208495327779,-0.0791740054317888,0.003424658083516918,0.0040291793279275765,0.0029573604259196234,-5.823458156490078,8.758318841106671e-05
2020-06-28,0.9997107163451524,1.002118488654564,0.99951263344754,1.000774335321653,19839597324.10593,9633521610.372383,0.00106392675312,0.0010633611841658,Sunday,0,0,0,0,0,0,1,0.0903145318544311,0.0864662159495785,0.0015637011320021868,0.0017184050440433051,0.0029580515571908266,-5.823224485098695,0.00023367139138308346
2020-06-29,1.000774335321653,1.0023774645528067,0.9988210627779464,1.000180499125899,17721391844.43866,9629124196.167255,-0.0005933767231982,-0.0005935528408389,Monday,1,0,0,0,0,0,0,-0.1067665560476655,-0.1129073168685394,0.0021345600174359275,0.0024860297646570827,0.0029299279804361846,-5.832777436311165,-0.009552951212469907
2020-06-30,1.000180499125899,1.0016039588482906,0.998546897126484,1.000977443860079,17659996946.689884,9629108251.843208,0.0007968009123118,0.0007964836349916,Tuesday,0,1,0,0,0,0,0,-0.0034644512286455,-0.0034704663365203,0.0018358156273049265,0.0021040569895372503,0.002903560309096673,-5.84181760219631,-0.009040165885145335
2020-07-01,1.000977443860079,1.000977443860079,0.9980607977992592,1.0003433717765082,17856899114.180904,9631483557.817726,-0.0006334529189044,-0.0006336536349719,Wednesday,0,0,1,0,0,0,0,0.0111496150359147,0.0110879162662803,0.0017524684395707447,0.0020254402350554147,0.0022118541208219493,-6.113924146492281,-0.2721065442959709
2020-07-02,1.0003433717765082,1.0013518784175317,0.9969067952166094,0.9997961934286916,17643789802.70079,9649131617.2267,-0.0005469905267077,-0.0005471401806011,Thursday,0,0,0,1,0,0,0,-0.0119342843411639,-0.0120060696214827,0.0026718752274162757,0.0031274588252152746,0.0009226237814145452,-6.988289010655805,-0.8743648641635238
2020-07-03,0.9997961934286916,1.0018022454046196,0.9995418019242474,0.9996840602410308,16909249436.599997,9651050998.121914,-0.0001121560457999,-0.0001121623357595,Friday,0,0,0,0,1,0,0,-0.041631666116786,-0.0425230927728004,0.0013566235531668343,0.0015957802114453274,0.0009105335830997256,-7.001479775237691,-0.013190764581885617
2020-07-04,0.9996840602410308,1.000978318645399,0.9995444217025824,1.000978318645399,15927656515.220242,9702619125.431416,0.0012946674412877,0.0012938300820525,Saturday,0,0,0,0,0,1,1,-0.0580506500338863,-0.0598037744648251,0.0008609180041350316,0.0006171207880066442,0.0009221902613907996,-6.988758998439578,0.012720776798112787
2020-07-05,1.000978318645399,1.000978318645399,0.9967310901285288,1.0008175602150124,15377118870.48228,9704646408.54909,-0.0001606013111294,-0.000160614208901,Sunday,0,0,0,0,0,0,1,-0.0345648868188408,-0.0351763847772769,0.0025536491998193935,0.003005034533886715,0.0009226082876393025,-6.988305803963815,0.00045319447576286365
2020-07-06,1.0008175602150124,1.001657161796207,0.998948089833862,0.9997347373683236,21241972791.93708,9707700187.404903,-0.0010819382969821,-0.0010825240147331,Monday,1,0,0,0,0,0,0,0.3814013516350516,0.3230984561253128,0.0016264723024200928,0.0017929410799108062,0.0009360050262593427,-6.973889711565905,0.014416092397910418
2020-07-07,0.9997347373683236,1.0010561696478135,0.998126305353052,1.0002606237118687,22628993284.84257,9730567878.858849,0.0005260258785539,0.00052588757544,Tuesday,0,1,0,0,0,0,0,0.0652962183169714,0.0632528997525959,0.0017602836272266077,0.0020466403836455357,0.0009194427101817906,-6.991742821264125,-0.01785310969821996
2020-07-08,1.0002606237118687,1.0046033864239874,0.9988907742608364,0.9988907742608364,19528696556.595898,9749555817.703035,-0.0013694925288061,-0.0013704311407452,Wednesday,0,0,1,0,0,0,0,-0.1370055083415189,-0.1473469707018357,0.003424799139180811,0.003941408333388314,0.0009505802128769679,-6.958438009404998,0.033304811859126815
2020-07-09,0.9988907742608364,1.00073636129261,0.9945594455799864,0.9998306392241022,21040865537.728256,9789091448.041733,0.0009409086433511,0.0009404662662827,Thursday,0,0,0,1,0,0,0,0.0774331751609718,0.0745815226604534,0.0037183737645251533,0.004338854470019476,0.0009398992687258368,-6.969737849372328,-0.011299839967330527
2020-07-10,0.9998306392241022,1.00103944946756,0.9984419177761492,0.999857449736672,18488702746.04476,9802115571.481527,2.681505398816064e-05,2.681469447102741e-05,Friday,0,0,0,0,1,0,0,-0.1212955230908741,-0.1293066415699933,0.0015603822712974749,0.0018371341317117062,0.0009152268523168506,-6.996338597387987,-0.026600748015658482
2020-07-11,0.999857449736672,1.0017310744435888,0.9994378444993522,0.9999334836433028,16027628453.614723,9824982321.491144,7.604474682953999e-05,7.60418555743554e-05,Saturday,0,0,0,0,0,1,1,-0.1331123295254735,-0.142845871755083,0.0013764210777790682,0.001619922674030809,0.0009088172735254954,-7.003366503217745,-0.0070279058297577635
2020-07-12,0.9999334836433028,1.0008654565709472,0.9993407937242844,0.9997384786785504,14315084086.472414,9827282074.243511,-0.0001950179366351,-0.0001950369551055,Sunday,0,0,0,0,0,0,1,-0.106849517512747,-0.1130001988788545,0.0009155591156569854,0.0010711511330061092,0.0009084493166555508,-7.003771459625309,-0.0004049564075643275
2020-07-13,0.9997384786785504,1.001473793447678,0.9990304280711496,0.999275816833584,18104002243.33349,9847154052.722136,-0.0004627828725547,-0.0004628899895975,Monday,1,0,0,0,0,0,0,0.2646801188154779,0.2348192197007489,0.0014670213311024816,0.001703157485059018,0.0008909675594285276,-7.02320254032742,-0.019431080702110748
2020-07-14,0.999275816833584,1.0005217605586465,0.9988972337711428,0.9989379174782914,18655828102.88541,9844921701.133732,-0.0003381442336544,-0.000338201417307,Tuesday,0,1,0,0,0,0,0,0.0304808766666566,0.0300255638415502,0.0009759114838138228,0.0011296578214249151,0.0008617076559266399,-7.056594491080477,-0.033391950753057564
2020-07-15,0.9989379174782914,1.0015506296563903,0.9989379174782914,0.9995104824820862,16918709024.69418,9868818328.223589,0.0005731737616287,0.0005730095602892,Wednesday,0,0,1,0,0,0,0,-0.0931140160925131,-0.0977385435962335,0.0015687112698662502,0.0018123558158531542,0.000788165340247297,-7.145802667467234,-0.08920817638675693
2020-07-16,0.9995104824820862,1.0006000010019631,0.9983326322064744,0.999862871114919,17467170370.277233,9878267822.436155,0.000352561217725,0.0003524990826228,Thursday,0,0,0,1,0,0,0,0.0324174465547302,0.0319030877458136,0.0013624214203038607,0.0015890970515525338,0.0007855013393362513,-7.149188395195257,-0.0033857277280224807
2020-07-17,0.999862871114919,1.0016336305227462,0.9990866101585264,0.9998917802282768,17893514125.546886,9880502309.12748,2.8913078176096008e-05,2.891266020110781e-05,Friday,0,0,0,0,1,0,0,0.0244082897362205,0.02411516759497,0.0015290917868389538,0.0018002783113684312,0.0007546633524484691,-7.189238798950841,-0.04005040375558444
2020-07-18,0.9998917802282768,1.0026005831664442,0.998936640880325,1.0001773628630493,14280661414.057943,9884279648.83618,0.0002856135438049,0.0002855727640214,Saturday,0,0,0,0,0,1,1,-0.2019085064085208,-0.2255320344811452,0.002198734076581844,0.002582719919118013,0.0007217705469460381,-7.233803271595007,-0.04456447264416585
2020-07-19,1.0001773628630493,1.0009155495205484,0.998979785577199,0.998979785577199,14459224420.189837,9912139247.754889,-0.0011973649177803,-0.0011980823318816,Sunday,0,0,0,0,0,0,1,0.0125038330476847,0.0124263057174997,0.001162605930317274,0.0011486082400382909,0.0007162516244081659,-7.2414790220032845,-0.007675750408277615
2020-07-20,0.998979785577199,1.0008517096974674,0.998979785577199,0.9999545395700762,16888421577.4381,9911696192.772663,0.0009757494665558,0.0009752737324848,Monday,1,0,0,0,0,0,0,0.168003281964163,0.155295694302912,0.0011243000574700452,0.001176825791719127,0.000736040040444695,-7.214226037937057,0.027252984066227448
2020-07-21,0.9999545395700762,1.0016462027653907,0.9989195513482086,1.0001736769960403,19199180580.47594,9923768846.03022,0.0002191473884987,0.0002191233792174,Tuesday,0,1,0,0,0,0,0,0.1368250426744954,0.1282393266525006,0.0016370589865927836,0.0019226722127272233,0.0007241466526533094,-7.230516627177434,-0.016290589240377074
2020-07-22,1.0001736769960403,1.0011985228272104,0.9989892601729468,1.0010701951801195,17056857615.838406,10006574598.722818,0.0008963625065316,0.0008959610135643,Wednesday,0,0,1,0,0,0,0,-0.1115840832715594,-0.1183152709489664,0.0013266734166647338,0.0014594068009942682,0.0007395619773854156,-7.209452469473456,0.021064157703977848
2020-07-23,1.0010701951801195,1.0021627516579796,0.9989301376874388,0.9994114464933102,20077430314.60589,10067054364.436514,-0.0016569753997229,-0.0016583497017935,Thursday,0,0,0,1,0,0,0,0.1770884629981717,0.1630439851803579,0.0019403239485450993,0.002038833679823667,0.0007979985606781949,-7.133403764177502,0.0760487052959542
2020-07-24,0.9994114464933102,1.0007081830011488,0.998921781979193,1.000155641891681,19688612843.21283,10157722540.873896,0.0007446336551197,0.0007443565530307,Friday,0,0,0,0,1,0,0,-0.0193658981901784,-0.019555873896286,0.0010730419662407268,0.0011756585042324158,0.000783572261617116,-7.1516472711713845,-0.01824350699388244
2020-07-25,1.000155641891681,1.001541043359351,0.9982358107480176,0.9992051188584504,21043383638.92791,10213649058.971355,-0.0009503751150499,-0.000950827007814,Saturday,0,0,0,0,0,1,1,0.0688098651999298,0.0665457539222515,0.001985217781965216,0.0022614757199580474,0.0007773878246939227,-7.159571201240801,-0.007923930069416052
2020-07-26,0.9992051188584504,1.020358098248172,0.9975234022862874,1.0001498639873452,25619905178.21495,10222060120.140009,0.0009454966863802,0.0009450499859352,Sunday,0,0,0,0,0,0,1,0.2174803072458835,0.1967834010970875,0.013592689085152015,0.015993386068475838,0.0007757174173025287,-7.161722257061505,-0.002151055820704073
2020-07-27,1.0001498639873452,1.0093932738611089,0.9949017433996472,1.0093932738611089,31032666588.424248,10218093704.636906,0.0092420248270719,0.0091995786409914,Monday,1,0,0,0,0,0,0,0.2112717191011253,0.1916708152085177,0.008684552495323829,0.008477226776768132,0.0018495114416948672,-6.29283376033898,0.8688884967225246
2020-07-28,1.0093932738611089,1.0093932738611089,0.9949721626287756,1.0012494718958276,43701195642.67931,10457923080.043104,-0.0080680168732746,-0.0081007394444247,Tuesday,0,1,0,0,0,0,0,0.408232048578792,0.3423350513858869,0.008642046227014684,0.008842281514912724,0.002360169624746454,-6.0490217876349295,0.24381197270405064
2020-07-29,1.0012494718958276,1.0022318980311948,0.994634350339512,0.994634350339512,30302199651.964542,10530117449.719065,-0.0066068664623514,-0.0066287884148687,Wednesday,0,0,1,0,0,0,0,-0.3066047917835247,-0.3661551563168525,0.004569974992644341,0.003460954367014323,0.00265016069073496,-5.933135002809224,0.11588678482570547
2020-07-30,0.994634350339512,1.0024303446177154,0.994634350339512,1.0016798483233786,27328598100.625847,10706262541.085754,0.0070835055932481,0.0070585354157538,Thursday,0,0,0,1,0,0,0,-0.0981315411254611,-0.1032866022874676,0.004688877138713928,0.0033514409106448944,0.002943292298521874,-5.82822649474361,0.10490850806561358
2020-07-31,1.0016798483233786,1.0041290892115404,0.9974141320954004,1.0002200755929025,27030653247.273533,10783386053.911491,-0.0014573246461128,-0.0014583875764901,Friday,0,0,0,0,1,0,0,-0.0109023101827345,-0.0109621758802935,0.004029648543365408,0.0046571594309009045,0.002953046246563554,-5.82491801546809,0.0033084792755202486
2020-08-01,1.0002200755929025,1.004146030887063,0.9985322702583614,1.000776701470181,30983960557.794144,10857762015.324272,0.0005565034044616,0.000556348613867,Saturday,0,0,0,0,0,1,1,0.1462527477362896,0.1364981417383707,0.0033669068794108673,0.003949120338299434,0.002953103595841819,-5.824898595277341,1.9420190748853372e-05
2020-08-02,1.000776701470181,1.002932375946404,0.9970943097838312,0.9979822549839472,39446623111.32672,11065430828.771454,-0.0027922777200234,-0.0027961833996453,Sunday,0,0,0,0,0,0,1,0.2731304326878172,0.2414787751967543,0.003506079222815988,0.0037444429678767056,0.0029968354790128496,-5.8101983873786835,0.01470020789865778
2020-08-03,0.9979822549839472,1.0023779376539077,0.9977119457209976,0.9995956384895942,31317528000.47606,11121067053.00843,0.0016166454840151,0.0016153401193898,Monday,1,0,0,0,0,0,0,-0.2060783527124396,-0.2307705036023262,0.0028020928877229134,0.003142743139131417,0.0030020327228296026,-5.808465645487303,0.0017327418913808401
2020-08-04,0.9995956384895942,1.002399720499204,0.99879170050922,1.0002130599343064,29376559932.28665,11181744672.360235,0.0006176712071743,0.0006174805268287,Tuesday,0,1,0,0,0,0,0,-0.0619770522168896,-0.0639808656876278,0.0021655491381193225,0.0025206910018967747,0.003004005655482378,-5.807808662431429,0.0006569830558733614
2020-08-05,1.0002130599343064,1.0021890357169436,0.9921117919513834,1.0006288969701376,26602443136.13716,11229221222.465122,0.0004157484564923,0.0004156620570489,Wednesday,0,0,1,0,0,0,0,-0.0944330038147375,-0.0991940163390378,0.006069348293156784,0.007141440172209329,0.0029984574703687205,-5.809657299091876,-0.0018486366604468785
2020-08-06,1.0006288969701376,1.0025119832035454,0.9974838932328328,1.000389300261702,27513557050.22012,11332098753.960855,-0.0002394461214952,-0.0002394747932948,Thursday,0,0,0,1,0,0,0,0.0342492570859136,0.0336758080472221,0.003019688356472723,0.0035522945386570986,0.0029972387652800313,-5.810063825726173,-0.00040652663429696645
2020-08-07,1.000389300261702,1.0023184158575662,0.9983216897430064,1.0018618660810583,28842558730.376595,11465193319.06223,0.0014719927721849,0.0014709104528049,Friday,0,0,0,0,1,0,0,0.0483035209780642,0.0471731632211683,0.002399513870954483,0.0026732084150212086,0.0029988258954217815,-5.809534435111286,0.0005293906148873262
2020-08-08,1.0018618660810583,1.001863362952066,0.9995465969290702,1.001592330619041,28497081282.06987,11574332427.35179,-0.0002690345557033,-0.0002690707519916,Saturday,0,0,0,0,0,1,1,-0.0119780443731184,-0.0120503591867662,0.001390380224356264,0.0016284831989364693,0.0029943091846764314,-5.811041730221483,-0.0015072951101968712
2020-08-09,1.001592330619041,1.0018676824315371,0.9986496602596512,1.000679620806201,26386535263.3192,11617366060.302032,-0.0009112587875708,-0.0009116742362664,Sunday,0,0,0,0,0,0,1,-0.0740618310296433,-0.0769478187355594,0.0019321211538700534,0.0022032013246413994,0.0029989278955895858,-5.809500422322042,0.0015413078994406249
2020-08-10,1.000679620806201,1.0051368581832132,0.9983154507339624,1.000243294063204,30827293728.738937,11701442804.013962,-0.0004360304076598,-0.0004361254965601,Monday,1,0,0,0,0,0,0,0.1682963837845352,0.1555466054563115,0.004089629172553668,0.004807534758991848,0.0029999526594782127,-5.8091587706124646,0.00034165170957756175
2020-08-11,1.000243294063204,1.0019475493061556,0.9973496859790152,0.999265536830945,32854946030.76141,11820751421.469498,-0.0009775194075904,-0.0009779974912693,Tuesday,0,1,0,0,0,0,0,0.065774580145262,0.0637018401037754,0.0027622738196725017,0.0031950212307510144,0.0030050508506645067,-5.807460789120003,0.0016979814924615866
2020-08-12,0.999265536830945,1.002403199931552,0.9988095123212224,1.0007612140055704,36463996480.8424,11892001899.10508,0.0014967765018383,0.0014956574483995,Wednesday,0,0,1,0,0,0,0,0.1098480103026773,0.1042230782935498,0.0021569238154138595,0.002363334164589032,0.0030162484563491985,-5.803741452803299,0.0037193363167036253
2020-08-13,1.0007612140055704,1.003173840656434,0.997803150710376,1.0009565636468256,34460419240.69486,11994915751.126278,0.0001952010514809,0.0001951820022346,Thursday,0,0,0,1,0,0,0,-0.0549467264566072,-0.0565139789573629,0.003223860925682744,0.003793867178432103,0.0030158269088714595,-5.80388122144109,-0.0001397686377906382
2020-08-14,1.0009565636468256,1.0009565636468256,0.9985102979493669,0.9997247199717592,34625424490.23308,12054067183.07401,-0.0012306664642653,-0.0012314243561103,Friday,0,0,0,0,1,0,0,0.0047882542689254,0.0047768270425788,0.0014695247365929809,0.001551749882801844,0.0030223855055062842,-5.801708856918614,0.0021723645224760446
2020-08-15,0.9997247199717592,1.0018985176642132,0.9991001946157052,0.9991001946157052,33427779518.99704,12239363711.425562,-0.0006246973227506,-0.0006248925274232,Saturday,0,0,0,0,0,1,1,-0.0345886003960431,-0.035200947658942,0.0016797265740758306,0.0019392161716091814,0.0030238532778802483,-5.801223341061441,0.00048551585717326873
2020-08-16,0.9991001946157052,1.0008426288300134,0.9985075495885442,1.0005424679335526,33115055671.03023,12237010187.544449,0.0014435722519323,0.0014425313031784,Sunday,0,0,0,0,0,0,1,-0.0093552085261626,-0.0093992433412131,0.0014028144287780064,0.0013871675731785224,0.0030352963611655417,-5.797446211407423,0.0037771296540176635
2020-08-17,1.0005424679335526,1.0020117311336858,0.9977513989606872,1.0000522706099515,33822197404.07645,12291234715.322147,-0.0004899315514448,-0.0004900516071216,Monday,1,0,0,0,0,0,0,0.0213540855878688,0.0211292817908893,0.0025588971546818104,0.00299743620311743,0.00303616709453018,-5.797159383239236,0.00028682816818736967
2020-08-18,1.0000522706099515,1.0018807823196174,0.9985923738080396,0.9999182091436154,37851880903.89999,12504656278.920715,-0.0001340544592277,-0.0001340634453298,Tuesday,0,1,0,0,0,0,0,0.1191431606787871,0.1125633574100804,0.001974425249353338,0.002323214319266633,0.003028376300432527,-5.799728677537595,-0.0025692942983592815
2020-08-19,0.9999182091436154,1.0026518725342144,0.9978926198773076,0.9993197292351323,36791255139.28211,12615565746.592356,-0.0005985288626713,-0.0005987080525748,Wednesday,0,0,1,0,0,0,0,-0.0280204243300521,-0.0284204874277063,0.002857449969823857,0.0033437484824072575,0.0030251125763602303,-5.800806972866109,-0.0010782953285142227
2020-08-20,0.9993197292351323,1.0022555313781998,0.9979400004182928,1.0013397431718176,33560580157.07135,12658086627.892632,0.0020213890285458,0.0020193487707173,Thursday,0,0,0,1,0,0,0,-0.0878109477369083,-0.091908016242142,0.0025914911329840283,0.0027811675195554596,0.0030472333757692554,-5.793521189929548,0.007285782936561347
2020-08-21,1.0013397431718176,1.0013397431718176,0.9980447105488444,1.000171572379541,36719733057.44518,12710238100.243835,-0.0011666078373923,-0.0011672888540198,Friday,0,0,0,0,1,0,0,0.0941328453080447,0.0899621274394063,0.0019794797828020503,0.0022148639758280456,0.0030502937264191158,-5.792517389255752,0.001003800673795574
2020-08-22,1.000171572379541,1.0024026041339396,0.9986973577356238,0.9998248580996804,36497767636.66701,12813436177.189068,-0.0003466548034711,-0.0003467149021369,Saturday,0,0,0,0,0,1,1,-0.0060448538781838,-0.006063197969649,0.0022240066213305393,0.002609685768236093,0.0030358899958819307,-5.797250653345664,-0.004733264089911593
2020-08-23,0.9998248580996804,1.0015757489839616,0.998890091089068,1.0001637869294977,30622794758.788,12828466410.92859,0.000338988200855,0.0003389307573363,Sunday,0,0,0,0,0,0,1,-0.160968005943925,-0.1755064396829083,0.0016125273190290392,0.0018868833788521383,0.0030334779236222595,-5.7980454881352665,-0.0007948347896027386
2020-08-24,1.0001637869294977,1.0007970568741666,0.9989274169922912,0.9994298421746606,30923948611.056484,12883346736.207811,-0.0007338245639649,-0.0007340939450039,Monday,1,0,0,0,0,0,0,0.0098343033234111,0.009786261279057,0.001122988212708175,0.001241002674392938,0.0030314708823408446,-5.79870733753215,-0.0006618493968835182
2020-08-25,0.9994298421746606,1.001640674395328,0.9971726249733568,0.9985145687931076,32631826331.17916,12861715156.448269,-0.0009157955295405,-0.0009162151264627,Tuesday,0,1,0,0,0,0,0,0.0552283196949838,0.0537571602857948,0.0026849347183847253,0.0031095573843375156,0.0030311758004469393,-5.7988046817811485,-9.734424899843219e-05
2020-08-26,0.9985145687931076,1.0056996074595868,0.9985145687931076,1.0004245518164088,37377323296.17973,12871566355.38448,0.0019128243923467,0.0019109972733695,Wednesday,0,0,1,0,0,0,0,0.1454254174081066,0.1357761115888419,0.004306000837723324,0.00492883992134129,0.0025472891826638943,-5.972725550888843,-0.1739208691076941
2020-08-27,1.0004245518164088,1.00264242355714,0.996073518233246,1.0007343661432893,34148009269.957085,13007357713.110842,0.0003096828504638,0.0003096349086274,Thursday,0,0,0,1,0,0,0,-0.0863976802360459,-0.0903599009374305,0.003947578357226135,0.004643932518135223,0.002074723753769622,-6.17792726487559,-0.2052017139867477
2020-08-28,1.0007343661432893,1.0012121301004522,0.9992144144199984,1.000582580704647,33602122077.113125,13110809493.5132,-0.000151674054352,-0.0001516855580246,Friday,0,0,0,0,1,0,0,-0.0159859155632894,-0.0161150685803784,0.001199495114888287,0.0014091473910755254,0.0016853934485562814,-6.385756241807967,-0.2078289769323769
2020-08-29,1.000582580704647,1.0007235122240126,0.9988624185935626,0.9988624185935626,30619096376.062668,13294143834.432615,-0.001719160561313,-0.0017206400136847,Saturday,0,0,0,0,0,1,1,-0.0887749200542973,-0.0929653431435481,0.0011179324056161328,0.0007673911606001189,0.0011306961297409552,-6.784921791916564,-0.3991655501085969
2020-08-30,0.9988624185935626,1.0014316521951363,0.998852260362238,0.999699808804962,34084957771.290344,13333786547.144213,0.0008383438958274,0.000837992681862,Sunday,0,0,0,0,0,0,1,0.1131928046686971,0.1072322870021921,0.001548863653475176,0.0017476905818533603,0.001109497627245906,-6.803847954173538,-0.018926162256973633
2020-08-31,0.999699808804962,1.001224242932812,0.998827882998942,0.9993939023534,34360502515.78458,13328167011.34924,-0.0003059983095602,-0.0003060451365958,Monday,1,0,0,0,0,0,0,0.0080840570888522,0.0080515561415261,0.0014391239888732973,0.0016837285475658915,0.0011062502639007001,-6.806779123087858,-0.0029311689143201036
2020-09-01,0.9993939023534,1.0024647227100103,0.998765435875666,1.0004480966239535,39154409821.1395,13429799174.013144,0.0010548336027176,0.0010542776566722,Tuesday,0,1,0,0,0,0,0,0.1395179626128195,0.1306053331711257,0.0022202850357248955,0.0025307313101748394,0.0010001091467821124,-6.907646138156101,-0.10086701506824358
2020-09-02,1.0004480966239535,1.001652661303318,0.9975598327450126,0.9996798509247026,42701138487.22915,13499965224.953876,-0.0007679016051341,-0.0007681965925956,Wednesday,0,0,1,0,0,0,0,0.0905831216021741,0.0867125271404547,0.0024589657073332237,0.0028555706307133093,0.0009658735505210224,-6.942477632401677,-0.034831494245575634
2020-09-03,0.9996798509247026,1.0039968471704213,0.9945842912070888,0.9945842912070888,40757050452.40616,13671913453.09146,-0.0050971915787842,-0.0051102265732217,Thursday,0,0,0,1,0,0,0,-0.0455277799069553,-0.0465967403854477,0.005656870898942697,0.005854385466185955,0.0013381639772032316,-6.616456770821673,0.32602086158000443
2020-09-04,0.9945842912070888,1.0042336325538277,0.9945842912070888,1.000524956828599,45554137151.89881,13838315833.539677,0.005973013724458,0.0059552459941416,Friday,0,0,0,0,1,0,0,0.117699554954165,0.1112726042293057,0.005798492208982616,0.005736792359338215,0.0017225239698535459,-6.3639646394382785,0.2524921313833941
2020-09-05,1.000524956828599,1.0068272706655956,0.9981737910140676,1.0020241647788606,44520386871.37055,14105473925.854424,0.001498421343745,0.0014972998306762,Saturday,0,0,0,0,0,1,1,-0.0226927858842161,-0.0229542299846735,0.005184013644608746,0.006032349061644538,0.0017435330358013482,-6.351841744049101,0.012122895389177657
2020-09-06,1.0020241647788606,1.0040829637431914,0.9996409313092496,1.0007638412980615,54908975460.66191,14149901767.312817,-0.0012577775318195,-0.0012585691978754,Sunday,0,0,0,0,0,0,1,0.2333445263920626,0.2097296063939111,0.0026627588015727213,0.003036006001991693,0.0017379839112564687,-6.355029509226393,-0.0031877651772918014
2020-09-07,1.0007638412980615,1.0031268474924244,0.9979678571539176,1.000277846387707,44211703978.97434,14157829770.680506,-0.0004856239707105,-0.0004857419242198,Monday,1,0,0,0,0,0,0,-0.1948182677229398,-0.2166872726608183,0.003096601383491156,0.0036334486816322923,0.0017395515554394798,-6.354127925731867,0.0009015834945254042
2020-09-08,1.000277846387707,1.0027264807527714,0.9993101412063182,1.0010970847334324,41299857197.58751,14217758565.574842,0.0008190107865369,0.0008186755802152,Tuesday,0,1,0,0,0,0,0,-0.0658614466153942,-0.0681305076603247,0.0020496358174565727,0.002359009609407913,0.001738009092932928,-6.355015020315495,-0.0008870945836276789
2020-09-09,1.0010970847334324,1.002038259181483,0.9986048424087,0.9998683627287868,39042740201.25855,14350775221.115477,-0.0012273754697555,-0.0012281293119221,Wednesday,0,0,1,0,0,0,0,-0.0546519322217124,-0.0562020936123406,0.0020613161187199255,0.0023038554211935883,0.0017506033661910077,-6.347794769789339,0.007220250526155603
2020-09-10,0.9998683627287868,1.0021453472304385,0.9989269201079845,0.9999834242129534,39487635983.2898,14439523148.256742,0.0001150766325404,0.0001150700117326,Thursday,0,0,0,1,0,0,0,0.0113950962390931,0.0113306611638496,0.0019318284172966742,0.0022734294737200697,0.0017416000917379563,-6.352950995369411,-0.00515622558007145
2020-09-11,0.9999834242129534,1.002104070832305,0.9989166689264602,1.0003494390637715,37887038427.9066,14576379828.94653,0.0003660209179028,0.0003659539485876,Friday,0,0,0,0,1,0,0,-0.0405341448158743,-0.0413785502185183,0.0019132550786849364,0.0022411736791962673,0.001721356611085025,-6.36464257166374,-0.011691576294329487
2020-09-12,1.0003494390637715,1.0016685191452095,0.9995098426074128,1.000341551095967,34178693056.724045,14687927288.798183,-7.88521240324691e-06,-7.885243491697658e-06,Saturday,0,0,0,0,0,1,1,-0.0978789983344564,-0.1030066197286129,0.0012956545094125376,0.0015255087327791079,0.0017209883172066402,-6.364856550150767,-0.00021397848702697786
2020-09-13,1.000341551095967,1.0013823755041935,0.9991859795458252,1.0007652107745593,35453084932.73681,14719856614.527227,0.0004235150265707,0.0004234253693951,Sunday,0,0,0,0,0,0,1,0.037286149996951,0.0366078313921031,0.0013186959883022824,0.001530180009447603,0.00170799011255411,-6.372437972535261,-0.0075814223844936635
2020-09-14,1.0007652107745593,1.0025542941332,0.9992398578202828,1.0007126878666253,37897592325.24918,14727837982.63665,-5.248274757008176e-05,-5.248412483766674e-05,Monday,1,0,0,0,0,0,0,0.0689504847645896,0.0666773117602149,0.0019887396323977746,0.0023413347484773275,0.0017042023613214547,-6.3746581009819785,-0.0022201284467175952
2020-09-15,1.0007126878666253,1.0031383430375278,0.99881852191708,1.000209881796057,39839866851.80271,14770073181.475653,-0.0005024479819879,-0.0005025742512728,Tuesday,0,1,0,0,0,0,0,0.0512506047847132,0.0499805076054148,0.002591785114604907,0.003035564851729639,0.0016862270998435284,-6.385261731057265,-0.010603630075286752
2020-09-16,1.000209881796057,1.003269257990892,0.9980965785365128,1.0001804559168597,39171762108.17547,14958166823.444405,-2.941970453684828e-05,-2.942013730484376e-05,Wednesday,0,0,1,0,0,0,0,-0.0167697534259457,-0.0169119578043355,0.0031043974705500747,0.0036551029578804563,0.001683860345894101,-6.3866662965925105,-0.0014045655352452613
2020-09-17,1.0001804559168597,1.001731124842452,0.9993249865716148,1.00095238266428,39862773089.70977,15055457580.50033,0.0007717874738042,0.0007714897990031,Thursday,0,0,0,1,0,0,0,0.0176405386008939,0.0174867502718003,0.0014442713385812332,0.0016314955291187624,0.001689563981592393,-6.383284782392393,0.0033815142001172305
2020-09-18,1.00095238266428,1.0019217283986606,0.9988193297711248,1.0005763265154215,38692636727.34213,15125766369.40055,-0.0003756983402722,-0.0003757689325752,Friday,0,0,0,0,1,0,0,-0.029354113416402,-0.0297935666154377,0.0018624916422390356,0.0021804440754178206,0.001687419572357954,-6.3845547971783185,-0.0012700147859252553
2020-09-19,1.0005763265154215,1.0053104782045064,0.999146844452698,1.0008455154449056,36957531122.78037,15210610012.846315,0.0002690338781266,0.0002689976950023,Saturday,0,0,0,0,0,1,1,-0.0448433022745035,-0.0458798705733309,0.003693419594899412,0.0043454541839331035,0.0016473831237998856,-6.408567235651952,-0.024012438473633324
2020-09-20,1.0008455154449056,1.0024014418819005,0.9988740689522888,1.0024014418819005,32696231132.100822,15204231374.023952,0.0015546119885476,0.0015534048302767,Sunday,0,0,0,0,0,0,1,-0.1153026152240161,-0.1225096305546048,0.0021170553651241107,0.0022980668299678216,0.0016579770605110735,-6.402157058003424,0.006410177648527693
2020-09-21,1.0024014418819005,1.0043540568718643,0.9987894026292522,1.0000461650234065,37574018068.440216,15215073637.752584,-0.0023496343481631,-0.0023523990705216,Monday,1,0,0,0,0,0,0,0.1491849906685554,0.1390529873594563,0.0033366796918700577,0.0036464427291989206,0.0017115315573977914,-6.370366661719503,0.03179039628392122
2020-09-22,1.0000461650234065,1.0035522418232103,0.9980009869404716,1.0005470098152367,38840623585.02419,15227930169.676882,0.0005008216713859,0.0005006963020694,Tuesday,0,1,0,0,0,0,0,0.0337096105685819,0.0331538958002987,0.003331289739000432,0.003909929269376469,0.0017128536704156673,-6.369594486280343,0.0007721754391596392
2020-09-23,1.0005470098152367,1.0014335061391713,0.9950231809492086,0.9994883232412052,32005974295.559746,15216014058.716496,-0.0010581077786909,-0.0010586679699233,Wednesday,0,0,1,0,0,0,0,-0.1759665180066698,-0.1935441164111319,0.0038566384850835206,0.004492919026277781,0.0017185062781200696,-6.366299808425272,0.003294677855071093
2020-09-24,0.9994883232412052,1.002217992643043,0.9986698608127595,1.0006748069623472,34367697854.57803,15242325869.030764,0.0011870911280829,0.0011863870925242,Thursday,0,0,0,1,0,0,0,0.0737900848513126,0.0711945252621856,0.0021299270273288894,0.0023969424473207503,0.00172400675765779,-6.363104186993219,0.0031956214320532084
2020-09-25,1.0006748069623472,1.00082827776854,0.998119572822132,0.9997617899591168,33396070549.38338,15222701702.21424,-0.000912401308475,-0.0009128177999063,Friday,0,0,0,0,1,0,0,-0.0282715272144777,-0.0286788625329821,0.0016276003400062424,0.001830446432529063,0.0016965386798861175,-6.3791651741849185,-0.01606098719169946
2020-09-26,0.9997617899591168,1.001115113204175,0.9987799323732808,0.9993468491719122,30438205315.47723,15275907044.292616,-0.0004150396538175,-0.0004151258066133,Saturday,0,0,0,0,0,1,1,-0.0885692593543991,-0.0927396716827627,0.001402493248570373,0.0016310283658778095,0.00169728960825947,-6.378722648328068,0.0004425258568501178
2020-09-27,0.9993468491719122,1.0005573993140564,0.998986595076684,0.9993902302424956,29580451547.885902,15340084396.320322,4.340942348424193e-05,4.340848132248401e-05,Sunday,0,0,0,0,0,0,1,-0.0281801689258984,-0.0285848506800581,0.0009435794174779786,0.0011106522243125516,0.0016970821647453714,-6.37884487625608,-0.0001222279280117533
2020-09-28,0.9993902302424956,1.0037461108531034,0.9989418201911902,0.9989418201911902,30195150508.05761,15393345559.893135,-0.0004486836450229,-0.0004487843336489,Monday,1,0,0,0,0,0,0,0.0207805806877765,0.0205676098065284,0.002881403613821186,0.0033811075226746604,0.001669764869059322,-6.395072459436763,-0.01622758318068307
2020-09-29,0.9989418201911902,1.00168074594522,0.9989418201911902,1.0011519717068906,30614791863.410748,15462854606.631788,0.0022124927308353,0.0022100487729555,Tuesday,0,1,0,0,0,0,0,0.0138976407897406,0.0138019541068792,0.00164438170905411,0.0013644574724306793,0.001710998980930231,-6.370677879671188,0.02439457976557513
2020-09-30,1.0011519717068906,1.0022314294736052,0.9986347750576848,1.0022314294736052,28969043934.489304,15504448487.218271,0.0010782156927426,0.0010776348356912,Wednesday,0,0,1,0,0,0,0,-0.0537566264132717,-0.0552554770695523,0.0021590783325608222,0.0024522997480067757,0.0017213672724106066,-6.364636378122845,0.006041501548343042
2020-10-01,1.0022314294736052,1.002809444368878,0.9942266645379838,0.9999172890023902,29778576858.61934,15509818739.388956,-0.0023089881270541,-0.0023116579506586,Thursday,0,0,0,1,0,0,0,0.0279447580652201,0.0275614282984315,0.005162166377810903,0.005905730585071553,0.001761868512869929,-6.3413803780495055,0.0232560000733395
2020-10-02,0.9999172890023902,1.0017469527370788,0.9957094835676552,1.0011500978539685,33714320496.28924,15548457280.405388,0.0012329108268627,0.0012321514164353,Friday,0,0,0,0,1,0,0,0.1321669486206729,0.1241334500203895,0.00363049799934981,0.004205425500470756,0.0017706259797730939,-6.336422134030917,0.004958244018588687
2020-10-03,1.0011500978539685,1.0011917554806986,0.9993515713328758,1.000060894046484,28979796681.08133,15592642270.643002,-0.0010879525555851,-0.0010885448055656,Saturday,0,0,0,0,0,1,1,-0.1404306462510202,-0.1513237666071385,0.0011048433742977233,0.001111075403760406,0.0015179372513544546,-6.490402937256711,-0.1539808032257941
2020-10-04,1.000060894046484,1.0020703164247653,0.9998410491521118,1.000675540229888,24755857367.37007,15589998199.891716,0.0006146087573897,0.0006144199627799,Sunday,0,0,0,0,0,0,1,-0.1457546220974263,-0.157536798709511,0.001337533733603327,0.0015278236251247764,0.0010651535415361236,-6.844636319755856,-0.35423338249914504
2020-10-05,1.000675540229888,1.0014998477081156,0.9988354970020188,1.0008604725634689,26260454586.818302,15623316453.42684,0.0001848074886876,0.0001847904138873,Monday,1,0,0,0,0,0,0,0.0607774231819333,0.0590020574005175,0.0015998383665609321,0.0018801610532721545,0.0010300291699029702,-6.878168156847459,-0.03353183709160312
2020-10-06,1.0008604725634689,1.0008604725634689,0.9957371754575436,0.9999909594483132,28304369883.039425,15606600265.058376,-0.0008687655662218,-0.0008691431617368,Tuesday,0,1,0,0,0,0,0,0.0778324415315752,0.0749520258337778,0.003082103433889927,0.003588467755028799,0.0010165335891365185,-6.89135688152984,-0.013188724682381192
2020-10-07,0.9999909594483132,1.001623730673713,0.9992021904271092,1.0000895459647807,30911555929.56224,15617449255.79426,9.858740775214868e-05,9.858254833304744e-05,Wednesday,0,0,1,0,0,0,0,0.0921124920744163,0.0881138867372228,0.0014536835230956166,0.001710484490460605,0.0010128176775243453,-6.895019052614968,-0.0036621710851276745
2020-10-08,1.0000895459647807,1.0018913142098038,0.9979672866910472,1.0014692208474791,28719269012.671097,15619005916.195389,0.0013795513494418,0.0013786006427443,Thursday,0,0,0,1,0,0,0,-0.0709212736455803,-0.0735618006431641,0.002356788340978367,0.002639306104402931,0.0010328649389555339,-6.8754188438055355,0.019600208809432473
2020-10-09,1.0014692208474791,1.0044780358403882,0.998136923214104,1.0003139927309028,31602108695.160965,15621780598.850538,-0.0011535333213722,-0.0011541991530225,Friday,0,0,0,0,1,0,0,0.1003799811624015,0.0956555575749206,0.0038032662706612595,0.004420170393205321,0.001030018989173568,-6.878178040819693,-0.0027591970141571664
2020-10-10,1.0003139927309028,1.0030935013063524,0.9985341007211636,1.0002636376384006,32806202735.602253,15717102466.729595,-5.033928633213503e-05,-5.03405533965315e-05,Saturday,0,0,0,0,0,1,1,0.038101699226978,0.0373937560782391,0.0027359773014583497,0.0032212151483287867,0.0010298457263988668,-6.878346268154041,-0.00016822733434818105
2020-10-11,1.0002636376384006,1.001573311671545,0.9986030651014406,0.9999388613809014,27993752683.414585,15719102078.981106,-0.0003246906568212,-0.0003247433802454,Sunday,0,0,0,0,0,0,1,-0.1466932973307836,-0.1586362384731244,0.0017836588707148189,0.0020903762742564115,0.0010293849713297522,-6.878793770298713,-0.0004475021446719296
2020-10-12,0.9999388613809014,1.003275325349164,0.9991843966275256,1.0000910640024514,29169026204.744583,15726218655.004017,0.0001522119275771,0.0001522003445171,Monday,1,0,0,0,0,0,0,0.0419834216091474,0.0411260330406412,0.002453838617791504,0.0028876251432008856,0.0010297589579410132,-6.87843052554437,0.0003632447543431283
2020-10-13,1.0000910640024514,1.0009305773951878,0.9975937002389144,1.0000156197781906,33148626663.435287,15739929031.416197,-7.543735463333423e-05,-7.544020017367886e-05,Tuesday,0,1,0,0,0,0,0,0.1364324071279208,0.1278938879512984,0.002005480592418457,0.0023608073733902657,0.0010269454306201429,-6.881166484189244,-0.0027359586448740814
2020-10-14,1.0000156197781906,1.002706079884595,0.9983237907123772,1.0002155305353344,30078341775.38088,15752063332.17413,0.0001999076346308,0.0001998876557622,Wednesday,0,0,1,0,0,0,0,-0.0926217824716429,-0.0971959174092002,0.0026304825425413924,0.0030946637983898565,0.0010275489934096222,-6.880578930580158,0.0005875536090860223
2020-10-15,1.0002155305353344,1.0036656982283858,0.9984848659715384,0.9984848659715384,31333547893.37477,15759956940.087782,-0.001730291633114,-0.0017317903167044,Thursday,0,0,0,1,0,0,0,0.0417312273185643,0.040883970825506,0.00310807175054324,0.0034976022500403515,0.0010711710855990364,-6.839002756484256,0.04157617409590131
2020-10-16,0.9984848659715384,1.0025038549731895,0.9974250834572244,1.000567926687156,30672224247.48529,15780961616.011,0.0020862216209864,0.0020840484825679,Friday,0,0,0,0,1,0,0,-0.0211059292787367,-0.0213318438162887,0.003050228072152428,0.0033496501206057307,0.001136729480746073,-6.779600016228254,0.05940274025600267
2020-10-17,1.000567926687156,1.001868021305968,0.9992058029531452,1.0002188272451635,25347347110.28969,15824277049.473066,-0.0003489012916378,-0.0003489621718547,Saturday,0,0,0,0,0,1,1,-0.1736058361542584,-0.1906834233437779,0.0015979680351897562,0.0018689206413506879,0.00112976687063212,-6.785743976717669,-0.006143960489414901
2020-10-18,1.0002188272451635,1.004398678411904,0.999728998050742,1.0010666161869577,23078759477.203674,15830600054.292751,0.0008476034630633,0.0008472444501008,Sunday,0,0,0,0,0,0,1,-0.0895000026320342,-0.0937613827052314,0.002798657959678339,0.003252820415774938,0.0011382415725857539,-6.778270687610963,0.007473289106705749
2020-10-19,1.0010666161869577,1.0028955982511751,0.9974447197299732,0.9998363414115686,23604235312.66052,15842499078.974483,-0.0012289639425547,-0.0012297197380345,Monday,1,0,0,0,0,0,0,0.0227688076551899,0.0225134669569355,0.003273037335663682,0.0037771548705991843,0.0011591328253061969,-6.76008311782067,0.018187569790292457
2020-10-20,0.9998363414115686,1.0040216808380402,0.999109140022192,0.9997039772599464,24528475031.44347,15872209886.457634,-0.0001323858176982,-0.000132394581474,Tuesday,0,1,0,0,0,0,0,0.0391556729773499,0.038408530515842,0.0029456761515899445,0.003467292337661563,0.0011241608568104845,-6.79071842670869,-0.030635308888019352
2020-10-21,0.9997039772599464,1.007102131364675,0.9818374685364072,1.0004835224494262,30447823018.07373,15927717203.603985,0.000779776020914,0.000779472153548,Wednesday,0,0,1,0,0,0,0,0.2413255605593967,0.2161798090939677,0.015258173247353325,0.017958592721132483,0.0010485851485169965,-6.860313501079872,-0.06959507437118262
2020-10-22,1.0004835224494262,1.0055073704959128,0.9963852748910385,0.9981175609549194,34054680774.38282,16067932572.673058,-0.0023648180518898,-0.0023676186502406,Thursday,0,0,0,1,0,0,0,0.1184602838162869,0.1119529928833538,0.0054732351942338876,0.006273980870065314,0.0011304990888507827,-6.7850960722166915,0.07521742886318084
2020-10-23,0.9981175609549194,1.0008179970075195,0.9955991036468882,0.99952832538521,32615189292.835373,16136325419.102652,0.0014134251169179,0.0014124271718738,Friday,0,0,0,0,1,0,0,-0.0422700036768597,-0.0431893817347247,0.0031398969892390107,0.0035912077297608255,0.001143314164203922,-6.77382407261535,0.011271999601341953
2020-10-24,0.99952832538521,1.0010465520314789,0.9986372085634896,0.9994453174105984,27323308278.93571,16205055950.57607,-8.304714584206341e-05,-8.30505944472122e-05,Saturday,0,0,0,0,0,1,1,-0.1622520404951977,-0.1770379880527897,0.001447187744008481,0.001703151328727242,0.0011227110255984454,-6.79200895993812,-0.01818488732277057
2020-10-25,0.9994453174105984,1.0008666730208908,0.9986866672508566,0.9993791381984884,27043670037.59381,16277931584.71827,-6.621594093947358e-05,-6.621813331167136e-05,Sunday,0,0,0,0,0,0,1,-0.0102344210476694,-0.0102871528294679,0.0013095198644616072,0.0015412924242992165,0.00111033853569325,-6.803090323045973,-0.011081363107853015
2020-10-26,0.9993791381984884,1.0014626906366129,0.9983323172811164,0.9993589072059228,30948548524.913486,16329238130.100395,-2.024356101937297e-05,-2.0243765923019665e-05,Monday,1,0,0,0,0,0,0,0.1443915889334341,0.1348731324057408,0.0018801750385907306,0.002213701178556814,0.0011077549411626097,-6.805419887355143,-0.0023295643091696405
2020-10-27,0.9993589072059228,1.002644357112514,0.9978469249415464,0.9994278666707428,31568607219.472813,16370731894.600037,6.900370259654842e-05,6.900132195057736e-05,Tuesday,0,1,0,0,0,0,0,0.020035146205974,0.0198370837672291,0.0028804496091903186,0.0033911990748895487,0.0011077982243514312,-6.8053808152267905,3.9072128352302116e-05
2020-10-28,0.9994278666707428,1.0022616556384818,0.997596068109854,0.99997253116741,33323880103.859985,16422539222.832794,0.0005449762957696,0.0005448278501186,Wednesday,0,0,1,0,0,0,0,0.0556018474994501,0.0541110758344452,0.0028021752903396972,0.00328188590017746,0.0011092330260803586,-6.804086469981128,0.0012943452456628535
2020-10-29,0.99997253116741,1.0022669319336228,0.9972966888024376,1.0000361976951104,32271962635.20145,16493255487.027426,6.366827659354257e-05,6.366624985484589e-05,Thursday,0,0,0,1,0,0,0,-0.0315664762140555,-0.0320754368119762,0.002985592773902139,0.0035150441335253754,0.0010333065856261336,-6.874991341372101,-0.07090487139097323
2020-10-30,1.0000361976951104,1.0016624974106911,0.996815864473059,0.9996143709371396,32663276653.688747,16542812151.416073,-0.0004218114893671,-0.0004219004768582,Friday,0,0,0,0,1,0,0,0.0121255103976991,0.0120525853072787,0.002912921626923177,0.0034196641763339693,0.0010173229275935954,-6.890580682727009,-0.015589341354908193
2020-10-31,0.9996143709371396,1.003925412821013,0.9977471909492523,0.9977885845185388,29595186197.10052,16556443198.128113,-0.0018264907665234,-0.0018281608346693,Saturday,0,0,0,0,0,1,1,-0.093930884188918,-0.0986396890816465,0.0037073117191819987,0.004214544998968361,0.0009839848868555478,-6.923900019916608,-0.033319337189598563
2020-11-01,0.9977885845185388,1.0013730642972594,0.997277534066513,0.9999922204188016,26297059579.588787,16640884130.482904,0.0022085198552619,0.0022060846600785,Sunday,0,0,0,0,0,0,1,-0.1114413200696421,-0.1181545897524058,0.0024612806387235868,0.0025530403122667805,0.0010391567116531544,-6.869345748928581,0.05455427098802623
2020-11-02,0.9999922204188016,1.0007333739304276,0.9964664150482128,0.999082622778767,28096233240.09208,16659744480.924412,-0.0009096047163783,-0.0009100186577827,Monday,1,0,0,0,0,0,0,0.0684172941487257,0.0661783890832807,0.0025661667686003656,0.0029680193098938048,0.0010334183455084503,-6.874883189696237,-0.00553744076765561
2020-11-03,0.999082622778767,1.0006861310366992,0.995664232452934,0.9982004028851006,28901913904.04428,16693567132.210732,-0.0008830299652422,-0.0008834200658659,Tuesday,0,1,0,0,0,0,0,0.0286757536879544,0.0282722990199284,0.003021477470676168,0.003514890780923684,0.0010398962035882036,-6.868634375051743,0.006248814644494338
2020-11-04,0.9982004028851006,1.0059777747651,0.9970661002014672,1.000413799772509,28799779809.76821,16759372852.31906,0.0022173872911803,0.0022149325161024,Wednesday,0,0,1,0,0,0,0,-0.0035338176777898,-0.0035400763605258,0.0053439082281483445,0.006139525131850358,0.001115247386321944,-6.79867902753906,0.06995534751268284
2020-11-05,1.000413799772509,1.00690836759364,0.9955100523831828,0.9955100523831828,34421016551.61209,16836109588.57096,-0.0049017190590947,-0.0049137718864749,Thursday,0,0,0,1,0,0,0,0.1951833235869839,0.178299582476939,0.0068371922458318485,0.0074483716220290356,0.001422474912463662,-6.55535702834872,0.24332199919034014
2020-11-06,0.9955100523831828,1.00314501271199,0.9955100523831828,1.0003106255948244,44427697607.99384,16992813034.821083,0.0048222247481573,0.0048106350661632,Friday,0,0,0,0,1,0,0,0.2907142803693023,0.2551957708477735,0.0045883688033314315,0.004499569744515787,0.001671681164961571,-6.393925473315889,0.1614315550328307
2020-11-07,1.0003106255948244,1.002159581652788,0.9973746076908768,1.0000655718876008,40211196209.92102,17126981047.85282,-0.0002449776109074,-0.0002450076228239,Saturday,0,0,0,0,0,1,1,-0.0949070427929209,-0.0997176254111066,0.002874344661271911,0.003380854526723732,0.0016532294307575208,-6.405024673188083,-0.011099199872194099
2020-11-08,1.0000655718876008,1.0021899901045386,0.9991553446404378,0.9992470788279024,38494499538.07446,17211083022.43166,-0.0008184393930824,-0.0008187744974567,Sunday,0,0,0,0,0,0,1,-0.0426920070441229,-0.0436301075860723,0.001821266624934421,0.002083119456882647,0.001646544285410434,-6.409076559813279,-0.004051886625195955
2020-11-09,0.9992470788279024,1.003724519083594,0.997568345668301,0.9996582426259604,33165012115.075344,17259561226.362244,0.0004114736052471,0.0004113889731983,Monday,1,0,0,0,0,0,0,-0.1384480247035757,-0.1490198936715848,0.003694782155308656,0.004342752937739562,0.001648230861969742,-6.408052771159317,0.001023788653961688
2020-11-10,0.9996582426259604,1.0019054503633291,0.9971119338178484,0.9990892747183966,34206254709.313274,17345666607.59728,-0.0005691624230188,-0.0005693244574362,Tuesday,0,1,0,0,0,0,0,0.0313958152834392,0.0309130453096777,0.002880220662839414,0.003372689179219565,0.0016504405604293195,-6.4067130203886915,0.0013397507706258693
2020-11-11,0.9990892747183966,1.000900145819424,0.9975378913424512,0.999629055483352,33144407527.938766,17451264307.450516,0.0005402728050578,0.0005401269102522,Wednesday,0,0,1,0,0,0,0,-0.0310424859546345,-0.0315345132070193,0.0020208197260532966,0.002355532006936975,0.001653150461387941,-6.405072441062417,0.0016405793262741497
2020-11-12,0.999629055483352,1.0032015001815155,0.996172121471102,1.0015655708811928,32215365358.45604,17555633527.67696,0.0019372340041721,0.0019353599862624,Thursday,0,0,0,1,0,0,0,-0.028030133551176,-0.0284304765981174,0.004222912108923457,0.004824402310845634,0.0016904350573371954,-6.38276935279963,0.022303088262787263
2020-11-13,1.0015655708811928,1.0015655708811928,0.9975403226293164,0.9999905555003096,32501682756.435966,17695672247.817917,-0.0015725534370131,-0.0015737911969685,Friday,0,0,0,0,1,0,0,0.0088876036262235,0.0088483413374058,0.002418492399960982,0.002674285109516662,0.0017142927030213524,-6.3687547014953045,0.014014651304325554
2020-11-14,0.9999905555003096,1.0022276341419016,0.9972208815355528,0.9998150603665792,30106749660.779728,17831277288.16162,-0.0001754967912097,-0.0001755121925735,Saturday,0,0,0,0,0,1,1,-0.0736864338257069,-0.0765424772779665,0.003007697008956678,0.0035396120810304932,0.0016851873385243005,-6.3858785412247485,-0.01712383972944398
2020-11-15,0.9998150603665792,1.0030210208348542,0.9991130881964804,1.0030210208348542,26402521802.7164,17881032217.250385,0.0032065534871015,0.0032014234580184,Sunday,0,0,0,0,0,0,1,-0.1230364585948263,-0.1312898594180209,0.002344454052225188,0.0019132547999518889,0.0017426181935766977,-6.352366587743742,0.033511953481006884
2020-11-16,1.0030210208348542,1.0033632992433368,0.997852011228145,1.0011812142004306,28592617527.57989,17883561329.291233,-0.0018342652807936,-0.0018359496053343,Monday,1,0,0,0,0,0,0,0.0829502477539159,0.079689027678216,0.0033078640949941165,0.003723801493895221,0.0017734193094459925,-6.334845782701649,0.017520805042092746
2020-11-17,1.0011812142004306,1.0018202918791546,0.9959438116068944,1.0018202918791546,35372088276.764366,17946001742.0537,0.0006383236817266,0.0006381200398203,Tuesday,0,1,0,0,0,0,0,0.23710563548948,0.2127744862796196,0.0035331461233721246,0.004141012316867748,0.0017704976272267887,-6.3364946265844715,-0.0016488438828226037
2020-11-18,1.0004668931303258,1.0045905639814836,0.9965330124889822,1.000249217355223,47009975261.25514,18029314106.426205,-0.0015682199059718,-0.0015694508499041,Wednesday,0,0,1,0,0,0,0,0.3290132856570871,0.2844367764133362,0.004836361969347993,0.005692774808114466,0.0017794270686246527,-6.331463838049095,0.005030788535376196
2020-11-19,1.000249217355223,1.003171034562693,0.996946677824318,1.0003935930778842,43467418340.70297,18116409784.198536,0.0001443397506901,0.0001443293347106,Thursday,0,0,0,1,0,0,0,-0.0753575576431304,-0.0783481650023431,0.003737899248170843,0.004400125740755909,0.0017794580018297523,-6.331446454399729,1.7383649366209397e-05
2020-11-20,1.0003935930778842,1.0024380270299302,0.9952411246186076,0.9995917535571396,40318264739.1956,18197850024.69009,-0.0008015240464281,-0.0008018454385738,Friday,0,0,0,0,1,0,0,-0.072448599933493,-0.0752070681745968,0.004327220490590419,0.005070479846004731,0.0017797893384469497,-6.331260270869068,0.00018618353066113258
2020-11-21,0.9995917535571396,1.002567540268348,0.9963296573112153,0.9978157408851812,47212139837.45632,18365132193.345108,-0.0017767380189345,-0.0017783182900243,Saturday,0,0,0,0,0,1,1,0.1709864038756312,0.1578464738527283,0.0037483094849863983,0.004272653547146517,0.0017567612296984733,-6.344283375597912,-0.013023104728843826
2020-11-22,0.9978157408851812,1.0047879247939864,0.9964808670865272,0.9992549551187716,58477351429.37834,18435792650.636395,0.0014423647319028,0.0014413255230517,Sunday,0,0,0,0,0,0,1,0.2386083670578436,0.2139884647532,0.004985762287483655,0.005801531530056042,0.0017575434493700155,-6.343838212326145,0.0004451632717668019
2020-11-23,0.9992549551187716,1.0015304731804695,0.994760223842809,0.9989070488835404,58254223373.77677,18483093896.231064,-0.0003481656342547,-0.000348226257981,Monday,1,0,0,0,0,0,0,-0.0038156320378333,-0.0038229301322342,0.004073519644078465,0.004791317062194511,0.0017586276223067899,-6.343221534156037,0.0006166781701075763
2020-11-24,0.9989070488835404,1.0015601964549232,0.9950688220061856,0.9980627162746266,71879289699.61752,18622787571.004456,-0.0008452564328758,-0.0008456138635223,Tuesday,0,1,0,0,0,0,0,0.2338897600336751,0.2101715860255075,0.003905063341118167,0.004567723550900461,0.001765349931158266,-6.339406346968576,0.003815187187461433
2020-11-25,0.9980627162746266,1.0023457945767602,0.9934828851529458,0.9973266212117656,65006454780.56154,18622201607.84144,-0.0007375238558239,-0.0007377959603401,Wednesday,0,0,1,0,0,0,0,-0.0956163443987476,-0.1005016108322344,0.005333879205577732,0.006263399129555279,0.0017704777552236216,-6.336505850612329,0.0029004963562471175
2020-11-26,0.9973266212117656,1.009653001566506,0.9935248491346405,1.0013061156395384,70676782493.33005,18957017419.98538,0.003990161641266,0.0039822220594397,Thursday,0,0,0,1,0,0,0,0.0872271489332789,0.0836305549680335,0.00967078579170186,0.011114226816401623,0.0019139059172323275,-6.258609142210554,0.07789670840177454
2020-11-27,1.0013061156395384,1.007633825679436,0.9968995779700736,1.0000278526191062,64612399406.5489,18988228707.70009,-0.0012765956389029,-0.0012774111812679,Friday,0,0,0,0,1,0,0,-0.085804459015285,-0.0897107906016222,0.0064320548036542686,0.007531433658250859,0.0019254957607524605,-6.252571806346395,0.006037335864159665
2020-11-28,1.0000278526191062,1.0031376993721437,0.9977733700252516,0.9991823944527376,44611377709.98825,19059411178.163788,-0.0008454346188001,-0.0008457922002028,Saturday,0,0,0,0,0,1,1,-0.3095539227805461,-0.3704174015507984,0.0032201489221862496,0.0037548159436769928,0.0019316429000104565,-6.249384394638905,0.003187411707489929
2020-11-29,0.9991823944527376,1.003314691498665,0.996884946651746,1.003314691498665,43268243669.162,19125756014.176315,0.0041356783995285,0.004127149987377,Sunday,0,0,0,0,0,0,1,-0.0301074324482367,-0.0305699687197827,0.0038610832001139913,0.0037532561963655267,0.002071977282700086,-6.17925191859284,0.07013247604606487
2020-11-30,1.003314691498665,1.003314691498665,0.9906282369551104,0.9947800390894972,47667288365.65593,19128232770.970364,-0.0085064561313454,-0.0085428425224024,Monday,1,0,0,0,0,0,0,0.1016691301391834,0.0968264207654301,0.0076422400290257755,0.007264508258442261,0.0025718390445094914,-5.9631340544601885,0.21611786413265133
2020-12-01,0.9947800390894972,1.0039444252270833,0.9938428576831748,0.9951010701897416,61056445468.242256,19161322157.21445,0.0003227156633924,0.0003226636018931,Tuesday,0,1,0,0,0,0,0,0.2808877442299224,0.247553387716371,0.0060733806093394085,0.007148046551106321,0.0025407871772245294,-5.975281333671465,-0.012147279211276896
2020-12-02,0.9951010701897416,1.005385791210701,0.991455450179096,1.001843411932927,58068500554.75306,19410018506.70024,0.0067755346116749,0.006752683836447,Wednesday,0,0,1,0,0,0,0,-0.0489374199656502,-0.0501754141492413,0.00837939234735562,0.008928775734504306,0.0028192114112280744,-5.871298074547549,0.10398325912391648
2020-12-03,1.001843411932927,1.0026150969730705,0.997738280607308,1.0012616153597722,43218258139.39759,19459959539.314804,-0.0005807260558137,-0.0005808947424999,Thursday,0,0,0,1,0,0,0,-0.2557366261137241,-0.2953603096322835,0.002928315112515322,0.003428872151799814,0.002816591303479244,-5.872227882800332,-0.0009298082527831042
2020-12-04,1.0012616153597722,1.0039867977335015,0.996389552682974,0.996389552682974,40080221556.85946,19551510442.43793,-0.0048659237526523,-0.0048778009041753,Friday,0,0,0,0,1,0,0,-0.072609048065209,-0.0753800634506419,0.004561774162192394,0.004433667368404498,0.0029262183373478983,-5.834044359431995,0.03818352336833719
2020-12-05,0.996389552682974,1.0034577727951643,0.996389552682974,1.0016833187810186,44667244389.57561,19650767228.67848,0.0053129482176825,0.0052988843002182,Saturday,0,0,0,0,0,1,1,0.1144460448206057,0.1083574606670474,0.004245240529193451,0.0037599799813964195,0.002948534287911655,-5.826447083657413,0.007597275774581469
2020-12-06,1.0016833187810186,1.0021159126558,0.9978862292763488,1.001336844942935,35945448222.619415,19676668917.25716,-0.0003458915922701,-0.0003459514265648,Sunday,0,0,0,0,0,0,1,-0.1952615677584014,-0.2172379832568283,0.002540184811152954,0.002983100002489604,0.002815392844462172,-5.872653473144225,-0.04620638948681144
2020-12-07,1.001336844942935,1.001336844942935,0.9971836250965402,0.9996595161363528,34430283496.6396,19687561186.58185,-0.0016750894716929,-0.0016764940027579,Monday,1,0,0,0,0,0,0,-0.0421517827958635,-0.0430659507202023,0.0024961128405904115,0.0027480330457814836,0.0028316291510101,-5.866903061227382,0.005750411916842779
2020-12-08,0.9996595161363528,1.0032481829647633,0.991173125783594,0.9981188113665588,35560572849.68299,19738694303.416115,-0.0015412295335803,-0.0015424184495699,Tuesday,0,1,0,0,0,0,0,0.0328283487167251,0.0323010085825078,0.007272184128136643,0.008508507113833434,0.0028416683624319095,-5.863363947730612,0.003539113496770163
2020-12-09,0.9981188113665588,1.003989805746244,0.9978905034668252,1.0000491655234651,46209658476.63774,19718774764.197105,0.0019339923613537,0.0019321246058889,Wednesday,0,0,1,0,0,0,0,0.2994632755768354,0.2619513142743996,0.0036595750910149156,0.004138098060057722,0.0028624944661769258,-5.856061843316949,0.007302104413662747
2020-12-10,1.0000491655234651,1.002284860781845,0.9980616673790518,0.9980616673790518,40977918826.51094,19771224301.574844,-0.0019874004328307,-0.0019893779335625,Thursday,0,0,0,1,0,0,0,-0.1132174489619267,-0.1201554777550851,0.002535850512895807,0.0027176847263980625,0.0028835726179603197,-5.848725261261874,0.007336582055074814
2020-12-11,0.9980616673790518,1.0025018984277183,0.9980616673790518,0.9993502787623764,39027619801.60209,19785919897.13126,0.001291113991692,0.0012902812207466,Friday,0,0,0,0,1,0,0,-0.0475939013195343,-0.0487637609035123,0.0026658836846679993,0.003034665105044486,0.0028914979960852397,-5.845980573402644,0.0027446878592298773
2020-12-12,0.9993502787623764,1.0038783947591114,0.9987936528754436,1.0016069251955246,35764668722.613686,19838484961.686497,0.0022581135774966,0.002255567870642,Saturday,0,0,0,0,0,1,1,-0.0836062023658039,-0.0873090966118684,0.003049630892005396,0.003305688463023563,0.0028992228153052538,-5.843312572629038,0.002668000773606849
2020-12-13,1.0016069251955246,1.003008220100606,0.9968775337749556,0.9968775337749556,34645924610.46392,19844061623.720707,-0.0047218038350181,-0.0047329867670404,Sunday,0,0,0,0,0,0,1,-0.0312807066892357,-0.0317803960445462,0.0036820742281926814,0.0031845689031595186,0.0030115839298112414,-5.805289116099223,0.03802345652981476
2020-12-14,0.9968775337749556,1.0016262579865498,0.9968775337749556,0.9995922329665812,33996880830.53745,19844483516.98344,0.0027232022988277,0.0027195011013312,Monday,1,0,0,0,0,0,0,-0.018733625591578,-0.0189113227295431,0.002854040018271507,0.002904343370659076,0.0030520704158506313,-5.791935093791143,0.013354022308079472
2020-12-15,0.9995922329665812,1.0049426745745969,0.9985441397605996,0.9995879987584296,33956949657.05257,19779194104.88201,-4.235935426311066e-06,-4.235944397910869e-06,Tuesday,0,1,0,0,0,0,0,-0.0011745540328809,-0.0011752443620745,0.0038360370646691937,0.004516587719359046,0.002995579634978812,-5.810617531923423,-0.018682438132279877
2020-12-16,0.9995879987584296,1.0048691495632298,0.9985027253636272,0.9991801991318024,39266110456.12488,19795654312.06931,-0.0004079677098302,-0.0004080509512969,Wednesday,0,0,1,0,0,0,0,0.156349756167502,0.145268281727298,0.0038170050239252377,0.004487018324787929,0.002977698860476665,-5.8166044712314635,-0.005986939308040284
2020-12-17,0.9991801991318024,1.0059819786488386,0.9964426199690596,0.9975192706898924,68672394444.13376,19905042420.5445,-0.0016622911896705,-0.0016636743286691,Thursday,0,0,0,1,0,0,0,0.7488972970945733,0.5589854733829774,0.00572207520986659,0.006657406424842581,0.002990882423840681,-5.812186810090039,0.004417661141424389
2020-12-18,0.9975192706898924,1.0037295174263987,0.9967473270703092,0.9988753254331928,70072921419.93715,20025766253.66833,0.0013594271139869,0.0013585039295211,Friday,0,0,0,0,1,0,0,0.0203943227426377,0.0201891435133164,0.004192250151204133,0.004863244886521498,0.002987438630630108,-5.813338903983999,-0.0011520938939595382
2020-12-19,0.9988753254331928,1.0053445132599856,0.9978729610498333,0.9978729610498333,50227511296.07034,20123167912.290264,-0.0010034929863993,-0.0010039968225784,Saturday,0,0,0,0,0,1,1,-0.2832108284016883,-0.3329735240226987,0.0044799381583596224,0.0052376832446637996,0.002992940949502804,-5.811498779840851,0.0018401241431478255
2020-12-20,0.9978729610498333,1.002809798542007,0.9978729610498333,0.9997607589157074,51645717423.96357,20303872435.945183,0.0018918218446244,0.0018900346034181,Sunday,0,0,0,0,0,0,1,0.0282356439986344,0.0278443664443868,0.002963867283445066,0.003286028462460836,0.003009208868961401,-5.8060780690004155,0.005420710840435383
2020-12-21,0.9997607589157074,1.0126321256382091,0.9936110798289398,1.0024418297856366,56163376569.46552,20347097975.744537,0.0026817124457225,0.0026781230705844,Monday,1,0,0,0,0,0,0,0.0874740321335096,0.0838576051976841,0.011388095361406612,0.013304739753561308,0.0030313367114835656,-5.798751597837372,0.007326471163043635
2020-12-22,1.0024418297856366,1.0035868398516612,0.9980194396888497,0.999696612409811,54945725889.54482,20422629616.875565,-0.002738530350846,-0.0027422869850926,Tuesday,0,1,0,0,0,0,0,-0.0216805105799622,-0.0219189859957967,0.00334088996811169,0.003545165878475985,0.0030611151911073627,-5.788975987872181,0.009775609965190668
2020-12-23,0.999696612409811,1.0041098654401373,0.997253519534623,1.002986582499235,60081545852.23283,20464046351.72888,0.0032909685284352,0.003285565143176,Wednesday,0,0,1,0,0,0,0,0.0934707819314706,0.0893568410076746,0.004114866390127101,0.004393504999189478,0.003118688095872759,-5.770342847680194,0.018633140191987252
2020-12-24,1.002986582499235,1.0056647406978076,0.9998538757899968,1.002382623150769,65088512871.72039,20579938391.105183,-0.0006021609451254,-0.0006023423168409,Thursday,0,0,0,1,0,0,0,0.0833361883164909,0.0800453430391324,0.0034801868850237953,0.00408046916197981,0.0031168050770012863,-5.770946815602701,-0.0006039679225073868
2020-12-25,1.002382623150769,1.0038369623426788,0.9977541420189994,1.0012051014760448,53799171371.32948,20682353772.86581,-0.001174722753097,-0.001175413280709,Friday,0,0,0,0,1,0,0,-0.1734459891969031,-0.1904900150321259,0.0036502132107349245,0.004235252233297293,0.0031212789587069527,-5.769512438493602,0.0014343771090992163
2020-12-26,1.0012051014760448,1.004049128645707,0.9984855391341878,1.004049128645707,54541223974.42441,20723308311.52688,0.0028406039536448,0.0028365770623006,Saturday,0,0,0,0,0,1,1,0.0137930117542734,0.0136987539116928,0.0033370554512473223,0.003511338730360012,0.003079283179798422,-5.783058442915056,-0.01354600442145415
2020-12-27,1.004049128645707,1.0053387849556106,0.9950163623480156,1.0011988995308894,65207980955.4321,20776474968.205936,-0.0028387347127745,-0.0028427715616646,Sunday,0,0,0,0,0,0,1,0.1955723800039686,0.1786250497924281,0.006198200943019724,0.007080709982401062,0.003113995920932167,-5.7718485154837875,0.011209927431268696
2020-12-28,1.0011988995308894,1.0035113346587194,0.9972824890213944,1.0008490358792628,69982413150.44112,20841230846.29508,-0.0003494447025366,-0.0003495057725641,Monday,1,0,0,0,0,0,0,0.0732185251721291,0.0706621010417916,0.0037393309384840773,0.004397363561662344,0.003110819333158586,-5.772869136311767,-0.0010206208279797124
2020-12-29,1.0008490358792628,1.00564775974025,0.9999971187471944,1.0012237308367522,58039815218.31721,20886888030.08832,0.000374377097901,0.000374307036281,Tuesday,0,1,0,0,0,0,0,-0.1706514164701769,-0.1871147254596525,0.0033840135665919374,0.003977573896655853,0.0030189548215991376,-5.802844593059988,-0.029975456748220886
2020-12-30,1.0012237308367522,1.0054806621670165,0.9940509213984255,1.0015644877238363,62698831103.226265,20917461343.78593,0.0003403404020392,0.0003402824993819,Wednesday,0,0,1,0,0,0,0,0.080272755303995,0.0772135604578433,0.006865941706647844,0.008081261547977933,0.002585590069742427,-5.957801530245729,-0.15495693718574088
2020-12-31,1.0046128311025324,1.0046128311025324,0.9981768355281202,1.0007250882869214,52570220618.277016,20964929964.78084,-0.0008380882581235,-0.0008384396504333,Thursday,0,0,0,1,0,0,0,-0.1615438486927082,-0.1761929932934286,0.0038598387270012656,0.0038530338384476473,0.002589447492612736,-5.956310749342891,0.0014907809028379404
2021-01-01,1.0007250882869214,1.0037166135589053,0.9992109508969568,1.0015781538351485,49508639589.16976,21111055937.826065,0.0008524474485669,0.0008520843215904,Friday,0,0,0,0,1,0,0,-0.0582379338169039,-0.0600026199801509,0.002701975655296163,0.003136943242950497,0.0022824289562221435,-6.0825150714024945,-0.1262043220596034
2021-01-02,1.0015781538351485,1.005190119477563,0.9814002822636592,1.0031205093162412,51684661110.09464,21224723672.179417,0.0015399252421659,0.0015387407731301,Saturday,0,0,0,0,0,1,1,0.0439523594059914,0.0430138556663594,0.014384380689026177,0.016909290153390842,0.002297206583883044,-6.076061422931294,0.006453648471200779
2021-01-03,1.0031205093162412,1.011452958348585,0.9996642920467034,0.9996642920467034,80137040075.00993,21404262400.961624,-0.0034454656618412,-0.0034514149479595,Sunday,0,0,0,0,0,0,1,0.5504994780619388,0.4385771229326658,0.00704075977716356,0.0080075062700305,0.0022093292055379845,-6.11506633643198,-0.03900491350068602
2021-01-04,0.9996642920467034,1.0099857963820509,0.9744295668729072,0.9744295668729072,112835152937.29228,21514911050.843987,-0.0252431995166405,-0.0255672745001564,Monday,1,0,0,0,0,0,0,0.4080274593580726,0.3421897599306763,0.0215236971256226,0.019741147782022742,0.005072939373750823,-5.283834871237609,0.8312314651943709
2021-01-05,0.9744295668729072,1.006301008722153,0.9628874347576384,1.0012223105596898,114074583118.85216,21794380942.20938,0.0274958238108113,0.027124602962291,Tuesday,0,1,0,0,0,0,0,0.0109844330361184,0.0109245423294029,0.026484751851592766,0.02623340255186664,0.007089113297079603,-4.949195010140819,0.33463986109678956
2021-01-06,1.0012223105596898,1.0082729489936872,0.9968816563210467,1.0017770058708182,91998172345.78816,22210703792.748867,0.0005540181289191,0.0005538647175347,Wednesday,0,0,1,0,0,0,0,-0.1935261139640808,-0.2150837613137945,0.006823655420120763,0.008026862081908394,0.007083224205000083,-4.95002607875143,-0.0008310686106103304
2021-01-07,1.0017770058708182,1.0077229703898527,0.9953532612401752,1.0011229764103136,106417448735.26202,22925269848.80094,-0.0006528693079116,-0.0006530825198829,Thursday,0,0,0,1,0,0,0,0.1567343787578405,0.1456008442900479,0.007417452957457978,0.00872394552494889,0.007078628436482063,-4.9506751137040865,-0.0006490349526568906
2021-01-08,1.0011229764103136,1.006645600937141,0.9920560018186017,1.0033992841248909,116952874032.93892,23471461686.43714,0.0022737543420883,0.0022711732744196,Friday,0,0,0,0,1,0,0,0.0990009197071262,0.0944015122793017,0.008767794885285144,0.010226324520957154,0.007081983099864358,-4.95020131164597,0.0004738020581163127
2021-01-09,1.0033992841248909,1.007284791403854,0.9969329181566594,1.0049936413771583,97053719776.23492,23701802626.821827,0.0015889559395669,0.0015876948847416,Saturday,0,0,0,0,0,1,1,-0.1701467742562662,-0.1865064302822354,0.006203905614394122,0.007237579216038819,0.007078600825227682,-4.950679014362029,-0.0004777027160587366
2021-01-10,1.0049936413771583,1.007823515398533,0.993035571297134,1.002045316205101,97005825856.6916,24008133636.155457,-0.0029336754489481,-0.002937987109508,Sunday,0,0,0,0,0,0,1,-0.0004934784535177,-0.000493600254082,0.008877413997310749,0.010291615375156873,0.007094985628161258,-4.948366994001322,0.002312020360706768
2021-01-11,1.002045316205101,1.0170098946878054,0.987513251247118,1.0085184528161932,130760311285.10248,24350611541.35261,0.0064599240238025,0.0064391481403574,Monday,1,0,0,0,0,0,0,0.3479634870412522,0.2985949253586126,0.017675843258206897,0.020423288224667564,0.007179924963091745,-4.936466346799492,0.011900647201830594
2021-01-12,1.0085184528161932,1.0090476696457709,0.9989644475992164,1.0070958618802694,131102395600.05414,24318012658.16339,-0.0014105750191791,-0.001411570816663,Tuesday,0,1,0,0,0,0,0,0.0026161173187007,0.0026127012403987,0.0060314804111800974,0.007047124257232006,0.007132393340018751,-4.943108429069224,-0.006642082269732619
2021-01-13,1.0070958618802694,1.0135550359713108,0.9967159433768912,1.0036185497396932,93420961137.85724,24296044800.2813,-0.0034528114673055,-0.0034587861778171,Wednesday,0,0,1,0,0,0,0,-0.2874198773388496,-0.3388629203039252,0.01006147168358266,0.011649794597222924,0.007143058537923448,-4.941614227697502,0.0014942013717220703
2021-01-14,1.0036185497396932,1.0092685849531726,0.996174149836014,1.0031762270327889,79313060890.35178,24285589851.818188,-0.0004407279110365,-0.0004408250601275,Thursday,0,0,0,1,0,0,0,-0.151014291393203,-0.1637129260200115,0.007842778403510347,0.00923010035078917,0.007143511897930979,-4.941550761100012,6.3466597490347e-05
2021-01-15,1.0031762270327889,1.006840088643315,0.9903457469373458,1.006840088643315,86522724964.30304,24201985508.837418,0.0036522611997726,0.0036456078886694,Friday,0,0,0,0,1,0,0,0.0909013470545341,0.0870042784310913,0.00992004526752472,0.011458073743606518,0.00717406630016645,-4.937282658185388,0.0042681029146240945
2021-01-16,1.006840088643315,1.006840088643315,0.994383190537692,1.0021410577808154,97133116330.76917,24311287739.87982,-0.0046671074339436,-0.0046780323850439,Saturday,0,0,0,0,0,1,1,0.1226312667665481,0.115675275237287,0.007476653336075632,0.008309071694989713,0.007218340051792067,-4.931130262234785,0.006152395950603129
2021-01-17,1.0021410577808154,1.0046625970252483,0.99558258065179,0.9981823506819848,93875094755.29105,24329208139.934856,-0.0039502493866452,-0.0039580722300044,Sunday,0,0,0,0,0,0,1,-0.033541820735819,-0.03411725156049,0.005452474613782081,0.005929754843174056,0.0072501811378534375,-4.926728825896153,0.004401436338631548
2021-01-18,0.9981823506819848,1.002576080927442,0.997319126874068,1.000149868569436,82164966359.61424,24370831890.834465,0.0019711006572167,0.00196916058728,Monday,1,0,0,0,0,0,0,-0.1247415880239821,-0.1332361082526524,0.0031572953592265856,0.0035101855014251114,0.007256774719183267,-4.925819802411303,0.0009090234848496692
2021-01-19,1.000149868569436,1.0013852168127946,0.9956435939013182,1.000971103306354,86548813374.82059,24342815120.137447,0.0008211116780854,0.0008207747503157,Tuesday,0,1,0,0,0,0,0,0.0533542117697634,0.0519795600346799,0.0034533357290391126,0.004033863701549118,0.0072501145281481825,-4.9267380132543686,-0.0009182108430652036
2021-01-20,1.000971103306354,1.0043450366629754,0.9911103766137188,1.0002160312612838,94643489799.59036,24701747527.45945,-0.0007543395034842,-0.0007546241606886,Wednesday,0,0,1,0,0,0,0,0.093527295281494,0.0894085222145534,0.007966442019420204,0.009368035128752209,0.007234919798174819,-4.928836004215858,-0.0020979909614897707
2021-01-21,1.0002160312612838,1.0101314833612924,0.9949564853782984,1.006988053765055,101524942371.38144,24893206621.28383,0.0067705598511871,0.0067477425435693,Thursday,0,0,0,1,0,0,0,0.0727092015136243,0.0701874124847309,0.009090562823912848,0.00984745084144145,0.007321962000507663,-4.916876954067067,0.01195905014879095
2021-01-22,0.9964233225695348,1.0077918422115264,0.9964233225695348,0.9989478639032991,120809291317.23112,24749756927.44509,-0.0079843944838216,-0.0080164404538855,Friday,0,0,0,0,1,0,0,0.189946908566635,0.1739086914782883,0.006813205682406314,0.007866260615081257,0.00744267471040482,-4.900524990656578,0.01635196341048939
2021-01-23,0.9989478639032991,1.003664024423626,0.997075908931715,0.9991888754812944,85357426792.31601,24786611736.00341,0.0002412654220547,0.0002412363222332,Saturday,0,0,0,0,0,1,1,-0.293453128798038,-0.3473657362386633,0.003955117612949817,0.004654380773234439,0.007441992528983734,-4.900616652957198,-9.166230061996572e-05
2021-01-24,0.9991888754812944,1.0031112338644124,0.9983391013705633,0.9985560433505668,73496937631.24298,24827108507.046547,-0.0006333458530778,-0.0006335465012869,Sunday,0,0,0,0,0,0,1,-0.1389508752405447,-0.149603720712257,0.0028638862715150365,0.0033488982672472837,0.007439796970420446,-4.900911719431469,-0.0002950664742709108
2021-01-25,0.9985560433505668,1.0070576342021225,0.9960498885764838,1.0028204514427346,83167513208.00673,24903746963.818848,0.0042705746167825,0.0042614815921051,Monday,1,0,0,0,0,0,0,0.1315779390058948,0.1236130648557099,0.006600635704996729,0.007306396040290057,0.007462420127460434,-4.897875503508578,0.003036215922890939
2021-01-26,1.0028204514427346,1.005382781513528,0.9982425385054382,0.9982425385054382,77123463036.99017,25015170335.727127,-0.0045650374707757,-0.0045754890744353,Tuesday,0,1,0,0,0,0,0,-0.0726732102221217,-0.0754492515060481,0.004280412161518841,0.0041608261998180435,0.007491072853470914,-4.894043253597001,0.003832249911576824
2021-01-27,0.9982425385054382,1.0116434680443556,0.9899901781574864,1.0003269253923364,89869131349.66998,25226001252.0871,0.0020880565659111,0.0020858796056839,Wednesday,0,0,1,0,0,0,0,0.1652631742763768,0.1529469621723682,0.01299401934319333,0.015244261417993059,0.0075004753501019695,-4.892788880434704,0.001254373162296929
2021-01-28,1.0003269253923364,1.006001114646071,0.9990272551952158,1.006001114646071,81561023680.61111,25448122272.900818,0.005672334823447,0.0056563077111414,Thursday,0,0,0,1,0,0,0,-0.0924467338705324,-0.0970030191061739,0.004177742702903877,0.003440451253075428,0.007570926023260137,-4.8834398909745955,0.009348989460108648
2021-01-29,1.006001114646071,1.006001114646071,0.9841061626341904,1.001273756373343,120209932901.32384,25297299193.104992,-0.0046991580863121,-0.004710233841109,Friday,0,0,0,0,1,0,0,0.473864935438524,0.3878881582515914,0.013215156263443821,0.01528177004712798,0.007619357226058878,-4.877063266377122,0.006376624597473679
2021-01-30,1.001273756373343,1.0043408348120917,0.9941180419231672,0.995319321069382,109096539928.01924,26292943916.04451,-0.0059468604525581,-0.0059646134452167,Saturday,0,0,0,0,0,1,1,-0.0924498725278151,-0.0970064774846814,0.0061442008452673265,0.006212184484193563,0.007695262110875563,-4.867150449779457,0.009912816597664964
2021-01-31,0.995319321069382,0.9994064692284088,0.993755226436432,0.993755226436432,79904606533.39,26379925738.87914,-0.0015714500862593,-0.0015726861090145,Sunday,0,0,0,0,0,0,1,-0.267578911429178,-0.3113996728076444,0.0034055704356331616,0.00388878892594266,0.007699045530797302,-4.866658914845119,0.000491534934337956
2021-02-01,0.993755226436432,1.004677540074381,0.993755226436432,0.997456462958835,86234483321.87032,26549055785.749203,0.0037244951512613,0.0037175763931281,Monday,1,0,0,0,0,0,0,0.0792179207569869,0.0762366313674841,0.0065647273778202215,0.00737594182264229,0.007723798102036217,-4.863449053799937,0.003209861045181839
2021-02-02,0.997456462958835,1.008643400003696,0.9931760103789852,1.00092924375145,84832878285.36,26695579884.96466,0.0034816364639249,0.0034755895989506,Tuesday,0,1,0,0,0,0,0,-0.0162534172238131,-0.0163869529275236,0.009280856163023174,0.010711729700419585,0.007724159439809364,-4.863402272499272,4.67813006652662e-05
2021-02-03,1.00092924375145,1.0036995413649554,0.994053166221809,1.003044885883432,81806013805.88702,27022839118.01146,0.0021136780098987,0.0021114473352661,Wednesday,0,0,1,0,0,0,0,-0.0356803227787608,-0.0363324239690876,0.005799800622691964,0.006701459158137893,0.00616617616796433,-5.088676379059576,-0.22527410656030433
2021-02-04,1.003044885883432,1.003801362633985,0.995837600460496,1.0013961086459804,90753871346.89204,27399827163.61273,-0.0016437721388703,-0.0016451246146037,Thursday,0,0,0,1,0,0,0,0.1093789701358252,0.1038003723892232,0.004783615419946277,0.005538687632445765,0.0036860738153523505,-5.603193394066233,-0.5145170150066569
2021-02-05,1.0013961086459804,1.0022016443693909,0.9965774044400152,1.0020402100499148,92817247024.4528,27774409057.84508,0.0006432034220757,0.0006429966554119,Friday,0,0,0,0,1,0,0,0.0227359521631187,0.0224813423755418,0.003379772488966697,0.003959259770415519,0.0036865561333957204,-5.603062553905419,0.00013084016081421623
2021-02-06,1.0020402100499148,1.0062763722962542,0.9939302929893078,0.9939302929893078,91995274597.52116,27986400779.76106,-0.0080934048147659,-0.0081263342098156,Saturday,0,0,0,0,0,1,1,-0.0088558156299883,-0.0088952614210068,0.007413904323460693,0.007119633756349856,0.0039721181362600095,-5.528455790980675,0.074606762924744
2021-02-07,0.9939302929893078,1.0013061362721645,0.9939302929893078,0.9992704551315263,89737933776.3853,28303822424.289764,0.0053727733019965,0.0053583914461549,Sunday,0,0,0,0,0,0,1,-0.0245375735983366,-0.0248436369322683,0.004440241205267933,0.004029937911683946,0.004069749400556742,-5.5041738537680684,0.024281937212606408
2021-02-08,0.9992704551315263,1.008605225582838,0.996090926938842,1.0029681186643629,104947479245.05286,28766609302.15999,0.0037003631137575,0.0036935336127414,Monday,1,0,0,0,0,0,0,0.1694884741448101,0.1565664516235537,0.007498093796428664,0.008524642114430887,0.004115042409669572,-5.49310613878967,0.011067714978398868
2021-02-09,1.0029681186643629,1.0057948066215705,0.9955613086131868,0.9955613086131868,127923234862.78912,29720114828.77284,-0.0073848908189021,-0.0074122941220624,Tuesday,0,1,0,0,0,0,0,0.2189262265565024,0.1979703290258294,0.006141731004766606,0.00557390259379708,0.00429851740680319,-5.449485104851591,0.043621033938078924
2021-02-10,0.9955613086131868,1.002106800142847,0.9903626950572396,0.99625650383353,121326235398.43304,30253440022.62517,0.0006982947351696,0.0006980510408414,Wednesday,0,0,1,0,0,0,0,-0.0515699862611513,-0.0529472785825983,0.007079792782583481,0.008324520789583545,0.0041365936202784545,-5.487882626862374,-0.038397522010783725
2021-02-11,0.99625650383353,1.002570086727366,0.9925324563807836,0.9985621807000538,113948566763.46284,30679029279.965107,0.0023143405916565,0.0023116666303129,Thursday,0,0,0,1,0,0,0,-0.0608085185429356,-0.0627358999483045,0.0060430600466782995,0.006968587619178117,0.004150074191381401,-5.4846290674580285,0.003253559404345907
2021-02-12,0.9985621807000538,1.001363751443506,0.9957985302927204,0.9971660636322056,108809395775.6805,30945830118.373047,-0.0013981273222959,-0.001399105614258,Friday,0,0,0,0,1,0,0,-0.0451007953303209,-0.0461494889201599,0.003347013508558331,0.003843669069761026,0.0041096949137176,-5.494406483468221,-0.00977741601019222
2021-02-13,0.9971660636322056,1.0023090810309403,0.9962322523378953,0.9987743893692156,104716453505.22876,31527400599.907192,0.0016128965832948,0.0016115972625264,Saturday,0,0,0,0,0,1,1,-0.0376157062657499,-0.0383414343485939,0.0036521824642991494,0.004181829536663102,0.004119428307900809,-5.492040885467042,0.002365598001178526
2021-02-14,0.9987743893692156,1.0014516168384664,0.9940927531988346,0.998185670614399,105937373853.61084,31809459355.378777,-0.0005894411801932,-0.0005896149689411,Sunday,0,0,0,0,0,0,1,0.0116592981094525,0.0115918522347367,0.004429335784141372,0.005202253062470767,0.00406672626917404,-5.504916959664167,-0.01287607419712522
2021-02-15,0.998185670614399,1.0022057883628566,0.9949127979412355,1.000179350236608,109755266869.6582,32071285892.076607,0.0019973033884386,0.0019953114299485,Monday,1,0,0,0,0,0,0,0.0360391510301463,0.035404933692885,0.00438622584607743,0.005013276803128438,0.003992681459698774,-5.52329222876422,-0.01837526910005227
2021-02-16,1.000179350236608,1.001134373048355,0.9970920998028991,1.0010787189520225,104233593504.52988,32235676422.73209,0.0008992074423468,0.0008988033975299,Tuesday,0,1,0,0,0,0,0,-0.0503089603133641,-0.0516185686659818,0.002429790449941244,0.002805788812624027,0.003930168227646875,-5.539073048000102,-0.01578081923588215
2021-02-17,1.0010787189520225,1.002662301052601,0.9972603826939728,1.0015399971757035,101354452205.65892,32419186902.01045,0.0004607811702999,0.000460675043256,Wednesday,0,0,1,0,0,0,0,-0.0276220093932176,-0.0280106708905418,0.003244315904277345,0.0038091442763446915,0.003914593623034756,-5.543043754918085,-0.003970706917983513
2021-02-18,1.0015399971757035,1.0024636018233335,0.997216160041548,1.0015311869251726,101116026085.85796,33129654062.425423,-8.796703632185654e-06,-8.796742323409954e-06,Thursday,0,0,0,1,0,0,0,-0.0023523990768276,-0.0023551703144268,0.0031519218729321487,0.0037111003759351447,0.003911724697185165,-5.5437769032161,-0.0007331482980150739
2021-02-19,1.0015311869251726,1.007207449658187,0.9971290102092129,1.0063494201161378,107741566931.21396,33594519453.557102,0.0048108668545387,0.0047993316161294,Friday,0,0,0,0,1,0,0,0.0655241419370085,0.0634668301478163,0.0060396753420562475,0.006455312234630664,0.004006294337392662,-5.519888570300643,0.023888332915457333
2021-02-20,1.0063494201161378,1.0118245377811963,0.995487617596752,1.0050564611267063,125298643215.12073,34277518743.30152,-0.0012848012465513,-0.0012856273113014,Saturday,0,0,0,0,0,1,1,0.162955457062508,0.1509645727708251,0.009775796029976882,0.011482351053990284,0.003819391913572998,-5.567664053963453,-0.047775483662809926
2021-02-21,1.0050564611267063,1.010666117165978,1.0002371590226935,1.0002680563339053,131948133684.25952,34406690153.17166,-0.0047643142231363,-0.0047756997453425,Sunday,0,0,0,0,0,0,1,0.0530691338590356,0.051708885183815,0.006229323798529777,0.00670701799353468,0.0036339905897464692,-5.617423898514408,-0.04975984455095528
2021-02-22,1.0002680563339053,1.028480582632649,0.9942199532793822,1.00526547101203,131986237394.47888,34481304501.13815,0.0049960754484559,0.0049836364770024,Monday,1,0,0,0,0,0,0,0.0002887779399027,0.000288736251579,0.02034663312828261,0.023755241209814506,0.0037459091720734544,-5.587090921897693,0.03033297661671508
2021-02-23,1.00526547101203,1.0126037968621586,0.974559146067098,1.003709073360311,183592986288.07385,34867531994.23327,-0.0015482454103911,-0.0015494451808358,Tuesday,0,1,0,0,0,0,0,0.3910009854993694,0.3300236214237073,0.02299855034660359,0.02706159397182604,0.0037547945570157067,-5.58472170710947,0.002369214788223495
2021-02-24,1.003709073360311,1.0153312810928603,0.9985305069644071,1.0102885652106228,164306365216.99084,34972704914.24124,0.0065551782134283,0.0065337864663103,Wednesday,0,0,1,0,0,0,0,-0.1050509687816754,-0.1109885106883149,0.010020674998730043,0.011077554507824142,0.0038621436413358683,-5.556532902157412,0.028188804952058
2021-02-25,1.0102885652106228,1.0125181165439858,0.9971326257113512,1.0037216583661528,115716427132.39516,35035782958.53493,-0.0065000308531661,-0.0065212480452898,Thursday,0,0,0,1,0,0,0,-0.2957276671565675,-0.3505901612006842,0.009195736590625092,0.010039891159677026,0.003954222135841012,-5.532971375781146,0.023561526376266073
2021-02-26,1.0037216583661528,1.0126999077373993,0.9953237465168902,1.008045060202137,127103354935.30452,35139021742.14303,0.0043073712716548,0.0042981211011186,Friday,0,0,0,0,1,0,0,0.0984037278465328,0.0938579693538228,0.010394009822759152,0.011942888234955032,0.0040133075812755934,-5.518139544415841,0.014831831365304637
2021-02-27,1.008045060202137,1.0112305607450334,0.990099551193194,0.9939959643988856,112703976597.80447,35113666603.32387,-0.0139369720242804,-0.0140350035262156,Saturday,0,0,0,0,0,1,1,-0.1132887353353443,-0.1202358686454562,0.01268250158891566,0.012119691224863055,0.004648249273706862,-5.371264630554991,0.1468749138608496
2021-02-28,0.9939959643988856,1.011355525025624,0.992781572320802,1.011355525025624,101373032116.75996,35122445848.07195,0.0174644176118325,0.0173136673170727,Sunday,0,0,0,0,0,0,1,-0.100537219919756,-0.1059576049020869,0.01113208752836255,0.007483146859542619,0.0055550679937147905,-5.193044615872782,0.17822001468220972
2021-03-01,1.011355525025624,1.011355525025624,0.9999831520732664,1.0082341930870489,106583644404.13954,35162106848.0173,-0.0030862855458233,-0.0030910579469164,Monday,1,0,0,0,0,0,0,0.0514003791597954,0.050122970026881,0.006791376168900987,0.007762013966067533,0.00547643873980214,-5.20730025427561,-0.01425563840282873
2021-03-02,1.0082341930870489,1.0082341930870489,0.9969788155583478,1.003719811578864,100047574521.41837,35504506074.44286,-0.0044775128032135,-0.004487566886414,Tuesday,0,1,0,0,0,0,0,-0.0613233852085032,-0.0632842522841234,0.006742040916761553,0.007432016930774293,0.005529937772665926,-5.197578716193678,0.009721538081932657
2021-03-03,1.003719811578864,1.0083673475369204,0.9992257050667218,0.9992257050667218,96633801881.15887,35985506107.97495,-0.0044774512371862,-0.0044875050434861,Wednesday,0,0,1,0,0,0,0,-0.034121493265473,-0.034717222105212,0.0054693890782600025,0.005804380212373862,0.0055489448857817154,-5.1941474799670795,0.0034312362265982443
2021-03-04,0.9992257050667218,1.0100610885243522,0.992439806954906,1.003423163681428,103495166305.64651,36296242577.5091,0.0042007112041075,0.0041919128477607,Thursday,0,0,0,1,0,0,0,0.0710037718781446,0.0685963132877431,0.010569714370709445,0.012169108933571308,0.005565417296801678,-5.191183311117745,0.002964168849334925
2021-03-05,1.003423163681428,1.008209935024265,0.9983131702331952,0.9984892002294908,100880834638.5184,36500257922.86365,-0.0049171313066314,-0.0049292601725938,Friday,0,0,0,0,1,0,0,-0.0252604228820441,-0.0255849440537928,0.005924338638788456,0.00626656507902081,0.0056245162358662636,-5.180620337102746,0.010562974014998616
2021-03-06,0.9984892002294908,1.0081653769611356,0.9963493282615874,1.0028352222610015,81949265141.89851,36518191103.02089,0.0043525979354728,0.0043431527784747,Saturday,0,0,0,0,0,1,1,-0.1876626969280785,-0.207839627202445,0.0070803597641876555,0.007887353593126095,0.0056721895469189374,-5.172180072306635,0.008440264796110597
2021-03-07,1.0028352222610015,1.012086193186515,0.9966380388530772,1.0031368203940585,78952370952.06464,36538709973.75852,0.000300745452854,0.0003007002380055,Sunday,0,0,0,0,0,0,1,-0.0365701167014083,-0.0372555666885155,0.00923745025373163,0.010874660649538972,0.005671240321774298,-5.172347433529448,-0.00016736122281280075
2021-03-08,1.0031368203940585,1.0057136589126583,0.996633638299424,1.0003581505032315,86032738277.55121,36513632195.68129,-0.0027699809580665,-0.0027738244545694,Monday,1,0,0,0,0,0,0,0.0896789702463194,0.0858831301509224,0.005446752920030483,0.006176987070274625,0.00549710771841189,-5.203533194441164,-0.031185760911715654
2021-03-09,1.0003581505032315,1.0061769325588206,0.9959602975061452,1.0044260665768887,99842373066.52516,36841314608.18258,0.0040664596690802,0.0040582139682746,Tuesday,0,1,0,0,0,0,0,0.1605160438392945,0.1488647715737101,0.006129218134697737,0.006761467013026336,0.0054598612307053505,-5.210331905170037,-0.006798710728872948
2021-03-10,1.0044260665768887,1.00596095912793,0.9959707241965954,0.9995201318856356,99135960483.04823,37089319817.14855,-0.0048843163817647,-0.0048962836388389,Wednesday,0,0,1,0,0,0,0,-0.007075278379113,-0.007100426853025,0.00599400806460999,0.0063675822541938275,0.005491308109732117,-5.204588780489053,0.005743124680983591
2021-03-11,0.9995201318856356,1.0093802965995655,0.9942242007835048,1.0022334951787044,99590963323.8311,37573333863.74797,0.0027146659747112,0.0027109879239832,Thursday,0,0,0,1,0,0,0,0.0045896851008031,0.00457918461317,0.009085961610454722,0.010564376916371349,0.0053449081502938015,-5.23161091888219,-0.027022138393136608
2021-03-12,1.0022334951787044,1.0071778203166402,0.992898758191614,1.0003872879619315,102288878773.78792,38149118317.38336,-0.0018420929111371,-0.0018437916507617,Friday,0,0,0,0,1,0,0,0.0270899623812679,0.0267295243653785,0.008575268105298836,0.01003136238416283,0.005353981653710666,-5.229914760540825,0.0016961583413648285
2021-03-13,1.0003872879619315,1.008457224272155,0.9982672482308832,1.0019526939208985,108087867944.77888,38307765601.75642,0.0015647999307908,0.0015635769070711,Saturday,0,0,0,0,0,1,1,0.0566922742775921,0.055143533259539,0.006099249765535343,0.007115259902023288,0.005344949505788107,-5.23160318154917,-0.001688421008345209
2021-03-14,1.0019526939208985,1.0062085258013849,0.9989876332991048,1.0037034725327183,102018987487.47006,38286345266.66205,0.0017473665398,0.0017458416709659,Sunday,0,0,0,0,0,0,1,-0.0561476562791427,-0.0577855406207636,0.004325368990796393,0.004975793043008368,0.0053483487271087345,-5.2309674148547245,0.0006357666944456497
2021-03-15,1.0037034725327183,1.0121658385071184,0.9940490671137268,1.0030356362712534,102424258918.03636,38599813791.69975,-0.0006653720742638,-0.0006655935325026,Monday,1,0,0,0,0,0,0,0.0039725098292715,0.0039646402465447,0.010846819830600811,0.012764452597840965,0.005341631436858017,-5.2322241601492525,-0.0012567452945280166
2021-03-16,1.0030356362712534,1.015914150471694,0.9912314582844334,1.0016482420734711,111190870454.89928,38777519058.46263,-0.0013831953198989,-0.0013841528175848,Tuesday,0,1,0,0,0,0,0,0.0855911639436735,0.0821246901756939,0.014771439185517108,0.017370750732809016,0.005346522313391275,-5.2313089643186315,0.0009151958306210517
2021-03-17,1.0016482420734711,1.017045341517992,1.000574190364302,1.0040468959025728,93017404703.8776,38856014930.20988,0.0023947067726453,0.0023918440317542,Wednesday,0,0,1,0,0,0,0,-0.1634438661795809,-0.1784616552234509,0.00980576761604577,0.011449301824552203,0.005351942561965948,-5.230295688282942,0.0010132760356897919
2021-03-18,1.0040468959025728,1.0116009649631323,0.9970755954021248,1.0011080253559033,96374126663.484,39037375564.9016,-0.0029270251804599,-0.00293131729613,Thursday,0,0,0,1,0,0,0,0.0360870309195637,0.0354511469880434,0.008685843872147736,0.010063207718150264,0.005376130731113405,-5.225786358513539,0.004509329769402548
2021-03-19,1.0011080253559033,1.0074571053664283,0.9981790860833976,1.0043861429391077,86679841531.18166,39357932162.36898,0.0032744893659593,0.0032691399003199,Friday,0,0,0,0,1,0,0,-0.1005901217258499,-0.1060164215235564,0.005556399715600519,0.006218635901636542,0.00540850719802622,-5.219782158021889,0.006004200491649847
2021-03-20,1.0028273458305992,1.0073817039268511,0.9939426027413514,1.0043554721297197,82060238233.3383,39676080684.1285,-3.053687030996066e-05,-3.053733656967692e-05,Saturday,0,0,0,0,0,1,1,-0.0532950131915218,-0.0547677582912082,0.008065783326118254,0.00944946243773894,0.005408509833214359,-5.21978167079179,4.872300989333667e-07
2021-03-21,1.0043554721297197,1.0075490181779467,0.9954882456872296,0.9976887239673032,84467195412.7276,39742018775.172165,-0.0066378372472842,-0.0066599656665344,Sunday,0,0,0,0,0,0,1,0.0293315889791243,0.028909648848351,0.007232336333261743,0.007441661526866014,0.005473819255319301,-5.207778687666672,0.01200298312511805
2021-03-22,0.9976887239673032,1.00532664916391,0.99601231460611,1.003584866253436,79422275920.33713,39699178747.40496,0.0059098014686251,0.0058924070898314,Monday,1,0,0,0,0,0,0,-0.0597263762309112,-0.0615843569602525,0.005590125880468583,0.005468884476728947,0.005573594115487365,-5.189715170032013,0.0180635176346593
2021-03-23,1.003584866253436,1.0066770866717882,0.99664263622872,1.000483595577828,97863531428.15125,39735667081.97075,-0.0030901927479093,-0.0030949772527561,Tuesday,0,1,0,0,0,0,0,0.2321924837096236,0.2087950896849257,0.006016365709104301,0.00681754733265857,0.0055338959063311955,-5.196863207636884,-0.007148037604871149
2021-03-24,1.000483595577828,1.004783240114924,0.99530535174559,0.9988596179154712,92903312107.4607,39939559624.8945,-0.0016231926935482,-0.0016245114981176,Wednesday,0,0,1,0,0,0,0,-0.0506850636626802,-0.0520146741643132,0.005691842535458633,0.006625136384952848,0.005466633705599459,-5.209092262301785,-0.012229054664900652
2021-03-25,0.9988596179154712,1.005187755287122,0.9904587523478828,1.005187755287122,108817009791.55128,40329421028.916725,0.0063353621050945,0.0063153780582974,Thursday,0,0,0,1,0,0,0,0.1712931145628404,0.1581083646190078,0.008865125494036966,0.00967173890266033,0.005579742353032355,-5.188612676946629,0.020479585355155372
2021-03-26,1.005187755287122,1.005187755287122,0.9975139596984248,1.004216090171159,93980522955.0343,40326783254.910286,-0.0009666503703932,-0.0009671178781645,Friday,0,0,0,0,1,0,0,-0.1363434527831412,-0.1465801040033344,0.004602389303688152,0.005385458371935604,0.00545359420684994,-5.2114804001779,-0.022867723231270176
2021-03-27,1.004216090171159,1.0050434685901124,0.995093383152377,0.9980130205659782,83049077149.29927,40263339199.437645,-0.0061770267036087,-0.00619618346167,Saturday,0,0,0,0,0,1,1,-0.1163160776511668,-0.1236558341861668,0.005975275725922826,0.005887721419064779,0.005440945710113557,-5.213802389452488,-0.0023219892745887094
2021-03-28,0.9980130205659782,1.0027671894581405,0.9980130205659782,0.9997194935107744,77689618904.50677,40548926772.65773,0.0017098704221598,0.0017084102579536,Sunday,0,0,0,0,0,0,1,-0.0645336279313215,-0.0667100803933149,0.002854061385679955,0.0031882326329112963,0.00539308670806646,-5.22263738486524,-0.008834995412751567
2021-03-29,0.9997194935107744,1.004845206226919,0.9963837787459964,0.9993953932694276,80913514563.99274,40573194270.28736,-0.0003241911790762,-0.0003242437403967,Monday,1,0,0,0,0,0,0,0.0414971228453142,0.0406592192045739,0.005078514651277532,0.005976097089260392,0.004745823908954046,-5.3504902247007164,-0.12785283983547657
2021-03-30,0.9993953932694276,1.004984475555037,0.9985740855662492,1.0008347615527655,92224154017.81664,40717502652.70551,0.0014402390615682,0.0014392029120403,Tuesday,0,1,0,0,0,0,0,0.1397867774595127,0.130841207596527,0.003843006881608585,0.004435497120267198,0.003549617661569341,-5.640915382261361,-0.29042515756064446
2021-03-31,1.0008347615527655,1.0085830932087696,0.994707422315427,0.9998014197511544,98759887509.11156,40819275850.39916,-0.001032479927064,-0.0010330133016278,Wednesday,0,0,1,0,0,0,0,0.0708679148201489,0.0684694550272585,0.008319634946496743,0.009774557834341533,0.0035095395877992068,-5.652270421675283,-0.011355039413921908
2021-04-01,0.9998014197511544,1.0025912070029224,0.9972997031165746,0.9983141068862904,112916002489.3064,40797389881.72977,-0.0014876082744853,-0.0014887158622486,Thursday,0,0,0,1,0,0,0,0.143338711062108,0.1339526760515413,0.0031780527096099,0.003625667513428469,0.0034233709600741294,-5.677129552511918,-0.024859130836635046
2021-04-02,0.9983141068862904,1.0027190298487798,0.99755285660227,1.0005610520589574,115569050609.74954,41611872327.31436,0.0022507396791928,0.0022482105588578,Friday,0,0,0,0,1,0,0,0.0234957673133566,0.0232239906083175,0.0031021884042195516,0.0033746998426563654,0.003349133276486184,-5.699053690056805,-0.021924137544886868
2021-04-03,1.0005610520589574,1.0024836594264903,0.9967093949122092,0.9967093949122092,108364834130.28128,42378264778.02081,-0.003849497378318,-0.0038569257631776,Saturday,0,0,0,0,0,1,1,-0.062336901112005,-0.0643645641217756,0.003469208625752183,0.0033072876763562908,0.003335688605218091,-5.703076142602002,-0.004022452545196842
2021-04-04,0.9967093949122092,1.0041122689781603,0.9967093949122092,1.000522937980545,115961429102.49088,42498375190.3414,0.003826133362244,0.0038188323312109,Sunday,0,0,0,0,0,0,1,0.070102031098729,0.0677540000947409,0.004444073484948615,0.004663207596025036,0.003286793922422663,-5.717842680995399,-0.014766538393397255
2021-04-05,1.000522937980545,1.0039241291801912,0.9986218202266508,1.0022432372808885,117052234133.89282,42541536656.13114,0.0017194001606957,0.0017179236844328,Monday,1,0,0,0,0,0,0,0.0094066194237556,0.0093626526831406,0.003180320025889415,0.0035890847117299686,0.0032050934171648274,-5.74301404171296,-0.025171360717560987
2021-04-06,1.0022432372808885,1.0022432372808885,0.9970561304526744,0.99977486300264,138912184905.3323,43097350550.5458,-0.0024628495223827,-0.0024658873250599,Tuesday,0,1,0,0,0,0,0,0.1867538106657109,0.1712216894537925,0.003116273794740781,0.0033337108478041725,0.003236092778075405,-5.73338860959262,0.009625432120340172
2021-04-07,0.99977486300264,1.0030774960305786,0.9975654415672468,0.9976200395617588,151164479490.8192,43166028239.45769,-0.0021553086806058,-0.002157634701156,Wednesday,0,0,1,0,0,0,0,0.088201726823581,0.0845265419307529,0.0033092706159807035,0.003658324301204748,0.003220404630105867,-5.738248265797007,-0.004859656204387441
2021-04-08,0.9976200395617588,1.0041439413928763,0.9974029654749264,1.0017759574376317,130195104654.73608,43744156673.76983,0.0041658323921585,0.0041571793355303,Thursday,0,0,0,1,0,0,0,-0.1387189299147269,-0.1493343817342675,0.004045255106111984,0.0040011811867777585,0.0032246096345846277,-5.736943379600412,0.0013048861965954117
2021-04-09,1.0017759574376317,1.0019724038302478,0.9984290797950796,1.000481187865378,97090619406.58382,43917176333.58839,-0.0012924741930974,-0.0012933101582538,Friday,0,0,0,0,1,0,0,-0.254268279409905,-0.2933893673324164,0.0021275580857879417,0.0023725367093737552,0.0031072081603757047,-5.774030653591203,-0.03708727399079148
2021-04-10,1.000481187865378,1.00458319613176,0.9946496070605396,1.001096099257201,110513382854.67476,44492298081.58389,0.0006146156462321,0.0006144268473909,Saturday,0,0,0,0,0,1,1,0.1382498487508952,0.1294918623541119,0.005968066652064476,0.0070164769246056575,0.003069583801234152,-5.786213296203994,-0.012182642612790673
2021-04-11,1.001096099257201,1.0013038279061754,0.9973232595526264,1.0009346806112622,117333844183.90536,44533774122.98882,-0.0001612419088024,-0.0001612549096765,Sunday,0,0,0,0,0,0,1,0.0617161573833959,0.0598866153292358,0.0023922202400470057,0.002814840382175153,0.0030512116548373006,-5.792216503370138,-0.006003207166144442
2021-04-12,1.0009346806112622,1.0054881281224168,0.9972703234004026,1.0007932712662302,116222652548.61598,44569504938.24474,-0.0001412772958827,-0.0001412872764599,Monday,1,0,0,0,0,0,0,-0.0094703420229523,-0.0095154708616631,0.004928524851027703,0.005802230086905255,0.0030379377118291543,-5.796576378037457,-0.004359874667319019
2021-04-13,1.0007932712662302,1.0042518237792486,0.9973194381293096,1.0012285549919155,146165499591.92914,45499086396.96096,0.0004349387013109,0.000434844142891,Tuesday,0,1,0,0,0,0,0,0.2576334852690447,0.2292317686654973,0.004160070242643551,0.004890646347784451,0.00302221272424217,-5.801766025735331,-0.005189647697873667
2021-04-14,1.0012285549919155,1.003956726524345,0.9914078409261142,0.9996718883665572,167697135255.6759,45981460617.948944,-0.0015547565214727,-0.0015559664096102,Wednesday,0,0,1,0,0,0,0,0.1473099720786346,0.1374200475646994,0.007553981195128159,0.008841401134687376,0.003033101323917289,-5.798169643673367,0.0035963820619642206
2021-04-15,0.9996718883665572,1.0036864952486897,0.9981060845924772,0.9999811965131332,160387005585.57364,46577698348.54501,0.0003094096674873,0.0003093618101876,Thursday,0,0,0,1,0,0,0,-0.0435912614664348,-0.0445699065371938,0.0033483857019209044,0.003937731327089625,0.003023083056206246,-5.801478088800002,-0.0033084451266356396
2021-04-16,0.9999811965131332,1.0040719529915731,0.9960858512599032,0.9977917862600524,191701092413.6053,46963734333.61128,-0.0021894514224019,-0.002191851775445,Friday,0,0,0,0,1,0,0,0.1952407971811918,0.1783476690016018,0.00479578996320602,0.005479815401240961,0.003018024913056673,-5.803152663847266,-0.001674575047263538
2021-04-17,0.9977917862600524,1.004619821316892,0.9971506697432454,1.0013489927596375,202599731937.8436,47937287125.28555,0.0035650789559196,0.003558739125468,Saturday,0,0,0,0,0,1,1,0.0568522557019337,0.0552949201098067,0.004481736045387542,0.004790905695812822,0.0030404288861248293,-5.7957566925528745,0.007395971294391401
2021-04-18,1.0013489927596375,1.016315377265846,0.9930471429552806,0.9973162161367484,207078210633.0648,48290523260.269554,-0.0040273437653092,-0.0040354753540229,Sunday,0,0,0,0,0,0,1,0.0221050573580974,0.0218642823477918,0.01390950945128137,0.01618399567765179,0.0030709608702192367,-5.785764779311161,0.009991913241713668
2021-04-19,0.9973162161367484,1.0074441338024442,0.9931227615444196,0.9961088774044272,189381088916.7483,48287731628.21313,-0.0012105876880232,-0.0012113210412171,Monday,1,0,0,0,0,0,0,-0.0854610519485082,-0.0893352226087046,0.008598570252589853,0.010096010762110154,0.0030789088225565736,-5.783180023158792,0.002584756152368861
2021-04-20,0.9961088774044272,1.0048792616094284,0.9877301582948336,0.9995496206375236,172139384740.04892,48810311134.00182,0.0034541838860646,0.0034482318951479,Tuesday,0,1,0,0,0,0,0,-0.0910423753254413,-0.095456803411026,0.010337540645416013,0.011981353785312008,0.002897847170181107,-5.843787172781671,-0.06060714962287861
2021-04-21,0.9995496206375236,1.0034061336127555,0.99009219963854,0.9978745330685618,150364065509.7303,49146090403.26349,-0.0016758423337637,-0.0016772481283404,Wednesday,0,0,1,0,0,0,0,-0.126498182058696,-0.1352450681951898,0.008022029390836818,0.009387514636787005,0.0027081250994216493,-5.911498728757745,-0.06771155597607414
2021-04-22,0.9978745330685618,1.0051835622613086,0.9927805397868176,1.001102805105362,144845291867.23236,49448407514.32591,0.0032351482373971,0.0032299264045759,Thursday,0,0,0,1,0,0,0,-0.0367027429312277,-0.0373932366545945,0.007456460098395493,0.00854671353528975,0.0027133729747765016,-5.909562777874031,0.0019359508837135664
2021-04-23,1.001102805105362,1.0074796797642014,0.9953096324567454,1.0017695380032998,197836653457.39297,49530748294.17596,0.0006659984314674,0.0006657767529316,Friday,0,0,0,0,1,0,0,0.3658480086376117,0.3117754874891087,0.007298768956274752,0.008583675440946105,0.002699851897695207,-5.914558360181798,-0.004995582307766533
2021-04-24,1.0017695380032998,1.0060744759912577,0.9955430160992916,0.9955430160992916,136326726157.49854,49572618148.63426,-0.0062155232993196,-0.0062349200801263,Saturday,0,0,0,0,0,1,1,-0.3109126960295125,-0.372387304862873,0.00631973354146344,0.006352193296247182,0.0026936111849522144,-5.916872537708368,-0.0023141775265704823
2021-04-25,0.9955430160992916,1.0068289986779737,0.9799404656175066,1.00116245465287,94612560126.95332,49729141034.212006,0.0056445964289881,0.0056287253902952,Sunday,0,0,0,0,0,0,1,-0.3059867071285256,-0.365264164665289,0.01625673850879517,0.018818427884665898,0.0028775769262817785,-5.850806684004715,0.06606585370365359
2021-04-26,1.00116245465287,1.01069729549425,0.9941749151769482,1.002333666214677,124884292392.22636,50169081880.98892,0.0011698516622988,0.0011691679190431,Monday,1,0,0,0,0,0,0,0.3199546891517757,0.2775974096089452,0.009898810722913657,0.011632283601808922,0.0026544788134542554,-5.9315069473420525,-0.08070026333733793
2021-04-27,1.002333666214677,1.0047370058192913,0.9968497163929128,0.9968497163929128,114948859230.61684,50477773771.76492,-0.0054711819093878,-0.0054862036412699,Tuesday,0,1,0,0,0,0,0,-0.0795571081942405,-0.0829003206401523,0.004733069521442168,0.004407815671743948,0.002819973391814938,-5.871027829603247,0.06047911773880532
2021-04-28,0.9968497163929128,1.0078496491038462,0.9968497163929128,1.0016004458888612,112401891489.45332,51088191652.38614,0.0047657429378009,0.0047544227367908,Wednesday,0,0,1,0,0,0,0,-0.022157399022583,-0.0224065615953949,0.00659071305265574,0.007175315649359376,0.002949954233957166,-5.825965622663576,0.045062206939671334
2021-04-29,1.0016004458888612,1.0029112018422677,0.9914253550770435,0.9999402414588364,112196309688.5916,51118437328.32677,-0.0016575516083675,-0.0016589268669529,Thursday,0,0,0,1,0,0,0,-0.0018289888020346,-0.0018306634442997,0.006917619004568968,0.008079348657621098,0.0029537977407688067,-5.824663566828201,0.0013020558353744605
2021-04-30,0.9999402414588364,1.0271994404860192,0.997837076412596,1.0013730218779264,108764228177.89508,51248041660.42812,0.0014328660450746,0.0014318404720786,Friday,0,0,0,0,1,0,0,-0.0305899678895187,-0.031067606841161,0.017417100903382245,0.020487750433065742,0.002959339360157204,-5.82278922469265,0.0018743421355518208
2021-05-01,1.0013730218779264,1.0033744469986523,0.9966005132228468,1.0005472463889884,109030375146.84152,51625770767.631256,-0.0008246432357338,-0.0008249834410118,Saturday,0,0,0,0,0,1,1,0.0024470082986396,0.0024440192489926,0.004068228317175644,0.004762449824102911,0.002950677923329386,-5.825720330512986,-0.0029311058203367324
2021-05-02,1.0005472463889884,1.0067498987192596,0.9987265096531024,1.0005929141699834,107247613764.98328,51991269995.76993,4.564280313590352e-05,4.5641761534858745e-05,Sunday,0,0,0,0,0,0,1,-0.0163510524425622,-0.0164862061964509,0.004805403732881203,0.00565785940280684,0.002922000676877282,-5.835486734005031,-0.00976640349204505
2021-05-03,1.0005929141699834,1.0020655672969263,0.9964541442682392,1.0013198387256337,109857989148.47331,52218189363.37952,0.0007264938071775,0.0007262300382949,Monday,1,0,0,0,0,0,0,0.0243397059556986,0.0240482156997718,0.003372507970794446,0.0039450872170464025,0.0028389797016768635,-5.8643105513312825,-0.028823817326251167
2021-05-04,1.0013198387256337,1.00488150538536,0.99671063900762,1.0035317054028283,166996595347.60812,52385297012.688576,0.0022089512178342,0.0022065150719848,Tuesday,0,1,0,0,0,0,0,0.5201133448921211,0.4187849010860291,0.004903229286213865,0.005607856933852641,0.002781362979937426,-5.884814190874802,-0.020503639543519192
2021-05-05,1.0035317054028283,1.024444420129671,0.987421188946349,0.9984924359630784,201432380726.27383,53084139927.73886,-0.0050215348579616,-0.0050341851310872,Wednesday,0,0,1,0,0,0,0,0.2062065116177167,0.187480320476252,0.022106075720468223,0.025839165996041417,0.002912451195204916,-5.838760217241906,0.04605397363289576
2021-05-06,0.9984924359630784,1.0030184945399028,0.99573934461464,1.0002993082097686,199560194313.1273,53677028048.38713,0.0018096003350767,0.0018079649809846,Thursday,0,0,0,1,0,0,0,-0.0092943667070621,-0.0093378288449593,0.0043743111719578755,0.005026280017304212,0.0028963154524676796,-5.844315883433706,-0.005555666191799702
2021-05-07,1.0002993082097686,1.0074972828024036,0.9978006051211638,1.0014621552324348,219120716309.54263,54538070684.83924,0.0011624990771483,0.0011618238983087,Friday,0,0,0,0,1,0,0,0.0980181546913268,0.0935068772779041,0.005808108462287784,0.006800293537265699,0.002877230979449631,-5.850926912807563,-0.006611029373857491
2021-05-08,1.0014621552324348,1.006967583309232,0.994552213164204,0.998844008086269,182944711774.3106,55499056942.07946,-0.0026143245977757,-0.0026177479120652,Saturday,0,0,0,0,0,1,1,-0.1650962316321005,-0.1804388082363742,0.007450623564026763,0.008620241364795729,0.0028161688359453997,-5.872377886537107,-0.021450973729543854
2021-05-09,0.998844008086269,1.0032181424453646,0.9888261229659628,1.0010462673780822,190883110764.0345,55669191561.63222,0.0022048080320695,0.0022023810095981,Sunday,0,0,0,0,0,0,1,0.043392339208564,0.0424772694367481,0.008677958709607792,0.010125409143520536,0.0028349135102768005,-5.865743850106666,0.006634036430440915
2021-05-10,1.0010462673780822,1.0115993368432068,0.984317593758743,1.0071871928322995,192720453265.23364,56056804691.288895,0.0061345071195375,0.0061157676300416,Monday,1,0,0,0,0,0,0,0.0096254849045835,0.0095794550620785,0.016418896739494305,0.018954393975344673,0.0030448159861003526,-5.79431481114047,0.07142903896619579
2021-05-11,1.0071871928322995,1.0071871928322995,0.993559385737344,1.0007263083372482,214368465310.40588,56754064395.80455,-0.0064147802325432,-0.0064354433488924,Tuesday,0,1,0,0,0,0,0,0.11232856543451,0.106455624698033,0.00818140478467758,0.008763206684618179,0.0032635157914294236,-5.724950201098986,0.0693646100414842
2021-05-12,1.0007263083372482,1.004538953992133,0.9955059891735702,1.0031919546846175,184126492526.90955,57495472621.8867,0.0024638568276136,0.0024608265088738,Wednesday,0,0,1,0,0,0,0,-0.1410747272911895,-0.1520733541361435,0.0054247632129159045,0.006201344847626999,0.0032941957270304144,-5.715593229735593,0.009356971363392752
2021-05-13,1.0031919546846175,1.0102293025065432,0.9897788505894388,0.992982559092924,248267595638.1468,57910405882.01371,-0.010176911351829,-0.0102290501571322,Thursday,0,0,0,1,0,0,0,0.3483534728271826,0.2988841983146147,0.012282126028805032,0.012988612137215168,0.0037859219147084143,-5.576465851154552,0.1391273785810414
2021-05-14,0.992982559092924,1.005940047749006,0.992982559092924,0.9986313935458032,214287586387.1497,57968341810.52904,0.005688754954608,0.0056726350938723,Friday,0,0,0,0,1,0,0,-0.1368684832334035,-0.1471882046468265,0.0077860683193229025,0.00846230725595632,0.0039147324292067055,-5.543008296905215,0.033457554249337385
2021-05-15,0.9986313935458032,1.0075366102813643,0.9951338033587894,0.9951338033587894,174558185230.65836,58433376049.16321,-0.0035023835717752,-0.0035085312757261,Saturday,0,0,0,0,0,1,1,-0.185402252301787,-0.2050608486891369,0.0074388075496023736,0.00848272270295657,0.003966392091694183,-5.529898390509916,0.01310990639529841
2021-05-16,0.9951338033587894,1.00444036905778,0.9951338033587894,0.9976465579657467,177695985964.85376,58514477330.66528,0.0025250419576505,0.0025218593954828,Sunday,0,0,0,0,0,0,1,0.0179756722954536,0.0178160202941097,0.005590392935203059,0.0063928405192952825,0.00397292313608292,-5.5282531489054305,0.0016452416044856477
2021-05-17,0.9976465579657467,1.048743622532556,0.9711696422385336,1.0059347516284125,202368707194.58148,58269016122.34629,0.0083077454600413,0.0082734260894439,Monday,1,0,0,0,0,0,0,0.1388479379303915,0.1300171706625631,0.04615133583439966,0.05409519539267565,0.00420043054321436,-5.472568248657502,0.05568490024792894
2021-05-18,1.0059347516284125,1.0059347516284125,0.9893409774599462,0.9970266259975898,176837687323.28226,58299606893.69889,-0.0088555700222128,-0.0088950136187708,Tuesday,0,1,0,0,0,0,0,-0.1261609081030035,-0.1348590256570885,0.009989403088183801,0.010381314156173016,0.004442764561232245,-5.416478447377237,0.05608980128026442
2021-05-19,0.9970266259975898,1.0813442696768003,0.9585315927468931,0.9981285600009931,219718187037.18787,58704988181.14542,0.0011052202365215,0.0011046099302764,Wednesday,0,0,1,0,0,0,0,0.2424850740980031,0.2171134661181046,0.07240228815226098,0.08524441511730035,0.004441837355679907,-5.416687169290582,-0.000208721913344867
2021-05-20,0.9981285600009931,1.0153524409431005,0.979444101630818,1.0054550285918284,277027027314.80023,58387721325.778046,0.0073402053447182,0.0073133971426743,Thursday,0,0,0,1,0,0,0,0.2608288419379352,0.2317693157623783,0.02162374437118874,0.02505096854965054,0.004595262224629354,-5.382729457418796,0.03395771187178642
2021-05-21,1.0054550285918284,1.008582640610962,0.9900404738393576,1.0047862325499084,182776964460.3989,58756204175.71955,-0.0006651675340036,-0.0006653888560774,Friday,0,0,0,0,1,0,0,-0.3402197387307631,-0.4158484368685036,0.011143697311627515,0.013114181762876846,0.00458665683782475,-5.38460387806346,-0.0018744206446648093
2021-05-22,1.0047862325499084,1.0089170813480748,0.993687904158798,0.993687904158798,181366461005.5126,59199875786.96671,-0.0110454622402075,-0.0111069163029447,Saturday,0,0,0,0,0,1,1,-0.0077170745178444,-0.0077470052218191,0.009134331908818637,0.008246952415580048,0.004980139869590606,-5.302297302076814,0.08230657598664681
2021-05-23,0.993687904158798,1.0210951676653186,0.9894900414259932,1.0086732583400515,138187085087.03235,59635969588.51097,0.015080544020448,0.0149679630601382,Sunday,0,0,0,0,0,0,1,-0.238078064042766,-0.2719111747938154,0.018882439005321723,0.020192400779492983,0.00567934988387901,-5.170918509863341,0.13137879221347237
2021-05-24,1.0086732583400515,1.0381557216145272,0.9953379584873336,1.0026924830932376,181442752875.2805,60097742230.45932,-0.005929348475696,-0.0059469968592263,Monday,1,0,0,0,0,0,0,0.3130225068500798,0.272331736719883,0.025294879442822518,0.02955219146466618,0.005669047528299562,-5.172734159780325,-0.001815649916983908
2021-05-25,1.0026924830932376,1.005882504151565,0.9955089484359692,1.003457132848758,160160081447.26382,60263096277.71404,0.000762596477398,0.00076230584845,Tuesday,0,1,0,0,0,0,0,-0.1172968944240273,-0.1247663686932224,0.00622567953615625,0.007314849440278383,0.005576861593616995,-5.189129099236631,-0.016394939456305657
2021-05-26,1.003457132848758,1.0111548518822395,0.9952394683359178,1.0029415411153568,129447477336.6115,60918798777.3935,-0.0005138154052853,-0.000513947453655,Wednesday,0,0,1,0,0,0,0,-0.191761916159896,-0.212898605646298,0.009527900168667334,0.011213696434877457,0.005573564823919569,-5.189720425463994,-0.0005913262273633535
2021-05-27,1.0029415411153568,1.004267291212986,0.9918022229483132,0.9924632816578374,117172472479.15752,61137819945.45121,-0.0104475276254553,-0.0105024861645693,Thursday,0,0,0,1,0,0,0,-0.0948261419226765,-0.0996282453599283,0.00750087476568601,0.00594879191057163,0.00580844939330195,-5.148441629573111,0.041278795890883124
2021-05-28,0.9924632816578374,1.0046852746634694,0.9878857089298562,1.0016042112561716,110235486526.50804,61280643780.71467,0.0092103453772767,0.0091681887996799,Friday,0,0,0,0,1,0,0,-0.0592032053764455,-0.0610281089188821,0.010127023409603362,0.010473939237765508,0.005982178201243413,-5.118970529642118,0.029471099930993283
2021-05-29,1.0016042112561716,1.0069920728250772,0.9915874230724004,0.9994947331769072,119024500760.50916,61380933562.74116,-0.0021060994508188,-0.002108320397171,Saturday,0,0,0,0,0,1,1,0.0797294456707244,0.0767104964845904,0.00925819387622429,0.010821643311448892,0.005986893065940478,-5.118182688240611,0.0007878414015065616
2021-05-30,0.9994947331769072,1.008569051184116,0.9964372296049944,0.9980486952049032,112414834741.34668,62001445111.07612,-0.0014467689763684,-0.0014478165571307,Sunday,0,0,0,0,0,0,1,-0.0555319785164389,-0.0571334502277716,0.007267797978840884,0.00850973317506637,0.005987021137805247,-5.118161296427943,2.1391812667914678e-05
2021-05-31,1.002279820455252,1.0073951326497257,0.9943400019749348,1.003693038879694,98731125874.5125,61935015875.894165,0.0056553790430355,0.0056394474249782,Monday,1,0,0,0,0,0,0,-0.1217251166033271,-0.1297956553065454,0.007833719889678806,0.00918183224881763,0.006073042709979226,-5.103895529326859,0.01426576710108396
2021-06-01,1.003693038879694,1.008432521526972,0.9961156906593204,1.0023371620794597,105700767011.96698,61908113251.37887,-0.0013508879186288,-0.0013518011902909,Tuesday,0,1,0,0,0,0,0,0.070592136732168,0.0682118942202702,0.007380320240402946,0.00864895034383224,0.006078049895606953,-5.10307137530653,0.0008241540203295372
2021-06-02,1.0023371620794597,1.0037836834112837,0.9980678413001924,0.9995531637899024,105403607735.06503,61983340172.74444,-0.0027775068059748,-0.0027813712353147,Wednesday,0,0,1,0,0,0,0,-0.0028113256441015,-0.0028152848421779,0.003429547405044,0.003649236556186103,0.006097784657520426,-5.099829744663684,0.00324163064284555
2021-06-03,0.9995531637899024,1.0073325491001437,0.9994075656348104,1.0054735696404036,94007249194.82677,61954078130.46011,0.0059230524848257,0.0059055801684743,Thursday,0,0,0,1,0,0,0,-0.1081211429582499,-0.1144249661165191,0.004743476569607894,0.004209519995609861,0.006179256967867376,-5.086557246477623,0.013272498186061021
2021-06-04,1.0054735696404036,1.008564849246522,0.99595421507942,0.9985529827847552,96689878263.10287,62172202836.06393,-0.0068829127533639,-0.0069067092530311,Friday,0,0,0,0,1,0,0,0.0285364064075148,0.0281368270609776,0.007556483442568995,0.007792994466948589,0.006239273763881956,-5.076891487367219,0.009665759110403904
2021-06-05,0.9985529827847552,1.0084606956733828,0.9830759793686982,1.0019698783318605,85465578905.87843,62465663893.85104,0.0034218470186491,0.0034160058214689,Saturday,0,0,0,0,0,1,1,-0.1160855671643519,-0.1233950164642612,0.01531069116761471,0.017901497852912604,0.006261673023028841,-5.073307873501778,0.0035836138654410377
2021-06-06,1.0019698783318605,1.0096491039942752,0.99791995262099,1.0018149632427575,72550530218.57344,62568061864.05678,-0.0001546105251795,-0.0001546224786188,Sunday,0,0,0,0,0,0,1,-0.1511140374012803,-0.163830421364193,0.007017595137832231,0.008262027951586861,0.0062581428149252796,-5.073871812818908,-0.0005639393171295026
2021-06-07,1.0018149632427575,1.006426460498427,0.9770259004808114,0.9932502992192412,66968482063.92669,62544494213.12229,-0.0085491476348021,-0.0085859012219245,Monday,1,0,0,0,0,0,0,-0.0769401427919228,-0.0800611958690251,0.017805448149710083,0.02027376857659527,0.006433753804277226,-5.046197115697352,0.027674697121555347
2021-06-08,0.9932502992192412,1.0161361824778818,0.9897979417151136,1.0006182396339047,95573654114.53523,62585205630.84806,0.0074180097609386,0.0073906316372908,Tuesday,0,1,0,0,0,0,0,0.4271438021142939,0.3556751057470775,0.015771838661542338,0.01799283218436999,0.006561419039375135,-5.026548382441367,0.019648733255985817
2021-06-09,1.0006182396339047,1.0118089004158584,0.9947230797879172,1.0034146305467628,99074235979.31618,62806489832.24432,0.0027946631413406,0.0027907653306604,Wednesday,0,0,1,0,0,0,0,0.0366270589652861,0.0359722300072376,0.010227924724066403,0.011916889904867474,0.0064857596618396384,-5.038146326695736,-0.011597944254368997
2021-06-10,1.0034146305467628,1.0098767075769983,0.9983081956140314,0.9984141499522812,90718697394.83386,62853453216.97271,-0.0049834639063981,-0.0049959227720918,Thursday,0,0,0,1,0,0,0,-0.0843361394805679,-0.0881059461543916,0.006919359189544662,0.007531980929665156,0.006443334191193999,-5.044709141290751,-0.006562814595015176
2021-06-11,0.9984141499522812,1.008686616979845,0.9982555836804669,1.000123967147326,73131072588.93259,62889486086.72479,0.0017125330156093,0.001711068302952,Friday,0,0,0,0,1,0,0,-0.1938699001524997,-0.2155101352985255,0.006242860735280143,0.007273067094654064,0.006435238282593944,-5.045966409467481,-0.0012572681767304417
2021-06-12,1.000123967147326,1.0059855883218705,0.9979776106114774,1.0042687651183322,69688196000.56415,62927344471.91052,0.004144284215914,0.0041357203227344,Saturday,0,0,0,0,0,1,1,-0.0470781634466205,-0.0482223969986721,0.0047997950665329475,0.005032916203485529,0.006204405606995812,-5.082495657501268,-0.0365292480337871
2021-06-13,1.0042687651183322,1.0148404862589553,0.9994251393760428,0.9994251393760428,60459377048.02881,62971063097.02197,-0.0048230373287758,-0.0048347057064454,Sunday,0,0,0,0,0,0,1,-0.1324301600870917,-0.1420592632974287,0.009192471858791906,0.010397817845203976,0.006180709394137365,-5.086322225404889,-0.0038265679036211253
2021-06-14,0.9994251393760428,1.0062441642605473,0.9994251393760428,1.0011189590334115,71836465669.87085,62925925083.46228,0.0016947939276634,0.0016933593850422,Monday,1,0,0,0,0,0,0,0.1881774040245916,0.1724205397788705,0.0040836817607775395,0.004691566046621113,0.006155194913614295,-5.090458852322464,-0.0041366269175746595
2021-06-15,1.0011189590334115,1.0076483108286538,0.9981582260826574,1.0028818770029917,69998940325.02374,62927203362.26008,0.0017609475414213,0.0017593988910942,Tuesday,0,1,0,0,0,0,0,-0.0255792838318573,-0.0259121218172183,0.005682920209778303,0.00660116771322345,0.00614634970906824,-5.0918969166211685,-0.0014380642987044112
2021-06-16,1.0028818770029917,1.0057997694973786,0.9919791223222192,0.9985023689628276,62664468472.585655,62845108910.68208,-0.0043669231048942,-0.0043764859639313,Wednesday,0,0,1,0,0,0,0,-0.1047797554989,-0.1106855077393436,0.008309505083354837,0.00939796469224209,0.006011190931698127,-5.11413239171336,-0.022235475092191592
2021-06-17,0.9985023689628276,1.0055263706068254,0.9978937101766212,1.0047353851055367,63028927506.93405,62838313728.26083,0.0062423649021319,0.0062229620469495,Thursday,0,0,0,1,0,0,0,0.0058160396670059,0.0057991918019727,0.004576076642854383,0.0037510421916992823,0.005898125357206163,-5.133120714626014,-0.018988322912654176
2021-06-18,1.0047353851055367,1.0092754975045597,0.9938540606169644,0.9993493443308918,60252785739.32169,62839049493.46172,-0.0053606560040474,-0.0053750758768498,Friday,0,0,0,0,1,0,0,-0.0440455181044758,-0.0450449801442701,0.009247229820899608,0.010362585393796517,0.00597580610870025,-5.120036276674583,0.01308443795143166
2021-06-19,0.9993493443308918,1.0060337429359525,0.9964685227601504,1.0042114667627022,58376448889.77968,62876237593.40634,0.0048652880590678,0.0048534907943723,Saturday,0,0,0,0,0,1,1,-0.0311410804748484,-0.0316362715764818,0.005737365632341617,0.006044291739587985,0.005891740983749928,-5.13420374201507,-0.014167465340487517
2021-06-20,1.0042114667627022,1.0156007479280462,0.9939103311747072,1.0011953646127407,52356595630.34728,62861257066.45475,-0.0030034532066085,-0.0030079726236977,Sunday,0,0,0,0,0,0,1,-0.1031212650635611,-0.1088346156537613,0.012965271874615663,0.015150529296488937,0.005916033332008535,-5.130089099935708,0.004114642079362518
2021-06-21,1.0011953646127407,1.0109996769043657,0.9882592050986574,0.9972093465234796,77018272669.62752,62860898559.79549,-0.0039812590330987,-0.0039892053427333,Monday,1,0,0,0,0,0,0,0.4710328611393837,0.385964780689553,0.013662696991470354,0.015894375966926593,0.005605157390204588,-5.184068142530299,-0.053979042594590965
2021-06-22,0.9972093465234796,1.0126917481866893,0.9938343696622338,1.0045332107850604,97137326264.13354,62871874378.897095,0.0073443598248588,0.0073175213417796,Tuesday,0,1,0,0,0,0,0,0.2612244198309585,0.2320830108791814,0.011288508327172712,0.012488855406369842,0.005072934329973437,-5.283835865489564,-0.09976772295926573
2021-06-23,1.0045332107850604,1.0098911150285448,0.9930249113774462,1.0028212108579748,95331872027.7615,63082657977.84989,-0.0017042740933848,-0.0017057280206393,Wednesday,0,0,1,0,0,0,0,-0.0185866165542037,-0.0187615183235407,0.010114679673098531,0.011861843742842302,0.004965153968486904,-5.305310971193035,-0.021475105703470554
2021-06-24,1.0028212108579748,1.0179840345990656,0.9939232880785842,1.0021966303539478,67991994398.63513,62986859743.95776,-0.0006228233879224,-0.0006230174229792,Thursday,0,0,0,1,0,0,0,-0.2867863291425218,-0.3379742248405212,0.014365114825316253,0.01690919705646338,0.0049645062138685804,-5.305441439830903,-0.00013046863786847496
2021-06-25,1.0021966303539478,1.0092619392605149,0.9954404388808532,1.006819412341714,64015807317.59513,62805799652.79241,0.00461264970142,0.004602044033767,Friday,0,0,0,0,1,0,0,-0.0584802242706359,-0.060259926613366,0.008281317498111555,0.009321540483204585,0.005034230579177598,-5.291494578952169,0.013946860878734313
2021-06-26,1.006819412341714,1.0228413911678396,0.9859960907870954,1.0031606897360204,71032924551.80734,62882366116.41075,-0.0036339412618038,-0.0036405600661135,Saturday,0,0,0,0,0,1,1,0.1096153829537585,0.1040134534351471,0.022032981811087777,0.025842986433807197,0.004701970465268844,-5.359773610196441,-0.06827903124427159
2021-06-27,1.0031606897360204,1.0084851679588671,0.9965198067720912,1.0018020695846548,61997017308.87484,62890403814.92795,-0.0013543395043948,-0.0013552574510426,Sunday,0,0,0,0,0,0,1,-0.1272073098488607,-0.1360572196689033,0.007168079006587604,0.008397628792618916,0.004400896971375441,-5.425946901703181,-0.06617329150674056
2021-06-28,1.0018020695846548,1.0084451585492047,0.9963358872867686,1.003851388366101,60982624218.754166,62812459789.99738,0.0020456324094997,0.0020435429525443,Monday,1,0,0,0,0,0,0,-0.0163619660130885,-0.016497301243212,0.007255103485983135,0.008447279358557396,0.00439987832211154,-5.426178392505862,-0.00023149080268058952
2021-06-29,1.003851388366101,1.0058455950607903,0.9985803328251484,1.000417551720511,66260651859.39903,62773164687.82047,-0.0034206623464247,-0.0034265261878353,Tuesday,0,1,0,0,0,0,0,0.0865496968728627,0.083007260002264,0.0043536193437556155,0.004662650704026101,0.004436262640310464,-5.417943004684333,0.008235387821528661
2021-06-30,1.000417551720511,1.0052660445525667,0.9888119818810426,1.0044595729244727,67598303792.08655,62672331604.36916,0.0040403341554837,0.0040321939242427,Wednesday,0,0,1,0,0,0,0,0.0201877267299743,0.019986656175527,0.009911243033953672,0.011397319449157364,0.004377472661243539,-5.431283739113652,-0.013340734429318601
2021-07-01,1.0044595729244727,1.0123132960134291,0.9853214506613812,1.0036707471232942,63019040853.13627,62709368574.24631,-0.0007853235933447,-0.000785632121458,Thursday,0,0,0,1,0,0,0,-0.0677422757978485,-0.0701459744095013,0.01623043631844364,0.01910363903439715,0.004372862747942254,-5.432337393290824,-0.0010536541771726249
2021-07-02,1.0036707471232942,1.00997895036926,0.9997331757364964,1.0059945280614455,55343217838.69863,62725141666.409966,0.0023152821229588,0.0023126059871812,Friday,0,0,0,0,1,0,0,-0.1218016477325619,-0.1298827971174529,0.006123531806931515,0.007065182980831851,0.004363752127369071,-5.434423012035764,-0.0020856187449398433
2021-07-03,1.0059945280614455,1.0097535857087867,0.999075997493392,1.003225211477391,46648660974.14557,62727956383.46148,-0.0027528147587353,-0.0027566107212715,Saturday,0,0,0,0,0,1,1,-0.1571024816427174,-0.1709098961551991,0.006384419747594913,0.007319226424246962,0.004258297799261636,-5.458885776191388,-0.024462764155623873
2021-07-04,1.003225211477391,1.0063077876565525,0.995146280011523,0.995146280011523,46451747971.14948,62686276412.80759,-0.0080529589701703,-0.00808555918099,Sunday,0,0,0,0,0,0,1,-0.0042211930392862,-0.0042301274260019,0.006698368023819174,0.0060783186831563805,0.004326918221934564,-5.442899717401564,0.015986058789824398
2021-07-05,0.995146280011523,1.0097981844095183,0.995146280011523,1.001544033878945,48950192788.88464,62694756169.05557,0.0064289582304903,0.0064083806264746,Monday,1,0,0,0,0,0,0,0.0537858084325892,0.0523892116617418,0.008777821188577022,0.009536776108660933,0.004438711845647513,-5.417391069486525,0.025508647915038374
2021-07-06,1.001544033878945,1.0045501652920668,0.9995929263408404,1.0025613122713548,52009360421.841415,62671688268.84908,0.0010157101016017,0.0010151946171221,Tuesday,0,1,0,0,0,0,0,0.0624955175590531,0.0606204030395858,0.002970976951690525,0.003440681227765216,0.004442490283090052,-5.416540185199525,0.0008508842869998645
2021-07-07,1.0025613122713548,1.005150825638035,0.9998377370871278,0.9998377370871278,53501151276.76821,62646534962.49203,-0.0027166170795646,-0.0027203137802744,Wednesday,0,0,1,0,0,0,0,0.0286831224769361,0.0282794623681095,0.0031829032717464447,0.003344510847927184,0.004186303081602319,-5.47593725394764,-0.05939706874811446
2021-07-08,0.9998377370871278,1.0094214269439503,0.995973012918854,1.0019416513203916,52248365286.95123,62589696006.0538,0.0021042556759192,0.0021020448308566,Thursday,0,0,0,1,0,0,0,-0.0234160566627091,-0.0236945688810031,0.008054990719487237,0.009393608841698972,0.003981420019724116,-5.5261167344444,-0.050179480496760576
2021-07-09,1.0019416513203916,1.0050180171663117,0.998519883404201,1.003341360654814,51370589178.25057,62557759882.59614,0.0013969968536369,0.0013960219613743,Friday,0,0,0,0,1,0,0,-0.0168000683634762,-0.0169427902619216,0.0038956495120559256,0.004503962800566035,0.003956899743442345,-5.532294453406687,-0.006177718962286249
2021-07-10,1.003341360654814,1.005138242838436,0.9992977777768964,1.0014358933563057,44951352677.64858,62528371735.25038,-0.0018991216481545,-0.0019009272660926,Saturday,0,0,0,0,0,1,1,-0.1249593707856436,-0.1334849603146832,0.003499804056601839,0.003947698114527222,0.0038659451087493545,-5.555549096757906,-0.023254643351219073
2021-07-11,1.0014358933563057,1.0109816721503408,0.9998144776642552,1.001354271667293,34535628613.189735,62565465115.23154,-8.150465701717291e-05,-8.150797870222041e-05,Sunday,0,0,0,0,0,0,1,-0.2317110263433277,-0.2635893488233095,0.006670644084749831,0.007853919822489279,0.0038533311836605167,-5.55881726227974,-0.0032681655218338435
2021-07-12,1.001354271667293,1.0048542457852758,0.9958970930399716,1.0032577730174193,35139221666.99565,62468599191.27496,0.0019009269785776,0.0018991225033106,Monday,1,0,0,0,0,0,0,0.0174774016875833,0.0173264284443225,0.0053773342795576645,0.006220327179326996,0.003794501811937105,-5.574202151603724,-0.015384889323984297
2021-07-13,1.0032577730174193,1.0049343869863854,1.0009256491984724,1.0020894616962446,39931030191.38901,62497852563.81174,-0.0011645175872008,-0.0011651961646676,Tuesday,0,1,0,0,0,0,0,0.1363663819820471,0.1278357876511674,0.0024004622015517288,0.002731971168129704,0.0036965327125927055,-5.60036000339375,-0.0261578517900265
2021-07-14,1.0020894616962446,1.006516704789278,0.9986772879201776,1.0026076440162972,42719258757.35611,62406929361.14993,0.0005171018555323,0.00051696820444,Wednesday,0,0,1,0,0,0,0,0.0698261114878115,0.0674961226389933,0.0046958784445856995,0.005519630220921704,0.003684790419076463,-5.603541629021603,-0.0031816256278522914
2021-07-15,1.0026076440162972,1.0058079173292496,0.9983250660116226,1.0030609403726911,41945042471.21328,62414233624.4774,0.0004521173951737,0.0004520152208995,Thursday,0,0,0,1,0,0,0,-0.018123354867657,-0.0182895944728602,0.0044846635624743855,0.005272808808176042,0.0036716901025616354,-5.607103204512552,-0.0035615754909494868
2021-07-16,1.0030609403726911,1.006715671187762,0.9979361126673753,0.9992909496497632,43286140126.9213,62312668968.86504,-0.0037584862207147,-0.0037655670778211,Friday,0,0,0,0,1,0,0,0.0319727332885266,0.0314722454782762,0.005260460687734888,0.0057345180810664045,0.0036490414828305924,-5.613290753318783,-0.006187548806230403
2021-07-17,0.9992909496497632,1.0063013542178445,0.9990559922657952,1.0017751840274285,39341517836.11357,62289035350.52108,0.0024859970747619,0.0024829120958087,Saturday,0,0,0,0,0,1,1,-0.0911289913871165,-0.0955520995903848,0.004339677655501596,0.004870971123018326,0.0034971641279770956,-5.6558028880654305,-0.042512134746647945
2021-07-18,1.0017751840274285,1.0079655789510205,0.9936465455562514,1.0026176595291227,35646948290.789246,62290523340.06536,0.0008409826028104,0.0008406291750784,Sunday,0,0,0,0,0,0,1,-0.0939101933157467,-0.0986168534760986,0.008592676409367091,0.010103603412067166,0.0033601583537505803,-5.695767177025131,-0.039964288959700056
2021-07-19,1.0026176595291227,1.004705735394821,0.9978811797217088,1.0019205416525372,35597075365.65197,62303116633.83388,-0.0006952978236119,-0.0006955396552469,Monday,1,0,0,0,0,0,0,-0.0013990797958478,-0.0014000594218086,0.004093284750831825,0.0048000473593715,0.0032436981332493453,-5.731041200927633,-0.03527402390250245
2021-07-20,1.0019205416525372,1.005889507916484,0.9994102313521966,1.0019450679460384,43088904857.292274,62272250974.33583,2.447928002435873e-05,2.4478980411673e-05,Tuesday,0,1,0,0,0,0,0,0.2104619386476132,0.1910020542313543,0.0038809317152195127,0.004569422569521169,0.003196873614981392,-5.745581942065779,-0.01454074113814574
2021-07-21,1.0019450679460384,1.007745586052942,0.9956954018006752,1.0025354811618212,45495991373.33915,62351371765.56116,0.0005892670513296,0.0005890935016754,Wednesday,0,0,1,0,0,0,0,0.0558632558432152,0.0543586843264698,0.007224530678238427,0.008498351297766925,0.003114660490819452,-5.771635124394,-0.02605318232822107
2021-07-22,1.0025354811618212,1.0055369697630847,0.996733623804903,1.002251784624184,52287680340.13116,62215354671.59319,-0.0002829790495877,-0.0002830190957139,Thursday,0,0,0,1,0,0,0,0.1492810412912986,0.1391365653818969,0.005280986631583857,0.006215397937926192,0.0028140556759079284,-5.873128535159466,-0.10149341076546659
2021-07-23,1.002251784624184,1.0052878924819504,0.9999335727222192,1.002241545335285,42964675834.73764,62109206421.47543,-1.0216284027642075e-05,-1.0216336214227178e-05,Friday,0,0,0,0,1,0,0,-0.1783021247977996,-0.1963824999042462,0.0032072311430385862,0.003776220753815292,0.0027967712140157886,-5.879289665027497,-0.006161129868030635
2021-07-24,1.002241545335285,1.0065161868807102,0.9989674226772848,1.004012787668393,50418391808.79736,62098116194.35513,0.0017672808928663,0.0017657210894593,Saturday,0,0,0,0,0,1,1,0.1734847483251176,0.1599777394840632,0.004521120303047054,0.005208859036579837,0.0028129906799398046,-5.873507062690072,0.0057826023374252244
2021-07-25,1.004012787668393,1.0044200902483995,0.999011435038308,1.0028856297745603,47215459902.52563,62055902692.23489,-0.0011226529260153,-0.0011232835728539,Sunday,0,0,0,0,0,0,1,-0.0635270541436203,-0.0656346460829438,0.003242672721849284,0.0037535809654956303,0.0026923995100972607,-5.9173224717853685,-0.04381540909529669
2021-07-26,1.0028856297745603,1.0118670054320775,0.9809767225524724,1.006467532748475,68709317922.780624,62059604846.28083,0.0035715966682259,0.0035652336630702,Monday,1,0,0,0,0,0,0,0.4552292419607515,0.3751634428252318,0.018619615001662274,0.021810647252751236,0.0026890374184607877,-5.918571986410752,-0.0012495146253836964
2021-07-27,1.006467532748475,1.0094252674023825,0.9902055278416172,1.004315108296533,74186116363.64557,62035068131.41349,-0.0021385930314752,-0.0021408830871329,Tuesday,0,1,0,0,0,0,0,0.0797096901328591,0.0766921995689345,0.011545116664728846,0.01352805424183944,0.002706007666721296,-5.912280916007216,0.006291070403536381
2021-07-28,1.004315108296533,1.007410533885825,0.9954101675597798,0.9975663218620914,64729663877.24737,62006451663.54872,-0.0067197898136656,-0.0067424692590724,Wednesday,0,0,1,0,0,0,0,-0.1274693022080378,-0.1363574418087713,0.007196890561272295,0.0073649273155222085,0.002949345400148287,-5.826172031508287,0.08610888449892862
2021-07-29,0.9975663218620914,1.0053967270113704,0.9911397484575846,1.0032771292874911,52705780835.56345,62038295128.80277,0.0057247395990069,0.0057084155482644,Thursday,0,0,0,1,0,0,0,-0.1857553758426102,-0.2054944370491365,0.008577187399051991,0.009455120917788926,0.003064876697014207,-5.787747939762334,0.03842409174595307
2021-07-30,1.0032771292874911,1.021414829136791,0.9973605450256638,1.00568340139514,47137526528.34668,62070493801.67871,0.002398412200782,0.0023955406008433,Friday,0,0,0,0,1,0,0,-0.1056478856577259,-0.1116557174351226,0.014312393280863686,0.016785652246381986,0.003007125437826022,-5.806770660572766,-0.019022720810431437
2021-07-31,1.00568340139514,1.0068529422020736,0.9989607192176506,1.0001525169801917,55680863112.59164,62009669057.05565,-0.005499627822509,-0.0055148064523923,Saturday,0,0,0,0,0,1,1,0.1812427849625781,0.1665670918389739,0.004726049574850981,0.00438351847925172,0.003167964511278977,-5.754666007340501,0.05210465323226465
2021-08-01,1.0001525169801917,1.0096614664630217,0.9963245983359762,1.0001547734471303,47591265436.96463,62065436265.62901,2.256122841659547e-06,2.2561202966182365e-06,Sunday,0,0,0,0,0,0,1,-0.1452850624687538,-0.1569872720338495,0.007985821781252232,0.009402586498708766,0.003139701859411834,-5.763627432801838,-0.008961425461337491
2021-08-02,1.0001547734471303,1.0073827887748594,0.996869799617782,1.001059926781913,52849266248.03122,62258339632.89259,0.0009050132627601,0.000904603985173,Monday,1,0,0,0,0,0,0,0.1104824753615953,0.1047945833737922,0.006300354926946804,0.007396763824615067,0.0031034993082067097,-5.775224995018048,-0.011597562216209667
2021-08-03,1.001059926781913,1.0067521656956815,0.9976685641298468,0.9991733224324196,49733194457.16331,62311013147.16296,-0.001884606804268,-0.0018863849100427,Tuesday,0,1,0,0,0,0,0,-0.0589614958180046,-0.0607712218683273,0.0054432644413351695,0.006300800294889961,0.002751565732697967,-5.895585171981339,-0.12036017696329093
2021-08-04,0.9991733224324196,1.0074430093075586,0.9936301319601356,0.9936301319601356,47746318026.06576,62310369306.25138,-0.0055477766948275,-0.005563222761999,Wednesday,0,0,1,0,0,0,0,-0.0399507100395271,-0.0407706521294723,0.008291161219661083,0.009129234769644577,0.0026895819048480363,-5.918369523155266,-0.022784351173926964
2021-08-05,0.9936301319601356,1.00857257107293,0.9895186825773832,1.0001347122032858,55215118969.76763,62228988856.44362,0.006546279177664,0.0065249453463244,Thursday,0,0,0,1,0,0,0,0.1564267414217048,0.1453348556087877,0.011454304785023017,0.012862227417412404,0.00293575553221805,-5.830790437289947,0.08757908586531915
2021-08-06,1.0001347122032858,1.008858902570825,0.984839764009358,1.0010152216254442,64793190271.39457,62228646342.2457,0.000880390822771,0.0008800035060806,Friday,0,0,0,0,1,0,0,0.1734682724648533,0.159963699270971,0.014471254838293823,0.01702981966287046,0.0028978964523485528,-5.843770166450592,-0.01297972916064527
2021-08-07,1.0010152216254442,1.0108380345700714,0.9951253634718294,1.000823329685905,71746782154.31702,62389159988.23434,-0.00019169732427,-0.0001917157005506,Saturday,0,0,0,0,0,1,1,0.1073197947777604,0.1019424961789206,0.00940856018375039,0.011077092194488122,0.0028725846543658008,-5.852543078052184,-0.008772911601591993
2021-08-08,1.000823329685905,1.0032374977173042,0.9963394947070616,1.0015433844271733,77017183978.48232,62412896792.06121,0.0007194623865274,0.0007192036975351,Sunday,0,0,0,0,0,0,1,0.0734583721515123,0.0708855598964337,0.004143565809213904,0.004858154626389419,0.0028642663664357132,-5.855443029168036,-0.002899951115852062
2021-08-09,1.0015433844271733,1.008711058592209,0.9945844468887238,1.00509411606575,71055793513.70406,62769743308.13693,0.0035452599395957,0.0035389903194951,Monday,1,0,0,0,0,0,0,-0.0774033813862086,-0.0805631729271413,0.00847007897118168,0.009727164762464392,0.002915656487238915,-5.837660274505151,0.01778275466288548
2021-08-10,1.00509411606575,1.00509411606575,0.9942534080159569,1.0034157390914742,70179672319.90309,62803776031.59382,-0.0016698704603361,-0.0016712662480862,Tuesday,0,1,0,0,0,0,0,-0.0123300458763012,-0.0124066915735823,0.006512697174739442,0.0075974348190823915,0.002931541516385484,-5.832226879495701,0.005433395009450059
2021-08-11,1.0034157390914742,1.0034157390914742,0.99769755656416,1.0019241393385554,70012785144.28131,62773725605.62907,-0.0014865221809948,-0.0014876281512609,Wednesday,0,0,1,0,0,0,0,-0.0023779987866151,-0.0023808307161705,0.00343221739611264,0.003933932488358522,0.0029236075950931713,-5.834936947504944,-0.002710068009243116
2021-08-12,1.0019241393385554,1.0057173936048391,0.9973182803413688,1.0012357999957089,76982900938.60925,63199468748.56217,-0.0006870174255916,-0.000687253530208,Thursday,0,0,0,1,0,0,0,0.0995548995796129,0.0949054611709798,0.005036566454586613,0.005914700144044358,0.002918556015196679,-5.836666300358588,-0.0017293528536441727
2021-08-13,1.0012357999957089,1.0096825746268407,0.9986591956493068,0.9995715536725424,66460953977.68028,63319536494.07315,-0.0016621921860701,-0.0016635751602268,Friday,0,0,0,0,1,0,0,-0.136679013555488,-0.1469687144745527,0.006592782500024941,0.007693238467884637,0.002932799019165499,-5.831798015315094,0.004868285043493792
2021-08-14,0.9995715536725424,1.0043495404194906,0.9894001194975658,1.0001194162315514,62555811957.76823,63511842864.38053,0.0005480973893225,0.0005479472388107,Saturday,0,0,0,0,0,1,1,-0.0587584406510856,-0.0605554673994351,0.00900635689122833,0.010598704697762546,0.002933344115630593,-5.831612170389685,0.00018584492540885122
2021-08-15,1.0001194162315514,1.0064967440027202,0.9914893011401816,1.0011938372885152,62880744501.62451,63636764932.26245,0.0010742927689697,0.0010737161294425,Sunday,0,0,0,0,0,0,1,0.0051942822527129,0.005180838502313,0.009022142560632251,0.010601778487830922,0.0028583713423917566,-5.857503277056887,-0.025891106667201846
2021-08-16,1.0011938372885152,1.0032412965603053,0.9966313592771896,0.9996014475540526,67422185990.12589,63858703209.88928,-0.0015904909470629,-0.0015917571205257,Monday,1,0,0,0,0,0,0,0.0722230871230231,0.0697341446575838,0.003969939125267876,0.004568350501027512,0.0028371196672295693,-5.8649659431392775,-0.0074626660823904345
2021-08-17,0.9996014475540526,1.0029336443767956,0.9947715692610528,1.0014830378212614,69999214374.75348,64252307391.72255,0.0018823404786105,0.0018805710958111,Tuesday,0,1,0,0,0,0,0,0.0382222609187574,0.0375098860215708,0.004907483751165476,0.005658668458426433,0.0028536954428823916,-5.859140477996438,0.005825465142839548
2021-08-18,1.0014830378212614,1.0053535677617351,0.9981878932279954,1.0017999197302043,72231449190.2576,64406490917.75272,0.0003164126570054,0.0003163626090776,Wednesday,0,0,1,0,0,0,0,0.0318894266948974,0.0313915166434832,0.004295837706508914,0.005054138992615152,0.002851453666174695,-5.85992635643019,-0.0007858784337519964
2021-08-19,1.0017999197302043,1.0095541100025571,0.9967393627348288,1.0084185047052403,62334975322.30064,64573670570.310455,0.0066066934571311,0.0065849649079836,Thursday,0,0,0,1,0,0,0,-0.1370105955079159,-0.1473528655035292,0.007672002944136268,0.008052724231563713,0.0030945371432527496,-5.77811693386683,0.0818094225633601
2021-08-20,1.0084185047052403,1.0104244984931934,0.9980162238684523,1.001161378868162,63624631588.052,64492521603.15815,-0.0071965417167743,-0.007222561734364,Friday,0,0,0,0,1,0,0,0.0206891277181588,0.0204780145807925,0.007420705109040281,0.007495844474730144,0.003362058748158682,-5.69520176997864,0.08291516388818998
2021-08-21,1.001161378868162,1.0075171412039448,0.99734274951298,1.000481283470896,63817903957.76526,64757965743.48321,-0.0006793064650922,-0.0006795372982726,Saturday,0,0,0,0,0,1,1,0.0030376972705261,0.0030330927904934,0.006095585444922626,0.007164565460329412,0.0033639502667415413,-5.694639320945778,0.0005624490328619558
2021-08-22,1.000481283470896,1.0056134411464868,0.9969189089453036,1.0056134411464868,54818617060.02512,64989137986.99958,0.0051296888411407,0.0051165768086525,Sunday,0,0,0,0,0,0,1,-0.1410150810295473,-0.1520039136473972,0.005215028402630091,0.005252565618059242,0.003491246653076947,-5.657496399365727,0.037142921580050725
2021-08-23,1.0056134411464868,1.0056134411464868,0.9883898681399106,0.9971753421165312,58389663544.50473,65024848842.45309,-0.0083909966640216,-0.0084263992576635,Monday,1,0,0,0,0,0,0,0.0651429509899783,0.0631090164355169,0.01037517536838498,0.0110362182060299,0.0038015370981679688,-5.572349794519786,0.08514660484594128
2021-08-24,0.9971753421165312,1.0054026331849757,0.9971753421165312,1.0019886241739608,62883456874.39971,65369145112.72245,0.0048269164450187,0.0048153042362838,Tuesday,0,1,0,0,0,0,0,0.0769621377672402,0.0741442422798188,0.004934658917742353,0.0049799990792904715,0.0038964766912573273,-5.547682546667669,0.024667247852116603
2021-08-25,1.0019886241739608,1.0046714625453104,0.9964575653031448,1.000555508030765,65536916041.17198,65841299287.9973,-0.0014302718699797,-0.0014312956851299,Wednesday,0,0,1,0,0,0,0,0.0421964583160903,0.0413304652105673,0.0049301925618825525,0.005736289088595502,0.0038506001022841968,-5.559526272105855,-0.011843725438185793
2021-08-26,1.000555508030765,1.0041821571220684,0.9968368656554902,0.9968368656554902,64311071560.76219,65896148152.49749,-0.0037165777864675,-0.0037235014218321,Thursday,0,0,0,1,0,0,0,-0.0187046409025362,-0.0188817851220894,0.004409070431825201,0.0046468981923229215,0.0038905642987315946,-5.5492010679312544,0.0103252041746007
2021-08-27,0.9968368656554902,1.007893791828286,0.995088963882178,1.001392675534737,61284717899.257484,65904276000.13867,0.004570266245371,0.0045598542901465,Friday,0,0,0,0,1,0,0,-0.047058050628893,-0.048201290749761,0.0076787357612343055,0.008585342951641591,0.0037834115835436895,-5.5771291410617385,-0.027928073130484066
2021-08-28,1.001392675534737,1.0028792554741697,0.9992630338096448,1.000868875772331,56019413845.16398,65910132935.17718,-0.0005230712938123,-0.000523208143325,Saturday,0,0,0,0,0,1,1,-0.0859154489827112,-0.0898322052229902,0.002169441014712576,0.002533537443027746,0.0036382863869517472,-5.616242480997254,-0.03911333993551569
2021-08-29,1.000868875772331,1.0041830372319616,0.9994168019824584,1.002129229090952,51165008787.67062,65937320032.40051,0.0012592591788294,0.0012584669769782,Sunday,0,0,0,0,0,0,1,-0.0866557631415206,-0.0906424301731719,0.0028572785096061225,0.003271998439358722,0.0036192032243124446,-5.621501381151942,-0.0052589001546881065
2021-08-30,1.002129229090952,1.005038494371768,0.9990720006715116,0.9993568461762196,50385252777.14316,65948738111.93309,-0.0027664924185949,-0.0027703262311875,Monday,1,0,0,0,0,0,0,-0.0152400249507113,-0.0153573476578871,0.00357590585748341,0.0038421338040069033,0.003512931238467698,-5.651304479340707,-0.02980309818876492
2021-08-31,0.9993568461762196,1.0042167037859782,0.9982148630304146,1.0022102067553051,63864464464.16183,65977543366.56215,0.0028551969098957,0.002851128577286,Tuesday,0,1,0,0,0,0,0,0.2675229545168303,0.2370645663916657,0.003600106556768695,0.0038506203504688626,0.003551288525123446,-5.6404447765271035,0.010859702813603711
2021-09-01,1.0022102067553051,1.0090349911096588,0.9973117305183749,1.0032950844029445,72091462177.59113,66044247779.3857,0.0010824851316888,0.001081899667125,Wednesday,0,0,1,0,0,0,0,0.1288196461436854,0.121172525855477,0.007018343889512681,0.008236064011266996,0.0035529410548630373,-5.639979552324875,0.00046522420222849803
2021-09-02,1.0032950844029445,1.00522966736358,0.9966951516885352,1.0006397585902032,71815422819.52216,66159902545.46176,-0.0026466050258,-0.0026501134765708,Thursday,0,0,0,1,0,0,0,-0.0038290159435103,-0.0038363653918265,0.005120601948072619,0.00579969274753668,0.0035691565651182608,-5.635425967372893,0.004553584951982437
2021-09-03,1.0006397585902032,1.0083068142602127,0.9966156683824584,0.9988649397504804,76567879060.63007,66399090794.88095,-0.001773684110077,-0.0017752589501929,Friday,0,0,0,0,1,0,0,0.0661759835773885,0.0640783999018307,0.007004089477757342,0.008172538904828682,0.0034369000297284355,-5.673185368029041,-0.03775940065614858
2021-09-04,0.9988649397504804,1.002314558642449,0.9961458419064756,0.99710219804087,73304150895.06107,67153228033.93103,-0.0017647448012849,-0.0017663037978158,Saturday,0,0,0,0,0,1,1,-0.0426252915140124,-0.0435604192454535,0.003707557795572763,0.004225021755603112,0.003239924750998999,-5.7322051744479126,-0.05901980641887139
2021-09-05,0.99710219804087,1.0014163475685045,0.99710219804087,1.0004288181245948,67566699861.80302,67151182004.051285,0.0033362879855856,0.0033307349244704,Sunday,0,0,0,0,0,0,1,-0.0782691152302074,-0.0815019800598177,0.0025928354444244486,0.0022437252916524654,0.0032925813618418526,-5.716083413386597,0.016121761061315354
2021-09-06,1.0004288181245948,1.0044085852325093,0.99727424422336,1.0044085852325093,71956988548.70775,67502980939.95921,0.0039780612431525,0.0039701696793515,Monday,1,0,0,0,0,0,0,0.0649771070051425,0.0629533031605319,0.004281024455033657,0.004395223056399967,0.0033712423679481273,-5.692473947377005,0.02360946600959224
2021-09-07,1.0044085852325093,1.0055533919449198,0.985641995454454,1.0015307774315565,97485968518.76326,68103347320.71597,-0.0028651764264705,-0.0028692889016376,Tuesday,0,1,0,0,0,0,0,0.3547811058376202,0.3036398957744919,0.012011288229320408,0.014029320887959154,0.003409173007959396,-5.681285536759361,0.01118841061764364
2021-09-08,1.0015307774315565,1.0069316500074512,0.9997537886828376,1.0035113613071207,129629698524.39809,69372800024.6769,0.0019775566764344,0.0019756038853097,Wednesday,0,0,1,0,0,0,0,0.3297267339499026,0.2849734579276464,0.0042964017618913304,0.004907340520962304,0.0033667609368458686,-5.693804143151728,-0.012518606392366571
2021-09-09,1.0035113613071207,1.0088953239655385,1.0003733546000195,1.0037602354124957,99162237687.8012,69416821980.00638,0.0002480032762666,0.0002479725285376,Thursday,0,0,0,1,0,0,0,-0.2350345729675711,-0.2679246395985162,0.005094385763025581,0.005996200479933272,0.0033532110763617572,-5.697836861984699,-0.004032718832971405
2021-09-10,1.0037602354124957,1.0077029546710183,0.9985083319286632,1.0027700019182435,80387414208.84796,69423313430.96332,-0.0009865239320276,-0.0009870108670369,Friday,0,0,0,0,1,0,0,-0.1893344070962094,-0.2098996491080878,0.005504876188734985,0.00645240042700287,0.003347047896352248,-5.699676546621622,-0.0018396846369226338
2021-09-11,1.0027700019182435,1.00505415619586,1.0011664184436313,1.0044973452754702,78422264848.63567,69451755757.44861,0.0017225718299533,0.0017210899046698,Saturday,0,0,0,0,0,1,1,-0.0244459829881678,-0.0247497467853705,0.0023275879222509435,0.0025231363742879652,0.003359423173003828,-5.695985994446054,0.003690552175568129
2021-09-12,1.0044973452754702,1.005130996036271,0.9857659054565072,1.0015454619931663,65090817899.30922,69445315580.45879,-0.0029386670817874,-0.0029429934417963,Sunday,0,0,0,0,0,0,1,-0.1699956890438925,-0.1863243842819607,0.011683466789897935,0.013634079056939079,0.003388536801945572,-5.687357072610262,0.008628921835791559
2021-09-13,1.0015454619931663,1.022361257786453,0.9965903871262588,1.0001536174177732,74280049335.82991,69611751472.58502,-0.0013896968517267,-0.0013906633759508,Monday,1,0,0,0,0,0,0,0.1411755410837787,0.1320589074985201,0.015332537367531512,0.018031979858827152,0.0033965627144358574,-5.684991325073571,0.002365747536691387
2021-09-14,1.0001536174177732,1.005672049512415,1.000030011193063,1.0031700620851922,77141144031.48665,69534781622.50043,0.0030159813601504,0.0030114424123327,Tuesday,0,1,0,0,0,0,0,0.0385176736046761,0.0377943825856329,0.003378765303312308,0.0035103834512181667,0.0034351859108789997,-5.673684232245758,0.011307092827812504
2021-09-15,1.0031700620851922,1.0044707102921913,0.999511724273068,1.0015738526730416,62603484894.96237,69475357523.55003,-0.0015911653193007,-0.0015924325672831,Wednesday,0,0,1,0,0,0,0,-0.1884553219821376,-0.2088158374520025,0.0029722622751512627,0.00335669758317929,0.003435196345769516,-5.6736811946009436,3.037644814796181e-06
2021-09-16,1.0015738526730416,1.003751750160498,0.9963082958012948,1.0014400765952698,63739032124.88292,69409477519.92073,-0.0001335658647784,-0.0001335747854928,Thursday,0,0,0,1,0,0,0,0.0181387223383138,0.0179761783320259,0.004470136346444307,0.005262528525471161,0.00341808188217001,-5.678675738411256,-0.00499454381031228
2021-09-17,1.0014400765952698,1.0060240631967448,0.9998700468053374,1.0045733218509243,62423469374.13963,69458984534.84015,0.0031287396309394,0.0031238553102935,Friday,0,0,0,0,1,0,0,-0.0206398294245466,-0.0208558077090635,0.003685015149293069,0.003880117926011141,0.0034648564149941954,-5.66508408587299,0.013591652538265997
2021-09-18,1.0045733218509243,1.0072049948405797,1.000090832427184,1.002295742849109,55228303966.32009,69492358287.48505,-0.0022672103193212,-0.0022697843319251,Saturday,0,0,0,0,0,1,1,-0.1152637858798714,-0.1224657415449519,0.004256978745506829,0.004809582671977697,0.003275907290964699,-5.721160412853076,-0.05607632698008658
2021-09-19,1.002295742849109,1.0048620798193422,0.9963212814527216,1.0036286096950808,53444401557.138535,69475537225.81322,0.0013298139351396,0.0013289305156908,Sunday,0,0,0,0,0,0,1,-0.0323005104460465,-0.0328336845791517,0.005126270181876263,0.005978939800708227,0.003008586133489202,-5.806285033669092,-0.0851246208160159
2021-09-20,1.0036286096950808,1.0127321354480543,0.99380948198757,1.0024228057464537,71443763565.86993,69359439330.67624,-0.0012014443759166,-0.0012021666888146,Monday,1,0,0,0,0,0,0,0.336786669591349,0.2902687263697261,0.011327498378262621,0.013316164309746168,0.003014029138803279,-5.804477511006624,0.0018075226624683083
2021-09-21,1.0024228057464537,1.0049051095576518,0.992647832093311,0.9997378929149952,87960731354.30801,69729919898.7947,-0.0026784235315349,-0.0026820169256972,Tuesday,0,1,0,0,0,0,0,0.2311883776000927,0.2079798636020152,0.007370355552956232,0.008516324289784254,0.0029071464017574734,-5.840583296871834,-0.036105785865210294
2021-09-22,0.9997378929149952,1.0085775390339482,0.9952178817543744,1.000755358295593,81833946606.51724,69598990782.60248,0.0010177321354012,0.0010172145971652,Wednesday,0,0,1,0,0,0,0,-0.0696536358151904,-0.0721983275640666,0.00800821348106651,0.00940773112033539,0.002473698493650595,-6.002040882426225,-0.16145758555439027
2021-09-23,1.000755358295593,1.0091519428372984,0.9989016835131432,1.0033239798493117,67852012028.54128,69690375863.33904,0.0025666827885821,0.0025633944838019,Thursday,0,0,0,1,0,0,0,-0.1708573905790636,-0.1873631128021012,0.0061312720662666615,0.007041017678006147,0.0023590913753412917,-6.049478744528775,-0.04743786210255063
2021-09-24,1.0033239798493117,1.0064219486691612,0.9951172890540412,1.0020708491227226,72758533772.02351,69625738066.58765,-0.0012489791450785,-0.0012497597695878,Friday,0,0,0,0,1,0,0,0.0723121038977938,0.0698171619707942,0.006783991098124809,0.007949681005973598,0.002355650339500741,-6.05093843698264,-0.0014596924538645695
2021-09-25,1.0020708491227226,1.0077656977279366,1.0001059910000007,1.0028622381241443,75777443880.52664,69630297854.86433,0.0007897535409941,0.0007894418497618,Saturday,0,0,0,0,0,1,1,0.0414921790200222,0.0406544723484209,0.004582110539268835,0.005372664705301009,0.0022600251566112293,-6.092379334515988,-0.04144089753334779
2021-09-26,1.0028622381241443,1.015015564804141,0.9941015783757824,1.0035922171641198,67645113253.99894,69641756063.56586,0.0007278956293548,0.0007276308418152,Sunday,0,0,0,0,0,0,1,-0.1073186189725456,-0.1135255579343983,0.012503584090092026,0.01471489736891534,0.0021052995570706922,-6.163297514575526,-0.07091818005953865
2021-09-27,1.0035922171641198,1.0078061850774822,0.9947176084645624,0.9947176084645624,67958430764.16558,69567918560.27414,-0.0088428432861253,-0.0088821732556565,Monday,1,0,0,0,0,0,0,0.0046317833631259,0.0046210896624537,0.007850696501690608,0.007413916810312605,0.0026557349374032014,-5.9310338500125255,0.23226366456300074
2021-09-28,0.9947176084645624,1.004376657838009,0.9947176084645624,0.9968522146468528,63707590333.66287,69565549881.66063,0.0021459418875529,0.0021436426430363,Tuesday,0,1,0,0,0,0,0,-0.0625505972210319,-0.0645924929631246,0.005803523690279172,0.006701979015695388,0.0026745672944809757,-5.923967670791109,0.007066179221416391
2021-09-29,0.9968522146468528,1.006720767082287,0.9968522146468528,1.004228120756146,59681633623.31943,69493335569.86493,0.0073991971938451,0.0073719574200675,Wednesday,0,0,1,0,0,0,0,-0.0631943021115357,-0.0652793844279887,0.0059161485192966235,0.0052467104878739556,0.0029511034950636195,-5.8255761124524374,0.09839155833867164
2021-09-30,1.004228120756146,1.007485071290677,0.9991817702497208,1.0019639273595349,60860712888.76465,69516074050.29782,-0.0022546604200909,-0.0022572059938853,Thursday,0,0,0,1,0,0,0,0.0197561493186828,0.0195635294191513,0.004970101494528494,0.0056811931274223515,0.0029339188803368787,-5.831416247790504,-0.005840135338066155
2021-10-01,1.0019639273595349,1.0220898714375928,0.999263514542762,1.002294117140799,64891328539.09077,69124268148.41782,0.000329542583568,0.0003294882963372,Friday,0,0,0,0,1,0,0,0.0662268885626247,0.0641261441493282,0.013564384387448827,0.015969529146178045,0.002927880095106436,-5.833476634846443,-0.002060387055939472
2021-10-02,1.002294117140799,1.0054699209830784,0.999721384121882,1.0043884062844668,69677962007.08873,69053938972.24345,0.0020894955960053,0.0020873156362318,Saturday,0,0,0,0,0,1,1,0.0737638383395784,0.0711700820931904,0.0034434197575582155,0.0038411515319453117,0.002912663389787027,-5.838687362166144,-0.0052107273197012915
2021-10-03,1.0043884062844668,1.0057829626666075,0.999487320011419,1.0021788107787823,61331057452.32152,69024623090.66734,-0.0021999412695915,-0.0022023646953015,Sunday,0,0,0,0,0,0,1,-0.1197926046390109,-0.1275977227306611,0.0037709940557171086,0.004223738733849301,0.002922368369302772,-5.835360906076278,0.003326456089866703
2021-10-04,1.0021788107787823,1.005230805990384,0.9968459916031588,1.0019183874160256,60057709066.79886,68999799221.10945,-0.0002598571831252,-0.0002598909518532,Monday,1,0,0,0,0,0,0,-0.0207618853875551,-0.0209804437450384,0.005030400107056825,0.005920640469252558,0.0029049086088763438,-5.841353349112433,-0.005992443036155315
2021-10-05,1.0019183874160256,1.0107727675800326,0.9996372022572256,1.0023136603839289,70614443962.69109,69018305190.84267,0.000394516133118,0.0003944383320902,Tuesday,0,1,0,0,0,0,0,0.1757765166192162,0.1619287945287161,0.0066530280044240974,0.007829504727884221,0.0028414585881107617,-5.863437771286929,-0.0220844221744958
2021-10-06,1.0023136603839289,1.007167928590788,0.9972922551311856,0.9995372519305684,82343755068.45401,69011079199.50441,-0.0027699996149878,-0.0027738431633137,Wednesday,0,0,1,0,0,0,0,0.166103568158946,0.1536679074476634,0.005917797105589391,0.00675101824696846,0.0027937344532022144,-5.880376064467198,-0.01693829318026907
2021-10-07,0.9995372519305684,1.0108144184776542,0.996119047575288,1.0019793490583528,90195635136.54636,69065047794.51575,0.0024432277266981,0.0024402478984483,Thursday,0,0,0,1,0,0,0,0.0953548943883471,0.0910784152222018,0.008795136990391035,0.010243813115954114,0.0027801112499028576,-5.88526433412962,-0.004888269662422395
2021-10-08,1.0019793490583528,1.007062506813262,0.9970509184952728,1.0019431463254855,79034693229.28044,69147003523.03426,-3.6131216577750536e-05,-3.613186932587933e-05,Friday,0,0,0,0,1,0,0,-0.1237414858309879,-0.1320941240825264,0.006000280700654881,0.007064754942844785,0.002756621432450861,-5.893749467775566,-0.008485133645946163
2021-10-09,1.0019431463254855,1.0033218599747096,0.9995372356885238,1.001847548870957,70030065135.43672,69301265975.15201,-9.541205494445482e-05,-9.541660696411652e-05,Saturday,0,0,0,0,0,1,1,-0.1139326000509827,-0.120962259093177,0.0022696566419881737,0.00267165836277586,0.002756304685682132,-5.893864378355643,-0.00011491058007617738
2021-10-10,1.001847548870957,1.0109325786358323,0.9894757293356884,1.0012712436961138,65551185181.19029,69311743783.77815,-0.0005752423864217,-0.0005754079018006,Sunday,0,0,0,0,0,0,1,-0.0639565298930447,-0.0660933611610002,0.012884015162229019,0.015165552380177387,0.0027524133011547275,-5.895277188081601,-0.0014128097259584749
2021-10-11,1.0012712436961138,1.0088502235619017,0.998226475518684,1.0036465642423975,70710827211.66043,69382072378.34125,0.0023723047688011,0.0023694952962492,Monday,1,0,0,0,0,0,0,0.078711651302846,0.0757674135857877,0.006357774478211312,0.007339411583140637,0.0027684275134101837,-5.889475804666316,0.005801383415285244
2021-10-12,1.0036465642423975,1.0088927689817802,0.9987143194528753,1.0017125789922714,68712685463.09783,69703883862.15567,-0.0019269584722645,-0.0019288174452344,Tuesday,0,1,0,0,0,0,0,-0.028257932021945,-0.0286648718989614,0.00608967194715317,0.00706911166605176,0.0027385206057820057,-5.900337429291171,-0.010861624624855182
2021-10-13,1.0017125789922714,1.0060097450123204,0.9948829884129188,1.00341432993768,66683304196.51819,69797221810.85817,0.0016988415450673,0.0016974001460112,Wednesday,0,0,1,0,0,0,0,-0.0295343029151367,-0.0299792226083938,0.0066793857702997835,0.00779329373730989,0.0027442793582241054,-5.898236767367489,0.002100661923681635
2021-10-14,1.00341432993768,1.0104537203148,0.996825939146344,1.000940780646817,69246631285.1888,69774194969.76555,-0.0024651325151164,-0.0024681759569621,Thursday,0,0,0,1,0,0,0,0.0384403130522204,0.037719888490915,0.008154760482006739,0.009478157815429754,0.0027261400247173464,-5.904868580659671,-0.006631813292181654
2021-10-15,1.000940780646817,1.0106174834626036,0.9991289518467305,1.000900563272756,70766181798.26581,69664865592.53712,-4.017957389546023e-05,-4.018038111616204e-05,Friday,0,0,0,0,1,0,0,0.0219440351808424,0.0217067301851007,0.006866181143371015,0.00808427192240136,0.002710602368556109,-5.91058439257026,-0.005715811910588897
2021-10-16,1.000900563272756,1.0072822616363395,0.9976355084867742,1.0027794927034217,73721772429.1227,69731664483.45993,0.0018772388582959,0.0018754790474763,Saturday,0,0,0,0,0,1,1,0.0417655800518168,0.040916946861883,0.005779299764867684,0.0067040208382506145,0.0027320354771175207,-5.902708351590148,0.007876040980112187
2021-10-17,1.0027794927034217,1.0055719964638543,0.9984388550240126,1.002845303830606,53201318276.77731,70010643589.3205,6.562871265636261e-05,6.562655918661926e-05,Sunday,0,0,0,0,0,0,1,-0.278349983677808,-0.3262149995506865,0.004275332244667548,0.005033653778479478,0.002671868074914906,-5.924977397687221,-0.022269046097073364
2021-10-18,1.002845303830606,1.006398079021987,0.9963093613681548,1.0003767434136628,58510645523.99185,70010254763.64793,-0.0024615565406886,-0.0024645911519244,Monday,1,0,0,0,0,0,0,0.0997969114147325,0.0951255367722425,0.006050752651463106,0.0069575881122459875,0.0026776149768352677,-5.922828814702434,0.0021485829847867066
2021-10-19,1.0003767434136628,1.0053573148498638,0.9971714627527004,1.0032003720591722,60686455664.454285,69961117037.37567,0.002822565262637,0.0028185893051486,Tuesday,0,1,0,0,0,0,0,0.0371865687171448,0.036511825039275,0.004909924523464484,0.005509174260919013,0.002715799748881471,-5.908668802165351,0.014160012537083766
2021-10-20,1.0032003720591722,1.0154889643444285,0.9992527852349918,1.0035303884630695,56618294341.85165,70033354968.66772,0.0003289635979897,0.0003289095013288,Wednesday,0,0,1,0,0,0,0,-0.067035737679198,-0.0693883829189994,0.009679682640989687,0.011395121829310035,0.002707582100898073,-5.911699256040817,-0.003030453875465966
2021-10-21,1.0035303884630695,1.0085248682021062,0.9950350430160996,0.9950350430160996,74211695951.29047,70126433582.60655,-0.0084654590878715,-0.0085014946022247,Thursday,0,0,0,1,0,0,0,0.3107370473439705,0.2705896105555495,0.008087193238545107,0.007921351086997423,0.0030822730826185088,-5.782087940357772,0.12961131568304474
2021-10-22,0.9950350430160996,1.0060171100994226,0.9950350430160996,1.003781604418314,72367698660.77277,70572660652.8819,0.008790204388885,0.0087517954597367,Friday,0,0,0,0,1,0,0,-0.0248477988123061,-0.0251617163849673,0.006592001755194102,0.005536506989083401,0.0034668497655528717,-5.664508945911282,0.11757899444648956
2021-10-23,1.003781604418314,1.0061479382785603,0.9969887174080144,1.0051430563625818,60578317578.53226,70607546207.95787,0.0013563228677184,0.001355403892715,Saturday,0,0,0,0,0,1,1,-0.1629094375033788,-0.1778230154250484,0.005492097642706237,0.006411342845429192,0.0034440167795769185,-5.671116820309788,-0.006607874398505409
2021-10-24,1.0051430563625818,1.005601981623142,0.9966158495363976,1.0047735362004342,55988899200.651886,70587238992.2989,-0.000367629423303,-0.0003676970155659,Sunday,0,0,0,0,0,0,1,-0.0757600831672282,-0.0787835907918281,0.005390780623960599,0.006343043565582626,0.0034371056086664794,-5.673125554595966,-0.0020087342861785373
2021-10-25,1.0047735362004342,1.0136081564927453,0.9982852638563696,1.004468529579292,63768740615.45984,70703444507.81956,-0.0003035575780545,-0.0003036036609822,Monday,1,0,0,0,0,0,0,0.1389532840595189,0.1301096687507944,0.009148111623873141,0.010769425299067544,0.0034345295927419397,-5.673875308030108,-0.0007497534341416312
2021-10-26,1.004468529579292,1.0061649765512508,0.9882163784532952,1.0047402217331334,64419950048.341644,70782876162.27333,0.0002704834903641,0.0002704469162998,Tuesday,0,1,0,0,0,0,0,0.0102120478873615,0.0101602572204145,0.010809891187740102,0.0127265642284099,0.0034323145766629007,-5.674520441690118,-0.0006451336600097335
2021-10-27,1.0047402217331334,1.0058175368639877,0.9982918139573664,1.001533833075547,90197685039.94696,70725333005.40526,-0.003191261371079,-0.0031963643050711,Wednesday,0,0,1,0,0,0,0,0.4001514278148514,0.3365803934969411,0.004510411026358688,0.004925021309869022,0.0030808399483604676,-5.78255300866876,-0.10803256697864239
2021-10-28,1.001533833075547,1.012665908561922,0.998891939817696,1.0024887181516329,117980973795.13458,71178094218.007,0.0009534226848368,0.0009529684661142,Thursday,0,0,0,1,0,0,0,0.3080266277663654,0.2685196104473389,0.008224710568119414,0.009665726404166151,0.0030608288024584467,-5.7890695492146,-0.006516540545839611
2021-10-29,1.0024887181516329,1.010336120568826,0.9965335888737262,1.003109045119141,102317002714.04942,71136641410.46121,0.000618786981116,0.0006185956113927,Friday,0,0,0,0,1,0,0,-0.1327669248457341,-0.1424475088554085,0.008261020356917663,0.009719006470797608,0.0027513456893304795,-5.895665145417482,-0.10659559620288217
2021-10-30,1.003109045119141,1.004525449289045,1.0000162016827754,1.0023825534453994,73480351840.64899,71338171791.92982,-0.0007242399789697,-0.0007245023674391,Saturday,0,0,0,0,0,1,1,-0.2818363527906666,-0.3310578149995722,0.0027019480886768675,0.0031492708986713253,0.002723521114583812,-5.905829708431911,-0.010164563014429362
2021-10-31,1.0023825534453994,1.003873399403651,0.9984186135209056,0.9999985721890838,84436033612.65054,71228857619.66006,-0.0023783147942083,-0.0023811474770708,Sunday,0,0,0,0,0,0,1,0.1490967516835013,0.1389762004421072,0.0032721909318089047,0.0035571254113665103,0.0027573436408836974,-5.893487511659646,0.012342196772265446
2021-11-01,0.9999985721890838,1.0042852322737184,0.9916175229825962,1.0014568582261634,80388767860.9942,71118932300.9158,0.0014582881192393,0.0014572258497245,Monday,1,0,0,0,0,0,0,-0.0479329212717775,-0.0491197858240475,0.007623454483749559,0.008930120453299774,0.002743810848859061,-5.8984075041259985,-0.004919992466352774
2021-11-02,1.0014568582261634,1.0084789653459931,0.9931819360557208,1.0005378952866186,350049129201.1602,71465916063.20648,-0.0009176260884292,-0.0009180473649843,Tuesday,0,1,0,0,0,0,0,3.3544532217044853,1.471199050574753,0.009179358180830443,0.010792795956129761,0.0027193586250115706,-5.907359226107434,-0.008951721981435234
2021-11-03,1.0005378952866186,1.0174741923131552,0.9948763099211836,1.0021306321529129,650164205185.1333,71813714877.79988,0.001591880601222,0.0015906149023474,Wednesday,0,0,1,0,0,0,0,0.8573512999985442,0.6191514405687132,0.013488685955145338,0.01585091462301922,0.002734409457289691,-5.901839786974606,0.005519439132827486
2021-11-04,1.0021306321529129,1.0047108512740537,0.9974728327349504,1.0047108512740537,84148587447.25215,72378774299.27838,0.0025747333115619,0.0025714243643033,Thursday,0,0,0,1,0,0,0,-0.8705733308967832,-2.0446408199805024,0.004342151124382243,0.004856265280844869,0.0027734845355435076,-5.887650794275585,0.014188992699021519
2021-11-05,1.0047108512740537,1.0073565461765288,0.9968630181379308,1.0044364463612645,76120217883.45848,72885331596.02737,-0.00027311829313,-0.0002731555967234,Friday,0,0,0,0,1,0,0,-0.0954070627605744,-0.1002702295750803,0.006288795434826994,0.007402544202511242,0.0027273118765084956,-5.9044388155015985,-0.01678802122601386
2021-11-06,1.0044364463612645,1.0056983413170957,1.0014053406482584,1.0037147075821091,66207905572.68129,72991873938.37604,-0.0007185509663354,-0.000718809247814,Saturday,0,0,0,0,0,1,1,-0.13021917942948,-0.1395140294520091,0.0025690885896976086,0.0029916967264056555,0.0026938744036621946,-5.916774822844594,-0.012336007342995892
2021-11-07,1.0037147075821091,1.0116276927855523,1.00025591470686,1.0053853043952607,57422441922.51753,73372347185.4879,0.0016644140018391,0.0016630303998992,Sunday,0,0,0,0,0,0,1,-0.1326950848870957,-0.1423646741650383,0.006789181486745174,0.007926542927687746,0.0027109232356044206,-5.910466024763073,0.006308798081521516
2021-11-08,1.0053853043952607,1.0080191306440294,0.999996723225719,0.999996723225719,65673601679.1332,73707234914.4731,-0.0053597174595495,-0.005374132274467,Monday,1,0,0,0,0,0,0,0.143692247845351,0.1342618426456201,0.004798739299000081,0.0045570564943898575,0.002882969169998074,-5.8489345541055355,0.06153147065753739
2021-11-09,0.999996723225719,1.007216118757605,0.9999406216144892,1.0011488958083177,81074629865.32927,74410474585.53802,0.0011521763580204,0.0011515131122423,Tuesday,0,1,0,0,0,0,0,0.2345086578537616,0.2106730430257799,0.004353820880599446,0.005076025854150102,0.0028887149694918728,-5.846943522977337,0.0019910311281980952
2021-11-10,1.0011488958083177,1.0125551763711411,0.9952143126398286,1.005217533983909,83640409060.44914,74885168093.82806,0.0040639690985286,0.0040557334814338,Wednesday,0,0,1,0,0,0,0,0.0316471280767092,0.0311566784296977,0.010374207825169561,0.011951763845301593,0.002950563174279723,-5.825759220315243,0.021184302662094368
2021-11-11,1.005217533983909,1.011613541892183,1.0001631688412969,1.0006891807410665,100634990539.51892,74979054930.66739,-0.0045048490398844,-0.00451502644895,Thursday,0,0,0,1,0,0,0,0.2031862549451109,0.18497325039911,0.006836468532118489,0.0075443269067177274,0.0030432428890913195,-5.794831592293968,0.030927628021275133
2021-11-12,1.0006891807410665,1.01278105794764,0.9953539020676312,1.0054975693678914,78000107278.46918,74950537444.43822,0.0048050770602556,0.0047935695258149,Friday,0,0,0,0,1,0,0,-0.2249206080280906,-0.2547898136214604,0.010423937321826624,0.011906142622475014,0.003151385726963558,-5.759913009556327,0.03491858273764059
2021-11-13,1.0054975693678914,1.0054975693678914,0.9997521692696404,1.0041658775087747,65734733537.445625,74980935325.96724,-0.0013244108187688,-0.0013252886259144,Saturday,0,0,0,0,0,1,1,-0.1572481650215529,-0.1710827475004803,0.0034414405130692542,0.003967380935441044,0.0031283726194873333,-5.767242339516733,-0.007329329960406028
2021-11-14,1.0041658775087747,1.0073902518393547,0.9995051208084746,1.0073902518393547,54048852010.134735,74964089819.54462,0.0032109977074497,0.0032058534634732,Sunday,0,0,0,0,0,0,1,-0.1777733155433581,-0.1957391500989599,0.004719257636547378,0.005186961260142436,0.0031826474271009954,-5.750041904300545,0.017200435216188303
2021-11-15,1.0073902518393547,1.0075634152961923,1.0009469179867487,1.0018772638256277,54583287189.40384,74965357365.02107,-0.0054725445314376,-0.0054875737604243,Monday,1,0,0,0,0,0,0,0.0098880024162011,0.0098394360077314,0.003956789169658659,0.0031735489229988262,0.003319002779327712,-5.70809090884552,0.04195099545502501
2021-11-16,1.0018772638256277,1.00937325828434,0.998796255200805,1.0024418424149308,80266328626.07588,74838390991.139,0.0005635207122549,0.0005633619940829,Tuesday,0,1,0,0,0,0,0,0.4705294011984284,0.3856224728266072,0.006326354829693217,0.00744047936560942,0.003320574515384643,-5.707617464222007,0.00047344462351261996
2021-11-17,1.0024418424149308,1.0122728697515375,0.9981281460300924,1.006862842486255,80848594963.32649,74960830448.70262,0.004410230982252,0.0044005344125485,Wednesday,0,0,1,0,0,0,0,0.0072541792706519,0.0072279942697432,0.008450963187049994,0.009566973120825856,0.003386625394777414,-5.68792131215564,0.019696152066367212
2021-11-18,1.006862842486255,1.0102101841625597,0.9963537510485464,1.0024947873933088,75560603015.96454,74774207352.04008,-0.0043382821459178,-0.0043477197972603,Thursday,0,0,0,1,0,0,0,-0.0654061081675028,-0.0676431843326132,0.008294546009034657,0.009384793873119709,0.0034401316287846185,-5.67224554414731,0.015675768008330593
2021-11-19,1.0024947873933088,1.0081388942138585,0.9939190833161358,1.0081388942138585,82787597579.74968,74026667508.30792,0.0056300610153052,0.0056142714581787,Friday,0,0,0,0,1,0,0,0.0956450091095515,0.0913432392620721,0.008531231824848953,0.00941919025730822,0.0035890900947500373,-5.629856564108606,0.042388980038703394
2021-11-20,1.0081388942138585,1.0103603553483276,0.9993965660996896,1.0056917265334524,65456945346.16352,74217905417.20146,-0.0024274112371335,-0.0024303621761862,Saturday,0,0,0,0,0,1,1,-0.2093387504920826,-0.2348856589373189,0.006552525556188736,0.00756568954906893,0.0032663857757607552,-5.724071172682829,-0.09421460857422304
2021-11-21,1.0056917265334524,1.006348183309945,1.001627145947954,1.0030027014132286,58718592277.73232,74258995066.94717,-0.0026738065445688,-0.0026773875499892,Sunday,0,0,0,0,0,0,1,-0.1029432863509898,-0.1086361930033861,0.002824015880224713,0.002878658458163751,0.0028905176088175797,-5.8463196894978084,-0.12224851681497917
2021-11-22,1.0030027014132286,1.0062074402400865,0.9916214664348098,1.0002238536829753,67704737525.9722,73943627577.83731,-0.0027705286599306,-0.0027743736779221,Monday,1,0,0,0,0,0,0,0.1530374775630931,0.1423997451499,0.00876944528439631,0.010180229190759046,0.002924111209689166,-5.834764704408429,0.011554985089379244
2021-11-23,1.0002238536829753,1.0068352659741044,0.9972790192589208,1.0014574448629685,74601272725.86452,73432415229.76355,0.0012333150978662,0.001232555189541,Tuesday,0,1,0,0,0,0,0,0.1018619294882687,0.0970014120356779,0.0057273725116482955,0.006699811605579154,0.0029319889847388776,-5.832074251875131,0.0026904525332982487
2021-11-24,1.0014574448629685,1.0057378283080631,0.997451549571482,1.0006462577519246,78801418381.53596,73427520464.6404,-0.0008100065711278,-0.0008103348037094,Wednesday,0,0,1,0,0,0,0,0.0563012600482786,0.0547734287349157,0.004968522673920607,0.005828267916784053,0.0029351959020937845,-5.830981081049216,0.0010931708259152018
2021-11-25,1.0006462577519246,1.0044131237059115,0.9972145613982508,0.9981012716712336,82138240959.25906,73489131047.96452,-0.0025433424259324,-0.0025465822157092,Thursday,0,0,0,1,0,0,0,0.0423447019895895,0.0414726966776854,0.004319680348172585,0.004833487473421269,0.00297138121057573,-5.818728380205754,0.012252700843461639
2021-11-26,0.9981012716712336,1.004509336490241,0.9782315632370971,1.0002332221411112,91257454012.4815,73514444808.7486,0.0021360061652939,0.0021337281474548,Friday,0,0,0,0,1,0,0,0.1110227458820991,0.1052809837891403,0.015919715227099184,0.01869705929191568,0.002939440082699328,-5.829536163830535,-0.010807783624780853
2021-11-27,1.0002332221411112,1.0038227703493914,0.9947309560737536,1.0010565448623998,78461861386.4594,74155027958.85365,0.000823130748973,0.0008227921626458,Saturday,0,0,0,0,0,1,1,-0.1402142188217526,-0.151072012416263,0.005464179948069485,0.006413223714357658,0.002938129098813768,-5.8299822611428125,-0.0004460973122775158
2021-11-28,1.0010565448623998,1.0168447848076645,0.9990792036975646,0.9990792036975646,59894080349.52585,74160856017.0489,-0.001975254220137,-0.0019772076074689,Sunday,0,0,0,0,0,0,1,-0.2366472157151486,-0.2700349898307366,0.010585314787059397,0.012402523265658306,0.0029580667528612044,-5.82321934805796,0.006762913084852329
2021-11-29,0.9990792036975646,1.0027963292757724,0.9925725682594454,0.999671246842223,66410417157.35551,74102470899.87993,0.0005925887982325,0.0005924132868246,Monday,1,0,0,0,0,0,0,0.1087976769958243,0.103276254389821,0.0061542985544423955,0.007236772014493934,0.002957086501121593,-5.8235507855394575,-0.000331437481497332
2021-11-30,0.999671246842223,1.005378448733507,0.9943662857246284,0.9984956996806869,71387414962.65463,74225995196.68105,-0.0011759337534709,-0.0011766257060806,Tuesday,0,1,0,0,0,0,0,0.0749430287948114,0.0722676637053207,0.006614388944111923,0.007753435976057896,0.002932833680919731,-5.831786196725011,-0.008235411185553154
2021-12-01,0.9984956996806869,1.005383900607453,0.9934535461097878,1.0002391903807926,75134886796.2671,74568618577.64163,0.0017461173850454,0.0017445946943577,Wednesday,0,0,1,0,0,0,0,0.0524948527072022,0.0511633960229653,0.007169160415932742,0.008371107994114913,0.0029380577794896586,-5.830006535157779,0.0017796615672320826
2021-12-02,1.0002391903807926,1.0052775875440554,0.9977433942964204,0.9977433942964204,69894553483.67609,75065283693.46263,-0.0024951992567117,-0.0024983174544735,Thursday,0,0,0,1,0,0,0,-0.0697456738944787,-0.0722972612899796,0.004517941201010013,0.005087795402055418,0.0029685253612277114,-5.819689960841257,0.010316574316521887
2021-12-03,0.9977433942964204,1.002750453568242,0.9940976470447012,1.000516429572158,68064021020.49133,75082377187.98611,0.0027793070759372,0.0027754519434387,Friday,0,0,0,0,1,0,0,-0.0261899156936781,-0.0265389796634938,0.005204774895900406,0.0058803567900707785,0.002997428688783835,-5.810000461576177,0.009689499265079782
2021-12-04,1.000516429572158,1.0039767811530265,0.9742048224456966,1.0007464666844286,108878682202.44374,75174672898.14542,0.0002299183756222,0.0002298919484431,Saturday,0,0,0,0,0,1,1,0.5996510427978499,0.4697855072075094,0.018078454986142294,0.021285274522566427,0.0029607318316983602,-5.822318800766413,-0.012318339190236394
2021-12-05,1.0007464666844286,1.0081808882579049,0.991057341379927,1.0013614249204634,85611075263.12325,76165399931.32303,0.000614499532606,0.0006143108050796,Sunday,0,0,0,0,0,0,1,-0.2137021358878851,-0.2404195963661827,0.010287907930379961,0.012107066998681052,0.002962435671100016,-5.821743487153268,0.0005753136131456671
2021-12-06,1.0013614249204634,1.0139099058608716,0.9921028626559794,0.9998202514294464,72711140321.51343,76554528228.21782,-0.0015390781516667,-0.0015402637490861,Monday,1,0,0,0,0,0,0,-0.1506806788953675,-0.1633200490087678,0.013057723525736855,0.015344461000139675,0.0029728576535278856,-5.818231615854161,0.0035118712991062395
2021-12-07,0.9998202514294464,1.0032234915936056,0.997347750135078,1.0014777345118404,75664099410.09282,76905045048.56425,0.0016577810661708,0.0016564084639125,Tuesday,0,1,0,0,0,0,0,0.0406121960888252,0.0398091900521895,0.003527744916031104,0.004023995504632186,0.0029727344187493545,-5.81827307001955,-4.145416538836599e-05
2021-12-08,1.0014777345118404,1.008989998907585,0.9964435301151914,0.9998456677172128,62462226043.22098,77259533885.63983,-0.0016296585918837,-0.0016309879298878,Wednesday,0,0,1,0,0,0,0,-0.1744800172049737,-0.1917418090160556,0.00751460530504235,0.008789509219862759,0.0028218984251533207,-5.870345420120884,-0.052072350101334486
2021-12-09,0.9998456677172128,1.0059397138278063,0.9953929410568226,0.9980983937379267,59074076951.2739,77346365465.4656,-0.0017475436816917,-0.0017490724174326,Thursday,0,0,0,1,0,0,0,-0.0542431691371779,-0.055769792801112,0.006329823458609874,0.0073730874868389905,0.0028321169557431847,-5.866730806071485,0.003614614049399556
2021-12-10,0.9980983937379267,1.0051983291013231,0.9926700670606436,0.9964470361423838,60802652364.204285,77224159426.71361,-0.0016545038103492,-0.0016558740133244,Friday,0,0,0,0,1,0,0,0.0292611497655082,0.0288412145122942,0.007532114506741461,0.00880846764193663,0.0027502699152739006,-5.896056221111461,-0.029325415039976654
2021-12-11,0.9964470361423838,1.0035451147449697,0.9964470361423838,1.0001308614696685,60416751479.09926,77242541067.91086,0.003696960494304,0.0036901435320499,Saturday,0,0,0,0,0,1,1,-0.0063467771569157,-0.0063670035741821,0.004262865262327478,0.004464475036146509,0.0027089434204638587,-5.911196601861831,-0.015140380750369609
2021-12-12,1.0001308614696685,1.001732868312207,0.9969858363177688,0.9993849560551756,44205261428.54622,77224559977.77283,-0.0007458078169857,-0.0007460860699931,Sunday,0,0,0,0,0,0,1,-0.2683277345052437,-0.3124225900134103,0.0028527161983435594,0.0033266530689837737,0.0025672914993773066,-5.964903827101804,-0.05370722523997262
2021-12-13,0.9993849560551756,1.0039296091038548,0.9973971543801216,0.9974935997320864,47610063592.313934,77507827711.21562,-0.001892520306244,-0.0018943133854485,Monday,1,0,0,0,0,0,0,0.077022554640272,0.074200340053643,0.0039205519865180985,0.004463425336733807,0.002579157501611464,-5.960292483140593,0.0046113439612103235
2021-12-14,0.9974935997320864,1.0067576710781252,0.9974935997320864,1.0021288172876903,66742393073.61532,77537673381.63548,0.0046468644579262,0.004636101114267,Tuesday,0,1,0,0,0,0,0,0.4018547348546299,0.3377961704443854,0.00555188019465099,0.005867493243869429,0.0026506448250441833,-5.932952338378647,0.027340144761946128
2021-12-15,1.0021288172876903,1.0048149738845116,0.9986260047934457,1.0002532736753147,63779503651.01984,77487922609.28915,-0.0018715594043606,-0.0018733129599265,Wednesday,0,0,1,0,0,0,0,-0.0443929155990479,-0.0454084499948066,0.0037104827086847187,0.0042107524823082896,0.0024777232514665323,-6.000415184229006,-0.06746284585035855
2021-12-16,1.0002532736753147,1.0018893489515508,0.9958938149112126,0.9994595425455134,68431378888.77607,77717097544.567,-0.0007935301495038,-0.0007938451612115,Thursday,0,0,0,1,0,0,0,0.0729368366240312,0.0703995957686602,0.0036046914593813565,0.00421542328707256,0.0024798265310927055,-5.9995666683917,0.0008485158373057189
2021-12-17,0.9994595425455134,1.0109453475115526,0.9953588179583338,0.998387252943114,61076591619.87589,77354757577.61205,-0.0010728694426873,-0.0010734453790811,Friday,0,0,0,0,1,0,0,-0.1074768240583632,-0.1137027982238812,0.009331439814809862,0.010966655205126399,0.0023542427699452563,-6.051536144643803,-0.05196947625210324
2021-12-18,0.998387252943114,1.005909352334288,0.9953500707875352,0.9999049136752696,66333989064.1965,77398981536.22069,0.0015201122887753,0.0015189580876189,Saturday,0,0,0,0,0,1,1,0.0860787628268653,0.0825737445051524,0.006337562855716633,0.007401947707097337,0.002233669155087201,-6.10410968460796,-0.0525735399641567
2021-12-19,0.9999049136752696,1.0044812189279295,0.9982668252347072,0.9986366387697504,53421587004.87288,77336634737.64938,-0.0012683955125867,-0.0012692006070323,Sunday,0,0,0,0,0,0,1,-0.1946574032631641,-0.2164875060911209,0.003727014738368774,0.004316740003361491,0.0019980754323966374,-6.215570845516167,-0.11146116090820701
2021-12-20,0.9986366387697504,1.0056056839725451,0.9950782696130172,1.0031154352544778,58920681689.44356,77407169847.6934,0.0044849110385585,0.0044748837947325,Monday,1,0,0,0,0,0,0,0.1029376885428183,0.0979772459673587,0.006320253618259786,0.006902244838508137,0.002112558383219529,-6.159855562087845,0.05571528342832188
2021-12-21,1.0031154352544778,1.0103154499949194,1.0017591352473736,1.0023078392301832,61355039570.93857,77592393394.79341,-0.0008050878253006,-0.0008054120825525,Tuesday,0,1,0,0,0,0,0,0.0413158471982031,0.0404851511051563,0.0051077844755375865,0.005993086820889973,0.002060480301654752,-6.184816167214233,-0.024960605126388202
2021-12-22,1.0023078392301832,1.0141483328834533,1.000387771190578,1.0013596178411093,52426279699.40429,77690106907.6721,-0.0009460380852674,-0.0009464858617282,Wednesday,0,0,1,0,0,0,0,-0.1455261040327562,-0.1572693257904342,0.008204556887605808,0.009642199298293928,0.0020047116034226475,-6.212255067261328,-0.027438900047094705
2021-12-23,1.0013596178411093,1.0114138165328683,1.0003875093237615,1.0032276317501283,55919656727.80639,77652082009.93086,0.0018654775724293,0.0018637397300777,Thursday,0,0,0,1,0,0,0,0.0666340821517761,0.0645079726882621,0.006583193439726261,0.007664073710280834,0.002020894124499745,-6.204215229612428,0.008039837648899706
2021-12-24,1.0032276317501283,1.008526307512802,0.99120273417832,1.003063812129429,59460538827.03318,77791450381.17188,-0.0001632925724079,-0.0001633059060916,Friday,0,0,0,0,1,0,0,0.0633208840401566,0.061396920260881,0.010405536070333144,0.012251162015571313,0.002015691925849032,-6.206792755009361,-0.0025775253969326783
2021-12-25,1.003063812129429,1.0040574332956227,1.0008974430347335,1.0011658004083022,49123585034.65084,77759618604.74007,-0.0018922143319053,-0.0018940068309961,Saturday,0,0,0,0,0,1,1,-0.1738456125070084,-0.1909736131288084,0.001893079141827333,0.0018927206589844192,0.001991587299053052,-6.218823320474539,-0.012030565465178
2021-12-26,1.0011658004083022,1.006552308788886,0.9986085308399272,1.002106859138237,45390801518.9977,78132701283.52664,0.000939962920778,0.0009395214322653,Sunday,0,0,0,0,0,0,1,-0.075987603775663,-0.0790297916032398,0.004758470958469357,0.005572157980873426,0.00196063343341659,-6.234487677636634,-0.01566435716209469
2021-12-27,1.002106859138237,1.00771564322468,0.9972881315689576,1.0005678641380735,46092842810.71551,78106091376.91425,-0.0015357593714974,-0.0015369398587053,Monday,1,0,0,0,0,0,0,0.015466598258327,0.0153482095803913,0.006246786663761848,0.007292733130491005,0.00197490675723601,-6.227234093269622,0.007253584367011179
2021-12-28,1.0005678641380735,1.0037212213240143,0.9894818319716416,1.0004601482447002,59745347092.06595,78096018573.44598,-0.0001076547600957,-0.0001076605552853,Tuesday,0,1,0,0,0,0,0,0.2961957529375159,0.259433630457365,0.008580932375004414,0.01010305419391845,0.0019417341207060678,-6.244173828524109,-0.016939735254486443
2021-12-29,1.0004601482447002,1.0118597677552488,0.9970037973090908,1.003984504235788,57872137144.06274,78273208062.64734,0.003522735010756,0.0035165447133698,Wednesday,0,0,1,0,0,0,0,-0.0313532356773599,-0.0318552698536256,0.008882715887865052,0.010227675077022848,0.0020422624307708985,-6.193697050959058,0.0504767775650512
2021-12-30,1.003984504235788,1.008903715149536,0.9965974426150058,1.0013363724084388,55373202380.313736,78524227242.41437,-0.0026376222104791,-0.0026411068647581,Thursday,0,0,0,1,0,0,0,-0.0431802744303071,-0.0441402798092202,0.007370489506165754,0.008521422406064093,0.0020873912945988385,-6.171840177038854,0.021856873920203412
2021-12-31,1.0013363724084388,1.0038395682319097,0.995920584881232,0.9996949880390572,46893329169.77982,78365966762.5579,-0.0016391937960205,-0.0016405387441256,Friday,0,0,0,0,1,0,0,-0.1531403792089271,-0.1662203350304658,0.004756429445561034,0.0055066630802306565,0.0020845769293104904,-6.1731893559224,-0.0013491788835455765
2022-01-01,0.9996949880390572,1.0106400727650735,0.9982568793281908,1.005623594478298,43968127041.25025,78461555997.2319,0.0059304152868366,0.0059128995902204,Saturday,0,0,0,0,0,1,1,-0.0623799201361608,-0.0644104441516834,0.007404023140256795,0.007905079013011443,0.002302785419784109,-6.073635836699031,0.09955351922336853
2022-01-02,1.005623594478298,1.005623594478298,0.9976996674202944,1.0004834410206112,36416529212.44043,78432310988.72539,-0.0051114089664469,-0.0051245169030189,Sunday,0,0,0,0,0,0,1,-0.1717516377653527,-0.1884422151845308,0.004750933696590722,0.004598501303382933,0.002433393793902506,-6.018468372995329,0.05516746370370207
2022-01-03,1.0004834410206112,1.0075789177699457,0.9941193571133288,1.0009629642368902,40986089650.970856,78469161116.11572,0.0004792915071036,0.0004791766836171,Monday,1,0,0,0,0,0,0,0.1254803941329312,0.1182099615176175,0.008076553681319596,0.009504750457993117,0.002434604147647418,-6.0179711033644105,0.000497269630918673
2022-01-04,1.0009629642368902,1.0071145805730848,0.9941169641062144,0.998683448070849,51620377043.97474,78340297776.0841,-0.0022773231852579,-0.0022799202293246,Tuesday,0,1,0,0,0,0,0,0.2594608923067143,0.2306837661551498,0.007801170214594657,0.00907521272595835,0.002467384439435859,-6.004596620808716,0.013374482555694733
2022-01-05,0.998683448070849,1.0053971461021514,0.9782107120242404,1.0009762898578447,52911254952.41917,78358237781.90472,0.0022958644117161,0.0022932329419132,Wednesday,0,0,1,0,0,0,0,0.0250071383117707,0.024699576772727,0.01646307252496823,0.019331313782232216,0.0024868057427701196,-5.9967562262706,0.007840394538115802
2022-01-06,1.0009762898578447,1.0069761217774476,0.9925113734208506,1.0011714415556676,76069135104.00809,78675448592.90738,0.0001949613590255,0.0001949423565295,Thursday,0,0,0,1,0,0,0,0.4376739915243706,0.3630265239470822,0.008689344905930929,0.010230204315444212,0.0024686055280345467,-6.004101851317025,-0.007345625046425219
2022-01-07,1.0011714415556676,1.0056565772403807,0.9778175213326602,1.0020948041790445,72852324288.4954,78385664139.94907,0.000922282223654,0.0009218571827224,Friday,0,0,0,0,1,0,0,-0.0422879898807103,-0.043208161947115,0.016859463852496454,0.01984223115915021,0.0024563529647913585,-6.009077563717368,-0.004975712400343113
2022-01-08,1.0020948041790445,1.0148275147327137,0.9952880046827912,0.9976930894854256,56904024322.286415,78400684257.48085,-0.0043925132385304,-0.0044021886681697,Saturday,0,0,0,0,0,1,1,-0.2189127131078712,-0.2470683724013879,0.011675986975896226,0.013472400240529918,0.002564696911124309,-5.9659149706456,0.043162593071768285
2022-01-09,0.9976930894854256,1.0081850468233542,0.9956965329164144,0.9994756681661352,50920280889.7849,78399852812.3994,0.0017867004387381,0.0017851061881922,Sunday,0,0,0,0,0,0,1,-0.1051550132660474,-0.111104774887933,0.007485685913017972,0.00874361032914606,0.0025675850698859432,-5.964789483356634,0.0011254872889656653
2022-01-10,0.9994756681661352,1.0075802394121154,0.9934113730316476,1.0009690023997244,52645022140.91324,78408581187.67317,0.0014941176470351,0.0014930025638356,Monday,1,0,0,0,0,0,0,0.0338714009622507,0.033310397908895,0.008505196749917395,0.00997101824487341,0.0024925668837667866,-5.994442222479566,-0.029652739122931315
2022-01-11,1.0009690023997244,1.0113665463637398,0.9956757560829465,1.0004184134103478,63333084173.341095,78373698439.17383,-0.0005500559838083,-0.0005502073200991,Tuesday,0,1,0,0,0,0,0,0.2030213227723498,0.1848361615007567,0.009390406854006893,0.011051069423187546,0.002490868481559387,-5.995123841542982,-0.000681619063416683
2022-01-12,1.0004184134103478,1.0082507062442634,0.9962799575018542,1.0009724442124854,57735417438.529854,78568308103.98402,0.0005537990851738,0.0005536457950524,Wednesday,0,0,1,0,0,0,0,-0.0883845593164319,-0.0925370437510177,0.007173003512871579,0.008438553225571268,0.0024688112810073107,-6.004018506936414,-0.008894665393431644
2022-01-13,1.0009724442124854,1.007579427938759,0.996411312331149,0.9994785132702564,50817645084.251335,78559596199.39731,-0.0014924795890903,-0.0014935944461579,Thursday,0,0,0,1,0,0,0,-0.1198185214758996,-0.1276271671758914,0.006693849689581671,0.007826544649442876,0.002335153564291899,-6.0596776237317505,-0.055659116795336416
2022-01-14,0.9994785132702564,1.0190804696548268,0.991814402689283,1.0008938665523357,52748613669.74968,78562803562.5304,0.0014160917551377,0.0014150900427745,Friday,0,0,0,0,1,0,0,0.0379979942458366,0.0372938524160463,0.016287222041215504,0.019156558973118555,0.002324374062323631,-6.0643044966951285,-0.004626872963378048
2022-01-15,1.0008938665523357,1.007919279549299,0.9973854833067508,0.9997643619664416,42905734574.92938,78568051282.90274,-0.0011284958611893,-0.0011291330920971,Saturday,0,0,0,0,0,1,1,-0.1865997684118284,-0.2065320007928356,0.0063095123134796986,0.007395660918491694,0.0023289925922865993,-6.062319468726211,0.001985027968917308
2022-01-16,0.9997643619664416,1.0035091968165677,0.9962994314766164,1.0003035122847983,36919609765.9769,78480969456.62686,0.0005392773926211,0.0005391320348245,Sunday,0,0,0,0,0,0,1,-0.1395180590253846,-0.1502626502159428,0.004330338467786906,0.005087560938502332,0.0023228184978374804,-6.0649739609035125,-0.002654492177301293
2022-01-17,1.0003035122847983,1.013149352068162,0.997002929292593,1.0021094070453456,40246772810.97656,78481734429.8212,0.0018053468156105,0.0018037191357714,Monday,1,0,0,0,0,0,0,0.0901191281839006,0.0862869821809619,0.009648148307194206,0.011304374699168099,0.0023295975494040744,-6.062059751900959,0.0029142090025535694
2022-01-18,1.0021094070453456,1.0058727413907584,0.9961517329869934,1.0000219739771503,46303524738.62652,78438751801.21043,-0.0020830390908612,-0.0020852116343078,Tuesday,0,1,0,0,0,0,0,0.1504903748704564,0.1401882644178329,0.00583220282376365,0.006743484601633173,0.002349098973682218,-6.053723439802944,0.008336312098014886
2022-01-19,1.0000219739771503,1.0034531491022065,0.9958256459109652,0.998961172506456,46618440352.65274,78332434326.47403,-0.0010607781611792,-0.0010613411845299,Wednesday,0,0,1,0,0,0,0,0.0068011153752085,0.0067780921202938,0.004582457173451779,0.005354954371640063,0.002210956352488408,-6.114330118374319,-0.06060667857137503
2022-01-20,0.998961172506456,1.0058644026350103,0.988733926069973,1.0000747517865742,41665360740.46372,78369431706.29897,0.0011147372998734,0.0011141164416026,Thursday,0,0,0,1,0,0,0,-0.1062472183693973,-0.1123260726648018,0.010316014457794835,0.012126424445285063,0.002215418745978534,-6.112313843249582,0.0020162751247374544
2022-01-21,1.0000747517865742,1.0109221712123528,0.9518811702940742,0.9992637307756992,62782003754.71109,78265938809.78934,-0.000810960390137,-0.0008112893964003,Friday,0,0,0,0,1,0,0,0.5068153170635994,0.4099983620771537,0.03614058908810327,0.04254930414444208,0.002213630213015513,-6.113121480770322,-0.0008076375207402009
2022-01-22,0.9992637307756992,1.010997502663745,0.982894470898096,1.002512029618617,85612704109.39723,78322824344.96065,0.0032506922275625,0.0032454201497619,Saturday,0,0,0,0,0,1,1,0.3636503932541808,0.3101652166373136,0.01693041406103745,0.01983172146270602,0.002266156715427125,-6.089669959267675,0.023451521502646955
2022-01-23,1.002512029618617,1.0110291038452843,0.9936036711858884,0.9999797822943524,69249546146.81294,78503174646.86444,-0.0025259021831667,-0.0025290976561885,Sunday,0,0,0,0,0,0,1,-0.191130021330423,-0.212117093419275,0.01044111674727374,0.012192566253862577,0.00231252858650322,-6.069413726922977,0.020256232344697978
2022-01-24,0.9999797822943524,1.0184304648661688,0.9907504931209764,1.0052319388050988,61214868645.28917,78411524220.38144,0.0052522626994475,0.0052385176750285,Monday,1,0,0,0,0,0,0,-0.1160249842575112,-0.1233264794786335,0.016548602981469245,0.019210535494200848,0.002478497256118201,-6.000102847577811,0.06931087934516622
2022-01-25,1.0052319388050988,1.0061009885745529,0.991980634864197,1.0014279659130063,68262299647.50412,78308368647.39122,-0.0037841743236035,-0.0037913524257746,Tuesday,0,1,0,0,0,0,0,0.1151261312517295,0.1089675207131092,0.008488419799033713,0.009712585199528122,0.002567619598982065,-5.9647760353644514,0.035326812213359204
2022-01-26,1.0014279659130063,1.0097414065091377,0.9970112075429668,1.0027022095578475,52899448966.68499,78253231535.18578,0.0012724266629398,0.0012716178141946,Wednesday,0,0,1,0,0,0,0,-0.2250561548636729,-0.2549647101425999,0.00761963993622304,0.008936559785693337,0.0025627780492296806,-5.96666343338761,-0.0018873980231584042
2022-01-27,1.0027022095578475,1.0100448096824828,0.9870790509279576,1.007037931893717,59393406558.14282,78270538311.09198,0.0043240378793834,0.0043147160897791,Thursday,0,0,0,1,0,0,0,0.122760401446669,0.1157902972016876,0.013812815527843645,0.01604072675497377,0.0026810453435717877,-5.921548506938928,0.04511492644868209
2022-01-28,1.007037931893717,1.0073260109040698,0.9971047823663896,1.0018345700748814,48636176288.53417,78296358293.50995,-0.0051669968469318,-0.0051803919366536,Friday,0,0,0,0,1,0,0,-0.1811182569411626,-0.1998155974241287,0.006124957318279268,0.006452921908679405,0.002769539660454155,-5.88907416015525,0.03247434678367789
2022-01-29,1.0018345700748814,1.006185650879002,0.9950177217204929,1.0031558349203331,39883879799.084335,78277699035.18376,0.0013188453312735,0.0013179764186599,Saturday,0,0,0,0,0,1,1,-0.1799544527827768,-0.1983953948795686,0.0067030614730703725,0.007849625510071189,0.0027378343892812238,-5.900588039963778,-0.011513879808528138
2022-01-30,1.0031558349203331,1.0046520767338782,0.9984352067893978,1.0018702555740038,32151533610.939804,78236899284.42438,-0.0012815350333195,-0.001282356901584,Sunday,0,0,0,0,0,0,1,-0.1938714645389652,-0.2155120759133019,0.0037278683962789784,0.00431625983824918,0.002731453740812693,-5.90292130572397,-0.0023332657601917717
2022-01-31,1.0018702555740038,1.0048439247333767,1.0000874492101093,1.001617418626529,33708789820.738544,78267115995.47255,-0.0002523649605007,-0.0002523968098959,Monday,1,0,0,0,0,0,0,0.0484348967188572,0.0472984776045516,0.0028495339692663686,0.0033514004800314,0.0025094920384519164,-5.987674921437811,-0.08475361571384088
2022-02-01,1.001617418626529,1.0029718058744668,0.9988500047856618,1.001444586769309,37467723454.49589,78073178389.76688,-0.0001725527671604,-0.0001725676561019,Tuesday,0,1,0,0,0,0,0,0.1115119722110209,0.1057212255840968,0.002473144523855383,0.002909929193261594,0.0023287737462608423,-6.0624134391017135,-0.07473851766390283
2022-02-02,1.001444586769309,1.003313477334884,1.0009044087506187,1.0019361690616142,34969305626.06034,78108188510.28174,0.0004908731833992,0.00049075274457,Wednesday,0,0,1,0,0,0,0,-0.0666818690350868,-0.0690091598714852,0.0014437490427104617,0.0016722957778975696,0.0023288541016301947,-6.0623789342541885,3.4504847524985394e-05
2022-02-03,1.0019361690616142,1.0039101955139598,1.000907572410786,1.001402212894569,39312904930.737785,78090588363.32388,-0.0005329243354347,-0.0005330663900802,Thursday,0,0,0,1,0,0,0,0.1242117687758845,0.1170821401094844,0.0017989268893561887,0.002092001548082322,0.0022934178738623794,-6.077712052781659,-0.015333118527470546
2022-02-04,1.001402212894569,1.005529502788197,1.0005262503747183,1.005529502788197,41684837506.99345,78061115021.73848,0.0041215106582379,0.004113040498445,Friday,0,0,0,0,1,0,0,0.0603347063880059,0.0585846190254459,0.002995694931093921,0.002430202712275621,0.00237663032562573,-6.042071624101509,0.03564042868014994
2022-02-05,1.005529502788197,1.005529502788197,1.0004229850017743,1.000455591385744,50586529618.94341,78036871735.51764,-0.0050460094789697,-0.0050587835750592,Saturday,0,0,0,0,0,1,1,0.2135474825937977,0.1935478740500794,0.0030576826874107307,0.0017536480420308482,0.0025495387810179535,-5.971842806359826,0.07022881774168344
2022-02-06,1.000455591385744,1.0028166927881823,1.0001975906890337,1.0003523320463823,35906493592.09282,78032635644.75656,-0.0001032123167192,-0.0001032176434769,Sunday,0,0,0,0,0,0,1,-0.2901965431792198,-0.3427671686480692,0.0015705649435630588,0.0018480857820518675,0.0025440471241313083,-5.973999110039301,-0.002156303679475613
2022-02-07,1.0003523320463823,1.0031010587153468,1.0003523320463823,1.0012987622509235,43844962274.13198,78037720619.06487,0.0009460968642969,0.0009456495967419,Monday,1,0,0,0,0,0,0,0.2210872710719751,0.1997416676537685,0.001647934154361199,0.0018491340107961575,0.002419919152807106,-6.024021147302547,-0.050022037263246055
2022-02-08,1.0012987622509235,1.0032518952009195,0.9994015984373462,1.0014548302040605,58829342268.93738,78073705965.32915,0.0001558655208822,0.0001558533751139,Tuesday,0,1,0,0,0,0,0,0.3417583051188073,0.293980921821851,0.0023092778836181923,0.0027172408694968978,0.002398040501152918,-6.03310333296443,-0.00908218566188257
2022-02-09,1.0014548302040605,1.002133603764937,1.0000775072524368,1.001174307069499,53032916606.55697,78034170006.22424,-0.0002801156139057,-0.0002801548536122,Wednesday,0,0,1,0,0,0,0,-0.0985294997160115,-0.1037279597981999,0.0012334485860740969,0.0014417984943397594,0.002383046911284479,-6.0393753952496105,-0.006272062285180624
2022-02-10,1.001174307069499,1.0036049689228292,0.9992898480588898,1.0016565674778903,50712934022.35564,78139113275.09538,0.0004816947508401,0.000481578773166,Thursday,0,0,0,1,0,0,0,-0.0437460870088085,-0.0447318018328315,0.002587752657569877,0.003032108403181321,0.002382551625611698,-6.039583253998403,-0.0002078587487925887
2022-02-11,1.0016565674778903,1.0029274181894448,0.9991672187929114,1.0020449626089414,57671846877.62193,78455047288.97044,0.0003877527923856,0.0003876776356991,Friday,0,0,0,0,1,0,0,0.137221657342851,0.1285881450583619,0.0022558699192797363,0.0026451320810418973,0.0023814585008910707,-6.0400421634930455,-0.00045890949464233444
2022-02-12,1.0020449626089414,1.003856255275165,1.000832272018093,1.0020008637493076,46655869977.91008,78514069077.46138,-4.400886315414354e-05,-4.400983157257437e-05,Saturday,0,0,0,0,0,1,1,-0.1910113425548423,-0.2119703824852732,0.0018118409714753224,0.002133104347997237,0.002365808179316825,-6.046635590543192,-0.006593427050146872
2022-02-13,1.0020008637493076,1.0022487008224328,1.000025730492854,1.0011599948503922,35065741190.76113,78520879221.64752,-0.0008391897944768,-0.0008395421113533,Sunday,0,0,0,0,0,0,1,-0.2484173758336618,-0.2855741301688994,0.001333513794212847,0.0014808505173513967,0.0023566487601906776,-6.050514685992409,-0.0038790954492169405
2022-02-14,1.0011599948503922,1.0021997804485043,0.9999956699501708,1.001155966630674,35219727229.43434,78564952279.17815,-4.023552418130905e-06,-4.023560512639648e-06,Monday,1,0,0,0,0,0,0,0.0043913527404286,0.0043817388859252,0.0013222523205191673,0.0015568311259929175,0.002347614931631805,-6.054355388918738,-0.003840702926328987
2022-02-15,1.001155966630674,1.0015821097309212,0.9995509977044794,0.9995509977044794,41500644107.781525,78553953894.12076,-0.0016031157778502,-0.0016044021429274,Tuesday,0,1,0,0,0,0,0,0.1783351937234198,0.1641025895109366,0.0012191168085736977,0.001032478299055852,0.0023637704266832836,-6.047497296386097,0.006858092532641358
2022-02-16,0.9995509977044794,1.0020633465640634,0.9995509977044794,1.000756655397037,39478732044.34979,78735337254.808,0.0012061992788026,0.0012054724048969,Wednesday,0,0,1,0,0,0,0,-0.0487200164455426,-0.0499468501406183,0.001507603154059198,0.0016091967343158286,0.0023510428884510963,-6.052896266948704,-0.005398970562606742
2022-02-17,1.000756655397037,1.0033863197917832,0.9995902512305298,1.0010632835643904,40636850064.98769,78747866563.1202,0.000306396330916,0.000306349401146,Thursday,0,0,0,1,0,0,0,0.0293352385111276,0.02891319437787,0.0022763863238488146,0.002673468372601378,0.0023206882764661586,-6.06589146641144,-0.012995199462736196
2022-02-18,1.0010632835643904,1.0078581395462558,1.0004173027164918,1.0004173027164918,44534671282.51482,78836867233.35068,-0.0006452947166323,-0.0006455030088793,Friday,0,0,0,0,1,0,0,0.0959183896215776,0.0915927237292816,0.0044502843409736596,0.00522442757956831,0.0023155852487029204,-6.068092816179215,-0.002201349767775085
2022-02-19,1.0004173027164918,1.002343955585375,1.0004173027164918,1.002343955585375,35642568455.92517,79088296542.3712,0.0019258492067777,0.0019239971366847,Saturday,0,0,0,0,0,1,1,-0.199666968914641,-0.2227273490816776,0.001155478037656482,0.0006487769664985204,0.0023332278132581247,-6.060502642506894,0.0075901736723205104
2022-02-20,1.002343955585375,1.0030001440997076,1.000795606043786,1.0010460394543117,32020237511.604404,79191543496.45712,-0.0012948809875401,-0.0012957200703459,Sunday,0,0,0,0,0,0,1,-0.1016293466280372,-0.1071725415278033,0.0013214526121972776,0.0013312597724080525,0.0023405075010406347,-6.057387492341169,0.003115150165725389
2022-02-21,1.0010460394543117,1.0034980601745136,0.9999227971662324,1.001924031820442,39486246076.00872,79179724374.06781,0.0008770749111688,0.0008766905057207,Monday,1,0,0,0,0,0,0,0.2331653087113601,0.2095842855210994,0.002143500233400242,0.0024642561115460516,0.0022699125913212648,-6.088013954256076,-0.030626461914907033
2022-02-22,1.001924031820442,1.004583079425258,0.9995265690819912,0.9995265690819912,53208749811.19656,79525230982.4921,-0.002392858801974,-0.0023957262637979,Tuesday,0,1,0,0,0,0,0,0.3475261666751714,0.298270442295348,0.0030305231931003376,0.0032426358778957004,0.0022650847264777054,-6.090143113913334,-0.0021291596572581284
2022-02-23,0.9995265690819912,1.0030454820065016,0.998545370642562,1.0019596616808664,42376496075.98787,79546270112.94733,0.0024342450457417,0.0024312870705887,Wednesday,0,0,1,0,0,0,0,-0.2035803091342186,-0.2276289822537249,0.0027004488461479107,0.002797498826150258,0.0021006931707708864,-6.165487907398144,-0.07534479348480971
2022-02-24,1.0019596616808664,1.0047247697720172,0.998784324158783,1.001155924087323,62105586923.48383,79575791180.84201,-0.0008021656203156,-0.0008024875273168,Thursday,0,0,0,1,0,0,0,0.4655668277084195,0.3822420807490034,0.0035613630481157958,0.004163415472006928,0.0019887767341322765,-6.220235535721409,-0.054747628323265296
2022-02-25,1.001155924087323,1.0045382903613094,1.0001151336674812,1.0024861622616956,64792244577.4898,79590682129.91371,0.0013287022953845,0.0013278203516303,Friday,0,0,0,0,1,0,0,0.0432595163671187,0.0423499622951473,0.0026502143365059257,0.0030092771181719808,0.0019900006864957097,-6.219620295273077,0.0006152404483321661
2022-02-26,1.0024861622616956,1.0031762088035858,1.000266099913524,1.002471502929657,45706366563.04098,79646938844.44423,-1.4622976945322108e-05,-1.4623083862091776e-05,Saturday,0,0,0,0,0,1,1,-0.2945704094511283,-0.3489483134508859,0.0017446968365325743,0.002054203435813223,0.0018274437598896156,-6.304837141156088,-0.0852168458830107
2022-02-27,1.002471502929657,1.0033487532122696,0.9993717069425104,1.002536042619074,36433627658.99859,79712163574.09967,6.438057264301911e-05,6.437850030289734e-05,Sunday,0,0,0,0,0,0,1,-0.2028763080795947,-0.2267454153448736,0.0023852183915256966,0.0028080949800920367,0.0015636943951290534,-6.460704055485847,-0.15586691432975908
2022-02-28,1.002536042619074,1.0042737497804834,0.9990113641026136,1.0001039995893672,49263077664.65845,79702442466.30843,-0.0024258908670785,-0.002428838107749,Monday,1,0,0,0,0,0,0,0.3521321051457571,0.3016826837539977,0.0031552093391104094,0.0033944353311449603,0.0016074451525557635,-6.433109222151067,0.027594833334779523
2022-03-01,1.0001039995893672,1.0029524272768031,0.998470718014861,1.000778628665949,62352256748.16085,79588518300.97125,0.0006745589227308,0.0006743315101237,Tuesday,0,1,0,0,0,0,0,0.2656995807814224,0.2356249976014066,0.002689631342737651,0.003138942233724065,0.0015950619770273948,-6.440842686429779,-0.007733464278711466
2022-03-02,1.000778628665949,1.0024882719894683,0.9980246688569016,1.0012250061922392,57320112568.39079,79493022770.37762,0.0004460302343638,0.0004459307924471,Wednesday,0,0,1,0,0,0,0,-0.0807050849834475,-0.0841482994922943,0.0026799839850774384,0.003143244396535529,0.0015964735245613806,-6.439958129372324,0.0008845570574544936
2022-03-03,1.0012250061922392,1.0023305963001596,0.9979508290173712,1.0009503982315384,49471211946.1442,79816205819.22649,-0.000274271975832,-0.0002743095952692,Thursday,0,0,0,1,0,0,0,-0.1369310050269313,-0.1472606432692576,0.0026299524501839,0.0030918353336123285,0.0015969481059914185,-6.439660904960119,0.0002972244122050327
2022-03-04,1.0009503982315384,1.0024491328047156,0.9973080850050194,1.001543089270318,51440613036.70217,79565758673.70235,0.0005921282811085,0.0005919530423303,Friday,0,0,0,0,1,0,0,0.0398090326289541,0.0390370738204516,0.0030878955034689026,0.0036170558037097833,0.0015980912337839007,-6.438945340787229,0.000715564172890204
2022-03-05,1.001543089270318,1.0023271881000957,0.9996800769771034,1.001490656574985,49371601901.14166,79813488534.22833,-5.235191165986475e-05,-5.23532820690212e-05,Saturday,0,0,0,0,0,1,1,-0.0402213545566476,-0.0410525987705461,0.0015881592423442536,0.0018696314783636049,0.0015951535854458105,-6.440785255565533,-0.0018399147783041414
2022-03-06,1.001490656574985,1.0030282648670643,0.9997178663107028,1.0009572741070856,37833427371.70933,79833113081.98299,-0.0005325885612588,-0.000532730436923,Sunday,0,0,0,0,0,0,1,-0.2337006312360614,-0.2661823647514673,0.001985372707697653,0.002314029411643852,0.0014106989805458643,-6.563669966542429,-0.12288471097689602
2022-03-07,1.0009572741070856,1.0018998815661897,0.9980636700724914,1.0000550864514064,46227802096.33943,80068975686.02083,-0.000901324840747,-0.000901731278221,Monday,1,0,0,0,0,0,0,0.2218771945284332,0.200388360223481,0.002303924607634234,0.0026541368023511487,0.0010789497431951678,-6.831767170996482,-0.26809720445405283
2022-03-08,1.0000550864514064,1.0020329325558746,0.9987181552435256,1.000162522523462,54084420064.30448,80108721625.02928,0.0001074301541097,0.0001074243839039,Tuesday,0,1,0,0,0,0,0,0.1699543913334176,0.1569647662835462,0.0019899811511528745,0.0023420722589425806,0.00107896343105408,-6.8317544847966145,1.2686199867495418e-05
2022-03-09,1.000162522523462,1.0026206464495142,0.9989590463249306,1.0001962064350902,55543026785.64557,80073743829.85939,3.367843812340787e-05,3.367787101754345e-05,Wednesday,0,0,1,0,0,0,0,0.0269690738960841,0.0266118174414894,0.0021972819186768487,0.002587017075217981,0.0010650781443277283,-6.844707107556945,-0.012952622760330712
2022-03-10,1.0001962064350902,1.0029508053625706,0.9961570272868931,1.0009914733294063,55267410690.21894,80060279263.99866,0.0007951108884431,0.0007947949552375,Thursday,0,0,0,1,0,0,0,-0.0049622087843771,-0.0049745614235798,0.0040819161269252426,0.00478063482304,0.0010745410237565699,-6.835861663218648,0.008845444338296815
2022-03-11,1.0009914733294063,1.0018703570231589,0.9966398070183718,0.9995716448698408,48696766687.62155,80093355799.22673,-0.0014184221318518,-0.0014194290447882,Friday,0,0,0,0,1,0,0,-0.1188882185819543,-0.1265707809378717,0.0031436143177828294,0.0035946480064868165,0.0011041655133064725,-6.808665420891081,0.027196242327567788
2022-03-12,0.9995716448698408,1.0018255699449834,0.9995716448698408,0.9999665056117946,39136609700.37444,80114368715.07788,0.0003950299550614,0.0003949519512706,Saturday,0,0,0,0,0,1,1,-0.1963201591714147,-0.2185542970336457,0.0013526755408402298,0.0015736228953939523,0.0011030187872728909,-6.809704505970163,-0.0010390850790820139
2022-03-13,0.9999665056117946,1.001418759596721,0.9980015864725312,1.000709509729981,29069357231.016617,80126599472.92497,0.0007430290054883,0.0007427530961008,Sunday,0,0,0,0,0,0,1,-0.257233637416005,-0.2973737351493278,0.0020528185674159594,0.002372513761904567,0.0011090671991190741,-6.8042359781132635,0.005468527856899108
2022-03-14,1.000709509729981,1.0015104179152048,0.9996179590166724,0.999705010709384,37116828010.18979,80122664692.87584,-0.0010037868240784,-0.001004290955461,Monday,1,0,0,0,0,0,0,0.2768369013191192,0.2443858487048541,0.00113589687426979,0.0011828211673952473,0.001124093190425073,-6.790778621316603,0.013457356796660491
2022-03-15,0.999705010709384,1.0019508350990698,0.9986196731396236,1.0002701882169005,41780634225.41055,80107616116.88068,0.000565344278024,0.0005651845311528,Tuesday,0,1,0,0,0,0,0,0.1256520684887296,0.1183624841780844,0.0019999979796436053,0.0023284696391599226,0.001118364395301153,-6.795888022380296,-0.005109401063693397
2022-03-16,1.0002701882169005,1.0011947759943105,0.9977438784369416,1.0008959695250852,50662499533.14797,80119748092.45757,0.0006256122751195,0.0006254166613415,Wednesday,0,0,1,0,0,0,0,0.2125833049785432,0.1927530466063542,0.002073577643407129,0.0024103082745754716,0.0011241781802953327,-6.7907030166797195,0.005185005700576895
2022-03-17,1.0008959695250852,1.0019205528084325,0.9981889211999546,1.001182884815684,50090390393.42374,80190214047.23466,0.0002866584533605,0.0002866173746762,Thursday,0,0,0,1,0,0,0,-0.0112925565259548,-0.0113568015607671,0.0022409531103928853,0.0026325002062215293,0.00108660542846058,-6.824696728036967,-0.03399371135724749
2022-03-18,1.001182884815684,1.0017324926275335,0.9998442262704432,1.0013238153741784,42534575331.68161,80488850197.7623,0.0001407640508359,0.0001407541445065,Friday,0,0,0,0,1,0,0,-0.1508436049788526,-0.1635118987743405,0.0011331265430320461,0.0013312832907119844,0.0010643932344302684,-6.84535037510955,-0.020653647072583325
2022-03-19,1.0013238153741784,1.0013238153741784,0.999195749133394,1.0002337243292465,45327049740.54347,80452655013.75252,-0.0010886498734922,-0.0010892428831914,Saturday,0,0,0,0,0,1,1,0.065651869968992,0.0635866963920147,0.001277702582203116,0.0013434432231155102,0.0010813662473622347,-6.829529993485872,0.01582038162367816
2022-03-20,1.0002337243292465,1.0011222724691462,0.9997056645299373,0.9997056645299373,42090596038.945526,80795632708.42828,-0.0005279364077265,-0.0005280758152195,Sunday,0,0,0,0,0,0,1,-0.0714022580362879,-0.074079635055839,0.0008504078702104992,0.0009459574609728277,0.0010792401456607634,-6.831498054299338,-0.0019680608134660105
2022-03-21,0.9997056645299373,1.0012835751669713,0.999558727796496,1.0002161567819432,45099564556.42166,80799522656.66681,0.0005106425522216,0.0005105122186809,Monday,1,0,0,0,0,0,0,0.07148790467809,0.0690482476532139,0.0010354405934703654,0.001177123908870846,0.0010247216939837458,-6.883334221324107,-0.0518361670247689
2022-03-22,1.0002161567819432,1.001384818828868,0.9989280979099574,0.9996097475057056,55108291951.56627,80764313471.43909,-0.0006062782250875,-0.0006064620860483,Tuesday,0,1,0,0,0,0,0,0.2219251448120573,0.2004276025818816,0.0014751812113083236,0.0016954999761097493,0.0010031706778135083,-6.90458961716758,-0.02125539584347269
2022-03-23,0.9996097475057056,1.0011472895691904,0.9983480265630348,0.9983480265630348,48876535865.75317,80837697681.79608,-0.0012622135246471,-0.0012630107870856,Wednesday,0,0,1,0,0,0,0,-0.1130820039076894,-0.120002751800617,0.0016815541873406422,0.0018176095739384425,0.0010168112291246293,-6.891083794557731,0.013505822609849005
2022-03-24,0.9983480265630348,1.000459740955807,0.9970419647066892,0.9996152844491702,54212320726.34432,80843412867.7625,0.0012693548265911,0.0012685498768591,Thursday,0,0,0,1,0,0,0,0.1091686382039573,0.1036107601116166,0.0020551530121404264,0.002287705279327876,0.0009466936626886645,-6.962534998959086,-0.0714512044013551
2022-03-25,0.9996152844491702,1.000627256513246,0.9985836679593584,0.999732975122294,55677241958.64108,80920787737.23135,0.0001177359679815,0.0001177290376464,Friday,0,0,0,0,1,0,0,0.0270219244014928,0.0266632787239042,0.0012277848381552158,0.0014437531373081777,0.000836452230872346,-7.086341145118575,-0.12380614615948904
2022-03-26,0.999732975122294,1.000579316170629,0.9992426013853812,0.9995156908591945,43319361034.36943,81289191716.8427,-0.0002173422989003,-0.0002173659211606,Saturday,0,0,0,0,0,1,1,-0.2219556948142563,-0.2509718088856787,0.0008028506477168613,0.0009355805583493337,0.0008244762326900374,-7.100762242711172,-0.014421097592596688
2022-03-27,0.9995156908591945,0.999518563065919,0.9947526658637592,0.9987822978903634,36036966295.89154,81250822417.90718,-0.0007337483298541,-0.0007340176549125,Sunday,0,0,0,0,0,0,1,-0.1681094680205477,-0.1840544189573831,0.0028704404607061925,0.003348752718012624,0.0007993436219724767,-7.1317196396025615,-0.030957396891389877
2022-03-28,0.9987822978903634,0.9996977235119756,0.9977101902573328,0.9977101902573328,61144746594.58904,81273739440.00507,-0.0010734147324148,-0.0010739912546105,Monday,1,0,0,0,0,0,0,0.6967229175880978,0.5286986951294805,0.0011951847701272495,0.0012388305868252696,0.0008230380744542449,-7.102508095350931,0.029211544251630528
2022-03-29,0.9977101902573328,1.000150180791491,0.9977101902573328,0.9997415220319849,66988563936.35072,81505466565.54097,0.0020359938131213,0.0020339239866775,Tuesday,0,1,0,0,0,0,0,0.0955734984152967,0.09127796900807,0.0014669337294093933,0.0011769106669239921,0.0009028556981844029,-7.009947819992177,0.09256027535875422
2022-03-30,0.9997415220319849,1.000343698652511,0.9990535522582922,0.9993940566500812,65114145720.00016,81638429769.3622,-0.00034755521727,-0.0003476156285824,Wednesday,0,0,1,0,0,0,0,-0.027981167324792,-0.0283800995291392,0.0007750455588942543,0.0008866016250488734,0.0007890085429174678,-7.144733409651709,-0.1347855896595327
2022-03-31,0.9993940566500812,1.001116300302414,0.9991862657292376,1.000807795251622,65559082965.43832,81931529593.1932,0.0014145957664382,0.0014135961684207,Thursday,0,0,0,1,0,0,0,0.0068331887106596,0.0068099482874128,0.0011589289212247677,0.0010440498908204643,0.0008209662105456461,-7.1050286058196415,0.03970480383206798
2022-04-01,1.000807795251622,1.0010853065313934,0.999037190172332,1.0002796048304283,77195962742.71414,82017896015.94196,-0.0005277640958629,-0.000527903412353,Friday,0,0,0,0,1,0,0,0.1775021743884153,0.1633953935210962,0.0012299443251919178,0.0014104898391129465,0.0008225852196348572,-7.103058470193638,0.0019701356260037883
2022-04-02,1.0002796048304283,1.0007698585821108,0.99919418180338,0.9996445747743912,69464481097.9957,82106154003.42542,-0.000634852548198,-0.0006350541524075,Saturday,0,0,0,0,0,1,1,-0.1001539636274327,-0.1055316009892345,0.000946307554187658,0.00104193747326584,0.0008292052687018062,-7.095042823465038,0.00801564672859989
2022-04-03,0.9996445747743912,1.0033949253396972,0.9996445747743912,1.000689208610747,57740562889.2023,82329028628.79926,0.0010450052575854,0.0010444596196878,Sunday,0,0,0,0,0,0,1,-0.1687757257159108,-0.1848556357206466,0.0022488999185424114,0.002567069785172683,0.0008439575191149399,-7.077408397437259,0.017634426027778538
2022-04-04,1.000689208610747,1.001484580929143,0.9992033648659602,1.000596091539394,58664840242.03858,82365195412.79607,-9.305293846650908e-05,-9.305726815978358e-05,Monday,1,0,0,0,0,0,0,0.016007418469575,0.0158806507729158,0.0013695393756724583,0.001611471795495822,0.0008440743966249517,-7.077269919593198,0.00013847784406095798
2022-04-05,1.000596091539394,1.0015281326662475,0.9996744187084594,1.0008745206708878,61827237673.29178,82441332672.29156,0.000278263261118,0.0002782245530772,Tuesday,0,1,0,0,0,0,0,0.0539061798891093,0.0525034327693021,0.00111260002615112,0.0012985229312917803,0.0008399891823637598,-7.08212154434822,-0.004851624755021433
2022-04-06,1.0008745206708878,1.0023663680543562,0.9994317053700792,0.9997690801748392,72876502938.57506,82467783467.21901,-0.0011044746101714,-0.001105084991729,Wednesday,0,0,1,0,0,0,0,0.1787119347571362,0.1644222615551417,0.0017608627385242294,0.0019561821911716964,0.0008480477253760886,-7.072573643831394,0.009547900516825969
2022-04-07,0.9997690801748392,1.0022681351513567,0.9962291489995214,1.0002149312757802,68341612279.18743,82475782116.95837,0.0004459540805792,0.0004458546726114,Thursday,0,0,0,1,0,0,0,-0.0622270618996347,-0.0642474295351199,0.0036295189032888755,0.00426443787975578,0.0008517197255415857,-7.068253045886318,0.004320597945075555
2022-04-08,1.0002149312757802,1.0019578872397077,0.9995119433814365,1.0008544368342465,54328538698.49065,82553921250.7203,0.0006393681382566,0.0006391638295295,Friday,0,0,0,0,1,0,0,-0.2050445272413377,-0.2294691750049747,0.001467860967173041,0.0016819984452864907,0.0008596547936678141,-7.058979652012198,0.009273393874120295
2022-04-09,1.0008544368342465,1.001489558922842,0.999796710001187,1.0006291587185625,49985709875.52835,82574870484.8789,-0.0002250857940906,-0.0002251111296998,Saturday,0,0,0,0,0,1,1,-0.0799364188141313,-0.0833125013423962,0.0010160062011214878,0.001188045733793021,0.0008483153291106891,-7.072258140925205,-0.013278488913007536
2022-04-10,1.0006291587185625,1.001930534027154,0.9997400554095522,1.0009235374761474,34369730129.345055,82572759794.17104,0.0002941936630767,0.0002941503966066,Sunday,0,0,0,0,0,0,1,-0.3124088821599082,-0.3745609231832697,0.0013144190746054141,0.0015367736976203974,0.0008095453985779258,-7.119037704173396,-0.046779563248190215
2022-04-11,1.0009235374761474,1.0023723342841289,0.999101333435766,1.0009510266137986,50815579958.82938,82605797536.16583,2.74637738268968e-05,2.746339670436518e-05,Monday,1,0,0,0,0,0,0,0.4784980786172297,0.3910267607608387,0.0019629915593725165,0.0023111829047647034,0.0008063431809741819,-7.12300112323106,-0.00396341905766473
2022-04-12,1.0009510266137986,1.002069756038922,0.9995769765008772,1.0015217695191905,65528412988.9259,82650610029.65253,0.0005702006294181,0.000570038126809,Tuesday,0,1,0,0,0,0,0,0.2895338996822789,0.2542808350067243,0.0014958358348337863,0.0017252084646701674,0.0008016429186230708,-7.1288472878705065,-0.005846164639446094
2022-04-13,1.0015217695191905,1.0021279595399804,0.999317488504648,1.0015691778028522,56694005252.49839,82682508401.55751,4.733624880115528e-05,4.733512847628451e-05,Wednesday,0,0,1,0,0,0,0,-0.1348179718303341,-0.1448153569986923,0.0016866420025945733,0.00198565126239637,0.0007804396487562326,-7.15565314482132,-0.026805856950813833
2022-04-14,1.0015691778028522,1.004883488634644,1.0000922081445045,1.0012285369494556,51059629163.37758,82712828081.22589,-0.000340107164783,-0.0003401650143418,Thursday,0,0,0,1,0,0,0,-0.0993822197607482,-0.1046743286499317,0.0028703217338360023,0.0033729259292394416,0.0007760768871542368,-7.1612589613049655,-0.005605816483645221
2022-04-15,1.0012285369494556,1.0017881845699732,0.9996365499188148,1.0005182605276972,45023719248.00257,82743827046.3466,-0.0007094048916368,-0.0007096566383542,Friday,0,0,0,0,1,0,0,-0.1182129603029755,-0.1258047037201493,0.0012912689376287539,0.0014549675339551955,0.0007784884196810924,-7.158156441969654,0.003102519335311804
2022-04-16,1.0005182605276972,1.001554514409284,1.0000346208996218,1.0009584476884474,34726195620.13794,82786059437.98149,0.0004399591472903,0.000439862393642,Saturday,0,0,0,0,0,1,1,-0.2287133048947632,-0.2596951261517635,0.000912064555156709,0.0010384919062015907,0.0007808682345782616,-7.155104136086568,0.00305230588308536
2022-04-17,1.0009584476884474,1.0026148333750695,0.999188695376443,1.0008919375805128,31745566166.96788,82774506794.60493,-6.644642251463218e-05,-6.644863017595935e-05,Sunday,0,0,0,0,0,0,1,-0.085832306129197,-0.0897412518506599,0.0020557537664925175,0.0024201127231158063,0.0007805395502355542,-7.155525146345079,-0.0004210102585107123
2022-04-18,1.0008919375805128,1.0019982900525894,0.9994042288476332,1.0007810191354598,49894939341.811966,82803862827.32693,-0.0001108196008862,-0.0001108257418318,Monday,1,0,0,0,0,0,0,0.5717136396114744,0.4521665143162761,0.0015568016720188978,0.0018316992128591045,0.0007550516973675178,-7.188724337724981,-0.033199191379901904
2022-04-19,1.0007810191354598,1.001675167022847,0.997886199918159,0.9996658533214738,58441616417.18879,82788134303.28734,-0.0011142955278561,-0.0011149168166936,Tuesday,0,1,0,0,0,0,0,0.1712934655923053,0.1581086643129169,0.0022760085376076693,0.0025886528352957643,0.0007760426838014677,-7.161303034394971,0.02742130333001036
2022-04-20,0.9996658533214738,1.001704336215823,0.9981246768743058,0.9999946212135404,54513305559.05299,82907492356.03156,0.0003288777854861,0.0003288237170415,Wednesday,0,0,1,0,0,0,0,-0.0672176968907452,-0.0695834353612716,0.002149990631609212,0.002523157099103971,0.0007727606296889965,-7.165541221383122,-0.004238186988151149
2022-04-21,0.9999946212135404,1.0015693143281572,0.9990827777701417,1.0006163242434516,61193966314.70672,83002857563.2276,0.0006217063739368,0.0006215131945922,Thursday,0,0,0,1,0,0,0,0.1225510118518995,0.1156037844586121,0.0014928314271748953,0.0017147020239804468,0.0007731591494890337,-7.165025645071553,0.0005155763115691769
2022-04-22,1.0006163242434516,1.0019279033343549,0.9992134586807472,1.0001412686631954,65832439916.84989,83107083557.33643,-0.0004747629723264,-0.0004748757079495,Friday,0,0,0,0,1,0,0,0.0757995253696834,0.0730641296686604,0.0016292613617387892,0.001895467236191624,0.0007430469433995884,-7.204751334354606,-0.039725689283053534
2022-04-23,1.0001412686631954,1.0018612213611648,1.0001163335774612,1.0010142684354009,45503088293.5928,83180957508.91112,0.0008728764621144,0.0008724957269957,Saturday,0,0,0,0,0,1,1,-0.30880446857103,-0.3693325264597024,0.001046877045826762,0.001106908007090836,0.0007237769639516179,-7.231027273879352,-0.02627593952474605
2022-04-24,1.0010142684354009,1.002663248562003,1.0002185929503484,1.0002185929503484,33771962428.153347,83199997263.48041,-0.0007948692742373,-0.0007951853503227,Sunday,0,0,0,0,0,0,1,-0.2578094433887312,-0.2981492539460579,0.001466053580514187,0.0016538800082221434,0.0007378810297392873,-7.2117279526742655,0.019299321205086706
2022-04-25,1.0002185929503484,1.0020857691613236,0.9986417950018964,1.0001622568202189,50449607175.58023,83155264476.2356,-5.632381814002496e-05,-5.632540438583246e-05,Monday,1,0,0,0,0,0,0,0.4938310820079523,0.4013440160666759,0.0020675671680655157,0.0024341225775658917,0.000736884817525113,-7.213078963572095,-0.0013510108978298518
2022-04-26,1.0001622568202189,1.0013373312461282,0.9991255245873014,1.0005013171014638,61457660624.945526,83169773789.4732,0.0003390052753269,0.0003389478260219,Tuesday,0,1,0,0,0,0,0,0.2181989923341496,0.1973735322438663,0.001328018471635361,0.0015493659661260854,0.0007272340462329921,-7.226262197944756,-0.013183234372660557
2022-04-27,1.0005013171014638,1.001740023674655,0.9991125191377928,0.9998493401497464,62504836478.74596,83185701880.0156,-0.0006516502682938,-0.0006518626846157,Wednesday,0,0,1,0,0,0,0,0.0170389800580106,0.0168954448058591,0.001577305835891354,0.0018124036226784164,0.0007103414316281724,-7.249764813902125,-0.023502615957369244
2022-04-28,0.9998493401497464,1.0017882304196024,0.9978066823168962,0.999653785986144,56111954934.04093,83154190236.73784,-0.0001955836302028,-0.0001956027591753,Thursday,0,0,0,1,0,0,0,-0.1022781900546023,-0.1078950471538134,0.0023916508977283304,0.0028133282174082745,0.0006066015205069893,-7.407638456107281,-0.1578736422051561
2022-04-29,0.999653785986144,1.001650515110948,0.998863751169588,1.0012216168901436,61229628955.53531,83175760237.24673,0.0015683738970218,0.0015671452831309,Friday,0,0,0,0,1,0,0,0.0912047000948399,0.0872823153694485,0.001673193158136279,0.0017124012568191225,0.0006676843029867342,-7.311695096457617,0.09594335964966394
2022-04-30,1.0012216168901436,1.0032689168029283,1.0001744767751473,1.0032689168029283,49895750381.21222,83228597603.65695,0.0020448019481877,0.0020427141862394,Saturday,0,0,0,0,0,1,1,-0.1851044791166985,-0.2046953691941988,0.001855208002190796,0.0017774870363841217,0.0007199189068438297,-7.236371981680908,0.07532311477670905
2022-05-01,1.0032689168029283,1.0032689168029283,1.000262470550155,1.0013790619870837,54631135437.24258,83259366170.78833,-0.0018836971665252,-0.0018854735551688,Sunday,0,0,0,0,0,0,1,0.0949055785282553,0.0906681298959123,0.0018023738975192643,0.0017692281753983366,0.0007921453041667583,-7.140765718120449,0.09560626356045887
2022-05-02,1.0013790619870837,1.0033724125821075,0.9999856635155824,1.0005221894277254,51503133976.1665,83223957034.77397,-0.0008556925063502,-0.0008560588201658,Monday,1,0,0,0,0,0,0,-0.0572567536083771,-0.0589613066013664,0.002030542677574745,0.002330824861907032,0.0007990487764522896,-7.1320885671873295,0.008677150933119826
2022-05-03,1.0005221894277254,1.0020164344394038,0.9999246669770452,1.001090151178248,48265333196.42583,83215122703.73117,0.000567665321693,0.0005675042606839,Tuesday,0,1,0,0,0,0,0,-0.0628660924059298,-0.0649290959683162,0.0012550167862398875,0.001434955157653807,0.0007828480823938751,-7.152571900728967,-0.02048333354163745
2022-05-04,1.001090151178248,1.0065323708491924,0.9995426863612062,0.999678874400406,48655759680.44479,83221952378.14027,-0.0014097399481763,-0.0014107345664157,Wednesday,0,0,1,0,0,0,0,0.0080891699727845,0.0080566280112084,0.004185038148377607,0.004848868092408274,0.0008239548119679817,-7.1013948694032445,0.05117703132572249
2022-05-05,0.999678874400406,1.0020388917573382,0.9983853531912724,1.000377785519084,60652267914.34861,83205159197.35791,0.000699135629026,0.0006988913475627,Thursday,0,0,0,1,0,0,0,0.2465588516692161,0.2203868364002177,0.0021937106258927194,0.002546109019724515,0.0008322276567285892,-7.091404528696089,0.009990340707155099
2022-05-06,1.000377785519084,1.0031770931867456,0.9994432339583196,1.0007634262592542,71174147261.60526,83306882694.54831,0.0003854951057014,0.0003854208215533,Friday,0,0,0,0,1,0,0,0.1734787454628299,0.1599726240552944,0.0022394795092288123,0.0026258816958384923,0.000810461238009174,-7.117907042720373,-0.026502514024283386
2022-05-07,1.0007634262592542,1.002042742530587,0.9975659657355754,1.001630847500449,50618129294.33183,83286799541.57486,0.0008667595342057,0.0008663841150771,Saturday,0,0,0,0,0,1,1,-0.2888129855875677,-0.3408198536493139,0.0026891090689267773,0.0031200577078655564,0.0008217310507951979,-7.10409740525966,0.013809637460712842
2022-05-08,1.001630847500449,1.00218722765825,1.0000148162844975,1.0017268923180958,57618245844.930405,83288897125.3866,9.588843822694316e-05,9.588384122451426e-05,Sunday,0,0,0,0,0,0,1,0.1382926759283147,0.1295294871091606,0.0013032316163875042,0.0015332802728848399,0.0008135912344918373,-7.114052487019724,-0.00995508176006421
2022-05-09,1.0017268923180958,1.0039912950103482,0.9966818102361928,1.0002380044477386,72141732830.24512,83257519997.38487,-0.0014863211537744,-0.0014874268247844,Monday,1,0,0,0,0,0,0,0.252064025420041,0.2247934098847873,0.0043883356056373625,0.0050834925403506785,0.0008567318608843732,-7.062385569439086,0.05166691758063813
2022-05-10,1.0002380044477386,1.0047741511040835,0.9944802081251932,1.001218158481605,125159320219.8492,83210369712.74481,0.0009799208083554,0.0009794409993843,Tuesday,0,1,0,0,0,0,0,0.7349087041526772,0.550954791929425,0.006184503134828419,0.007256205777849991,0.0008735457373845809,-7.042950068702477,0.019435500736609157
2022-05-11,1.001218158481605,1.0092551407049832,0.9946168190100908,0.9959687792379176,118051163011.23836,83164973655.2331,-0.0052429924479677,-0.0052567851640662,Wednesday,0,0,1,0,0,0,0,-0.056792871646514,-0.0584693721608531,0.008774377470286069,0.009800796376196831,0.0012977609009632847,-6.647114883397562,0.39583518530491446
2022-05-12,0.9959687792379176,1.003281397423194,0.990570641533775,0.9980525086279798,153737980944.3442,82091029419.14594,0.0020921633624464,0.0020899778364662,Thursday,0,0,0,1,0,0,0,0.3022995879312811,0.264131615575346,0.007657228449742154,0.008921629065724319,0.0013486853422620504,-6.608624981549715,0.038489901847847285
2022-05-13,0.9980525086279798,1.0045457698528235,0.9980525086279798,1.0006098105286818,97708352531.14984,79272574448.48372,0.0025622919421519,0.0025590148688389,Friday,0,0,0,0,1,0,0,-0.3644488373597027,-0.4532626838980024,0.003894554878511553,0.004300817251766051,0.001427292087106745,-6.551976275303321,0.05664870624639384
2022-05-14,1.0006098105286818,1.0031048134084175,0.9985263849916232,1.0031048134084175,60875671779.274765,76758749198.23354,0.0024934823279589,0.0024903787589581,Saturday,0,0,0,0,0,1,1,-0.376965528511318,-0.4731534302829045,0.002747390510046523,0.0028404527490198906,0.0014966758186462574,-6.504508751006368,0.047467524296953556
2022-05-15,1.0031048134084175,1.0033322077859668,0.9996491679455158,1.000853787522889,50013565593.29825,75870492498.69939,-0.0022440585026004,-0.0022465801751087,Sunday,0,0,0,0,0,0,1,-0.1784309867718706,-0.196539336234659,0.0022086010005831066,0.0021937538122472075,0.0015464439328390864,-6.471797220722612,0.03271153028375551
2022-05-16,1.000853787522889,1.004590910039544,0.999040034902802,1.0013712362217595,54661920053.23723,75857118221.47542,0.0005170072845017,0.0005168736822825,Monday,1,0,0,0,0,0,0,0.0929418729657989,0.0888730265961507,0.003327607606334482,0.0039047659838794967,0.0015472378033185505,-6.471284000188249,0.0005132205343629792
2022-05-17,1.0013712362217595,1.0064393520646668,0.9991130060658908,1.000585742630391,52495868606.42414,75820952484.9449,-0.0007844179690363,-0.0007847257857933,Tuesday,0,1,0,0,0,0,0,-0.0396263330066615,-0.040432833801717,0.004387757548112697,0.00514311561121559,0.0015538095522400965,-6.467045587802996,0.004238412385253021
2022-05-18,1.000585742630391,1.0024809954295326,0.998767251526642,1.0002281580012902,47943366657.75605,74273977478.20271,-0.0003573752991531,-0.0003574391729237,Wednesday,0,0,1,0,0,0,0,-0.086721147197305,-0.0907140202633031,0.0022289419363162267,0.0026149586751017914,0.001555047739420078,-6.466249033230503,0.0007965545724930578
2022-05-19,1.0002281580012902,1.002593212427327,0.9991427899436496,0.9997202500794234,50590461488.34047,74266348301.32977,-0.0005077920650441,-0.0005079210350966,Thursday,0,0,0,1,0,0,0,0.0552129525963565,0.0537425973611312,0.002070394829592309,0.002417176301920656,0.0015444540397393106,-6.473084803420161,-0.006835770189657531
2022-05-20,0.9997202500794234,1.002859305563266,0.9985114000384516,1.0012535537972191,49422533356.72916,74199019867.07782,0.0015337327794189,0.0015325578125363,Friday,0,0,0,0,1,0,0,-0.0230859355153437,-0.0233565893702116,0.002609399127494488,0.00292094601851592,0.0015684467564854232,-6.457669476408317,0.015415327011843338
2022-05-21,1.0012535537972191,1.0020078341520064,0.9997168869175383,1.0008286824717345,38342036963.95134,73342096629.2557,-0.0004243393932269,-0.0004244294506647,Saturday,0,0,0,0,0,1,1,-0.2241992799680946,-0.2538595958613293,0.0013746691706135817,0.001596907793040997,0.0015662547530699753,-6.459068017077052,-0.0013985406687346824
2022-05-22,1.0008286824717345,1.0021416106512044,0.9998786520690904,1.000241015724455,30443231329.0408,73341318890.32121,-0.000587180161372,-0.0005873526191554,Sunday,0,0,0,0,0,0,1,-0.2060090245684362,-0.2306831837548037,0.0013576742809992585,0.0015562978140914938,0.001567525594758151,-6.45825695719615,0.0008110598809016878
2022-05-23,1.000241015724455,1.0016093097900385,0.9989831371006213,1.0002489308363216,39983046105.37808,73310051496.04681,7.913204659759643e-06,7.91317335052082e-06,Monday,1,0,0,0,0,0,0,0.313364066817603,0.2725918354980851,0.001576711280371551,0.0018564291491801055,0.0015594113048556023,-6.463446897624477,-0.005189940428326878
2022-05-24,1.0002489308363216,1.0015474932755055,0.9960000899025078,1.000082786755364,47538259645.66624,73287555417.73328,-0.0001661027328653,-0.000166116529452,Tuesday,0,1,0,0,0,0,0,0.1889604288871804,0.1730793361516075,0.003335654022678041,0.003926075163733826,0.0015529346787221169,-6.4676087970510485,-0.004161899426571303
2022-05-25,1.000082786755364,1.0017604909930138,0.9990451176656456,1.0002520711114598,42687091007.87557,73289870799.89848,0.0001692703427531,0.0001692560181451,Wednesday,0,0,1,0,0,0,0,-0.1020476701071851,-0.1076382968408593,0.0016300922688256955,0.0019164018592039518,0.0015532080622572971,-6.467432769380279,0.0001760276707694075
2022-05-26,1.0002520711114598,1.0015653851585864,0.9989007510827792,1.000913417497381,47636081875.48428,73313256059.174,0.000661179721614,0.0006609612386009,Thursday,0,0,0,1,0,0,0,0.1159364751909575,0.1096939404671061,0.0015999039096628433,0.00183840337860636,0.0015566592719667319,-6.4652132463232945,0.0022195230569845847
2022-05-27,1.000913417497381,1.0035662428639962,0.9989923925372654,1.000572052530444,62235727004.93935,72944425781.69789,-0.0003410534427549,-0.0003411116147072,Friday,0,0,0,0,1,0,0,0.3064829128394102,0.2673387273162043,0.0027433721928626057,0.0032231086537863533,0.0015533520189587166,-6.46734009021248,-0.0021268438891857144
2022-05-28,1.000572052530444,1.0021594992318454,1.000034220828007,1.0014754081567552,45936244383.92184,72602911175.43712,0.0009028391548879,0.0009024318407591,Saturday,0,0,0,0,0,1,1,-0.2618991278068286,-0.3036747805333814,0.0012749617826319198,0.001392432412731542,0.0015616572141148911,-6.462007704839509,0.0053323853729709825
2022-05-29,1.0014754081567552,1.0022885356625664,0.99990565021468,1.000287053860536,28313953364.263847,72626812577.6579,-0.0011866035716308,-0.0011873081430687,Sunday,0,0,0,0,0,0,1,-0.3836249840621706,-0.4838997085804886,0.001429500934800618,0.0015127113362350697,0.0015504510517918148,-6.469209389227596,-0.007201684388086882
2022-05-30,1.000287053860536,1.0012868876362588,0.999412397362634,1.000411218451647,39863454437.98038,72565793866.14816,0.000124128959414,0.0001241212560522,Monday,1,0,0,0,0,0,0,0.4079084586009669,0.3421052404240941,0.0011253529945167142,0.0013227542237684536,0.0015050988755960033,-6.498896684868888,-0.02968729564129191
2022-05-31,1.000411218451647,1.002661832486159,0.9986720016463336,0.9992437672892835,56482027114.83716,72562687634.12222,-0.0011669712822396,-0.0011676527234262,Tuesday,0,1,0,0,0,0,0,0.4168874200983254,0.3484625080803724,0.002394543826745161,0.0027243552526711205,0.0014806314093981927,-6.515286654214199,-0.016389969345310895
2022-06-01,0.9992437672892835,1.0022472936617608,0.9992334905836024,0.9995691882631984,48881874021.9124,72567365443.10439,0.0003256672541451,0.0003256142360754,Wednesday,0,0,1,0,0,0,0,-0.1345587876559814,-0.1445158300187893,0.0018086354749400437,0.002119867238238979,0.001473558833143372,-6.520074829102525,-0.004788174888325614
2022-06-02,0.9995691882631984,1.0032324513503292,0.9995691882631984,1.0003054822238002,48848112305.54376,72591322404.97379,0.000736611301396,0.0007363401364452,Thursday,0,0,0,1,0,0,0,-0.0006906796648897,-0.0006909182939733,0.0021969386298525896,0.002545890160685019,0.0014760465750633957,-6.518387998380702,0.0016868307218222967
2022-06-03,1.0003054822238002,1.0016053670702068,0.999364017381802,1.000424635007025,34148086935.14687,72581331869.46873,0.0001191163952833,0.0001191093014888,Friday,0,0,0,0,1,0,0,-0.3009333355288857,-0.3580091700925599,0.0013454161185700426,0.0015823756790484384,0.0014535636640284281,-6.533737038423403,-0.015349040042700324
2022-06-04,1.000424635007025,1.001494943571038,0.9996643213788778,1.001021005076998,26374114667.54613,72596521509.77182,0.0005961169378529,0.0005959393307307,Saturday,0,0,0,0,0,1,1,-0.227654693581074,-0.2583235408534502,0.0010987640958288803,0.0012395398226134886,0.0014520343697921,-6.534789692203962,-0.0010526537805590763
2022-06-05,1.001021005076998,1.0012272338332997,0.999577869645896,1.0001014477721393,19318375518.245136,72604494401.72032,-0.0009186193897979,-0.0009190415791636,Sunday,0,0,0,0,0,0,1,-0.2675251563224308,-0.3113262817829471,0.000990145782339015,0.0010162817577565111,0.0014600023121702115,-6.529317259584919,0.005472432619042955
2022-06-06,1.0001014477721393,1.0012390035607963,0.9985041838025628,1.0003217943958225,31928211636.664444,72553363401.66606,0.0002203242722766,0.0002203000044486,Monday,1,0,0,0,0,0,0,0.6527379130046425,0.5024332539418481,0.0016426385969169643,0.0019292063425434245,0.0014519654863135584,-6.534837132618541,-0.0055198730336218915
2022-06-07,1.0003217943958225,1.013639147355163,0.9944868694393976,1.0014492509067734,42868257774.812126,72424074152.86687,0.0011270938184766,0.0011264591251,Tuesday,0,1,0,0,0,0,0,0.3426451272198656,0.29464164377045,0.011455918369416925,0.013470130570489588,0.0014663540915354897,-6.52497616884682,0.009860963771720854
2022-06-08,1.0014492509067734,1.0035535058782767,0.996282803633318,1.000681381029651,52424959062.3942,72450567369.95961,-0.0007667586514513,-0.0007670527612165,Wednesday,0,0,1,0,0,0,0,0.2229318797554973,0.2012511558532788,0.004366878344115114,0.005119456187694462,0.001447777158638808,-6.537725892829486,-0.012749723982666161
2022-06-09,1.0010982404211757,1.0016905407537855,0.998531970703479,0.9995666666666666,53218261935.98534,77682215959.53004,-0.0011139553349513,-0.0011145762443485,Thursday,0,0,0,1,0,0,0,0.0151321600966245,0.0150188110093043,0.0018967051909635937,0.0020203081572815872,0.0014510310881746455,-6.53548087996526,0.002245012864225515
2022-06-10,0.9995666666666666,0.9997333333333334,0.9993,0.9994,78693827612.44444,83113648968.28978,-0.0001667389201986,-0.0001667528226778,Friday,0,0,0,0,1,0,0,0.4786996934830925,0.3911631161091872,0.00026036903768162587,0.00028851034866591305,0.001088711054538093,-6.822760801240482,-0.2872799212752213
2022-06-11,0.9994,0.9995,0.9992666666666666,0.9994,83999128576.0,83104409759.72224,0.0,0.0,Saturday,0,0,0,0,0,1,1,0.0674169896739982,0.065241701667556,0.00014021741573476206,0.00016509339061732787,0.0010196526443072573,-6.888293254481311,-0.06553245324082901
2022-06-12,0.9994333333333332,0.9996,0.9993666666666666,0.9995333333333332,101682172245.33331,83109847418.93134,0.0001334133813619,0.0001334044825882,Sunday,0,0,0,0,0,0,1,0.2105146085335183,0.1910455655045013,0.00014020338674470921,0.00015291643303823687,0.0009066418827798825,-7.0057630228852,-0.11746976840388967
2022-06-13,0.9995666666666666,0.9999666666666668,0.9984333333333334,0.9991,159768068096.0,83096544425.77629,-0.0004335356499698,-0.00043362965372,Monday,1,0,0,0,0,0,0,0.5712495570071039,0.4518711989856719,0.0009215979724904888,0.001045562315092997,0.0007883745603420401,-7.145537250656796,-0.13977422777159543
2022-06-14,0.9991666666666666,0.9994,0.9989666666666668,0.9992666666666666,179794690076.74387,83084379560.77666,0.0001668168017883,0.0001668028894128,Tuesday,0,1,0,0,0,0,0,0.1253480887602049,0.118092400029584,0.00026045589829951153,0.00030028890933280855,0.0006739617729654053,-7.302337165328956,-0.1567999146721606
2022-06-15,0.9992666666666666,0.9995333333333332,0.9986733333333334,0.9994,136564651349.33331,83084404948.33868,0.0001334311828673,0.0001334222817188,Wednesday,0,0,1,0,0,0,0,-0.2404411315426399,-0.2750174504604031,0.0005169461960902908,0.0006029821658647285,0.0006677668566294415,-7.311571462370039,-0.009234297041082584
2022-06-16,0.9994,0.9994666666666668,0.9990366666666668,0.9991333333333332,145500127776.2238,83095414399.49754,-0.0002668267627243,-0.0002668623673186,Thursday,0,0,0,1,0,0,0,0.0654303755664666,0.0633788260446483,0.00025843471718750815,0.00025510462592543537,0.0006540335926282107,-7.332351842951265,-0.020780380581226332
2022-06-17,0.9991333333333332,0.9993,0.9985033333333332,0.9986033333333334,104092503694.22224,83067545317.53802,-0.0005304597317673,-0.0005306004753055,Friday,0,0,0,0,1,0,0,-0.2845882317415255,-0.3348970023924975,0.00047897319041483375,0.0004574724662068969,0.0006579405320300351,-7.326396007577241,0.005955835374024332
2022-06-18,0.9986066666666668,0.9989866666666668,0.99835,0.9989833333333332,92632735829.33331,83043132633.73349,0.0003805314756275,0.0003804590918878,Saturday,0,0,0,0,0,1,1,-0.1100921532116535,-0.1166373645513334,0.00038286716452122727,0.00038506387779878434,0.0006550658402874594,-7.3307748078579325,-0.004378800280691486
2022-06-19,0.9989533333333332,0.9992333333333332,0.99874,0.9988033333333334,125583906190.22224,83066836978.21458,-0.0001801831862391,-0.0001801994211796,Sunday,0,0,0,0,0,0,1,0.3557184192594529,0.3043315125414504,0.00029657739861904236,0.0003364888375755603,0.0005932137342749484,-7.429955795111224,-0.09918098725329116
2022-06-20,0.9988033333333334,0.9990266666666666,0.99865,0.99886,103135024412.44444,83056678660.87825,5.673455902233116e-05,5.673294967810743e-05,Monday,1,0,0,0,0,0,0,-0.1787560401551328,-0.1969350640415756,0.0002264744775202199,0.0002643116630230103,0.0005882220188829076,-7.438406098198024,-0.008450303086799948
2022-06-21,0.99886,0.99907,0.9986033333333334,0.9989366666666668,95125355233.28,83060494765.48987,7.675416641661492e-05,7.675122096629986e-05,Tuesday,0,1,0,0,0,0,0,-0.0776619700707413,-0.0808434957954123,0.000280588318225074,0.0003269053690445615,0.0005785344114124823,-7.455012529240549,-0.01660643104252557
2022-06-22,0.9989366666666668,0.9989733333333334,0.99862,0.9989,84430787498.66667,73352172466.94284,-3.670569705804816e-05,-3.67063707286315e-05,Wednesday,0,0,1,0,0,0,0,-0.1124260478017304,-0.1192634346834341,0.000212453947348582,0.0002491028862646273,0.0005785714215488357,-7.454948559056818,6.397018373149876e-05
2022-06-23,0.9988333333333334,0.9990933333333332,0.99875,0.9989566666666666,80760052266.66667,66905869821.15782,5.672906864218064e-05,5.6727459609418464e-05,Thursday,0,0,0,1,0,0,0,-0.0434762642958644,-0.0444496752459615,0.0002064152666672306,0.00023060189414321513,0.0005778687855187593,-7.456163729737055,-0.001215170680237243
2022-06-24,0.99899,0.9994266666666666,0.99886,0.9993,83175415352.88889,66916823234.37999,0.0003436919185684,0.0003436328700302,Friday,0,0,0,0,1,0,0,0.0299078940445305,0.0294693749853091,0.00034060981401901893,0.00035163127407329296,0.0005804425308330026,-7.451719761153447,0.004443968583608182
2022-06-25,0.9993633333333332,0.9995133333333333,0.9991666666666666,0.9994633333333331,77842658844.44444,66937081118.22949,0.0001634477467558,0.0001634343906281,Saturday,0,0,0,0,0,1,1,-0.0641145762340845,-0.0662622205038231,0.00020833205209844953,0.0002372779085637178,0.0005685433724030144,-7.472432954978434,-0.02071319382498693
2022-06-26,0.9994633333333331,0.9998333333333336,0.99925,0.9997666666666666,67587380167.11112,66946827477.56351,0.0003034962096326,0.0003034501639742,Sunday,0,0,0,0,0,0,1,-0.1317436843701187,-0.1412683134081563,0.0003504880195150191,0.0003670479646491949,0.0005678313087948331,-7.473686174912242,-0.001253219933808225
2022-06-27,0.9997,0.9997666666666666,0.9991566666666666,0.9991866666666668,70832965760.0,66884317391.06217,-0.0005801353649182,-0.0005803037085503,Monday,1,0,0,0,0,0,0,0.0480205858677182,0.0469032287094771,0.0003665396665723324,0.0002904207334033196,0.0005536346877490898,-7.499005497117473,-0.025319322205231032
2022-06-28,0.9992533333333332,0.9993166666666666,0.99904,0.9990733333333334,76253612430.22223,66812604771.943306,-0.0001134255861434,-0.0001134320193117,Tuesday,0,1,0,0,0,0,0,0.0765271736409958,0.0737402800870601,0.000166291904124931,0.0001606184526014509,0.0005098531560092851,-7.581387803099087,-0.08238230598161422
2022-06-29,0.99904,0.99924,0.9988666666666668,0.9991166666666668,81218685534.55052,66801374635.52078,4.337352613426049e-05,4.337258553007394e-05,Wednesday,0,0,1,0,0,0,0,0.0651126280590537,0.0630805476158833,0.00022442197171572875,0.00025989666949721366,0.0005094108464932943,-7.5822557029614766,-0.0008678998623894429
2022-06-30,0.9989833333333332,0.9992433333333332,0.99888,0.9990933333333332,81537443441.77777,66803227876.97677,-2.335396266728296e-05,-2.3354235375314973e-05,Thursday,0,0,0,1,0,0,0,0.0039246868516684,0.0039170053599667,0.0002184088469691404,0.0002478839189425358,0.00046267752821793656,-7.678480229865823,-0.09622452690434624
2022-07-01,0.9990933333333332,0.9992666666666666,0.99872,0.9991333333333332,97135524664.88889,66802211711.32061,4.003629957827215e-05,4.003549814702101e-05,Friday,0,0,0,0,1,0,0,0.1912996111320193,0.1750448213999062,0.00032863762847351363,0.00038614032789392836,0.00045890060884366883,-7.68667690981852,-0.008196679952697572
2022-07-02,0.9991333333333332,0.9992666666666666,0.9989033333333334,0.9989033333333334,64386637994.66666,66806445863.87606,-0.0002301995062385,-0.0002302260062118,Saturday,0,0,0,0,0,1,1,-0.3371463404681625,-0.4112010378475815,0.00021840374609533074,0.00021366179224758473,0.00044077584179522957,-7.726974106992162,-0.04029719717364166
2022-07-03,0.9989033333333334,0.9993,0.9988333333333334,0.9990733333333334,49475654442.66666,66801043856.0462,0.000170186638013,0.00017017215791,Sunday,0,0,0,0,0,0,1,-0.2315850620005213,-0.2634254078817487,0.00028052372262030525,0.0003128991967279776,0.00044133403142953577,-7.725708528347703,0.0012655786444586425
2022-07-04,0.9990666666666668,0.99923,0.9989533333333332,0.9990833333333334,56361908195.55556,66805904115.23978,1.000927526173534e-05,1.0009225169273969e-05,Monday,1,0,0,0,0,0,0,0.1391846925616482,0.1303128245783167,0.00016630632919299493,0.00019553603926611947,0.00042771596173208715,-7.757051223502398,-0.03134269515469423
2022-07-05,0.99905,0.9991466666666668,0.9986366666666668,0.9990566666666668,78926053819.97203,66798597387.39702,-2.6691133539036294e-05,-2.6691489753679623e-05,Tuesday,0,1,0,0,0,0,0,0.4003438908797587,0.3367178428002307,0.000306626064782551,0.00036100077831341523,0.0003934591604815709,-7.840533280800201,-0.083482057297803
2022-07-06,0.9989866666666668,0.9992966666666666,0.99894,0.9991333333333332,85160041676.8,66807551427.90722,7.673905717697771e-05,7.67361128861566e-05,Wednesday,0,0,1,0,0,0,0,0.0789851709936937,0.0760209428948976,0.00021438918497302542,0.00023535632159078966,0.00039164863794251004,-7.845145451898654,-0.004612171098453466
2022-07-07,0.9990666666666668,0.9994533333333332,0.9989833333333332,0.9993733333333332,72152889272.88889,66812394263.90187,0.0002402081804231,0.0002401793350573,Thursday,0,0,0,1,0,0,0,-0.1527377411729782,-0.1657449996388696,0.00028248458004904813,0.0002724652241911081,0.0003361763238011768,-7.9978747624285935,-0.15272931052993943
2022-07-08,0.9993733333333332,0.9995066666666668,0.99908,0.9994633333333331,94548398037.18466,66824391418.23681,9.005643536608154e-05,9.005238052874709e-05,Friday,0,0,0,0,1,0,0,0.31038963220993,0.2703245221576593,0.00025642065503011336,0.0002966789151002128,0.00030605964088083914,-8.09173057016403,-0.09385580773543634
2022-07-09,0.99943,0.9996866666666668,0.9993766666666666,0.9995666666666666,88072012999.11111,66833926450.412285,0.0001033888186661,0.0001033834744105,Saturday,0,0,0,0,0,1,1,-0.068498093807221,-0.0709570425735281,0.00018626120718637137,0.00020216991458528973,0.0002293892653401219,-8.38009014887078,-0.2883595787067499
2022-07-10,0.9995966666666668,0.9996266666666666,0.9993133333333332,0.9995533333333334,59911934577.77778,66832829796.387344,-1.3339113615784548e-05,-1.3339202582551736e-05,Sunday,0,0,0,0,0,0,1,-0.3197392390885575,-0.3852790823899615,0.00018827563166915165,0.000220034027784948,0.00022737300353185805,-8.388918701673132,-0.008828552802352618
2022-07-11,0.99959,0.99963,0.9990966666666666,0.99924,62859356288.0,66824534850.83995,-0.0003134733514303,-0.0003135224944717,Monday,1,0,0,0,0,0,0,0.0491959028029027,0.0480240639351934,0.0003205033704241651,0.00030826453559536357,0.00023446754122143125,-8.35819339662463,0.03072530504850235
2022-07-12,0.99924,0.99924,0.99887,0.99901,67635237731.55556,66803697650.43712,-0.000230174932949,-0.0002302014272645,Tuesday,0,1,0,0,0,0,0,0.0759772566183163,0.0732293245443787,0.0002224178330174441,0.00021933712774122662,0.00023695616878322278,-8.347635375775937,0.010558020848693062
2022-07-13,0.99898,0.9994,0.9987866666666668,0.99935,77547356458.66667,66808579579.576256,0.0003403369335641,0.0003402790320869,Wednesday,0,0,1,0,0,0,0,0.1465525820497939,0.1367596853690648,0.00036867848542244177,0.0003680466101286664,0.0002318190329276528,-8.369553521164292,-0.021918145388355015
2022-07-14,0.9993166666666666,0.99947,0.9992333333333332,0.9994666666666668,93767457223.11111,66825427962.16312,0.000116742549324,0.0001167357354429,Thursday,0,0,0,1,0,0,0,0.2091638129932884,0.1899290570721935,0.00014222502826411395,0.00013906724060861286,0.00023079615456345174,-8.373975684805995,-0.004422163641702781
2022-07-15,0.9994333333333332,0.9997833333333334,0.9994,0.9997166666666668,87646687917.0453,66838667306.48082,0.0002501334044824,0.0002501021263381,Friday,0,0,0,0,1,0,0,-0.065276050853144,-0.0675040348399828,0.00023030917408487997,0.00020614323607104774,0.00023400537865457202,-8.360166457167441,0.013809227638553523
2022-07-16,0.99975,1.0000666666666669,0.9996833333333334,0.9998666666666668,73274656341.33333,66856710850.19943,0.000150042512045,0.0001500312567932,Saturday,0,0,0,0,0,1,1,-0.1639768931064985,-0.1790990264546458,0.00023024391165962397,0.0002612100379652349,0.00023051025805822964,-8.375215193011403,-0.015048735843961936
2022-07-17,0.9998666666666668,0.9999666666666668,0.9997333333333334,0.9998,80443737315.55556,66857160501.56752,-6.667555674100267e-05,-6.667777965474593e-05,Sunday,0,0,0,0,0,0,1,0.0978384796624183,0.0933432281338767,0.00014015197112349025,0.0001597277518605833,0.00020951996197716765,-8.470691539240743,-0.09547634622933998
2022-07-18,0.9997666666666666,1.000033333333333,0.9997333333333334,0.99987,100295926742.11111,66858309782.602974,7.00140028004892e-05,7.001155193459108e-05,Monday,1,0,0,0,0,0,0,0.2467835295702589,0.2205670586619829,0.0001801893847643337,0.00020219851158608256,0.00019808339412240945,-8.526822433505753,-0.056130894265010056
2022-07-19,0.9999366666666668,1.0002666666666666,0.9998,0.9999366666666668,138519946268.44446,66868647894.43527,6.667533446025331e-05,6.667311175893963e-05,Tuesday,0,1,0,0,0,0,0,0.3811123818080668,0.3228892482400882,0.00028025255871738154,0.0003299721714694516,0.0001957110457834688,-8.538871242725477,-0.012048809219724177
2022-07-20,0.9999366666666668,1.0003,0.9999333333333332,1.0000766666666667,123604202000.05576,66872180152.17226,0.000140008867228,0.0001399990669013,Wednesday,0,0,1,0,0,0,0,-0.1076793968681071,-0.1139297904267718,0.00022018008973362336,0.0002442033430054328,0.00019710111739949007,-8.531793674620806,0.007077568104671528
2022-07-21,1.0000733333333334,1.0002666666666666,0.9998433333333332,1.000133333333333,112091882353.77776,66870427925.66861,5.666232255507886e-05,5.6660717306317984e-05,Thursday,0,0,0,1,0,0,0,-0.0931385783007021,-0.0977656280823252,0.0002542235980250465,0.00029699382163773615,0.0001968743424428956,-8.532944888362548,-0.0011512137417426516
2022-07-22,1.0001,1.0002,0.99998,1.0000833333333334,96034612027.76306,66873661949.29826,-4.99933342217318e-05,-4.999458393011667e-05,Friday,0,0,0,0,1,0,0,-0.1432509650907252,-0.1546102446835248,0.00013211157545749448,0.00015520425401261835,0.00019697185096183615,-8.53244972795442,0.00049516040812847
2022-07-23,1.0000466666666668,1.0001866666666668,0.9999166666666668,1.00004,83579490389.93007,66871325274.64605,-4.332972252318879e-05,-4.333066128273331e-05,Saturday,0,0,0,0,0,1,1,-0.1296940902331368,-0.138910508715799,0.00016214314877517237,0.00019086400154105286,0.00019685839611875117,-8.533025889115553,-0.0005761611611330153
2022-07-24,1.0000733333333334,1.0002333333333333,0.99987,1.0001,76005026298.64809,66869374989.05967,5.999760009589572e-05,5.9995800311875206e-05,Sunday,0,0,0,0,0,0,1,-0.0906258707243156,-0.0949986861202673,0.00021819263337702718,0.00025636709296978,0.00018691466772864423,-8.584858367563111,-0.05183247844755812
2022-07-25,1.0001,1.000133333333333,0.9998633333333332,1.00003,84152229930.66667,66500979275.64019,-6.999300069998604e-05,-6.999545032436457e-05,Monday,1,0,0,0,0,0,0,0.1071929585288953,0.101827946150871,0.00016215179642423307,0.0001858965454699311,0.00018495957697016002,-8.595373259625179,-0.01051489206206746
2022-07-26,1.00003,1.000133333333333,0.9999333333333332,1.000133333333333,93168112800.5575,65848278334.58063,0.0001033302334261,0.0001033248952252,Tuesday,0,1,0,0,0,0,0,0.1071377773033352,0.1017781060572675,0.00012010823767099043,0.00012599434568107877,0.00017747256927449814,-8.636694500289833,-0.04132124066465437
2022-07-27,1.0001,1.0003666666666666,0.9999666666666668,1.0002666666666666,85284936971.59583,65855256051.628265,0.0001333155579257,0.0001333066721964,Wednesday,0,0,1,0,0,0,0,-0.0846123806954958,-0.0884076757562816,0.00024018445421672673,0.00026314801264424307,0.00014444302914316462,-8.842625390138497,-0.20593088984866448
2022-07-28,1.0002666666666666,1.0003333333333333,1.0000966666666666,1.0001666666666666,126688833450.66669,65857696398.57075,-9.997334044253849e-05,-9.997833811002988e-05,Thursday,0,0,0,1,0,0,0,0.4854772477918396,0.3957360996079027,0.00014210226704873083,0.00015534557313017777,0.0001441113579987951,-8.844924237809607,-0.0022988476711098826
2022-07-29,1.0001999999999998,1.0004666666666666,1.000133333333333,1.0003666666666666,133321844764.44444,65864934154.35097,0.0001999666722212,0.0001999466815511,Friday,0,0,0,0,1,0,0,0.0523567163191276,0.0510321407930901,0.00020012703187409622,0.00021165518479440194,0.00014845201238283928,-8.815248800882499,0.029675436927108834
2022-07-30,1.0003666666666666,1.0005333333333333,1.0001666666666666,1.0002666666666666,109143721358.22224,65866877534.07488,-9.996334677286887e-05,-9.99683434412098e-05,Saturday,0,0,0,0,0,1,1,-0.1813515515701164,-0.2001005321773866,0.00022012873235321224,0.0002516241137394531,0.00014950900182440007,-8.808153954074013,0.007094846808485045
2022-07-31,1.0003,1.0003666666666666,1.00016,1.0002333333333333,87259661297.77777,65863467855.29617,-3.332444681414248e-05,-3.332500208585633e-05,Sunday,0,0,0,0,0,0,1,-0.2005068160413778,-0.2237772721245542,0.00012408330741191551,0.0001401012646459437,0.00014945411374376154,-8.808521143726496,-0.0003671896524828355
2022-08-01,1.0002333333333333,1.0003333333333335,1.0001266666666666,1.0001633333333333,87641433884.44444,65861002430.43051,-6.998367047694742e-05,-6.998611944827347e-05,Monday,1,0,0,0,0,0,0,0.0043751325754504,0.0043655895075906,0.00012408744257116162,0.00013947631975764888,0.00014398958370048724,-8.845769596417888,-0.037248452691391876
2022-08-02,1.0002266666666666,1.0003333333333335,1.0000966666666666,1.0000966666666666,96868158122.66669,65861072544.52255,-6.665577955600188e-05,-6.665800115119798e-05,Tuesday,0,1,0,0,0,0,0,0.1052781068186048,0.1000969836823505,0.00014210226704886419,0.00014651707381244114,0.00014112343677515272,-8.865875612436911,-0.020106016019022732
2022-08-03,1.00016,1.0002266666666666,1.0,1.0001433333333332,92264347783.58188,65854583058.313805,4.666215599136159e-05,4.666106734682624e-05,Wednesday,0,0,1,0,0,0,0,-0.0475265601030101,-0.0486930569926471,0.0001361117809099469,0.0001599243441003535,0.00014136852582692885,-8.86414041890423,0.0017351935326814782
2022-08-04,1.0001066666666667,1.0001466666666663,0.9998466666666668,1.0001033333333331,82856017038.22223,65848941282.38651,-3.999426748835244e-05,-3.999506728039321e-05,Thursday,0,0,0,1,0,0,0,-0.101971465374991,-0.1075534354330955,0.00018016896323214755,0.00021212262825545235,0.0001414730801973605,-8.863401104935088,0.0007393139691416195
2022-08-05,1.00007,1.0002333333333333,0.99984,1.0000099999999998,87899574471.11111,65846769269.75375,-9.332368988534956e-05,-9.332804481184378e-05,Friday,0,0,0,0,1,0,0,0.0608713478293585,0.0590905966995474,0.0002362120823303312,0.00027560721446727617,0.0001418051086930449,-8.861056917060743,0.0023441878743444278
2022-08-06,1.0000099999999998,1.00009,0.9995333333333332,1.0,75128042524.44444,65839920189.918335,-9.999900000834394e-06,-9.999950000167734e-06,Saturday,0,0,0,0,0,1,1,-0.1452968575048578,-0.1570010720939308,0.0003343753864463417,0.00039364786885354755,0.0001348671632329169,-8.911220240000548,-0.05016332293980419
2022-08-07,1.0000033333333334,1.0001666666666666,0.99997,1.000133333333333,53299627249.77778,65849473234.9541,0.000133333333333,0.0001333244452342,Sunday,0,0,0,0,0,0,1,-0.2905495011075837,-0.3432645538189466,0.00011810230025409738,0.00011317580881702022,0.0001360564255511833,-8.902440864514139,0.008779375486408725
2022-08-08,1.0001666666666666,1.0001999999999998,1.0000033333333334,1.0001666666666666,71165259335.11111,65851781665.22236,3.332888948159862e-05,3.332833408650202e-05,Monday,1,0,0,0,0,0,0,0.3351924395570294,0.2890754309445956,0.0001180983639107754,0.00013905019731122678,0.00013487811325844473,-8.91113905210598,-0.008698187591841489
2022-08-09,1.0001999999999998,1.0002333333333333,1.0000166666666666,1.00015,85837311957.11111,65854023029.83752,-1.666388935162022e-05,-1.666402819576684e-05,Tuesday,0,1,0,0,0,0,0,0.2061687508635437,0.1874490146054254,0.00013010533162765873,0.00015000319151928874,0.0001348904393195834,-8.911047669615105,9.138249087570216e-05
2022-08-10,1.0001166666666668,1.0005666666666666,1.0000533333333337,1.0001833333333334,81323918535.11111,65859489642.68472,3.332833408320468e-05,3.332777870661812e-05,Wednesday,0,0,1,0,0,0,0,-0.052580787062101,-0.0540136090507653,0.0003081925519961025,0.00036049627179002893,0.0001222943586718355,-9.009079643302849,-0.09803197368774441
2022-08-11,1.0001833333333334,1.0004666666666668,1.0001833333333334,1.0003,73302974478.22223,65865932518.05216,0.0001166452816983,0.0001166384791664,Thursday,0,0,0,1,0,0,0,-0.0986295815716982,-0.1038389866278561,0.00017010372533832728,0.00018670151786605386,0.00011680313103627322,-9.055020681112037,-0.04594103780918779
2022-08-12,1.000333333333333,1.0004,1.0002666666666666,1.0003333333333333,58274392647.11112,65868012315.41178,3.332333633232487e-05,3.332278112228698e-05,Friday,0,0,0,0,1,0,0,-0.2050200819009873,-0.2294384248996649,8.004814465613125e-05,9.424948780189747e-05,9.909754969389685e-05,-9.219405842525369,-0.16438516141333182
2022-08-13,1.000333333333333,1.0004,1.0002333333333333,1.0003,53345445603.55556,65866656522.26308,-3.332222592467016e-05,-3.3322781122374096e-05,Saturday,0,0,0,0,0,1,1,-0.0845816973744111,-0.088374156833582,0.00010006184804520286,0.00011597910408396513,9.696956678469894e-05,-9.24111337317663,-0.021707530651260853
2022-08-14,1.0003,1.000333333333333,1.0002,1.0003,46515655936.0,65863897685.16452,0.0,0.0,Sunday,0,0,0,0,0,0,1,-0.128029480123048,-0.1369996631252028,8.005347977620265e-05,9.425576942574088e-05,8.554566672710093e-05,-9.366460210842286,-0.12534683766565635
2022-08-15,1.0002666666666666,1.0003333333333333,1.000133333333333,1.0002333333333333,62183757724.44444,65861367480.97477,-6.664667266487179e-05,-6.664889365304196e-05,Monday,1,0,0,0,0,0,0,0.3368350176551715,0.2903048930899906,0.00012008422162729269,0.00013986303527463212,8.19500925124054e-05,-9.40940012388666,-0.04293991304437483
2022-08-16,1.0002333333333333,1.0002666666666666,1.0000633333333333,1.0001,56470069418.66666,65856919808.790825,-0.0001333022294798,-0.0001333111150116,Tuesday,0,1,0,0,0,0,0,-0.0918839342436801,-0.0963830828270361,0.0001220939664761208,0.00011747440346629363,8.46168732128731e-05,-9.377376864278322,0.03202325960833896
2022-08-17,1.00013,1.0001999999999998,1.00005,1.0000833333333334,55587371643.09408,65853296723.36486,-1.666500016650474e-05,-1.666513902916278e-05,Wednesday,0,0,1,0,0,0,0,-0.0156312500526304,-0.0157547062481108,9.007292171248401e-05,0.00010201031435372269,8.370116813686545e-05,-9.38825762433128,-0.010880760052957683
2022-08-18,1.0000833333333334,1.0001999999999998,0.9999666666666668,1.00003,51232528924.44444,65852592549.93872,-5.3328889259351975e-05,-5.333031129512408e-05,Thursday,0,0,0,1,0,0,0,-0.0783423031153635,-0.0815813858735707,0.00014011927172120155,0.0001616137917024047,8.33817295526003e-05,-9.392081342711641,-0.0038237183803619956
2022-08-19,1.0000266666666666,1.0001,0.99995,0.9999966666666666,62142063815.11112,65847469648.56412,-3.3332333363333966e-05,-3.333288889790256e-05,Friday,0,0,0,0,1,0,0,0.2129415650505091,0.1930484548942659,9.008192877970178e-05,0.00010441159298787354,7.960040356776563e-05,-9.438491395179984,-0.0464100524683424
2022-08-20,1.0000666666666664,1.000133333333333,0.9999366666666668,1.0000233333333333,61074244497.39373,65849728329.26755,2.666675555573761e-05,2.66664000041326e-05,Saturday,0,0,0,0,0,1,1,-0.0171835187336943,-0.0173328687704872,0.00011810623685951083,0.00013642663110420694,7.907536224978645e-05,-9.445109207691857,-0.006617812511873211
2022-08-21,0.9999566666666668,1.0001,0.9999333333333332,1.0,46809249877.333336,65847941394.46585,-2.3332788901542223e-05,-2.333306111529553e-05,Sunday,0,0,0,0,0,0,1,-0.2335680897480301,-0.2660094166421983,0.00010009186609957083,0.00011473020352407127,7.866222320078705e-05,-9.450347527937854,-0.00523832024599713
2022-08-22,1.0,1.0000666666666669,0.9998433333333332,0.9999033333333333,49574547655.11112,65842811634.10387,-9.666666666674484e-05,-9.667133919008766e-05,Monday,1,0,0,0,0,0,0,0.0590758831860034,0.0573967195629984,0.00013413137211735321,0.0001460516298504277,8.022887310279245e-05,-9.430627094130676,0.01972043380717814
2022-08-23,0.9999333333333332,1.000133333333333,0.9998633333333332,1.0,57571908977.77778,65845501881.32982,9.667601201446274e-05,9.66713391899775e-05,Tuesday,0,1,0,0,0,0,0,0.1613199050913001,0.1495572074751308,0.00016215179642423307,0.00018636830109057482,8.141376094699644e-05,-9.41596624584079,0.014660848289885564
2022-08-24,1.000033333333333,1.000133333333333,0.9999333333333332,1.000033333333333,51988549831.11112,65849135620.35904,3.333333333310762e-05,3.333277778989744e-05,Wednesday,0,0,1,0,0,0,0,-0.0969806151264114,-0.1020112586044404,0.00012010823767099043,0.0001414166428204948,8.063450980713749e-05,-9.425583838707743,-0.009617592866952407
2022-08-25,1.0000666666666669,1.000133333333333,0.9999666666666668,1.0,48931225315.55556,65848472584.923706,-3.333222225898602e-05,-3.333277778985113e-05,Thursday,0,0,0,1,0,0,0,-0.0588076514056945,-0.0606077515772885,0.00010008852987044676,0.00011032112577269647,7.86326406477212e-05,-9.450723669315785,-0.025139830608042146
2022-08-26,1.0,1.0002666666666666,0.9999333333333332,1.0001666666666666,54075481628.44444,65847588537.67665,0.0001666666666666,0.0001666527793207,Friday,0,0,0,0,1,0,0,0.1051323828437522,0.0999651312723613,0.00020016705327904986,0.00021169751143075062,8.072489191904504e-05,-9.424463580199184,0.026260089116600938
2022-08-27,1.0002,1.0003,1.0001,1.0001,60811680398.22222,65858631507.1674,-6.665555740703599e-05,-6.665777898742362e-05,Saturday,0,0,0,0,0,1,1,0.1245702963140036,0.1174010038595317,0.00012008822363415212,0.00012700479336368435,7.957027013245125e-05,-9.438870025677348,-0.014406445478163832
2022-08-28,1.0001666666666666,1.0002,1.000033333333333,1.0001,39393266631.11112,65854051227.89635,0.0,0.0,Sunday,0,0,0,0,0,0,1,-0.3522088787360207,-0.4341869783221961,0.00010008185808052203,0.00011031429050594093,7.070223032909238e-05,-9.55703343917895,-0.11816341350160187
2022-08-29,1.0001,1.0001666666666666,1.0,1.0001,44891630431.44251,65852640554.88337,0.0,0.0,Monday,1,0,0,0,0,0,0,0.139576233974692,0.1306564687160912,0.00010008519386436383,0.00011784131036130626,6.830580539379779e-05,-9.59151579655463,-0.03448235737567984
2022-08-30,1.000133333333333,1.0002333333333333,1.000033333333333,1.0001666666666666,54666755510.85714,65855447242.91084,6.666000066668509e-05,6.665777898757152e-05,Tuesday,0,1,0,0,0,0,0,0.2177493885935593,0.1970043916256037,0.00012009622844853924,0.00013987701971864867,6.911420385863648e-05,-9.57975029319646,0.011765503358169838
2022-08-31,1.0001666666666666,1.0002333333333333,1.000033333333333,1.0001,63948988302.22222,65855674521.54815,-6.665555740703599e-05,-6.665777898742362e-05,Wednesday,0,0,1,0,0,0,0,0.1697966653521549,0.1568299434090777,0.00012009622844853924,0.00013519712192488275,6.900444377828215e-05,-9.581339652856974,-0.0015893596605138782
2022-09-01,1.0001,1.0003,1.000033333333333,1.0001999999999998,54708918627.55556,65856779580.60673,9.999000099969456e-05,9.998500233275298e-05,Thursday,0,0,0,1,0,0,0,-0.1444912565465179,-0.1560589654175077,0.00016012296829235665,0.00017799416308398192,7.033304330315648e-05,-9.562268836816623,0.01907081604035099
2022-09-02,1.0001666666666666,1.0002666666666666,1.0000666666666669,1.0002333333333333,49895230517.519165,65857015011.42767,3.3326667999933335e-05,3.332611267887131e-05,Friday,0,0,0,0,1,0,0,-0.0879872647969293,-0.0921013249668472,0.00012009222590776766,0.00013519303918441657,7.007983161815062e-05,-9.565875514048063,-0.0036066772314402584
2022-09-03,1.0002,1.0002666666666666,1.0,1.000033333333333,43628591111.11112,65854470388.22897,-0.0001999533442198,-0.0001999733375549,Saturday,0,0,0,0,0,1,1,-0.1255959606040442,-0.1342127225102181,0.00016012830501295591,0.00015753787082215488,7.868189421438986e-05,-9.450097489817225,0.11577802423083838
2022-09-04,1.0,1.0001,0.9999066666666666,1.000033333333333,33268990876.444443,65848413140.36743,0.0,0.0,Sunday,0,0,0,0,0,0,1,-0.2374498000241026,-0.2710869366337032,0.00011610811285063352,0.00013512794960077475,7.681473173954148e-05,-9.474114116680381,-0.02401662686315653
2022-09-05,1.0000666666666669,1.0001,0.99993,0.99995,39887824000.0,65845900464.70065,-8.333055564790914e-05,-8.333402783155545e-05,Monday,1,0,0,0,0,0,0,0.1989490197684928,0.1814453561826991,0.00010209387358457536,9.587366023621143e-05,7.82857270007665e-05,-9.455145257653035,0.01896885902734624
2022-09-06,0.9999866666666666,1.0001,0.9998433333333332,1.0000233333333333,59429163918.22222,66671929598.61374,7.333700018330447e-05,7.333431115697581e-05,Tuesday,0,1,0,0,0,0,0,0.4899073942519958,0.398713966517155,0.0001541484108455853,0.00018005946171367743,7.560030093789687e-05,-9.490050294126698,-0.03490503647366339
2022-09-07,0.99999,1.0000666666666669,0.9999333333333332,0.9999633333333332,66097153720.888885,67545626706.88075,-5.999860003269575e-05,-6.0000400020696887e-05,Wednesday,0,0,1,0,0,0,0,0.1122006328718032,0.1063406047981411,8.007482737122849e-05,9.281259549854641e-05,7.61471022006483e-05,-9.482843533179759,0.0072067609469392835
2022-09-08,1.0,1.0000533333333337,0.9998433333333332,0.9999833333333332,59146956771.55556,67544782385.57938,2.0000733360170383e-05,2.000053334816984e-05,Thursday,0,0,0,1,0,0,0,-0.1051512290329808,-0.1111005459710578,0.0001261243698121171,0.00014813835783196282,7.617387275288494e-05,-9.482492031326249,0.00035150185351007224
2022-09-09,1.00002,1.0003666666666666,0.9999833333333332,1.0002666666666666,77206014136.88889,67559253896.3278,0.0002833380556344,0.000283297922988,Friday,0,0,0,0,1,0,0,0.3053252162251252,0.2664522175628871,0.0002301748505699873,0.00022349359226879988,9.187323495646575e-05,-9.29510081197401,0.18739121935223935
2022-09-10,1.0002666666666666,1.0004333333333333,1.000133333333333,1.0002000000000002,75944111089.77777,67564294807.20806,-6.664889362817394e-05,-6.665111476437628e-05,Saturday,0,0,0,0,0,1,1,-0.0163446210922599,-0.0164796679601284,0.00018011732942525434,0.0002079866548652374,9.019581943713024e-05,-9.31352747967344,-0.0184266676994298
2022-09-11,1.0002000000000002,1.0002666666666666,1.000133333333333,1.0002333333333333,60742597304.888885,67559572862.1525,3.3326667999489246e-05,3.332611267842724e-05,Sunday,0,0,0,0,0,0,1,-0.2001671171964647,-0.2233524696317027,8.005881560796147e-05,9.19581665885397e-05,9.019586046720648e-05,-9.313527024773565,4.5489987421376554e-07
2022-09-12,1.0002333333333333,1.0002666666666666,1.0001,1.0001666666666666,72644935111.11111,67630420557.44199,-6.665111473991292e-05,-6.665333602416222e-05,Monday,1,0,0,0,0,0,0,0.1959471332198741,0.1789384515580426,0.0001000751871794287,0.00011030693755036967,9.080951800775322e-05,-9.30674645397673,0.006780570796834695
2022-09-13,1.0002333333333333,1.0003666666666666,1.0000666666666664,1.0001,98082786503.11111,67737599513.18019,-6.665555740703599e-05,-6.665777898742362e-05,Tuesday,0,1,0,0,0,0,0,0.3501668953670696,0.3002282110070787,0.00018012933464627137,0.00019523150427280922,9.162137965990796e-05,-9.29784591111755,0.008900542859180405
2022-09-14,1.000133333333333,1.0002666666666666,1.0,1.0001666666666666,117499535075.55556,67732261529.07701,6.666000066668509e-05,6.665777898757152e-05,Wednesday,0,0,1,0,0,0,0,0.1979628563247288,0.1806224944753127,0.00016012830501295591,0.0001873952752076113,9.162159512508159e-05,-9.29784355942932,2.351688230817217e-06
2022-09-15,1.0002,1.0003333333333333,1.0001,1.0002666666666666,121402421987.55556,67737748443.72077,9.99833361106095e-05,9.997833811000134e-05,Thursday,0,0,0,1,0,0,0,0.033216190255479,0.0326764521278852,0.0001401005931987088,0.00015966955595769325,9.019595621082151e-05,-9.313525963266267,-0.015682403836947856
2022-09-16,1.0002666666666666,1.0003,0.9999333333333332,1.000133333333333,102536784924.44444,67733648934.63654,-0.0001332977872569,-0.0001333066721965,Friday,0,0,0,0,1,0,0,-0.1553975345322595,-0.1688892173914319,0.00022018008973362336,0.00024564574516203425,9.33724187500029e-05,-9.278914558802331,0.03461140446393607
2022-09-17,1.0001,1.0002333333333333,1.000033333333333,1.0001666666666666,81814392405.33333,67734362233.54044,3.332888948159862e-05,3.332833408650202e-05,Saturday,0,0,0,0,0,1,1,-0.2020971550295893,-0.2257684371016169,0.00012009622844853924,0.00013519712192485458,9.306250824883303e-05,-9.28223915888249,-0.0033246000801590014
2022-09-18,1.0001666666666666,1.0002333333333333,0.9999666666666668,1.0001,68655535616.0,67730834931.26918,-6.665555740703599e-05,-6.665777898742362e-05,Sunday,0,0,0,0,0,0,1,-0.1608379210853312,-0.1753514101056389,0.00016013364208946097,0.00018393487935277716,9.365737046351092e-05,-9.275867429944544,0.006371728937946131
2022-09-19,1.0001,1.0003333333333333,1.0,1.0003,116915278136.88889,67736752960.63541,0.0001999800019998,0.0001999600086647,Monday,1,0,0,0,0,0,0,0.7029257304292602,0.5323477897074022,0.00020015371103218051,0.00020022848698942906,0.00010040318710747953,-9.206316607112077,0.06955082283246661
2022-09-20,1.0003,1.0004,1.0001,1.0002333333333333,103189671422.88504,67741028466.12503,-6.664667266487179e-05,-6.664889365304196e-05,Tuesday,0,1,0,0,0,0,0,-0.1173978878785489,-0.124880789081968,0.00018012333183562581,0.00020799413591525204,0.00010104811440172954,-9.199913774340901,0.006402832771176037
2022-09-21,1.0001666666666666,1.0003,1.0000666666666664,1.0001666666666666,99409963093.33331,67737050821.71593,-6.665111473991292e-05,-6.665333602416222e-05,Wednesday,0,0,1,0,0,0,0,-0.0366287466316467,-0.0373164239603333,0.00014010526236266552,0.00016496134011296251,0.00010023621469753261,-9.207981010484405,-0.008067236143503465
2022-09-22,1.0001999999999998,1.0004,1.0000666666666669,1.000133333333333,133562627811.55556,67738924211.14413,-3.332777870379555e-05,-3.332833408655203e-05,Thursday,0,0,0,1,0,0,0,0.3435537410486435,0.2953181490539301,0.0002001403705638626,0.0002319770420647019,9.885753927392972e-05,-9.221830741413559,-0.013849730929154092
2022-09-23,1.0001666666666666,1.0003333333333333,1.0001,1.0001999999999998,114927837923.55556,67737583836.2812,6.665777896275316e-05,6.665555743172603e-05,Friday,0,0,0,0,1,0,0,-0.1395209887176819,-0.1502660549327012,0.0001401005931987088,0.00016365014935664852,9.941768477828615e-05,-9.216180544852282,0.0056501965612767435
2022-09-24,1.0002333333333333,1.0002333333333333,1.000033333333333,1.000133333333333,107363250801.77776,67733296204.4096,-6.665333599942258e-05,-6.665555743173364e-05,Saturday,0,0,0,0,0,1,1,-0.0658203204589074,-0.0680864828729316,0.00012009622844853924,0.00012701629923764316,9.997469190776696e-05,-9.210593484928895,0.005587059923387372
2022-09-25,1.000133333333333,1.0003,1.0001,1.0002,71562014563.55556,67738273619.8364,6.66577789629752e-05,6.665555743194806e-05,Sunday,0,0,0,0,0,0,1,-0.333458944013545,-0.4056535418810102,0.00012008822363415212,0.00013518768749045358,9.600659441636243e-05,-9.251093677018506,-0.04050019208961153
2022-09-26,1.0002333333333333,1.0003333333333333,1.0001,1.0001666666666666,94601611927.63763,67738008013.83904,-3.332666799971129e-05,-3.3327223345449856e-05,Monday,1,0,0,0,0,0,0,0.3219528894567407,0.2791101049826788,0.0001401005931987088,0.0001596691977699524,9.542631179068988e-05,-9.257156212603366,-0.006062535584860029
2022-09-27,1.0001666666666666,1.0003,1.0000666666666669,1.0001666666666666,118964378567.11111,67736666737.690765,0.0,0.0,Tuesday,0,1,0,0,0,0,0,0.2575301429124588,0.2291495932113947,0.00014010526236239888,0.00016496134011264856,9.542631179068988e-05,-9.257156212603366,0.0
2022-09-28,1.000133333333333,1.0002666666666666,0.9999666666666668,1.0,130906321509.68642,67732234545.14622,-0.0001666388935177,-0.0001666527793208,Wednesday,0,0,1,0,0,0,0,0.100382510180041,0.0956578558853012,0.00018014734547851949,0.00019525102497012893,0.00010015963563474825,-9.20874528845109,0.04841092415227699
2022-09-29,0.9999666666666668,1.0001666666666666,0.9999,1.0001,111117777009.77776,67728546104.01782,9.9999999999989e-05,9.999500033329732e-05,Thursday,0,0,0,1,0,0,0,-0.1511656906381286,-0.1638912714791588,0.000160144317309922,0.00016936997432655005,0.00010107988901633963,-9.19959937342332,0.009145915027769291
2022-09-30,1.000133333333333,1.0002333333333333,1.000033333333333,1.000133333333333,106721353159.11111,67732237229.88327,3.333000033300948e-05,3.3329444900890047e-05,Friday,0,0,0,0,1,0,0,-0.0395654410030159,-0.0403694313205718,0.00012009622844853924,0.00014140250304161818,0.00010052891977013904,-9.20506511295294,-0.005465739529620706
2022-10-01,1.0001666666666666,1.0002333333333333,1.0,1.0000666666666664,86441032420.15439,67731467122.848274,-6.665777896275316e-05,-6.666000069123215e-05,Saturday,0,0,0,0,0,1,1,-0.1900305809346396,-0.2107587862686577,0.00014011460162384525,0.00015281959726034952,9.960396014637267e-05,-9.2143086336584,-0.009243520705458863
2022-10-02,1.0001,1.0001666666666666,1.0,1.0001,52916014193.77778,67729690517.64347,3.333111125947141e-05,3.333055579032542e-05,Sunday,0,0,0,0,0,0,1,-0.3878368558050677,-0.4907564565128261,0.00010008519386436383,0.00011784131036130626,9.960400970312607e-05,-9.214308136120541,4.975378580240886e-07
2022-10-03,1.000133333333333,1.0002,1.0,1.0001,74255995008.0,67731038730.956085,0.0,0.0,Monday,1,0,0,0,0,0,0,0.4032802005093483,0.3388124964395786,0.00012010023125580025,0.0001398816818214201,9.267135960575362e-05,-9.286451090996515,-0.07214295487597333
2022-10-04,1.0001,1.0002666666666666,1.000033333333333,1.0001999999999998,82666771200.0,67734730640.66661,9.999000099969456e-05,9.998500233275298e-05,Tuesday,0,1,0,0,0,0,0,0.1132673017322556,0.107299206740275,0.00014010993183762212,0.00015281450403789503,9.445217968666255e-05,-9.2674168866053,0.019034204391214615
2022-10-05,1.0001666666666666,1.0002666666666666,1.0000666666666669,1.0001999999999998,87340069774.22223,67736556999.39792,0.0,0.0,Wednesday,0,0,1,0,0,0,0,0.0565317661060678,0.0549916249253863,0.00012009222590776766,0.000139872357926339,9.321871543708684e-05,-9.280562047021437,-0.013145160416137003
2022-10-06,1.0001999999999998,1.0001999999999998,1.0,1.0000666666666664,91354485617.77776,67732919958.833984,-0.0001333066719989,-0.000133315558123,Thursday,0,0,0,1,0,0,0,0.0459630482770732,0.04493803832377,0.00012010023125566692,0.00011458785432684464,9.540911627948979e-05,-9.257336425590237,0.023225621431199883
2022-10-07,1.0001,1.0001666666666666,0.9999966666666666,1.0001,78630652439.19164,67728757878.71238,3.333111125947141e-05,3.333055579032542e-05,Friday,0,0,0,0,1,0,0,-0.1392797856891445,-0.1499857817063021,0.0001020870678821068,0.00012019833689361017,9.497330537641345e-05,-9.261914701888271,-0.004578276298033757
2022-10-08,1.000133333333333,1.0002000000000002,1.000033333333333,1.0001,60344616524.7108,67731794062.521126,0.0,0.0,Saturday,0,0,0,0,0,1,1,-0.2325560751085232,-0.2646898642205942,0.00010008185808065538,0.00011600229719933455,9.490308050662937e-05,-9.262654392320647,-0.0007396904323755393
2022-10-09,1.0001,1.0001666666666666,1.0,1.0001,42602748472.888885,67730136525.41964,0.0,0.0,Sunday,0,0,0,0,0,0,1,-0.2940091274680105,-0.3481529699974119,0.00010008519386436383,0.00011784131036130626,7.956970267635758e-05,-9.438877157211728,-0.17622276489108124
2022-10-10,1.0001,1.0001666666666666,0.9999333333333332,1.0,57482288152.97561,67727955571.07407,-9.999000099991662e-05,-9.999500033332494e-05,Monday,1,0,0,0,0,0,0,0.3492624352524021,0.2995580988924522,0.00014012394213035767,0.00015282978472428858,8.072520393541826e-05,-9.424459715024975,0.014417442186752893
2022-10-11,1.0,1.0001,0.99993,1.0,83874796970.66667,67724474029.50745,0.0,0.0,Tuesday,0,1,0,0,0,0,0,0.4591415837075518,0.3778483064414305,0.00010209387358457536,0.00012020634999590691,8.049557476991945e-05,-9.427308346853005,-0.0028486318280300793
2022-10-12,0.9999666666666668,1.0001666666666666,0.9999333333333332,1.0000666666666664,70209273370.75958,67726958192.55854,6.666666666643728e-05,6.666444454297556e-05,Wednesday,0,0,1,0,0,0,0,-0.1629276504202603,-0.1778447730649422,0.00014012394213035767,0.00015282894226903107,8.049588140380524e-05,-9.42730453753426,3.809318744885104e-06
2022-10-13,1.000133333333333,1.0002333333333333,1.0,1.000133333333333,92669448092.09756,67730220910.28856,6.666222251849874e-05,6.666000069128393e-05,Thursday,0,0,0,1,0,0,0,0.3199032498560523,0.2775584383484317,0.00014011460162384525,0.0001649723362526784,8.049594273044451e-05,-9.427303775673966,7.618602939629682e-07
2022-10-14,1.000033333333333,1.0001666666666666,1.0,1.0,125738282922.66669,67729071280.133736,-0.0001333155579253,-0.0001333244452342,Friday,0,0,0,0,1,0,0,0.3568472189205698,0.3051637871307816,0.00010008519386436383,0.0001160059169940837,8.321058668209261e-05,-9.394135974456763,0.03316780121720342
2022-10-15,1.0,1.0001666666666666,0.9999666666666668,1.0000666666666664,71307185066.66667,67729071280.13382,6.666666666643728e-05,6.666444454297556e-05,Saturday,0,0,0,0,0,1,1,-0.4328920086293606,-0.5672055324186278,0.00012010423432995064,0.00013520571125755283,8.209111445102267e-05,-9.407680775730572,-0.013544801273809526
2022-10-16,1.000033333333333,1.0002,1.0,1.0001666666666666,47480660695.86063,67729591649.395485,9.999333377797016e-05,9.99883347778118e-05,Sunday,0,0,0,0,0,0,1,-0.3341391803438895,-0.406674609776335,0.00012010023125580025,0.00011458585728220608,8.049752178252897e-05,-9.427284159323833,-0.019603383593260304
2022-10-17,1.0001,1.0002,1.000033333333333,1.0002,71559440725.33333,67732410459.61703,3.3327778703462485e-05,3.3327223345385034e-05,Monday,1,0,0,0,0,0,0,0.5071281586351619,0.4102059582548581,0.00010008185808052203,0.0001001192478210089,8.049750645347002e-05,-9.427284349752806,-1.9042897392296254e-07
2022-10-18,1.0001666666666666,1.0002333333333333,1.0000666666666669,1.0001666666666666,80270778979.55556,67735271493.68143,-3.332666799971129e-05,-3.3327223345449856e-05,Tuesday,0,1,0,0,0,0,0,0.1217356950518795,0.1148772134430824,0.0001000785225186548,0.00011783345545200477,7.980453217563831e-05,-9.435930260940308,-0.008645911187501909
2022-10-19,1.000133333333333,1.0002333333333333,1.0001,1.000133333333333,76707134478.22223,67735828023.595375,-3.332777870379555e-05,-3.332833408655203e-05,Wednesday,0,0,1,0,0,0,0,-0.0443952898755469,-0.0454109345718753,8.006148379035694e-05,9.426519343222649e-05,7.122491920224098e-05,-9.549667811982616,-0.11373755104230732
2022-10-20,1.000133333333333,1.0003,1.000033333333333,1.0002,70059898695.11111,67736102369.3275,6.66577789629752e-05,6.665555743194806e-05,Thursday,0,0,0,1,0,0,0,-0.086657334136218,-0.0906441502213038,0.00016012296829235665,0.0001839223080640866,7.122512706724641e-05,-9.54966489355597,2.9184266452375596e-06
2022-10-21,1.0002333333333333,1.000333333333333,1.000133333333333,1.0002333333333333,74702639744.0,67739715894.54288,3.332666799971129e-05,3.3326112678649274e-05,Friday,0,0,0,0,1,0,0,0.0662681667453348,0.0641648576578191,0.00012008422162715936,0.00014138836608978695,7.04411159185415e-05,-9.560733432347309,-0.011068538791338511
2022-10-22,1.0002333333333333,1.0003666666666666,1.000133333333333,1.0002,64099957802.66666,67741628476.218765,-3.332555736990095e-05,-3.3326112678625307e-05,Saturday,0,0,0,0,0,1,1,-0.1419318243326861,-0.1530717238311464,0.00014009592434628524,0.00016364469571813356,7.044108088531995e-05,-9.560733929687958,-4.973406486641352e-07
2022-10-23,1.0002,1.0003666666666666,1.0001666666666666,1.0003,46389059441.28223,67740997003.08044,9.998000399913388e-05,9.997500633164248e-05,Sunday,0,0,0,0,0,0,1,-0.2763012483706757,-0.3233800620952041,0.00012008021988678933,0.00012699734194769052,7.174269180974545e-05,-9.542424564822417,0.0183093648655408
2022-10-24,1.0002333333333333,1.0003666666666666,1.0001666666666666,1.0002333333333333,78124504320.0,67741738214.51151,-6.664667266487179e-05,-6.664889365304196e-05,Monday,1,0,0,0,0,0,0,0.6841148594290314,0.5212401198059666,0.00012008021988678933,0.00014138365440056778,7.17424854443267e-05,-9.542427441292626,-2.876470208690307e-06
2022-10-25,1.0002666666666666,1.0004666666666666,1.0001666666666666,1.0004333333333333,83382540117.33333,67744779532.91413,0.0001999533442196,0.000199933356214,Tuesday,0,1,0,0,0,0,0,0.0673032852252895,0.0651351730041491,0.00018011132741462373,0.00018506383378165923,7.956965714020919e-05,-9.438877729491878,0.10354971180074735
2022-10-26,1.0004,1.0006666666666668,1.0003,1.0004,147558647324.44446,67756427468.85779,-3.331889514546216e-05,-3.331945023217897e-05,Wednesday,0,0,1,0,0,0,0,0.7696588172632364,0.5707867693970685,0.00022009939603425153,0.0002591472348403305,7.956954862889246e-05,-9.438879093220146,-1.3637282680889484e-06
2022-10-27,1.0004,1.0005,1.0003333333333333,1.0004,128714896128.0,67752782589.844574,0.0,0.0,Thursday,0,0,0,1,0,0,0,-0.1277034693535227,-0.1366258547989793,0.00010005184602786602,0.00011780204628438454,7.956954862889246e-05,-9.438879093220146,0.0
2022-10-28,1.0004,1.0005,1.0003333333333333,1.0004666666666666,121768334364.44444,67752531759.46069,6.664001066236658e-05,6.663779031549811e-05,Friday,0,0,0,0,1,0,0,-0.0539685923892412,-0.0554795100471751,0.00010005184602786602,0.00011028120992428014,7.452222002261149e-05,-9.504413221710974,-0.06553412849082818
2022-10-29,1.0004333333333333,1.0006666666666666,1.0004,1.0005666666666666,122633534833.77776,67758002997.20544,9.995335510093462e-05,9.99483600971788e-05,Saturday,0,0,0,0,0,1,1,0.0071052993690776,0.0070801756669326,0.00016006428783275496,0.0001692839843233499,7.452013439498856e-05,-9.50444120875709,-2.7987046115285352e-05
2022-10-30,1.0005,1.0005666666666666,1.0003666666666666,1.0004666666666666,120503892508.44444,67757407275.04408,-9.994336542629156e-05,-9.994836009723018e-05,Sunday,0,0,0,0,0,0,1,-0.0173659050782472,-0.0175184611708111,0.00012005621504498078,0.00013983041577650553,7.648013591692482e-05,-9.478479512066263,0.025961696690826486
2022-10-31,1.0004666666666666,1.0005,1.0001666666666666,1.0002333333333333,105249305287.11111,67744356256.64144,-0.0002332244952355,-0.0002332516962975,Monday,1,0,0,0,0,0,0,-0.1265899955909254,-0.1353501834404349,0.00020012036319570333,0.0001857462526251912,8.668701052823022e-05,-9.353206506299049,0.12527300576721423
2022-11-01,1.0002,1.0003,1.0,1.0003,114755587811.55556,67734730640.6666,6.66511147398019e-05,6.664889365294527e-05,Tuesday,0,1,0,0,0,0,0,0.0903215702803179,0.0864726713374169,0.00018014134146758493,0.00020279420810663531,8.732511721635698e-05,-9.345872424972171,0.00733408132687785
2022-11-02,1.0002333333333333,1.0003333333333335,1.0001,1.0002666666666666,104008846648.88889,67739378841.21484,-3.332333633243589e-05,-3.332389156714294e-05,Wednesday,0,0,1,0,0,0,0,-0.0936489574722435,-0.0983285838253391,0.00014010059319884212,0.00016365032409411894,8.753680457474126e-05,-9.343451229326732,0.0024211956454394112
2022-11-03,1.0002666666666666,1.0003333333333335,1.0001666666666666,1.0002666666666666,137615593073.77777,67740946531.11293,0.0,0.0,Thursday,0,0,0,1,0,0,0,0.3231143071736764,0.2799882813806584,0.00010006851716796674,0.00011782167505182589,8.56122584608872e-05,-9.365682078750847,-0.022230849424115462
2022-11-04,1.0002333333333333,1.0003333333333335,1.0001666666666666,1.0002666666666666,130832511914.66669,67740868146.61806,0.0,0.0,Friday,0,0,0,0,1,0,0,-0.0492900623221859,-0.0505462706605149,0.00010006851716796674,0.0001159868340919226,8.56122584608872e-05,-9.365682078750847,0.0
2022-11-05,1.0002666666666666,1.0003,1.000133333333333,1.0002333333333333,134360181219.55556,67739778602.13888,-3.332444681414248e-05,-3.332500208585633e-05,Saturday,0,0,0,0,0,1,1,0.0269632467745457,0.0266061433289787,0.00010007185206271047,0.00011599082274374158,8.23045729166142e-05,-9.405083887831989,-0.03940180908114144
2022-11-06,1.0002666666666666,1.0004,1.0001666666666666,1.0004,79826926506.66667,67742812082.09183,0.0001666277868497,0.0001666139059819,Sunday,0,0,0,0,0,0,1,-0.4058736317404713,-0.5206632410680297,0.0001400912558047283,0.00014263212745685438,8.753485960972756e-05,-9.343473448399394,0.06161043943259514
2022-11-07,1.0003666666666666,1.0004333333333333,1.0002666666666666,1.0003333333333333,103623076864.0,67747656243.87755,-6.664001066236658e-05,-6.664223120652905e-05,Monday,1,0,0,0,0,0,0,0.2980967876214802,0.2608991822365139,0.00010005851381718271,0.00011597523946633957,8.837641774195683e-05,-9.333905391534412,0.009568056864981855
2022-11-08,1.0003666666666666,1.0008333333333332,1.0001666666666666,1.0005,167698049393.77777,67758097058.5993,0.0001666111296234,0.0001665972515306,Tuesday,0,1,0,0,0,0,0,0.6183465543478592,0.4814049825667469,0.0004001740640438725,0.00046383043839595456,9.346414296484255e-05,-9.277932692925901,0.055972698608510285
2022-11-09,1.0005,1.0005,0.9989666666666668,0.9990666666666668,252625309809.77777,67705806762.0445,-0.0014326170248207,-0.0014336442017419,Wednesday,0,0,1,0,0,0,0,0.5064296258841943,0.4097423648457211,0.000921106322272224,0.0006182383363200967,0.00027733271700859506,-8.190292628138423,1.0876400647874789
2022-11-10,0.9990666666666668,0.9992333333333332,0.9910333333333332,0.9984033333333334,233517686215.1111,67607532201.54993,-0.0006639530228212,-0.0006641735372424,Thursday,0,0,0,1,0,0,0,-0.0756362203337992,-0.078649583882885,0.004948713479986881,0.00581202362334325,0.0003026840798188856,-8.102820937244767,0.08747169089365592
2022-11-11,0.9983666666666666,0.99894,0.9974,0.9986633333333332,152787306040.8889,67623463850.14059,0.0002604157972228,0.0002603818949147,Friday,0,0,0,0,1,0,0,-0.3457142004218698,-0.4242110205696406,0.0009265600430993407,0.0010751990728313315,0.0003061526932924872,-8.091426582781972,0.011394354462794354
2022-11-12,0.9987266666666668,0.9990666666666668,0.99836,0.9989333333333332,94247725127.11111,67640534425.44214,0.0002703613830485,0.0002703248419959,Saturday,0,0,0,0,0,1,1,-0.3831442704939861,-0.4831201081783616,0.00042494336260448404,0.00048352347158538573,0.0003098664289020491,-8.079369227847696,0.012057354934276177
2022-11-13,0.9989,0.9995333333333332,0.9988333333333334,0.9989666666666668,57240205752.888885,67655248762.82697,3.336892685545933e-05,3.336837012520455e-05,Sunday,0,0,0,0,0,0,1,-0.3926622029795467,-0.4986701402078676,0.00042073646171302307,0.0004936396916162629,0.00030896893874320466,-8.082269807985842,-0.0029005801381458696
2022-11-14,0.9989666666666668,0.9992333333333332,0.9987666666666666,0.9991666666666664,90336934428.44444,67654308148.88796,0.0002002068804427,0.0002001868417198,Monday,1,0,0,0,0,0,0,0.5782077167653294,0.4562898466919624,0.0002805424429228507,0.0003059842143741512,0.0003108850150068665,-8.076087440816819,0.006182367169023095
2022-11-15,0.9990666666666668,0.9995333333333332,0.9987833333333334,0.9989833333333332,88958574108.44444,67669887851.0965,-0.0001834862385319,-0.0001835030741912,Tuesday,0,1,0,0,0,0,0,-0.0152579930758198,-0.0153755940219665,0.0004508003480700993,0.0005282387943716744,0.0003121516985815588,-8.072021274915796,0.0040661659010226
2022-11-16,0.9989833333333332,0.99928,0.9989333333333332,0.9991633333333332,74767275477.33333,67664308442.74875,0.0001801831862393,0.0001801669551987,Wednesday,0,0,1,0,0,0,0,-0.1595270469804438,-0.1737905062829422,0.0002083807063761188,0.00021830535286476404,0.0003138210698126257,-8.06668757583838,0.005333699077416654
2022-11-17,0.99916,0.9994333333333332,0.9991066666666668,0.99917,68796788437.33333,67673393205.70882,6.672249115213802e-06,6.672226855858687e-06,Thursday,0,0,0,1,0,0,0,-0.0798542811929803,-0.0832232314737938,0.00019632664696771836,0.00023107325023197036,0.0003137644408653051,-8.066868041915148,-0.00018046607676858173
2022-11-18,0.99917,0.9992866666666668,0.9989966666666668,0.9989966666666668,60783750368.78049,67667096603.813126,-0.0001734773195084,-0.0001734923684391,Friday,0,0,0,0,1,0,0,-0.1164740135486394,-0.1238345745803968,0.0001743123686131359,0.0001746280990620732,0.00031530052091082616,-8.061984339302901,0.004883702612247021
2022-11-19,0.9989666666666668,0.9992233333333336,0.99895,0.9991133333333332,44573540758.74564,67664795082.09729,0.0001167838397857,0.000116777021084,Saturday,0,0,0,0,0,1,1,-0.2666865652692708,-0.3101820631300822,0.00016430346071891376,0.00017058220111871634,0.00031578613353110986,-8.060445366127947,0.0015389731749539948
2022-11-20,0.9991133333333332,0.9991733333333334,0.9989666666666668,0.99901,42573200988.44444,67660640048.386826,-0.0001034250368658,-0.0001034303856038,Sunday,0,0,0,0,0,0,1,-0.0448772912416368,-0.045915455909195,0.0001242315179955834,0.00013138803389522573,0.0003162917260376207,-8.058845586585958,0.001599779541988866
2022-11-21,0.99901,0.9990666666666668,0.9987666666666666,0.9989,75387845575.11111,67650918019.48303,-0.0001101090079177,-0.0001101150703595,Monday,1,0,0,0,0,0,0,0.770781708323353,0.5714210922106577,0.00018036375674213825,0.0002010316224709634,0.0003168716026894663,-8.05701390497187,0.0018316816140888648
2022-11-22,0.9989,0.9992666666666666,0.9987766666666668,0.99914,81956005617.77777,67656639303.76659,0.0002402642907197,0.0002402354318774,Tuesday,0,1,0,0,0,0,0,0.0871249203709185,0.0835365236803879,0.0002945631770269831,0.0003130351691481523,0.0003193715933187149,-8.049155263775633,0.007858641196236249
2022-11-23,0.99914,0.9995,0.9989033333333334,0.9992,80979142072.88889,67669868254.97271,6.00516444142496e-05,6.0049841386434e-05,Wednesday,0,0,1,0,0,0,0,-0.0119193649998602,-0.0119909701919298,0.00035862116183013864,0.0004205914304000449,0.0003193279582181616,-8.049291901105397,-0.0001366373297635448
2022-11-24,0.9992,0.9995,0.9991333333333332,0.9995,74466239160.88889,67677417465.67756,0.0003002401921539,0.000300195129087,Thursday,0,0,0,1,0,0,0,-0.0804269191458928,-0.0838457591899985,0.00022035635425684053,0.00018028437199977675,0.00032193447136510896,-8.041162538207136,0.00812936289826105
2022-11-25,0.9994666666666668,0.9996666666666666,0.9989,0.9996666666666666,59877193585.77778,67689907251.09666,0.0001667500416873,0.0001667361404444,Friday,0,0,0,0,1,0,0,-0.1959148969990357,-0.2180501659011472,0.00046076049097157785,0.0005280581757477853,0.00032331330884868137,-8.036888708448615,0.004273829758520975
2022-11-26,0.9995666666666666,0.9997666666666666,0.9995333333333332,0.9996,57169366485.333336,67699724125.239296,-6.668889629868335e-05,-6.669112010199733e-05,Saturday,0,0,0,0,0,1,1,-0.0452230129417356,-0.0462774871767344,0.0001401800113319475,0.00016374282938026995,0.0003235425049799456,-8.0361800616808,0.000708646767813903
2022-11-27,0.9996333333333332,0.9998,0.9995333333333332,0.9997,51878802820.90592,67699544441.75769,0.0001000400160064,0.0001000350123378,Sunday,0,0,0,0,0,0,1,-0.0925419326762121,-0.0971079207164419,0.00016020305647345255,0.00018401429988313116,0.0003238291208058264,-8.035294586219129,0.0008854754616720584
2022-11-28,0.9997333333333334,0.9999666666666666,0.9995066666666668,0.9997333333333334,65839664426.66666,67702366466.5628,3.334333633420172e-05,3.3342780457519263e-05,Monday,1,0,0,0,0,0,0,0.2691053155940375,0.238312176300537,0.0002763309260385636,0.00032535480184878716,0.0003233718731728101,-8.036707586858336,-0.0014130006392072403
2022-11-29,0.9997333333333334,0.9999666666666668,0.9995666666666666,0.9998666666666668,71583184199.11111,67709498671.75471,0.0001333688983728,0.000133360005532,Tuesday,0,1,0,0,0,0,0,0.087234949060861,0.08363772927343,0.00024028055042359337,0.00027049426131403375,0.0003237733912871845,-8.035466696480404,0.001240890377932402
2022-11-30,0.9998666666666668,1.0002666666666666,0.9998666666666668,1.0002666666666666,71173792924.44444,67732096921.63751,0.0004000533404451,0.0003999733404429,Wednesday,0,0,1,0,0,0,0,-0.0057190984062392,-0.0057355150718023,0.0002402084710616263,0.0001348720772734761,0.00032916300857414703,-8.018957463111324,0.016509233369079723
2022-12-01,1.0002666666666666,1.0002666666666666,0.9999666666666668,1.000133333333333,69482550926.22223,67732433974.965454,-0.0001332977872569,-0.0001333066721965,Thursday,0,0,0,1,0,0,0,-0.023762145148251,-0.0240490185184315,0.00018014734547851949,0.00019525571269736429,0.00032983719116327996,-8.016911385357163,0.002046077754160436
2022-12-02,1.0001666666666666,1.0002,0.9999,1.0001,59298326849.11498,67728970254.26391,-3.332888948115453e-05,-3.332944490093261e-05,Friday,0,0,0,0,1,0,0,-0.1465723975494369,-0.1584945646564252,0.000180159354701344,0.00020803628270729918,0.0003298372098668618,-8.016911328651668,5.670549541036962e-08
2022-12-03,1.0000666666666669,1.0001999999999998,1.0,1.0000666666666669,50384537764.12544,67731526626.6416,-3.33300003331205e-05,-3.333055578992389e-05,Saturday,0,0,0,0,0,1,1,-0.15032108928926,-0.1628967529690862,0.00012010023125566692,0.0001414072159868485,0.0003298933401536499,-8.016741167403499,0.00017016124816926492
2022-12-04,1.0001,1.0003333333333333,1.0,1.0003,44272894990.22222,67736172915.37296,0.0002333177788145,0.0002332905644545,Sunday,0,0,0,0,0,0,1,-0.1212999671152049,-0.129311699055969,0.00020015371103218051,0.00020022848698942906,0.0003326315761617475,-8.008475058364304,0.008266109039194447
2022-12-05,1.0003,1.0003666666666666,1.0001,1.0001666666666666,55775928490.66666,67740248909.10812,-0.0001332933453297,-0.0001333022296771,Monday,1,0,0,0,0,0,0,0.2598211276444631,0.2309697486988675,0.00016011229591767582,0.0001693361082331719,0.00033346523519293167,-8.005971940342256,0.0025031180220480564
2022-12-06,1.000133333333333,1.0002,1.000033333333333,1.0002,56806312803.55556,67733562711.69226,3.3327778703462485e-05,3.3327223345385034e-05,Tuesday,0,1,0,0,0,0,0,0.0184736380150323,0.0183050732029962,0.00010008185808052203,0.00011031480905080412,0.000332130617007711,-8.009982241696978,-0.00401030135472169
2022-12-07,1.0001666666666666,1.0003,1.0000666666666669,1.0001666666666666,57214020878.22222,67737779797.51852,-3.332666799971129e-05,-3.3327223345449856e-05,Wednesday,0,0,1,0,0,0,0,0.0071771613848019,0.0071515281382517,0.00014010526236239888,0.00016496134011264856,0.0003319634477596099,-8.010485692218525,-0.0005034505215473217
2022-12-08,1.0001666666666666,1.0004333333333333,1.000033333333333,1.0003,52382671847.02439,67738810321.47748,0.000133311114814,0.000133302229677,Thursday,0,0,0,1,0,0,0,-0.0844434451038,-0.088223141902595,0.00024016844565497608,0.00027036721366089484,0.0003314617504163805,-8.011998138354864,-0.0015124461363384967
2022-12-09,1.0003,1.0003666666666666,1.0001,1.000133333333333,54667926912.0,67741346292.03703,-0.0001666166816624,-0.0001666305637637,Friday,0,0,0,0,1,0,0,0.0436261646150724,0.0427013454639212,0.00016011229591767582,0.00015752212082324003,0.00020562399400076228,-8.489461328854114,-0.47746319049925035
2022-12-10,1.0001666666666666,1.0002,1.0000666666666669,1.000133333333333,38448337308.44444,67733813542.07613,0.0,0.0,Saturday,0,0,0,0,0,1,1,-0.2966929700784985,-0.3519617400953399,8.00641521506076e-05,9.196429632056798e-05,0.00016606327305093523,-8.703141679274436,-0.21368035042032218
2022-12-11,1.0001,1.0003666666666666,1.0000666666666669,1.000333333333333,29308386688.0,67737944404.95802,0.0001999733368884,0.0001999533448859,Sunday,0,0,0,0,0,0,1,-0.2377203088685197,-0.2714417419124197,0.0001801293346460048,0.00015478383526901072,0.0001632475552265509,-8.720242765561212,-0.017101086286775313
2022-12-12,1.0002666666666666,1.0004,1.000133333333333,1.0003,47318564295.11112,67743156973.86948,-3.332222592444811e-05,-3.3322781122152045e-05,Monday,1,0,0,0,0,0,0,0.6145059364350884,0.4790289881590076,0.0001601069602641275,0.00018737029582689674,0.00015572709207295737,-8.767405492507773,-0.04716272694656176
2022-12-13,1.0003,1.0005666666666666,0.9998,1.000033333333333,63120403825.77778,67739692379.19423,-0.0002665866906597,-0.000266622231208,Tuesday,0,1,0,0,0,0,0,0.333945878664355,0.2881413759540426,0.00046034588250060376,0.0005160625163515639,0.0001630441435332264,-8.72148957460017,0.04591591790760319
2022-12-14,1.0,1.0002666666666666,1.0,1.0001999999999998,69296857429.33333,67734691448.41907,0.0001666611112962,0.0001666472248761,Wednesday,0,0,1,0,0,0,0,0.0978519342272197,0.0933554835636189,0.00016012830501295591,0.00014176526984726885,0.00016178157169216946,-8.729263455424936,-0.007773880824766266
2022-12-15,1.0001999999999998,1.0003333333333335,1.0001,1.0003,66115763128.888885,67739715894.54294,9.998000399935592e-05,9.99750063318645e-05,Thursday,0,0,0,1,0,0,0,-0.0459053183427317,-0.0469923654383128,0.00014010059319884212,0.00015280516069676224,0.00015932356300195027,-8.744573436092523,-0.015309980667586487
2022-12-16,1.0003,1.0003666666666666,1.0001666666666666,1.000333333333333,57480602325.333336,67742757212.945366,3.3323336332102826e-05,3.332278112206494e-05,Friday,0,0,0,0,1,0,0,-0.1306066873450707,-0.1399596523653221,0.00012008021988678933,0.00013985847662009306,0.00015600963729048184,-8.7655927751198,-0.021019339027276374
2022-12-17,1.0003666666666666,1.0005666666666668,1.0002333333333333,1.0003333333333333,67209286656.0,67749357187.41687,2.220446049250313e-16,2.2204460492503126e-16,Saturday,0,0,0,0,0,1,1,0.1692516072744587,0.156363892242934,0.00020010702717243142,0.00023469602281977496,0.00015600488124991633,-8.765623261140695,-3.048602089528174e-05
2022-12-18,1.0003333333333333,1.0004,1.0002333333333333,1.0003666666666666,35447707136.0,67745053878.64627,3.332222592478118e-05,3.3321670751743924e-05,Sunday,0,0,0,0,0,0,1,-0.4725772449061477,-0.6397528601957284,0.00010006184804520286,0.00011597922732072523,0.0001528764665832181,-8.78588037065402,-0.02025710951332549
2022-12-19,1.0003666666666666,1.0004,1.000033333333333,1.0000666666666669,38137358734.22222,67741064107.85521,-0.0002998900403182,-0.0002999350163285,Monday,1,0,0,0,0,0,0,0.0758766029041879,0.0731357738473773,0.0002201580764937304,0.00018011571593130548,0.00016098245892185676,-8.7342151497113,0.05166522094271997
2022-12-20,1.0001,1.0004,1.0000666666666669,1.0003666666666666,59175755875.55556,67741126815.45126,0.000299980001333,0.0002999350163285,Tuesday,0,1,0,0,0,0,0,0.5516479861111807,0.4393175829623591,0.0002001403705638626,0.00016754889713987002,0.00016898951957341866,-8.68567385932264,0.04854129038866084
2022-12-21,1.0003,1.0003666666666666,1.0002,1.0002666666666666,46331390968.888885,67743196166.11689,-9.996334677286887e-05,-9.99683434412098e-05,Wednesday,0,0,1,0,0,0,0,-0.2170545135693391,-0.2446922068317978,0.00010006518249533087,0.00011598296895897104,0.0001687791528141383,-8.686919485715363,-0.001245626392723409
2022-12-22,1.0003,1.0004333333333333,1.0002,1.0003,39137019633.77778,67743823242.07626,3.3324446814253506e-05,3.3323891567211266e-05,Thursday,0,0,0,1,0,0,0,-0.1552807110829472,-0.1687509092814519,0.00014008658757443785,0.0001649393522301349,0.00016309399046353712,-8.72118389473325,-0.03426440901788652
2022-12-23,1.0003,1.0005666666666666,1.0002666666666666,1.0004,46262086307.55556,67749913717.330894,9.997000899719666e-05,9.996501232885576e-05,Friday,0,0,0,0,1,0,0,0.1820544011897213,0.1672539426199984,0.00018009332378317682,0.0002027369801548083,0.00016374538283556604,-8.717197880270463,0.003986014462785903
2022-12-24,1.0004333333333333,1.0004666666666668,1.0002,1.0003666666666666,29895203157.33333,67747609213.18042,-3.332000533118329e-05,-3.332056045489211e-05,Saturday,0,0,0,0,0,1,1,-0.3537861012452691,-0.4366247173817998,0.00016009629002341534,0.00018389228629360108,0.00015442038468851298,-8.775831903903486,-0.05863402363302228
2022-12-25,1.0003333333333335,1.0004333333333333,1.0002,1.0003333333333335,25384888655.38676,67746243465.77542,-3.332111559073425e-05,-3.3321670751438775e-05,Sunday,0,0,0,0,0,0,1,-0.1508708429981076,-0.1635439758525737,0.00014008658757443785,0.0001649393522301349,0.0001515122711676981,-8.794843938488407,-0.019012034584921622
2022-12-26,1.0003,1.0003666666666666,1.0002,1.0002666666666666,33726770439.11111,67743345096.65724,-6.664445184956236e-05,-6.664667268971518e-05,Monday,1,0,0,0,0,0,0,0.3286160477979554,0.2841378349040073,0.00010006518249533087,0.00011598296895897104,0.00015151161923671877,-8.794848241323926,-4.302835518998904e-06
2022-12-27,1.0002666666666666,1.0003333333333335,1.000033333333333,1.0001,36686173624.888885,67737356521.24589,-0.0001666222340709,-0.0001666361170975,Tuesday,0,1,0,0,0,0,0,0.0877464147099573,0.0841080465525055,0.00018013533785705776,0.000185086573363044,0.00015345289339510474,-8.782116921454888,0.012731319869038416
2022-12-28,1.000133333333333,1.0002333333333333,0.9999333333333332,0.9999333333333332,45305852458.66666,67729322110.51763,-0.0001666500016666,-0.000166663889321,Wednesday,0,0,1,0,0,0,0,0.2349571509395558,0.211036273882533,0.00018015334988986137,0.00017187715709541165,0.0001563221914012686,-8.763591351080315,0.01852557037457281
2022-12-29,0.9999666666666668,1.000133333333333,0.9999,1.0001,45490846904.888885,67726194569.17046,0.0001666777785187,0.0001666638893211,Thursday,0,0,0,1,0,0,0,0.0040832350829509,0.0040749213023094,0.0001401286128505136,0.0001426685584240231,0.0001573839028896101,-8.75682249601885,0.006768855061464407
2022-12-30,1.0001,1.000133333333333,0.9999666666666666,0.9999666666666666,43137740714.66666,67728334465.88151,-0.0001333200013332,-0.0001333288892346,Friday,0,0,0,0,1,0,0,-0.051727025331976,-0.0531128702141224,0.00010008852987058007,8.37884398155423e-05,0.00014152605252537625,-8.863026741041287,-0.10620424502243608
2022-12-31,1.0,1.0003,0.9999,1.0001666666666666,34689356054.29965,67730039997.78182,0.000200006666889,0.0001999866682221,Saturday,0,0,0,0,0,1,1,-0.1958467114967518,-0.2179653706336234,0.00024020046491308555,0.00026316419539662984,0.0001441194764673785,-8.844867904707005,0.018158836334281503
2023-01-01,1.0001666666666666,1.0003333333333335,1.0,1.0002666666666666,27324177464.88889,67730388139.64828,9.99833361106095e-05,9.997833811000134e-05,Sunday,0,0,0,0,0,0,1,-0.2123181121575725,-0.2386609662627133,0.00020015371103231384,0.0002273230575074814,0.0001451433223990195,-8.837788873381243,0.007079031325762486
2023-01-02,1.0002666666666666,1.0004,1.000033333333333,1.000133333333333,34246779740.444443,67739080980.13391,-0.0001332977872569,-0.0001333066721965,Monday,1,0,0,0,0,0,0,0.2533508020305819,0.2258206064269212,0.0002201580764937304,0.0002456183918013936,0.0001470439009291229,-8.824779369994964,0.013009503386278709
2023-01-03,1.000133333333333,1.0003333333333335,0.9999666666666668,1.0,38027282780.44444,67733915441.91931,-0.0001333155579253,-0.0001333244452342,Tuesday,0,1,0,0,0,0,0,0.1103900299138296,0.1047113319060924,0.0002201727514979063,0.0002456329005601521,0.00014282952358751782,-8.853858781616424,-0.029079411621459883
2023-01-04,1.0,1.0001,0.9999666666666668,1.0,52529945230.22222,67726468914.90282,0.0,0.0,Wednesday,0,0,1,0,0,0,0,0.3813751966847283,0.3230795223100971,8.007215829902385e-05,9.427776170571633e-05,0.00014074074271631899,-8.868591064217123,-0.01473228260069881
2023-01-05,0.9999666666666668,1.0001,0.9999,0.9999333333333332,50290049507.55556,67723215958.36422,-6.666666666677035e-05,-6.666888898776294e-05,Thursday,0,0,0,1,0,0,0,-0.042640358996186,-0.0435761577025172,0.00012011224127905288,0.00013989546544346582,0.00014113501062849743,-8.865793603530127,0.002797460686995379
2023-01-06,0.9999333333333332,1.0001666666666666,0.9998333333333332,1.0000666666666669,46643264284.44444,67722149929.23328,0.0001333422228151,0.0001333333335311,Friday,0,0,0,0,1,0,0,-0.0725150453980607,-0.0752787060855508,0.00020018706998473743,0.0002206538040805792,0.00014308969340566082,-8.852038897715751,0.013754705814376322
2023-01-07,1.000033333333333,1.0001,0.9999333333333332,1.0000666666666669,45731321792.0,67725528300.963936,0.0,0.0,Saturday,0,0,0,0,0,1,1,-0.0195514294815034,-0.0197450870227865,0.00010009186609957083,0.00011601402054628596,0.0001410047666252127,-8.866716862304939,-0.014677964589187908
2023-01-08,1.0000666666666669,1.0001666666666666,1.0,1.000033333333333,30780950712.88889,67729902155.77988,-3.333111125969346e-05,-3.333166675352588e-05,Sunday,0,0,0,0,0,0,1,-0.3269175368932032,-0.3958874262243607,0.00010008519386436383,0.0001160060403132341,0.00013781818718384988,-8.88957522562738,-0.022858363322441733
2023-01-09,1.000033333333333,1.0002000000000002,0.9998333333333336,0.9999333333333332,68313918862.22222,67726570814.74641,-9.99966667776242e-05,-0.0001000016667776,Monday,1,0,0,0,0,0,0,1.219357013999479,0.7972175205987855,0.00022020210737609062,0.0002517079868777263,0.00013902229016930805,-8.880876276759748,0.008698948867632339
2023-01-10,1.0,1.0001666666666666,0.9998333333333336,1.0000666666666669,71289049557.33333,67722345890.470665,0.0001333422228151,0.0001333333335311,Tuesday,0,1,0,0,0,0,0,0.0435508713987182,0.0426291970883041,0.0002001870699844708,0.0002320319098909489,0.00013633443593079415,-8.900399603110348,-0.01952332635059939
2023-01-11,1.0001,1.000133333333333,0.9998333333333336,1.000033333333333,58956290033.77778,67721193638.39556,-3.333111125969346e-05,-3.333166675352588e-05,Wednesday,0,0,1,0,0,0,0,-0.1729965485601976,-0.1899464105212024,0.00018017136552513134,0.0002080501520697219,0.00013633450833445016,-8.900399072036622,5.310737254404785e-07
2023-01-12,1.0000666666666669,1.0000666666666669,0.9997666666666666,0.9999666666666668,90428357376.0,67718559919.36635,-6.666444451819409e-05,-6.666666669103604e-05,Thursday,0,0,0,1,0,0,0,0.5338203493501874,0.4277615835380848,0.00018018337795108115,0.000202841531143937,0.0001279283621351222,-8.964040121538188,-0.06364104950156602
2023-01-13,1.000033333333333,1.0001,0.9998666666666668,1.000033333333333,96066905173.33331,67721742329.85985,6.666888896256218e-05,6.66666666909548e-05,Friday,0,0,0,0,1,0,0,0.0623537567301848,0.0604869716185491,0.0001401332838822027,0.0001649943329309117,0.0001248523290459609,-8.988378886659099,-0.02433876512091082
2023-01-14,1.0000666666666669,1.000133333333333,0.9998333333333336,1.000033333333333,137255856725.33331,67722847551.238174,0.0,0.0,Saturday,0,0,0,0,0,1,1,0.4287527684761247,0.3568018738160819,0.00018017136552513134,0.00021112159452295248,0.00012351087943375275,-8.999181313195171,-0.010802426536072218
2023-01-15,1.0,1.000133333333333,0.9999,1.000033333333333,89808621639.11111,67724595525.47447,0.0,0.0,Sunday,0,0,0,0,0,0,1,-0.3456845938543099,-0.4241657713868713,0.0001401286128505136,0.00016368296623174239,0.00012336094903618694,-9.000395954954245,-0.001214641759073487
2023-01-16,1.000033333333333,1.0003,0.9993,1.0000666666666664,84852893269.33333,67729753225.23966,3.3332222259208066e-05,3.333166675303183e-05,Monday,1,0,0,0,0,0,0,-0.0551809868510396,-0.0567618903080735,0.0006006813907381332,0.0007069448142376374,0.00012351095935473317,-8.999180666118939,0.0012152888353060831
2023-01-17,1.0,1.0001,0.9998333333333332,1.0,79018075278.22223,67722126413.88503,-6.666222251827669e-05,-6.666444454298285e-05,Tuesday,0,1,0,0,0,0,0,-0.0687639250271724,-0.0712424624494784,0.0001601549939537395,0.00018856809503703812,0.00012396001060104467,-8.995551539524847,0.0036291265940917583
2023-01-18,0.9999666666666668,1.0001,0.9996666666666666,0.9998666666666668,83700896085.33333,67719045903.235016,-0.0001333333333332,-0.0001333422230122,Wednesday,0,0,1,0,0,0,0,0.059262653394466,0.057573056069861,0.00026027355789213575,0.0003000786822625172,0.00011384223897777587,-9.080696936616283,-0.08514539709143598
2023-01-19,0.9998666666666668,0.9999666666666668,0.9997666666666666,0.9999,96378181845.33331,67715800785.145615,3.33377783703348e-05,3.333722267895178e-05,Thursday,0,0,0,1,0,0,0,0.1514593792051575,0.1410301632387961,0.00012012825838032981,0.00013991432524522834,9.999200262356974e-05,-9.210420348938557,-0.12972341232227436
2023-01-20,0.9999,1.0000666666666669,0.9998333333333336,1.0,69921652152.88889,67719767040.58817,0.000100010001,0.0001000050003332,Friday,0,0,0,0,1,0,0,-0.2745074578694749,-0.3209044863378494,0.00014013795522529156,0.00015284506846705313,9.999322444736327e-05,-9.21040812979806,1.221914049764905e-05
2023-01-21,0.9999333333333332,1.0001,0.9999,0.9999666666666668,115203070264.88889,67722549690.157486,-3.333333333321864e-05,-3.333388890112018e-05,Saturday,0,0,0,0,0,1,1,0.6476022336112541,0.4993210392545519,0.00012011224127905288,0.00013989546544347655,9.999333552150895e-05,-9.210407018981956,1.1108161039885545e-06
2023-01-22,1.0,1.0001,0.9998666666666668,1.0000666666666664,93416854215.11111,67722196959.93035,0.0001000033334441,9.999833344416804e-05,Sunday,0,0,0,0,0,0,1,-0.189111418642613,-0.2096246185743672,0.0001401332838822027,0.0001597071711687459,9.999444608963953e-05,-9.21039591262214,1.110635981582675e-05
2023-01-23,1.0001,1.0001,0.9999333333333332,0.9999666666666668,93119994112.0,67726084830.87772,-9.999333377741504e-05,-9.999833344410668e-05,Monday,1,0,0,0,0,0,0,-0.0031778002546257,-0.003182860184329,0.00010009186609957083,8.37939644614314e-05,0.00010146527885698722,-9.195793898231946,0.01460201439019393
2023-01-24,1.000033333333333,1.0001,0.9999,1.000033333333333,91353341411.55556,67723860278.91237,6.666888896256218e-05,6.66666666909548e-05,Tuesday,0,1,0,0,0,0,0,-0.018971787072061,-0.0191540604746191,0.00012011224127905288,0.0001414213567087538,0.00010201146914469976,-9.190425308406102,0.0053685898258439835
2023-01-25,1.0000666666666664,1.000133333333333,0.9999666666666668,1.000033333333333,99150870926.22224,67726400720.39214,0.0,0.0,Wednesday,0,0,1,0,0,0,0,0.0853557121631498,0.0819077785745505,0.00010008852987044676,0.00011601003029854453,0.0001012831700614982,-9.197590300082943,-0.007164991676841481
2023-01-26,1.0000666666666664,1.0000666666666669,0.9999333333333332,0.9999733333333332,112870462862.22224,67724373697.35397,-5.999800006661893e-05,-5.999980001862096e-05,Thursday,0,0,0,1,0,0,0,0.1383708666180925,0.1295981759499553,8.007482737122849e-05,7.432341762294958e-05,9.722496192030344e-05,-9.238483069588229,-0.04089276950528564
2023-01-27,0.9999333333333332,1.0000966666666666,0.9999166666666668,1.0000666666666669,91234763662.22224,67725238278.33282,9.333582228898683e-05,9.333146677214072e-05,Friday,0,0,0,0,1,0,0,-0.1916861032669821,-0.2128048098464962,0.0001081002964138641,9.660397900925131e-05,9.38997173049295e-05,-9.273283182351719,-0.03480011276348982
2023-01-28,1.0000633333333333,1.000133333333333,0.99997,1.000033333333333,80762890666.66667,67728104015.46659,-3.333111125969346e-05,-3.333166675352588e-05,Saturday,0,0,0,0,0,1,1,-0.1147794171345202,-0.1219184188551918,9.808659579463988e-05,0.00011397315202803862,8.904097470702324e-05,-9.326413904212526,-0.05313072186080703
2023-01-29,1.0001,1.0004,0.9999733333333332,0.9999733333333332,73495667128.88889,67735516053.305504,-5.999800006661893e-05,-5.999980001862096e-05,Sunday,0,0,0,0,0,0,1,-0.0899822118523698,-0.0942911322473114,0.0002561916286562722,0.00029118864833308785,8.63466344839305e-05,-9.357140729418571,-0.030726825206045305
2023-01-30,1.0000066666666667,1.0002333333333333,0.9999666666666666,1.0001666666666666,93772463587.55556,67728898834.24503,0.0001933384890264,0.0001933198015494,Monday,1,0,0,0,0,0,0,0.2758910457007946,0.2436447938950657,0.0001601336420895943,0.00016019058692523036,8.583901925611839e-05,-9.363036884962012,-0.0058961555434411395
2023-01-31,1.000133333333333,1.0003666666666666,0.9998966666666668,1.0001666666666666,94062070328.88889,67729584698.57558,0.0,0.0,Tuesday,0,1,0,0,0,0,0,0.0030883985581005,0.0030836392518455,0.00028222661142215797,0.00033165017325450667,8.387579084859751e-05,-9.38617353382153,-0.02313664885951816
2023-02-01,1.000133333333333,1.00043,0.9999666666666668,1.000303333333333,86206298112.0,67732920742.67889,0.0001366438926844,0.000136634557758,Wednesday,0,0,1,0,0,0,0,-0.0835168967621179,-0.0872116480557606,0.0002782048523823619,0.00031006014553702993,8.405410603413917e-05,-9.384049847022823,0.00212368679870778
2023-02-02,1.0002000000000002,1.00071,0.9999666666666668,1.00013,120718848881.77776,67735606195.47466,-0.0001732807714991,-0.0001732957863465,Thursday,0,0,0,1,0,0,0,0.4003483681080788,0.3367210400299911,0.0004462661957442003,0.0005236345866822649,8.645014056367864e-05,-9.355942719882814,0.02810712714000907
2023-02-03,1.0000966666666666,1.0007,0.9999033333333333,1.0001633333333333,110628837404.44444,67735059855.54511,3.3329000563186995e-05,3.332844516438828e-05,Friday,0,0,0,0,1,0,0,-0.0835827343517386,-0.0872834878466916,0.00047830283010261897,0.0005616325581349926,8.666402355485033e-05,-9.353471713525947,0.0024710063568669227
2023-02-04,1.0001,1.0005033333333333,0.9999566666666668,1.0002666666666666,84772880142.22223,67732196469.946014,0.0001033164583117,0.000103311121534,Saturday,0,0,0,0,0,1,1,-0.2337180600361571,-0.2662051091239808,0.0003282313067065465,0.0003723265415863298,8.78536731228353e-05,-9.339837932903754,0.013633780622193115
2023-02-05,1.000133333333333,1.0015366666666667,1.00007,1.0005133333333334,69547783352.88889,67742101134.72309,0.000246600906425,0.0002465705054193,Sunday,0,0,0,0,0,0,1,-0.1795986731109102,-0.1979616354167531,0.0008801162307138115,0.001009002035591849,9.566735297328155e-05,-9.254633456961754,0.08520447594199965
2023-02-06,1.00035,1.0006166666666667,0.99989,1.000033333333333,82965029632.0,67731456520.31403,-0.0004797537264207,-0.0004798688450602,Monday,1,0,0,0,0,0,0,0.192921264090206,0.1764051426898575,0.00043629729907051,0.00047451725896830924,0.00012972295880154798,-8.950109467645996,0.30452398931575786
2023-02-07,1.000036666666667,1.0002,0.99993,1.0000033333333331,90206809969.77776,67725168516.13219,-2.9999000033309464e-05,-2.9999450012310265e-05,Tuesday,0,1,0,0,0,0,0,0.0872871421838745,0.0836857334976535,0.00016214098700700167,0.00018977898623390074,0.00012969584267293952,-8.950318520563927,-0.0002090529179312739
2023-02-08,1.0000066666666665,1.000403333333333,0.9999033333333333,1.00006,110356999708.44444,67726267466.75095,5.666647777857747e-05,5.6664872294376696e-05,Wednesday,0,0,1,0,0,0,0,0.2233777000363681,0.2016156398004367,0.00030023457248261456,0.0003519417012600371,0.00012882040762150955,-8.95709131257861,-0.006772792014682949
2023-02-09,1.00006,1.0002,0.9998,1.0001299999999995,111284350008.88889,67723585933.18004,6.999580025146557e-05,6.99933506597459e-05,Thursday,0,0,0,1,0,0,0,0.0084031851436197,0.0083680749379242,0.0002402244849602303,0.0002794772251026934,0.00012714325436284052,-8.970196120096166,-0.013104807517555273
2023-02-10,1.000133333333333,1.0003166666666667,0.99996,1.000133333333333,124483221930.66669,67733420835.75647,3.332900056607357e-06,3.3328945025083045e-06,Friday,0,0,0,0,1,0,0,0.1186049244186044,0.1120823057008673,0.00021417053824597583,0.00025216653825834573,0.0001269989923944826,-8.971331405438868,-0.0011352853427020193
2023-02-11,1.0001,1.00033,1.00003,1.00013,82502769635.55556,67731665806.915474,-3.3328889479378176e-06,-3.332894502024528e-06,Saturday,0,0,0,0,0,1,1,-0.3372378353003503,-0.4113390790970305,0.00018013593819980953,0.00021127285692089671,0.00012641584629237,-8.975933717872103,-0.004602312433235056
2023-02-12,1.00013,1.0004,0.9999666666666668,1.0002,57351631274.66666,67734770616.75902,6.99909011827593e-05,6.998845193391787e-05,Sunday,0,0,0,0,0,0,1,-0.3048520488704869,-0.3636305767498923,0.0002601954901346635,0.00030325279467197146,0.00012647567945009655,-8.975460525591995,0.00047319228010778147
2023-02-13,1.0002,1.0019,1.0000666666666669,1.0003766666666667,90578819242.66669,67758264801.41861,0.0001766313403985,0.00017661574292,Monday,1,0,0,0,0,0,0,0.5793590736568488,0.457019115156553,0.0010999475673974177,0.0012904288212480526,0.00013052152382118064,-8.943972411305923,0.03148811428607168
2023-02-14,1.00041,1.0008333333333332,1.0000666666666669,1.0001,102924201841.77776,67753957573.42319,-0.0002765624947936,-0.000276600745253,Tuesday,0,1,0,0,0,0,0,0.1362943644257159,0.1277724103464209,0.0004602231788031519,0.0005064786597613444,0.00013995046953507105,-8.874221986988282,0.06975042431764145
2023-02-15,1.0001,1.0004333333333333,1.00003,1.0001266666666666,108086084573.95744,67739072758.79262,2.6664000266629628e-05,2.6663644788493484e-05,Wednesday,0,0,1,0,0,0,0,0.050152273613109,0.0489351761433627,0.00024217025294550235,0.0002846516840065921,0.00013990281956147006,-8.874562522375344,-0.0003405353870622463
2023-02-16,1.0001633333333333,1.0001666666666666,0.9995366666666669,1.0,128466280220.44444,67721168555.35707,-0.0001266506242542,-0.0001266586451217,Thursday,0,0,0,1,0,0,0,0.1885552217643884,0.1727384701500698,0.0003784097020577848,0.0004338261259881503,0.00014127776799097085,-8.864782619711827,0.009779902663517248
2023-02-17,0.9999333333333332,1.0004666666666668,0.9999333333333332,1.0002666666666666,134728944355.55556,67737967920.30631,0.0002666666666666,0.0002666311174308,Friday,0,0,0,0,1,0,0,0.0487494782628139,0.0475984813143531,0.00032023526954519827,0.0003150433996922966,0.00014743294930237265,-8.822137066538529,0.04264555317329766
2023-02-18,1.0003333333333333,1.0003666666666666,0.9999,1.000133333333333,109382808348.44444,67736227784.519165,-0.0001332977872569,-0.0001333066721965,Saturday,0,0,0,0,0,1,1,-0.1881268804439049,-0.2084112077341262,0.0002802245371967916,0.00030563915875708183,0.00014930433512751046,-8.809523817487625,0.01261324905090433
2023-02-19,1.000133333333333,1.0004,1.000033333333333,1.0003333333333333,73674797582.22223,67737420796.53193,0.0001999733368887,0.0001999533448861,Sunday,0,0,0,0,0,0,1,-0.3264499358297014,-0.3951929515657977,0.0002201580764937304,0.0002274830484218883,0.00015261431504236803,-8.787596635896486,0.02192718159113838
2023-02-20,1.0003333333333333,1.0004333333333333,0.9999166666666668,1.0,107209534890.66669,67734099645.48242,-0.0003332222592469,-0.0003332777901203,Monday,1,0,0,0,0,0,0,0.4551724390015346,0.3751244083788214,0.0003102356712606879,0.00030086248068947693,0.0001641845315403508,-8.71451957037529,0.07307706552119697
2023-02-21,1.000036666666667,1.0003333333333333,0.9998333333333336,1.0002666666666666,99905912860.44444,67730974455.67052,0.0002666666666666,0.0002666311174308,Tuesday,0,1,0,0,0,0,0,-0.0681247431739214,-0.0705563178617465,0.00030025558715227117,0.00032334254250234763,0.00017027324099855106,-8.678106111246727,0.03641345912856231
2023-02-22,1.0002666666666666,1.0004,1.0000666666666669,1.0001,105969061205.33331,67738218750.690025,-0.0001666222340709,-0.0001666361170975,Wednesday,0,0,1,0,0,0,0,0.0606885836012358,0.058918304391546,0.0002001403705638626,0.000211667602993231,0.00017200360721355548,-8.6679951091989,0.010111002047827
2023-02-23,1.0001,1.0004333333333333,0.9999666666666668,1.0002333333333333,100713147847.11111,67738077658.599365,0.0001333200013331,0.0001333111150115,Thursday,0,0,0,1,0,0,0,-0.0495985648871415,-0.0508708203655758,0.0002802058592957515,0.0003193433631626428,0.00017329018396629577,-8.660543004703268,0.007452104495632383
2023-02-24,1.0001999999999998,1.0004333333333333,0.9999333333333332,1.0001666666666666,90569525162.66669,67734359882.00549,-6.665111473991292e-05,-6.665333602416222e-05,Friday,0,0,0,0,1,0,0,-0.1007179588889732,-0.1061585661142569,0.0003002255670962653,0.00035288117809167377,0.00017371694438322443,-8.658083339772952,0.002459664930315242
2023-02-25,1.0002000000000002,1.0003333333333333,1.000033333333333,1.0002333333333333,75493518617.8676,67735569627.87884,6.665555740714701e-05,6.665333602419152e-05,Saturday,0,0,0,0,0,1,1,-0.16645782913979,-0.1820709831578985,0.00018013533785692443,0.00021107931018278191,0.00017379777464783682,-8.657618149312558,0.00046519046039428247
2023-02-26,1.0002333333333333,1.0005,1.0,1.0000666666666664,53239043968.0,67741369807.38548,-0.0001666277868499,-0.0001666416708019,Sunday,0,0,0,0,0,0,1,-0.2947865599233107,-0.3492547701081427,0.00030020555706003374,0.00033795021535521673,0.0001756159330218472,-8.647211146130847,0.010407003181711616
2023-02-27,1.0000666666666669,1.0001666666666666,0.9997,1.0000666666666669,61755671352.888885,67727581974.7305,4.440892098500626e-16,4.440892098500625e-16,Monday,1,0,0,0,0,0,0,0.1599695777784422,0.1483937787212973,0.0002802805858428059,0.00033000517088782854,0.0001755104629288949,-8.647811899006964,-0.000600752876117383
2023-02-28,1.0000666666666669,1.0003666666666666,0.9994333333333332,1.0002,70199148871.11111,67729055603.23495,0.0001333244450367,0.0001333155581228,Tuesday,0,1,0,0,0,0,0,0.1367239207873536,0.1281503715529328,0.0005605798894540867,0.0006548107502346606,0.00017685123126145403,-8.640201680157467,0.00761021884949642
2023-03-01,1.000133333333333,1.0002333333333333,0.9999666666666668,1.0001999999999998,74969037141.33333,67731117115.4509,-2.220446049250313e-16,-2.2204460492503136e-16,Wednesday,0,0,1,0,0,0,0,0.0679479501807058,0.0657390035645201,0.00016013364208946097,0.00018393519034871594,0.0001732934115202373,-8.660524379736687,-0.020322699579219616
2023-03-02,1.0001666666666666,1.0002333333333333,0.99993,1.0001,69670797056.0,67730597426.249725,-9.998000399891184e-05,-9.998500233267004e-05,Thursday,0,0,0,1,0,0,0,-0.0706723773888807,-0.073293940755227,0.00018215535737494402,0.0002104320242995072,0.00017425223049563656,-8.655006707856721,0.005517671879966102
2023-03-03,1.0000666666666669,1.0004333333333333,0.9999466666666668,1.0001,83145147392.0,67733980501.05008,0.0,0.0,Friday,0,0,0,0,1,0,0,0.1934002610185381,0.1768065948242201,0.0002922176038929615,0.00034343572155619506,0.00017245735633361747,-8.665360561714394,-0.010353853857672846
2023-03-04,1.0000666666666664,1.0002,1.0,1.0000666666666664,52854671224.41812,67730362493.98952,-3.333000033356459e-05,-3.3330555790367994e-05,Saturday,0,0,0,0,0,1,1,-0.3643084066562897,-0.4530417493781035,0.00012010023125580025,0.00014140721598700549,0.00016963939096322845,-8.68183560353629,-0.016475041821896852
2023-03-05,1.0000666666666664,1.0001666666666666,1.0,1.0001,48758920448.0,67729533748.653656,3.333111125947141e-05,3.333055579032542e-05,Sunday,0,0,0,0,0,0,1,-0.0774908003689547,-0.0806579306174017,0.00010008519386436383,0.00011600616362002687,0.0001696394047859035,-8.681835522053596,8.148269436958344e-08
2023-03-06,1.0001,1.0002333333333333,0.99985,0.9999666666666668,48665495708.44444,67727719147.59665,-0.000133320001333,-0.0001333288892343,Monday,1,0,0,0,0,0,0,-0.0019160543075433,-0.0019178922877532,0.00023020553927201613,0.00025806802242249135,0.0001703358676806217,-8.677738377788163,0.0040971442654331724
2023-03-07,1.000033333333333,1.0001666666666666,0.9999,1.0,61215645937.77778,67725951577.23634,3.333444448139211e-05,3.3333888901144275e-05,Tuesday,0,1,0,0,0,0,0,0.2578860041726778,0.2294325374574237,0.000160144317309922,0.0001874139377821464,0.00016439214991009076,-8.71325582642088,-0.03551744863271722
2023-03-08,0.9999666666666668,1.0002666666666666,0.9999333333333332,1.0001,75625750068.09825,67728813601.4205,9.9999999999989e-05,9.999500033329732e-05,Wednesday,0,0,1,0,0,0,0,0.2353990374448964,0.2113940251348676,0.00020016705327904986,0.00022062966622299067,0.00014029353277968053,-8.871773667572747,-0.15851784115186618
2023-03-09,1.0001,1.0003333333333335,0.9998666666666668,1.000133333333333,77721765952.22299,67728553368.9225,3.333000033300948e-05,3.3329444900890047e-05,Thursday,0,0,0,1,0,0,0,0.027715637626567,0.0273385116726288,0.00028023387708098435,0.0003292992597987376,0.0001403185833606819,-8.871595125167577,0.00017854240516967934
2023-03-10,1.0001,1.0027,1.0000666666666669,1.0024333333333333,125313627981.60278,67749161663.16639,0.0022996933742169,0.0022970531264746,Friday,0,0,0,0,1,0,0,0.6123363442183671,0.4776842725795315,0.0015792940594866747,0.0011661094437468858,0.000442113156826962,-7.723944697731051,1.1476504274365258
2023-03-11,1.0025666666666668,1.0088666666666668,1.0023,1.0057333333333334,121862802033.77776,68105426593.99908,0.0032919894922356,0.0032865827575202,Saturday,0,0,0,0,0,1,1,-0.0275375152998653,-0.0279237803774346,0.0039218025259119375,0.004180935432303314,0.0007452214090697601,-7.201829190355692,0.522115507375359
2023-03-12,1.005966666666667,1.0128,1.0053999999999998,1.0064333333333335,83975471104.0,68245695647.642105,0.0006960095452739,0.0006957674429608,Sunday,0,0,0,0,0,0,1,-0.3109015244805893,-0.3723710928991599,0.004404095559112729,0.005177407905791219,0.0007559702305112286,-7.18750856019071,0.014320630164982084
2023-03-13,1.0066666666666666,1.0079,1.0014333333333332,1.0034333333333334,148327208248.58948,67979385233.792336,-0.0029808233696553,-0.0029852748719314,Monday,1,0,0,0,0,0,0,0.7663158812755291,0.5688959544061944,0.003865603049222147,0.00408866994667482,0.0009319618131550111,-6.978218717127744,0.20928984306296616
2023-03-14,1.0034666666666667,1.0054999999999998,1.0016,1.0025666666666666,153517317394.02817,67950650447.159935,-0.0008637012922301,-0.0008640744970983,Tuesday,0,1,0,0,0,0,0,0.0349909447276881,0.0343926776236854,0.002333906277612614,0.0026907787936993207,0.0009451333413599525,-6.964184538456274,0.014034178671470166
2023-03-15,1.0026000000000002,1.0044000000000002,1.0015666666666667,1.0032666666666663,161649023601.77777,67932518236.67509,0.0006982079329718,0.000697964299211,Wednesday,0,0,1,0,0,0,0,0.0529693089078557,0.0516140863907564,0.0016965298964947751,0.001954320297467029,0.0009531399343019326,-6.9557488295154535,0.008435708940820241
2023-03-16,1.0033333333333332,1.0033333333333332,1.0013,1.0017766666666663,128546719636.96169,67892637866.21406,-0.0014851485148514,-0.0014862524410386,Thursday,0,0,0,1,0,0,0,-0.2047788673710988,-0.2291350487553363,0.001218319095148309,0.0010613060752055169,0.000989725725930362,-6.918082697734346,0.03766613178110756
2023-03-17,1.00175,1.0023966666666668,1.0009233333333334,1.0014633333333334,121613107484.44444,67840258118.475136,-0.0003127776317405,-0.000312826556866,Friday,0,0,0,0,1,0,0,-0.053938460445346,-0.0554476596627181,0.0008833606220354826,0.0010247528807160254,0.0009913603428585505,-6.916432474329219,0.0016502234051269937
2023-03-18,1.0014966666666665,1.00225,1.0013933333333334,1.00181,137786419256.8889,67847339373.74538,0.0003461601190257,0.0003461002194346,Saturday,0,0,0,0,0,1,1,0.1329898734354204,0.1248600441731114,0.0005135452881132147,0.0005725428115939627,0.0009931029290610196,-6.914676244647349,0.0017562296818702805
2023-03-19,1.0018133333333334,1.0022333333333333,1.00135,1.00207,98890239857.77776,67844437579.74384,0.000259530250247,0.0002594965780974,Sunday,0,0,0,0,0,0,1,-0.2822932739589751,-0.3316942529291288,0.0005295469932223737,0.0006028225379016261,0.0009930399312640817,-6.9147396819742575,-6.343732690883286e-05
2023-03-20,1.0020533333333337,1.0025366666666666,1.0009,1.0016766666666663,122290336568.88889,67855306373.808174,-0.0003925208152461,-0.0003925978717061,Monday,1,0,0,0,0,0,0,0.236626958785465,0.2123874786369202,0.0009812326384313474,0.0011314352519964954,0.0009953259361061115,-6.9124403004703305,0.002299381503926945
2023-03-21,1.00165,1.0023866666666663,1.0010966666666663,1.0016833333333333,118306022115.55556,67834694387.02642,6.655507599262478e-06,6.655485451470046e-06,Tuesday,0,1,0,0,0,0,0,-0.0325807791941833,-0.0331233502710765,0.0007733770956206559,0.0009103470146848302,0.000994656968137268,-6.913112635888506,-0.0006723354181756847
2023-03-22,1.0016633333333331,1.0020300000000002,1.0003833333333334,1.0014900000000002,111721202488.88889,67827562181.83444,-0.0001930084357995,-0.0001930270643246,Wednesday,0,0,1,0,0,0,0,-0.0556592091333688,-0.0572681707101099,0.000987732475632013,0.0011579813036123685,0.0009934193456624947,-6.914357681288481,-0.0012450453999743871
2023-03-23,1.00152,1.0023799999999998,1.0011133333333333,1.0012299999999998,116639990869.33331,67836751980.01778,-0.0002596131763675,-0.0002596468817019,Thursday,0,0,0,1,0,0,0,0.0440273490695162,0.0430856855440662,0.000759384568540465,0.000875801993033837,0.0009933576771148462,-6.914419760270633,-6.207898215215835e-05
2023-03-24,1.0012333333333334,1.0022133333333334,1.0006733333333333,1.00103,92681656576.0,67796027315.68688,-0.000199754302208,-0.0001997742557559,Friday,0,0,0,0,1,0,0,-0.2054041166736097,-0.2299216164275554,0.000923531473263476,0.0010800230618406663,0.0009935613787151684,-6.914214717593691,0.00020504267694132494
2023-03-25,1.0009833333333331,1.00151,1.0006633333333337,1.0007633333333334,73403670556.44444,67793348133.65081,-0.0002663922826154,-0.0002664277713423,Saturday,0,0,0,0,0,1,1,-0.2080021735881186,-0.2331966316009199,0.0005079232401072484,0.0005822203437118585,0.0009944535903732663,-6.9133171270504885,0.0008975905432029307
2023-03-26,1.00073,1.0102429214155402,1.0004233333333332,1.00059,48014297352.37982,70130066341.33551,-0.0001732011231426,-0.0001732161241893,Sunday,0,0,0,0,0,0,1,-0.3458869701146787,-0.4244751138872476,0.005866026265917064,0.006906170702638159,0.0009948818935040216,-6.912886527847042,0.0004305992034465689
2023-03-27,1.0006133333333334,1.0006133333333334,1.0001266666666666,1.0003566666666666,61091202816.0,67749858064.33939,-0.0002331957478423,-0.0002332229421985,Monday,1,0,0,0,0,0,0,0.2723544065978511,0.2408690476493488,0.0002921650241768168,0.00030481321415101834,0.0009957183292181409,-6.912046142365518,0.0008403854815242084
2023-03-28,1.0003133333333334,1.00075,1.0000033333333331,1.0002699999999998,77209782670.22223,67745343901.27745,-8.66357665767481e-05,-8.663951967154299e-05,Tuesday,0,1,0,0,0,0,0,0.2638445326206724,0.2341582918155902,0.000448250212517857,0.0005270870441754479,0.0009953791018861482,-6.912386886449635,-0.00034074408411743917
2023-03-29,1.0002466666666665,1.0003766666666667,0.99985,1.0001133333333334,79630402645.33333,67733300907.4793,-0.0001566243780842,-0.000156636644963,Wednesday,0,0,1,0,0,0,0,0.0313512082458518,0.0308697951805193,0.0003162597321869494,0.0003630323412317366,0.0009957898327909612,-6.911974333899738,0.0004125525498972493
2023-03-30,1.0000966666666666,1.0003133333333334,0.9999233333333332,1.0001166666666663,85952576170.66667,67731028540.9718,3.332955597956655e-06,3.3329500436724872e-06,Thursday,0,0,0,1,0,0,0,0.0793939665669121,0.0763997415693219,0.00023419116006091956,0.00027545874797388516,0.0009954925046296418,-6.91227296374036,-0.0002986298406222332
2023-03-31,1.0000866666666666,1.0003333333333333,0.99982,1.0001,77376987064.88889,67731081842.42844,-1.6664722448767044e-05,-1.6664861306796882e-05,Friday,0,0,0,0,1,0,0,-0.0997711701944822,-0.1051062926357731,0.00030826445808203914,0.0003628590627352457,0.0009954971542034713,-6.91226829312461,4.670615750157481e-06
2023-04-01,1.0001,1.0003966666666664,0.9999566666666668,1.0002699999999998,65319770680.888885,67737026522.52249,0.0001699830016996,0.0001699685562262,Saturday,0,0,0,0,0,1,1,-0.1558243198832326,-0.1693946542496417,0.00026420025881536646,0.0002925850849333683,0.0009958134000275093,-6.911950667301732,0.000317625822877865
2023-04-02,1.00024,1.0003266666666668,1.0000766666666665,1.00016,49153158912.0,67738739223.73628,-0.0001099703080166,-0.0001099763551942,Sunday,0,0,0,0,0,0,1,-0.2474995181454131,-0.2843536420209899,0.0001501100296907776,0.00016960573302084747,0.0009960158069182814,-6.911747430105728,0.0002032371960041246
2023-04-03,1.0001633333333333,1.00046,0.9999266666666666,1.0001300000000002,70688122792.22858,67733065798.78574,-2.9995200767629623e-05,-2.9995650632660057e-05,Monday,1,0,0,0,0,0,0,0.438119631716511,0.3633364489654187,0.00032023740403420157,0.00037648129067624936,0.000996012273050887,-6.911750978115347,-3.548009619436243e-06
2023-04-04,1.0001266666666666,1.0002766666666665,1.0,1.0002133333333332,90891000263.11111,67732876847.36191,8.332250140785646e-05,8.331903028105001e-05,Tuesday,0,1,0,0,0,0,0,0.2858029987621009,0.2513834249377716,0.0001661322859753494,0.0001880455334369911,0.0009961098429540373,-6.91165302237012,9.795574522719619e-05
2023-04-05,1.0001766666666665,1.0009966666666668,0.99995,1.00005,75461421952.0,67732335994.347046,-0.0001632984963205,-0.0001633118309717,Wednesday,0,0,1,0,0,0,0,-0.1697591430003586,-0.1860394311320284,0.0006282900606340211,0.000735554897724245,0.0009962586467768364,-6.911503648573212,0.00014937379690849184
2023-04-06,1.0000166666666666,1.0004133333333334,0.9999566666666668,1.0001766666666667,65633564032.0,67732539794.03384,0.0001266603336498,0.000126652312907,Thursday,0,0,0,1,0,0,0,-0.1302368503770227,-0.1395343462107068,0.0002742055600753826,0.0003071586426596906,0.0009965083775955559,-6.911253011326637,0.00025063724657492514
2023-04-07,1.00014,1.0003866666666668,0.9999633333333332,1.00025,54838312433.77778,67734247792.17783,7.332038006624408e-05,7.331769225855747e-05,Friday,0,0,0,0,1,0,0,-0.1644776077215453,-0.1796981302544184,0.00025419309653022245,0.0002913792462193498,0.0009964310459911459,-6.911330616901131,-7.760557449376648e-05
2023-04-08,1.0002533333333332,1.0004033333333335,0.9999166666666668,1.0000166666666666,42817183459.55556,67734112187.001724,-0.0002332750145799,-0.0002333022274282,Saturday,0,0,0,0,0,1,1,-0.2192104103994597,-0.2474495769632508,0.00029222636901918026,0.0003110520937694875,0.0009973224814451246,-6.910436388501166,0.0008942283999644474
2023-04-09,1.0000133333333334,1.0003933333333337,0.9999466666666668,1.0003533333333334,41358767007.665504,67735285673.90082,0.0003366610556492,0.0003366043980319,Sunday,0,0,0,0,0,0,1,-0.0340614756518875,-0.0346550861858789,0.00026820508089040146,0.00023469638014218005,0.0009069438316824167,-7.0054300373495115,-0.09499364884834538
2023-04-10,1.00035,1.0004866666666667,0.9999033333333333,1.0001566666666666,53995786752.0,67740985723.36042,-0.000196597202322,-0.0001966165300852,Monday,1,0,0,0,0,0,0,0.3055463365721789,0.2666216018800478,0.00035025907863936695,0.0003945136902352718,0.0006810150574125161,-7.291926141321292,-0.28649610397178016
2023-04-11,1.0001433333333334,1.0006700000000002,0.99994,1.0004733333333335,82856714325.33333,67745013902.55399,0.000316617063327,0.000316566950722,Tuesday,0,1,0,0,0,0,0,0.5345033253407372,0.4282067621269429,0.0004382760244768546,0.0004735462346824872,0.0006715546031977442,-7.3059152300459145,-0.013989088724622789
2023-04-12,1.00047,1.0006833333333334,1.0003266666666666,1.00044,78723915676.44444,67758375323.55643,-3.3317563020385244e-05,-3.3318118062716526e-05,Wednesday,0,0,1,0,0,0,0,-0.0498788623534072,-0.0511657892044789,0.00021409204868419267,0.0002513841982998153,0.0003923778616031829,-7.843285249797383,-0.5373700197514681
2023-04-13,1.00043,1.0009033333333333,1.00043,1.00073,87034417251.55556,67770291334.47271,0.0002898724561191,0.0002898304512158,Thursday,0,0,0,1,0,0,0,0.10556514502235,0.1003566476862269,0.0002840762578744188,0.00027775315247965666,0.00036314315552799425,-7.920713433596269,-0.07742818379888661
2023-04-14,1.0007,1.00083,1.00042,1.0006033333333333,105180517993.25436,67767255273.5668,-0.0001265742674513,-0.0001265822786499,Friday,0,0,0,0,1,0,0,0.2084933904854113,0.1893744519577076,0.00024607629955900826,0.00028344317264020674,0.00034083512399692465,-7.98411170494852,-0.06339827135225118
2023-04-15,1.00063,1.00075,1.0004033333333335,1.000473333333333,82358379624.01523,67761280030.16076,-0.0001299216139597,-0.0001299300545037,Saturday,0,0,0,0,0,1,1,-0.2169806614824126,-0.2445978853172853,0.00020807456327401574,0.00022483042369795278,0.00020760482918838117,-8.479874144956675,-0.4957624400081544
2023-04-16,1.0005133333333334,1.00062,1.0001799999999998,1.0003766666666667,56294917137.25552,67753774937.5501,-9.662093275819572e-05,-9.662560086121264e-05,Sunday,0,0,0,0,0,0,1,-0.3164640028828317,-0.3804759583422119,0.00026414127768181604,0.00029918874723946316,0.00020037207100219508,-8.515334564722455,-0.03546041976577996
2023-04-17,1.0003399999999998,1.00086,1.0,1.00044,78670117918.65913,67752712720.38558,6.330948675992154e-05,6.330748279894402e-05,Monday,1,0,0,0,0,0,0,0.3974639615660058,0.3346591379264174,0.0005162606754929529,0.0006046670904166261,0.00019049859847401513,-8.565865720516365,-0.05053115579391054
2023-04-18,1.0004066666666669,1.0007766666666666,1.00029,1.0004266666666666,82437662586.17361,67755497044.91319,-1.3327469246982028e-05,-1.332755805848938e-05,Tuesday,0,1,0,0,0,0,0,0.0478904159189126,0.0467790154686839,0.00029211732932483747,0.00034371735739054235,0.0001845291874272165,-8.5977029095581,-0.031837189041734604
2023-04-19,1.0004266666666666,1.00121,1.0002833333333332,1.00078,98617383877.68402,67764506558.74653,0.0003531826420728,0.0003531202877647,Wednesday,0,0,1,0,0,0,0,0.196266133511457,0.1792051504330218,0.0005561048642039181,0.0006168845907321135,0.0001818508069031066,-8.612323949350543,-0.014621039792443113
2023-04-20,1.0008799999999998,1.0010333333333332,1.00007,1.0003333333333333,109513596963.23958,67757044354.83681,-0.0004463185382068,-0.0004464181679711,Thursday,0,0,0,1,0,0,0,0.1104897803724971,0.1048011615837477,0.0005782216859603177,0.000590078054493382,0.00019927672253656115,-8.520816133670278,0.09150781568026467
2023-04-21,1.0005,1.0009,1.0001366666666665,1.0004766666666665,91336672261.53471,67751299555.19792,0.000143285571476,0.000143275307079,Friday,0,0,0,0,1,0,0,-0.1659787022410223,-0.1814963400681826,0.0004581909126338511,0.0005392838027486606,0.000197872410945725,-8.527888124140675,-0.007071990470397083
2023-04-22,1.0005433333333331,1.0013466666666668,1.0003933333333332,1.0003966666666664,68217044731.85069,67769284093.71528,-7.996188483494482e-05,-7.996508195689106e-05,Saturday,0,0,0,0,0,1,1,-0.2531253543317513,-0.2918579182814553,0.0005720373856162793,0.0006673311107671887,0.00019266401165059932,-8.554562758415168,-0.026674634274492348
2023-04-23,1.0003966666666664,1.0007266666666668,1.0003399999999998,1.00037,48410677142.35069,67754884861.94792,-2.665609308283301e-05,-2.6656448362795828e-05,Sunday,0,0,0,0,0,0,1,-0.2903433836419531,-0.3429740648701351,0.00023209321887227553,0.0002727661895650378,0.00018924265327312467,-8.57248048662151,-0.017917728206342076
2023-04-24,1.00034,1.0007733333333333,1.0003,1.0006633333333337,63675946744.670135,67755747875.263885,0.0002932248401428,0.0002931818581414,Monday,1,0,0,0,0,0,0,0.3153285701299364,0.2740864976357948,0.00028411316798099577,0.0002675026073338556,0.00019055666691182978,-8.5655609435271,0.00691954309441023
2023-04-25,1.0005633333333332,1.0007233333333334,1.00032,1.0006733333333333,68797359075.20833,67756000273.329865,9.99337106355469e-06,9.993321130154753e-06,Tuesday,0,1,0,0,0,0,0,0.0804293079626157,0.0773584695237957,0.0002421000601874685,0.00027674122771881836,0.0001879229753493373,-8.579478384675221,-0.013917441148121767
2023-04-26,1.0004099999999998,1.00078,1.000136666666667,1.0005466666666667,98694285263.69444,67754905241.96875,-0.0001265814351669,-0.0001265894472729,Wednesday,0,0,1,0,0,0,0,0.4345650267738215,0.3608616860314846,0.0003861840537815322,0.0004467002538057123,0.00018448877900092481,-8.597921914756379,-0.018443530081157178
2023-04-27,1.00054,1.0006833333333334,1.00022,1.0002533333333332,141651897252.23694,67752410222.519165,-0.0002931730653911,-0.0002932160490155,Thursday,0,0,0,1,0,0,0,0.4352593655627275,0.3613455754320405,0.0002781344056357325,0.00027481330430093395,0.00019144647052974598,-8.560902315678412,0.0370195990779667
2023-04-28,1.00029,1.0009266666666667,1.00027,1.00087,87382927280.84027,67766890231.24653,0.0006165104840107,0.000616320519495,Friday,0,0,0,0,1,0,0,-0.3831150236890996,-0.4830726965873295,0.0003941327156311881,0.0002924875627225653,0.00022021720161045767,-8.420896218604787,0.1400060970736252
2023-04-29,1.0008366666666666,1.0011333333333334,1.0007233333333334,1.0008266666666668,60963263451.22222,67786070917.16319,-4.329566610361546e-05,-4.32966033880208e-05,Saturday,0,0,0,0,0,1,1,-0.3023435429750231,-0.3600284792936798,0.0002460017256421575,0.00028957831632413586,0.00022035819051891966,-8.420256196870511,0.0006400217342754644
2023-04-30,1.0007666666666666,1.0010033333333332,1.0005133333333334,1.0006366666666666,51065779931.61112,67775085330.21528,-0.000189843063068,-0.0001898610855433,Sunday,0,0,0,0,0,0,1,-0.1623516025766935,-0.1771568400261766,0.0002940520065932855,0.0003366733030538916,0.00022304719067680725,-8.40812719150717,0.012129005363341605
2023-05-01,1.0006666666666666,1.00101,1.00039,1.0008233333333332,86845757254.40973,67766521824.12153,0.0001865478978382,0.0001865304999427,Monday,1,0,0,0,0,0,0,0.7006644639662072,0.5310190358524395,0.0003720874973865353,0.00042715798659369796,0.00022348794116370388,-8.406153099891062,0.0019740916161072875
2023-05-02,1.0007233333333334,1.00171,1.0004666666666666,1.0012899999999998,85388084930.32292,67790045794.875,0.000466282760527,0.0004661740845018,Tuesday,0,1,0,0,0,0,0,-0.0167846118241175,-0.0169270697381814,0.0007458860874201688,0.0008046523133920609,0.0002383015787978911,-8.3419735486281,0.06417955126296171
2023-05-03,1.001253333333333,1.001356666666667,1.000476666666667,1.00067,79938326441.91112,67784717269.17778,-0.0006192012304125,-0.0006193930146672,Wednesday,0,0,1,0,0,0,0,-0.0638234068940512,-0.0659511524518493,0.0005280098848479542,0.0005052684600516799,0.00026371558172196745,-8.240639377530202,0.10133417109789811
2023-05-04,1.00069,1.0015366666666667,1.0006633333333337,1.0011566666666667,82525457050.3125,67794055945.64931,0.0004863408183184,0.0004862225929529,Thursday,0,0,0,1,0,0,0,0.0323640827067024,0.0318513981628883,0.0005239138465351097,0.0005445611184257246,0.00027783973740147023,-8.188466094671897,0.05217328285830547
2023-05-05,1.0011533333333331,1.00264,1.0009,1.0017,87407028000.9618,67822062725.65278,0.0005427056038516,0.0005425583924246,Friday,0,0,0,0,1,0,0,0.0591523043328703,0.0574688752895158,0.0010431304175220436,0.0011803994501836826,0.00029345905139869035,-8.133772446662439,0.054693648009457974
2023-05-06,1.0017333333333334,1.0045466666666667,1.0016266666666669,1.0043766666666667,94523657313.99306,67922182457.173615,0.0026721240557718,0.0026685602794438,Saturday,0,0,0,0,0,1,1,0.0814194175890861,0.0782744537774535,0.0017482437096081158,0.001246716561271586,0.0005682933398077397,-7.472872829230594,0.6608996174318449
2023-05-07,1.0045366666666666,1.00695,1.0028966666666668,1.00695,69837913214.08333,68007947636.12847,0.0025621197890566,0.0025588431557079,Sunday,0,0,0,0,0,0,1,-0.2611594261308307,-0.3026731135548868,0.0024223520023757537,0.0024311018573148517,0.0007355501889427192,-7.21489178239538,0.25798104683521395
2023-05-08,1.0076166666666666,1.0144366666666669,1.0029466666666669,1.00734,94110559376.09724,68192143360.6875,0.0003873082079546,0.0003872332234914,Monday,1,0,0,0,0,0,0,0.3475568648165041,0.2982932231454928,0.006841062617825798,0.008052927151008499,0.0007377113720523919,-7.211957904641268,0.0029338777541125793
2023-05-09,1.00737,1.0097566666666669,1.00171,1.0027566666666663,84897908986.59583,68166324666.12544,-0.0045499367972418,-0.0045603192646883,Tuesday,0,1,0,0,0,0,0,-0.0978917822885803,-0.1030207908261506,0.0048049929770731655,0.004885474557649129,0.0011107017500777833,-6.802763256139444,0.4091946485018232
2023-05-10,1.0034233333333331,1.0034666666666667,1.0007866666666667,1.0017833333333332,69284304182.16667,67829240393.89931,-0.0009706575540091,-0.0009711289471182,Wednesday,0,0,1,0,0,0,0,-0.1839103576378343,-0.2032310742157532,0.0016060893703047415,0.001594487084449169,0.0011241913345571809,-6.790691315523159,0.012071940616285026
2023-05-11,1.0018566666666666,1.0018566666666666,1.00066,1.0009366666666668,88982039154.89236,67800921643.57639,-0.0008451594656194,-0.0008455168142392,Thursday,0,0,0,1,0,0,0,0.2843029919292421,0.2502161524528172,0.0007177684681480718,0.000623024058774518,0.001133267675789432,-6.7826500708332915,0.008041244689867888
2023-05-12,1.0008566666666667,1.002403333333333,1.0005533333333332,1.0007633333333334,78911295493.75694,67818700030.84028,-0.0001731711297084,-0.0001731861255598,Friday,0,0,0,0,1,0,0,-0.1131772631508829,-0.1201101623612654,0.001109398483312326,0.0013049302524598197,0.0011336923757758776,-6.782275384044151,0.00037468678914009956
2023-05-13,1.0007266666666668,1.0009833333333331,1.0004633333333333,1.0009,61764972621.829865,67768281556.02431,0.0001365624240161,0.0001365531002171,Saturday,0,0,0,0,0,1,1,-0.2172860395288226,-0.2449879620314733,0.0003120661054949172,0.0003513082482765402,0.0011327311706004735,-6.783123597287056,-0.0008482132429046274
2023-05-14,1.0008666666666668,1.00089,1.0004133333333334,1.0005666666666666,39168634489.673615,67762869106.673615,-0.0003330336030905,-0.0003330890710964,Sunday,0,0,0,0,0,0,1,-0.365843894572859,-0.4554601317816363,0.0002860810833346306,0.00028060813242183343,0.0011341270123096624,-6.781892076148126,0.0012315211389299918
2023-05-15,1.00063,1.00081,1.0002333333333333,1.0005433333333331,54483281554.10526,67754376121.85965,-2.3320118599623463e-05,-2.3320390517816662e-05,Monday,1,0,0,0,0,0,0,0.3909926211103731,0.3300176081899051,0.00034614306615464544,0.00040398117688791765,0.0011338868906415635,-6.782103822353635,-0.00021174620550912238
2023-05-16,1.0005466666666667,1.000643333333333,1.0001466666666667,1.0003166666666667,57195520835.677086,76927025958.26389,-0.000226543577989,-0.0002265692428615,Tuesday,0,1,0,0,0,0,0,0.0497811292603291,0.0485816941175646,0.0002981609640610545,0.0003206620851039581,0.0011345040258211637,-6.781559705208441,0.0005441171451945337
2023-05-17,1.0002833333333332,1.00053,1.0000666666666669,1.0001566666666666,58753233258.333336,82849760554.88542,-0.0001599493493729,-0.0001599621426342,Wednesday,0,0,1,0,0,0,0,0.0272348673444475,0.0268705974433291,0.0002781770401934146,0.0003179303753508839,0.0011348210077339748,-6.781280342922135,0.0002793622863057621
2023-05-18,1.0001266666666666,1.0010133333333335,1.0000233333333333,1.00036,64809637499.19792,82849989659.125,0.0002033014827675,0.0002032808198216,Thursday,0,0,0,1,0,0,0,0.1030820587223695,0.0981081334446229,0.0005942476225084881,0.0006844860156767879,0.001135425134119876,-6.7807481306751685,0.0005322122469664237
2023-05-19,1.0004633333333333,1.0007566666666667,1.0001766666666667,1.0004066666666664,64918333420.93056,82862577931.63194,4.664987271230103e-05,4.664878464082779e-05,Friday,0,0,0,0,1,0,0,0.0016771567613533,0.0016757519045097,0.00034816303222200726,0.00040841618102937664,0.0011336252941663398,-6.782334556704821,-0.0015864260296529764
2023-05-20,1.0004066666666664,1.00052,1.00017,1.0004433333333334,64469140522.69444,82853377334.68056,3.665176161726791e-05,3.66510899578647e-05,Saturday,0,0,0,0,0,1,1,-0.0069193535102564,-0.006943403240017,0.00021012393092573303,0.0002463510715809399,0.0011307113299292623,-6.784908348794457,-0.002573792089635596
2023-05-21,1.0004466666666667,1.00081,1.0001833333333332,1.0006066666666666,56248337342.322914,82860696209.23958,0.0001632609543102,0.000163247628691,Sunday,0,0,0,0,0,0,1,-0.1275153214967653,-0.1364101855144868,0.000376164871837763,0.0004316039153241533,0.001130801564135911,-6.784828548933989,7.979986046802168e-05
2023-05-22,1.0005366666666666,1.00059,1.00016,1.0005,59101923297.614586,82852996772.39236,-0.0001066019947898,-0.0001066076771863,Monday,1,0,0,0,0,0,0,0.0507319165351496,0.0494869847004139,0.0002581445176710933,0.00030308726630403054,0.0011308748251695729,-6.784763764215862,6.478471812698672e-05
2023-05-23,1.00052,1.00055,1.000136666666667,1.0003733333333331,84756710577.14583,82853201911.72917,-0.0001266033649843,-0.0001266113798668,Tuesday,0,1,0,0,0,0,0,0.43407702910688,0.3605214569878168,0.0002481467709560923,0.00027759934364150534,0.001131100584701199,-6.784564151495591,0.0001996127202712472
2023-05-24,1.0003733333333331,1.0015933333333331,1.00029,1.00039,79670560156.03125,82884018831.04861,1.666044676662537e-05,1.66603079829236e-05,Wednesday,0,0,1,0,0,0,0,-0.0600088227407686,-0.06188478965657,0.0007819951682014254,0.0009206707199976098,0.0011298374211254271,-6.7856815317191455,-0.001117380223554676
2023-05-25,1.00036,1.0008566666666667,1.0002766666666665,1.0004799999999998,72854034144.54736,83081452860.62807,8.996491368362669e-05,8.996086708347918e-05,Thursday,0,0,0,1,0,0,0,-0.0855589065538641,-0.0894422271721542,0.0003481282356349868,0.00040305281975676425,0.001129955324137491,-6.785577183200975,0.0001043485181702053
2023-05-26,1.000476666666667,1.00093,1.000403333333333,1.0008666666666668,56386155558.73077,83114432758.32169,0.0003864811557121,0.0003864064911073,Friday,0,0,0,0,1,0,0,-0.2260393508634429,-0.2562342475936938,0.0003160848517141592,0.00028253784933842557,0.001131919551390599,-6.783840369402722,0.0017368137982529674
2023-05-27,1.00084,1.0012366666666666,1.0006733333333333,1.0008666666666668,44982699619.298615,83138519308.48264,0.0,0.0,Saturday,0,0,0,0,0,1,1,-0.2022385783608624,-0.2259456966099017,0.00033799337040251094,0.0003976120851174362,0.0011306529156967756,-6.784960011619331,-0.0011196422166088738
2023-05-28,1.0008666666666668,1.001423333333333,1.0004866666666663,1.00061,46557316861.43056,83135122758.34723,-0.0002564444148406,-0.0002564773023322,Sunday,0,0,0,0,0,0,1,0.0350049520250757,0.0344062112711769,0.0005619890029995343,0.0006422031948584984,0.0011260137668943724,-6.789071522967824,-0.004111511348492414
2023-05-29,1.0007233333333332,1.0007633333333332,1.0002166666666668,1.00053,69473459290.04181,83107230667.51917,-7.995122974990831e-05,-7.995442601984252e-05,Monday,1,0,0,0,0,0,0,0.4922135546774959,0.400260624700856,0.000328146008358825,0.0003672263038209028,0.001126080639673803,-6.78901213577761,5.9387190213477936e-05
2023-05-30,1.0005633333333332,1.0008800000000002,1.0003866666666668,1.0005966666666666,69782793622.13937,83113651898.37979,6.663135205009496e-05,6.662913228016058e-05,Tuesday,0,1,0,0,0,0,0,0.0044525540437843,0.0044426707514304,0.0002960893435844768,0.0003480031355646434,0.0011256127282641747,-6.789427744246353,-0.00041560846874322266
2023-05-31,1.0005966666666666,1.00084,1.0001966666666666,1.0003,77908863688.46341,83101943957.09059,-0.0002964897611091,-0.0002965337228881,Wednesday,0,0,1,0,0,0,0,0.1164480474990032,0.1101522596426791,0.00038616089474093675,0.0004156402426247905,0.0011263992637650082,-6.788729226178423,0.0006985180679306424
2023-06-01,1.0003266666666668,1.0006566666666667,1.0001433333333332,1.0004433333333334,57347958885.2892,83093630894.10452,0.0001432903462295,0.0001432800811484,Thursday,0,0,0,1,0,0,0,-0.2639096994841529,-0.3064024768609054,0.0003081648257560395,0.00035552267277543626,0.0011234837181271383,-6.791320958542577,-0.002591732364153998
2023-06-02,1.0003733333333331,1.0004533333333332,0.9999866666666666,1.00035,84409057910.76306,83082551955.63414,-9.329197389151832e-05,-9.329632585838578e-05,Friday,0,0,0,0,1,0,0,0.4718755392777463,0.3865374646108561,0.0002802002564110186,0.0003295919200460559,0.001117907665309074,-6.796296496828889,-0.004975538286312364
2023-06-03,1.0004133333333332,1.0006333333333333,1.00026,1.0005666666666666,64565834099.48781,83100726470.22997,0.0002165908598654,0.0002165674074515,Saturday,0,0,0,0,0,1,1,-0.2350840573561836,-0.2679893300897015,0.00022410941670244325,0.0002460759255394224,0.0011150787039005505,-6.798830290103269,-0.0025337932743800806
2023-06-04,1.0005266666666666,1.0005533333333334,1.0001433333333332,1.00033,37241547285.940765,83168826200.64809,-0.0002365326315088,-0.0002365606097636,Sunday,0,0,0,0,0,0,1,-0.4232003999428515,-0.5502603863938357,0.00024614435696386,0.000262798899903912,0.0011115095859487267,-6.802036200261876,-0.0032059101586066063
2023-06-05,1.0002633333333335,1.0011,1.00011,1.0009666666666666,59175194645.10104,83193976886.81534,0.0006364566359766,0.0006362541833489,Monday,1,0,0,0,0,0,0,0.5889563929971446,0.4630774441302738,0.0005941961521788474,0.0005464441698499438,0.0010057702224411749,-6.902001640509596,-0.09996544024772014
2023-06-06,1.00089,1.0080833333333332,1.0000666666666669,1.0035133333333333,82464604924.95819,83233542408.1115,0.0025442072663093,0.0025409762500919,Tuesday,0,1,0,0,0,0,0,0.3935671089809456,0.3318667253600746,0.0047949850004824586,0.005406176930587217,0.001004259166724391,-6.903505156835856,-0.0015035163262604456
2023-06-07,1.0053133333333333,1.011526666666667,1.00021,1.00037,85004614495.92683,83427973897.01393,-0.0031323284194861,-0.0031372444285373,Wednesday,0,0,1,0,0,0,0,0.0308012094798735,0.0303363731363561,0.0067567716644994415,0.007341901370105681,0.0011539561986706405,-6.7645590677078795,0.1389460891279768
2023-06-08,1.00043,1.0007,1.00029,1.0006400000000002,63587426563.979095,83190492401.33449,0.0002699001369494,0.0002698637204599,Thursday,0,0,0,1,0,0,0,-0.2519532387618084,-0.2902897879373222,0.00024610827365165145,0.0002587459885611736,0.0008005157063885973,-7.130254404997194,-0.36569533728931436
2023-06-09,1.0006400000000002,1.00065,1.000225,1.00035,48838083228.16028,83188148486.10452,-0.0002898145187081,-0.0002898565230516,Friday,0,0,0,0,1,0,0,-0.2319537703098996,-0.2639053527371208,0.00025512689768801984,0.00024037119939411604,0.0007824254438873544,-7.153111919466517,-0.02285751446932327
2023-06-10,1.000405,1.00077,1.0003,1.000665,80555054526.6993,83364776554.68182,0.0003148897885738,0.0003148402211896,Saturday,0,0,0,0,0,1,1,0.6494311242798909,0.5004304553008552,0.0002821128408854185,0.00029025219596450755,0.0007691968308780968,-7.170163664281412,-0.017051744814894576
2023-06-11,1.000665,1.00074,1.00041,1.000525,64669065206.53658,83406948354.17421,-0.0001399069618701,-0.000139916749762,Sunday,0,0,0,0,0,0,1,-0.1972066112238486,-0.2196578973004512,0.00019807130824392476,0.00021639101146828788,0.0007689710918225895,-7.17045718107343,-0.00029351679201816694
2023-06-12,1.000515,1.00052,1.000195,1.000425,55789072895.44251,83390352566.11497,-9.994752754827196e-05,-9.99525226352373e-05,Monday,1,0,0,0,0,0,0,-0.1373143756250942,-0.1477049365658492,0.0001951126403757514,0.0002228199162424476,0.0007687834536757195,-7.170701222813837,-0.00024404174040704163
2023-06-13,1.000295,1.00049,1.000125,1.000225,61071708449.62717,83381251603.24739,-0.0001999150361096,-0.0001999350217841,Tuesday,0,1,0,0,0,0,0,0.0946894307436359,0.090470698147661,0.00021913745726760326,0.0002543220305069774,0.0007672432392016445,-7.172706676231314,-0.0020054534174773764
2023-06-14,1.000275,1.000465,1.000005,1.00025,56124108404.452965,83380115979.64459,2.499437626557465e-05,2.4994063911356928e-05,Wednesday,0,0,1,0,0,0,0,-0.0810129628067479,-0.0844832620651564,0.00027619325347537013,0.00032482147093110383,0.0007672449957615854,-7.172704386790572,2.289440741876092e-06
2023-06-15,1.000205,1.00026,0.997985,0.999835,72679320935.4251,83315411575.33449,-0.000414896275931,-0.0004149823692049,Thursday,0,0,0,1,0,0,0,0.2949750651122791,0.2584914402265734,0.0013674772916318985,0.0015935748341347057,0.0007698662925161298,-7.169293704277719,0.003410682512853036
2023-06-16,0.999905,0.999985,0.999355,0.99997,55090162652.08711,83333363722.01393,0.000135022278676,0.0001350131639885,Friday,0,0,0,0,1,0,0,-0.24201049290163,-0.2770857363137188,0.0003784784691848508,0.0004437890910097104,0.0007697069554479808,-7.169500692894765,-0.00020698861704548932
2023-06-17,0.999915,1.00025,0.999905,1.00016,53825568718.80139,83361535028.65157,0.0001900057001709,0.000189987651374,Saturday,0,0,0,0,0,1,1,-0.0229549863788215,-0.0232225546934514,0.00020717756130951619,0.00019057202708678102,0.0007695937485435041,-7.169647781640176,-0.00014708874541113914
2023-06-18,1.0002,1.00036,1.00014,1.000305,36997405310.585365,83377567361.54704,0.0001449768037113,0.0001449662955901,Sunday,0,0,0,0,0,0,1,-0.3126425564796292,-0.3749008258218667,0.00013209044288831377,0.0001411777578785947,0.0007700016288222148,-7.169117927765257,0.0005298538749194392
2023-06-19,1.00032,1.000405,0.99992,1.000215,39220887733.79094,83374381225.80836,-8.997255836962204e-05,-8.9976606143046e-05,Monday,1,0,0,0,0,0,0,0.0600983340463989,0.0583616717895948,0.00029122486579763874,0.00033662690343518254,0.0007701477723771336,-7.168928149351236,0.00018977841402101348
2023-06-20,1.00025,1.00042,0.99986,1.0004,52818231237.44948,83230120183.43205,0.0001849602335497,0.0001849431305146,Tuesday,0,1,0,0,0,0,0,0.346686275842341,0.2976469644679999,0.00033626720583798236,0.00038479882673067876,0.0007703112338999768,-7.168715924913206,0.00021222443802937363
2023-06-21,1.00042,1.0005,0.99999,1.000195,84122835327.4216,83194206683.62718,-0.0002049180327868,-0.0002049390313556,Wednesday,0,0,1,0,0,0,0,0.5926855814091774,0.4654216363113941,0.00030621119913216104,0.00033232841262063753,0.0007709737721849571,-7.1678562028979105,0.0008597220152957163
2023-06-22,1.000245,1.0007,0.99978,1.00046,88676688145.33101,83209478508.93031,0.0002649483350745,0.0002649132424627,Thursday,0,0,0,1,0,0,0,0.0541333729442781,0.0527189819090163,0.0005523837748878035,0.000636516395638238,0.0007721434518367984,-7.166340206760157,0.0015159961377531062
2023-06-23,1.00047,1.000795,1.00037,1.00079,68604479191.39721,83224318509.21951,0.0003298482697959,0.0003297938818149,Friday,0,0,0,0,1,0,0,-0.2263527131396442,-0.2566392109868052,0.00025508992582275154,0.00022516800714247924,0.0007744815845681083,-7.1633166755777555,0.0030235311824018396
2023-06-24,1.00079,1.00081,1.0004,1.000475,77179769894.446,83221398618.51917,-0.0003147513464363,-0.0003148008910377,Saturday,0,0,0,0,0,1,1,0.1249960761180752,0.1177795477552565,0.00024608121810936644,0.00021369786384774062,0.0007764375568034121,-7.160794334831354,0.0025223407464016745
2023-06-25,1.000425,1.00075,1.00015,1.000275,86950765877.03484,83211385494.58188,-0.0001999050451035,-0.0001999250287803,Sunday,0,0,0,0,0,0,1,0.126600480876686,0.1192046743172688,0.00036017465484159447,0.0004137059074399819,0.0007740869552621012,-7.163826345384935,-0.003032010553581266
2023-06-26,1.000335,1.0004499999999998,1.000105,1.00028,63273584518.50174,83200085590.05226,4.99862537806095e-06,4.998612884974747e-06,Monday,1,0,0,0,0,0,0,-0.2723056101888418,-0.3178741131391522,0.00020713613729145575,0.00024147808050256714,0.0007740874932318542,-7.163825650411893,6.949730417815658e-07
2023-06-27,1.000225,1.000655,1.00013,1.000495,67428640180.81184,83206749896.42857,0.0002149398168511,0.0002149167205982,Tuesday,0,1,0,0,0,0,0,0.0656680934694813,0.0636019202915398,0.00031517093495072576,0.0003310042186666337,0.0007736655609396168,-7.1643708695623936,-0.0005452191505002091
2023-06-28,1.0005,1.00056,1.000205,1.000335,66294674546.57491,83206977401.5784,-0.0001599208391845,-0.0001599336278854,Wednesday,0,0,1,0,0,0,0,-0.0168172698010246,-0.0169602857757732,0.0002131177122719066,0.00022903326495974467,0.0007740787656005209,-7.163836925210428,0.0005339443519654097
2023-06-29,1.00034,1.00046,1.00021,1.00029,64485480584.32404,83203101119.83972,-4.498493004845283e-05,-4.498594190076408e-05,Thursday,0,0,0,1,0,0,0,-0.0272901854428718,-0.0276694791431216,0.00015009002172235988,0.000173965357368889,0.0007740267513531444,-7.163904122500052,-6.719728962423233e-05
2023-06-30,1.000335,1.000645,1.00019,1.00043,95253831811.50871,83364771113.27177,0.0001399594117705,0.0001399496183658,Friday,0,0,0,0,1,0,0,0.4771361079793865,0.3901051509483522,0.0002731413162097416,0.0003161368115349763,0.0007725536874802496,-7.165809053250962,-0.0019049307509098057
2023-07-01,1.000395,1.000565,1.000245,1.00043,114368681583.76656,83412344635.69687,0.0,0.0,Saturday,0,0,0,0,0,1,1,0.2006727646409323,0.1828820368964101,0.00019210178582108254,0.00022513492314128793,0.0007721106746990364,-7.166382657205591,-0.0005736039546286875
2023-07-02,1.0005,1.00061,1.00036,1.000565,120558676724.91986,83417947211.22299,0.0001349419749507,0.0001349328711014,Sunday,0,0,0,0,0,0,1,0.0541231660226806,0.0527092991010572,0.00015006751913284593,0.0001720155602802363,0.000772315770800412,-7.166117062035061,0.0002655951705294868
2023-07-03,1.000555,1.00068,1.000365,1.000475,69941078224.27177,83422363034.3101,-8.994917871396613e-05,-8.995322438394674e-05,Monday,1,0,0,0,0,0,0,-0.4198586105597596,-0.5444834302529781,0.00018907798769790389,0.0002170045090185194,0.0007714777947856057,-7.167202668447454,-0.0010856064123929698
2023-07-04,1.000525,1.000635,1.00028,1.000285,66302434975.21255,83417257238.85365,-0.0001899097928482,-0.0001899278279963,Tuesday,0,1,0,0,0,0,0,-0.052024408851571,-0.0534265247923185,0.0002131017357523884,0.00020179777258206577,0.0007710480160831642,-7.167759908670645,-0.0005572402231903695
2023-07-05,1.00034,1.00044,1.000155,1.000275,83301354997.92683,83403251526.25784,-9.997150812068868e-06,-9.997200783914098e-06,Wednesday,0,0,1,0,0,0,0,0.2563845510209301,0.2282381923801794,0.00017110903947067872,0.00019737592682160835,0.0007622495621813117,-7.179236546472839,-0.011476637802194212
2023-07-06,1.00032,1.00056,1.0001449999999998,1.00044,78482515523.67596,83406235112.00348,0.0001649546374746,0.0001649410339544,Thursday,0,0,0,1,0,0,0,-0.0578482723884959,-0.0595889477248194,0.0002491450797570546,0.0002837136084580539,0.0006055679728574075,-7.409343742217356,-0.23010719574451688
2023-07-07,1.000495,1.000625,1.00034,1.00056,84791809350.06271,83418897194.23694,0.0001199472232216,0.0001199400301286,Friday,0,0,0,0,1,0,0,0.0803910754425731,0.0773230824825217,0.00017107739956421944,0.00019733971889363412,0.00019777597587150751,-8.528375602817906,-1.1190318606005505
2023-07-08,1.00061,1.0007350000000002,1.00043,1.000695,105864448829.83972,83425436679.60628,0.0001349244423123,0.0001349153408284,Saturday,0,0,0,0,0,1,1,0.2485221112900031,0.2219605408652093,0.00018306453366751673,0.00020897612989700733,0.00019311791048719416,-8.552209620437495,-0.023834017619588366
2023-07-09,1.00065,1.000715,1.00037,1.0004499999999998,71709937314.4216,83428986768.93379,-0.000244829843259,-0.0002448598189778,Sunday,0,0,0,0,0,0,1,-0.3226249406003716,-0.3895301574049552,0.00020708127597632224,0.00020979321012441779,0.00019103013265996165,-8.563079379743257,-0.010869759305762727
2023-07-10,1.000495,1.00059,1.00027,1.00053,105219463645.67596,83398970553.14635,7.996401619281279e-05,7.996081924129621e-05,Monday,1,0,0,0,0,0,0,0.4672926457086062,0.3834189650934635,0.0001920969853407429,0.0002251294546088733,0.00018276074662953014,-8.60733265597699,-0.04425327623373221
2023-07-11,1.000515,1.000645,1.000305,1.000565,133961380182.62367,83401076690.60278,3.498145982638867e-05,3.4980847989391475e-05,Tuesday,0,1,0,0,0,0,0,0.2731615952133668,0.2415032519851271,0.00020409386687206575,0.00023828645882100115,0.00018107932682663274,-8.616575352950186,-0.009242696973196018
2023-07-12,1.0006,1.00073,1.00039,1.000685,93294321857.1568,83408047621.6899,0.0001199322382854,0.0001199250469895,Wednesday,0,0,1,0,0,0,0,-0.3035730019355374,-0.3617923037975443,0.00020407652860255127,0.00023440973878669495,0.00018148307434706602,-8.614348162893958,0.0022271900562280678
2023-07-13,1.000635,1.000835,1.000425,1.000665,111738866600.21603,83410647198.11497,-1.99863093781616e-05,-1.9986509107104108e-05,Thursday,0,0,0,1,0,0,0,0.1977027580660237,0.1804053537707297,0.00024607506995210396,0.000289131433680752,0.00017781157028760907,-8.634786162268279,-0.020437999374321336
2023-07-14,1.000715,1.000995,1.000655,1.00085,134663316799.9094,83427362909.97562,0.0001848770567574,0.0001848599691003,Friday,0,0,0,0,1,0,0,0.2051609336768505,0.1866131129435023,0.00020402249290081437,0.00022511228146217434,0.00018092882033084347,-8.617406861885236,0.017379300383042917
2023-07-15,1.000845,1.00087,1.000555,1.0006050000000002,105334345501.05923,83418666673.48781,-0.0002447919268619,-0.0002448218932961,Saturday,0,0,0,0,0,1,1,-0.2177948085329641,-0.245638179675543,0.00018904208845771294,0.00016529837062488704,0.00017027277463680583,-8.678108850152624,-0.06070198826738782
2023-07-16,1.000555,1.00074,1.00053,1.000595,90749158030.2683,83413952581.31358,-9.99395365830491e-06,-9.994003598192504e-06,Sunday,0,0,0,0,0,0,1,-0.1384656391171507,-0.1490403388613651,0.0001260378193702536,0.00014630332362441353,0.00016848895702025789,-8.688640347291262,-0.010531497138638102
2023-07-17,1.00069,1.000795,1.00009,1.000645,106529475861.25784,83413028932.87805,4.997026769082424e-05,4.996901921858852e-05,Monday,1,0,0,0,0,0,0,0.1738894131196922,0.1603225203078703,0.00042320839690269317,0.0004975053065591303,0.0001651320132843506,-8.708765323446274,-0.020124976155011964
2023-07-18,1.00061,1.000725,1.000475,1.0006,71150556805.08014,83411030599.32753,-4.497099370914803e-05,-4.497200493460295e-05,Tuesday,0,1,0,0,0,0,0,-0.3321045069465524,-0.403623565209461,0.00015005027171639528,0.0001765614660986737,0.00016320383050151427,-8.720510644499454,-0.011745321053179936
2023-07-19,1.000655,1.00068,1.0004,1.000515,66863899137.30314,83407189325.78049,-8.494903058153813e-05,-8.495263895478982e-05,Wednesday,0,0,1,0,0,0,0,-0.0602477037463033,-0.0621389530678936,0.00016806638248099571,0.0001777503305509617,0.00016311405722411665,-8.721060864288434,-0.0005502197889803995
2023-07-20,1.000515,1.00064,1.000395,1.000585,69725436181.8467,83726004052.34843,6.996396855618592e-05,6.996152119188874e-05,Thursday,0,0,0,1,0,0,0,0.0427964429455043,0.0419059920103105,0.00014706139154144752,0.0001676028027724711,0.0001600912784264355,-8.739766415232875,-0.01870555094444093
2023-07-21,1.000635,1.000695,1.0004499999999998,1.000645,66116743337.02788,83825574214.04878,5.996492052151581e-05,5.9963122697539786e-05,Friday,0,0,0,0,1,0,0,-0.0517557586216772,-0.0531431713255074,0.00014705330779275544,0.00017303059104399694,0.0001560418845862635,-8.765386095814392,-0.0256196805815172
2023-07-22,1.0006400000000002,1.00075,1.000595,1.00066,74879784546.79094,83830447492.97562,1.4990331236530707e-05,1.499021888263823e-05,Saturday,0,0,0,0,0,1,1,0.1325389117412174,0.1244619369381827,9.302442793930476e-05,0.00010882114891871309,0.00014838213874846163,-8.81571959331256,-0.05033349749816729
2023-07-23,1.00065,1.000705,1.000405,1.000425,104551300969.49826,83824810894.17421,-0.0002348450022986,-0.0002348725827043,Sunday,0,0,0,0,0,0,1,0.396255365881377,0.3337939144602287,0.00018006842469194936,0.00015942065724241212,0.00014223441901905923,-8.85803402333614,-0.042314430023580485
2023-07-24,1.00048,1.00074,1.0004,1.00074,93467109621.1324,83819768313.06621,0.0003148661818728,0.0003148166219194,Monday,1,0,0,0,0,0,0,-0.106016771150457,-0.1120682636607142,0.00020407448899983,0.00017791148260450483,0.00014223557959119467,-8.858025863796357,8.159539783392233e-06
2023-07-25,1.00068,1.00091,1.0005000000000002,1.000715,82763071699.41812,83831378655.60628,-2.49815136798004e-05,-2.4981825723010143e-05,Tuesday,0,1,0,0,0,0,0,-0.1145219742549324,-0.1216276377136132,0.0002460566273232995,0.00028889282770875566,0.00013754791620049396,-8.89153822010507,-0.033512356308714075
2023-07-26,1.00067,1.00084,1.0004650000000002,1.00064,90479215826.05576,83829487140.34146,-7.49464133145139e-05,-7.494922193727993e-05,Wednesday,0,0,1,0,0,0,0,0.0932317272449891,0.089138197011584,0.00022506360028391853,0.0002643361943243754,0.00013822388569167694,-8.886635827326927,0.004902392778143749
2023-07-27,1.00069,1.00069,1.00032,1.00044,59021040956.34146,83819334840.81184,-0.0001998720818675,-0.000199892058954,Thursday,0,0,0,1,0,0,0,-0.3476839910968273,-0.4272261582412109,0.00022209548993553616,0.00021039196873216186,0.00013747035022279746,-8.892102298853453,-0.005466471526526462
2023-07-28,1.00049,1.00074,1.000365,1.000715,49857340111.850174,83819577118.22649,0.0002748790532165,0.0002748412808913,Friday,0,0,0,0,1,0,0,-0.1552615930862653,-0.1687282771708877,0.00022508609421669333,0.00022517162867774322,0.00014339942817932744,-8.849876617398563,0.04222568145489092
2023-07-29,1.000725,1.0008,1.000655,1.00075,41548915472.78049,83835387909.03833,3.497499288007688e-05,3.497438126927408e-05,Saturday,0,0,0,0,0,1,1,-0.166643960958016,-0.1822943103147625,8.70180691440052e-05,0.00010127261609281899,0.00014330635627228964,-8.85052586771268,-0.0006492503141171113
2023-07-30,1.00075,1.00079,1.00064,1.000645,43340898870.27526,83874006155.45296,-0.0001049213090182,-0.0001049268136438,Sunday,0,0,0,0,0,0,1,0.0431294867051039,0.0422253166399108,9.001981665880164e-05,8.355219559749862e-05,0.00014230543360227205,-8.857534869463436,-0.007009001750756028
2023-07-31,1.00064,1.000695,1.00042,1.00064,52380914741.538734,83873001093.16197,-4.996777078769554e-06,-4.996789562701728e-06,Monday,1,0,0,0,0,0,0,0.2085793351522629,0.18944556662958,0.00016506231000985324,0.00019434601814515755,0.00014230835778780454,-8.85751432101764,2.054844579646442e-05
2023-08-01,1.0006,1.000715,1.00003,1.000135,59502184740.77352,83857081946.50871,-0.0005046770067156,-0.0005048043990193,Tuesday,0,1,0,0,0,0,0,0.1359516158580469,0.127470727717654,0.00041123125743999675,0.0003885520383847118,0.00016774689887381162,-8.69305426887763,0.1644600521400097
2023-08-02,1.000135,1.000305,0.99988,1.000035,67271739092.81184,83828290941.77351,-9.998650182219126e-05,-9.999150080568796e-05,Wednesday,0,0,1,0,0,0,0,0.13057595088125,0.1227271939212422,0.00025521490832928833,0.00029399576565366283,0.00016793623592599352,-8.691926198667174,0.0011280702104556894
2023-08-03,1.000045,1.000115,0.99943,0.99967,59746024026.96864,83802521422.66899,-0.0003649872254471,-0.0003650538494963,Thursday,0,0,0,1,0,0,0,-0.1118703807472599,-0.1186375790152449,0.000411478052359674,0.0004247130471518528,0.00017731977830033548,-8.637555798368288,0.05437040029888607
2023-08-04,0.9997,0.99999,0.999225,0.99934,53720208074.70035,83793531444.20558,-0.0003301089359487,-0.0003301634338973,Friday,0,0,0,0,1,0,0,-0.1008571875770062,-0.1063134001492042,0.0004596097406074034,0.0004926768906648322,0.0001872767170395853,-8.582923264625647,0.05463253374264099
2023-08-05,0.99934,0.999605,0.999215,0.999575,51706152953.9021,83773775004.89511,0.0002351552024335,0.0002351275577827,Saturday,0,0,0,0,0,1,1,-0.0374915733386143,-0.038212457885654,0.00023435714340023657,0.00023405885767308228,0.00018975918828001076,-8.569754719777833,0.01316854484781338
2023-08-06,0.99954,0.99961,0.99913,0.999175,55797591432.54704,83770857889.08362,-0.0004001700722806,-0.000400250161691,Sunday,0,0,0,0,0,0,1,0.0791286577110583,0.0761539170834391,0.00028845110784847717,0.00025261637159759107,0.00020216091504929757,-8.506446568532798,0.0633081512450353
2023-08-07,0.9991,0.999755,0.998875,0.999635,52211022938.519165,83760685018.74216,0.000460379813346,0.0004602738710742,Monday,1,0,0,0,0,0,0,-0.0642781955626817,-0.0664370641639121,0.0005288561604881603,0.0005263306476589938,0.00021754087389192444,-8.43312379915152,0.07332276938127791
2023-08-08,0.999615,1.000395,0.999485,1.00007,57706555040.48084,83807160987.56445,0.000435158832974,0.0004350641788278,Tuesday,0,1,0,0,0,0,0,0.1052561660864779,0.1000771326152157,0.0005465435263277699,0.0005780155339098476,0.000227233027467336,-8.389534514308252,0.04358928484326796
2023-08-09,1.000075,1.000255,0.999665,0.999985,58470565084.70384,83826598384.08711,-8.49940504165092e-05,-8.49976626154907e-05,Wednesday,0,0,1,0,0,0,0,0.0132395712010022,0.0131526940489387,0.00035434529468308956,0.0004134430291299349,0.0002272939604121712,-8.38926639845672,0.00026811585153296846
2023-08-10,0.99998,1.00004,0.99936,0.999395,51518823011.82578,83799145069.45993,-0.0005900088501327,-0.0005901829738473,Thursday,0,0,0,1,0,0,0,-0.1188930201513763,-0.1265762303968466,0.0004085041859889841,0.00031473249199187565,0.0002514603093988311,-8.288225396390263,0.10104100206645583
2023-08-11,0.99943,0.999675,0.99905,0.9996,45222384261.70731,83774546759.35191,0.0002051241000806,0.0002051030650089,Friday,0,0,0,0,1,0,0,-0.1222162771201734,-0.1303550449851113,0.00037559020373474725,0.0004294031096227354,0.00025328862762135523,-8.280980898840358,0.007244497549905304
2023-08-12,0.999605,1.00005,0.999605,0.99998,35530778049.51219,83816171411.05923,0.0003801520608242,0.0003800798213369,Saturday,0,0,0,0,0,1,1,-0.2143099345693195,-0.2411928831075109,0.0002672958489007636,0.00021142723263686141,0.0002625969710735756,-8.244890130535383,0.03609076830497493
2023-08-13,0.99993,1.000085,0.99981,0.999855,40591721787.045296,83818772312.80836,-0.0001250025000499,-0.0001250103135136,Sunday,0,0,0,0,0,0,1,0.1424383032220872,0.1331648407719262,0.00016516300330668302,0.00018879379774886266,0.00026141725566735215,-8.249392746453447,-0.004502615918063668
2023-08-14,0.999855,0.999885,0.999175,0.99959,46104821406.42509,83776878954.90593,-0.0002650384305724,-0.0002650735594644,Monday,1,0,0,0,0,0,0,0.1358183239504582,0.1273533814094685,0.00042659897456635956,0.0004744939741274723,0.00026207477808884574,-8.246880682372746,0.0025120640807010375
2023-08-15,0.99964,0.999685,0.99924,0.99955,51769241857.56446,83776008580.12892,-4.001640672668394e-05,-4.001720740444783e-05,Tuesday,0,1,0,0,0,0,0,0.1228596116056095,0.1158786560143348,0.00026739346435706744,0.0003098185069404578,0.0002621702485084875,-8.246516461766527,0.0003642206062188791
2023-08-16,0.99949,0.999665,0.99933,0.99941,53107399045.38328,83779901900.90941,-0.0001400630283627,-0.0001400728381047,Wednesday,0,0,1,0,0,0,0,0.0258484988345117,0.0255200738908111,0.00020128915315452804,0.00023171950927256343,0.00026325657150285287,-8.24238144428796,0.004135017478567704
2023-08-17,0.999435,1.000395,0.99921,1.000395,61036293523.32404,83784868586.45645,0.0009855814930808,0.000985096126527,Thursday,0,0,0,1,0,0,0,0.1492992430520854,0.1391524027758841,0.0007118056921411236,0.0005884901137084802,0.0003187220612829597,-8.05119111621019,0.19119032807777003
2023-08-18,1.00034,1.0004,0.999645,1.00017,96948716359.1742,83828188716.53659,-0.0002249111600917,-0.0002249364563996,Friday,0,0,0,0,1,0,0,0.5883781724413981,0.462713478327982,0.00045341352905002276,0.000523298658770176,0.00032098245170133463,-8.044124103925673,0.0070670122845157834
2023-08-19,1.00016,1.00037,0.999975,1.0001799999999998,49626535914.16725,83074946330.49826,9.998300288804884e-06,9.998250306133711e-06,Saturday,0,0,0,0,0,1,1,-0.4881155957721855,-0.669656452425738,0.00023718076513671397,0.0002789823102912646,0.0003207333980929587,-8.044900315455935,-0.0007762115302618611
2023-08-20,1.00019,1.000445,1.000135,1.000375,36675865396.56795,82871095548.67247,0.000194964906317,0.0001949459031296,Sunday,0,0,0,0,0,0,1,-0.2609626136307084,-0.3024067688274045,0.00018612000005193343,0.00018657086042719116,0.00032251644447123744,-8.039356432419936,0.005543883035999286
2023-08-21,1.00036,1.000425,0.99995,1.000315,58491437407.954704,82866334040.82579,-5.997750843433902e-05,-5.997930715702032e-05,Monday,1,0,0,0,0,0,0,0.594820920392739,0.4667614543175915,0.00028521309999207157,0.00033464681847300716,0.000322690693970555,-8.038816297343393,0.0005401350765428248
2023-08-22,1.00037,1.000395,0.999935,0.999935,86831277602.49826,82860651695.75958,-0.0003798803376936,-0.0003799525105077,Tuesday,0,1,0,0,0,0,0,0.4845126304023672,0.3950865233716516,0.00027621258381421905,0.00018080606994871632,0.0003272653000951403,-8.024739400729697,0.014076896613696377
2023-08-23,0.999945,1.000505,0.99989,1.0004,61273172009.2892,82858062382.32404,0.0004650302269646,0.0004649221339183,Wednesday,0,0,1,0,0,0,0,-0.2943421575599818,-0.3486248014022332,0.00036927222107488916,0.00033029203008251963,0.00033317264716466297,-8.006849742383814,0.017889658345882964
2023-08-24,1.000395,1.00044,1.00005,1.00017,53996835996.44948,82867077349.87805,-0.0002299080367852,-0.0002299344696894,Thursday,0,0,0,1,0,0,0,-0.1187523964278625,-0.126416644210122,0.000234161503112292,0.00023762921425029074,0.00033577602422329885,-7.999066214847531,0.007783527536282975
2023-08-25,1.00016,1.00044,1.00005,1.00024,46769698709.44948,82865439183.32753,6.998810202274441e-05,6.998565296980109e-05,Friday,0,0,0,0,1,0,0,-0.133843717944422,-0.143689922434008,0.000234161503112292,0.00027118527950337017,0.0003357403142831657,-7.999172570979524,-0.00010635613199294625
2023-08-26,1.0002,1.00029,0.99999,1.000195,37427286366.083626,82860625716.04878,-4.49892025914389e-05,-4.4990214635967976e-05,Saturday,0,0,0,0,0,1,1,-0.199753528484422,-0.2228355093695292,0.00018014314262873186,0.00021207958358727312,0.00033385196535934343,-8.004812880724472,-0.005640309744948446
2023-08-27,1.000235,1.000365,1.0001,1.00017,26670316685.31708,82862357698.30313,-2.499512595033337e-05,-2.49954383336994e-05,Sunday,0,0,0,0,0,0,1,-0.2874098211542913,-0.3388488080472386,0.00015911172661863085,0.00018293371999382653,0.00033009095137978816,-8.016142331235491,-0.011329450511018635
2023-08-28,1.000155,1.000365,1.0,1.00013,36448010041.02788,82861745731.21951,-3.999320115588567e-05,-3.9994000905278114e-05,Monday,1,0,0,0,0,0,0,0.3666133203845214,0.3123356504153269,0.00021916484445212616,0.0002575787828761323,0.0003301099512913666,-8.016084773266373,5.7557969117993935e-05
2023-08-29,1.00014,1.00073,1.000015,1.000395,51943398688.39024,82871667102.85017,0.0002649655544779,0.0002649304573049,Tuesday,0,1,0,0,0,0,0,0.4251367531428989,0.3542677762338884,0.0004292413870042113,0.0004799133659776635,0.0003330843691536223,-8.007114739252575,0.0089700340137977
2023-08-30,1.000405,1.000495,1.00019,1.0004849999999998,72972016565.61673,82874621575.87108,8.996446403664038e-05,8.996041747694158e-05,Wednesday,0,0,1,0,0,0,0,0.4048371575255922,0.3399213939515235,0.00018310845411337786,0.0002097869656814733,0.0003334878217686861,-8.00590420971106,0.0012105295415150152
2023-08-31,1.000505,1.000745,1.000285,1.0004300000000002,49869254923.81882,82884586247.10802,-5.497333793080816e-05,-5.4974849020129794e-05,Thursday,0,0,0,1,0,0,0,-0.3165975497062469,-0.3806713538614366,0.00027611595916817296,0.0003217456111711359,0.0003206565437138953,-8.045139964924758,-0.03923575521369749
2023-09-01,1.000425,1.000495,0.999735,1.00005,63106891188.79094,82872525962.67596,-0.0003798366702318,-0.0003799088264522,Friday,0,0,0,0,1,0,0,0.2654468426527361,0.2354252951051888,0.00045637405428677305,0.00048418670315024935,0.000327564293280935,-8.023826206794674,0.02131375813008418
2023-09-02,1.00006,1.00042,0.999965,1.00021,53341978956.69686,82911487373.1359,0.0001599920003998,0.0001599792030447,Saturday,0,0,0,0,0,1,1,-0.154736068409412,-0.168106355316913,0.00027320276117981016,0.0003078691050854377,0.00032203933607319367,-8.040836858163008,-0.01701065136833435
2023-09-03,1.000205,1.00034,1.0,1.00002,71765568568.29268,82916546594.1324,-0.0001899601083773,-0.0001899781530839,Sunday,0,0,0,0,0,0,1,0.3453863162173292,0.296681195766304,0.0002041561049222334,0.00021109809033802274,0.0003182432939812042,-8.052694392292508,-0.011857534129500635
2023-09-04,1.0,1.000005,0.999675,0.999835,43495793469.59233,82888864441.65157,-0.0001849963000738,-0.000185013414,Monday,1,0,0,0,0,0,0,-0.3939183603317879,-0.5007405830621596,0.00019821691395511298,0.00020963976160312414,0.0003171387088668139,-8.056171312388495,-0.0034769200959861024
2023-09-05,0.999865,1.00006,0.999655,0.99989,85655724463.10802,82893192986.08362,5.500907649746978e-05,5.500756355370473e-05,Tuesday,0,1,0,0,0,0,0,0.9692875478404472,0.6776718264960474,0.00024326195593347177,0.00028599718121841757,0.0003087682226722679,-8.082919650962879,-0.02674833857438408
2023-09-06,0.999865,1.00037,0.99979,1.0002,83828808112.82579,82911008778.44948,0.0003100341037514,0.0003099860531099,Wednesday,0,0,1,0,0,0,0,-0.021328596094813,-0.0215593374249805,0.0003482976444997045,0.0003533044478976082,0.0003024551634372033,-8.103577511521356,-0.020657860558477736
2023-09-07,1.00012,1.000275,0.999905,1.00012,67122934361.60279,82919565759.64809,-7.998400319941812e-05,-7.998720209037656e-05,Thursday,0,0,0,1,0,0,0,-0.1992855931905705,-0.222250941297302,0.00022218765127143358,0.00026160596748615904,0.0002922037468099898,-8.138059235971536,-0.034481724450179385
2023-09-08,1.00017,1.00026,0.99985,1.00007,46966928442.78397,82918835292.24739,-4.999400071981075e-05,-4.9995250461517965e-05,Friday,0,0,0,0,1,0,0,-0.3002849340619549,-0.3570820754654616,0.0002462165553395823,0.0002831585085053404,0.0002919341142514016,-8.138982417280989,-0.0009231813094530139
2023-09-09,1.00011,1.0002,0.99995,1.00007,61828101479.52962,83023123144.69687,0.0,0.0,Saturday,0,0,0,0,0,1,1,0.3164178184411146,0.2749142737301068,0.00015012904220202363,0.00017500672447801543,0.0002713208352543331,-8.212208543406934,-0.07322612612594526
2023-09-10,1.000075,1.000225,1.0,1.00001,42875882087.874565,83026753297.58188,-5.99958002939216e-05,-5.999760011393617e-05,Sunday,0,0,0,0,0,0,1,-0.3065308320671929,-0.3660484988560742,0.00013511107156281228,0.00015386634103707437,0.0002689474740562214,-8.220994461160398,-0.008785917753463934
2023-09-11,1.000065,1.000245,0.99991,1.000175,50781673089.52265,83022954634.01743,0.0001649983500164,0.0001649847392858,Monday,1,0,0,0,0,0,0,0.1843878333615407,0.1692260447858682,0.0002011724144909095,0.00022678351889118925,0.0002615811924716282,-8.24876583518735,-0.02777137402695118
2023-09-12,1.00012,1.000665,1.000025,1.0003799999999998,64540332055.92683,83049950684.0453,0.0002049641312769,0.0002049431289991,Tuesday,0,1,0,0,0,0,0,0.2709374884547253,0.2397548080353448,0.00038422662573613445,0.0004225616260454291,0.00026325625762018415,-8.24238263659573,0.006383198591619177
2023-09-13,1.00042,1.000505,1.000255,1.00042,64369792593.29269,83061711862.8676,3.998480577416253e-05,3.998400640312452e-05,Wednesday,0,0,1,0,0,0,0,-0.0026423703938548,-0.0026458676165008,0.00015008327023708875,0.00017670954658904672,0.0002588725841108235,-8.259174570553498,-0.01679193395776757
2023-09-14,1.000395,1.000685,1.00024,1.000435,58317199129.43903,83067834378.29268,1.4993702644794382e-05,1.4993590240358453e-05,Thursday,0,0,0,1,0,0,0,-0.0940284754697863,-0.098747403311438,0.00026712619449610023,0.00031353376516743626,0.0002587839430223796,-8.259517041225319,-0.00034247067182135993
2023-09-15,1.000435,1.00059,1.000265,1.00046,85316421690.45645,83078737752.45993,2.498912972859202e-05,2.4988817505491167e-05,Friday,0,0,0,0,1,0,0,0.4629718670317273,0.38046989220971,0.00019509898832690008,0.00022918585720401585,0.00025755762565633886,-8.264267073940841,-0.004750032715522323
2023-09-16,1.0005099999999998,1.0006499999999998,1.000445,1.000535,40906915910.794426,83088163709.51917,7.496551586272382e-05,7.496270608886276e-05,Saturday,0,0,0,0,0,1,1,-0.5205270556328279,-0.7350678109280065,0.00012304767872708687,0.00014404280081487374,0.00018486778562147149,-8.59586966070232,-0.3316025867614787
2023-09-17,1.000535,1.0007,1.000525,1.00056,63140480951.55052,83093047847.74913,2.4986632151779983e-05,2.498631999108673e-05,Sunday,0,0,0,0,0,0,1,0.5435160423543235,0.4340629583976901,0.00010503387778650782,0.00012268899568686133,0.0001803062997223223,-8.620853488141758,-0.0249838274394385
2023-09-18,1.00055,1.00109,1.000465,1.00061,41778670053.377625,83096257617.53496,4.997201567125131e-05,4.9970767111671376e-05,Monday,1,0,0,0,0,0,0,-0.3383219540973154,-0.4129761768390267,0.0003750591564511973,0.00044002284899407094,0.00018052774155636234,-8.61962609916784,0.0012273889739180532
2023-09-19,1.000595,1.00078,1.00048,1.000635,49735472999.02788,83143163272.4251,2.4984759296797776e-05,2.4984447182897933e-05,Tuesday,0,1,0,0,0,0,0,0.190451322061818,0.1743324974585169,0.00018005492806281407,0.00021053750914842688,0.00017704314743372985,-8.639117084285688,-0.01949098511784797
2023-09-20,1.000635,1.000685,1.00022,1.000305,77332269297.78049,83200837327.08362,-0.0003297905829797,-0.0003298449758532,Wednesday,0,0,1,0,0,0,0,0.5548714958293854,0.4413929028783634,0.00027913465663808765,0.000256878935116376,0.00018668408898509124,-8.586092733409819,0.05302435087586943
2023-09-21,1.00032,1.0006,1.000275,1.000515,87517207704.20906,83227878598.44948,0.0002099359695293,0.0002099139360573,Thursday,0,0,0,1,0,0,0,0.1317036018587507,0.1237241096821852,0.00019509703819005692,0.0001951659156499814,0.00017750384246693256,-8.636518301582083,-0.050425568172263624
2023-09-22,1.0005700000000002,1.00075,1.000285,1.00059,41825025724.36585,83236102044.92683,7.496139488161191e-05,7.495858541665067e-05,Friday,0,0,0,0,1,0,0,-0.522093690811912,-0.7383405715850055,0.0002791165222692424,0.00032839968877957943,0.00015649223853344803,-8.762504143249366,-0.12598584166728344
2023-09-23,1.000595,1.0009,1.000465,1.0007350000000002,33194183395.37631,83256074763.80836,0.0001449145004448,0.0001449040013529,Saturday,0,0,0,0,0,1,1,-0.2063559359381698,-0.2311202002814299,0.0002610659505137475,0.0002948256762719905,0.00015306011138253533,-8.784679828877712,-0.02217568562834593
2023-09-24,1.0006750000000002,1.00092,1.0005700000000002,1.000905,25974122840.783974,83263070094.54007,0.0001698751417704,0.0001698607146224,Sunday,0,0,0,0,0,0,1,-0.2175098109386849,-0.2452738945872408,0.00021003994392182194,0.0002018814448722128,0.0001556466726963613,-8.767922038135461,0.016757790742250478
2023-09-25,1.000895,1.0009,1.000265,1.000305,39156491292.99304,83244734830.98955,-0.0005994574909705,-0.0005996372374494,Monday,1,0,0,0,0,0,0,0.5075192926827317,0.4104654473368026,0.0003811343668204491,0.0002589787305985327,0.0001901155174068654,-8.567878684200688,0.2000433539347739
2023-09-26,1.00034,1.00053,1.0002,1.000305,37091032515.43903,83236085634.8676,0.0,0.0,Tuesday,0,1,0,0,0,0,0,-0.0527488216985267,-0.0541909851660446,0.0001981128880427824,0.00023224420061496322,0.00019006073825919532,-8.568166861840574,-0.00028817763988620015
2023-09-27,1.000355,1.00038,0.999935,1.0001,44535928900.92335,83268717505.47386,-0.0002049374940643,-0.0002049584966221,Wednesday,0,0,1,0,0,0,0,0.200719577768168,0.1829210252169898,0.00026720765515808993,0.0002717976374844833,0.00019357177756223408,-8.54986217080288,0.018304691037693388
2023-09-28,1.0001,1.000525,0.99975,1.000525,50832921427.79094,83277423685.53659,0.0004249575042496,0.0004248672353821,Thursday,0,0,0,1,0,0,0,0.1413912919808222,0.1322479498473011,0.0004653709681862629,0.00048010324789806867,0.00020284846664045682,-8.503051327421202,0.04681084338167807
2023-09-29,1.000455,1.00065,1.000245,1.00032,50228108072.34495,83312903317.94077,-0.0002048924314734,-0.0002049134247953,Friday,0,0,0,0,1,0,0,-0.011898064058843,-0.0119694125268323,0.00024311849557408913,0.00027368666123058275,0.00020561465961844332,-8.48950672527898,0.013544602142221862
2023-09-30,1.00032,1.00057,1.00026,1.000385,33959233112.777004,83276059224.10802,6.497920665382573e-05,6.497709559662644e-05,Saturday,0,0,0,0,0,1,1,-0.3238998159384268,-0.3914140126453805,0.00018609674470258274,0.00021535830706499238,0.00020571188885004808,-8.489033965940797,0.00047275933818369253
2023-10-01,1.00033,1.000545,1.000255,1.000545,31715949683.66899,83283354079.62369,0.0001599384237067,0.0001599256349206,Sunday,0,0,0,0,0,0,1,-0.0660581298069415,-0.0683410801707923,0.00017409311324837016,0.00015548484792349339,0.00019585427650135745,-8.538139662495436,-0.04910569655463881
2023-10-02,1.00054,1.000895,1.00023,1.000625,50524098639.85714,83311514616.7561,7.9956423749028e-05,7.995322740455635e-05,Monday,1,0,0,0,0,0,0,0.5930186276551177,0.4656307243028065,0.00039914869448206403,0.0004669863448874529,0.00019421346519415972,-8.546552667774582,-0.008413005279146901
2023-10-03,1.000635,1.000695,1.000005,1.000075,50435024409.01045,83353166980.93031,-0.0005496564647096,-0.0005498075812015,Tuesday,0,1,0,0,0,0,0,-0.001763004848075,-0.0017645607701231,0.0004142422626686213,0.00034180040712918417,0.00021585201563255996,-8.440917497889362,0.10563516988522004
2023-10-04,1.00007,1.00041,0.99993,1.000375,42146676609.40767,83373948031.52614,0.0002999775016874,0.0002999325174326,Wednesday,0,0,1,0,0,0,0,-0.1643371426250768,-0.1795300278889525,0.0002882203861760522,0.0002814991983304712,0.000220113026362419,-8.421369387346628,0.01954811054273442
2023-10-05,1.00035,1.000505,0.999995,0.999995,36703914885.71429,83389163169.64459,-0.0003798575534175,-0.0003799297175732,Thursday,0,0,0,1,0,0,0,-0.1291385741783135,-0.1382724125807317,0.0003062096684588093,0.00028516494933469427,0.0002305654707799808,-8.374975697767729,0.046393689578899
2023-10-06,1.000155,1.00053,1.000025,1.00044,38618232722.91986,83390707833.21603,0.000445002225011,0.0004449032408853,Friday,0,0,0,0,1,0,0,0.0521556853857749,0.050841093276524,0.00030319927686104937,0.0003099736543014823,0.00023781369669746493,-8.344022977815953,0.03095271995177562
2023-10-07,1.000455,1.00053,1.00035,1.0003799999999998,34617110651.125435,83461079650.80487,-5.997361161103054e-05,-5.9975410099983656e-05,Saturday,0,0,0,0,0,1,1,-0.1036070733868608,-0.1093764279687615,0.00010805347355392713,0.00011838353326412628,0.00023761732031607949,-8.344849076179441,-0.0008260983634880148
2023-10-08,1.00043,1.0006149999999998,1.000345,1.00041,25261756743.96864,83513259207.82927,2.998860433045536e-05,2.9988154681250062e-05,Sunday,0,0,0,0,0,0,1,-0.2702523038806141,-0.3150564263349303,0.00016207373077940416,0.00019042228228023517,0.00023750505200088596,-8.345321663133138,-0.00047258695369656323
2023-10-09,1.0004,1.00096,1.000165,1.00064,34804937479.92683,83518459636.48781,0.000229905738647,0.0002298793143726,Monday,1,0,0,0,0,0,0,0.3777718561966861,0.3204675973437756,0.00047717777011519396,0.0005416916890792166,0.0002411848524095659,-8.329946896038672,0.015374767094465724
2023-10-10,1.00068,1.000785,1.000315,1.000355,37717293335.09408,83533914968.7352,-0.0002848177166612,-0.0002848582849303,Tuesday,0,1,0,0,0,0,0,0.083676514484386,0.080359440109494,0.00028210861151878726,0.0002637583444602604,0.000246485193701956,-8.308208632403396,0.02173826363527631
2023-10-11,1.000315,1.0006400000000002,1.000105,1.0001799999999998,34873748961.71429,83529535319.8885,-0.0001749378970468,-0.0001749532004655,Wednesday,0,0,1,0,0,0,0,-0.0753909976550203,-0.0783843310002006,0.00032118061223039,0.00036874003906318384,0.0002467142192621955,-8.307279898221314,0.0009287341820822803
2023-10-12,1.00023,1.00042,1.00014,1.00029,35472179626.400696,83543095121.0453,0.0001099802035633,0.0001099741561841,Thursday,0,0,0,1,0,0,0,0.0171599177749255,0.01701434932123,0.00016811006750925992,0.00019439166877291213,0.00024468549939933804,-8.315536847958322,-0.008256949737008412
2023-10-13,1.000275,1.000405,1.00004,1.000295,36263238890.57491,83542027376.83972,4.998550420465264e-06,4.998537927753741e-06,Friday,0,0,0,0,1,0,0,0.0223008361060919,0.0220558086481403,0.0002191560798082285,0.00025773715118022005,0.00024457828147667255,-8.315975130653966,-0.00043828269564372135
2023-10-14,1.000195,1.000525,1.000165,1.0004499999999998,32484033537.766552,83555441345.68642,0.0001549542884848,0.0001549422843091,Saturday,0,0,0,0,0,1,1,-0.1042158800048774,-0.110055832542754,0.00021612747193724624,0.00019912989531429068,0.0002461935808004953,-8.30939241766311,0.006582712990855555
2023-10-15,1.000455,1.00053,1.000335,1.000365,25515985385.96113,83562327652.27562,-8.496176720462767e-05,-8.496537666001619e-05,Sunday,0,0,0,0,0,0,1,-0.2145068636166822,-0.2414435592198402,0.0001170588072933216,0.00012597477855358285,0.00024663961908364437,-8.307582318810033,0.0018100988530775908
2023-10-16,1.00043,1.0007549999999998,1.00029,1.00062,58023377351.54704,83570156213.87108,0.0002549069589601,0.0002548744757012,Monday,1,0,0,0,0,0,0,1.2740010418516483,0.8215408534863962,0.00027911512741538925,0.0003067067316748075,0.0002506175467461362,-8.291582499014426,0.015999819795606385
2023-10-17,1.0005799999999998,1.000675,1.00031,1.000375,89460549541.14285,83628635970.4251,-0.0002448481941197,-0.0002448781743326,Tuesday,0,1,0,0,0,0,0,0.5418018327186813,0.4329517537300088,0.00021909693679339799,0.00022433993928070052,0.0002545332752437503,-8.276078983000762,0.015503516013664509
2023-10-18,1.000405,1.00069,1.00035,1.00042,61167714350.77352,83723101534.21951,4.498313132583753e-05,4.498211961512543e-05,Wednesday,0,0,1,0,0,0,0,-0.3162604671610861,-0.380178233825405,0.00020408468742128376,0.00024011058160042386,0.000254502256683424,-8.276200854887572,-0.00012187188680989891
2023-10-19,1.00042,1.0008050000000002,1.00023,1.0008,56850414653.01394,83853826250.58885,0.0003798404670036,0.0003797683458759,Thursday,0,0,0,1,0,0,0,-0.0705813474245827,-0.0731959930518896,0.0003451440899641939,0.0003307999800171047,0.00026373861641386186,-8.240552034621603,0.03564882026596905
2023-10-20,1.00081,1.000925,1.00017,1.00059,81609850027.72473,83979036009.80139,-0.0002098321342923,-0.0002098541521347,Friday,0,0,0,0,1,0,0,0.4355189935874666,0.3615264518306795,0.0004531756171814664,0.0005157811503587333,0.0002596139949174236,-8.256314665044172,-0.015762630422569757
2023-10-21,1.000595,1.0017477362064575,1.00024,1.000405,68857541376.66202,84188985418.23344,-0.0001848909143605,-0.0001849080087927,Saturday,0,0,0,0,0,1,1,-0.1562594300409872,-0.1699102132027269,0.0009045890010970487,0.0010585118828138195,0.00025897940084584166,-8.258762032841425,-0.002447367797252298
2023-10-22,1.00035,1.000635,1.00032,1.00057,62425795385.46342,84192554111.96516,0.0001649332020532,0.000164919602068,Sunday,0,0,0,0,0,0,1,-0.0934065588548376,-0.0980611750645818,0.00018908649214650778,0.0001757432690627556,0.0002603644617001801,-8.25342813274929,0.005333900092134414
2023-10-23,1.000565,1.00108,1.000245,1.00037,86556290490.29268,84210173457.5993,-0.0001998860649429,-0.0001999060448249,Monday,1,0,0,0,0,0,0,0.3865468586476086,0.3268163818586223,0.0005011366317475284,0.0005774737818539282,0.0002615756643014401,-8.248786969079093,0.004641163670196846
2023-10-24,1.000425,1.0006050000000002,0.999725,1.0004849999999998,214635043675.5296,84201662000.21603,0.0001149574657375,0.0001149508586344,Tuesday,0,1,0,0,0,0,0,1.4797162916726545,0.90814415511379,0.0005284067068537813,0.0006210337434437499,0.00026057730025022926,-8.252611002784148,-0.0038240337050545747
2023-10-25,1.000475,1.000635,1.000135,1.000475,151672670501.6237,84292578033.52264,-9.995152351005563e-06,-9.995202302873675e-06,Wednesday,0,0,1,0,0,0,0,-0.2933461940590096,-0.3472143992899029,0.0003001650449053674,0.00035341733228038715,0.00023647064438699859,-8.349686482949995,-0.09707548016584688
2023-10-26,1.000505,1.000505,1.0001250000000002,1.000445,119280937702.2842,84358383015.92982,-2.998575676549376e-05,-2.9986206347285545e-05,Thursday,0,0,0,1,0,0,0,-0.2135634105485914,-0.2402431834449306,0.0002281413958739929,0.0002660172883546761,0.0002365340103998558,-8.349418553183998,0.0002679297659966551
2023-10-27,1.00044,1.00057,1.000275,1.000475,94108432842.78746,84533667062.1324,2.9986655938119e-05,2.9986206347339617e-05,Friday,0,0,0,0,1,0,0,-0.2110354373833421,-0.2370338734457541,0.0001770907357438311,0.00020737159389469466,0.00023361944336239697,-8.36181707690202,-0.012398523718021082
2023-10-28,1.000535,1.000585,1.000365,1.00049,73426985442.18118,84576967539.48781,1.4992878382802388e-05,1.4992765990724673e-05,Saturday,0,0,0,0,0,1,1,-0.2197618935505556,-0.2481561412035068,0.00013206073664905692,0.00015295614296135629,0.00022038254202178467,-8.4201456942503,-0.05832861734828043
2023-10-29,1.00044,1.000725,1.000365,1.0006,53324152820.68293,84580361853.78049,0.0001099461263978,0.0001099400827654,Sunday,0,0,0,0,0,0,1,-0.2737798984996855,-0.3199021399934867,0.00021608426998690058,0.0002342019814053533,0.00021810939571513454,-8.430513805835291,-0.010368111584991624
2023-10-30,1.000555,1.000775,1.00032,1.0006,76309040590.80139,84580056986.25435,0.0,0.0,Monday,1,0,0,0,0,0,0,0.4310408427380261,0.3584020415632606,0.00027310582726749875,0.00032034029878327065,0.0002177865340208512,-8.431995176645618,-0.00148137081032651
2023-10-31,1.0006,1.000955,1.00039,1.00047,90315531885.03136,84666225630.06271,-0.0001299220467718,-0.000129930487372,Tuesday,0,1,0,0,0,0,0,0.1835495661561019,0.1685180300886662,0.00033908905210915547,0.0003909944386535381,0.00021712016295655497,-8.435059611341174,-0.003064434695556173
2023-11-01,1.000475,1.00086,1.000245,1.0006849999999998,97911052888.59584,84831691899.04181,0.000214898997471,0.0002148759099891,Wednesday,0,0,1,0,0,0,0,0.0840998313914966,0.0807499941565448,0.0003691412018162282,0.00041459363029741153,0.0002201525299263875,-8.421189933998482,0.013869677342691844
2023-11-02,1.00078,1.001045,1.00017,1.00032,139898539138.20557,84920625398.81534,-0.0003647501461495,-0.0003648166836643,Thursday,0,0,0,1,0,0,0,0.4288329561462636,0.356857996485977,0.0005251720453132689,0.0005483591935027914,0.0002069474111397098,-8.483045849440868,-0.06185591544238633
2023-11-03,1.00032,1.000955,1.000235,1.000905,109797115167.5575,85221681384.35541,0.0005848128598846,0.0005846419234847,Friday,0,0,0,0,1,0,0,-0.2151661064945854,-0.2422831842203457,0.0004321469583805518,0.0003561657619523728,0.0002263230429426984,-8.393547185750736,0.08949866369013293
2023-11-04,1.0008750000000002,1.0011100000000002,1.000795,1.00105,81572139241.33798,85422424552.49477,0.0001448688936513,0.0001448584011665,Saturday,0,0,0,0,0,1,1,-0.2570648225424354,-0.2971464824074463,0.00018899676152980707,0.00019419217136870188,0.00021704845535030028,-8.435389932805615,-0.041842747054879226
2023-11-05,1.000995,1.0013,1.00096,1.00099,72183508038.8432,85460153551.52614,-5.993706608053984e-05,-5.993886237826191e-05,Sunday,0,0,0,0,0,0,1,-0.1150960522773312,-0.1222761735111119,0.00020396033627629286,0.00024012487578809575,0.00020157337229666483,-8.50935711235242,-0.07396717954680554
2023-11-06,1.001195,1.00129,1.00035,1.000495,87590898213.10802,85464904632.10802,-0.0004945104346698,-0.0004946327452791,Monday,1,0,0,0,0,0,0,0.2134475116667069,0.1934654915751392,0.0005640650402965611,0.0005021071958017419,0.00022060668133257533,-8.419129164511153,0.09022794784126731
2023-11-07,1.000445,1.001055,1.000385,1.00081,90709147596.06969,85588249330.70383,0.0003148441521447,0.0003147945991254,Tuesday,0,1,0,0,0,0,0,0.0356001530589968,0.0349811166926437,0.00040208651967984534,0.000415605121160944,0.00022790462812870564,-8.386583314201829,0.03254585030932411
2023-11-08,1.0007549999999998,1.000855,1.0,1.00036,102945778551.64111,86085789894.42857,-0.0004496357950061,-0.0004497369114917,Wednesday,0,0,1,0,0,0,0,0.1348996355920075,0.126544220232304,0.0005132604421710344,0.0005522642473938728,0.00023858152876645643,-8.340799466358112,0.04578384784371714
2023-11-09,1.000315,1.000735,0.99999,1.00008,152135459628.8014,86273868391.51569,-0.0002798992362748,-0.000279938415377,Thursday,0,0,0,1,0,0,0,0.4778212547344529,0.3905688779557126,0.000447255987656351,0.0005059513377896847,0.00023838733537155716,-8.341613747625635,-0.0008142812675231426
2023-11-10,1.00013,1.0007899999999998,0.999905,1.00011,199526569930.9129,86507829362.22997,2.9997600192066542e-05,2.999715027305554e-05,Friday,0,0,0,0,1,0,0,0.3115060119300399,0.27117610432499,0.0005313120696097392,0.000625448672152934,0.00023630113955416584,-8.350403551293976,-0.008789803668340923
2023-11-11,1.00015,1.00069,0.999905,0.99998,129504927801.49477,86685448901.62021,-0.0001299857015728,-0.0001299941504463,Saturday,0,0,0,0,0,1,1,-0.3509389358703629,-0.432228477136185,0.00047130035778737846,0.0005447630957791795,0.00023663974171440238,-8.348971650472958,0.0014319008210179618
2023-11-12,0.999975,1.00065,0.99995,0.999995,102417052353.56444,86797956775.33798,1.500030000589625e-05,1.5000187502521171e-05,Sunday,0,0,0,0,0,0,1,-0.2091648241327978,-0.234665707305187,0.0004202667801969459,0.0004946701564960199,0.0002366538288304577,-8.34891212244665,5.952802630737608e-05
2023-11-13,1.00006,1.000855,1.00006,1.000435,103494147979.87804,86848225181.10104,0.000440002200011,0.0004399054274287,Monday,1,0,0,0,0,0,0,0.0105167606522715,0.0104618442180679,0.0004772278508743605,0.0005113001212829502,0.0002483049680411686,-8.30085285742974,0.04805926501691005
2023-11-14,1.0004499999999998,1.00064,0.999865,1.000335,125347454720.55052,87077631402.77003,-9.995651891425704e-05,-9.996151490001744e-05,Tuesday,0,1,0,0,0,0,0,0.2111549992654786,0.1915744491679254,0.0004653174640292765,0.0005431907535175864,0.00024849103966728865,-8.30010377075459,0.0007490866751496128
2023-11-15,1.000315,1.0006849999999998,1.0002,1.00068,134339520225.0662,87331690153.95122,0.0003448844637046,0.0003448250047285,Wednesday,0,0,1,0,0,0,0,0.0717371208259678,0.0692808094664024,0.00029114335889886717,0.00025709062165872186,0.00025208313373236937,-8.285751629093124,0.014352141661467144
2023-11-16,1.0005,1.00066,1.000005,1.00012,150654120757.34146,87452481063.99652,-0.0005596194587681,-0.0005597761041814,Thursday,0,0,0,1,0,0,0,0.121443045984849,0.114616289903342,0.00039323685167879096,0.00039827577960669026,0.0002683133215675278,-8.223355150004112,0.06239647908901169
2023-11-17,1.00014,1.000525,1.00014,1.0004849999999998,142066162060.85367,87551801721.16028,0.0003649562052552,0.0003648896249381,Friday,0,0,0,0,1,0,0,-0.0570044725847255,-0.0586937392917677,0.00023113921275723416,0.00016767014509713878,0.00027633809022164525,-8.193885477332906,0.02946967267120648
2023-11-18,1.00048,1.0008,1.00037,1.000675,106406524602.51569,87711992753.86063,0.0001899078946712,0.0001898898644496,Saturday,0,0,0,0,0,1,1,-0.2510072556409546,-0.2890259826159161,0.00025809033901518755,0.00027869344975906777,0.00026973544862276665,-8.2180688992189,-0.024183421885995315
2023-11-19,1.000635,1.0007549999999998,1.000255,1.0004499999999998,73454378665.72473,87746876143.66899,-0.0002248482274466,-0.0002248735095991,Sunday,0,0,0,0,0,0,1,-0.3096816295794318,-0.3706023813994149,0.0003001290432791939,0.00033416651421364844,0.00027013858773248216,-8.21657544275499,0.0014934564639101922
2023-11-20,1.000455,1.000825,1.00021,1.000555,93272617427.91289,87761667611.5993,0.0001049527712531,0.0001049472640963,Monday,1,0,0,0,0,0,0,0.2698033680521177,0.2388620601779413,0.00036915411507657794,0.00043018355069994365,0.0002687048352119611,-8.22189704767049,-0.005321604915499378
2023-11-21,1.00056,1.0006,1.000155,1.000445,119459333266.12196,88025679384.68642,-0.000109938983864,-0.000109945027597,Tuesday,0,1,0,0,0,0,0,0.2807545940098428,0.2474494307991918,0.00026714889165528063,0.00030632365010893045,0.00026776594804266737,-8.225397287225666,-0.003500239555176421
2023-11-22,1.000455,1.000655,1.0001250000000002,1.000335,146320978588.78745,88312787279.50174,-0.0001099510717731,-0.0001099571168353,Wednesday,0,0,1,0,0,0,0,0.2248601644446253,0.2028266860071397,0.0003181733581636203,0.0003671270525143906,0.00026602545170972206,-8.231918570640657,-0.006521283414990364
2023-11-23,1.000355,1.00039,1.000025,1.000105,116898240850.01044,88495684515.33101,-0.000229922975803,-0.0002299494121427,Thursday,0,0,0,1,0,0,0,-0.2010835221480105,-0.2244988720315567,0.00021915936646760728,0.00020604021501502987,0.0002684988678414887,-8.2226638606295,0.009254710011155964
2023-11-24,1.0001,1.0004849999999998,1.000045,1.00033,94606748657.45296,88533788724.83624,0.0002249763774802,0.00022495107409,Friday,0,0,0,0,1,0,0,-0.1906914255549765,-0.211575007645931,0.00026417692730808457,0.00027626532867466684,0.0002716156808574698,-8.211122428830473,0.01154143179902789
2023-11-25,1.00033,1.000515,1.000075,1.0003449999999998,102929165025.1742,88687686224.00697,1.4995051632826772e-05,1.4994939208163911e-05,Saturday,0,0,0,0,0,1,1,0.0879685274657793,0.0843122210537583,0.00026416900433742405,0.0003108955753776172,0.0002715743003465019,-8.211274789928725,-0.00015236109825167432
2023-11-26,1.000295,1.00044,0.999885,1.000165,65176776730.60702,88738457389.42105,-0.0001799379214169,-0.0001799541121869,Sunday,0,0,0,0,0,0,1,-0.3667802831717695,-0.4569378130705709,0.0003332573226761472,0.0003839753811539088,0.00027349968483727306,-8.204210088434628,0.007064701494096326
2023-11-27,1.000165,1.0005,1.000055,1.000105,97133568383.43904,88798253504.65506,-5.99901016331561e-05,-5.9991901111270686e-05,Monday,1,0,0,0,0,0,0,0.4903094822396321,0.3989838045905166,0.0002671755991339476,0.0003123576313990325,0.00027370522911516343,-8.203458836820044,0.0007512516145844472
2023-11-28,1.000115,1.000465,1.00008,1.000205,103139546491.9514,88910467103.10764,9.998950110245984e-05,9.998450248549788e-05,Tuesday,0,1,0,0,0,0,0,0.0618321575997651,0.0599958666381569,0.00023115307733211622,0.00026635341883611785,0.0002735779384555909,-8.20392400976674,-0.0004651729466953469
2023-11-29,1.00019,1.000405,0.99995,1.00012,96412236046.0,89075915693.79861,-8.498257857147973e-05,-8.498618979540559e-05,Wednesday,0,0,1,0,0,0,0,-0.0652253250548893,-0.0674497680995707,0.00027320685849405917,0.0003187216821724193,0.00027401759704711627,-8.202318230838705,0.0016057789280345958
2023-11-30,1.000105,1.00035,1.000005,1.0001250000000002,62261416777.35764,89271315873.28473,4.999400072147608e-06,4.999387575188719e-06,Thursday,0,0,0,1,0,0,0,-0.3542166499732294,-0.4372912029247126,0.0002071568472296107,0.00024359166170955947,0.00027299037633047766,-8.206074014937377,-0.0037557840986721658
2023-12-01,1.000175,1.00034,0.999935,1.000185,60633808017.23077,89356580541.48952,5.999250093724484e-05,5.9990701459130256e-05,Friday,0,0,0,0,1,0,0,-0.0261415310536072,-0.0264892949879364,0.00024319385194831693,0.0002862714409800784,0.00027037872171207,-8.215686908785067,-0.009612893847689818
2023-12-02,1.00023,1.000425,0.99985,1.00017,58268505970.10802,89524820185.50174,-1.4997225513346812e-05,-1.499733797285775e-05,Saturday,0,0,0,0,0,1,1,-0.0390096239122995,-0.0397908845388883,0.00034527522669405044,0.0004048171858228814,0.0002620606356110512,-8.246934647349843,-0.03124773856477603
2023-12-03,1.00016,1.00016,0.999465,0.999925,65126503767.69338,89557187495.52962,-0.0002449583570793,-0.0002449883642781,Sunday,0,0,0,0,0,0,1,0.117696475710284,0.1112698492419668,0.0004174683291721003,0.000469331246597179,0.0002434807605021947,-8.320472630874582,-0.07353798352473895
2023-12-04,0.99993,1.0001,0.99938,0.99957,100427421622.83276,89618345031.81184,-0.000355026626997,-0.0003550896638702,Monday,1,0,0,0,0,0,0,0.5420361268134086,0.4331037034097603,0.0004325165401531419,0.0004574342219968863,0.0002505720877672232,-8.291763903320929,0.028708727553652835
2023-12-05,0.99954,1.000435,0.999435,1.000435,113072641746.34494,89774537829.22299,0.0008653721100073,0.0008649978914396,Tuesday,0,1,0,0,0,0,0,0.1259140174981572,0.118595165787778,0.0006006002934655428,0.0004366072283339838,0.00029598534986338454,-8.12520059856985,0.1665633047510795
2023-12-06,1.000525,1.00062,1.0,1.000475,123271922566.777,89946474197.17421,3.998260756565841e-05,3.998180828250941e-05,Wednesday,0,0,1,0,0,0,0,0.0902011367463406,0.0863622083427306,0.00037223256654836335,0.00043716831174690665,0.00028196671271054345,-8.173721534026967,-0.048520935457117886
2023-12-07,1.000465,1.000725,1.0001799999999998,1.0003799999999998,98973959574.45992,90092245309.9094,-9.495489642441513e-05,-9.495940492599772e-05,Thursday,0,0,0,1,0,0,0,-0.1971086561025666,-0.2195358868965279,0.0003271578255725812,0.00038156201962073906,0.00027659106163245665,-8.192970454395109,-0.019248920368141853
2023-12-08,1.0003799999999998,1.0004849999999998,1.00012,1.00012,97187374979.3554,90233982253.49129,-0.0002599012375296,-0.0002599350177093,Friday,0,0,0,0,1,0,0,-0.0180510570940677,-0.0182159649468347,0.00021913855262343303,0.0002011759725784914,0.00026835184522827014,-8.223211583165076,-0.030241128769967318
2023-12-09,1.000115,1.00081,1.0001,1.0006499999999998,93753295712.3101,90368344644.8885,0.0005299364076309,0.000529796040921,Saturday,0,0,0,0,0,1,1,-0.0353346231213134,-0.0359739974894074,0.00042620454994498285,0.0003759497820667394,0.00028063616503070917,-8.17845151395824,0.04476006920683595
2023-12-10,1.00064,1.00064,1.0003,1.00048,76882124828.76306,90601278125.0209,-0.0001698895717781,-0.000169904004646,Sunday,0,0,0,0,0,0,1,-0.1799528299817603,-0.1983934159658164,0.00020409488686208907,0.00021878674146302016,0.00028229223955944115,-8.172567713130718,0.0058838008275223785
2023-12-11,1.000475,1.0006,0.999745,1.000245,108247810567.15845,90576625914.17606,-0.000234887254118,-0.0002349148444495,Monday,1,0,0,0,0,0,0,0.4079711091265376,0.3421497384390655,0.0005133913010265161,0.0005873382404257342,0.0002845437143016298,-8.164623663120015,0.007944050010703307
2023-12-12,1.00024,1.0004149999999998,0.99984,1.0002,112842984691.6899,90640316155.03484,-4.498897770055521e-05,-4.498998973496619e-05,Tuesday,0,1,0,0,0,0,0,0.042450504083688,0.0415741954665171,0.00034527867900641893,0.00040577402992489196,0.000284649073656685,-8.164253456896438,0.0003702062235770853
2023-12-13,1.000195,1.00052,0.99999,1.00044,96176783379.9056,90670241408.46152,0.0002399520095981,0.000239923225719,Wednesday,0,0,1,0,0,0,0,-0.1476937299852513,-0.1598093448990501,0.000318216300618755,0.00034235332938064303,0.00027657423495127244,-8.193031292199986,-0.028777835303548827
2023-12-14,1.0005,1.00075,1.000385,1.0006149999999998,99014675850.56096,90706163444.63414,0.000174923033865,0.0001749077366149,Thursday,0,0,0,1,0,0,0,0.0295070428738033,0.0290800885247678,0.00021908051384277404,0.00024785864751879585,0.00027781286477489904,-8.188562819231404,0.00446847296858266
2023-12-15,1.00055,1.000725,1.0003449999999998,1.0005799999999998,93599870636.43904,90849061935.55052,-3.4978488229753246e-05,-3.497909999133837e-05,Friday,0,0,0,0,1,0,0,-0.054686895327459,-0.0562390786694836,0.0002280912316038878,0.0002679095692388383,0.00027066085104076183,-8.214643993004143,-0.026081173772739774
2023-12-16,1.0005799999999998,1.000595,0.999985,1.0001,78009446281.24739,90922391445.60628,-0.0004797217613782,-0.0004798368646755,Saturday,0,0,0,0,0,1,1,-0.1665645929762876,-0.1821990758665948,0.0003662361375529608,0.0003114488977186513,0.00026549406888995924,-8.233918056929326,-0.019274063925182716
2023-12-17,1.000115,1.000245,0.99951,0.99993,69040129110.45645,90907121148.68642,-0.0001699830016997,-0.0001699974504476,Sunday,0,0,0,0,0,0,1,-0.114977321316368,-0.1221420086713158,0.0004414665847623994,0.0005069106276195068,0.00025886725769807254,-8.259195146187517,-0.025277089258191054
2023-12-18,0.99992,1.00027,0.99971,1.00023,82175591215.33449,90911742798.48431,0.00030002100147,0.0002999760041692,Monday,1,0,0,0,0,0,0,0.1902583653032103,0.1741703972578463,0.000336317646425857,0.0003459563893782081,0.0002623162948109427,-8.245959550219071,0.013235595968446034
2023-12-19,1.000265,1.00048,0.999885,1.000405,90425144292.30312,90928455128.5575,0.0001749597592552,0.0001749444555816,Tuesday,0,1,0,0,0,0,0,0.1003893364801153,0.0956640594361915,0.0003572687256097556,0.00041155998265603037,0.00026104486350814416,-8.250818274577316,-0.00485872435824497
2023-12-20,1.000445,1.000645,1.000205,1.0005099999999998,86798843380.76656,90967902228.01044,0.0001049574922153,0.0001049519845631,Wednesday,0,0,1,0,0,0,0,-0.0401027937518616,-0.0409290770782434,0.00026413467695492605,0.00030836218866595126,0.00026104492676817163,-8.250818032243416,2.423339005019898e-07
2023-12-21,1.0005099999999998,1.000685,1.00041,1.00056,127318100151.98608,91063520184.7108,4.997451299848521e-05,4.997326431411192e-05,Thursday,0,0,0,1,0,0,0,0.4668179343527756,0.3830953839965557,0.00016506395972989846,0.00019185001009228907,0.0002604318869234274,-8.2531692015037,-0.002351169260284891
2023-12-22,1.000585,1.001295,1.0005099999999998,1.00129,155688509423.40765,91138513909.1533,0.0007295914287999,0.0007293254063573,Friday,0,0,0,0,1,0,0,0.2228309190724207,0.2011685961846288,0.0004710154781456709,0.0003404682956076345,0.00029180861379852005,-8.139412402782426,0.11375679872127442
2023-12-23,1.00129,1.001395,1.00074,1.0008400000000002,138268274568.51917,91262429335.4669,-0.00044942024788,-0.0004495212674276,Saturday,0,0,0,0,0,1,1,-0.1118915899407368,-0.1186614600414677,0.00039294813078169635,0.0003687777179477735,0.00030020885231981184,-8.111032151125688,0.02838025165673841
2023-12-24,1.0008400000000002,1.001175,1.000755,1.001035,132607806947.69688,91339912430.4007,0.0001948363374761,0.000194817359342,Sunday,0,0,0,0,0,0,1,-0.0409382964999481,-0.0417998646669063,0.000251992536747862,0.00027086653981813527,0.0002995057855925381,-8.11337682309105,-0.002344671965362366
2023-12-25,1.00102,1.00107,1.0004499999999998,1.0006750000000002,132251384049.61324,91327247106.3101,-0.000359627785242,-0.0003596924668219,Monday,1,0,0,0,0,0,0,-0.0026877972442771,-0.0026914158568092,0.0003720651890896252,0.00038210907952287065,0.00030660861537083777,-8.089938492212159,0.023438330878891023
2023-12-26,1.000655,1.000945,1.000035,1.000635,152311442047.1359,91365294544.09756,-3.9973018213013134e-05,-3.9973817155396495e-05,Tuesday,0,1,0,0,0,0,0,0.1516812707986274,0.141222849338237,0.00054624307456813,0.0006430320889894418,0.00030493057757210177,-8.095426421782678,-0.005487929570518801
2023-12-27,1.00069,1.001045,1.000495,1.00089,162145827684.45645,91410403116.92683,0.0002548381777571,0.0002548057120243,Wednesday,0,0,1,0,0,0,0,0.0645676090065321,0.0625687157878612,0.0003300545287428758,0.00036822542241237804,0.00030826431498715153,-8.08455297746152,0.010873444321157777
2023-12-28,1.000935,1.001095,1.00055,1.00097,148823108584.01395,91518439575.0,7.992886331154025e-05,7.992566917014671e-05,Thursday,0,0,0,1,0,0,0,-0.0821650442117397,-0.0857376912482448,0.0003270368766514303,0.000384442706955667,0.00030806913989611467,-8.085186320000416,-0.000633342538895576
2023-12-29,1.001,1.0011450000000002,1.00056,1.00069,105705141591.47736,91584800396.58188,-0.0002797286631965,-0.0002797677945567,Friday,0,0,0,0,1,0,0,-0.289726289168295,-0.3421048750223062,0.00035102906229697616,0.0003657333798221682,0.0003118891477809135,-8.072862728861214,0.012323591139201895
2023-12-30,1.000725,1.000765,1.000395,1.00067,89371712656.37631,91717552096.76306,-1.998620951559893e-05,-1.9986409242545523e-05,Saturday,0,0,0,0,0,1,1,-0.1545187744814293,-0.1678493160720979,0.00022207884242892304,0.0002592368734411173,0.00031190915759685643,-8.072798574099082,6.415476213206261e-05
2023-12-31,1.000585,1.000585,1.000105,1.00047,72153405610.89548,91731886155.34494,-0.0001998660897198,-0.0001998860656085,Sunday,0,0,0,0,0,0,1,-0.1926594728209271,-0.2140097329504764,0.0002881699650017555,0.00033168840808626434,0.0003138457812762135,-8.066608835138412,0.006189738960669544
2024-01-01,1.000425,1.000705,1.000265,1.00048,79904890522.07317,91751704616.16028,9.995302208132271e-06,9.99525225543202e-06,Monday,1,0,0,0,0,0,0,0.1074306173845685,0.1020425730149307,0.00026411883655629747,0.000309093338251212,0.00031383914232547454,-8.066629988906774,-2.1153768361870107e-05
2024-01-02,1.00049,1.001155,1.00043,1.00074,100959908319.09409,91781529041.11848,0.0002598752598752,0.000259841498149,Tuesday,0,1,0,0,0,0,0,0.2635009904832373,0.2338864317660557,0.0004350621055079993,0.0004881421217065697,0.00031423709324841234,-8.065362782941476,0.0012672059652985013
2024-01-03,1.00068,1.00162,1.000565,1.000575,131568443688.86064,92097390478.41116,-0.0001648779902871,-0.0001648915841572,Wednesday,0,0,1,0,0,0,0,0.3031751502093798,0.2648037098376622,0.0006329006852750548,0.0007423240918285638,0.00030894708761289855,-8.082340533228054,-0.01697775028657844
2024-01-04,1.00068,1.001715,1.000605,1.001275,143483708609.6237,92360462601.44948,0.0006995977313044,0.0006993531268881,Thursday,0,0,0,1,0,0,0,0.090563242877151,0.0866942993632202,0.0006658506184460184,0.0006914712386116157,0.00029463664245009586,-8.12976768132378,-0.04742714809572668
2024-01-05,1.001175,1.001295,1.000705,1.0011,110788169727.47386,92859988175.90244,-0.0001747771591219,-0.0001747924344295,Friday,0,0,0,0,1,0,0,-0.2278693462761311,-0.2586015027019716,0.0003539771437064418,0.00041416718926998267,0.00029626994348444134,-8.124239548002103,0.005528133321677231
2024-01-06,1.0010750000000002,1.00119,1.00044,1.00061,93181542495.1777,93364419812.47386,-0.0004894615922486,-0.0004895814176753,Saturday,0,0,0,0,0,1,1,-0.1589215461868034,-0.173070337018595,0.00045005413025787965,0.0004443041884406848,0.00030897405815145056,-8.082253238793305,0.041986309208798644
2024-01-07,1.00061,1.00092,1.00051,1.000735,74211978117.98257,93605263187.55052,0.0001249237964839,0.0001249159941563,Sunday,0,0,0,0,0,0,1,-0.203576415127243,-0.2276240928750459,0.00024605416851502995,0.00027910965633242833,0.0003061582842518883,-8.09140832095226,-0.009155082158954997
2024-01-08,1.000715,1.00121,1.00055,1.00075,101050810426.8641,93691797551.09756,1.4988983097596886e-05,1.4988870763912248e-05,Monday,1,0,0,0,0,0,0,0.3616509489372863,0.3086978965691226,0.0003960219099816742,0.0004657732013080078,0.0002904896826482834,-8.143942498143687,-0.05253417719142739
2024-01-09,1.000735,1.000855,0.999815,1.00026,115964767876.13936,94093046903.9338,-0.0004896327754185,-0.0004897526846885,Tuesday,0,1,0,0,0,0,0,0.1475886970750153,0.1376629558913263,0.0006243745433551251,0.000673325279530879,0.0003023528839572428,-8.10391573281777,0.040026765325917424
2024-01-10,1.00027,1.000795,0.999935,1.000085,129485912102.36586,94360387772.223,-0.0001749545118269,-0.0001749698181528,Wednesday,0,0,1,0,0,0,0,0.1165970016054209,0.110285668600728,0.0005162942201971677,0.0005969204359373816,0.00030099542888220907,-8.108415479768556,-0.004499746950786587
2024-01-11,1.000155,1.0004499999999998,0.999405,0.99993,177327046744.0453,94589214260.4216,-0.0001549868261196,-0.0001549988378189,Thursday,0,0,0,1,0,0,0,0.3694698045904665,0.3144236609861144,0.0006276320190321756,0.0007256288926157813,0.00030221118371035437,-8.104384501165283,0.004030978603273283
2024-01-12,0.99998,1.00039,0.999335,1.000155,139027494291.6446,94952207494.56096,0.0002250157511025,0.0002249904388554,Friday,0,0,0,0,1,0,0,-0.2159825765760508,-0.2433240351236359,0.0006336792603162751,0.0007381307525462932,0.0003018280708242879,-8.105653004609596,-0.0012685034443133958
2024-01-13,1.00015,1.00023,0.99975,1.000015,127718061030.32751,95005595452.76656,-0.0001399783033627,-0.0001399881012398,Saturday,0,0,0,0,0,1,1,-0.0813467387795449,-0.0848465279085922,0.0002882722663663083,0.0003288818255807694,0.00030122026726225437,-8.107668775914998,-0.00201577130540187
2024-01-14,1.000035,1.000195,0.999585,0.99967,71516786753.78049,95009057373.12892,-0.0003449948250777,-0.0003450543494832,Sunday,0,0,0,0,0,0,1,-0.4400417123714527,-0.5798929844047843,0.00036638264813334105,0.000366894666948271,0.0003076712774454466,-8.086478625961933,0.021190149953065784
2024-01-15,0.99956,1.00017,0.99956,0.999865,81604576566.06969,94998352924.04878,0.0001950643712425,0.0001950453486617,Monday,1,0,0,0,0,0,0,0.1410548525763559,0.1319531438491791,0.0003663918089367792,0.0003874849031374178,0.0002970773030868306,-8.121518173274834,-0.03503954731290193
2024-01-16,0.999935,1.000275,0.999485,1.000135,82367053232.99652,95093635859.72124,0.0002700364549212,0.0002700000016401,Tuesday,0,1,0,0,0,0,0,0.009343552763974,0.0093001717871179,0.0004745003161896032,0.0005446781113432485,0.0002995356733349863,-8.113277037869084,0.008241135405750555
2024-01-17,1.000105,1.000225,0.99962,0.99973,86465840032.25087,95124389853.4878,-0.0004049453323801,-0.0004050273448823,Wednesday,0,0,1,0,0,0,0,0.0497624552338891,0.0485639054642797,0.0003633677007389704,0.00035876074374384257,0.00030362861827306915,-8.09970525379876,0.013571784070324
2024-01-18,0.99974,1.00015,0.99921,1.00005,83384113416.17073,95138337888.00696,0.0003200864233343,0.000320035206604,Thursday,0,0,0,1,0,0,0,-0.0356409723762666,-0.0362916184140713,0.0005647082803739954,0.0006363585995267511,0.00030754550373127533,-8.0868875020517,0.012817751747059347
2024-01-19,1.0000399999999998,1.0060927060963316,0.999685,1.00006,98598278829.86064,95068449589.02438,9.999500024893138e-06,9.999450030226043e-06,Friday,0,0,0,0,1,0,0,0.1824588016875097,0.1675960007664611,0.0038371478256595715,0.004517879208852819,0.0003069534262119087,-8.088814528035753,-0.0019270259840524773
2024-01-20,1.000105,1.000885,1.00007,1.00057,86261908006.22649,95111041281.4669,0.000509969401836,0.0005098394116327,Saturday,0,0,0,0,0,1,1,-0.1251175068169452,-0.133665695147783,0.0004892238042805574,0.0004983226333437461,0.00032062704577149345,-8.045231961485737,0.043582566550016466
2024-01-21,1.000495,1.000725,1.000475,1.00056,55665253966.020905,95001838414.52614,-9.994303247218284e-06,-9.994353190599749e-06,Sunday,0,0,0,0,0,0,1,-0.3546948444265466,-0.4380319646511311,0.00015005027171639528,0.00017199465360375518,0.0002916753568119939,-8.139869165934646,-0.09463720444890988
2024-01-22,1.000515,1.000625,0.999435,0.99947,72416125601.8223,94928414826.72472,-0.0010893899416326,-0.0010899837581594,Monday,1,0,0,0,0,0,0,0.3009214984634119,0.2630728583274085,0.0007146464781653365,0.0005349375494429722,0.0003434254230699727,-7.9765405788400345,0.16332858709461195
2024-01-23,0.999505,1.00021,0.99922,1.00001,106167114752.72124,94914619880.64809,0.0005402863517665,0.0005401404496458,Tuesday,0,1,0,0,0,0,0,0.466070075834734,0.3825854030278637,0.0005947251376015846,0.0006259129391848648,0.00035552911452117243,-7.941903414687122,0.034637164152912625
2024-01-24,1.000015,1.00052,0.999855,1.00029,98126200352.54356,95522553313.4878,0.0002799972000278,0.0002799580081273,Wednesday,0,0,1,0,0,0,0,-0.0757382775156519,-0.0787599980060675,0.0003992983471935841,0.00043797833173259116,0.00035313011548117546,-7.948673969850121,-0.006770555162999514
2024-01-25,1.000335,1.00041,0.99968,1.0002,74811698601.96167,95565238537.70732,-8.997390756670942e-05,-8.997795546153594e-05,Thursday,0,0,0,1,0,0,0,-0.2375971113404835,-0.271280137746494,0.00043838997112561175,0.0005093030483227335,0.00035343667420550815,-7.94780622812197,0.0008677417281512945
2024-01-26,1.000205,1.0003449999999998,0.99975,0.99999,76244193049.83624,95558064107.02788,-0.0002099580083982,-0.0002099800526665,Friday,0,0,0,0,1,0,0,0.0191480005753674,0.0189669846905706,0.0003573169545996518,0.00039892696069910406,0.0003524528409041003,-7.950593729331136,-0.0027875012091662654
2024-01-27,1.000045,1.0001099999999998,0.99987,1.00005,74141356002.12892,95984660053.03831,6.000060000599383e-05,5.999880004199221e-05,Saturday,0,0,0,0,0,1,1,-0.0275802912142151,-0.0279677685577984,0.00014413613110737634,0.00016967887270788584,0.0003523209661305684,-7.95096796223751,-0.0003742329063731731
2024-01-28,1.00005,1.00009,0.99975,1.00003,61599564990.24042,96035580085.22649,-1.9999000050119346e-05,-1.999920003278715e-05,Sunday,0,0,0,0,0,0,1,-0.1691605291320592,-0.1853186786384003,0.00020420714803279626,0.00024011402466330808,0.0003486178349035969,-7.961534264673586,-0.010566302436076036
2024-01-29,1.000055,1.0005,0.999795,1.000195,67333807845.09059,96037903413.0,0.0001649950501485,0.0001649814399623,Monday,1,0,0,0,0,0,0,0.0930890154136427,0.0890076472447867,0.0004233332249777984,0.0004907848292155835,0.0003498976642469323,-7.957869834100388,0.0036644305731972082
2024-01-30,1.000185,1.000205,0.99978,1.00005,81646037637.93031,96047760659.78746,-0.0001449717305124,-0.0001449822399294,Tuesday,0,1,0,0,0,0,0,0.212556370282321,0.1927308337033218,0.00025524043001226815,0.0002885745949104342,0.0003489945880208015,-7.960454142985804,-0.0025843088854156093
2024-01-31,1.000065,1.0004,0.999625,1.0001,86631353590.93729,96182267330.73868,4.999750012490978e-05,4.999625029155926e-05,Wednesday,0,0,1,0,0,0,0,0.0610601089438656,0.0592685111316111,0.0004654291388359274,0.0005475690731468734,0.00034910917079569997,-7.960125874373924,0.00032826861187995604
2024-02-01,1.0001,1.0001,0.999435,1.000005,86469008133.91986,96191315934.47736,-9.499050094985416e-05,-9.499501283321582e-05,Thursday,0,0,0,1,0,0,0,-0.0018739803810985,-0.0018757384791037,0.0003994660915123791,0.00046661486143530326,0.0003463053971238249,-7.968189521566675,-0.008063647192750878
2024-02-02,1.00001,1.000015,0.99953,0.99976,73801345396.00348,96197191545.81534,-0.0002449987750061,-0.0002450287921089,Friday,0,0,0,0,1,0,0,-0.1464994569880713,-0.1584091005300015,0.0002913384693446928,0.00030580563240176017,0.0003478827732033296,-7.9636449935505285,0.004544528016146465
2024-02-03,0.99977,0.9999,0.999615,0.9999,59769362182.70035,96208509913.06969,0.0001400336080659,0.0001400238042754,Saturday,0,0,0,0,0,1,1,-0.1901318077334535,-0.2108837701537552,0.00017120146076545834,0.00018466638882504385,0.00032461179822596155,-8.03288055657586,-0.06923556302533118
2024-02-04,0.999885,0.999975,0.99969,0.999795,48331284391.90244,96216246432.31708,-0.0001050105010501,-0.0001050160150388,Sunday,0,0,0,0,0,0,1,-0.1913702501263857,-0.2124141306224223,0.00017118861850462806,0.0001936391574865567,0.0003236078158669641,-8.035978220207076,-0.0030976636312161077
2024-02-05,0.99977,0.999825,0.99922,0.999305,60797511484.25784,96180888957.9094,-0.0004901004705964,-0.000490220609087,Monday,1,0,0,0,0,0,0,0.2579328741042939,0.2294697976370226,0.00036351311726456296,0.00031556868744185747,0.0003236400694056224,-8.035878556571493,9.966363558255864e-05
2024-02-06,0.999315,0.99994,0.999215,0.999915,66324750095.25087,96187770410.97212,0.0006104242448501,0.0006102380117543,Tuesday,0,1,0,0,0,0,0,0.090912250782241,0.0870142735358224,0.00043559092944070227,0.0003519397951604383,0.00034151980231215804,-7.982104894361777,0.05377366220971602
2024-02-07,0.99992,1.000115,0.999435,0.999715,66937860131.75958,96161126871.12544,-0.0002000170014451,-0.0002000370075132,Wednesday,0,0,1,0,0,0,0,0.00924406101234,0.0092015961780777,0.0004084735412776613,0.0004637500892487022,0.00034345613010825345,-7.976451168844499,0.005653725517277941
2024-02-08,0.999715,0.99994,0.999415,0.999905,80219641566.05576,96151080483.80836,0.0001900541654371,0.0001900361074322,Thursday,0,0,0,1,0,0,0,0.1984195701528626,0.1810036638818458,0.00031539635487748836,0.00035206662892543983,0.0003334226261686767,-8.006099725017258,-0.02964855617275841
2024-02-09,0.99991,1.00076,0.999515,1.00048,88933464165.554,96206510541.81882,0.0005750546301899,0.0005748893496365,Friday,0,0,0,0,1,0,0,0.1086245516607422,0.1031201043041978,0.0007475960015721939,0.0008058172896690923,0.00034809015864176954,-7.9630490351875265,0.04305068982973115
2024-02-10,1.000445,1.000815,1.000365,1.0005,86282645618.1115,96277346702.7317,1.999040460565205e-05,1.999020480017669e-05,Saturday,0,0,0,0,0,1,1,-0.029806761406571,-0.0302600122806184,0.00027009319154909343,0.00031616957017871353,0.00034695714071819264,-7.966309299426294,-0.003260264238767796
2024-02-11,1.000495,1.000715,1.000015,1.000585,65459010782.0,96376577306.52264,8.495752123960365e-05,8.495391255378461e-05,Sunday,0,0,0,0,0,0,1,-0.2413420994098543,-0.2762043270531889,0.00042023947282112024,0.0004916255283142976,0.0003448658770470129,-7.972354978703094,-0.006045679276799554
2024-02-12,1.0005799999999998,1.00095,1.0,1.0002,77434225675.63066,96504005354.68292,-0.0003847749066796,-0.0003848489515384,Monday,1,0,0,0,0,0,0,0.1829421916183864,0.1680047178837481,0.0005702623124432752,0.0006285572862310163,0.00035102166322292436,-7.954662617819092,0.017692360884002056
2024-02-13,1.00027,1.00114,1.0002,1.000935,104542941285.72124,96701805279.2683,0.000734853029394,0.0007345831571095,Tuesday,0,1,0,0,0,0,0,0.3500869980110355,0.3001690333451164,0.0005641495934144737,0.0005201781175806049,0.0003704518030803886,-7.900787207842868,0.0538754099762242
2024-02-14,1.001015,1.001095,1.00008,1.000545,100992672043.83972,96793213957.25089,-0.0003896356906291,-0.0003897116183382,Wednesday,0,0,1,0,0,0,0,-0.0339599134883573,-0.0345499482065526,0.0006092117628198127,0.0006552162997889261,0.0003755382186319853,-7.887150311294948,0.013636896547919442
2024-02-15,1.00054,1.000625,0.99949,1.00049,110253433068.49826,97030800143.19511,-5.497004132737349e-05,-5.4971552235465296e-05,Thursday,0,0,0,1,0,0,0,0.0916973562263858,0.0877336925977431,0.0006815978482768321,0.0008019188423710113,0.0003724240629653275,-7.89547739873769,-0.008327087442741465
2024-02-16,1.00052,1.00057,0.999755,1.000375,108209724621.13936,97262939400.41464,-0.000114943677598,-0.0001149502841287,Friday,0,0,0,0,1,0,0,-0.0185364608654787,-0.0187104140610584,0.0004893778847578476,0.0005691133908827717,0.0003656116745941852,-7.913938786196674,-0.01846138745898429
2024-02-17,1.00036,1.0005,0.999995,1.000105,88223540315.39024,97600071663.60976,-0.0002698987879544,-0.0002699352171872,Saturday,0,0,0,0,0,1,1,-0.1846985968749495,-0.2041974143224181,0.0003032083705890706,0.00031990982356561024,0.0003642617825135638,-7.917637766085936,-0.003698979889262155
2024-02-18,1.000105,1.0004,0.999895,1.000005,81538768770.06621,97667447466.80489,-9.998950110234885e-05,-9.999450038576752e-05,Sunday,0,0,0,0,0,0,1,-0.0757708375953476,-0.0787952268297152,0.0003032386869557123,0.0003515855213474171,0.00036471442239580906,-7.91639591501489,0.0012418510710459074
2024-02-19,1.000015,1.000165,0.999525,0.999635,91060901649.80489,97670168997.91638,-0.0003699981500092,-0.0003700666162135,Monday,1,0,0,0,0,0,0,0.1167804349191297,0.1104499339963762,0.00038441876884440685,0.0003860868829959789,0.0003590501994562409,-7.932048347897056,-0.01565243288216589
2024-02-20,0.99963,0.999915,0.998975,0.999385,115078056298.5331,97665714261.5749,-0.0002500912833185,-0.0002501225613585,Tuesday,0,1,0,0,0,0,0,0.263748263124953,0.2340821169697623,0.0005648410605325214,0.0006473644229598605,0.00036193796800427136,-7.924037719926375,0.008010627970681305
2024-02-21,0.999385,1.00004,0.99931,0.99997,123145804715.446,97771989164.91638,0.0005853599963978,0.0005851887400629,Wednesday,0,0,1,0,0,0,0,0.0701067490745908,0.067758408987841,0.0004385522281629008,0.00036652202577605456,0.0003206427944477023,-8.045182844327174,-0.12114512440079928
2024-02-22,0.99992,1.000045,0.999225,0.999425,116363225338.5366,97807861891.38676,-0.0005450163504905,-0.0005451649258881,Thursday,0,0,0,1,0,0,0,-0.0550776325071077,-0.0566525056641283,0.0004926400288273822,0.0004916622733969297,0.0003209261150697023,-8.04429963245012,0.000883211877054535
2024-02-23,0.999465,0.99999,0.99945,0.999885,105303581145.43556,97821897178.36934,0.0004602646521749,0.00046015876289,Friday,0,0,0,0,1,0,0,-0.0950441530038818,-0.0998691243219699,0.00032439388854621596,0.0002787383145136506,0.0003277792316362648,-8.023170250475996,0.021129381974123618
2024-02-24,0.99988,1.0004849999999998,0.99975,1.000395,96469614925.31708,97902648401.9094,0.0005100586567454,0.0005099286210441,Saturday,0,0,0,0,0,1,1,-0.0838904634014091,-0.0876193400177875,0.0004413606452202864,0.00040941702687631647,0.00034034824845799254,-7.985541204380038,0.037629046095958074
2024-02-25,1.000495,1.000745,0.999775,0.999875,80479001898.11847,97928648553.78746,-0.0005197946811009,-0.0005199298211883,Sunday,0,0,0,0,0,0,1,-0.1657580269142559,-0.1812317831101651,0.0005823929917362118,0.0005672467715051252,0.00035125220299644976,-7.954006065459973,0.031535138920064654
2024-02-26,0.99988,1.000495,0.999585,0.99998,97757494667.56444,97914750005.58884,0.0001050131266409,0.0001050076131485,Monday,1,0,0,0,0,0,0,0.2146956642344979,0.1944935633051038,0.0005464888741536495,0.0006404322373502736,0.0003516044200569934,-7.953003820966646,0.001002244493327531
2024-02-27,0.99999,1.000155,0.9995,0.99995,157189491463.60974,98022336696.07666,-3.0000600012014544e-05,-3.0001050039015828e-05,Tuesday,0,1,0,0,0,0,0,0.6079533543504836,0.474962161847515,0.0003934354705646671,0.0004625672202515695,0.0003516281246387976,-7.952936404912051,6.741605459481548e-05
2024-02-28,0.99993,1.00032,0.998755,1.000295,177403280045.82578,98345769717.8258,0.0003450172508625,0.0003449577460972,Wednesday,0,0,1,0,0,0,0,0.1285950377089657,0.12097352968781,0.0009403133718187372,0.0010836484964144566,0.00035595164054359773,-7.94071567750916,0.01222072740289093
2024-02-29,1.000245,1.00054,0.99932,1.000255,262924443494.01395,98659982597.8014,-3.998820348005694e-05,-3.998900302958082e-05,Thursday,0,0,0,1,0,0,0,0.4820720531553693,0.3934411445553086,0.0007327360517733835,0.0008627083942300601,0.0003550411423407487,-7.943276881286438,-0.002561203777277754
2024-03-01,1.000215,1.00056,0.999775,1.000165,179800231832.32404,98798683059.38329,-8.997705585067628e-05,-8.998110402879665e-05,Friday,0,0,0,0,1,0,0,-0.3161524678232604,-0.3800202923812177,0.00047136161657923065,0.0005541154851068946,0.00035530378348101586,-7.942537406299883,0.000739474986554356
2024-03-02,1.00022,1.00072,0.999905,1.00029,149285752365.31012,99178574399.30664,0.0001249793784023,0.0001249715691305,Saturday,0,0,0,0,0,1,1,-0.1697132376084517,-0.185984141004502,0.0004893045009994909,0.0005744677417186771,0.00035561295426842437,-7.941667625661778,0.0008697806381050555
2024-03-03,1.00032,1.000775,1.00007,1.00025,137432210427.34843,99273982171.32404,-3.9988403362833935e-05,-3.998920292035112e-05,Sunday,0,0,0,0,0,0,1,-0.0794016960771677,-0.0827314899612924,0.00042321685749661746,0.0004963979216164177,0.00035286339305238944,-7.949429564450502,-0.007761938788723555
2024-03-04,1.00022,1.001085,1.00004,1.000095,176485732974.70383,99566316265.12544,-0.0001549612596851,-0.0001549732674216,Monday,1,0,0,0,0,0,0,0.284165716507925,0.2501092596407717,0.0006272336966839618,0.0007344146678973631,0.0003530716297743242,-7.948839604408172,0.0005899600423298068
2024-03-05,1.000135,1.001035,0.99938,1.001035,265111936067.7544,99988867203.3228,0.0009399107084826,0.0009394692690001,Tuesday,0,1,0,0,0,0,0,0.5021720543595078,0.4069120969543478,0.0009937228225573567,0.0010278191715244731,0.00039206127992640294,-7.844092404048636,0.10474720035953577
2024-03-06,1.001035,1.001665,0.99981,1.000295,326180140530.2474,100466249428.63414,-0.0007392348918868,-0.0007395082607303,Wednesday,0,0,1,0,0,0,0,0.2303487552023528,0.2072976700091471,0.0011132203531220766,0.001227487182007783,0.0004048834251419619,-7.811911371447025,0.03218103260161076
2024-03-07,1.00034,1.001105,1.000095,1.0004300000000002,200535980365.8014,100743686402.41464,0.000134960186745,0.0001349510804383,Thursday,0,0,0,1,0,0,0,-0.3851986818087557,-0.48645612322233,0.0006062031460508828,0.0007115560417287656,0.0003900315799933054,-7.849282847777018,-0.0373714763299926
2024-03-08,1.000445,1.00149,0.999975,1.00075,175421688070.56097,101008868566.64111,0.0003198624591425,0.000319811314052,Friday,0,0,0,0,1,0,0,-0.1252358417149329,-0.1338009623436695,0.000909184420838826,0.001053585023285302,0.00039268322576783846,-7.842507312424182,0.006775535352836037
2024-03-09,1.00073,1.001215,1.000435,1.000575,178076266911.9547,101604608474.89198,-0.0001748688483638,-0.0001748841397035,Saturday,0,0,0,0,0,1,1,0.0151325578415706,0.0150192028251524,0.00046805162055036016,0.000542614134201887,0.00039244847705038107,-7.843105298019745,-0.000597985595563344
2024-03-10,1.000605,1.00125,1.00024,1.00046,137296941334.0906,101852757315.9791,-0.0001149339130001,-0.0001149405184084,Sunday,0,0,0,0,0,0,1,-0.228999216375231,-0.2600658890447858,0.0006061153120161939,0.0007079390964420413,0.00037873419758547547,-7.8786759245577045,-0.03557062653795917
2024-03-11,1.000495,1.000525,0.99959,0.999625,190392986655.40417,101982837175.41464,-0.0008346160766047,-0.0008349645625171,Monday,1,0,0,0,0,0,0,0.3867241673804855,0.3269442516062628,0.0005614924811936216,0.00038040918029386313,0.00040824641190474005,-7.803639615118055,0.07503630943964978
2024-03-12,0.999655,0.99987,0.99755,0.99959,206209042666.7491,102329543337.08711,-3.5013129923711084e-05,-3.501374289765274e-05,Tuesday,0,1,0,0,0,0,0,0.0830705809556457,0.0798001375994677,0.0013951023027211167,0.0016421101834236539,0.0004080017475422683,-7.804239100377451,-0.0005994852593964595
2024-03-13,0.999595,1.000455,0.999465,1.00003,206196885549.38675,102637334181.50871,0.0004401804739944,0.0004400836229898,Wednesday,0,0,1,0,0,0,0,-5.895530673705185e-05,-5.895704466945531e-05,0.0005945794240904884,0.0006457285147081774,0.0004098588236474428,-7.799697790129204,0.004541310248247221
2024-03-14,1.000045,1.0000749999999998,0.999055,0.99949,189992578147.02783,103041704177.9338,-0.0005399838004859,-0.0005401296442428,Thursday,0,0,0,1,0,0,0,-0.078586576898019,-0.0818464584271329,0.0006128390666312634,0.0006337265058888646,0.0003996521519826486,-7.824916009238537,-0.025218219109333084
2024-03-15,0.99949,1.000235,0.999115,1.000215,278456658900.6434,103207391729.27972,0.0007253699386688,0.0007251069850463,Friday,0,0,0,0,1,0,0,0.4656186131921249,0.3822774149062957,0.0006728472946490649,0.0006515382620753891,0.00041495221700118753,-7.787347184118841,0.03756882511969639
2024-03-16,1.0001799999999998,1.0001799999999998,0.99921,0.999505,217608955090.34143,103281736049.777,-0.0007098473828127,-0.0007100994437564,Saturday,0,0,0,0,0,1,1,-0.2185176826100363,-0.2465627558769552,0.0005827221442194959,0.0005428409926098205,0.00043461782523246753,-7.741043475721963,0.04630370839687803
2024-03-17,0.99932,1.000025,0.99932,0.99984,202904973511.9129,103372465478.1115,0.000335165907124,0.0003351097515786,Sunday,0,0,0,0,0,0,1,-0.0675706639569317,-0.0699619093778292,0.0004235343741527674,0.00037964928509480147,0.0004384010567990529,-7.732376411751592,0.008667063970370315
2024-03-18,0.999885,1.0001,0.99961,0.99993,173725352108.36584,103394053297.02788,9.001440230438362e-05,9.001035125117277e-05,Monday,1,0,0,0,0,0,0,-0.1438092960389355,-0.1552621426520446,0.000294317672104787,0.0003454018472203973,0.00043593200692807783,-7.738024274188968,-0.005647862437375473
2024-03-19,0.999855,1.000585,0.99971,1.00034,231350042998.27527,103611637475.2474,0.0004100287020092,0.0004099446632124,Tuesday,0,1,0,0,0,0,0,0.3316999516222851,0.2864562851981738,0.0005254135888573343,0.0005402326033796945,0.00044193352315777013,-7.724351087293347,0.013673186895620582
2024-03-20,1.00028,1.000725,1.00001,1.000455,243116302949.9477,103796929841.00348,0.0001149609132895,0.0001149543057901,Wednesday,0,0,1,0,0,0,0,0.0508591215250395,0.0496080405935364,0.0004292435324229987,0.0004935617242650098,0.00043724220437888324,-7.735023272974907,-0.010672185681559476
2024-03-21,1.000525,1.00075,1.00013,1.000445,213571157294.2718,103947047195.47736,-9.995452069366806e-06,-9.995502024230722e-06,Thursday,0,0,0,1,0,0,0,-0.1215267972455084,-0.1295698752300226,0.0003721841975940054,0.0004353861508069044,0.0004348548023215463,-7.740498370361686,-0.005475097386779204
2024-03-22,1.00043,1.000785,0.999555,1.00029,158617780448.1014,104076990149.46854,-0.0001549310556803,-0.0001549430587361,Friday,0,0,0,0,1,0,0,-0.2573071080494833,-0.2974726549053749,0.0007385648184833667,0.0008652324208672897,0.0004224737649849762,-7.7693832078051175,-0.02888483744343162
2024-03-23,1.00029,1.00039,1.000005,1.00029,140840939449.6934,104044151186.1115,0.0,0.0,Saturday,0,0,0,0,0,1,1,-0.1120734444031921,-0.1188662470716865,0.00023117041039011788,0.0002721823581023402,0.0004105816064478474,-7.797935851148926,-0.028552643343808803
2024-03-24,1.00034,1.000525,1.00002,1.0003449999999998,106903306008.21951,104044206747.43556,5.498405462400768e-05,5.498254305628406e-05,Sunday,0,0,0,0,0,0,1,-0.2409642648939868,-0.2757064208687171,0.00030320079244458754,0.00035697813483434316,0.0004020196786052199,-7.8190095187890725,-0.021073667640146176
2024-03-25,1.000375,1.000825,0.999585,0.99967,132780269890.8641,104043937897.76656,-0.000674767205314,-0.0006749949631661,Monday,1,0,0,0,0,0,0,0.2420595288293046,0.216770912176945,0.000744543357440709,0.0007592731752367529,0.00041004819478182477,-7.799235856925821,0.019773661863251135
2024-03-26,0.99968,1.00022,0.999655,0.99997,164297132250.94077,104215209831.54356,0.0003000990326809,0.000300054011973,Tuesday,0,1,0,0,0,0,0,0.2373610355362378,0.2129809146390356,0.0003393382981535629,0.0003565581749749825,0.0004026533270053862,-7.81743459698426,-0.018198740058438467
2024-03-27,0.99997,1.000045,0.99941,0.99986,161589673838.92334,104340200995.554,-0.000110003300099,-0.0001100093509057,Wednesday,0,0,1,0,0,0,0,-0.0164790363345,-0.0166163260111026,0.0003814603255497965,0.0004439003050438171,0.0004026978400290861,-7.817324053843411,0.00011054314084901762
2024-03-28,0.999815,1.000395,0.999525,1.000095,163614932816.54544,104444719978.60487,0.0002350329046065,0.0002350052887004,Thursday,0,0,0,1,0,0,0,0.0125333440529185,0.0124554518542418,0.0005225091811479495,0.0005900780638027471,0.0004049400751401972,-7.81177146442208,0.005552589421331078
2024-03-29,1.000115,1.000395,0.99957,1.00033,132449651858.58742,104515007534.4021,0.0002349776771206,0.0002349500741902,Friday,0,0,0,0,1,0,0,-0.1904794410966286,-0.2113131091475749,0.0004954716924820108,0.0005678696473213654,0.00040230583823777557,-7.818297966964253,-0.00652650254217324
2024-03-30,1.000475,1.000825,1.00029,1.0006149999999998,115447287342.78049,104556673524.49129,0.0002849059810261,0.0002848654030242,Saturday,0,0,0,0,0,1,1,-0.1283685104280972,-0.1373885480972144,0.00032112122692164353,0.00036795372842857876,0.00040558800121481316,-7.810172688928596,0.008125278035657324
2024-03-31,1.00057,1.00081,1.0003,1.000615,94461082665.61671,104560601531.54356,2.220446049250313e-16,2.2204460492503126e-16,Sunday,0,0,0,0,0,0,1,-0.1817817045354435,-0.2006261131103899,0.00030611632631080763,0.0003593389072576448,0.0004052551543081871,-7.810993678593624,-0.0008209896650281934
2024-04-01,1.000655,1.001,1.00007,1.0004,129253594297.16724,104508706797.30664,-0.0002148678562684,-0.0002148909436735,Monday,1,0,0,0,0,0,0,0.3683264117849751,0.3135883958446637,0.0005582233108268024,0.0006378835317210258,0.0004065100419990681,-7.807901925716794,0.003091752876829723
2024-04-02,1.00046,1.000595,0.99957,1.000245,175662811450.40765,104663611784.87804,-0.0001549380247899,-0.0001549500289256,Tuesday,0,1,0,0,0,0,0,0.3590555249592586,0.3067899915523708,0.0006155245076171669,0.0007123075538595226,0.0004074278178400178,-7.805646775108386,0.0022551506084083073
2024-04-03,1.00024,1.00055,0.99994,1.000085,163459396795.54355,105269416252.87804,-0.0001599608096017,-0.0001599736046965,Wednesday,0,0,1,0,0,0,0,-0.069470678250583,-0.0720016915753439,0.000366252614143522,0.0004203345976189458,0.0004074922348168379,-7.80548868112912,0.00015809397926602742
2024-04-04,1.000155,1.00039,0.999465,1.000195,130178591649.56842,106091659836.24213,0.0001099906507946,0.0001099846022665,Thursday,0,0,0,1,0,0,0,-0.2036028873127621,-0.2276573322541702,0.0005555594317377997,0.0006536487939823985,0.0003701797648179763,-7.901521819453922,-0.09603313832480254
2024-04-05,1.00024,1.000465,0.999765,1.000185,141874553242.7282,106593098908.777,-9.998050380044532e-06,-9.998100360883376e-06,Friday,0,0,0,0,1,0,0,0.0898455071986374,0.0860359496804717,0.0004203445206174979,0.0004937364031003756,0.00034468436009114386,-7.972881457994335,-0.07135963854041272
2024-04-06,1.000345,1.000435,1.0,1.00021,108377913436.3554,106827906139.79791,2.499537585531897e-05,2.499506347611724e-05,Saturday,0,0,0,0,0,1,1,-0.2361004073018265,-0.2693189216223282,0.00026118731978667914,0.0002958632300704327,0.00034383291493737426,-7.975354730978703,-0.002473272984367725
2024-04-07,1.000215,1.00036,0.999775,0.999785,92501704153.08014,106874812970.94774,-0.0004249107687386,-0.0004250010688999,Sunday,0,0,0,0,0,0,1,-0.1464893425227134,-0.1583972500332325,0.000351304601527442,0.00031569539486048795,0.00034760987873382526,-7.964429745144234,0.010924985834468437
2024-04-08,0.999795,1.00065,0.99978,1.000295,117062021722.05226,106955089207.21603,0.0005101096735797,0.0005099796118688,Monday,1,0,0,0,0,0,0,0.2655120550895744,0.2354768269075511,0.0005223759699303124,0.0005307753417409749,0.0003584444901702522,-7.9337367490479975,0.03069299609623677
2024-04-09,1.00027,1.000765,0.99983,0.99995,159497854029.80835,107069487664.14636,-0.0003448982550147,-0.0003449577460971,Tuesday,0,1,0,0,0,0,0,0.3625072562689388,0.309326573243054,0.0005613577630569588,0.0006303211526209779,0.0003633298822384766,-7.920199369880516,0.013537379167481767
2024-04-10,0.9999,1.000595,0.999815,1.000585,150919650277.3951,107204382406.55594,0.0006350317515875,0.0006348302042462,Wednesday,0,0,1,0,0,0,0,-0.0537825653178385,-0.0552828899538298,0.0004683417531073488,0.00035057701013931,0.00034957601306852943,-7.958789529041046,-0.03859015916053021
2024-04-11,1.00059,1.000725,1.00019,1.00065,148001153974.23694,107308999497.18816,6.49619972314941e-05,6.49598872923287e-05,Thursday,0,0,0,1,0,0,0,-0.0193380802154913,-0.0195275069650501,0.0003211533243613076,0.00037628807023375004,0.00034971871993322426,-7.958381383920137,0.0004081451209092535
2024-04-12,1.000655,1.00072,0.999925,0.999925,144154897532.79443,107349800695.47386,-0.0007245290561136,-0.0007247916541378,Friday,0,0,0,0,1,0,0,-0.0259880165671683,-0.0263316720961581,0.0004772922558704624,0.00033177080214394475,0.000365182367173625,-7.915113693066211,0.043267690853925345
2024-04-13,0.99993,1.002615,0.999725,1.001105,211427543616.01047,107374848689.65506,0.0011800885066379,0.0011793927495124,Saturday,0,0,0,0,0,1,1,0.4666691679199584,0.3829939576546232,0.0017335947799908208,0.0019061806690935635,0.00041230943330822684,-7.793736438793955,0.12137725427225643
2024-04-14,1.0011,1.00115,1.000245,1.00114,270012736480.83624,107630660796.96169,3.496136768865732e-05,3.4960756554286006e-05,Sunday,0,0,0,0,0,0,1,0.2770934754424747,0.2445867736216438,0.0005431290944762809,0.000639003281776627,0.0003905301601065081,-7.848005357079241,-0.05426891828528646
2024-04-15,1.00121,1.001545,1.000365,1.00056,188747016321.96863,107834745483.45644,-0.0005793395529096,-0.000579507434912,Monday,1,0,0,0,0,0,0,-0.3009699513364819,-0.358061549598585,0.0007079861764571159,0.0007293500119286741,0.00038327543732410784,-7.866756669749275,-0.018751312670033826
2024-04-16,1.000625,1.00129,1.000445,1.00076,179485322673.9094,107978457401.45992,0.000199888062685,0.0001998680877279,Tuesday,0,1,0,0,0,0,0,-0.0490693512858526,-0.0503141436866759,0.0005070343955175678,0.0005910697560875968,0.0003801162336517836,-7.875033473983981,-0.008276804234705892
2024-04-17,1.0007,1.000945,1.000365,1.0005350000000002,157045755674.108,108759916988.58884,-0.0002248291298612,-0.0002248544077189,Wednesday,0,0,1,0,0,0,0,-0.1250217380758749,-0.1335562364484134,0.0003480975044345857,0.00039683245328506076,0.00038197330508412834,-7.870159833778279,0.00487364020570169
2024-04-18,1.0005700000000002,1.000835,1.000335,1.0006499999999998,159468242839.2191,109074929911.69965,0.000114938507898,0.0001149319029738,Thursday,0,0,0,1,0,0,0,0.0154253590280917,0.0153075976412942,0.0003001050469926191,0.0003498351225156047,0.0003751560959268213,-7.88816836279942,-0.018008529021140696
2024-04-19,1.00062,1.0009899999999998,1.000305,1.00073,169232591499.0035,109513722514.46504,7.994803377808779e-05,7.994483810435938e-05,Friday,0,0,0,0,1,0,0,0.0612306781960916,0.0594292518308846,0.0004111182420126902,0.0004792088604173358,0.00037485284108351453,-7.888977032789518,-0.0008086699900982097
2024-04-20,1.000785,1.000935,1.00054,1.0007700000000002,124088640547.45296,109617554040.5122,3.997082130080543e-05,3.997002248881374e-05,Saturday,0,0,0,0,0,1,1,-0.2667568377443204,-0.3102778964245459,0.00023704685675823292,0.0002789458361771362,0.00037491942541869434,-7.888799420630921,0.00017761215859746216
2024-04-21,1.000775,1.00085,1.00035,1.000655,94282793685.8258,109897949449.67944,-0.0001149115181311,-0.0001149181209654,Sunday,0,0,0,0,0,0,1,-0.2401980288455899,-0.274697443925041,0.00030010054811603225,0.00034539173024957025,0.00037443896208257305,-7.890081753383776,-0.0012823327528552753
2024-04-22,1.0005799999999998,1.000965,1.000365,1.000795,100409402183.06271,109919422667.2648,0.0001399083600241,0.0001398985737623,Monday,1,0,0,0,0,0,0,0.0649811938926239,0.0629571406886934,0.00036009726874798473,0.00040240392606525363,0.00037530910374893934,-7.887760594859469,0.00232115852430681
2024-04-23,1.000745,1.00095,1.0005099999999998,1.00065,101035806881.88504,110077720962.14984,-0.0001448848165709,-0.0001448953133898,Tuesday,0,1,0,0,0,0,0,0.0062385064068033,0.0062191274809831,0.00026405417464264746,0.0003052497033870405,0.0003761063356953879,-7.88563864685644,0.0021219480030296722
2024-04-24,1.00059,1.000795,0.999825,1.00025,108840660296.79442,110503046765.56796,-0.0003997401688902,-0.0003998200862897,Wednesday,0,0,1,0,0,0,0,0.0772483900092326,0.0744100029749656,0.0005823638811063717,0.0006523345678120346,0.0003627633376186855,-7.921759898802342,-0.03612125194590199
2024-04-25,1.00026,1.00059,0.99998,1.000375,122882165605.29964,110497445623.23344,0.0001249687578104,0.0001249609498657,Thursday,0,0,0,1,0,0,0,0.1290097402038525,0.121340912414502,0.00036623796821220604,0.00042525111159645985,0.0003593280767626199,-7.931274723945896,-0.009514825143554617
2024-04-26,1.000335,1.000635,1.00019,1.00051,106382488185.93729,110500249313.0906,0.0001349493939772,0.0001349402891269,Friday,0,0,0,0,1,0,0,-0.1342723522008856,-0.1441849143417525,0.00026713954529912937,0.0002951450386460742,0.00035961121723516245,-7.930487062207152,0.0007876617387445606
2024-04-27,1.00046,1.00051,1.000155,1.00027,91354971056.45296,110563933714.90244,-0.0002398776623921,-0.0002399064376404,Saturday,0,0,0,0,0,1,1,-0.1412593123712142,-0.1522882796047707,0.00021312836461594587,0.00022143975890422284,0.0003597190774268538,-7.930187171619197,0.00029989058795454326
2024-04-28,1.00028,1.000555,1.00027,1.00044,81235725301.48083,110607438779.14984,0.0001699541123896,0.0001699396718255,Sunday,0,0,0,0,0,0,1,-0.1107684194735163,-0.1173975818609492,0.00017108937004450326,0.00017520558382716486,0.00035849743814254253,-7.933589043996038,-0.0034018723768411974
2024-04-29,1.000425,1.000845,1.00042,1.000565,90020006081.71777,110634235008.56096,0.0001249450241893,0.0001249372192099,Monday,1,0,0,0,0,0,0,0.1081332227617448,0.1026768182467745,0.0002550771793881614,0.00028746214757701885,0.0003554374490467929,-7.942161276250759,-0.008572232254720369
2024-04-30,1.00062,1.000675,0.999935,1.000415,112758583592.20906,110684387561.70036,-0.0001499152978565,-0.000149926536278,Tuesday,0,1,0,0,0,0,0,0.2525947120004614,0.2252171694816003,0.0004442798061778014,0.0005073616578693223,0.00035648989568789856,-7.939204661603045,0.0029566146477133515
2024-05-01,1.000405,1.001385,0.9997,1.00007,143655331762.43555,110655656257.79094,-0.000344856884393,-0.0003449163612027,Wednesday,0,0,1,0,0,0,0,0.2740079485386624,0.2421677961718451,0.0010113971855982731,0.0011724942825317628,0.0003598768562707475,-7.929748650946599,0.009456010656446523
2024-05-02,1.0001,1.00136,1.00009,1.000995,136530331012.10104,110677570806.49826,0.0009249352545321,0.0009245077654991,Thursday,0,0,0,1,0,0,0,-0.0495978858767122,-0.0508701059199093,0.00076216026575328,0.0007044069857935432,0.00039648647086559303,-7.832868638869772,0.09688001207682717
2024-05-03,1.001005,1.001395,1.00055,1.001275,107431297595.18816,110717829535.9582,0.0002797216769312,0.0002796825621169,Friday,0,0,0,0,1,0,0,-0.2131323728669035,-0.2396952440344483,0.0005069812086240448,0.0005729069754352917,0.00039869271495460693,-7.827319575741374,0.005549063128397869
2024-05-04,1.001175,1.001335,1.000725,1.00088,103412708576.67249,110870479772.09409,-0.0003944970163041,-0.000394574850723,Saturday,0,0,0,0,0,1,1,-0.0374061293912516,-0.0381236896705416,0.0003659654016524078,0.00039002442194286595,0.0004046508424483022,-7.812485980106277,0.014833595635097119
2024-05-05,1.00088,1.0015299999999998,1.00083,1.00144,82511048077.81882,110979369542.96169,0.0005595076332827,0.0005593511672467,Sunday,0,0,0,0,0,0,1,-0.202118876746727,-0.2257956609835101,0.0004198973812907206,0.00035151313593541415,0.00041733451391392015,-7.781622466109121,0.030863513997156033
2024-05-06,1.001435,1.001475,1.00066,1.00099,95807939073.0418,111016519068.4251,-0.0004493529317782,-0.0004494539210612,Monday,1,0,0,0,0,0,0,0.1611528553446837,0.1494133523998419,0.0004889354700008881,0.0005050681465265487,0.000425300951055922,-7.762713519507041,0.01890894660207998
2024-05-07,1.00103,1.0010400000000002,1.000695,1.000795,106777640283.1115,111060276767.07666,-0.0001948071409304,-0.0001948261183061,Tuesday,0,1,0,0,0,0,0,0.1144967871786351,0.1084029910927808,0.00020701403289378762,0.00019523102878077814,0.00041967282005868643,-7.77603515012519,-0.013321630618149172
2024-05-08,1.000845,1.001635,1.000535,1.00069,97324608871.91638,111067442080.12544,-0.0001049165913099,-0.0001049220954405,Wednesday,0,0,1,0,0,0,0,-0.088530064778836,-0.0926966692569169,0.0006599013982833918,0.0007709882700264614,0.0004096619630243977,-7.800178218765141,-0.024143068639951082
2024-05-09,1.000665,1.00098,1.000555,1.000885,99243700263.70036,111039518242.60976,0.0001948655427754,0.0001948465589517,Thursday,0,0,0,1,0,0,0,0.0197184598430761,0.0195265694340241,0.0002550427703767883,0.00026740667788472614,0.0004063519432467796,-7.808290918576963,-0.008112699811822388
2024-05-10,1.000895,1.001,1.0002,1.00022,100153013410.41812,110978345891.50871,-0.000664411995384,-0.0006646328148493,Friday,0,0,0,0,1,0,0,0.0091624268774905,0.0091207064907092,0.0004801608925722109,0.0003792190392782767,0.00040793726820694096,-7.804397149776284,0.003893768800679709
2024-05-11,1.00021,1.00077,1.0,1.000725,90535183798.88504,110889724586.87108,0.0005048889244365,0.0005047615109082,Saturday,0,0,0,0,0,1,1,-0.0960313552635713,-0.1009606042175744,0.0004622541823529596,0.00044029841729698206,0.0004180489939270096,-7.779911921956416,0.024485227819867283
2024-05-12,1.00072,1.000815,1.00051,1.00072,59400752216.48781,110916757122.12196,-4.996377626298454e-06,-4.996390108234722e-06,Sunday,0,0,0,0,0,0,1,-0.3438931725323416,-0.4214316565466613,0.00018304989820050002,0.0002155247847617061,0.00039655394175773246,-7.832698481356414,-0.05278655939999766
2024-05-13,1.000715,1.000945,1.00044,1.00051,86464733240.18118,110916367057.38329,-0.0002098489087857,-0.0002098709301488,Monday,1,0,0,0,0,0,0,0.4556168064178361,0.375429732730595,0.0003030735362312018,0.00033334956374803223,0.00033519792220054886,-8.000789388061271,-0.16809090670485727
2024-05-14,1.0005000000000002,1.00056,1.00014,1.000325,97954506810.331,110887744033.9582,-0.000184905698094,-0.0001849227952602,Tuesday,0,1,0,0,0,0,0,0.1328839301248243,0.1247665320715047,0.0002521474579400181,0.0002762567357566844,0.0003368334700874679,-7.99592190378938,0.004867484271890987
2024-05-15,1.00032,1.0011,1.00026,1.0008400000000002,98463731236.28224,110976679083.22649,0.0005148326793795,0.000514700198504,Wednesday,0,0,1,0,0,0,0,0.0051985808773173,0.0051851149048842,0.0005041286338419811,0.00049798371830328,0.0003333062167815419,-8.006448920614684,-0.010527016825303548
2024-05-16,1.000835,1.00095,1.000445,1.00075,118403218067.39024,111099225345.7526,-8.992446345079674e-05,-8.992850689776521e-05,Thursday,0,0,0,1,0,0,0,0.2025059032473535,0.1844076321311377,0.0003030720219196724,0.0003529139457201312,0.00033170925563499025,-8.011251708767794,-0.0048027881531105265
2024-05-17,1.000795,1.001225,1.00065,1.00115,100812903244.59232,111314580740.08711,0.0003997002248312,0.0003996203659754,Friday,0,0,0,0,1,0,0,-0.1485628102843137,-0.1608295458799875,0.00034499926521153537,0.0003411961101668989,0.0003371482285508495,-7.994987876984497,0.01626383178329771
2024-05-18,1.001195,1.0012,1.0005799999999998,1.00061,85491231076.22997,111430248662.94424,-0.0005393797133296,-0.0005395252308957,Saturday,0,0,0,0,0,1,1,-0.1519812610811227,-0.1648525456526915,0.0003720168636216547,0.0002447387480927205,0.00035061593293807746,-7.955819141734829,0.03916873524966746
2024-05-19,1.00066,1.0007700000000002,1.000385,1.000455,68951081283.79094,111493276922.40768,-0.0001549055076401,-0.0001549175067375,Sunday,0,0,0,0,0,0,1,-0.1934718869317798,-0.2150165239112972,0.00023108261633327068,0.0002404392670734861,0.00035145195165462687,-7.953437551207609,0.002381590527219757
2024-05-20,1.00046,1.000905,1.00022,1.00022,105212591863.11848,111501282479.33798,-0.0002348931236287,-0.0002349207153393,Monday,1,0,0,0,0,0,0,0.5259019859323355,0.4225857013973296,0.0004111531674205333,0.0004605576717701169,0.00035398419783248125,-7.946258284718141,0.007179266489468539
2024-05-21,1.000155,1.00025,0.999575,0.9999,186279012220.2473,111353710298.93031,-0.0003199296154846,-0.0003199808038821,Tuesday,0,1,0,0,0,0,0,0.7705011246429152,0.5712626277816587,0.00040541430211128883,0.0004502610133009269,0.0003581585268090083,-7.934534857260348,0.011723427457792646
2024-05-22,0.999885,1.00028,0.9998,0.999805,146485908335.59235,111468953961.00696,-9.500950095009396e-05,-9.501401463862717e-05,Wednesday,0,0,1,0,0,0,0,-0.213620973239892,-0.2403163804436544,0.00028825785332901415,0.00033573462507747776,0.000357667534721702,-7.935906677010124,-0.0013718197497754048
2024-05-23,0.999955,1.0004,0.99964,1.000345,131355437430.21951,111745931448.54008,0.0005401053205373,0.0005399595161562,Thursday,0,0,0,1,0,0,0,-0.1032896001894573,-0.1090223232208171,0.00045641740895913476,0.0004796360338608406,0.00037006051708075654,-7.901844006022709,0.034062670987414556
2024-05-24,1.00027,1.000575,1.00004,1.0003,156545586083.37283,111923327926.49826,-4.498448035439306e-05,-4.498549218647405e-05,Friday,0,0,0,0,1,0,0,0.1917708862759122,0.175440340668471,0.00032120148255344416,0.0003777261790905225,0.00036288249623300296,-7.921431477939629,-0.01958747191692023
2024-05-25,1.000245,1.00059,1.00009,1.000455,96119705810.42856,111970672175.08014,0.000154953513946,0.0001549415098902,Saturday,0,0,0,0,0,1,1,-0.3859954265383295,-0.487752902228093,0.00030017854774211394,0.0003284682415859707,0.00036326770728415433,-7.920370509877044,0.0010609680625854878
2024-05-26,1.00041,1.00053,0.999715,0.99995,80474954023.23344,111960906301.60628,-0.0005047703295001,-0.0005048977689298,Sunday,0,0,0,0,0,0,1,-0.1627632092221586,-0.1776483443473693,0.00048939745747774,0.0005003206100661397,0.0003739703950005142,-7.8913339214355185,0.029036588441525346
2024-05-27,0.99995,1.000015,0.999535,0.999905,95835087067.86064,111915005997.0418,-4.500225011250247e-05,-4.500326274414065e-05,Monday,1,0,0,0,0,0,0,0.1908684910859677,0.1746828653730775,0.0002883342588542917,0.0003383334189958102,0.0003714873656416652,-7.897995703424713,-0.006661781989194537
2024-05-28,0.999905,1.0001099999999998,0.99955,0.999905,110621892176.36934,111944010590.3554,0.0,0.0,Tuesday,0,1,0,0,0,0,0,0.1542942732241501,0.1434891383721125,0.000336371466401404,0.00039604713582924034,0.00037018942866598134,-7.90149571397009,-0.0035000105453768526
2024-05-29,0.99989,1.0003,0.999685,0.999775,103594826403.5993,111959173041.03831,-0.0001300123511733,-0.0001300208035117,Wednesday,0,0,1,0,0,0,0,-0.0635232830908956,-0.0656306192232798,0.000369347922452709,0.00042895791616997896,0.00037024777710263596,-7.901338108608498,0.00015760536159170613
2024-05-30,0.99975,1.000305,0.999595,1.00015,98896504723.00348,111968412008.57144,0.0003750843939887,0.0003750140674224,Thursday,0,0,0,1,0,0,0,-0.0453528602122604,-0.0464134939118535,0.00042641979402290774,0.00043619026521691856,0.0003755289637283952,-7.887174955970705,0.014163152637792997
2024-05-31,1.00015,1.000255,0.999175,0.99954,94721303971.31708,111974856381.51569,-0.000609908513723,-0.0006100945835814,Friday,0,0,0,0,1,0,0,-0.0422178798268008,-0.0431349588473695,0.0006487910692797662,0.0006631349554750276,0.00038660523287791984,-7.858106455642954,0.029068500327751323
2024-06-01,0.999485,0.999755,0.999335,0.999705,79593773491.34843,112040766337.2474,0.00016507593493,0.0001650623113972,Saturday,0,0,0,0,0,1,1,-0.15970568230933,-0.1740030703097075,0.0002523505290471146,0.0002637584476208629,0.0003491150307483847,-7.9601090890700865,-0.10200263342713267
2024-06-02,0.999755,0.999965,0.999565,0.999905,73271931847.65157,112178334839.96169,0.0002000590174102,0.0002000390082736,Sunday,0,0,0,0,0,0,1,-0.0794263340760447,-0.0827582533481807,0.00024028095098524888,0.0002671011724610097,0.0003472862608911261,-7.965361158768922,-0.005252069698835626
2024-06-03,0.999855,1.00053,0.99959,1.000055,97017720900.08711,112209027430.31358,0.0001500142513537,0.0001500030003411,Monday,1,0,0,0,0,0,0,0.3240775622213463,0.2807160375371504,0.0005644937040704043,0.0006529118535579072,0.0003408344660486687,-7.984113635350772,-0.018752476581849642
2024-06-04,1.000055,1.000315,0.9999,1.000235,97180962188.7108,112290812575.95122,0.0001799901005445,0.0001799739042698,Tuesday,0,1,0,0,0,0,0,0.0016825924904151,0.0016811785175419,0.0002492061137421903,0.0002712594380530925,0.00032683129569235475,-8.026066435511018,-0.04195280016024583
2024-06-05,1.00023,1.000395,0.999805,1.000065,104633772194.669,112325457863.32056,-0.000169960059386,-0.0001699745042336,Wednesday,0,0,1,0,0,0,0,0.0766900207417782,0.073891539422642,0.00035429569129929826,0.00040435311680992033,0.00031788065791270753,-8.053834535205537,-0.02776809969451932
2024-06-06,1.000165,1.00025,0.999865,0.99999,92114165814.90244,112393897277.27528,-7.499512531683461e-05,-7.499793759185074e-05,Thursday,0,0,0,1,0,0,0,-0.1196516776292275,-0.1274376289504245,0.00023120277238770302,0.00024955069271852975,0.0003161809004625507,-8.0591960383575,-0.005361503151963376
2024-06-07,1.00004,1.00014,0.999525,0.99999,101063009597.30312,112406160340.96169,0.0,0.0,Friday,0,0,0,0,1,0,0,0.0971494851332943,0.0927154392231371,0.0003694070280242731,0.00043383196471198464,0.0003156000743772439,-8.061034733323241,-0.0018386949657411833
2024-06-08,0.999935,1.000105,0.999845,1.0,113044176200.77351,112449490998.1742,1.0000100000961964e-05,1.000005000029529e-05,Saturday,0,0,0,0,0,1,1,0.1185514527146054,0.1120345024229599,0.00015614981776742752,0.00017935855339549668,0.0003135940596733484,-8.06741121203558,-0.006376478712338596
2024-06-09,1.0,1.00015,0.99988,0.999885,69256399215.19861,112452275943.98956,-0.0001149999999999,-0.0001150066130069,Sunday,0,0,0,0,0,0,1,-0.3873510202578245,-0.4899631339072953,0.0001621490939349283,0.0001770298745249412,0.0002899268166470729,-8.14588202322039,-0.07847081118480936
2024-06-10,0.999895,0.99999,0.99968,0.99968,71260694253.83972,112459917930.85716,-0.0002050235777114,-0.0002050445979183,Monday,1,0,0,0,0,0,0,0.0289402143535244,0.0285293544385621,0.00018620469862861978,0.0001737866876408444,0.0002774278209177004,-8.189949763411985,-0.044067740191595206
2024-06-11,0.9997,0.999915,0.999345,0.999915,104120054693.01044,112461715559.99652,0.0002350752240716,0.0002350475982204,Tuesday,0,1,0,0,0,0,0,0.4611147952351049,0.3791997027380592,0.00034244660102165025,0.00038040367356126516,0.00028072574303575934,-8.178132368663475,0.011817394748510068
2024-06-12,0.999915,1.000295,0.999605,0.99991,109601609392.75958,112487159823.00696,-5.000425036150169e-06,-5.000437538317117e-06,Wednesday,0,0,1,0,0,0,0,0.0526464830998318,0.0513074532321539,0.0004144079678722012,0.00048791819665726854,0.00027809995092552774,-8.187529973187774,-0.009397604524298941
2024-06-13,0.99991,1.000095,0.99974,0.999765,113294459688.82928,112515388332.60278,-0.0001450130511745,-0.0001450235665836,Thursday,0,0,0,1,0,0,0,0.0336933948007669,0.0331382087109667,0.000213216820186716,0.00023430411959898454,0.0002773098673446493,-8.190375022331018,-0.0028450491432447933
2024-06-14,0.999755,1.000035,0.99944,0.99969,91758967246.58884,112516384413.50871,-7.501762914285948e-05,-7.50204431059327e-05,Friday,0,0,0,0,1,0,0,-0.1900842503807256,-0.2108250495410712,0.000357427751946514,0.0004188943527388952,0.0002612619788861341,-8.249986903540705,-0.05961188120968686
2024-06-15,0.999695,0.999745,0.99957,0.99963,81540403521.38676,112520761431.8432,-6.00186057677643e-05,-6.00204069563537e-05,Saturday,0,0,0,0,0,1,1,-0.111363107408796,-0.1180665716838196,0.0001051342195074375,0.00011700341291566286,0.00026097573075181457,-8.251083140590243,-0.0010962370495377627
2024-06-16,0.999625,0.99971,0.999445,0.99966,52998337575.43903,112515754783.67596,3.0011104108496056e-05,3.0010653784320944e-05,Sunday,0,0,0,0,0,0,1,-0.3500358682731022,-0.4308380995736532,0.000159215988851613,0.00018619516687760676,0.0002506294850758491,-8.291534864499079,-0.040451723908836
2024-06-17,0.999645,1.00008,0.999525,1.000075,74350545593.09059,112529464149.72124,0.0004151411479904,0.0004150550007454,Monday,1,0,0,0,0,0,0,0.4028844864663603,0.3385304644922395,0.000333377319017871,0.00028745004413252036,0.00024259962507200097,-8.324098106913057,-0.032563242413978344
2024-06-18,1.000085,1.00071,1.00004,1.00037,117946030995.3101,112604587509.9094,0.0002949778766592,0.000294934379239,Tuesday,0,1,0,0,0,0,0,0.5863505782568306,0.461436144344848,0.00040222518753908293,0.0004392257797065342,0.0002468889221705174,-8.30657203029685,0.017526076616206865
2024-06-19,1.00035,1.000645,1.00032,1.00042,100885344298.47386,112654230632.32751,4.998150684265568e-05,4.998025780876143e-05,Wednesday,0,0,1,0,0,0,0,-0.1446482476168666,-0.1562424883536809,0.00019508826305722612,0.0002255442041003863,0.00024330601310494401,-8.321190593704436,-0.014618563407585938
2024-06-20,1.000475,1.000725,1.00011,1.00049,77268231676.09756,112732350135.22649,6.997061234281787e-05,6.996816451370547e-05,Thursday,0,0,0,1,0,0,0,-0.2340985480755658,-0.2667017703581965,0.00036919101508463037,0.00043458931116802525,0.00023653345849182223,-8.349420886500363,-0.028230292795926815
2024-06-21,1.000485,1.00057,1.00002,1.00044,82949618703.77351,112931232391.32404,-4.9975511999256206e-05,-4.997676081676304e-05,Friday,0,0,0,0,1,0,0,0.073528109863985,0.0709505232421105,0.000330211258416709,0.0003877876823508724,0.00023607289292554428,-8.35136993230009,-0.0019490457997264343
2024-06-22,1.00045,1.00051,1.000175,1.0004,66819549729.35191,112972162421.2683,-3.998240774061301e-05,-3.9983207058383216e-05,Saturday,0,0,0,0,0,1,1,-0.1944562160318624,-0.2162377215814776,0.0002011191220526668,0.0002347534199387238,0.0002146279494836045,-8.446604496343197,-0.09523456404310693
2024-06-23,1.00041,1.00047,0.999975,1.00024,43075184654.1324,112973360492.06271,-0.0001599360255897,-0.0001599488167197,Sunday,0,0,0,0,0,0,1,-0.3553505698765475,-0.4390486291349072,0.00029721167264480777,0.00033361857118515635,0.00021644973476913555,-8.438152209444855,0.008452286898341654
2024-06-24,1.000235,1.00058,0.99953,1.00006,82446913687.85017,112959042170.58884,-0.0001799568103655,-0.0001799730045351,Monday,1,0,0,0,0,0,0,0.9140234534070804,0.6492075465644026,0.0006305546420366358,0.0007344131623675422,0.0002170942991208513,-8.435178740656262,0.002973468788592726
2024-06-25,1.0001099999999998,1.00049,1.00008,1.0004,104079183367.34843,112969335710.59584,0.000339979601224,0.000339921821255,Tuesday,0,1,0,0,0,0,0,0.2623781620425425,0.2329973721976029,0.0002461599416652056,0.00022700511077128924,0.00020611672492532284,-8.487067923795424,-0.05188918313916169
2024-06-26,1.00045,1.00047,1.000155,1.000255,77838568418.33798,112876251846.8467,-0.0001449420231908,-0.0001449525283009,Wednesday,0,0,1,0,0,0,0,-0.2521216452707354,-0.2905149416002173,0.0001891176816717155,0.0001868234849334725,0.0002076462593467908,-8.479674602271823,0.00739332152360106
2024-06-27,1.0002,1.000415,0.999835,0.999905,78787045656.85365,112812295103.52264,-0.0003499107727528,-0.0003499720058117,Thursday,0,0,0,1,0,0,0,0.0121851834866508,0.0121115417601091,0.00034828197306371503,0.00036680271206722675,0.00021725480243815908,-8.434439688478935,0.045234913792887355
2024-06-28,0.99996,1.000175,0.99946,0.999755,77632829159.19861,112776490354.32404,-0.0001500142513539,-0.0001500255046172,Friday,0,0,0,0,1,0,0,-0.0146498258442393,-0.014758194230485,0.000429479659479099,0.0004893538572235393,0.00021768415331722575,-8.4324653837502,0.0019743047287352766
2024-06-29,0.99975,1.000265,0.9995,0.99971,66410716615.49477,112786071387.96516,-4.50110277017135e-05,-4.501204072841925e-05,Saturday,0,0,0,0,0,1,1,-0.1445536980327111,-0.1561319556300653,0.0004594833330634874,0.0005404284409074117,0.00020679960116087975,-8.483760343954298,-0.05129496020409796
2024-06-30,0.999665,0.999855,0.999085,0.999745,50651862770.29965,112868471760.87804,3.5010152944270345e-05,3.500954010316949e-05,Sunday,0,0,0,0,0,0,1,-0.237293838228487,-0.2708824309518118,0.0004626773692607488,0.0005424857354294843,0.0001743552425549479,-8.654415716152451,-0.1706553721981532
2024-07-01,0.99978,1.00003,0.99949,0.999855,70237539107.56795,112861235228.51569,0.0001100280571546,0.0001100220045119,Monday,1,0,0,0,0,0,0,0.3866723801666896,0.3269069059090903,0.00032438090967503965,0.00037907297079044347,0.00017290187901667153,-8.66278629768416,-0.00837058153170922
2024-07-02,0.99985,0.999915,0.99935,0.99969,66808026573.16725,112765074505.18466,-0.0001650239284697,-0.0001650375464164,Tuesday,0,1,0,0,0,0,0,-0.0488273447215802,-0.0500596816234743,0.000339441834389456,0.00038708681472574127,0.00017166571973081208,-8.669961462115053,-0.007175164430892167
2024-07-03,0.9997,1.00006,0.999645,1.000045,78121172647.39722,112686304383.89548,0.0003551100841261,0.000355047047463,Wednesday,0,0,1,0,0,0,0,0.1693381267869058,0.1564378851380763,0.00024926967067761966,0.00020036840377086183,0.00018144155034260053,-8.614576992804203,0.05538446931084984
2024-07-04,0.999995,1.00045,0.999765,1.000445,105948855938.43556,112505343803.93729,0.0003999820008098,0.0003999020293333,Thursday,0,0,0,1,0,0,0,0.3562117969815892,0.3046953697857297,0.0004113402220180121,0.0003954388467171065,0.00019280059755859765,-8.553854076422311,0.06072291638189142
2024-07-05,1.00045,1.0010949999999998,1.00016,1.001005,160723618753.66202,112469723931.57144,0.0005597509108445,0.0005595943087395,Friday,0,0,0,0,1,0,0,0.5169924897259373,0.4167297496131628,0.0005611726311385757,0.0005636923947034628,0.00021597967272043222,-8.4403262624843,0.11352781393801159
2024-07-06,1.00095,1.00138,1.0005099999999998,1.00082,109524094044.69336,112346864693.6202,-0.0001848142616669,-0.000184831341927,Saturday,0,0,0,0,0,1,1,-0.3185563211306309,-0.3835416741522698,0.0005219949954452631,0.0006092774038662632,0.00021817076684470927,-8.43023246767121,0.010093794813089474
2024-07-07,1.000815,1.001435,1.0008050000000002,1.00142,78300735720.52614,112342997228.30312,0.0005995084031094,0.0005993287697375,Sunday,0,0,0,0,0,0,1,-0.2850820962867398,-0.3355875628619024,0.00037793028932975114,0.00023859655058283813,0.0002440730409394778,-8.318043029354165,0.11218943831704564
2024-07-08,1.00142,1.001745,1.00036,1.00121,118101622162.0,112346228187.73868,-0.0002097022228435,-0.000209724213429,Monday,1,0,0,0,0,0,0,0.5083079497941456,0.410988459476413,0.0008309028754902029,0.0009695907334348325,0.0002470515279654378,-8.305913627848744,0.012129401505420745
2024-07-09,1.001205,1.001395,1.000975,1.00132,111302838474.8641,112343721212.07666,0.0001098670608563,0.0001098610259128,Tuesday,0,1,0,0,0,0,0,-0.057567233732065,-0.0592906977292082,0.00025193716400500975,0.00028791573733296364,0.0002469734566089386,-8.306229690232579,-0.0003160623838347476
2024-07-10,1.00132,1.00155,1.000815,1.001195,89574419450.25784,112398119114.21951,-0.0001248352175128,-0.0001248430100771,Wednesday,0,0,1,0,0,0,0,-0.195218911955361,-0.2171849788632652,0.00044089115126749165,0.0005132778405761472,0.0002451815067870231,-8.313511777680356,-0.00728208744777703
2024-07-11,1.001155,1.00148,1.00082,1.00094,87981191383.41258,112391876954.78322,-0.0002546956387118,-0.0002547280791544,Thursday,0,0,0,1,0,0,0,-0.0177866412824478,-0.0179467246574772,0.00039591510688180846,0.00044663277100781887,0.00024583586387338225,-8.310846464749156,0.002665312931199537
2024-07-12,1.000935,1.00148,1.00075,1.00142,93524823589.82928,112445772108.09756,0.0004795492237297,0.0004794342767477,Friday,0,0,0,0,1,0,0,0.0630092877721801,0.0611038366426004,0.00043792141625361325,0.00041857418696597916,0.00026095276586234143,-8.251171140726802,0.059675324022354204
2024-07-13,1.001425,1.001645,1.0012599999999998,1.00154,74529935299.85017,112580420378.63414,0.0001198298416249,0.0001198226626029,Saturday,0,0,0,0,0,1,1,-0.203099963847938,-0.2270260332125654,0.00023088071230455343,0.0002623052497512961,0.0002605261353456885,-8.252807374180728,-0.0016362334539259393
2024-07-14,1.00154,1.00182,1.000995,1.00139,75762838263.78397,112640446138.3554,-0.000149769355193,-0.0001497805717428,Sunday,0,0,0,0,0,0,1,0.0165423860757902,0.0164070512747604,0.0004947666376049459,0.000575056836226054,0.0002615990678329843,-8.24869750171715,0.004109872463578412
2024-07-15,1.00135,1.001745,1.000935,1.001335,95631948517.89198,112669529945.83972,-5.492365611792227e-05,-5.492516447715294e-05,Monday,1,0,0,0,0,0,0,0.2622540378559947,0.232899041687002,0.0004858036252265596,0.0005719142788374819,0.00026156175135610743,-8.248840159483448,-0.00014265776629862614
2024-07-16,1.0012,1.001595,1.001045,1.001215,133265200787.41812,112985171575.3554,-0.000119840013582,-0.0001198471949701,Tuesday,0,1,0,0,0,0,0,0.393521755571939,0.3318341799973576,0.0003298732380466304,0.00038828441908227385,0.00026241819067891514,-8.245571179063484,0.0032689804199641515
2024-07-17,1.001215,1.001215,1.000515,1.000625,128296651556.52962,113297062583.22997,-0.0005892840199156,-0.0005894577159846,Wednesday,0,0,1,0,0,0,0,-0.0372831707117166,-0.0379959610086598,0.0004200295346641107,0.0003321968188143901,0.0002733184314595878,-8.20487302691059,0.04069815215289374
2024-07-18,1.0006050000000002,1.0008050000000002,1.000395,1.00057,106540899681.87108,113675619167.59232,-5.496564647111679e-05,-5.496715713761954e-05,Thursday,0,0,0,1,0,0,0,-0.1695738089085871,-0.1858162267362357,0.00024608244777784123,0.0002889231350914194,0.0002681494638923461,-8.22396603182003,-0.01909300490943977
2024-07-19,1.00052,1.00125,1.00044,1.00105,104420536133.1115,113774470804.54704,0.0004797265558631,0.0004796115238667,Friday,0,0,0,0,1,0,0,-0.0199018738821518,-0.0201025836383804,0.00048604389501926505,0.0004681414343020706,0.00028193694550541424,-8.17382710952634,0.05013892229369077
2024-07-20,1.001025,1.00129,1.000865,1.00089,102956420631.40416,113987221560.06969,-0.0001598321762149,-0.0001598449507384,Saturday,0,0,0,0,0,1,1,-0.0140213367592839,-0.0141205643289417,0.00025496379221465366,0.00028825586082177146,0.0002831553225975002,-8.169514967779618,0.004312141746721565
2024-07-21,1.000885,1.001285,1.0007100000000002,1.000795,79897590153.89198,114136201312.1568,-9.491552518259284e-05,-9.492002994610342e-05,Sunday,0,0,0,0,0,0,1,-0.2239669011033848,-0.2535601064912532,0.000344978585881946,0.00040231762227039105,0.00028353837112003407,-8.168163096089081,0.0013518716905362993
2024-07-22,1.000835,1.00157,1.0005350000000002,1.00134,112225808641.56493,114179688547.80702,0.0005445670691797,0.0005444188463423,Monday,1,0,0,0,0,0,0,0.4046206953852433,0.3397672986405346,0.0006209273758549428,0.0006604438698954598,0.0003003671897488179,-8.110504865914212,0.057658230174869374
2024-07-23,1.0013999999999998,1.00145,1.0006,1.00112,111978812138.50523,114338482878.87456,-0.0002197055945032,-0.000219729733313,Tuesday,0,1,0,0,0,0,0,-0.0022008886017348,-0.0022033141165655,0.0005099543511963179,0.0005747184658425876,0.00030162399285975475,-8.106329373072295,0.00417549284191665
2024-07-24,1.001115,1.001585,1.000785,1.000855,114046693686.87108,114531226485.20209,-0.0002647035320441,-0.0002647385722076,Wednesday,0,0,1,0,0,0,0,0.0184667215955827,0.0182982822143283,0.00047988033088574314,0.0005414617701009615,0.0003036998090940553,-8.099470814513179,0.0068585585591165454
2024-07-25,1.00086,1.001125,1.00037,1.000575,121816320016.06271,114484541339.38676,-0.0002797608045121,-0.0002797999448661,Thursday,0,0,0,1,0,0,0,0.068126712647401,0.0659063783012026,0.0004530850497486787,0.0005032446004904267,0.000301648160715688,-8.106249250508034,-0.006778435994855059
2024-07-26,1.00066,1.001125,1.00046,1.001045,115983443748.36237,114385243451.5749,0.0004697299053044,0.0004696196167483,Friday,0,0,0,0,1,0,0,-0.0478825519185871,-0.0490668819667869,0.0003990569629728397,0.00040447680654629006,0.000312478251769555,-8.07097568554704,0.03527356496099365
2024-07-27,1.00111,1.00159,1.00091,1.00111,89751401733.7561,114454784167.79791,6.49321459074148e-05,6.493003790687957e-05,Saturday,0,0,0,0,0,1,1,-0.2261705737201534,-0.256403809162939,0.00040787179494077924,0.00048023233926464994,0.00030610538707224387,-8.091581113107841,-0.02060542756080075
2024-07-28,1.001115,1.00124,1.00098,1.001145,105448014798.90244,114508218370.45644,3.4961193075666586e-05,3.496058194739976e-05,Sunday,0,0,0,0,0,0,1,0.1748898932153695,0.1611744353034493,0.00015597278422940032,0.00018269704047216504,0.0003049442479150302,-8.095381591786884,-0.0038004786790430956
2024-07-29,1.001195,1.0014599999999998,1.00066,1.000885,104563715354.33447,114535572963.05923,-0.0002597026404765,-0.000259736369047,Monday,1,0,0,0,0,0,0,-0.0083861175220263,-0.0084214788404676,0.00047994025241654057,0.0005312973910572386,0.0003084999582760147,-8.083788849866767,0.011592741920116723
2024-07-30,1.00083,1.00108,1.00053,1.000955,129523275469.4216,114555797386.73868,6.993810477728957e-05,6.993565922206398e-05,Tuesday,0,1,0,0,0,0,0,0.2387019247595287,0.2140639964312773,0.00033004298612565776,0.00038076462414938437,0.0003086979136211578,-8.083147385075833,0.0006414647909345206
2024-07-31,1.000995,1.001045,1.0004300000000002,1.000655,108107946172.50174,114552946495.34494,-0.0002997137733463,-0.0002997586964956,Wednesday,0,0,1,0,0,0,0,-0.1653396211553937,-0.1807303687917727,0.0003690729610171815,0.0003798050038193591,0.0003128675167366958,-8.069730726239653,0.013416658836179707
2024-08-01,1.000575,1.000945,1.0001,1.00014,113379357726.65506,114547730538.1359,-0.0005146628958032,-0.0005147953802099,Thursday,0,0,0,1,0,0,0,0.0487606299146783,0.0476091145425993,0.0005072092310532738,0.0005325367966315668,0.0003252875334545274,-8.03080104844549,0.03892967779416345
2024-08-02,1.00032,1.000655,0.999845,0.999965,130225887227.68292,114530994194.2474,-0.0001749755034295,-0.0001749908134289,Friday,0,0,0,0,1,0,0,0.14858550832192,0.1385311925496609,0.0004863330188873928,0.0005284100643069549,0.0003203603575923121,-8.046064078289188,-0.015263029843698206
2024-08-03,0.99985,1.000695,0.99958,1.0006,153976949667.01395,114527378044.69336,0.0006350222257778,0.0006348206844818,Saturday,0,0,0,0,0,1,1,0.1823835716918971,0.167532377079331,0.0006695337513630894,0.0006358056855906203,0.00033276610553967543,-8.00807070053902,0.03799337775016731
2024-08-04,1.000655,1.000805,1.0001950000000002,1.00038,87944605614.67596,114567654967.05576,-0.0002198680791524,-0.000219892253682,Sunday,0,0,0,0,0,0,1,-0.4288456434234968,-0.5600957791038743,0.0003661592663948405,0.0003958292587238079,0.00031922850973020267,-8.049603380179697,-0.04153267964067631
2024-08-05,1.00036,1.001855,0.999855,1.00164,288814240548.5993,114628761547.56796,0.0012595213818749,0.0012587288502231,Monday,1,0,0,0,0,0,0,2.284047253722663,1.189076580561771,0.0012000967257764232,0.0011683085079383596,0.0003918945834516563,-7.844517674105399,0.2050857060742981
2024-08-06,1.001645,1.001795,1.001205,1.001465,230215193989.662,114675250264.12196,-0.0001747134699093,-0.0001747287340855,Tuesday,0,1,0,0,0,0,0,-0.2028952812286163,-0.2267692176418283,0.0003538004202095944,0.00040131275724012826,0.00037765840351842083,-7.88152046531835,-0.03700279121295136
2024-08-07,1.00151,1.0015649999999998,1.000705,1.00078,128876728982.29268,114631055562.74911,-0.0006839979430135,-0.0006842319763315,Wednesday,0,0,1,0,0,0,0,-0.4401901683861926,-0.5801581393293773,0.0005158971243024037,0.00040444572635525347,0.00039593624251801657,-7.83425736341467,0.047263101903680216
2024-08-08,1.000785,1.001245,1.000695,1.000785,131956396900.331,114613830500.85716,4.996103039722755e-06,4.996090559241532e-06,Thursday,0,0,0,1,0,0,0,0.0238962296945126,0.0236151832933023,0.00032998858180240326,0.00038853186352981716,0.0003954289131261914,-7.835539526162697,-0.0012821627480272824
2024-08-09,1.0008400000000002,1.001055,1.00074,1.000965,125203094952.77003,114600950104.29964,0.0001798588108334,0.0001798426381767,Friday,0,0,0,0,1,0,0,-0.0511782839346686,-0.0525343630733964,0.00018900714703085167,0.00020856317195342986,0.00039613458813161283,-7.833756535432961,0.0017829907297359782
2024-08-10,1.001005,1.00101,1.00075,1.00085,84289121627.02788,114601083755.58188,-0.0001148891319877,-0.0001148957322496,Saturday,0,0,0,0,0,1,1,-0.3267808462816035,-0.3956843653197891,0.00015600862642894763,0.00015645146393110878,0.00039395401560781,-7.83927636713298,-0.005519831700018685
2024-08-11,1.00085,1.001045,1.000775,1.00086,64658898713.08711,114605151144.2474,9.991507218920503e-06,9.991457304144732e-06,Sunday,0,0,0,0,0,0,1,-0.2328915349338057,-0.2651270729243458,0.00016200410243629373,0.00019064414079608403,0.00038411090394589725,-7.864579234715701,-0.025302867582721156
2024-08-12,1.00081,1.001145,1.0007,1.00095,104245909199.08362,114606996330.41116,8.992266650675873e-05,8.991862370614068e-05,Monday,1,0,0,0,0,0,0,0.6122438098065535,0.4776268794260547,0.0002670034296931562,0.0003021125886188859,0.00038383865900140846,-7.865288252518508,-0.000709017802806855
2024-08-13,1.0009,1.00107,1.0007,1.00087,107881088053.88504,114603806651.85016,-7.992407213153196e-05,-7.99272662303764e-05,Tuesday,0,1,0,0,0,0,0,0.0348711895049917,0.0342769643876689,0.00022201116827210297,0.00026073349483309504,0.0003831412982410644,-7.867106711908295,-0.001818459389786753
2024-08-14,1.0008750000000002,1.001245,1.000715,1.00076,96050019932.32404,114608121395.25089,-0.0001099043831864,-0.0001099104231157,Wednesday,0,0,1,0,0,0,0,-0.1096676751689004,-0.1161604872652633,0.0003179858196612839,0.00036752513970097453,0.00038353535951513333,-7.866078739281807,0.0010279726264874611
2024-08-15,1.00076,1.001005,1.0006,1.000825,100969012630.65854,114586352188.33447,6.495063751543739e-05,6.494852831410938e-05,Thursday,0,0,0,1,0,0,0,0.0512128232956159,0.049944567394901,0.00024303225771176766,0.00028328699329899817,0.0003830942495496396,-7.867229516681891,-0.0011507774000838467
2024-08-16,1.000755,1.00145,1.000655,1.001395,106747640590.14984,114605035446.08362,0.0005695301376364,0.0005693680168998,Friday,0,0,0,0,1,0,0,0.0572316972201099,0.0556538855347381,0.00047694419881689733,0.00039681460783246513,0.00038208008152195333,-7.869880333836543,-0.0026508171546515413
2024-08-17,1.0013999999999998,1.00145,1.00097,1.001085,81714967863.13937,114629561460.68292,-0.0003095681524274,-0.0003096160785391,Saturday,0,0,0,0,0,1,1,-0.2345032882096352,-0.2672303593993529,0.00028792099922109247,0.00027692370778345987,0.00038610863706996647,-7.859391784910706,0.010488548925836838
2024-08-18,1.001085,1.00118,1.00093,1.0010750000000002,70524428194.09059,114620467186.5784,-9.98916175931619e-06,-9.98921165132477e-06,Sunday,0,0,0,0,0,0,1,-0.1369460205600435,-0.1472780412569273,0.00014998207079391124,0.0001764812196584489,0.0003760526983958716,-7.885781269087048,-0.02638948417634257
2024-08-19,1.0010750000000002,1.00181,1.00099,1.00117,85522206471.14285,114627748191.29616,9.489798466622013e-05,9.489348213732497e-05,Monday,1,0,0,0,0,0,0,0.2126607568625271,0.1928169180205586,0.0004917717346910253,0.0005760053451352552,0.00037531867898272234,-7.8877350822578745,-0.001953813170826102
2024-08-20,1.001175,1.00157,1.0008,1.00143,95517652572.93729,114630973776.14636,0.0002596961554981,0.0002596624402885,Tuesday,0,1,0,0,0,0,0,0.1168754469070805,0.1105350070721182,0.0004618848166690277,0.0005202837737808496,0.00037790378381327363,-7.8808709349220605,0.006864147335813975
2024-08-21,1.001385,1.00146,1.00072,1.000985,92665872634.81882,114617139867.1359,-0.0004443645586811,-0.0004444633178694,Wednesday,0,0,1,0,0,0,0,-0.0298560513297879,-0.0303108178040615,0.00044393142623233225,0.0004599382989149302,0.0003735190247403953,-7.892541618302015,-0.011670683379954916
2024-08-22,1.001035,1.00112,1.00074,1.00089,104946402127.52264,114604620528.554,-9.490651708066178e-05,-9.491102098912306e-05,Thursday,0,0,0,1,0,0,0,0.1325248351256498,0.1244495076053771,0.0002280012192766122,0.00025290249081841873,0.00037176250490036765,-7.897255335260048,-0.0047137169580322436
2024-08-23,1.00089,1.0014500000000002,1.00074,1.00125,94400144709.84264,114611958029.2902,0.0003596798849023,0.0003596152155989,Friday,0,0,0,0,1,0,0,-0.1004918434923097,-0.1059071578086592,0.00042593207736778705,0.00044893446218956473,0.0003744087513742879,-7.890162439236877,0.007092896023170425
2024-08-24,1.00126,1.0013450000000002,1.00099,1.00099,115352679171.08362,114633586958.67249,-0.0002596754057427,-0.0002597091272388,Saturday,0,0,0,0,0,1,1,0.221954473964449,0.2004516047071644,0.0002129506099562991,0.00018646184677116804,0.0003739259380676726,-7.8914528067166145,-0.00129036747973732
2024-08-25,1.00098,1.001185,1.00092,1.00112,89448259623.78049,114621699970.3798,0.000129871427287,0.0001298629947233,Sunday,0,0,0,0,0,0,1,-0.2245671252150405,-0.2543338574491001,0.00015898139217833954,0.00016578060950398784,0.0003647346079803482,-7.91634057027193,-0.024887763555315523
2024-08-26,1.001115,1.001165,1.0008750000000002,1.0011,83544014698.2648,114619409944.78746,-1.997762505989709e-05,-1.997782461530637e-05,Monday,1,0,0,0,0,0,0,-0.066007376223405,-0.0682867382399452,0.00017398528550083926,0.00020464023461674958,0.0003645601565087771,-7.916818981700046,-0.00047841142811577697
2024-08-27,1.001035,1.001405,1.000785,1.00114,94990313439.25784,114625675598.4669,3.995604834661215e-05,3.995525012497486e-05,Tuesday,0,1,0,0,0,0,0,0.1370092014650425,0.1284013074929462,0.0003719406835768252,0.0004330475000267096,0.0003645772625536581,-7.9167720603805884,4.692131945738254e-05
2024-08-28,1.001115,1.00166,1.001005,1.0010949999999998,127556213922.58884,114655086867.99652,-4.494875841543067e-05,-4.494976864114459e-05,Wednesday,0,0,1,0,0,0,0,0.3428339091033263,0.2947822383394027,0.0003928441380899007,0.0004623719317059524,0.0003615731789199683,-7.925046105538026,-0.008274045157437904
2024-08-29,1.0011,1.00149,1.000995,1.00135,105572433888.69688,114654274986.1115,0.0002547210804171,0.0002546886445106,Thursday,0,0,0,1,0,0,0,-0.1723458180346544,-0.1891598664700902,0.00029690889293005555,0.00031324794153258357,0.00036432724395523704,-7.917458072350589,0.007588033187436949
2024-08-30,1.0013,1.001415,1.00083,1.00125,92207620521.91986,114641171172.41812,-9.98651820043328e-05,-9.987016886363304e-05,Friday,0,0,0,0,1,0,0,-0.1265937790244308,-0.1353545152452926,0.00035093439071339486,0.0004120263705357983,0.0003606544512015471,-7.927590256926478,-0.010132184575888381
2024-08-31,1.00125,1.001475,1.00114,1.001305,77181536188.14635,118319849436.93031,5.49313358302328e-05,5.492982715965336e-05,Saturday,0,0,0,0,0,1,1,-0.1629592461959418,-0.1778825193505681,0.0002009252955244606,0.00023409505249899148,0.00034833661868806387,-7.962341250637575,-0.034750993711097244
2024-09-01,1.001355,1.00144,1.00085,1.00139,59516096731.44251,118374309199.81882,8.488921956861795e-05,8.488561668271447e-05,Sunday,0,0,0,0,0,0,1,-0.2288816772659277,-0.2599134506124414,0.000353925875719365,0.000416149257792272,0.00034721442849753545,-7.9655680193090035,-0.0032267686714284594
2024-09-02,1.00124,1.00155,1.00098,1.00139,83725021786.05226,118379604646.5784,0.0,0.0,Monday,1,0,0,0,0,0,0,0.4067626471515579,0.3412910696242723,0.00034188740817768076,0.0003916260711564428,0.0003272989703242874,-8.024636522431267,-0.05906850312226375
2024-09-03,1.001385,1.001425,1.000815,1.001345,77575363275.76306,118371271166.45296,-4.493753682388579e-05,-4.49385465452434e-05,Tuesday,0,1,0,0,0,0,0,-0.0734506647965265,-0.0762879856690325,0.0003659325016122707,0.00043013668931299944,0.0003249310362213503,-8.031897594393344,-0.007261071962076926
2024-09-04,1.001345,1.001655,1.000645,1.00114,96016962987.42856,118374276244.91638,-0.000204724645352,-0.0002047456043028,Wednesday,0,0,1,0,0,0,0,0.2377249545852557,0.2132749804234915,0.0006058701172471325,0.0007019154063587355,0.00023273216316141646,-8.365622279925608,-0.333724685532264
2024-09-05,1.001085,1.0013999999999998,1.00069,1.00089,89428805702.18816,118344995781.75958,-0.0002497153245298,-0.000249746508593,Thursday,0,0,0,1,0,0,0,-0.0686145143551664,-0.0710820319299509,0.00042595335174137324,0.00048668694820095483,0.0002350014880189086,-8.355918711844806,0.009703568080801972
2024-09-06,1.00085,1.001345,1.000545,1.001215,96784535813.95122,118336954776.63414,0.0003247110072035,0.0003246582999938,Friday,0,0,0,0,1,0,0,0.0822523576604477,0.0790443858180121,0.00047999539344332305,0.0005177239918758137,0.00020768570769742365,-8.479484641691458,-0.12356592984665227
2024-09-07,1.001375,1.00151,1.00103,1.001075,107855013568.70384,118365504063.63763,-0.0001398301064207,-0.0001398398835614,Saturday,0,0,0,0,0,1,1,0.1143827127097389,0.1083006307193273,0.00028790374587218243,0.0002832427960334219,0.000209247128818771,-8.471994569985023,0.007490071706435231
2024-09-08,1.001075,1.001305,1.0009,1.0013,56118491960.86411,118324005171.8641,0.0002247583847365,0.0002247331303548,Sunday,0,0,0,0,0,0,1,-0.4796858291143181,-0.6533224750666089,0.00024295942832678515,0.00024964409537374605,0.0002106887461746745,-8.465128650186303,0.006865919798720199
2024-09-09,1.001305,1.001425,1.00079,1.000895,74661436501.70877,118330755458.23508,-0.0004044741835613,-0.0004045560053078,Monday,1,0,0,0,0,0,0,0.3304248544985158,0.2854983306963051,0.00038093449262506567,0.00036928745262653797,0.00022227287771874206,-8.411604752000665,0.053523898185638075
2024-09-10,1.000895,1.000995,1.000715,1.00095,87017684415.54355,118290999224.78397,5.495081901685239e-05,5.494930927590449e-05,Tuesday,0,1,0,0,0,0,0,0.1654970556795003,0.1531476532609689,0.00016801348679570987,0.0001948503705812321,0.0002224916899161228,-8.410620805747042,0.0009839462536227472
2024-09-11,1.000995,1.0012949999999998,1.000705,1.00109,88605358050.03484,118313242196.30664,0.00013986712623,0.0001398573457355,Wednesday,0,0,1,0,0,0,0,0.0182454135059435,0.0180809632454903,0.0003539771437063085,0.0004125813646980247,0.0002233495974713884,-8.406772312400193,0.0038484933468492244
2024-09-12,1.00109,1.001375,1.00099,1.0013299999999998,93255534576.77003,118338883626.25436,0.0002397386848334,0.000239709952107,Thursday,0,0,0,1,0,0,0,0.0524818885570022,0.051151078404489,0.00023094297647090927,0.00022746588650393915,0.00022712872810890124,-8.389993617034161,0.016778695366031826
2024-09-13,1.00129,1.00135,1.000725,1.001225,83096500988.85715,118324689028.30664,-0.0001048605354876,-0.0001048660337379,Friday,0,0,0,0,1,0,0,-0.1089375942566683,-0.1153408138480495,0.00037496174213138785,0.0004396360680950432,0.0002270492133065327,-8.390343765273123,-0.00035014823896162284
2024-09-14,1.00128,1.001455,1.000855,1.001345,82306786759.53659,118330631744.0453,0.0001198531798545,0.0001198459980359,Saturday,0,0,0,0,0,1,1,-0.0095035798129027,-0.0095490269973645,0.00035992102463760876,0.0004218496321736973,0.0002277926769241799,-8.387074654420594,0.0032691108525284562
2024-09-15,1.00134,1.00152,1.0010599999999998,1.00121,53940838720.19164,118335876406.91638,-0.0001348186688903,-0.0001348277577439,Sunday,0,0,0,0,0,0,1,-0.3446368052517649,-0.4225657012240425,0.00027590224498368315,0.0003146677737560757,0.00020417996109627987,-8.496508790759814,-0.10943413633921928
2024-09-16,1.001275,1.00153,1.000725,1.00111,81197830089.05576,118327606848.13936,-9.98791462329951e-05,-9.988413448707237e-05,Monday,1,0,0,0,0,0,0,0.5053127095456345,0.4090006570464684,0.00048290731758462426,0.0005592774753194261,0.00019704470048110507,-8.5320799489701,-0.03557115821028667
2024-09-17,1.00107,1.001445,1.0008050000000002,1.00101,92870547018.9338,118331134177.45296,-9.988912307334896e-05,-9.989411232405384e-05,Tuesday,0,1,0,0,0,0,0,0.1437565131614442,0.1343180321587629,0.0003839272657276294,0.00045050218503197014,0.0001978785375727787,-8.52785716210722,0.004222786862881023
2024-09-18,1.00102,1.001255,1.00082,1.00098,121908256655.28572,118418154005.52962,-2.996973057212137e-05,-2.9970179673469648e-05,Wednesday,0,0,1,0,0,0,0,0.3126686615771941,0.272062211286517,0.0002609733681525971,0.00030626728595891815,0.0001971945661587189,-8.531319671151454,-0.0034625090442350626
2024-09-19,1.0007700000000002,1.001225,1.0007700000000002,1.000885,167602134283.2648,118961104504.5784,-9.490699114866884e-05,-9.491149510212668e-05,Thursday,0,0,0,1,0,0,0,0.374821844571082,0.3183241551392624,0.00027298305210924945,0.0003133783755231818,0.00019219387058225896,-8.557005952767724,-0.02568628161627018
2024-09-20,1.0008400000000002,1.000945,1.0002,1.0003,150641331982.36237,118922681966.81882,-0.0005844827327815,-0.0005846536094002,Friday,0,0,0,0,1,0,0,-0.1011968157412419,-0.1066911958882332,0.0004471621176309588,0.0004058077243017379,0.00020432218991378213,-8.495812447678643,0.06119350508908106
2024-09-21,1.0003449999999998,1.0009100000000002,1.000275,1.0007,111642562786.32056,118909203643.72124,0.0003998800359892,0.0003998001052753,Saturday,0,0,0,0,0,1,1,-0.2588849201134781,-0.2995993622538059,0.00038113055773354823,0.00039082208306935313,0.00021627596113976336,-8.438955367844535,0.05685707983410815
2024-09-22,1.00072,1.00112,1.000595,1.00088,85716424608.22299,118947002990.19164,0.0001798740881384,0.0001798579127343,Sunday,0,0,0,0,0,0,1,-0.2322244987130863,-0.2642579045997887,0.00031502450602214764,0.00035735574640832215,0.00020866915652061508,-8.474760543396053,-0.035805175551518076
2024-09-23,1.00085,1.00128,1.000745,1.00105,135912033038.07317,118959806362.0,0.0001698505315321,0.0001698361085637,Monday,1,0,0,0,0,0,0,0.5856008187377753,0.4609634009517877,0.0003209752645432437,0.000356932326320934,0.00020556264085769334,-8.48975974878474,-0.014999205388686931
2024-09-24,1.001045,1.0011,1.000745,1.0009,131691050934.10104,119019262444.94077,-0.0001498426652016,-0.0001498538927354,Tuesday,0,1,0,0,0,0,0,-0.0310567210983423,-0.0315492045098557,0.00021300273477178926,0.00023407336226599458,0.00020601551488994861,-8.487559077010975,0.0022006717737657056
2024-09-25,1.000945,1.001055,1.000765,1.000765,137937377722.85715,119352058476.81534,-0.0001348786092516,-0.0001348877061892,Wednesday,0,0,1,0,0,0,0,0.0474316724215513,0.046341141494803,0.00017400440648259052,0.00017169452930569564,0.00020745018286050777,-8.480619329717925,0.006939747293049692
2024-09-26,1.000765,1.00127,1.00076,1.001205,138579522345.9373,119360775306.7108,0.000439663657302,0.0004395670335565,Thursday,0,0,0,1,0,0,0,0.0046553344255269,0.0046445318695863,0.00030597565557539903,0.00023483382844569892,0.00022231285058395037,-8.411424931269718,0.0691943984482073
2024-09-27,1.00115,1.00121,1.000975,1.001125,161915705384.108,119374737607.39722,-7.990371602206725e-05,-7.99069084940457e-05,Friday,0,0,0,0,1,0,0,0.1683956088397851,0.155631533256486,0.0001409778653625103,0.00016526155033375143,0.00022263982410813499,-8.40995523077509,0.0014697004946278014
2024-09-28,1.00118,1.001455,1.00101,1.00105,131777091008.16028,119500314870.05576,-7.491571981521616e-05,-7.491852613791322e-05,Saturday,0,0,0,0,0,1,1,-0.1861376838303038,-0.205964072040857,0.00026692076051698974,0.00030373515956730606,0.00021815905652245788,-8.430286144140831,-0.020330913365741665
2024-09-29,1.00105,1.00121,1.00096,1.0011100000000002,104146312010.19164,119543958739.9547,5.993706608076188e-05,5.9935269926587146e-05,Sunday,0,0,0,0,0,0,1,-0.2096781677799946,-0.2353150339218452,0.00014997757620837467,0.00017261123165768146,0.00021767095995526452,-8.432525993406836,-0.002239849266004512
2024-09-30,1.00116,1.00116,1.000725,1.00091,137976399834.89548,119672715665.43204,-0.000199778246147,-0.000199798204479,Monday,1,0,0,0,0,0,0,0.3248323168792888,0.2812858981309912,0.0002609981372783206,0.0002652186112598748,0.0002204783769319669,-8.419710931686547,0.012815061720289123
2024-10-01,1.00082,1.000995,1.00051,1.000945,152986002636.68292,119727145362.62367,3.4968178957095475e-05,3.496756758457804e-05,Tuesday,0,1,0,0,0,0,0,0.1087838414377251,0.1032637763293896,0.00029105317231955516,0.00033378209532728705,0.00022002565030012687,-8.42176642613496,-0.002055494448413242
2024-10-02,1.000905,1.001055,1.000775,1.000955,179847983453.97562,119742719244.85364,9.99055892192402e-06,9.990509016622622e-06,Wednesday,0,0,1,0,0,0,0,0.1755845656094796,0.1617655265290765,0.00016800341520181996,0.00019535716191353147,0.0002200332106728605,-8.421732065400954,3.43607340056451e-05
2024-10-03,1.000955,1.00105,1.000855,1.001035,159893410379.34842,119746084790.36586,7.992367289233471e-05,7.992047916575885e-05,Thursday,0,0,0,1,0,0,0,-0.1109524426763101,-0.1176045495968167,0.00011699799463710397,0.00012848720398371275,0.00022036380707024072,-8.420230708915057,0.0015013564858978867
2024-10-04,1.00103,1.00108,1.00085,1.00098,143074436326.2718,119749473669.63414,-5.494313385634442e-05,-5.494464328561216e-05,Friday,0,0,0,0,1,0,0,-0.1051886629547363,-0.111142379525478,0.00013799591156350927,0.0001594842557547959,0.00021740165403688264,-8.433763975040778,-0.013533266125721255
2024-10-05,1.000975,1.001035,1.000175,1.0003099999999998,96600420628.64809,119706249827.43904,-0.0006693440428381,-0.0006695681535723,Saturday,0,0,0,0,0,1,1,-0.3248240348935766,-0.3927819330365393,0.0005161703844895569,0.00044580630404764777,0.0002452109682880572,-8.313391622895905,0.12037235214487296
2024-10-06,1.000355,1.00061,0.999985,1.00041,74150057718.83972,119670301863.25436,9.996900960729248e-05,9.996401303885012e-05,Sunday,0,0,0,0,0,0,1,-0.2324044011786675,-0.2644922485527156,0.0003752391313153296,0.0004404868971710594,0.00023863796577039493,-8.340562942054945,-0.027171319159039697
2024-10-07,1.00041,1.00064,1.000105,1.000115,118677860925.4878,119687373394.76656,-0.0002948790995691,-0.0002949225849596,Monday,1,0,0,0,0,0,0,0.6005093532831418,0.4703219243864259,0.0003211806122302567,0.0003307662655149271,0.00024330135629816179,-8.32120973359863,0.019353208456314164
2024-10-08,1.00017,1.000355,0.999895,1.000135,137090203135.56444,119694203592.27176,1.999770026439585e-05,1.999750031305362e-05,Tuesday,0,1,0,0,0,0,0,0.1551455517186721,0.1442263548380995,0.0002762236309371731,0.00032450037348463317,0.00023984449263605886,-8.335519791980643,-0.014310058382012159
2024-10-09,1.00014,1.00021,0.99971,0.999725,116542005086.41464,119856925522.89896,-0.0004099446574712,-0.0004100287077537,Wednesday,0,0,1,0,0,0,0,-0.1498881581554758,-0.1623873595128683,0.00030029262015782984,0.0002418087574033311,0.00024015407548676047,-8.334229859409222,0.0012899325714208487
2024-10-10,0.999725,0.999925,0.999365,0.99971,115655354092.5784,119824800022.62718,-1.5004126134643414e-05,-1.5004238697669888e-05,Thursday,0,0,0,1,0,0,0,-0.007607995015864,-0.007637083440256,0.0003364337172250838,0.00039601064399528117,0.00023996007305216542,-8.335038010744666,-0.0008081513354447623
2024-10-11,0.99971,1.000495,0.99956,1.000305,125354894012.06271,119858871637.07666,0.0005951726000539,0.0005949955550867,Friday,0,0,0,0,1,0,0,0.0838658961842799,0.0805341833573711,0.0005615093255071408,0.000548026190584477,0.00026216310019990533,-8.246543728041313,0.08849428270335302
2024-10-12,1.00035,1.001045,1.000305,1.0009,113965035507.97562,119937847956.23344,0.0005948185803328,0.0005946417458805,Saturday,0,0,0,0,0,1,1,-0.0908609001176377,-0.0952571713386998,0.00044411553351869225,0.000395882115598699,0.0002803582635365826,-8.179442260043075,0.06710146799823846
2024-10-13,1.000895,1.000905,1.000635,1.00064,87674261858.05576,119950948729.01392,-0.0002597662104105,-0.0002597999554966,Sunday,0,0,0,0,0,0,1,-0.2306915759972712,-0.2622633183591734,0.00016202676556023915,0.00010636566224843296,0.00028369712781071965,-8.167603340237658,0.011838919805416737
2024-10-14,1.00069,1.00075,0.999375,1.00045,126699828010.61324,119884549068.11496,-0.0001898784777741,-0.0001898965069746,Monday,1,0,0,0,0,0,0,0.4451199853354877,0.368192352951442,0.0008257201786153999,0.0009607129817798416,0.00028496897082299375,-8.163130257928145,0.004473082309512932
2024-10-15,1.00038,1.0007350000000002,0.99992,1.00043,171555364936.28223,119904051971.7352,-1.999100404825871e-05,-1.999120387104325e-05,Tuesday,0,1,0,0,0,0,0,0.3540299748624094,0.303085312252729,0.0004892971638341656,0.0005752652915963601,0.00028392725323760033,-8.16679250318706,-0.0036622452589138987
2024-10-16,1.00043,1.0007350000000002,0.99988,1.00025,147729668354.17075,119893431868.0906,-0.0001799226332674,-0.0001799388212862,Wednesday,0,0,1,0,0,0,0,-0.1388805100380313,-0.1495220037398874,0.0005133220144981378,0.0005939532195922729,0.00028523917993005383,-8.162182501825644,0.004610001361415428
2024-10-17,1.000195,1.000255,0.99994,1.000085,100352482489.78397,119871164313.03831,-0.00016495876031,-0.0001649723675028,Thursday,0,0,0,1,0,0,0,-0.3207019036338966,-0.3866952251351884,0.00018915833800972018,0.00021196691843021394,0.0002862445773214203,-8.158663947130561,0.003518554695082443
2024-10-18,1.00013,1.000195,0.999785,0.999905,104984852056.10104,119856255241.08362,-0.0001799847013002,-0.0001800009004903,Friday,0,0,0,0,1,0,0,0.0461609862694594,0.0451272603676913,0.00024623255957605935,0.0002539610514049864,0.0002880729568405207,-8.152296787546101,0.006367159584460325
2024-10-19,0.9999,1.0001449999999998,0.99984,0.99994,83552945338.04181,119852830748.39722,3.500332531580774e-05,3.500271271371153e-05,Saturday,0,0,0,0,0,1,1,-0.2041428482140128,-0.2283355667974803,0.00018317254255390892,0.00021423125013706406,0.00028762231322111833,-8.153862350908808,-0.0015655633627069676
2024-10-20,0.999885,1.00001,0.99978,0.999845,66335890999.93728,119848299559.85364,-9.500570034204348e-05,-9.50102136694557e-05,Sunday,0,0,0,0,0,0,1,-0.2060616088211743,-0.230749413719263,0.0001381435826957434,0.000160739907046636,0.0002676443504352276,-8.22585150937969,-0.07198915847088116
2024-10-21,0.999895,1.000395,0.999655,1.000195,111039987245.03136,119862381742.12544,0.00035005425841,0.0003499930037127,Monday,1,0,0,0,0,0,0,0.6739051148817214,0.5151592887892049,0.00044440420142505857,0.0004888997558299727,0.00026530862079639407,-8.234616802827619,-0.008765293447929423
2024-10-22,1.0001449999999998,1.000245,0.99953,0.99966,113058642429.97212,119830049519.36586,-0.0005348956953393,-0.0005350388030759,Tuesday,0,1,0,0,0,0,0,0.0181795336529191,0.018016261766421,0.00042944959251789444,0.00040593870001614255,0.000280807026270729,-8.177842863794016,0.056773939033602616
2024-10-23,0.99966,0.99966,0.999155,0.99935,100168773004.45992,119793818804.10104,-0.0003101054358481,-0.0003101535284816,Wednesday,0,0,1,0,0,0,0,-0.1140104741085682,-0.1210501502399004,0.0003034632166274477,0.00030083895106645014,0.0002847764320508179,-8.163806134481197,0.014036729312818963
2024-10-24,0.99938,0.99969,0.999245,0.999545,108999936705.38676,119785006999.669,0.0001951268324411,0.0001951077976768,Thursday,0,0,0,1,0,0,0,0.0881628419321223,0.0844908081276749,0.00026739212667732166,0.0002976404829558645,0.0002856886038500755,-8.160608138042276,0.003197996438920825
2024-10-25,0.999555,0.99977,0.998475,0.9989,101634854661.43556,119787915730.32751,-0.0006452936085918,-0.0006455019001234,Friday,0,0,0,0,1,0,0,-0.0675695992728702,-0.0699607675396088,0.0007784099232769532,0.0008209750081154224,0.0003080593752766987,-8.085218016697375,0.07539012134490086
2024-10-26,0.998975,0.9996,0.998975,0.999235,127219645533.85364,119771620156.50174,0.0003353689057963,0.0003353126822149,Saturday,0,0,0,0,0,1,1,0.2517324490465966,0.2245285509964838,0.000375618393086772,0.00041161975864220516,0.0003036573056775563,-8.099610776375927,-0.014392759678552025
2024-10-27,0.99922,0.99945,0.999115,0.999415,62037359134.63066,119767617258.64111,0.0001801378054211,0.0001801215825548,Sunday,0,0,0,0,0,0,1,-0.5123602264862286,-0.7181783147390535,0.00020133246139694702,0.00020367669293095574,0.00030508422056964074,-8.094922686459352,0.004688089916575322
2024-10-28,0.999465,1.0001099999999998,0.999225,0.999905,83674267243.18466,119815572685.2474,0.0004902868177882,0.0004901666664772,Monday,1,0,0,0,0,0,0,0.3487722303200973,0.2991947196194177,0.0005316734820339238,0.0005630624964359953,0.00031764456155606007,-8.054577531266988,0.040345155192364146
2024-10-29,0.999935,1.000095,0.999385,0.999405,132039631762.63414,119837115667.75958,-0.0005000475045129,-0.0005001725699605,Tuesday,0,1,0,0,0,0,0,0.5780195765429768,0.4561706282675007,0.00042650936547580825,0.0003789451082727875,0.0003303292492722964,-8.015420675833022,0.03915685543396563
2024-10-30,0.99929,1.00049,0.998985,1.00037,128894035466.9791,119839846909.51917,0.0009655745168375,0.0009651086496259,Wednesday,0,0,1,0,0,0,0,-0.0238231222979312,-0.0241114818349424,0.0009040821048565292,0.0008260633550921367,0.00037260514269190574,-7.894991297713007,0.12042937812001497
2024-10-31,1.00036,1.00042,0.999085,0.999235,103670325760.86064,119836165579.8676,-0.0011345802053239,-0.0011352243286976,Thursday,0,0,0,1,0,0,0,-0.1956933818910529,-0.2177747166974786,0.0008019478090814994,0.0006343910932952806,0.0004263234029270032,-7.760312337911987,0.13467895980102007
2024-11-01,0.99924,1.0000749999999998,0.999175,1.00001,118109199924.03484,119815910958.32404,0.0007755933288966,0.0007752927118184,Friday,0,0,0,0,1,0,0,0.1392768283228969,0.1303936999939903,0.000540707885922486,0.00041964050592182986,0.0004492040477417108,-7.708033324139448,0.052279013772539074
2024-11-02,1.0001,1.000215,0.999685,0.99983,94143933097.99652,119856274034.05576,-0.000179998200018,-0.0001800144016382,Saturday,0,0,0,0,0,1,1,-0.2029077061012371,-0.2267848052668486,0.0003183133614480786,0.0003351137448669294,0.00045016834617852284,-7.705888942539906,0.002144381599541667
2024-11-03,0.99981,1.00042,0.99972,1.00016,77974481876.05923,119868562533.85364,0.0003300561095385,0.0003300016530029,Sunday,0,0,0,0,0,0,1,-0.1717524506343509,-0.188443196616471,0.0004203634347984499,0.0004445708534494405,0.00045407152058503055,-7.697255838001894,0.008633104538012581
2024-11-04,1.00016,1.000245,0.99972,1.000045,95662156084.7317,119854198457.36586,-0.0001149816029434,-0.0001149882138346,Monday,1,0,0,0,0,0,0,0.2268392656560014,0.2044411593124389,0.0003153001573013982,0.000364293335225321,0.000437810048279491,-7.733725421381267,-0.03646958337937356
2024-11-05,1.000025,1.00071,0.99995,1.000645,110037419968.80489,119889176309.4669,0.0005999730012149,0.0005997930893717,Tuesday,0,1,0,0,0,0,0,0.1502711675381898,0.1399977124385083,0.00045627596622487774,0.000374456127641887,0.0004509282314437603,-7.704202363178191,0.029523058203076324
2024-11-06,1.0006,1.000895,0.999815,1.00054,231964762260.80835,119913270956.72472,-0.0001049323186544,-0.0001049378244354,Wednesday,0,0,1,0,0,0,0,1.1080534451513795,0.7457649838450935,0.0006483759902679187,0.0007624940563040573,0.0004481116197730169,-7.7104682053032585,-0.006265842125067422
2024-11-07,1.0004849999999998,1.00083,1.000095,1.00036,201092728216.784,119907622631.81184,-0.0001799028524597,-0.000179919036919,Thursday,0,0,0,1,0,0,0,-0.1330893267715962,-0.1428193372345464,0.0004412084461761936,0.0005136458810273603,0.00044929914582213465,-7.707821643020315,0.0026465622829432434
2024-11-08,1.000355,1.000825,1.000175,1.000295,158737364319.18466,119910410252.40416,-6.497660842097464e-05,-6.497871949224291e-05,Friday,0,0,0,0,1,0,0,-0.2106260344329258,-0.2365150963237518,0.0003901697117300512,0.00045787461926291714,0.0004431775553093695,-7.721540066166073,-0.013718423145757441
2024-11-09,1.00035,1.00043,1.0001,1.000335,145778896977.18466,119889406001.09756,3.998820348005694e-05,3.998740397316199e-05,Saturday,0,0,0,0,0,1,1,-0.0816346384329745,-0.0851599701918826,0.00019813269408341618,0.00023309718408898538,0.0004432292195240627,-7.721423496175367,0.00011656999070552843
2024-11-10,1.000405,1.00056,1.00001,1.000395,199156735733.37283,119887923446.2892,5.997990673112241e-05,5.997810800844113e-05,Sunday,0,0,0,0,0,0,1,0.3661561437424112,0.3120010618945047,0.0003302145595885091,0.00038874829055253517,0.00042985043499899035,-7.752073235365758,-0.030649739190391045
2024-11-11,1.000415,1.00129,1.00034,1.000375,292957518850.3763,119931679693.10104,-1.9992103119204074e-05,-1.9992302963961187e-05,Monday,1,0,0,0,0,0,0,0.4709897597567682,0.3859354801788686,0.0005700685811190096,0.0006707442473717036,0.00041593039402840106,-7.7849926337500195,-0.03291939838426128
2024-11-12,1.00057,1.0011,0.99995,1.00045,407353581131.0174,120237947882.0209,7.497188554306256e-05,7.496907529171063e-05,Tuesday,0,1,0,0,0,0,0,0.3904868621551483,0.3296539463589683,0.0006902830624795556,0.0008093203383545119,0.00041344355220000257,-7.790989565031979,-0.005996931281959661
2024-11-13,1.000445,1.001455,1.00031,1.0009,369160113030.9582,124106221456.27528,0.0004497975910837,0.000449696462471,Wednesday,0,0,1,0,0,0,0,-0.0937599909985202,-0.0984510974241146,0.0006870363444502092,0.0007579525412455613,0.0004200886156781077,-7.775044879232278,0.015944685799700764
2024-11-14,1.0009199999999998,1.0009199999999998,0.999835,1.000115,351428096769.1045,124047935407.21254,-0.000784294135278,-0.0007846018548289,Thursday,0,0,0,1,0,0,0,-0.0480334024070652,-0.0492253313683628,0.0006513630810794254,0.0005814627442623829,0.0004438255578129468,-7.720078960541365,0.05496591869091372
2024-11-15,1.000185,1.000565,0.999855,1.0001600000000002,262695459151.54355,124040965624.5749,4.499482559516821e-05,4.499381335836654e-05,Friday,0,0,0,0,1,0,0,-0.2524915862827556,-0.291009717971619,0.00042630894814470844,0.0005016999529527474,0.00044268424551719565,-7.72265380612575,-0.0025748455843856988
2024-11-16,1.00022,1.00033,1.000025,1.000235,227961285226.72125,124034261583.87108,7.498800191951815e-05,7.498519045985183e-05,Saturday,0,0,0,0,0,1,1,-0.1322222090819806,-0.141819598342221,0.00018313866164690286,0.00021542775234520675,0.0004418705366063188,-7.724493622396829,-0.0018398162710786536
2024-11-17,1.00024,1.000405,0.999865,1.00022,206986474580.42856,124026650131.96864,-1.4996475828032985e-05,-1.4996588276300836e-05,Sunday,0,0,0,0,0,0,1,-0.0920104070541275,-0.0965223619598837,0.0003242592832475318,0.00038158380778201257,0.00044065525856786257,-7.7272477148284855,-0.002754092431656474
2024-11-18,1.000175,1.000915,1.000005,1.00055,205454682234.2544,124062170961.2439,0.0003299274159684,0.0003298730018867,Monday,1,0,0,0,0,0,0,-0.0074004465715896,-0.0074279657297538,0.0005462594543279276,0.0005994882070794799,0.00044470599705804576,-7.718097174912185,0.009150539916300104
2024-11-19,1.000595,1.00074,1.000265,1.00047,232680588941.6411,124076925036.03831,-7.995602418675585e-05,-7.995922084005331e-05,Tuesday,0,1,0,0,0,0,0,0.132515386903397,0.1244411649524203,0.00028512330298523795,0.0003266034089107448,0.0004446072892968787,-7.718319161388913,-0.0002219864767276647
2024-11-20,1.00057,1.000595,0.99995,1.00037,214594312639.4216,124055832045.54008,-9.99530220796574e-05,-9.995801771585756e-05,Wednesday,0,0,1,0,0,0,0,-0.077730060700318,-0.080917322462914,0.00038725646286948915,0.00043870483676790496,0.00044036975954060074,-7.727895821366637,-0.009576659977724056
2024-11-21,1.00035,1.00054,0.99952,1.00054,251279710894.45804,124012324093.55594,0.0001699371232644,0.0001699226855871,Thursday,0,0,0,1,0,0,0,0.1709523323513151,0.1578173769990904,0.0006125541049648351,0.0007115026746599097,0.00043051801943765517,-7.75052137797443,-0.022625556607793307
2024-11-22,1.000505,1.00058,0.999755,0.99992,274291696104.58884,129394474169.28572,-0.0006196653806943,-0.0006198574526373,Friday,0,0,0,0,1,0,0,0.0915791614381322,0.0876254197450716,0.0004953800455594036,0.0004561306108790415,0.0004415276889081081,-7.725269824353142,0.02525155362128828
2024-11-23,0.99995,1.00092,0.99858,0.99973,274419380964.47388,130668053336.97562,-0.000190015201216,-0.0001900332563916,Saturday,0,0,0,0,0,1,1,0.0004655075662092,0.0004653992511751,0.0014056652761649277,0.0016493845163986017,0.0004414539080506804,-7.72543694189637,-0.000167117543227846
2024-11-24,0.99972,1.00042,0.99951,1.00002,258967483752.1777,130703058187.39722,0.0002900783211465,0.0002900362565648,Sunday,0,0,0,0,0,0,1,-0.0563076017371256,-0.0579550152348568,0.0005465298622595339,0.0006158762116708804,0.0004287149369552282,-7.7547183425245265,-0.02928140062815654
2024-11-25,1.000085,1.000595,0.999585,1.00045,265385358370.1986,130735555696.70384,0.0004299914001721,0.0004298989803622,Monday,1,0,0,0,0,0,0,0.0247825500137406,0.0244804437560982,0.000606512281885746,0.000677142337258908,0.0004315195419876937,-7.748197759966415,0.006520582558111165
2024-11-26,1.0004,1.000825,0.999935,1.00025,297671691578.1011,130782325237.65506,-0.0001999100404818,-0.0001999300251574,Tuesday,0,1,0,0,0,0,0,0.1216583062689717,0.1148082208515956,0.0005342964745042905,0.0006221440744169532,0.0004318102084626015,-7.747524398517354,0.0006733614490617157
2024-11-27,1.000255,1.001275,0.99996,1.00091,250089389937.27875,130798630925.65506,0.0006598350412396,0.0006596174458116,Wednesday,0,0,1,0,0,0,0,-0.1598482589612926,-0.1741727593652581,0.0007892507351105878,0.0008354692675811941,0.00043926580783048706,-7.730405843313582,0.017118555203771813
2024-11-28,1.000985,1.001095,1.00049,1.00062,229473857306.65503,130812133219.48083,-0.0002897363399305,-0.0002897783216131,Thursday,0,0,0,1,0,0,0,-0.0824326559227243,-0.086029302207761,0.00036305182115465727,0.0003624102839088973,0.0004329138626334006,-7.744971781313877,-0.014565938000295375
2024-11-29,1.00057,1.00124,1.0005099999999998,1.000795,193893846137.3345,130822579335.4007,0.0001748915672283,0.0001748762754811,Friday,0,0,0,0,1,0,0,-0.1550503904319417,-0.1684782870503881,0.000438026425519839,0.000496442204108134,0.0003967190181118344,-7.8322822908020004,-0.08731050948812324
2024-11-30,1.00075,1.00085,1.000265,1.000835,217710421473.8641,130806977342.67249,3.996822526075583e-05,3.996742655252248e-05,Saturday,0,0,0,0,0,1,1,0.1228330646433222,0.1158550134540065,0.0003511325581771774,0.0004100430714122972,0.0003383510257443125,-7.991426663683386,-0.15914437288138572
2024-12-01,1.000775,1.0010750000000002,1.000625,1.000865,191136138884.4913,130831884508.75958,2.997497089918255e-05,2.997452165871964e-05,Sunday,0,0,0,0,0,0,1,-0.1220625196050296,-0.1301798947217892,0.0002700230269568832,0.0003129764184674235,0.0003073685183194484,-8.087463144858232,-0.09603648117484553
2024-12-02,1.0008499999999998,1.001095,1.000355,1.0007100000000002,301771032060.3415,130813795670.83624,-0.0001548660408743,-0.0001548780338578,Monday,1,0,0,0,0,0,0,0.5788277079443873,0.4566826146553344,0.0004440933438274959,0.000515600498716597,0.0003069117246696674,-8.08895039351776,-0.0014872486595276513
2024-12-03,1.000725,1.001185,1.00055,1.001025,371614230717.223,130818762529.1359,0.0003147765086786,0.0003147269769474,Tuesday,0,1,0,0,0,0,0,0.2314443443428853,0.2081877441693719,0.00038102583766767763,0.00040811449256708847,0.00030637646674340025,-8.090695928715299,-0.001745535197539283
2024-12-04,1.0010400000000002,1.001785,1.0007700000000002,1.0012249999999998,372978020261.5122,132142237691.14636,0.0001997952099095,0.0001997752535046,Wednesday,0,0,1,0,0,0,0,0.0036699066708425,0.003663188993838,0.0006087919429512468,0.0007075365455486048,0.00030782484434155354,-8.085979623957346,0.004716304757952372
2024-12-05,1.001385,1.0015900000000002,1.000135,1.00034,432384500612.4161,135082603463.82867,-0.0008839172014281,-0.0008843080865946,Thursday,0,0,0,1,0,0,0,0.1592760890018432,0.1477957491057197,0.0008730636888527629,0.0007972282361420471,0.0003298955938765882,-8.01673433575531,0.0692452882020369
2024-12-06,1.000315,1.001295,0.99975,1.000935,396099680930.53845,135077709117.37762,0.0005947977687585,0.0005946209466778,Friday,0,0,0,0,1,0,0,-0.0839179471754536,-0.0876493410004415,0.0009273826877106909,0.0010217439056666893,0.00034677058742086595,-7.966847128013092,0.04988720774221722
2024-12-07,1.001,1.0013200000000002,1.000875,1.00097,275091788795.5192,137308225883.12892,3.4967305569288953e-05,3.496669422731085e-05,Saturday,0,0,0,0,0,1,1,-0.3054985852317301,-0.3645610796864731,0.00026695675531667,0.00031376511444237065,0.00034527028151221367,-7.971183022976758,-0.004335894963666043
2024-12-08,1.0009199999999998,1.00103,1.000625,1.000885,198955930028.67944,137817154831.63763,-8.491762989892848e-05,-8.49212356049891e-05,Sunday,0,0,0,0,0,0,1,-0.2767652902334826,-0.3240214763566016,0.0002430261869287058,0.00028531488260322564,0.00034541455292327243,-7.970765259603468,0.00041776337329046953
2024-12-09,1.00101,1.00101,1.00002,1.00079,261887123806.10104,137776841483.33102,-9.491599934052795e-05,-9.49205041490479e-05,Monday,1,0,0,0,0,0,0,0.3163072031497129,0.274830242704793,0.000594249602314516,0.0006862089181844908,0.0003457719533048201,-7.969731094699552,0.0010341649039160572
2024-12-10,1.000785,1.000925,1.00043,1.000735,448160191082.0279,137793284454.58536,-5.495658429854888e-05,-5.495809446695715e-05,Tuesday,0,1,0,0,0,0,0,0.7112723396582179,0.5372371521200989,0.0002970765328854744,0.0003483997695829799,0.0003457441409228356,-7.9698115335562365,-8.043885668485018e-05
2024-12-11,1.00077,1.00088,1.000255,1.000365,343120789093.0592,137792099332.35193,-0.0003697282497364,-0.0003697966160776,Wednesday,0,0,1,0,0,0,0,-0.2343791440631171,-0.2670681979175609,0.00037513787420682796,0.0003630439944029995,0.00035225559728501734,-7.951153517219417,0.018658016336819294
2024-12-12,1.00036,1.000475,0.99967,1.000025,279449779858.8467,137714087581.50522,-0.0003398759452799,-0.0003399337161993,Thursday,0,0,0,1,0,0,0,-0.1855644171328366,-0.2052599420146601,0.0004834167479260217,0.0005297455601054979,0.00035741920969256354,-7.936601208243041,0.01455230897637616
2024-12-13,1.00002,1.000365,0.999725,0.99988,255650843545.676,137714663349.4216,-0.0001449963750905,-0.0001450068880812,Friday,0,0,0,0,1,0,0,-0.085163553627388,-0.089009976817546,0.0003843418885449971,0.0004440827136088655,0.00034886744535949293,-7.960818520632484,-0.024217312389443357
2024-12-14,0.999875,0.99997,0.99968,0.9997,197604545049.67944,137676122886.42856,-0.0001800216025922,-0.0001800378084258,Saturday,0,0,0,0,0,1,1,-0.2270530294011162,-0.2575448348192465,0.00017419323431111508,0.00017386611981272678,0.00031979516229463606,-8.047829884962653,-0.0870113643301682
2024-12-15,0.999755,0.999835,0.999535,0.99954,166586264833.82578,138421998497.89548,-0.0001600480144043,-0.0001600608234545,Sunday,0,0,0,0,0,0,1,-0.1569714917642982,-0.1707545039533864,0.00018022513358725213,0.00016480082413274837,0.0003210225017438281,-8.04399933840064,0.003830546562012316
2024-12-16,0.99957,1.000025,0.998995,0.99956,238333225736.84668,140174133867.15332,2.0009204233950584e-05,2.0009004052493856e-05,Monday,1,0,0,0,0,0,0,0.4306895347860184,0.35815652021259,0.00061888134712622,0.00072865057074276,0.0003207512525426755,-8.044844649432738,-0.0008453110320978396
2024-12-17,0.999585,0.999705,0.999295,0.999595,262303205492.79443,140183115966.45297,3.501540677897097e-05,3.501479375392519e-05,Tuesday,0,1,0,0,0,0,0,0.100573387037584,0.0958313049382902,0.0002463532738908503,0.0002899921624928791,0.0003208032688088115,-8.044682492470177,0.00016215696256161038
2024-12-18,0.99959,0.99995,0.99925,0.99962,258297329157.4181,140196760156.5157,2.501012910216538e-05,2.5009816354101093e-05,Wednesday,0,0,1,0,0,0,0,-0.0152719305425582,-0.0153897475416424,0.00042056108468891144,0.0004948213798533353,0.00031513232204334314,-8.062517937364467,-0.01783544489429012
2024-12-19,0.999675,1.000075,0.99894,0.9997,315115282274.2578,140512390773.4634,8.003041155646429e-05,8.002720929392846e-05,Thursday,0,0,0,1,0,0,0,0.2199711212740116,0.1988271873781248,0.0006819729118926846,0.0008028112937949236,0.0003151328973159793,-8.062516111870632,1.8254938343176264e-06
2024-12-20,0.999735,1.000325,0.999175,1.000045,363722828807.8293,140597507549.3136,0.0003451035310593,0.0003450439965324,Friday,0,0,0,0,1,0,0,0.1542532186403651,0.1434535709134104,0.0006908181657464786,0.0007902213853346594,0.00032084918800792136,-8.044539364523885,0.017976747346747146
2024-12-21,1.000025,1.00017,0.99964,0.999825,285756995090.4599,140609321405.18466,-0.0002199901004455,-0.0002200143018171,Saturday,0,0,0,0,0,1,1,-0.2143550735402483,-0.2412503361282532,0.0003183276869109051,0.0003535853550506468,0.00032186221779343234,-8.04138699904453,0.003152365479355268
2024-12-22,0.99982,1.0,0.99956,0.99963,180102639683.38327,140601939582.7561,-0.0001950341309728,-0.0001950531526022,Sunday,0,0,0,0,0,0,1,-0.3697349748993211,-0.4616148732923971,0.00026430508131591797,0.00028790573044949264,0.00030340737675262395,-8.100434177724372,-0.059047178679842105
2024-12-23,0.999685,0.9999,0.99944,0.99964,188516644393.14285,140582163256.52612,1.0003701369498684e-05,1.0003651332811842e-05,Monday,1,0,0,0,0,0,0,0.0467178311464575,0.0456593933182513,0.00027634935418236904,0.00032417139286368093,0.00030142265578101757,-8.106997106113088,-0.006562928388715861
2024-12-24,0.999615,1.000245,0.999245,0.99997,188765252150.2927,139960047851.59583,0.0003301188427835,0.0003300643655473,Tuesday,0,1,0,0,0,0,0,0.0013187575980366,0.0013178888009734,0.0006007144366468498,0.0006719763563366735,0.0003027920065999361,-8.102464435032328,0.004532671080760053
2024-12-25,0.99994,0.999975,0.999555,0.99964,154059702720.4965,139818330583.09155,-0.000330009900297,-0.0003300643655472,Wednesday,0,0,1,0,0,0,0,-0.1838556039019514,-0.2031639836703861,0.00025229499887945237,0.00023121499013279865,0.0002985866334311305,-8.116450437989961,-0.013986002957633303
2024-12-26,0.999675,1.000175,0.99939,0.99973,141283583010.03137,139823813538.44598,9.003241166816167e-05,9.002835899383248e-05,Thursday,0,0,0,1,0,0,0,-0.0829296661284895,-0.0865711096980326,0.0004715431302995069,0.0005541456201344321,0.0002968025393184147,-8.122443491052612,-0.005993053062651299
2024-12-27,0.999655,1.00011,0.999435,0.99988,149699799694.63763,139818195243.83276,0.000150040510938,0.0001500292559863,Friday,0,0,0,0,1,0,0,0.0595696718988836,0.05786285578917,0.00040547107303338925,0.0004564547714789168,0.00027265154949181056,-8.207315953528173,-0.0848724624755608
2024-12-28,0.999875,1.000005,0.999775,0.99984,127427884946.5749,139830330857.6446,-4.00048005760878e-05,-4.0005600789464016e-05,Saturday,0,0,0,0,0,1,1,-0.1487771846955953,-0.1610813570598852,0.00013814427348964256,0.0001611908021795409,0.0002675689939452488,-8.226133103593542,-0.018817150065368438
2024-12-29,0.99984,1.000075,0.99957,0.9998,96847252454.27528,139834850344.39374,-4.000640102408415e-05,-4.000720130148981e-05,Sunday,0,0,0,0,0,0,1,-0.2399838348185782,-0.274415575952408,0.00030333725702946795,0.00035628568715681276,0.00026575765025401213,-8.2329257537473,-0.006792650153759183
2024-12-30,0.999875,1.000045,0.99857,0.99974,132269832307.47736,139741585679.39026,-6.001200240057791e-05,-6.001380319284044e-05,Monday,1,0,0,0,0,0,0,0.3657571996678606,0.3117089998652688,0.0008864417982505245,0.00104032598558458,0.00026588331534995146,-8.232453009521743,0.0004727442255578751
2024-12-31,0.99967,1.000235,0.99954,0.999655,156603463061.20557,139828518190.1568,-8.50221057474565e-05,-8.502572033157052e-05,Tuesday,0,1,0,0,0,0,0,0.1839696197479234,0.16887287713593,0.0004174370155222,0.0004914060378200151,0.0002662798667200661,-8.23096267175741,0.0014903377643324944
2025-01-01,0.999605,0.99984,0.999345,0.99964,117374873192.77003,139802158984.03833,-1.5005176785987118e-05,-1.5005289364778484e-05,Wednesday,0,0,1,0,0,0,0,-0.2504963115222028,-0.2883440402003636,0.0002973989923390058,0.0003494836844474471,0.0002647884045768714,-8.23657952422247,-0.0056168524650601626
