Date,Open,High,Low,Close,Volume,Market Cap,Returns,Log Returns,Day,Monday,Tuesday,Wednesday,Thursday,Friday,Saturday,Weekend,VolChange,LogVolChange,GarmanKlass,LogGarmanKlass,Delta_LogGK,RV,Log RV,Delta_LogRV
2020-01-01,0.988600589,1.010066381,0.986008189,0.996744365,7518455.836841928,49457403.77523941,,,Wednesday,0,0,1,0,0,0,0,,,0.01626549821317219,-4.118709088528574,,,,
2020-01-02,0.996874984,0.998723753,0.974007804,0.992094016,8214858.396480117,48831481.52419849,-0.0046655382897499,-0.0046764558843891,Thursday,0,0,0,1,0,0,0,0.0926257432045658,0.0885837381192362,0.017465572643403034,-4.047523613204572,0.07118547532400132,,,
2020-01-03,0.992587547,1.026274269,0.983925105,1.010759358,12706481.958962386,49837120.96137896,0.018814085861798,0.0186392899618219,Friday,0,0,0,0,1,0,0,0.5467682272413643,0.4361677395789325,0.02758207442030033,-3.5905891947862765,0.45693441841829596,,,
2020-01-04,1.010732081,1.024488067,1.002139589,1.017086455,11227958.822111288,50084223.61188324,0.0062597461501809,0.0062402353188175,Saturday,0,0,0,0,0,1,1,-0.1163597557235924,-0.1237052626648346,0.015101486107387464,-4.192962122296184,-0.6023729275099079,,,
2020-01-05,1.016315455,1.027294467,0.983060124,0.987446255,10832372.68165105,50045078.11695039,-0.0291422620508695,-0.0295753322905605,Sunday,0,0,0,0,0,0,1,-0.0352322400471586,-0.0358678698685052,0.025452165441540046,-3.67095445349363,0.5220076688025546,,,
2020-01-06,0.988697274,1.027167756,0.98666662,1.022583368,14058133.163224611,50039903.28447077,0.0355838232431191,0.0349653481119044,Monday,1,0,0,0,0,0,0,0.2977889125840061,0.2606619799291139,0.01924756616981814,-3.9503706589783563,-0.27941620548472645,,,
2020-01-07,1.019574879,1.023037196,0.974428691,1.012318864,15324607.007299436,49489577.79766365,-0.0100378163005678,-0.0100885348664763,Tuesday,0,1,0,0,0,0,0,0.0900883374321606,0.0862587364729477,0.03413437669369423,-3.3774502883139337,0.5729203706644226,,,
2020-01-08,1.010203107,1.022491329,0.9762128,1.005463939,18863384.737016324,49187519.79050511,-0.006771507717355,-0.0067945384029295,Wednesday,0,0,1,0,0,0,0,0.2309212711315398,0.2077628899430733,0.03262026676816891,-3.4228215037672554,-0.04537121545332168,,,
2020-01-09,1.002966703,1.014263113,0.982293491,1.002105744,16556212.205971926,49191024.69596363,-0.003339945740212,-0.003345535809475,Thursday,0,0,0,1,0,0,0,-0.1223095729218175,-0.1304613362702711,0.022640569089704854,-3.788011889492008,-0.3651903857247527,,,
2020-01-10,0.99941662,1.026179401,0.976858236,1.01698375,15175916.982217692,49528144.82981008,0.0148467425609328,0.0147376085424228,Friday,0,0,0,0,1,0,0,-0.0833702302544995,-0.0870516289864572,0.033102963148201464,-3.408132479512194,0.37987940997981395,,,
2020-01-11,1.016797246,1.026861631,0.976715981,0.982146801,17534880.63415284,49790770.10252419,-0.034255167793979,-0.0348556285181235,Saturday,0,0,0,0,0,1,1,0.15544125964179,0.1444823139938243,0.028088105639844988,-3.5724090790918557,-0.16427659957966156,,,
2020-01-12,0.984802065,1.028319364,0.978996586,1.013082902,15402895.596365688,49963003.30125549,0.0314984490796097,0.0310125499697354,Sunday,0,0,0,0,0,0,1,-0.121585375017305,-0.1296365587950101,0.029972451711735907,-3.5074765954693947,0.06493248362246096,,,
2020-01-13,1.021430533,1.021430533,0.973379614,0.989398246,13770483.329751477,48917766.64107246,-0.0233787935352994,-0.0236564130043221,Monday,1,0,0,0,0,0,0,-0.1059808694022037,-0.1120281051586089,0.027726096532674174,-3.5853811962059177,-0.07790460073652294,,,
2020-01-14,0.98846088,1.026466245,0.986556906,1.004959967,17208886.941778272,49752021.803892784,0.0157284703736981,0.0156060598684962,Tuesday,0,1,0,0,0,0,0,0.2496937492817001,0.2228985207220261,0.0260855456635129,-3.6463739240563453,-0.06099272785042764,,,
2020-01-15,1.000344512,1.040476475,0.975310864,0.99702293,26764730.69398793,49504246.12795861,-0.0078978638559042,-0.0079292171745858,Wednesday,0,0,1,0,0,0,0,0.5552854048341029,0.4416590688760163,0.04568735592065494,-3.0859336950605885,0.5604402289957569,,,
2020-01-16,1.000366513,1.026288693,0.977941697,0.999220035,19906738.47854874,49528229.702921,0.0022036654663499,0.0022012409568248,Thursday,0,0,0,1,0,0,0,-0.2562324386465684,-0.2960267104972806,0.03411350521142463,-3.3780619258428253,-0.2921282307822368,,,
2020-01-17,1.001537563,1.027166072,0.973064391,0.996614919,21684179.84171748,49503517.54637332,-0.0026071494853483,-0.0026105540182727,Friday,0,0,0,0,1,0,0,0.0892884268854032,0.0855246636905135,0.038137835895178086,-3.2665484215005054,0.11151350434231988,,,
2020-01-18,0.988926051,1.025992748,0.974695956,1.010368691,15660474.941822745,49438852.41137464,0.0138004877689374,0.0137061281853486,Saturday,0,0,0,0,0,1,1,-0.2777926093522767,-0.3254429366717242,0.033728315658494185,-3.3894175671621167,-0.12286914566161133,,,
2020-01-19,0.999773184,1.020978794,0.980607815,1.016357427,13771662.156584095,49411321.68036794,0.0059272778871173,0.0059097806820292,Sunday,0,0,0,0,0,0,1,-0.1206101853395519,-0.1285270044489097,0.026632322103911775,-3.6256296841628552,-0.23621211700073852,,,
2020-01-20,1.020956754,1.026423813,0.977867741,0.993072641,16087129.059309335,49693994.299073935,-0.0229100367463541,-0.0231765500591685,Monday,1,0,0,0,0,0,0,0.168132711679849,0.1554065009649989,0.029631767498964477,-3.5189082668313967,0.10672141733145857,,,
2020-01-21,0.996512103,1.020910699,0.984976288,1.00861912,13384352.926635765,49533659.019310206,0.0156549262945611,0.0155336519918838,Tuesday,0,1,0,0,0,0,0,-0.1680086063031565,-0.1839331823288,0.02420039734612631,-3.7213862266928732,-0.20247795986147654,,,
2020-01-22,1.006196395,1.019996601,0.983636663,0.992708108,12252164.267371118,49221200.73681013,-0.0157750449941898,-0.0159007952470274,Wednesday,0,0,1,0,0,0,0,-0.0845904666045913,-0.0883837363582186,0.024257221874462945,-3.7190408966788153,0.0023453300140579003,,,
2020-01-23,0.994297425,1.007488116,0.974470403,1.000404957,12867678.646151954,48809715.805709615,0.0077533858522691,0.0077234828232068,Thursday,0,0,0,1,0,0,0,0.0502371960862473,0.0490160396921565,0.023252310854670808,-3.761350760289045,-0.04230986361022948,,,
2020-01-24,1.002155439,1.025504539,0.97786187,0.999988434,16118652.862683596,49457726.39912004,-0.0004163543943734,-0.0004164410939303,Friday,0,0,0,0,1,0,0,0.2526465189200102,0.2252585283087797,0.03361127083581164,-3.3928938267189013,0.36845693357014353,,,
2020-01-25,1.000596011,1.021720449,0.979732185,0.992784009,14101835.941010488,49309147.569124974,-0.0072045083273434,-0.0072305861247569,Saturday,0,0,0,0,0,1,1,-0.125123168719779,-0.1336721667839157,0.02927037380215403,-3.531179407531258,-0.13828558081235665,,,
2020-01-26,0.981843968,1.028053595,0.981843968,1.016177553,12484338.400019744,50054476.37981621,0.0235635785708954,0.023290242969491,Sunday,0,0,0,0,0,0,1,-0.1147012025779417,-0.1218300667507187,0.024519261170243632,-3.7082963000873606,-0.17711689255610263,,,
2020-01-27,1.018313323,1.027722837,0.993958638,0.995637303,16337591.776401302,49927358.375545055,-0.0202132490915196,-0.0204203321098724,Monday,1,0,0,0,0,0,0,0.3086469825565978,0.2689937657255574,0.01902751266326534,-3.9618693122985587,-0.2535730122111981,,,
2020-01-28,0.996636278,1.023174752,0.979273774,1.020833007,18892768.66258224,49411807.62472894,0.0253061068765521,0.0249912088612403,Tuesday,0,1,0,0,0,0,0,0.1563986247882471,0.145310541941297,0.027190276189244158,-3.6048958626385508,0.3569734496600079,,,
2020-01-29,1.020038687,1.024389734,0.985196448,0.99032984,18125350.6416434,49721117.80992879,-0.0298806629398102,-0.0303361871549168,Wednesday,0,0,1,0,0,0,0,-0.0406196696018797,-0.0414676921067057,0.020577875212704447,-3.8835387991588477,-0.2786429365202969,,,
2020-01-30,0.986836265,1.029220956,0.983138892,1.012783537,16474117.958182912,50151636.46281576,0.0226729480351717,0.0224197369645544,Thursday,0,0,0,1,0,0,0,-0.0911007304690009,-0.09552100554241,0.028088028138006337,-3.5724118383361625,0.3111269608226852,,,
2020-01-31,1.008627938,1.019165311,0.976973116,1.00548169,18623307.14379469,49348112.44949109,-0.0072096817663811,-0.0072357971199322,Friday,0,0,0,0,1,0,0,0.1304585284060229,0.1226233277693472,0.02983342955812052,-3.5121257169627778,0.06028612137338474,0.018584660198953867,-3.9854187590183705,
2020-02-01,1.013924881,1.027676837,0.976092173,1.005848263,15687926.91119362,49603498.34047527,0.000364574515524,0.0003645080743833,Saturday,0,0,0,0,0,1,1,-0.1576186340018099,-0.1715224385421271,0.03607445455757256,-3.3221702941157143,0.18995542284706346,0.018565156851671587,-3.9864687426049663,-0.001049983586595804
2020-02-02,1.004466812,1.028902951,0.983057907,0.998340344,14459422.675056843,49783864.15203173,-0.0074642660092758,-0.00749226304804,Sunday,0,0,0,0,0,0,1,-0.0783088959485281,-0.0815451397037497,0.032005116911066285,-3.4418594854947866,-0.1196891913790723,0.018301787110475674,-4.000756567592683,-0.014287824987716746
2020-02-03,0.996402638,1.022234475,0.976256373,1.001134939,16035721.201020138,49250225.59761456,0.0027992407767505,0.0027953301983546,Monday,1,0,0,0,0,0,0,0.1090153155756683,0.1034725185304601,0.03240819774892074,-3.4293438712452438,0.012515614249542839,0.018273419381895317,-4.002307767817596,-0.001551200224913174
2020-02-04,0.99782342,1.012811729,0.980952128,1.010132342,20791782.693676464,49264110.93160771,0.0089872030727318,0.0089470585088166,Tuesday,0,1,0,0,0,0,0,0.2965916801019066,0.2597390370344125,0.021277170339466005,-3.8501205961198104,-0.42077672487456663,0.017533667854598988,-4.043632368928949,-0.041324601111353054
2020-02-05,1.009486678,1.022990838,0.999831868,1.007485859,29793759.06873092,49924975.889892496,-0.0026199369032774,-0.0026233749442458,Wednesday,0,0,1,0,0,0,0,0.432958371472028,0.3597410985092334,0.01614478794821562,-4.126158009065919,-0.2760374129461085,0.016337270049974054,-4.114306275113311,-0.07067390618436153
2020-02-06,1.008711539,1.025227456,0.9893873,1.017076001,31190426.057915293,49984578.297576,0.0095188849692826,0.0094738658461805,Thursday,0,0,0,1,0,0,0,0.0468778372666038,0.0458122462524372,0.0246325807799148,-3.7036852903691933,0.42247271869672565,0.016324998600196667,-4.1150576895656386,-0.0007514144523277366
2020-02-07,1.017745621,1.01993095,0.986667177,1.004071961,29496997.737289563,49648961.01733253,-0.0127857111830524,-0.0128681518505236,Friday,0,0,0,0,1,0,0,-0.0542932089956489,-0.0558227040576692,0.0218867721214537,-3.8218728373678608,-0.11818754699866751,0.01644646969092146,-4.107644433257068,0.007413256308570482
2020-02-08,1.009606005,1.022128333,0.987372301,1.007450906,27468399.026184943,49857621.781621136,0.0033652418663647,0.0033595921116011,Saturday,0,0,0,0,0,1,1,-0.0687730571487993,-0.071252268949301,0.024426392457485603,-3.7120910731599253,0.1097817642079355,0.01644656520182436,-4.107638625893704,5.80736336441845e-06
2020-02-09,1.005213166,1.019646418,0.986509176,1.015289488,33665757.49740677,49864125.73352831,0.0077806094106585,0.0077504965659221,Sunday,0,0,0,0,0,0,1,0.2256177531611523,0.2034450051808981,0.022524287425607026,-3.7931611108113445,-0.08107003765141929,0.016286557135261864,-4.117415227062555,-0.009776601168851151
2020-02-10,1.017321161,1.020204319,0.978594322,1.004692373,30681400.94544557,49282023.88874143,-0.0104375305026305,-0.0104923835448443,Monday,1,0,0,0,0,0,0,-0.0886466479238164,-0.0928245841743439,0.028402663695616982,-3.561272346113991,0.23188876469735353,0.01511371735947532,-4.192152513135725,-0.07473728607317032
2020-02-11,1.003395584,1.021445254,0.989702962,1.014970428,29965459.77083968,49705703.742861934,0.0102300517812332,0.0101780789574246,Tuesday,0,1,0,0,0,0,0,-0.0233346963484132,-0.0236112612186876,0.02115375874353385,-3.855937670909494,-0.2946653247955031,0.014135709637063862,-4.259051084847474,-0.06689857171174918
2020-02-12,1.011844937,1.026675218,0.984157872,1.011822411,37864728.85201606,49801035.62459036,-0.0031015849458817,-0.0031064048292352,Wednesday,0,0,1,0,0,0,0,0.2636124772183006,0.2339746642388437,0.02990679051347268,-3.509669716896492,0.34626795401300203,0.013471664686832436,-4.307166711427278,-0.04811562657980328
2020-02-13,1.008063108,1.015700179,0.976145277,0.99099399,36215946.71491783,49169609.35781895,-0.0205850560074223,-0.0207998815164841,Thursday,0,0,0,1,0,0,0,-0.0435440101404672,-0.0445205028075146,0.026005012168800336,-3.6494659838164174,-0.1397962669199253,0.013703598614371496,-4.2900968080586,0.017069903368677863
2020-02-14,0.99147882,1.026273701,0.985515088,0.990162156,18645710.19332923,49800623.13606553,-0.0008393935870387,-0.0008397460751003,Friday,0,0,0,0,1,0,0,-0.4851519321004298,-0.6638834356307712,0.028643822786526524,-3.55281746861379,0.0966485152026273,0.01362777939600216,-4.295644966869312,-0.005548158810712245
2020-02-15,0.990920744,1.012877728,0.975570028,1.009264418,19099996.95506038,48895787.71316685,0.0192920542198544,0.019108321831575,Saturday,0,0,0,0,0,1,1,0.024364143656683,0.0240720724431368,0.023963299598249898,-3.7312318024347078,-0.17841433382091765,0.014061500203809542,-4.264314698162971,0.03133026870634126
2020-02-16,1.009264418,1.015085595,0.997811173,1.007880548,6855624.63381094,49847731.63515016,-0.0013711669363539,-0.001372107845932,Sunday,0,0,0,0,0,0,1,-0.6410667158774284,-1.0246187458625835,0.012106899310840387,-4.413979797898007,-0.6827479954632989,0.014055652868876422,-4.264730624697375,-0.00041592653440414296
2020-02-17,1.009088393,1.01064963,0.997727781,1.009035859,7680508.522698886,49790237.156829216,0.001146277703536,0.0011456212288695,Monday,1,0,0,0,0,0,0,0.1203222073769527,0.1136163290915564,0.009099081985675496,-4.699581751243133,-0.28560195334512617,0.01383268571810677,-4.280720957068024,-0.01599033237064873
2020-02-18,1.008104763,1.018586548,0.994137982,0.998443009,6115080.590043999,49792740.58261355,-0.0104979916278672,-0.0105534842577636,Tuesday,0,1,0,0,0,0,0,-0.2038182664635341,-0.2279278107332682,0.016102866257188486,-4.128757994440094,0.5708237568030388,0.013924494422355917,-4.274105801019587,0.0066151560484364325
2020-02-19,0.999095917,1.027407431,0.996140012,1.000273275,4262136.144883828,49446822.88370872,0.0018331201515779,0.00183144203731,Wednesday,0,0,1,0,0,0,0,-0.3030122690740923,-0.3609874710653404,0.021841600226353407,-3.823938860352153,0.3048191340879409,0.013270202277832231,-4.322234187511377,-0.048128386491789854
2020-02-20,0.999708243,1.001517615,0.997106458,0.997947915,5982097.019217558,49375529.56453124,-0.0023247247108546,-0.002327431078532,Thursday,0,0,0,1,0,0,0,0.4035443298540175,0.3390007015393927,0.0029227970237104967,-5.835214236348504,-2.011275375996351,0.012970570080066994,-4.345072327875158,-0.02283814036378118
2020-02-21,0.997947915,1.000975874,0.996532857,1.000315097,3812840.150806388,49348528.95662562,0.002372049647501,0.0023692407787098,Friday,0,0,0,0,1,0,0,-0.3626248222725922,-0.4503968207640904,0.002779654862075791,-5.885428509319331,-0.05021427297082681,0.012648911229084086,-4.3701841363598515,-0.0251118084846933
2020-02-22,0.999685991,1.007086678,0.998481837,1.000298342,2768765.4099790542,49437034.89547609,-1.6749722212883178e-05,-1.6749862491046697e-05,Saturday,0,0,0,0,0,1,1,-0.2738312385339625,-0.3199728373605727,0.006055736605431075,-5.106749256951518,0.7786792523678132,0.012570065966513472,-4.376437008461097,-0.006252872101245366
2020-02-23,1.001172187,1.016089072,0.991425446,1.012878588,4965305.448291512,49380894.64628619,0.0125764939036556,0.0124980666793095,Sunday,0,0,0,0,0,0,1,0.7933283298020812,0.5840732954285022,0.01580196390855612,-4.147621048663693,0.959128208287825,0.012775269076893267,-4.3602440803436755,0.016192928117421346
2020-02-24,1.020359839,1.022271145,0.977880618,1.016051018,19307479.51347633,49418930.3621706,0.0031320930638529,0.0031271982783253,Monday,1,0,0,0,0,0,0,2.888477700826995,1.3580177444898949,0.031281236760986125,-3.4647368256919515,0.6828842229717411,0.012719699934845417,-4.364603311376286,-0.004359231032610822
2020-02-25,1.011623817,1.067048398,0.973865667,1.000104116,22777504.076758903,49357279.75437052,-0.015694981568337,-0.0158194518822047,Tuesday,0,1,0,0,0,0,0,0.1797243685205283,0.1652808251925624,0.06422089266557966,-2.7454266902993485,0.719310135392603,0.012330913230915029,-4.395645898780975,-0.031042587404688682
2020-02-26,0.993409846,1.025887853,0.978290072,1.010824131,29741545.975527093,49713177.233094335,0.0107188989911126,0.0106618588364036,Wednesday,0,0,1,0,0,0,0,0.3057420986645316,0.2667715371304612,0.031809162744069905,-3.4480008940934135,-0.702574203794065,0.011913896512924967,-4.430049785987198,-0.03440388720622334
2020-02-27,0.988996629,1.022153351,0.987862312,0.999745353,37339702.93222051,49733630.03642909,-0.0109601439659338,-0.0110206488447615,Thursday,0,0,0,1,0,0,0,0.2554728312692818,0.227512259611771,0.023174724407846122,-3.764693059387501,-0.3166921652940875,0.011187972834304371,-4.492915931755457,-0.06286614576825844
2020-02-28,1.00659428,1.025548877,0.980525908,1.000078311,31583161.632290404,49614254.40608591,0.0003330428083521,0.0003329873619063,Friday,0,0,0,0,1,0,0,-0.154166767485522,-0.1674330634949169,0.03148731134988912,-3.4581706285912532,0.30652243079624775,0.009721023117825663,-4.633464407013571,-0.14054847525811454
2020-02-29,1.007456714,1.023082767,0.978508176,0.988518651,26628128.111936245,49519657.507185936,-0.011558754822351,-0.0116260765015266,Saturday,0,0,0,0,0,1,1,-0.1568884577815087,-0.1706560139343227,0.0292076071799725,-3.533326083775236,-0.07515545518398259,0.009069123006073172,-4.702879711252952,-0.06941530423938058
2020-03-01,0.985710937,1.015570254,0.970865025,1.009565203,25873407.516194567,49476944.2553695,0.0212910014178375,0.0210675146533158,Sunday,0,0,0,0,0,0,1,-0.0283429835010959,-0.0287524004769921,0.028150317652338757,-3.570196640185193,-0.03687055640995718,0.009762091949108428,-4.629248562476473,0.07363114877647892
2020-03-02,1.008813182,1.025330249,0.997256626,1.002658481,28752518.5853963,50096913.47865237,-0.0068412837323196,-0.0068647925957605,Monday,1,0,0,0,0,0,0,0.1112768415756468,0.1055096619530468,0.019258631561356664,-3.949795925948605,-0.37959928576341184,0.009841994526740916,-4.621096892650991,0.008151669825481989
2020-03-03,1.006488641,1.010469475,0.977459299,1.004621372,25322019.068093646,49204766.6607307,0.0019576865275623,0.0019557727565942,Tuesday,0,1,0,0,0,0,0,-0.1193112703192909,-0.1270510302541848,0.023457239119737565,-3.7525761272628477,0.19721979868575712,0.00975301103835179,-4.630179217202498,-0.009082324551506815
2020-03-04,1.002090532,1.016301055,0.974798396,0.999830655,17401017.26069615,49448114.60436737,-0.0047686791596545,-0.0047800855869602,Wednesday,0,0,1,0,0,0,0,-0.3128108302144891,-0.3751456683525914,0.02944885451495093,-3.525100265567971,0.22747586169487688,0.00977867079707528,-4.627551714491556,0.002627502710941698
2020-03-05,1.000839584,1.026294175,0.991335598,0.995843351,18103308.58582521,50087673.886120886,-0.0039879793443621,-0.0039959525390044,Thursday,0,0,0,1,0,0,0,0.0403592108787416,0.0395660485938466,0.02430770294355618,-3.7169619853054954,-0.19186171973752453,0.009668832844869774,-4.638847675367282,-0.011295960875726152
2020-03-06,1.000954779,1.022582913,0.985418195,1.012978506,22619628.50869144,49603198.90886487,0.0172066771172327,0.0170603187570562,Friday,0,0,0,0,1,0,0,0.2494748350255977,0.2227233310545207,0.0251036684031435,-3.6847412920038303,0.032220693301665104,0.010146858688703025,-4.590591110193614,0.048256565173668164
2020-03-07,1.014653755,1.015707227,0.988572021,0.988572021,20637120.472945526,49507693.65196528,-0.0240937836838959,-0.0243887870260263,Saturday,0,0,0,0,0,1,1,-0.0876454728239303,-0.0917266285073721,0.010230871459700443,-4.582345515970296,-0.8976042239664657,0.010945046118350659,-4.514868334370628,0.07572277582298614
2020-03-08,0.98913015,1.019692653,0.979424177,0.993985318,23324764.373350862,48978590.38711789,0.0054758751866395,0.0054609370900657,Sunday,0,0,0,0,0,0,1,0.1302334743807274,0.1224242258786327,0.02832753855081615,-3.5639208538132534,1.0184246621570425,0.01073631460331121,-4.534123395595043,-0.019255061224415115
2020-03-09,0.9954887,1.023220584,0.979613194,1.019399417,33441458.68889461,49684252.87170773,0.0255678816777049,0.0252464900769907,Monday,1,0,0,0,0,0,0,0.4337318977207902,0.3602807635549124,0.027033155579417566,-3.61069118191113,-0.0467703280978764,0.011667836045999082,-4.450919278669569,0.08320411692547403
2020-03-10,1.017786202,1.024569977,0.979401761,1.004825812,30745515.012565915,49648297.962927714,-0.0142962657786177,-0.0143994419224827,Tuesday,0,1,0,0,0,0,0,-0.0806168086568537,-0.0840522779794952,0.0308697763249879,-3.4779776862025185,0.13271349570861135,0.011876342970446256,-4.433206843207772,0.017712435461796794
2020-03-11,1.00452626,1.021687676,0.977865879,1.017371117,23100495.90146308,49730022.5881621,0.0124850544742971,0.0124077588765724,Wednesday,0,0,1,0,0,0,0,-0.2486547747851437,-0.2858900454718916,0.029975789732396188,-3.507365232047105,-0.029387545844586693,0.011937738532956578,-4.42805059155657,0.005156251651202481
2020-03-12,1.015509398,1.054993755,0.988222841,1.034558642,41858512.86226176,50207427.25505432,0.0168940563701889,0.0167529389460581,Thursday,0,0,0,1,0,0,0,0.8120179341955438,0.5944411050307175,0.04476579537152573,-3.106310927344139,0.4010543047029662,0.012182440519731488,-4.40775966569387,0.020290925862699538
2020-03-13,1.039766377,1.0568442,0.991206564,1.001003312,62978521.5155815,50424980.55924645,-0.0324344398062647,-0.0329720938998279,Friday,0,0,0,0,1,0,0,0.5045570711701237,0.408498550014312,0.03870468248574801,-3.2517946918018676,-0.1454837644577287,0.0135767754341496,-4.299394634668007,0.10836503102586281
2020-03-14,1.007377003,1.032674382,0.982343308,1.011528015,36998659.952087246,49768561.063877486,0.0105141540230988,0.0104592647135648,Saturday,0,0,0,0,0,1,1,-0.4125193945219337,-0.5319120454609572,0.03523898686689909,-3.3456022278478907,-0.0938075360460231,0.013173997220444633,-4.329510299751616,-0.030115665083608967
2020-03-15,1.013445797,1.0503107,0.994478696,1.013174105,29384317.89714904,50375782.40011592,0.0016273301140357,0.001626007447135,Sunday,0,0,0,0,0,0,1,-0.2058004820930994,-0.2304205673024195,0.038623671090230766,-3.253889949787027,0.0917122780608639,0.013176449711101972,-4.329324155609865,0.00018614414175122107
2020-03-16,1.012454453,1.069113373,0.993593954,1.019921199,33373507.674826607,50441185.83406929,0.0066593628545212,0.0066372872498192,Monday,1,0,0,0,0,0,0,0.135759141717719,0.1273012746830663,0.05159834273616345,-2.964265724526611,0.289624225260416,0.01276386883419175,-4.361136846849609,-0.03181269123974406
2020-03-17,1.018390655,1.030590012,0.993985941,1.00714075,35156798.06695331,50093583.39995296,-0.012530820040343,-0.0126099928613434,Tuesday,0,1,0,0,0,0,0,0.0534343111159341,0.0520555993194389,0.024621943885680418,-3.704117205791054,-0.7398514812644432,0.012967420288959827,-4.345315198743552,0.015821648106057573
2020-03-18,1.001764614,1.026122934,0.985729874,1.02304276,27108538.487102136,49883141.88875295,0.0157892628215072,0.0156659091593332,Wednesday,0,0,1,0,0,0,0,-0.2289247036810322,-0.2599692495920041,0.02521468816927373,-3.6803285904038536,0.02378861538720045,0.013277459508887297,-4.321687455276038,0.023627743467513618
2020-03-19,1.023461846,1.029437089,0.993605213,0.993605213,25526018.538291182,49993719.33376744,-0.0287745030325027,-0.0291966059660131,Thursday,0,0,0,1,0,0,0,-0.0583771769755826,-0.0601504847737259,0.016998695773724894,-4.074618657061642,-0.394290066657788,0.014177204355654912,-4.256119931359652,0.06556752391638643
2020-03-20,0.994920584,1.032423056,0.984819383,1.017284169,33777124.43481032,49783038.09885508,0.0238313524226649,0.0235518181538805,Friday,0,0,0,0,1,0,0,0.3232429641991281,0.2800855146808971,0.0303859355432978,-3.493775424225966,0.5808432328356754,0.014811175576432647,-4.212373276645837,0.04374665471381434
2020-03-21,1.019900369,1.028379222,0.983931329,0.990269289,36174598.74804863,49838534.09378049,-0.026555883619575,-0.0269148606656523,Saturday,0,0,0,0,0,1,1,0.0709792308657129,0.0685733989953314,0.025303826362616917,-3.676799655055095,-0.18302423082912878,0.015599273965907951,-4.160530906456621,0.05184237018921589
2020-03-22,0.994387024,1.031568713,0.977353357,0.996028021,26987979.1914176,49580636.693201095,0.0058153191904146,0.0057984754912152,Sunday,0,0,0,0,0,0,1,-0.2539522171514504,-0.2929656287538191,0.038161297928810546,-3.265933420170973,0.4108662348841219,0.015629170871651436,-4.158616183194998,0.0019147232616232301
2020-03-23,0.995035726,1.031195761,0.981689991,1.026342532,29129145.86072957,50062871.56794225,0.0304353997687378,0.029981431143443,Monday,1,0,0,0,0,0,0,0.079337791619199,0.0763476971710193,0.02897504453193141,-3.54132035284874,-0.2753869326777667,0.016560007444552927,-4.100764680474827,0.05785150272017159
2020-03-24,1.02679498,1.028030201,0.981163151,1.01717004,28470733.103758983,50100109.57460562,-0.0089370670258842,-0.0089772421537269,Tuesday,0,1,0,0,0,0,0,-0.0226032290860346,-0.0228625979023427,0.03247097056256081,-3.427408802258958,0.11391155058978164,0.016483734005452805,-4.105381202164953,-0.004616521690126163
2020-03-25,1.016988048,1.023567603,0.979541275,1.015402277,21932447.413050484,49735756.766293295,-0.0017379227960746,-0.0017394347359076,Wednesday,0,0,1,0,0,0,0,-0.2296493619212514,-0.2609094936574954,0.031072871952842102,-3.471420124932961,-0.04401132267400287,0.016476903903144907,-4.105795642105381,-0.00041443994042822396
2020-03-26,1.015486964,1.025096745,0.982379083,1.009844903,17789898.919829033,49590690.25281072,-0.0054730761648664,-0.005488108319393,Thursday,0,0,0,1,0,0,0,-0.1888776211430242,-0.2093363375368862,0.029898138431973847,-3.509959060323924,-0.03853893539096287,0.016252707612452514,-4.119495761781575,-0.013700119676194333
2020-03-27,1.010405542,1.024924682,0.994754781,1.020903571,18194831.63881861,49758626.73357278,0.0109508578665371,0.0108913314054575,Friday,0,0,0,0,1,0,0,0.0227619460242256,0.0225067580566152,0.02012661315258908,-3.9057123022394937,-0.3957532419155698,0.01625777865926776,-4.119183798016161,0.00031196376541409165
2020-03-28,1.024965198,1.032680956,1.001594193,1.010948483,13640002.351881027,50206321.88944855,-0.0097512520112441,-0.0097991068194552,Saturday,0,0,0,0,0,1,1,-0.2503364349478162,-0.288130753024278,0.019846356696627425,-3.9197348304263984,-0.014022528186904637,0.01623168588647096,-4.1207900281446985,-0.0016062301285373337
2020-03-29,1.009850296,1.02022269,0.978491447,0.997896452,19680393.248331506,49260134.71708842,-0.0129106786542355,-0.0129947458259453,Sunday,0,0,0,0,0,0,1,0.4428438310069262,0.3666160487145367,0.028589282747931554,-3.5547233604781243,0.36501146994827405,0.016404045578260616,-4.110227292971631,0.010562735173067495
2020-03-30,0.994816113,1.026667065,0.994816113,1.005813246,21445880.295430034,49948557.19352313,0.0079334824611643,0.0079021778499051,Monday,1,0,0,0,0,0,0,0.0897079151224891,0.0859096925537392,0.021211103050272673,-3.853230505615778,-0.29850714513765375,0.016329992957705902,-4.11475180324873,-0.00452451027709877
2020-03-31,1.002863017,1.018338462,0.981373417,0.99653906,20013175.61706568,49355421.35948897,-0.0092205844741877,-0.0092633571925463,Tuesday,0,1,0,0,0,0,0,-0.0668055896343716,-0.0691417286024489,0.02584766315473465,-3.655535082317732,0.1976954232980459,0.01596039860902682,-4.137644711769424,-0.022892908520693922
2020-04-01,0.991651183,1.024650653,0.978912464,1.009832252,17912213.318572674,49237518.28100124,0.0133393587201688,0.0132511728377724,Wednesday,0,0,1,0,0,0,0,-0.104978956797914,-0.1109080490260454,0.030251087159124217,-3.49822315600648,0.15731192631125213,0.016093992582083192,-4.129309208170245,0.008335503599179006
2020-04-02,1.009920204,1.027556777,0.996741809,1.006631802,25617784.19125878,50023074.501999386,-0.0031692887543068,-0.0031743215863895,Thursday,0,0,0,1,0,0,0,0.4301853007018632,0.3578040167873288,0.021433948962470285,-3.8427792138423293,-0.3445560578358493,0.016100464990617347,-4.128907126003975,0.0004020821662695795
2020-04-03,1.006203969,1.024905134,0.989940876,1.010676771,31877063.15839165,49977569.37350197,0.004018320295428,0.0040102684092606,Friday,0,0,0,0,1,0,0,0.2443333475058564,0.2185999226539886,0.02438845323097141,-3.713645486929679,0.12913372691265046,0.016093458528149977,-4.129342392154366,-0.0004352661503910227
2020-04-04,1.011550877,1.023234287,0.984221418,1.005808356,19610144.50243228,49652292.3660187,-0.0048169851526151,-0.0048286242174393,Saturday,0,0,0,0,0,1,1,-0.3848195988133273,-0.4858397189271133,0.027258568323805674,-3.6023873733957372,0.11125811353394166,0.016101066421263074,-4.128869771839783,0.000472620314583061
2020-04-05,1.006146967,1.017396031,0.993354004,1.017362383,17472961.03310862,49553594.55000795,0.0114873046451406,0.0114218265287478,Sunday,0,0,0,0,0,0,1,-0.1089835655753876,-0.1153924067604317,0.015442994060690425,-4.170599837336929,-0.5682124639411916,0.015933961468321056,-4.139302506231917,-0.010432734392133547
2020-04-06,1.017362379,1.025329751,0.999527882,1.016305783,21145259.478474155,50020588.76040482,-0.0010385679848751,-0.0010391076703037,Monday,1,0,0,0,0,0,0,0.2101703562668675,0.1907611400018214,0.018010100222556537,-4.01682255498152,0.1537772823554091,0.015300327506699346,-4.179881045146221,-0.040578538914304296
2020-04-07,1.018692881,1.030174975,0.984084625,1.029018273,31143479.41962588,49939555.33315881,0.0125085286462449,0.0124309433173969,Tuesday,0,1,0,0,0,0,0,0.4728350555986271,0.3871891526623129,0.0317529871539067,-3.4497684744814068,0.567054080500113,0.015435572737701807,-4.171080515289372,0.008800529856848982
2020-04-08,1.029820343,1.029820343,0.992419614,1.019084074,34409041.7581377,50046607.220539145,-0.0096540549965529,-0.009700957495807,Wednesday,0,0,1,0,0,0,0,0.1048554111283386,0.0997144767505407,0.025334491511989177,-3.675588510830412,-0.22582003634900527,0.014837374528932405,-4.2106059754303855,-0.039525460141013546
2020-04-09,1.020062474,1.025035341,0.994446866,1.008914895,19534470.570340782,49932203.79583215,-0.0099787439127422,-0.0100288652887857,Thursday,0,0,0,1,0,0,0,-0.4322867022089942,-0.566138745104092,0.02030445668702005,-3.8969148757975303,-0.22132636496711822,0.014716956998256602,-4.218754912714018,-0.008148937283632307
2020-04-10,1.005916219,1.024759434,0.978998935,1.011801881,22088150.63111325,49548362.26029,0.0028614762397773,0.0028573900098858,Friday,0,0,0,0,1,0,0,0.1307268631405718,0.122860667650289,0.03209832930177929,-3.438951296874184,0.45796357892334605,0.014550918523109866,-4.230101158621097,-0.011346245907079222
2020-04-11,1.015203358,1.026992005,0.987487344,1.018032955,20448345.54604258,49916580.51654802,0.0061583933742459,0.0061395079659576,Saturday,0,0,0,0,0,1,1,-0.0742391299505559,-0.0771393173729927,0.027682790575941772,-3.586944337709387,-0.14799304083520282,0.01426990947263876,-4.249602191407084,-0.01950103278598725
2020-04-12,1.021900755,1.027795361,0.999584818,0.999584818,23372888.15957999,50105962.70397162,-0.018121355413293,-0.018287558114894,Sunday,0,0,0,0,0,0,1,0.1430209894953287,0.1336747481570398,0.014105649812047842,-4.261179865965256,-0.6742355282558692,0.013361867754154879,-4.31535031868732,-0.06574812728023538
2020-04-13,0.995746274,1.026241473,0.98567936,1.010511765,23367626.70257447,49833732.72286031,0.010931485556036,0.0108721687567854,Monday,1,0,0,0,0,0,0,-0.000225109407515,-0.0002251347484408,0.027008240067567184,-3.611613271850424,0.6495665941148321,0.013372849523709495,-4.31452878240114,0.0008215362861800912
2020-04-14,1.011540403,1.027792534,0.999722045,1.007500084,19270856.989614952,50142809.19136963,-0.0029803522376605,-0.0029848023314884,Tuesday,0,1,0,0,0,0,0,-0.1753181769421267,-0.1927576360576395,0.019422079301192174,-3.9413447517582663,-0.32973147990784213,0.01338065553482992,-4.31394523184768,0.0005835505534594887
2020-04-15,1.010087339,1.026789417,0.98024043,0.990513626,18236188.097823728,49843960.12125558,-0.0168600065347487,-0.0170037544629999,Wednesday,0,0,1,0,0,0,0,-0.0536908603674868,-0.0551859772323198,0.030467889183357563,-3.4910819636267734,0.4502627881314929,0.013682509954993167,-4.291636907375249,0.022308324472430918
2020-04-16,0.987395469,1.030750455342738,0.982400715,1.006892054,22287271.434057742,49905878.41630149,0.0165352879254585,0.0164000686095897,Thursday,0,0,0,1,0,0,0,0.2221452923441529,0.2006077508536696,0.03172352870592494,-3.4506966429448958,0.04038532068187761,0.013815791315846673,-4.281943042779434,0.009693864595814894
2020-04-17,1.009219131,1.025548074,1.001546357,1.001546357,23704614.38062046,50073885.92795005,-0.0053091063523278,-0.0053232497388304,Friday,0,0,0,0,1,0,0,0.0635942784991097,0.0616540009994774,0.016059882026608793,-4.131430916280739,-0.6807342733358435,0.013551382424540322,-4.301266712909201,-0.019323670129766768
2020-04-18,1.001797896,1.025538209,0.997074088,1.012826372,18659343.250660755,50079784.67795142,0.011262599001196,0.0111996481522081,Saturday,0,0,0,0,0,1,1,-0.2128391986871733,-0.2393227295641602,0.018704088108674213,-3.979013163577345,0.15241775270339408,0.012625621156049888,-4.372027104551818,-0.07076039164261694
2020-04-19,1.013714904,1.024796478,0.997845471,1.004723529,27063355.693095807,50043967.675670594,-0.0080002290856618,-0.0080324026304178,Sunday,0,0,0,0,0,0,1,0.4503916525645914,0.3718336251775959,0.01801312240127085,-4.016654764400817,-0.03764160082347212,0.011961076652969726,-4.426097513359998,-0.05407040880817959
2020-04-20,1.00398478,1.027670589,0.996006596,1.01573835,23352921.05684634,49960728.67743276,0.0109630367778514,0.0109033783193708,Monday,1,0,0,0,0,0,0,-0.137101794704492,-0.1474585493222713,0.020913942351128093,-3.867339244282328,0.14931552011848925,0.011085267362691156,-4.5021383168821165,-0.07604080352211895
2020-04-21,1.015439267,1.027515258,0.997418999,1.005871578,23125606.907105885,50060891.97188759,-0.0097138913776366,-0.0097613789971074,Tuesday,0,1,0,0,0,0,0,-0.009733863664726,-0.0097815473992699,0.020180490892635954,-3.903038938652046,-0.03569969436971787,0.011177591835115646,-4.4938442338204965,0.00829408306162005
2020-04-22,1.006182573,1.026619699,0.996042821,1.01348035,18567213.589012086,50005595.138142034,0.0075643572861743,0.0075358909982524,Wednesday,0,0,1,0,0,0,0,-0.1971145378542746,-0.2195432126365509,0.020903373558955503,-3.867844718733168,0.035194219918877945,0.009842188470561897,-4.6210771871015135,-0.12723295328101702
2020-04-23,1.014681237,1.025778656,0.995760745,1.00940074,20432472.271115582,49940378.05562347,-0.0040253469147182,-0.0040334704309191,Thursday,0,0,0,1,0,0,0,0.1004598063765118,0.095728098261069,0.02074936152839521,-3.8752398024947206,-0.007395083761552623,0.009732656752282139,-4.6322683725439,-0.011191185442386065
2020-04-24,1.012550155,1.026619324,1.000778375,1.015347265,24431138.00307404,50210215.48239279,0.0058911438880062,0.0058738589519925,Friday,0,0,0,0,1,0,0,0.1957015127146988,0.1787330530715581,0.017944634721722003,-4.0204641100245695,-0.14522430752984894,0.00978641032166496,-4.626760557537347,0.005507815006552619
2020-04-25,1.015347265,1.02771437,0.998763435,1.014984214,16776145.190969124,50121096.768818,-0.0003575633800518,-0.0003576273210796,Saturday,0,0,0,0,0,1,1,-0.313329359080274,-0.3759005181361952,0.020204076738042007,-3.9018708762226844,0.11859323380188513,0.00973519966221393,-4.632007130639079,-0.005246573101731933
2020-04-26,1.014867364,1.02777634,0.995560771,1.018209312,19218144.800555736,50203548.30519884,0.0031774858717161,0.0031724483318041,Sunday,0,0,0,0,0,0,1,0.1455638099091547,0.1358969262129932,0.02242611410292814,-3.7975291909813564,0.10434168524132792,0.009547541921928679,-4.651471547994046,-0.019464417354966734
2020-04-27,1.019842185,1.02352281,0.996642971,1.020467746,22385431.81870617,49873367.87855961,0.0022180449278783,0.0022155886975762,Monday,1,0,0,0,0,0,0,0.1648071159323789,0.1525555075868666,0.018814435668432078,-3.973130849092,-0.17560165811064365,0.00938714198846362,-4.668414399666936,-0.01694285167289067
2020-04-28,1.020022795,1.025254758,0.999321943,1.02396557,19998315.4350584,50044114.54543772,0.0034276673748001,0.003421806312347,Tuesday,0,1,0,0,0,0,0,-0.1066370487279588,-0.1127623402859383,0.017956272151673284,-4.019815801590472,-0.0466849524984716,0.009103842376904373,-4.6990587153569665,-0.030644315690030233
2020-04-29,1.021886802,1.027207136,1.000417878,1.007031231,25360562.69871721,50156177.9857352,-0.0165379964875186,-0.0166762758469884,Wednesday,0,0,1,0,0,0,0,0.2681349477195678,0.2375472759985737,0.01631934615315076,-4.115403994393939,-0.09558819280346764,0.009490437541825832,-4.657470561856656,0.0415881535003102
2020-04-30,1.007849424,1.02467795,0.985488096,1.003495806,35492428.84929572,49990246.58484565,-0.0035107401748495,-0.0035169172848603,Thursday,0,0,0,1,0,0,0,0.3995126713450645,0.3361240841267834,0.02744317617711029,-3.5956377329282647,0.5197662614656746,0.00936057523654532,-4.6712485334851666,-0.013777971628510244
2020-05-01,1.005189176,1.027819786,0.981513579,0.997080205,27093415.12478433,49867225.56293115,-0.00639325143328,-0.0064137757902397,Friday,0,0,0,0,1,0,0,-0.2366424050654412,-0.2700286878499904,0.03220602393962629,-3.4356017650584625,0.16003596786980223,0.009118029759916543,-4.69750153333171,-0.026252999846543723
2020-05-02,0.996794211,1.018944886,0.985483941,1.016568051,18676400.917825244,49349768.72478434,0.0195449131396605,0.0193563641470231,Saturday,0,0,0,0,0,1,1,-0.3106664172158727,-0.3720299701494674,0.020208799486933382,-3.9016371512640062,-0.46603538620554374,0.009761739115103167,-4.629284706407871,0.06821682692383924
2020-05-03,1.017679354,1.025348736,0.978493138,1.007278035,21781181.88708445,49500226.561406285,-0.0091386070916368,-0.0091806203188922,Sunday,0,0,0,0,0,0,1,0.166240861015996,0.153785636935205,0.032452241912363566,-3.427985750010088,0.47365140125391836,0.009877496398827316,-4.61749620026221,0.011788506145660627
2020-05-04,1.00865015,1.028583472,0.983032705,1.01190299,26411398.41531918,49816658.75928109,0.0045915376284366,0.0045810286754303,Monday,1,0,0,0,0,0,0,0.212578755011467,0.1927492943069502,0.031966159670459515,-3.4430774460390934,-0.015091696029005508,0.009873564478203522,-4.617894348057938,-0.0003981477957273327
2020-05-05,1.010410514,1.021611205,0.983979384,1.002081215,22768276.645890813,49586887.62651854,-0.0097062417020825,-0.0097536543143699,Tuesday,0,1,0,0,0,0,0,-0.1379374810882894,-0.1484274832086498,0.02603519914514264,-3.648305843264874,-0.20522839722578068,0.009813755510147803,-4.623970253979766,-0.006075905921828273
2020-05-06,1.004339439,1.025532001,0.985748889,0.985748889,19368001.642381065,49607213.90293522,-0.0162984055139682,-0.0164326855579256,Wednesday,0,0,1,0,0,0,0,-0.1493426602458041,-0.1617458874844718,0.02545294406980413,-3.6709238621336815,-0.022618018868807432,0.010260356274327358,-4.579467715249089,0.04450253873067744
2020-05-07,0.992984872,1.024240203,0.988033352,1.011041893,22544564.54823538,49592592.807343066,0.0256586685333815,0.0253350096563872,Thursday,0,0,0,1,0,0,0,0.1640108754897749,0.1518716924698726,0.02285129353401054,-3.778747553440673,-0.10782369130699143,0.011023583338782905,-4.507718361253951,0.07174935399513771
2020-05-08,1.007979977,1.019769855,0.98511055,1.000945835,27830912.089896645,49405431.6338956,-0.0099857959100414,-0.010035988390812,Friday,0,0,0,0,1,0,0,0.2344843490035402,0.2106533517183078,0.024060091027675336,-3.727200785081359,0.051546768359314044,0.01103357629459252,-4.506812264851749,0.0009060964022022944
2020-05-09,1.001042621,1.023086811,0.993772203,0.997173356,24783716.8226384,49825129.49872315,-0.0037689142290101,-0.0037760344822891,Saturday,0,0,0,0,0,1,1,-0.1094895940677581,-0.115960490826881,0.020415330205014657,-3.891469179714188,-0.16426839463282894,0.01090240718509548,-4.518771671459882,-0.011959406608132994
2020-05-10,0.995387649,1.020817823,0.979093326,1.007420904,38589681.395624526,49800688.577358216,0.010276596279213,0.0102241510631835,Sunday,0,0,0,0,0,0,1,0.5570578727874758,0.4427980615814396,0.02854850559378869,-3.5561506877250872,0.3353184919891006,0.011048745117557992,-4.505438421489158,0.013333249970723493
2020-05-11,1.007302318,1.025257722,0.98516386,1.008706133,30386799.68262176,49632910.84951374,0.001275761694935,0.0012749486024519,Monday,1,0,0,0,0,0,0,-0.2125667125599241,-0.2389766262326215,0.028194134409420944,-3.5686413223389235,-0.01249063461383626,0.010994203011978154,-4.510387144007576,-0.004948722518418158
2020-05-12,1.008347138,1.023974439,1.000116773,1.009231926,27023591.039897483,50091636.90227417,0.0005212548856388,0.0005211190795019,Tuesday,0,1,0,0,0,0,0,-0.110679922790543,-0.1172980664123409,0.01666098411300546,-4.094685573579538,-0.5260442512406143,0.010475386674401857,-4.558726899831198,-0.04833975582362182
2020-05-13,1.01114102,1.020243101,0.978526395,1.01015294,21740346.5407506,49761362.42267986,0.0009125890454637,0.0009121728892479,Wednesday,0,0,1,0,0,0,0,-0.1955049013044465,-0.217540404929285,0.029514358112024373,-3.5228784183821684,0.5718071551973694,0.010286949313330521,-4.57687924410012,-0.01815234426892154
2020-05-14,1.008769156,1.022944476,0.991175137,1.011548484,27019037.72942864,49828850.3844704,0.0013815175353546,0.0013805641180119,Thursday,0,0,0,1,0,0,0,0.2428062118873561,0.2173718968243573,0.022243045457883217,-3.8057258829187415,-0.28284746453657306,0.01027559681571963,-4.577983436031712,-0.0011041919315921689
2020-05-15,1.010261685,1.024845199,0.989694576,0.99587417,24999708.84853195,49758009.56637687,-0.0154953660135187,-0.0156166739699194,Friday,0,0,0,0,1,0,0,-0.074737261227378,-0.0776775398856316,0.023011819887371925,-3.7717472869119497,0.03397859600679176,0.010201943503766967,-4.585177037257276,-0.00719360122556445
2020-05-16,0.99907103,1.025541271,0.992055402,1.005175035,22025656.872327853,49837204.758732185,0.0093393977674909,0.0092960552452092,Saturday,0,0,0,0,0,1,1,-0.1189634645036572,-0.1266561834219038,0.02316643960283443,-3.765050616444033,0.0066966704679165545,0.00989923217619145,-4.615298082809827,-0.030121045552550463
2020-05-17,1.004831409,1.018132202,0.976864368,0.998889827,19584413.403014343,49752252.15098602,-0.0062528492860947,-0.0062724802238388,Sunday,0,0,0,0,0,0,1,-0.1108363525076334,-0.1174739799900938,0.02902501034995156,-3.539597394810767,0.2254532216332663,0.00991774663708246,-4.613429537008537,0.0018685458012894784
2020-05-18,1.000443659,1.018193164,0.984802156,1.003142123,24507464.533001564,49433672.47854757,0.004257022030919,0.0042479865463947,Monday,1,0,0,0,0,0,0,0.2513759809231501,0.2242437306334597,0.02351837138718889,-3.7499734020911384,-0.21037600728037154,0.009735611985019921,-4.631964777725032,-0.018535240716494705
2020-05-19,1.002946223,1.017554138,0.982603265,1.008671717,22053809.775910515,49445580.05432303,0.0055122737578432,0.0054971367774948,Tuesday,0,1,0,0,0,0,0,-0.1001186701213818,-0.1054923800419763,0.02446001905795799,-3.7107153695755,0.03925803251563842,0.00967671301358619,-4.6380330000709735,-0.006068222345941621
2020-05-20,1.009575535,1.016779161,0.987221229,1.008060498,19645884.92500738,49677903.25675297,-0.0006059642495158,-0.0006061479200539,Wednesday,0,0,1,0,0,0,0,-0.1091840763736577,-0.115617468111698,0.02083951193333846,-3.8709044820766647,-0.16018911250116474,0.009470387177838277,-4.659585487948493,-0.02155248787751951
2020-05-21,1.008527209,1.018145484,0.991217326,1.00949102,22379895.44542688,49693399.92754001,0.0014190834804439,0.0014180775330514,Thursday,0,0,0,1,0,0,0,0.1391645390806173,0.1302951332773067,0.018944193817607976,-3.966257789251377,-0.09535330717471213,0.009304789847007982,-4.677225974096435,-0.01764048614794156
2020-05-22,1.007625677,1.024580996,1.000575547,1.003685516,23913282.49734757,50057264.904009625,-0.0057509218853675,-0.0057675221116314,Friday,0,0,0,0,1,0,0,0.0685162741559646,0.0662710265042822,0.01658654038998487,-4.099163732392301,-0.13290594314092452,0.009262555588821228,-4.68177528688577,-0.00454931278933568
2020-05-23,1.006026248,1.018147618,0.992217918,1.005916044,21116606.082177643,49655962.83713077,0.0022223375394407,0.0022198717998325,Saturday,0,0,0,0,0,1,1,-0.1169507538532249,-0.1243743085326925,0.018241414784821226,-4.0040607323866535,0.09510300000564786,0.009242126429508694,-4.683983286741384,-0.002207999855613707
2020-05-24,1.00446853,1.021647728,0.998892724,1.002020857,19609648.019331995,49926042.980150364,-0.0038722784304252,-0.0038797951112752,Sunday,0,0,0,0,0,0,1,-0.0713636489207191,-0.0740380580508518,0.015854972723532777,-4.144272091363361,-0.14021135897670778,0.009206985788498257,-4.687792758231627,-0.0038094714902427995
2020-05-25,0.998768396,1.022563489,0.998768396,1.008314523,28094077.04403485,49932729.52784534,0.0062809730516417,0.0062613299493599,Monday,1,0,0,0,0,0,0,0.4326660537883473,0.359537081763621,0.015563740589788561,-4.162811391321491,-0.018539299958129973,0.00927745290964827,-4.680168240801145,0.007624517430481426
2020-05-26,1.007682421,1.010829358,1.001848477,1.009940208,41438632.893942334,49734442.133546665,0.0016122796636541,0.0016109813361213,Tuesday,0,1,0,0,0,0,0,0.4749953461361673,0.3886548346248851,0.00615526278623624,-5.090447825498994,-0.9276364341775025,0.009264025056042683,-4.681616653487335,-0.0014484126861900037
2020-05-27,1.007621799,1.025465132,1.003590044,1.00804974,43194694.33726023,49912734.34158872,-0.0018718613092389,-0.001873615430943,Wednesday,0,0,1,0,0,0,0,0.0423773981108968,0.0415040640444038,0.01524483439052355,-4.183514561800429,0.9069332636985648,0.009261508891960386,-4.68188829630258,-0.00027164281524427736
2020-05-28,1.011793175,1.02040465,1.002806448,1.011664179,34081927.97907577,49870854.06475032,0.0035855760450869,0.0035791631919095,Thursday,0,0,0,1,0,0,0,-0.2109695761945395,-0.2369503989234551,0.012301102549420169,-4.3980663824567845,-0.21455182065635547,0.009263491169443878,-4.6816742852381275,0.00021401106445217977
2020-05-29,1.01284973,1.017402755,0.999834119,1.007112031,27351510.72027984,49786948.631788455,-0.0044996631238835,-0.0045098170790317,Friday,0,0,0,0,1,0,0,-0.1974775975974128,-0.21999550860114,0.011800118061355124,-4.439645742360983,-0.041579359904198476,0.008787506914843025,-4.734424234950298,-0.05274994971217062
2020-05-30,1.006965013,1.022439913,0.999726576,1.011226881,26683382.383475386,49996979.75510356,0.0040857917226093,0.0040774675418184,Saturday,0,0,0,0,0,1,1,-0.0244274747247897,-0.0247307749114531,0.0156669835708513,-4.156199738218091,0.2834460041428919,0.008795577236540444,-4.733506270593801,0.0009179643564971585
2020-05-31,1.011470255,1.023742196,1.000406221,1.012180267,24864563.5023021,49925465.25964326,0.0009428012821981,0.0009423571242158,Sunday,0,0,0,0,0,0,1,-0.0681629808033502,-0.0705973516950544,0.0162990546381292,-4.116648170512135,0.03955156770595636,0.008718977166274624,-4.742253345386703,-0.008747074792902154
2020-06-01,1.011227437,1.025995839,1.001452768,1.015306135,21221115.705093976,50100391.85634492,0.003088252262875,0.0030834934070363,Monday,1,0,0,0,0,0,0,-0.1465317417243536,-0.158446927508751,0.016936669694985546,-4.07827420324209,0.038373967270044496,0.00799052769091759,-4.829498477465159,-0.08724513207845597
2020-06-02,1.014314619,1.023997685,1.001055154,1.009409245,32999494.939480685,50068264.46341377,-0.0058079920890067,-0.0058249240674207,Tuesday,0,1,0,0,0,0,0,0.555031101949055,0.4414955466845866,0.015736950764641655,-4.151743780005169,-0.07346957676307841,0.007884799583864267,-4.842818476282139,-0.013319998816980316
2020-06-03,1.012181645,1.023219681,1.000779083,1.015125534,31758289.43277512,49982767.01557908,0.0056630044041254,0.0056470298755268,Wednesday,0,0,1,0,0,0,0,-0.0376128637417593,-0.0383384807262091,0.01557615247016756,-4.162014222171784,-0.010270442166615545,0.007907812712798992,-4.8399040572118075,0.002914419070331853
2020-06-04,1.015716151,1.024274912,1.001474255,1.012297462,21115842.228052456,50116367.4765268,-0.002785933271579,-0.0027898212063727,Thursday,0,0,0,1,0,0,0,-0.3351076961260851,-0.4081302005032304,0.015779715233216005,-4.1490300097845285,0.012984212387255667,0.007721516230422756,-4.863744531325476,-0.023840474113668186
2020-06-05,1.011109029,1.024935729,1.001521962,1.004890654,21635105.94060149,50021022.616325535,-0.0073168295664461,-0.0073437288558941,Friday,0,0,0,0,1,0,0,0.0245911911512197,0.0242936951321324,0.015884396783382673,-4.142417985958226,0.006612023826302327,0.007240054294832547,-4.928126573326368,-0.0643820420008927
2020-06-06,1.003323651,1.020730631,1.000370342,1.011211822,25770365.79875083,49927002.50261328,0.0062904038114379,0.0062707018006191,Saturday,0,0,0,0,0,1,1,0.191136566167162,0.1749079489273796,0.013389844592322692,-4.313258725595648,-0.17084073963742163,0.005686271691676223,-5.169700484327834,-0.2415739110014652
2020-06-07,1.010829333,1.022532389,0.999012969,1.01085389,23376353.66874014,49984928.684316926,-0.0003539634250834,-0.0003540260849232,Sunday,0,0,0,0,0,0,1,-0.0928978714817752,-0.0975002348550898,0.016454228678298294,-4.107172772295128,0.20608595330052015,0.005383353490266837,-5.224443773666578,-0.05474328933874428
2020-06-08,1.012360738,1.013696237,0.999784241,1.011916381,24691992.5160781,49695790.10978887,0.0010510826643799,0.0010505306637612,Monday,1,0,0,0,0,0,0,0.0562807555866717,0.0547540169805263,0.009767750007258696,-4.628669135533725,-0.5214963632385974,0.005342471407813399,-5.2320669226218115,-0.0076231489552336384
2020-06-09,1.012485933,1.046339866,0.988951162,1.008342325,24776642.051230963,50149321.69858544,-0.0035319677268866,-0.0035382198507729,Tuesday,0,1,0,0,0,0,0,0.0034282180791098,0.003422355135323,0.03980535733417437,-3.223753769364081,1.4049153661696439,0.005047262482602879,-5.288909265327685,-0.05684234270587307
2020-06-10,1.008907829,1.018249193,1.000246768,1.001743572,17587097.145177715,49796991.97705045,-0.0065441594946438,-0.0065656663874296,Wednesday,0,0,1,0,0,0,0,-0.2901743057508494,-0.3427358401446281,0.011810088245458653,-4.438801176704367,-1.2150474073402862,0.005182432627704375,-5.262480713699404,0.02642855162828095
2020-06-11,1.002254586,1.01589894,1.000150482,1.010247718,13254030.364580594,49689148.93332916,0.0084893442171245,0.0084535123841966,Thursday,0,0,0,1,0,0,0,-0.2463775997157793,-0.282863831793086,0.009882834631010688,-4.616955902399267,-0.17815472569489987,0.005406534764386491,-5.220146915489952,0.0423337982094516
2020-06-12,1.008482368,1.022225037,1.000364445,1.010861262,31453438.623531327,49924798.05757063,0.000607320352294,0.0006071360079225,Friday,0,0,0,0,1,0,0,1.3731225716508026,0.864206628732741,0.015215420490054732,-4.185445859468603,0.43151004293066464,0.00540510591788859,-5.22041123180386,-0.00026431631390799737
2020-06-13,1.013556814,1.024835594,1.000224674,1.014160905,17029964.223311376,49940403.25373184,0.0032641897795862,0.0032588738770628,Saturday,0,0,0,0,0,1,1,-0.4585659003092045,-0.6135339195024012,0.01718404697567492,-4.0637738269725645,0.12167203249603809,0.0054319100421198925,-5.215464449591906,0.004946782211954215
2020-06-14,1.01540574,1.020398405,1.000473535,1.017085787,19584355.656911187,49900733.79301811,0.0028840413642252,0.0028798904958655,Sunday,0,0,0,0,0,0,1,0.1499939400990195,0.1397566728821615,0.013906039920070295,-4.275432006601083,-0.21165817962851818,0.004653252140728771,-5.3701889187357,-0.1547244691437939
2020-06-15,1.016445286,1.028338193,1.006799513,1.012012034,35070632.57115455,50158159.07151923,-0.0049885202063097,-0.0050010044090048,Monday,1,0,0,0,0,0,0,0.7907473284053825,0.582633034625443,0.014719133655538733,-4.218607022336066,0.05682498426501681,0.004427851497558044,-5.419840801834975,-0.04965188309927537
2020-06-16,1.012012034,1.023476236,1.003537526,1.016905258,22114870.94214416,50120791.57763204,0.0048351440848577,0.0048234923192462,Tuesday,0,1,0,0,0,0,0,-0.3694191030835997,-0.461113825833998,0.013584483136863038,-4.298827083433208,-0.08022006109714219,0.004366914000100409,-5.433698697802827,-0.013857895967851697
2020-06-17,1.016336477,1.023707317,1.004922961,1.017996012,18690893.901334405,50095579.567955,0.0010726210641738,0.0010720462172254,Wednesday,0,0,1,0,0,0,0,-0.1548269058303525,-0.16821382743169,0.01305614218119545,-4.338496590715865,-0.039669507282656724,0.0043019454123365535,-5.448687937120741,-0.01498923931791385
2020-06-18,1.017969828,1.019800737,1.002772261,1.017255875,18788182.499434967,50021537.62518721,-0.000727052946451,-0.0007273173776225,Thursday,0,0,0,1,0,0,0,0.0052051335058733,0.0051916336239943,0.011898861220237379,-4.431312579222158,-0.09281598850629358,0.004185341514297295,-5.4761669739980405,-0.02747903687729991
2020-06-19,1.017255875,1.022754903,1.005686935,1.010861192,20849251.250690587,50091747.29538318,-0.0062862089638953,-0.0063060503706558,Friday,0,0,0,0,1,0,0,0.1097002731007965,0.1040899546276187,0.011235965187186094,-4.488635468072984,-0.057322888850825926,0.004339398436478163,-5.440019549583368,0.03614742441467289
2020-06-20,1.012544878,1.024328309,1.007041655,1.013672302,20014184.52189874,50152728.04208309,0.0027809060455059,0.0027770464800258,Saturday,0,0,0,0,0,1,1,-0.0400526003908263,-0.0408767880951731,0.012015144745244287,-4.421587362821385,0.06704810525159921,0.00436123991153033,-5.4349988786719665,0.005020670911401126
2020-06-21,1.013672302,1.028753593,1.005444509,1.006053314,16399325.771679442,50074525.04029834,-0.007516223916711,-0.0075446130699751,Sunday,0,0,0,0,0,0,1,-0.1806148407527701,-0.1992010257648601,0.01551238764367538,-4.166116371431687,0.2554709913896982,0.004450727588628007,-5.414687693106684,0.020311185565282663
2020-06-22,1.006303309,1.025552688,1.004467896,1.014435133,17254879.69574693,50192356.235219724,0.0083313865014513,0.0082968720704689,Monday,1,0,0,0,0,0,0,0.0521700669880569,0.0508547618848808,0.013811262558385962,-4.282270892250601,-0.11615452081891409,0.004683942560818004,-5.363615096170275,0.0510725969364092
2020-06-23,1.013913179,1.020887474,1.003983182,1.011037926,19772680.569212656,49983413.21291786,-0.0033488656785314,-0.0033544856797918,Tuesday,0,1,0,0,0,0,0,0.1459181934537816,0.1362062313237749,0.011673921699530989,-4.450397839475817,-0.1681269472252156,0.004670400773173265,-5.36651039231689,-0.0028952961466153226
2020-06-24,1.011933326,1.022485464,1.001658147,1.014551541,21921969.0162032,50073267.85626612,0.0034752553881938,0.0034692306425055,Wednesday,0,0,1,0,0,0,0,0.1086999023459227,0.1031880697163623,0.014463092752775835,-4.236155201803464,0.21424263767235274,0.004572419527186421,-5.387712777157256,-0.021202384840366406
2020-06-25,1.015638941,1.022860474,1.003267371,1.009286064,22949452.89281645,50026634.17487949,-0.0051899551547769,-0.0052034697524147,Thursday,0,0,0,1,0,0,0,0.0468700542297915,0.0458048117023234,0.013108350944920086,-4.3345057751655425,-0.09835057336207864,0.004660799096638667,-5.368568365580212,0.019144411577044274
2020-06-26,1.008759451,1.024382464,1.000732981,1.012594366,20308391.58017684,49988267.75259815,0.003277863549298,0.0032725030653366,Friday,0,0,0,0,1,0,0,-0.115081667740598,-0.1222599181651416,0.016346826905330507,-4.11372147354196,0.2207843016235822,0.0046864709114158385,-5.363075450685754,0.005492914894458245
2020-06-27,1.012080893,1.020777182,1.002901521,1.014410075,19283671.065867588,49974194.783984974,0.0017931257184182,0.0017915199877286,Saturday,0,0,0,0,0,1,1,-0.0504579848317229,-0.0517754999265068,0.012410459217838905,-4.38921567659538,-0.27549420305341954,0.00465220171108446,-5.370414685187395,-0.007339234501641201
2020-06-28,1.014388842,1.022646794,1.00313009,1.007141194,22299554.46232262,50027307.84232953,-0.0071656238232847,-0.0071914202110152,Sunday,0,0,0,0,0,0,1,0.1563957083769798,0.145308019960656,0.012875742838798047,-4.352410137879376,0.03680553871600356,0.004763288420771191,-5.346817004562329,0.023597680625066175
2020-06-29,1.007669035,1.0219846,1.001739986,1.0073348,20107823.32740113,49831035.288581625,0.0001922332252453,0.0001922147508064,Monday,1,0,0,0,0,0,0,-0.0982858710753455,-0.1034577393912577,0.014146253980394883,-4.258305426309602,0.0941047115697744,0.004704886475213587,-5.3591536347771065,-0.0123366302147776
2020-06-30,1.006226305,1.016047891,1.001498813,1.015170128,18253671.10013047,49776385.1376994,0.0077782759019147,0.0077481810704426,Tuesday,0,1,0,0,0,0,0,-0.0922104892747884,-0.0967427436363401,0.008588268154612926,-4.757358175115284,-0.4990527488056822,0.004909938815946817,-5.316493798363976,0.042659836413130314
2020-07-01,1.013322715,1.024091577,1.010532656,1.010549616,22119404.89385008,50276635.58294114,-0.0045514656830012,-0.0045618551397563,Wednesday,0,0,1,0,0,0,0,0.2117784292548135,0.1920890567883863,0.009269405358706633,-4.681036048311209,0.07632212680407502,0.004948156444627035,-5.308740207201719,0.007753591162257045
2020-07-02,1.010518068,1.022422777,1.003477925,1.010212685,21423639.601269733,49975405.33556628,-0.0003334136143989,-0.0003334692090758,Thursday,0,0,0,1,0,0,0,-0.0314549734009251,-0.031960306148055,0.013223819175379358,-4.325735592530031,0.35530045578117786,0.004832904672959132,-5.332307610510045,-0.023567403308326185
2020-07-03,1.010212685,1.025387628,1.009162464,1.012814382,28282097.38727712,50180045.10201958,0.0025753952990601,0.0025720846515194,Friday,0,0,0,0,1,0,0,0.3201350430484697,0.2777340367051949,0.011164462309722832,-4.495019553405625,-0.16928396087559427,0.00474494713836658,-5.350674987474066,-0.018367376964020465
2020-07-04,1.013996045,1.019101182,1.012844015,1.013994295,13938764.55053069,50216563.07236527,0.0011649844443066,0.0011643063765034,Saturday,0,0,0,0,0,1,1,-0.5071523741799597,-0.7075552281288372,0.004354939369876162,-5.436444590731836,-0.9414250373262103,0.0047223165478806955,-5.355455805742156,-0.004780818268089959
2020-07-05,1.01401272,1.021309108,1.009866855,1.013964356,8429768.519283826,50034700.6486154,-2.9525807144770155e-05,-2.9526243039994056e-05,Sunday,0,0,0,0,0,0,1,-0.3952284301292055,-0.5029044627104662,0.007966738883047414,-4.8324800439362,0.6039645467956358,0.004527982352887328,-5.397478835419387,-0.042023029677231705
2020-07-06,1.012480579,1.018816265,1.0114763,1.015588286,9084980.240280718,50139495.10721069,0.0016015651737564,0.0016002840359549,Monday,1,0,0,0,0,0,0,0.077725944609041,0.0748532143858434,0.0047446510937615306,-5.350737380970166,-0.5182573370339663,0.004390588166996978,-5.428292082054615,-0.030813246635227998
2020-07-07,1.014312528,1.01818831,1.010313295,1.011870438,10004595.406603558,50101185.37222376,-0.0036607826727138,-0.0036674997357516,Tuesday,0,1,0,0,0,0,0,0.1012236837065949,0.09642200123502,0.005281890442619807,-5.243471206969447,0.1072661740007188,0.004440882620261233,-5.416902133946665,0.011389948107950687
2020-07-08,1.011341364,1.022048483,1.010387496,1.016674682,13127293.069885949,50115264.24031395,0.0047478845310431,0.0047366488769729,Wednesday,0,0,1,0,0,0,0,0.3121263315877067,0.2716489752062767,0.0074264081256467905,-4.902712965722252,0.34075824124719567,0.00452023370087718,-5.399191582740699,0.01771055120596543
2020-07-09,1.017805909,1.026415413,1.003654174,1.022311725,27734087.663682565,50189514.65634787,0.0055445887458422,0.0055292740965377,Thursday,0,0,0,1,0,0,0,1.1127042350646263,0.7479687548965808,0.015617420889940677,-4.159368264084604,0.743344701637648,0.004586317526580608,-5.384677858700671,0.014513724040027931
2020-07-10,1.022311725,1.026733835,1.008741443,1.022596163,26927191.848272763,50340848.35974316,0.0002782302041972,0.0002781915053519,Friday,0,0,0,0,1,0,0,-0.0290940096964653,-0.0295256327790164,0.012499937410528749,-4.382031641844118,-0.22266337775951417,0.0044271837136839074,-5.419991627632834,-0.03531376893216276
2020-07-11,1.022514875,1.026531941,1.00839995,1.01675927,22109916.11023893,50328947.20229421,-0.0057079159996807,-0.0057242684073452,Saturday,0,0,0,0,0,1,1,-0.1789000414591259,-0.1971104247595715,0.012103265081241028,-4.4142800213552125,-0.032248379511094605,0.0042790343389243245,-5.4540279165915,-0.03403628895866628
2020-07-12,1.018241127,1.027846596,1.00645004,1.023845609,20705591.50209308,50407292.4441178,0.006969534686416,0.0069453597399654,Sunday,0,0,0,0,0,0,1,-0.0635156009251214,-0.0656224159928885,0.014478627793715976,-4.235081662142462,0.17919835921275062,0.00446158960459992,-5.412250162862973,0.04177775372852732
2020-07-13,1.025255911,1.028280354,1.013378756,1.023466952,25006182.843940783,50501647.182048224,-0.0003698379879462,-0.0003699063948817,Monday,1,0,0,0,0,0,0,0.2077019312108503,0.1887193233795156,0.010264972247064026,-4.5790179321618485,-0.34393627001938665,0.004422254424274999,-5.421105662183246,-0.008855499320272742
2020-07-14,1.022914087,1.027635395,1.008807813,1.019391454,24657484.30077389,50326024.452593386,-0.0039820513911424,-0.0039900008682855,Tuesday,0,1,0,0,0,0,0,-0.0139444930616984,-0.0140426308947382,0.012898251050399878,-4.350663554294351,0.22835437786749768,0.0044509038911638935,-5.414648081820526,0.006457580362719817
2020-07-15,1.019391454,1.021671711,1.003724428,1.016336184,20405036.593470816,50096569.28463261,-0.0029971508864542,-0.0030016513377763,Wednesday,0,0,1,0,0,0,0,-0.1724607285735798,-0.1892987149398863,0.012392204076872105,-4.390687707566109,-0.04002415327175779,0.004390581696867457,-5.428293555691869,-0.013645473871343405
2020-07-16,1.01500604,1.026109659,1.005872673,1.020011306,21592827.87114189,50280097.474630274,0.003616049549211,0.0036095273603497,Thursday,0,0,0,1,0,0,0,0.0582106908865402,0.0565794543347438,0.013749116815405726,-4.286780688539351,0.10390701902675747,0.004351546999697585,-5.437223864989269,-0.008930309297399575
2020-07-17,1.019476837,1.028895433,1.009471923,1.015909502,20461291.78543628,50336592.77559149,-0.0040213318968839,-0.0040294391940507,Friday,0,0,0,0,1,0,0,-0.0524033300528399,-0.053826320900431,0.013299114528024306,-4.320057822811043,-0.033277134271691544,0.004408952770004824,-5.4241180848422506,0.013105780147018464
2020-07-18,1.015909502,1.023916154,1.01201208,1.014905664,19308333.41326936,50273449.129203945,-0.0009881175419893,-0.0009886060519577,Saturday,0,0,0,0,0,1,1,-0.0563482689293136,-0.0579981098582085,0.008246141722069786,-4.798009858079441,-0.47795203526839813,0.004410647296418717,-5.4237338210611306,0.0003842637811199978
2020-07-19,1.014905664,1.021871121,1.005338797,1.009401274,24559764.92147137,50084350.40731725,-0.005423548409717,-0.0054383092433152,Sunday,0,0,0,0,0,0,1,0.2719774615344605,0.2405727458414992,0.011027061484841259,-4.507402892376282,0.2906069657031587,0.004371968371915376,-5.432541942931118,-0.00880812186998714
2020-07-20,1.009963048,1.027986969,1.007274063,1.014024053,30231921.36591738,50182368.3634152,0.0045797237620683,0.004569268735802,Monday,1,0,0,0,0,0,0,0.2309532058870453,0.2077888333904793,0.014175241392826242,-4.256258400037043,0.25114449233923875,0.004421875367528297,-5.421191381582635,0.011350561348482557
2020-07-21,1.013494314,1.025404156,1.010458968,1.016780226,29592100.76078904,50253289.680671,0.0027180548546614,0.0027143676234516,Tuesday,0,1,0,0,0,0,0,-0.0211637427004443,-0.021390905496947,0.01018507657665341,-4.586831710759869,-0.3305733107228255,0.004230981202976478,-5.465321349944579,-0.04412996836194427
2020-07-22,1.015927515,1.037884026,1.007097991,1.02570187,26632602.7934031,50162075.89274285,0.0087744074598081,0.0087361360563308,Wednesday,0,0,1,0,0,0,0,-0.100009728653919,-0.1053713253317161,0.020443176664860292,-3.8901061115900504,0.6967255991698185,0.004260352275102786,-5.458403428433693,0.006917921510886771
2020-07-23,1.024771902,1.036890008,1.014331571,1.026325104,35889807.348760694,50534675.34345011,0.0006076171041786,0.000607432579649,Thursday,0,0,0,1,0,0,0,0.3475891795919625,0.2983172031264864,0.015525018484543265,-4.165302460532497,-0.2751963489424467,0.004217560295566207,-5.468498447127979,-0.01009501869428675
2020-07-24,1.027041571,1.035019513,1.016286427,1.026783041,39779894.33873581,50661762.670415245,0.000446190976149,0.0004460914625557,Friday,0,0,0,0,1,0,0,0.1083897428641238,0.1029082799618142,0.012914395602216328,-4.349412651654346,-0.18411019112184857,0.004170523075683118,-5.479713813224394,-0.011215366096414492
2020-07-25,1.026102599,1.034485892,1.003070119,1.007026091,45275339.65343727,50108782.09785847,-0.0192416014007774,-0.0194291304835918,Saturday,0,0,0,0,0,1,1,0.1381463024488289,0.129400888467969,0.018425129549158547,-3.994039809769526,0.35537284188481966,0.005392009197656296,-5.222837199576795,0.2568766136475986
2020-07-26,1.00869842,1.023855891,1.000031102,1.009449374,47812827.34759239,50006382.81232604,0.0024063755861514,0.0024034849008748,Sunday,0,0,0,0,0,0,1,0.056045690956235,0.054531452299019,0.016642179033207746,-4.0958149006475875,-0.10177509087806147,0.005376741141200677,-5.2256728241768196,-0.002835624600024289
2020-07-27,1.010277362,1.023581174,1.001113455,1.01384865,39215334.96896586,50077536.86964278,0.0043580947329409,0.0043486257393029,Monday,1,0,0,0,0,0,0,-0.1798156029578421,-0.1982260895626497,0.015539947996436215,-4.164341280480911,-0.06852637983332333,0.005425192349703665,-5.2167019240175945,0.008970900159225081
2020-07-28,1.016143296,1.027634612,1.007980762,1.019867278,36093639.69165475,50250962.59762292,0.0059364166436479,0.0059188655485195,Tuesday,0,1,0,0,0,0,0,-0.079603942686746,-0.0829512044967092,0.013464025900683645,-4.307733898396459,-0.14339261791554847,0.005373694587738025,-5.22623960186305,-0.009537677845455228
2020-07-29,1.019867278,1.03592492,1.017749323,1.030340212,17824284.27355025,50756794.57503594,0.0102689185405946,0.0102165513941217,Wednesday,0,0,1,0,0,0,0,-0.5061655065595554,-0.7055548514518506,0.0107862215297427,-4.529485743640644,-0.22175184524418512,0.005688112696805654,-5.169376773596311,0.0568628282667385
2020-07-30,1.030930186,1.036635058,1.025303982,1.029992335,21674052.591408607,50979567.7849827,-0.000337633138985,-0.0003376901498861,Thursday,0,0,0,1,0,0,0,0.2159844546224552,0.1955539994346727,0.007751062622298816,-4.859925332461263,-0.3304395888206182,0.005509744417193402,-5.201237042157499,-0.03186026856118751
2020-07-31,1.029992335,1.033141248,1.014590479,1.020436203,27144542.62127467,50578137.03334408,-0.0092778671017973,-0.0093211745863012,Friday,0,0,0,0,1,0,0,0.2523981155252208,0.2250602057781645,0.011427315033304365,-4.471748733992686,0.38817659846857655,0.005706114497145444,-5.166216960295858,0.035020081861640406
2020-08-01,1.021570772,1.026166257,1.008981228,1.019129248,29510600.62137925,50336525.51874488,-0.0012807807055038,-0.0012816016061156,Saturday,0,0,0,0,0,1,1,0.087165145241761,0.0835735241445699,0.01184910596434538,-4.4355028602939965,0.03624587369868948,0.0057105854358358,-5.165433732402481,0.0007832278933772585
2020-08-02,1.019031375,1.066062612,0.982497678,1.018719047,42919830.06917531,50315682.80171624,-0.0004025014499436,-0.0004025824753949,Sunday,0,0,0,0,0,0,1,0.454386869987377,0.3745844166138696,0.057720358201213795,-2.852145339253488,1.5833575210405084,0.005691719229999292,-5.168742927097068,-0.0033091946945873474
2020-08-03,1.021055708,1.03391081,1.008019538,1.018285042,22308533.1679154,50212685.90404447,-0.0004260301221206,-0.0004261208987363,Monday,1,0,0,0,0,0,0,-0.4802278310058544,-0.6543646999662468,0.01785320967923808,-4.025571972958164,-1.173426633704676,0.00568828035958228,-5.169347298036561,-0.0006043709394925045
2020-08-04,1.013699482,1.01953079,1.008429618,1.014604087,19181364.123874545,50170764.21323072,-0.0036148571845564,-0.0036214065689453,Tuesday,0,1,0,0,0,0,0,-0.1401781560671329,-0.1510300694124074,0.007721687736771606,-4.863722320086251,-0.8381503471280869,0.005726574651612886,-5.162637719044026,0.006709578992534659
2020-08-05,1.014604087,1.018896948,1.011030195,1.015086306,13395914.120031357,50196735.953017406,0.0004752779987569,0.0004751650899428,Wednesday,0,0,1,0,0,0,0,-0.3016182773279502,-0.3589894450854901,0.005472689402424358,-5.207985119312466,-0.3442627992262155,0.005719774442178135,-5.16382590755358,-0.0011881885095537115
2020-08-06,1.015026946,1.018276082,1.012284662,1.016254108,16316250.342775188,50143693.982516296,0.0011504460193161,0.0011497847634053,Thursday,0,0,0,1,0,0,0,0.2180020114026377,0.197211820684238,0.0041046931164492794,-5.495624297349941,-0.28763917803747496,0.005684323591458197,-5.170043140132315,-0.006217232578735299
2020-08-07,1.014833165,1.021304963,1.011824382,1.017244853,14381400.964164946,50254710.24017716,0.0009748988881823,0.0009744239828926,Friday,0,0,0,0,1,0,0,-0.1185841929341927,-0.1262257926917151,0.00642746199422372,-5.047175531836854,0.44844876551308754,0.005620971743648822,-5.181250721900858,-0.011207581768542418
2020-08-08,1.017244853,1.02264881,1.011931545,1.02264881,17350075.385400414,50273737.10130707,0.0053123463678022,0.005298285630857,Saturday,0,0,0,0,0,1,1,0.2064245638260629,0.1876610793259238,0.006682164260492616,-5.008313352815653,0.03886217902120048,0.005613551041537663,-5.182571775466239,-0.0013210535653813693
2020-08-09,1.022464922,1.023105314,1.011662433,1.017756626,14106336.360035596,50274373.86561277,-0.0047838358116312,-0.0047953149784322,Sunday,0,0,0,0,0,0,1,-0.1869582093052074,-0.2069727676867934,0.007417800251392332,-4.903872727832922,0.10444062498273166,0.0056811862438144135,-5.170595222312339,0.011976553153900227
2020-08-10,1.018240316,1.020478022,1.006840743,1.011550657,24340804.711890534,50132258.97571059,-0.0060976945189645,-0.0061163613800843,Monday,1,0,0,0,0,0,0,0.7255227786039486,0.5455300646301592,0.008585893135132139,-4.757634755666247,0.14623797216667445,0.005694789846399485,-5.168203584186257,0.0023916381260820074
2020-08-11,1.013036576,1.022687052,0.997978103,1.009456459,46482553.91185885,49999622.46871284,-0.0020702848498075,-0.0020724308518891,Tuesday,0,1,0,0,0,0,0,0.9096555952873664,0.6469229091960721,0.017153490816091653,-4.065553579955098,0.6920811757111496,0.005564697923990632,-5.191312577131218,-0.023108992944961493
2020-08-12,1.009704371,1.020080837,0.994820074,1.012881647,48600079.94085607,49916472.61426834,0.0033931012768921,0.0033873576974519,Wednesday,0,0,1,0,0,0,0,0.0455552858178256,0.0445481182759591,0.01762303526240775,-4.038548410970865,0.027005168984232775,0.0055985511548003256,-5.185247437072521,0.006065140058697516
2020-08-13,1.012440291,1.021990293,0.99975459,1.019198109,45883709.639928535,50007903.07936438,0.0062361303699285,0.0062167661723421,Thursday,0,0,0,1,0,0,0,-0.0558923010874308,-0.0575150315130466,0.014994907911467964,-4.200044608082585,-0.16149619711172036,0.005665807755593018,-5.173305807624718,0.011941629447802526
2020-08-14,1.018125475,1.020532853,0.991178756,1.00510664,97471641.55993332,49768168.422232285,-0.0138260352678892,-0.0139225051227089,Friday,0,0,0,0,1,0,0,1.124319117282365,0.753451335635865,0.01902394180687613,-3.9620569979704685,0.23798761011211678,0.006185648884955188,-5.085523365955885,0.08778244166883287
2020-08-15,1.006257852,1.01937418,1.003671976,1.012982694,71762934.34603974,49866058.968587965,0.007836038174019,0.0078054958768684,Saturday,0,0,0,0,0,1,1,-0.2637557632399759,-0.3061933718771663,0.010166283146806747,-4.588678608013331,-0.6266216100428625,0.006313384306263209,-5.065083406071179,0.020439959884706482
2020-08-16,1.010230152,1.022289683,1.002359929,1.014554857,53131768.34073392,49990073.98933227,0.001552013681292,0.0015508105527457,Sunday,0,0,0,0,0,0,1,-0.2596210171042704,-0.3005930848340823,0.01366581984747857,-4.292857465245303,0.29582114276802773,0.006276764758772556,-5.070900597046071,-0.005817190974892306
2020-08-17,1.014617889,1.02268383,1.003209752,1.008094284,63336336.68955888,49960119.16214402,-0.006367889282107,-0.0063882507749092,Monday,1,0,0,0,0,0,0,0.192061523030498,0.1756841805918576,0.012990086562999752,-4.343568784503529,-0.05071131925822581,0.006381655169693397,-5.0543277842854115,0.016572812760659694
2020-08-18,1.007710703,1.017733587,1.002248931,1.002992773,66726458.68155558,49886157.14799449,-0.0050605494753506,-0.0050733974192794,Tuesday,0,1,0,0,0,0,0,0.053525703714335,0.0521423523644089,0.010441478177932981,-4.561969118625654,-0.21840033412212456,0.006371629396771957,-5.055900049835437,-0.0015722655500258753
2020-08-19,1.004527586,1.017903408,0.994739606,1.00327145,70372818.67786077,49760169.35836377,0.0002778454715746,0.0002778068796697,Wednesday,0,0,1,0,0,0,0,0.0546463886792947,0.0532055341364924,0.01625852004203485,-4.1191381973299315,0.4428309212957222,0.006316984499418139,-5.06451332085707,-0.00861327102163223
2020-08-20,1.007075143,1.014846411,0.981892129,1.008095401,74718906.13579077,49697582.251956806,0.0048082211449353,0.0047966985702758,Thursday,0,0,0,1,0,0,0,0.0617580415220355,0.059926064020128,0.023333891921399112,-3.757848386398899,0.3612898109310323,0.006358116389192413,-5.058023110717006,0.006490210140063901
2020-08-21,1.007042439,1.016585883,0.995973916,1.003299101,66048903.43462957,49697038.316629134,-0.0047577838320085,-0.0047691381139659,Friday,0,0,0,0,1,0,0,-0.116034925423088,-0.1233377255221293,0.01429827631736974,-4.247616286228345,-0.4897678998294457,0.00621609182072593,-5.080613894351835,-0.022590783634829137
2020-08-22,1.001550963,1.01409708,0.993991131,1.004302021,65151515.60340408,49622518.31172864,0.0009996221455796,0.0009991228560689,Saturday,0,0,0,0,0,1,1,-0.0135867180915979,-0.0136798621898064,0.014057256671979547,-4.2646165274281085,-0.01700024119976362,0.006217778804507748,-5.080342541392967,0.000271352958868043
2020-08-23,1.004344605,1.015804468,0.997176286,1.000520869,52348443.20606686,49552991.15164419,-0.0037649550841638,-0.003772060367211,Sunday,0,0,0,0,0,0,1,-0.1965122726426379,-0.2187933679008546,0.012871023761944236,-4.352776714155134,-0.08816018672702519,0.006255271482716247,-5.074330733492535,0.006011807900431876
2020-08-24,0.999874034,1.020411207,0.993430753,1.01298769,61312401.55840156,49989781.02518145,0.0124603307999566,0.0123833397741892,Monday,1,0,0,0,0,0,0,0.1712363883878753,0.1580599330625175,0.017130185804487625,-4.066913119974775,0.2858635941803591,0.005626451315850495,-5.180276352464195,-0.10594561897165988
2020-08-25,1.01375687,1.016427745,0.993189951,1.011441318,82174736.64195232,49887751.3978096,-0.0015265456977074,-0.0015277120557414,Tuesday,0,1,0,0,0,0,0,0.340262892225464,0.2928657829483845,0.01629181469952903,-4.117092462969894,-0.05017934299511939,0.005616243693506653,-5.182092220481643,-0.0018158680174478192
2020-08-26,1.009803991,1.019467866,1.002270015,1.007762478,69276659.98423661,49910847.11565003,-0.0036372253481539,-0.0036438561355988,Wednesday,0,0,1,0,0,0,0,-0.156959148088476,-0.170739861998418,0.01196431954833691,-4.425826429415576,-0.30873396644568185,0.0055995027709669935,-5.18507747608193,-0.0029852556002873953
2020-08-27,1.00878505,1.023322381,1.002278346,1.011724005,59202036.55509394,49968143.07852481,0.0039310126011657,0.0039233063600824,Thursday,0,0,0,1,0,0,0,-0.1454259404456722,-0.1571521101360986,0.014581165215911926,-4.228024636808135,0.19780179260744113,0.005540734914779274,-5.1956281309236445,-0.010550654841714469
2020-08-28,1.013343972,1.018725372,1.004457861,1.011145938,57552117.16908137,49983520.57916899,-0.0005713682754813,-0.0005715315685377,Friday,0,0,0,0,1,0,0,-0.0278693011595494,-0.0282650197335241,0.009881476519868823,-4.617093333057349,-0.3890686962492147,0.005218368288461852,-5.2555705143708025,-0.059942383447157965
2020-08-29,1.011697521,1.01989777,1.00578474,1.006149922,65977094.359292775,49956058.74789935,-0.0049409445385123,-0.0049531913622171,Saturday,0,0,0,0,0,1,1,0.1463886578743891,0.13661670379341,0.009241399786322017,-4.6840619127761105,-0.06696857971876113,0.0052957879421736045,-5.240843502279459,0.014727012091343639
2020-08-30,1.004612102,1.020437569,1.004612102,1.015040433,68606601.0481157,50028129.62214457,0.0088361692483438,0.0087973587613146,Sunday,0,0,0,0,0,0,1,0.0398548422654592,0.0390811286670694,0.008997341625208774,-4.710826120254501,-0.026764207478390922,0.005265834290851139,-5.2465156861488405,-0.0056721838693816196
2020-08-31,1.015086875,1.021044852,1.002906391,1.009228845,71311648.92486379,49921963.80416415,-0.0057254743861026,-0.0057419277468286,Monday,1,0,0,0,0,0,0,0.0394283907878041,0.0386709378120137,0.012153202300035299,-4.4101625801335,0.3006635401210014,0.005364070453595583,-5.228032179123312,0.018483507025528034
2020-09-01,1.008484547,1.026407986,1.002753564,1.016942419,98464011.33091164,50037212.23618206,0.0076430375907459,0.0076139775563025,Tuesday,0,1,0,0,0,0,0,0.3807563394678539,0.3226314211106215,0.015648081097374703,-4.157406983099916,0.25275559703358397,0.005540782545551054,-5.195619534488734,0.03241264463457849
2020-09-02,1.015691977,1.024665772,0.981430746,0.999213366,121346241.1991239,49595027.14755074,-0.0174336842172772,-0.0175874405366688,Wednesday,0,0,1,0,0,0,0,0.2323918105602169,0.2089568426032506,0.02873838678001114,-3.5495215314303117,0.6078854516696044,0.006403500662718317,-5.050910459605014,0.1447090748837203
2020-09-03,0.99820207,1.010622448,0.982709831,1.004966549,120908087.99392706,49340257.64096479,0.0057577122121883,0.0057411999388561,Thursday,0,0,0,1,0,0,0,-0.0036107686638422,-0.0036173032236121,0.01935454697987063,-3.9448279010714153,-0.39530636964110366,0.006454950072937149,-5.042907989347503,0.008002470257510552
2020-09-04,1.000236864,1.025413022,0.992809855,1.017730801,147745617.72766688,49982475.06330656,0.0127011710118123,0.0126211876818999,Friday,0,0,0,0,1,0,0,0.2219663727962335,0.2004613422007501,0.02014668837491597,-3.9047153527355687,0.040112548335846654,0.006853369025431654,-4.983014919085844,0.059893070261659354
2020-09-05,1.016085937,1.036525912,0.98480925,1.010883994,167281470.60232884,50196839.27241136,-0.0067275226349368,-0.0067502544251238,Saturday,0,0,0,0,0,1,1,0.1322262763195558,0.1241858505471559,0.036050239416851364,-3.3228417740290888,0.5818735787064799,0.006960133954084803,-4.967556558544464,0.015458360541379612
2020-09-06,1.022731733,1.033110903,1.005237272,1.018454835,189531457.16826463,50337579.2716076,0.0074893272076081,0.0074614214402667,Sunday,0,0,0,0,0,0,1,0.1330092716534621,0.1248771652899346,0.019163850248431886,-3.95472957420428,-0.6318878001751913,0.007089962970225256,-4.949075161269052,0.018481397275412093
2020-09-07,1.017575812,1.036808267,1.007120455,1.027486596,96182289.67798948,50426005.71661439,0.008868101647335,0.0088290109706641,Monday,1,0,0,0,0,0,0,-0.4925259842612851,-0.6783097698918333,0.019639585840646956,-3.930208063821597,0.024521510382683243,0.007206263136256131,-4.9328047510509245,0.016270410218127473
2020-09-08,1.03048612,1.037702163,1.00708618,1.027011298,89589862.61549936,50526007.18978195,-0.0004625831634693,-0.0004626901880673,Tuesday,0,1,0,0,0,0,0,-0.0685409661649877,-0.0710030686139599,0.02107184645443907,-3.8598174207181306,0.07039064310346621,0.007153381224140742,-4.9401701355762455,-0.007365384525320984
2020-09-09,1.027531323,1.034367481,1.013683047,1.028082765,83433688.48966154,50596105.55225334,0.0010432864780423,0.0010427426329293,Wednesday,0,0,1,0,0,0,0,-0.0687150749662247,-0.0711900065996289,0.014279544451653702,-4.24892722372425,-0.3891098030061193,0.0070682466562399585,-4.952142827533147,-0.011972691956901649
2020-09-10,1.027003948,1.036456629,1.020333147,1.032876265,91171606.06815122,50812268.876972586,0.0046625623570297,0.0046517262826899,Thursday,0,0,0,1,0,0,0,0.0927433236929049,0.0886913451044668,0.010504841416798664,-4.555919040772592,-0.3069918170483419,0.007109024573448002,-4.946390235373442,0.005752592159705472
2020-09-11,1.033562232,1.04175784,1.019538908,1.03260425,83019344.38456081,50993218.29495322,-0.0002633568116701,-0.0002633914961649,Friday,0,0,0,0,1,0,0,-0.0894166729661047,-0.0936698661174168,0.015233646822435002,-4.184248690808553,0.371670349964039,0.007082236215787571,-4.95016557145901,-0.003775336085568348
2020-09-12,1.034215671,1.035391137,1.022078739,1.026808705,66030873.96339309,50867005.36741885,-0.0056125519529866,-0.0056283615050711,Saturday,0,0,0,0,0,1,1,-0.2046326738317037,-0.2289512255432437,0.00798587636293507,-4.830080752187087,-0.6458320613785347,0.007065815277509456,-4.952486872828248,-0.002321301369238249
2020-09-13,1.026755165,1.032337454,1.007940428,1.019757246,70519261.92912357,50360081.94127616,-0.0068673541290246,-0.0068910429205652,Sunday,0,0,0,0,0,0,1,0.0679740808552495,0.0657634713813836,0.016368663067450415,-4.1123865606074,0.7176941915796871,0.006711737702755766,-5.003897389431282,-0.05141051660303386
2020-09-14,1.018922136,1.052637497,1.007942202,1.036817272,131536454.78177927,51094013.12238484,0.0167294972082012,0.0165911005742933,Monday,1,0,0,0,0,0,0,0.8652556930329467,0.6233981445202754,0.028708347305072972,-3.550567351637658,0.5618192089697422,0.007224406647147116,-4.930290173318418,0.07360721611286447
2020-09-15,1.03778667,1.043876108,1.013747186,1.015190924,217385005.6458576,50730372.72862847,-0.0208583986629419,-0.0210790081599768,Tuesday,0,1,0,0,0,0,0,0.6526597588972747,0.5023859651644362,0.015545901486740147,-4.1639582450821235,-0.6133908934444654,0.008180629791848066,-4.80598613966272,0.12430403365569731
2020-09-16,1.015844295,1.027043597,1.008355817,1.014527124,135487918.12860236,50225340.91340976,-0.0006538671537612,-0.0006540810181196,Wednesday,0,0,1,0,0,0,0,-0.3767375181831721,-0.4727875297965316,0.012959735238190282,-4.345908017418671,-0.18194977233654708,0.008097940453706529,-4.816145514609066,-0.010159374946345778
2020-09-17,1.01455874,1.024195398,1.006658075,1.017340419,3446227175.7254934,50216638.08516407,0.0027730111235546,0.0027691734212327,Thursday,0,0,0,1,0,0,0,24.435678865877957,3.2361528681437504,0.012093522803475708,-4.415085275204457,-0.06917725778578632,0.008060661982360611,-4.820759594029705,-0.004614079420639072
2020-09-18,1.016114098,1.026198804,1.005697979,1.020698444,127287857.66390891,50355603.190580025,0.00330078795385,0.0032953523112765,Friday,0,0,0,0,1,0,0,-0.9630645772395684,-3.298584222001381,0.01399221987385885,-4.269253827134097,0.14583144807035975,0.008082925044003264,-4.818001461562643,0.0027581324670622465
2020-09-19,1.021869682,1.021869682,1.007548775,1.01074729,140498203.67945266,50061914.64629685,-0.0097493574703636,-0.0097971936243393,Saturday,0,0,0,0,0,1,1,0.1037832379143686,0.0987435861083286,0.007302669094132919,-4.919515368320631,-0.6502615411865342,0.008232024869876516,-4.799723259332927,0.0182782022297161
2020-09-20,1.011067118,1.014947416,1.002260769,1.012018923,129117022.32221432,49922027.003470175,0.001258111708615,0.0012573209492522,Sunday,0,0,0,0,0,0,1,-0.0810058851941236,-0.0844755605578622,0.008875156865798395,-4.724499268757321,0.19501609956331034,0.008189064214685562,-4.804955647146426,-0.005232387813498995
2020-09-21,1.011944095,1.016744641,0.999182,1.002673701,98188922.15511204,49871462.22348019,-0.0092342364234626,-0.0092771362871833,Monday,1,0,0,0,0,0,0,-0.2395354199690303,-0.2738257429486555,0.010912606114757936,-4.517836633716348,0.20666263504097326,0.008360403085531152,-4.784248637075254,0.02070701007117215
2020-09-22,1.002181952,1.015376899,0.999869382,1.009363078,97895291.13942516,49853721.31937192,0.0066715392987055,0.0066493830699066,Tuesday,0,1,0,0,0,0,0,-0.0029904698945877,-0.002994950284226,0.009936846844015107,-4.611505527550177,-0.09366889383382926,0.008419968425065977,-4.777149200727097,0.007099436348156907
2020-09-23,1.009439675,1.014528772,0.996909152,1.007626784,85494481.80452336,49799679.77361836,-0.0017201877479414,-0.0017216689697823,Wednesday,0,0,1,0,0,0,0,-0.1266742168143738,-0.1354466161397725,0.012337942323992051,-4.395076022869901,0.216429504680276,0.008116840699951625,-4.813814276879033,-0.03666507615193648
2020-09-24,1.00768355,1.023812642,1.004785997,1.009115514,130163002.39766245,49979127.22708026,0.0014774617186041,0.0014763713458963,Thursday,0,0,0,1,0,0,0,0.5224725578812239,0.4203356960593254,0.013235194517359647,-4.324875746217297,0.07020027665260375,0.008116524002875167,-4.813853294923942,-3.9018044908800675e-05
2020-09-25,1.009113412,1.018075317,1.005407302,1.009552178,79873352.41633989,49927291.9786036,0.0004327195389843,0.0004326259428842,Friday,0,0,0,0,1,0,0,-0.3863590194983524,-0.4883452441617728,0.008849677708486514,-4.727374237745586,-0.40249849152828876,0.008089598948334784,-4.817176122893982,-0.00332282797003991
2020-09-26,1.010769285,1.015739283,1.007095446,1.012492903,87339059.69557193,49945597.35366002,0.0029129004563446,0.0029086661824962,Saturday,0,0,0,0,0,1,1,0.0934693117714282,0.0893554965172182,0.005949650915025234,-5.1244227308893935,-0.3970484931438074,0.0080753046186364,-4.8189446869147945,-0.0017685640208124909
2020-09-27,1.011237797,1.017353968,1.005104498,1.015224179,73840124.79261287,49983427.62616871,0.0026975754515485,0.0026939435250212,Sunday,0,0,0,0,0,0,1,-0.1545578226970934,-0.1678955017427272,0.00820914944170583,-4.802505961164115,0.32191676972527805,0.008089596248464812,-4.817176456639874,0.001768230274920235
2020-09-28,1.015528373,1.017944433,1.00634547,1.010537605,53452104.24575852,49951430.29727665,-0.004616294703123,-0.0046269826968199,Monday,1,0,0,0,0,0,0,-0.2761103208332336,-0.3231162750484339,0.007502598268391487,-4.8925058826493615,-0.08999992148524605,0.008083155093776209,-4.817973000764354,-0.0007965441244799365
2020-09-29,1.009455805,1.018230743,1.003156184,1.013258982,150768140.28270668,50018669.911774926,0.0026929992377671,0.0026893796122959,Tuesday,0,1,0,0,0,0,0,1.8206212348444688,1.0369571567325495,0.010284505979485919,-4.577116790138678,0.31538909251068326,0.007937172312658461,-4.8361981990601155,-0.018225198295761302
2020-09-30,1.013887776,1.014147951,1.006077977,1.009956986,45286247.91113705,49927818.13512735,-0.0032587877913329,-0.0032641092043161,Wednesday,0,0,1,0,0,0,0,-0.6996298566380111,-1.202739753638859,0.00510734380335243,-5.277075813560506,-0.6999590234218278,0.007890174912030073,-4.842136975544975,-0.005938776484859076
2020-10-01,1.010058498,1.018742719,0.996153268,1.011584814,45119675.92018414,49865709.62019652,0.0016117795337475,0.0016104820111413,Thursday,0,0,0,1,0,0,0,-0.0036782025148067,-0.0036849837352517,0.015827931287272463,-4.145979096681899,1.1310967168786075,0.007772315833249004,-4.857187110972879,-0.01505013542790401
2020-10-02,1.013519608,1.02055544,0.999372453,1.012208911,61820650.36773813,49951359.66355471,0.000616949751877,0.0006167595166186,Friday,0,0,0,0,1,0,0,0.3701483689088922,0.3149190324498211,0.014809579900013787,-4.2124810170727605,-0.06650192039086189,0.007078910297552097,-4.950635295897423,-0.09344818492454454
2020-10-03,1.01160139,1.015569263,1.005698461,1.005800005,35276279.44584483,49913048.5439226,-0.0063316040101528,-0.0063517336283219,Saturday,0,0,0,0,0,1,1,-0.4293770894352449,-0.5610266893004973,0.00590926670553785,-5.131233532159454,-0.9187525150866938,0.007096271963434762,-4.948185708407888,0.0024495874895347214
2020-10-04,1.006248055,1.015353045,1.006104337,1.010314964,30834903.884773064,49944127.29685687,0.0044889232228628,0.0044788780571126,Sunday,0,0,0,0,0,0,1,-0.1259026073849438,-0.1345634763368144,0.005965066886595948,-5.121835010318939,0.009398521840514817,0.0067613564800752075,-4.996531746324319,-0.04834603791643044
2020-10-05,1.010824717,1.014160964,1.006346685,1.011304781,36502421.62107799,49948847.60480815,0.0009797113130751,0.00097923170917,Monday,1,0,0,0,0,0,0,0.1838020237547641,0.1687313128141347,0.00546150710471109,-5.210030500809768,-0.0881954904908282,0.006650491719805363,-5.013064484220136,-0.016532737895817107
2020-10-06,1.011299578,1.016713532,1.001287845,1.012428175,38229689.305319615,49929375.06956758,0.0011108362395846,0.0011102197175368,Tuesday,0,1,0,0,0,0,0,0.0473192628744452,0.0462338165185302,0.010788268606132377,-4.529295975411321,0.6807345253984467,0.0065126312689724394,-5.034011715641692,-0.02094723142155619
2020-10-07,1.012981809,1.015754558,1.005955924,1.010088222,49175943.31318195,418202937.83739287,-0.0023112286459233,-0.0023139036573537,Wednesday,0,0,1,0,0,0,0,0.2863286154496469,0.2517921261814858,0.0066197273356542585,-5.017701097849103,-0.4884051224377819,0.006324117057696235,-5.063384849734077,-0.029373134092384845
2020-10-08,1.011371536,1.02521921,1.00656059,1.009677751,39980739.21626757,881739294.5515765,-0.0004063714347518,-0.0004064540259992,Thursday,0,0,0,1,0,0,0,-0.1869858202486081,-0.2070067283177989,0.012945786760239384,-4.346984890472972,0.670716207376131,0.006323988244371457,-5.063405218527933,-2.03687938560293e-05
2020-10-09,1.010184226,1.017841405,1.005700324,1.010442092,63549632.17055862,879320436.6149721,0.0007570147992692,0.0007567284080918,Friday,0,0,0,0,1,0,0,0.5895061826345924,0.4634233910337522,0.008483781837301835,-4.769598957214071,-0.42261406674109914,0.006322631691349039,-5.0636197506376215,-0.00021453210968847003
2020-10-10,1.011062228,1.016605067,1.006770502,1.00882866,139087195.89059338,879022749.3260063,-0.0015967585008324,-0.0015980346783665,Saturday,0,0,0,0,0,1,1,1.1886388817688536,0.7832798354337503,0.006734966742301653,-5.000442407171845,-0.23084344995777428,0.0062721216574025155,-5.071640599214859,-0.008020848577237949
2020-10-11,1.010120764,1.01516737,1.007031947,1.011165723,65826265.4104176,878717607.1169811,0.0023166104341245,0.0023139312291577,Sunday,0,0,0,0,0,0,1,-0.5267266336852686,-0.7480821159652786,0.005653083320837987,-5.17555416217277,-0.17511175500092513,0.006286149338587574,-5.069406583557181,0.0022340156576783343
2020-10-12,1.011165723,1.023393012,1.003073823,1.010300795,52515922.74655724,878690797.5935752,-0.0008553770962822,-0.0008557431400225,Monday,1,0,0,0,0,0,0,-0.2022041290185949,-0.2259025150301086,0.01417068155580454,-4.256580127932042,0.918974034240728,0.006203558248566381,-5.082632240495966,-0.013225656938784525
2020-10-13,1.008696824,1.016274344,1.004721042,1.010654114,65321992.96628086,878000073.1805595,0.0003497166405772,0.0003496555039661,Tuesday,0,1,0,0,0,0,0,0.2438511893150186,0.2182123644244941,0.007994354018143373,-4.8290197341915455,-0.5724396062595032,0.006074975541073014,-5.103577315924451,-0.020945075428485005
2020-10-14,1.010761911,1.014914701,1.003896018,1.010267072,62122089.400320485,877491017.1014858,-0.0003829618804679,-0.0003830352290959,Wednesday,0,0,1,0,0,0,0,-0.0489866187581289,-0.0502271458292491,0.007712861446185777,-4.864866025865191,-0.0358462916736455,0.00526637741545196,-5.246412550242262,-0.1428352343178112
2020-10-15,1.010515579,1.013290579,1.005402324,1.007926043,65731570.45109955,877518546.8047277,-0.0023172377531471,-0.0023199267033105,Thursday,0,0,0,1,0,0,0,0.0581030207712305,0.0564777018253596,0.005291106777734524,-5.24172783425177,-0.3768618083865789,0.00361984993869377,-5.621322707403184,-0.37491015716092235
2020-10-16,1.008439796,1.018438875,1.002121619,1.010041683,66616030.99566167,878529343.1544917,0.0020990032102981,0.0020968033808212,Friday,0,0,0,0,1,0,0,0.0134556429808732,0.0133659197763965,0.011378198681699663,-4.476056150888432,0.7656716833633377,0.003638077192691205,-5.616299980669532,0.0050227267336522274
2020-10-17,1.010041683,1.017487989,1.006877547,1.009977669,58675068.04630769,878921667.166873,-6.337758240826386e-05,-6.337959085210047e-05,Saturday,0,0,0,0,0,1,1,-0.1192049846060496,-0.1269303527700271,0.0074123750041090765,-4.904604377652537,-0.42854822676410453,0.0036027945881638075,-5.62604546017533,-0.009745479505798293
2020-10-18,1.009580737,1.015971987,1.008299849,1.010953621,46706237.36558498,878662952.0796238,0.0009663104739399,0.0009658438965221,Sunday,0,0,0,0,0,0,1,-0.2039849475977878,-0.2281371832635164,0.005293034428765973,-5.241363581542901,-0.33675920389036396,0.0035565778163476483,-5.6389564839941775,-0.012911023818847234
2020-10-19,1.01112324,1.017225125,1.006306793,1.009862469,51531758.53674509,878915336.4968877,-0.0010793294344411,-0.001079912329917,Monday,1,0,0,0,0,0,0,0.1033164186057031,0.0983205700344983,0.0075912135633794935,-4.880763810582287,0.36059977096061413,0.003080360263776508,-5.782708720078359,-0.14375223608418164
2020-10-20,1.009629092,1.013528242,1.004497444,1.008765087,58168371.07951762,876409330.2090359,-0.001086664802076,-0.0010872556503469,Tuesday,0,1,0,0,0,0,0,0.1287868439040411,0.1211434665488252,0.006306332249248722,-5.066201031450088,-0.18543722086780168,0.0030782021241810465,-5.783409578346198,-0.0007008582678391662
2020-10-21,1.008754127,1.016780746,1.0034222,1.007998426,89426608.66109516,878959465.4795558,-0.0007599995379301,-0.0007602884839875,Wednesday,0,0,1,0,0,0,0,0.5373751576926016,0.4300765191530652,0.009339984099484104,-4.67345072915353,0.39275030229655794,0.002574054068373416,-5.962273164444738,-0.17886358609854014
2020-10-22,1.007998426,1.015854658,1.003808824,1.004653948,225286000.1242206,878069568.4171077,-0.0033179397047985,-0.0033234562725468,Thursday,0,0,0,1,0,0,0,1.519227817058333,0.92395243276433,0.008178028178805174,-4.806304211361449,-0.13285348220791882,0.0023494942490705113,-6.05355518714923,-0.09128202270449126
2020-10-23,1.00655319,1.009900898,0.996505636,1.008012724,144901869.35968614,874304763.4572151,0.0033432168426614,0.003337640717906,Friday,0,0,0,0,1,0,0,-0.3568092589872935,-0.4413139564126799,0.009398728949411982,-4.6671808169966384,0.1391233943648107,0.002406791767151,-6.029460635285803,0.024094551863426794
2020-10-24,1.008012724,1.008731418,0.999998489,1.006776796,84226422.25521097,873903811.3287098,-0.0012261035704942,-0.0012268558504553,Saturday,0,0,0,0,0,1,1,-0.4187347435377945,-0.5425480747481225,0.006100847316665821,-5.099327613077745,-0.4321467960811063,0.0024021164365311113,-6.031405081673603,-0.001944446387800447
2020-10-25,1.006776796,1.009571806,0.995836853,1.007369024,59791918.53677668,873151194.74532,0.0005882416066329,0.0005880686603585,Sunday,0,0,0,0,0,0,1,-0.2901049702004,-0.3426381652296535,0.00967913756129685,-4.637782476570188,0.46154513650755646,0.0024032170160185086,-6.030947015852569,0.00045806582103402604
2020-10-26,1.007369024,1.012114367,0.996450962,1.005755022,83987376.98683497,874457679.138152,-0.0016021953837642,-0.0016034802713989,Monday,1,0,0,0,0,0,0,0.4046610151031733,0.3397960032861258,0.010983571000833265,-4.511354668013245,0.1264278085569437,0.0023620215268705435,-6.048237447416769,-0.017290431564199515
2020-10-27,1.005098826,1.015912022,1.001991695,1.008358852,98343831.21694589,876237540.7621561,0.0025889306471691,0.0025855851391693,Tuesday,0,1,0,0,0,0,0,0.1709358566152303,0.1578033065270989,0.009546118623896238,-4.65162063392041,-0.14026596590716522,0.0023579814078846136,-6.049949361594983,-0.0017119141782142577
2020-10-28,1.008006839,1.013639705,0.994794604,1.006657654,89960645.43080232,874132975.8585482,-0.001687095815766,-0.0016885205645959,Wednesday,0,0,1,0,0,0,0,-0.085243636356309,-0.0890975184044321,0.013243792076480089,-4.3242263588706855,0.3273942750497243,0.002222944161978866,-6.108922762633647,-0.05897340103866355
2020-10-29,1.00561232,1.010801841,0.992765339,1.006383648,118515077.9123259,871459312.1616905,-0.0002721938276745,-0.000272230879138,Thursday,0,0,0,1,0,0,0,0.3174102669537608,0.2756678905398905,0.01272244812693423,-4.364387276779457,-0.04016091790877141,0.002168607612968907,-6.133669970386884,-0.024747207753237355
2020-10-30,1.006810738,1.019114517,0.991342599,1.010653091,134079668.3570367,875552582.0448362,0.0042423612590336,0.0042333878146175,Friday,0,0,0,0,1,0,0,0.1313300444035063,0.1233939710125686,0.019392838131480107,-3.9428514495527205,0.42153582722673644,0.0022237575771806594,-6.108556911601317,0.0251130587855668
2020-10-31,1.009587647,1.018714128,1.004856446,1.006665889,69917120.88156098,878983333.0104952,-0.0039451737055045,-0.0039529764321235,Saturday,0,0,0,0,0,1,1,-0.4785404697199817,-0.6511236100836673,0.00951588595209649,-4.654792671470696,-0.7119412219179759,0.0023193770947301487,-6.06645662300559,0.04210028859572734
2020-11-01,1.007631236,1.013061397,0.996478002,1.00895166,65980457.85113796,874659179.5534618,0.0022706351978118,0.0022680612013793,Sunday,0,0,0,0,0,0,1,-0.0563047073561809,-0.057951948158645,0.011642414415169234,-4.4531004342046145,0.20169223726608188,0.002353359389883807,-6.051911444017806,0.014545178987783736
2020-11-02,1.010029794,1.01530773,0.991151033,1.004792484,78755187.91357042,872721843.98493,-0.0041222747975854,-0.0041307947949134,Monday,1,0,0,0,0,0,0,0.1936138438331878,0.1769855487858122,0.016717806917243408,-4.091280845165132,0.36181958903948264,0.002182261503510802,-6.1273935529635555,-0.07548210894574936
2020-11-03,1.004286999,1.018576027,0.996323012,1.009949325,96454517.66309763,878661823.7975197,0.005132244798917,0.005119119718841,Tuesday,0,1,0,0,0,0,0,0.2247385882559416,0.2027274238821492,0.015223635033493995,-4.184906122377724,-0.09362527721259184,0.0022286991432709413,-6.106337207546006,0.021056345417549416
2020-11-04,1.01048772,1.020163181,0.998193702,1.008512532,97478017.94264144,875634071.2798704,-0.0014226387051647,-0.0014236516163926,Wednesday,0,0,1,0,0,0,0,0.010611221789722,0.0105553179004274,0.01534597933759886,-4.176901771663197,0.008004350714526431,0.002236670779835603,-6.102766777695648,0.003570429850357826
2020-11-05,1.00957832,1.020295261,0.998351409,1.008619212,120604322.22332914,876557757.3136955,0.0001057795482108,0.0001057739539489,Thursday,0,0,0,1,0,0,0,0.2372463532680344,0.2128882273959567,0.015362568020101008,-4.175821376428443,0.0010803952347542278,0.0022275508645837818,-6.1068525640500395,-0.004085786354391274
2020-11-06,1.009288665,1.02012063,1.004400137,1.010970745,138788757.4932994,879750097.6166707,0.0023314378429668,0.0023287242586427,Friday,0,0,0,0,1,0,0,0.1507776415864865,0.1404379239233472,0.010932771784691498,-4.515990414735444,-0.3401690383070006,0.0022280656196688848,-6.106621505075727,0.00023105897431285882
2020-11-07,1.011117657,1.019385803,0.990298757,1.00657213,134266311.47460687,877798188.6935987,-0.004350882576726,-0.004360375210554,Saturday,0,0,0,0,0,1,1,-0.03258510343614,-0.0331278201549987,0.02027750322765945,-3.89824322284536,0.6177471918900839,0.002364853478675283,-6.047039213005978,0.05958229206974863
2020-11-08,1.00657213,1.023764805,1.003633345,1.009485287,126382693.91658878,877457933.0244932,0.0028941363596068,0.002889956409927,Sunday,0,0,0,0,0,0,1,-0.0587162741825157,-0.0605106696281551,0.01392783779419901,-4.273865722606536,-0.37562249976117634,0.0024190574571910073,-6.024377295180355,0.02266191782562288
2020-11-09,1.008940564,1.014326842,0.99461863,1.007809618,165347269.19811755,874772261.5307194,-0.0016599241431043,-0.0016613033436415,Monday,1,0,0,0,0,0,0,0.3083062567668084,0.2687333668872482,0.0138566793686177,-4.278987897718978,-0.005122175112441951,0.0024204777999537967,-6.023790320304422,0.0005869748759330662
2020-11-10,1.007247695,1.013667947,1.001254164,1.005944437,118401689.678975,875496641.468917,-0.0018507275250077,-0.0018524422371635,Tuesday,0,1,0,0,0,0,0,-0.2839211058447708,-0.333964930724035,0.008675733923200002,-4.747225354629787,-0.468237456910809,0.00240720202663335,-6.029290190743946,-0.005499870439523491
2020-11-11,1.005944437,1.016028431,1.004051366,1.007162967,143832628.09935194,876828892.5765588,0.0012113293291169,0.0012105962616761,Wednesday,0,0,1,0,0,0,0,0.2147852660661209,0.1945673254248604,0.008351151902468665,-4.785355797242472,-0.038130442612684945,0.0024122734428882625,-6.0271856388445455,0.0021045518994000645
2020-11-12,1.007040442,1.012850197,0.999128565,1.004606983,107476952.88154145,874835539.5827568,-0.0025378057809387,-0.0025410314686312,Thursday,0,0,0,1,0,0,0,-0.2527637553330245,-0.29137388592733,0.009527104010220262,-4.6536144889012965,0.1317413083411756,0.0024556497907956393,-6.009363872188887,0.0178217666556586
2020-11-13,1.004606983,1.016105599,1.001196595,1.00680046,117537148.21286784,875225692.7041254,0.0021834180302526,0.0021810378371133,Friday,0,0,0,0,1,0,0,0.0936032801601149,0.0894780058379865,0.010363750342701499,-4.56944110546652,0.0841733834347762,0.0024867427618689695,-5.996781552614998,0.012582319573889222
2020-11-14,1.00680046,1.01461572,0.99331098,1.005521338,234718278.2036675,871159769.4423659,-0.0012704821370461,-0.0012712898837007,Saturday,0,0,0,0,0,1,1,0.9969710153131892,0.6916315402137702,0.014985001125567483,-4.2007055031005684,0.3687356023659518,0.0024613736339078223,-6.007035697110897,-0.010254144495899453
2020-11-15,1.00372484,1.009333055,0.995658945,1.00603424,319067745.34798366,873058868.2417793,0.0005100856447461,0.000509955595286,Sunday,0,0,0,0,0,0,1,0.3593647149674694,0.3070174692653475,0.009538778036009075,-4.652389890194621,-0.4516843870940521,0.0024332027950983884,-6.0185468667848685,-0.011511169673971366
2020-11-16,1.006186524,1.014700318,1.000903404,1.006245647,115870190.57960016,971819879.6974328,0.0002101389710156,0.0002101168949147,Monday,1,0,0,0,0,0,0,-0.6368476843272607,-1.0129329303215164,0.009680448884498764,-4.637647006403242,0.01474288379137878,0.0024334776719695506,-6.018433904007339,0.00011296277752936845
2020-11-17,1.006403759,1.013954512,0.998413995,1.006370738,185098299.1177747,1017495198.8253328,0.0001243145750471,0.0001243068486306,Tuesday,0,1,0,0,0,0,0,0.5974626277205992,0.4684165127677966,0.010921463154110665,-4.517025329169359,0.12062167723388306,0.00242718633510352,-6.021022579287172,-0.002588675279833197
2020-11-18,1.00436129,1.013324063,0.982251772,1.007807332,208534158.85588568,1016671345.7499384,0.0014274997729515,0.0014264818637456,Wednesday,0,0,1,0,0,0,0,0.1266130474986113,0.1192158287167673,0.021918778423746385,-3.8204115472989186,0.6966137818704401,0.0024331436800066296,-6.018571162256662,0.0024514170305103278
2020-11-19,1.006810895,1.016054877,0.991814423,1.002743899,143643575.8708754,999942942.5057316,-0.0050242073452191,-0.0050368711096689,Thursday,0,0,0,1,0,0,0,-0.3111748374512352,-0.3727677955417148,0.016887889774789906,-4.081158495293638,-0.26074694799471976,0.002593540634942202,-5.954731296301652,0.06383986595500968
2020-11-20,1.003385258,1.01574224,0.99752492,1.003717434,142174667.82463533,1003935069.5186608,0.0009708710279572,0.0009704000375034,Friday,0,0,0,0,1,0,0,-0.0102260615369287,-0.010278706914984,0.012795398102318466,-4.358669695956916,-0.2775112006632776,0.002595876399258348,-5.953831093269795,0.0009002030318576715
2020-11-21,1.004775302,1.01737287,0.996640721,1.010364362,170742197.48425567,1019057016.5096148,0.0066223099996489,0.0066004788336138,Saturday,0,0,0,0,0,1,1,0.2009326281307499,0.1830984450470696,0.014144233025140446,-4.258448298028811,0.10022139792810503,0.002796892249409737,-5.879246389133351,0.07458470413644402
2020-11-22,1.008823434,1.012858423,0.988349856,0.993299777,183010015.3815046,1019644296.2345812,-0.0168895357376035,-0.0170337905174007,Sunday,0,0,0,0,0,0,1,0.0718499473358373,0.0693860783511139,0.014391151728494015,-4.241141724559151,0.017306573469659803,0.004137988083892596,-5.487545579340893,0.39170080979245725
2020-11-23,0.99318366,1.009549522,0.986450513,1.002211863,176459699.05320334,1019253685.0802344,0.008972201752543,0.0089321906971518,Monday,1,0,0,0,0,0,0,-0.03579211943481,-0.036448363879537,0.015370237108762409,-4.175322294825678,0.0658194297334731,0.0044420986663423045,-5.41662834161289,0.07091723772800318
2020-11-24,1.001063423,1.007057914,0.983946379,0.998314326,203730790.702238,1025459329.7964158,-0.0038889352081038,-0.0038965167791727,Tuesday,0,1,0,0,0,0,0,0.1545457223114288,0.1437069525894329,0.016327684646041635,-4.114893167352823,0.06042912747285545,0.004497422354737141,-5.4042508563826335,0.012377485230256724
2020-11-25,0.999241059,1.005043449,0.989278411,1.003908457,177152827.7425407,1041359367.9625176,0.005603576803725,0.005587935172743,Wednesday,0,0,1,0,0,0,0,-0.1304562892436923,-0.1397866753112614,0.01079783257584892,-4.528409852413775,-0.4135166850609524,0.004602383822979471,-5.381180887331095,0.02306996905153813
2020-11-26,1.001157556,1.024634161,0.976091227,1.003169802,483070650.2147873,1031015379.9834738,-0.000735779238485,-0.0007360500568787,Thursday,0,0,0,1,0,0,0,1.7268582521123648,1.0031501230890658,0.03429663071218108,-3.372708159600688,1.155701692813087,0.004580082331119648,-5.386038304790617,-0.004857417459521507
2020-11-27,1.005159265,1.012597586,0.989171674,1.001654974,392482697.3067648,1015420817.172048,-0.001510041467536,-0.0015111827291992,Friday,0,0,0,0,1,0,0,-0.1875252675105483,-0.2076704637363331,0.016407781788677366,-4.109999557381588,-0.7372913977809001,0.004578017024647966,-5.386489338662703,-0.0004510338720864482
2020-11-28,1.003760315,1.006754899,0.995289249,0.998655207,143439611.8441107,1017072361.648325,-0.0029948106662125,-0.002999304085211,Saturday,0,0,0,0,0,1,1,-0.6345326486278242,-1.0065783297132225,0.007453483760543549,-4.899073737025392,-0.7890741796438041,0.004610382889677768,-5.379444369093332,0.007044969569371062
2020-11-29,1.000915345,1.006419278,0.991995218,1.002314787,99831076.81214282,1021181387.2278694,0.003664508004713,0.0036578100533984,Sunday,0,0,0,0,0,0,1,-0.3040201689848504,-0.3624345974941093,0.010170614899523539,-4.588252608652717,0.31082112837267495,0.004593934093565834,-5.383018521016258,-0.0035741519229262053
2020-11-30,1.001965428,1.013106783,0.995081813,1.007680059,174215359.52144,1039432510.2352828,0.0053528812201391,0.0053386054730527,Monday,1,0,0,0,0,0,0,0.7451014762594401,0.5568127065478009,0.012191875823062387,-4.406985465205989,0.18126714344672834,0.004640408025898802,-5.37295297999405,0.010065541022208357
2020-12-01,1.00735927,1.016961176,0.983951602,1.004935801,281698622.59124607,1057075299.447562,-0.0027233425683973,-0.0027270576121939,Tuesday,0,1,0,0,0,0,0,0.6169562968790849,0.4805455529440643,0.023284687381504295,-3.7599593283839265,0.6470261368220624,0.004648635430646299,-5.371181558224433,0.0017714217696171985
2020-12-02,1.00174818,1.010333325,0.994815676,1.002485666,184425816.9584481,1067336810.1960148,-0.0024381010185544,-0.0024410780266582,Wednesday,0,0,1,0,0,0,0,-0.3453080627019749,-0.4235904787200949,0.010935114880869994,-4.515776119113439,-0.7558167907295124,0.004608650334990904,-5.379820233821236,-0.00863867559680287
2020-12-03,1.002481551,1.008014137,0.996873825,1.001730011,142276332.7499143,1076324495.71696,-0.0007537813513236,-0.0007540655873299,Thursday,0,0,0,1,0,0,0,-0.2285443811699653,-0.2594761346533815,0.0078444294403088,-4.847951624529499,-0.33217550541606045,0.004514986029954472,-5.400353186258735,-0.020532952437498864
2020-12-04,1.000859695,1.007077369,0.994000809,1.002344881,143081209.66299322,1075813658.9013565,0.000613808105226,0.0006136198020817,Friday,0,0,0,0,1,0,0,0.0056571384538965,0.0056411969401289,0.00919560648876074,-4.689029464562605,0.1589221599668944,0.004508890147464861,-5.40170424278855,-0.0013510565298151533
2020-12-05,1.000135348,1.008774626,0.997194521,1.004560764,168178842.94827533,1071312592.0668844,0.0022106991735113,0.0022082591735024,Saturday,0,0,0,0,0,1,1,0.1754083107376285,0.1616155857326116,0.0076891172849621854,-4.867949289444295,-0.17891982488168967,0.004526838231794883,-5.397731545252306,0.003972697536243963
2020-12-06,1.005175621,1.011140855,0.993433419,1.004687364,145816909.3442783,1070904877.17864,0.0001260252286738,0.0001260172881618,Sunday,0,0,0,0,0,0,1,-0.1329652006874289,-0.1426761653916654,0.012489150822406366,-4.38289494575435,0.4850543436899448,0.004506886785758432,-5.402148655234474,-0.004417109982168377
2020-12-07,1.005370147,1.006540836,0.99557363,1.004745829,153917944.50789067,1074584441.6821637,5.8192231827458585e-05,5.819053872521933e-05,Monday,1,0,0,0,0,0,0,0.0555562122393196,0.0540678433915429,0.007737246707919294,-4.861709377155802,-0.4788144314014522,0.004436031894803066,-5.41799501952819,-0.015846364293715887
2020-12-08,1.004197462,1.008899024,0.994808416,1.005615118,139732687.82189643,1075913941.1521864,0.0008651829894781,0.0008648089344106,Tuesday,0,1,0,0,0,0,0,-0.0921611624385162,-0.0966884078067294,0.009906566456181758,-4.614557463311296,0.2471519138445064,0.004407370401169163,-5.42447704828357,-0.00648202875537951
2020-12-09,1.005903629,1.008395999,0.993216578,1.000389092,188654134.4402907,1081060063.179519,-0.005196845101527,-0.0052103956682169,Wednesday,0,0,1,0,0,0,0,0.3501073899097227,0.3001841373678333,0.010166244318502453,-4.588682427342174,0.025875035969121996,0.0044986505747569815,-5.403977799452771,0.020499248830798678
2020-12-10,1.000389092,1.007880858,0.989187396,1.001860218,155753623.8770902,1076737794.9401832,0.0014705538192734,0.0014694736138761,Thursday,0,0,0,1,0,0,0,-0.17439591589557,-0.1916399374351581,0.01320652198246348,-4.327044481831311,0.26163794551086283,0.004493934876670594,-5.4050265964965405,-0.0010487970437695893
2020-12-11,1.000264842,1.006828543,0.991750836,1.000057392,155465384.26364595,1077703041.455695,-0.0017994785775594,-0.0018010995840712,Friday,0,0,0,0,1,0,0,-0.0018506125653403,-0.0018523270643493,0.010668550825706849,-4.540455040539495,-0.21341055870818426,0.004500525660689159,-5.403561075541547,0.0014655209549934156
2020-12-12,0.999024747,1.008065326,0.99011588,0.999004933,156098892.39616713,1075260257.1663926,-0.0010523986007394,-0.0010529527609793,Saturday,0,0,0,0,0,1,1,0.0040749143966791,0.0040666344188545,0.012704063450819687,-4.365833379935384,0.1746216606041111,0.004480676307835413,-5.4079812823783895,-0.004420206836842411
2020-12-13,0.999063888,1.011470491,0.988735348,0.999877832,114369824.12314866,1093951358.5276675,0.0008737684581583,0.0008733869447192,Sunday,0,0,0,0,0,0,1,-0.2673245635024319,-0.3110524630164132,0.016067241160386547,-4.130972790362422,0.2348605895729623,0.004465794755607016,-5.411308083716734,-0.0033268013383445094
2020-12-14,0.999877832,1.004063117,0.987947463,0.999905436,114027549.18379204,1090459937.110969,2.7607372737437075e-05,2.7606991660936008e-05,Monday,1,0,0,0,0,0,0,-0.0029927032062939,-0.0029971902971247,0.01144142922673839,-4.470514368426686,-0.33954157806426455,0.004459761832780619,-5.412659915097868,-0.0013518313811342608
2020-12-15,0.999905436,1.005619358,0.990994569,1.000764478,121481512.33842996,1094663406.1756604,0.0008591232421302,0.0008587544069924,Tuesday,0,1,0,0,0,0,0,0.065369844462968,0.0633220106727087,0.010345251302708186,-4.571227675889427,-0.10071330746274043,0.004461545593835422,-5.412260027280248,0.00039988781762012593
2020-12-16,1.001332252,1.012878844,0.992973068,1.005087751,141694965.387627,1099893652.182438,0.0043199704776091,0.0043106661916813,Wednesday,0,0,1,0,0,0,0,0.1663911871041354,0.1539145266059687,0.013840706964177102,-4.280141248870546,0.29108642701888066,0.004530266241192834,-5.396974568324003,0.015285458956245002
2020-12-17,1.003514252,1.009003216,0.984611139,1.004152354,249399969.57513016,1121489810.6289213,-0.0009306620233601,-0.0009310953581406,Thursday,0,0,0,1,0,0,0,0.7601187797524112,0.5653812952685024,0.017299401260416673,-4.057083387301787,0.22305786156875929,0.0045333977428858585,-5.396283567019645,0.0006910013043581742
2020-12-18,0.999950018,1.011799862,0.990207558,1.005600283,343229286.41730046,1126473675.772802,0.0014419415482442,0.0014409029488099,Friday,0,0,0,0,1,0,0,0.3762202417346518,0.3193407861031958,0.014845876462468545,-4.21003313158851,-0.15294974428672337,0.004533549763178121,-5.396250034170321,3.353284932394729e-05
2020-12-19,1.00429339,1.006994843,0.99321329,1.00029435,171457259.53614303,1128480292.162375,-0.0052763837577398,-0.0052903530303483,Saturday,0,0,0,0,0,1,1,-0.5004585380057454,-0.6940646773429141,0.009423339594786539,-4.664565731482301,-0.454532599893791,0.00454316324553231,-5.394131759429305,0.002118274741016002
2020-12-20,1.00029435,1.003261332,0.990775119,1.001799104,207098855.3707167,1120628896.1367967,0.0015043112059964,0.0015031808633436,Sunday,0,0,0,0,0,0,1,0.2078745217962641,0.1888622214322703,0.008806186327370713,-4.732300812734258,-0.06773508125195704,0.004547995326667952,-5.3930687306519935,0.0010630287773114588
2020-12-21,0.99937424,1.003301007,0.987184958,0.995326325,188241060.4668784,1125855421.3798072,-0.0064611547107154,-0.0064821183190124,Monday,1,0,0,0,0,0,0,-0.0910569731063067,-0.0954728634535296,0.011169166496130221,-4.494598288548234,0.237702524186024,0.004542317256681874,-5.394317988182462,-0.0012492575304685616
2020-12-22,0.995479362,1.005742993,0.990793103,1.002232917,187554177.7943508,1117143807.4810348,0.0069390227370906,0.0069150585138097,Tuesday,0,1,0,0,0,0,0,-0.0036489524167787,-0.003655626083189,0.009720200762926633,-4.633549006101012,-0.13895071755277755,0.00354329129797528,-5.642699238591045,-0.24838125040858294
2020-12-23,1.002675601,1.008791091,0.977032428,0.998287792,201812686.9608688,1114901490.9878674,-0.0039363354895676,-0.00394410324915,Wednesday,0,0,1,0,0,0,0,0.0760234153896168,0.0732722230173281,0.02245416367361665,-3.7962792176866147,0.8372697884143969,0.0032270694469280266,-5.736180845558805,-0.0934816069677602
2020-12-24,0.997255577,1.008511958,0.991917922,1.00178108,285550893.1001397,1115207047.9227386,0.0034992794943444,0.0034931712613168,Thursday,0,0,0,1,0,0,0,0.4149303366418564,0.3470802978280384,0.011388991647879605,-4.47510803503995,-0.6788288173533354,0.0032116388283315524,-5.740973933699568,-0.004793088140762514
2020-12-25,1.000136715,1.00572112,0.986706155,1.000772365,209078240.34997976,1114801761.1313632,-0.0010069215920907,-0.0010074288781971,Friday,0,0,0,0,1,0,0,-0.2678074367756986,-0.3117117351021548,0.013491345880405934,-4.305706844991383,0.1694011900485668,0.0030508392963207853,-5.792338547096078,-0.051364613396509995
2020-12-26,1.000884077,1.008589957,0.989584146,1.00098992,190820786.94232124,1116600195.4713185,0.0002173870978143,0.000217363472663,Saturday,0,0,0,0,0,1,1,-0.0873235463293408,-0.0913738383341564,0.013451663411828577,-4.308652506839354,-0.0029456618479706265,0.0030481365321141708,-5.793224848160246,-0.0008863010641686486
2020-12-27,1.00098992,1.013999688,0.988090001,0.99512466,316577868.92770374,1110855736.9327424,-0.0058594596037491,-0.0058766935913846,Sunday,0,0,0,0,0,0,1,0.6590324041761482,0.5062345433720732,0.01793466322901541,-4.021019945480269,0.2876325613590849,0.003219658076453983,-5.738480112500756,0.05474473565949012
2020-12-28,0.996354786,1.013950794,0.991867442,1.002807673,318067654.5867248,1116091465.7997997,0.0077206538123575,0.0076910020873895,Monday,1,0,0,0,0,0,0,0.0047059058931289,0.0046948677341366,0.01504478250731917,-4.196724025148244,-0.17570407966797497,0.003469589946909804,-5.663718862925467,0.07476124957528896
2020-12-29,1.001764434,1.010542413,0.991776436,1.002945748,269731176.73555505,1128614158.2485652,0.000137688415952,0.0001376789377721,Tuesday,0,1,0,0,0,0,0,-0.1519691711940179,-0.1648382891270155,0.013234314988616713,-4.3249422022083355,-0.12821817706009142,0.003404805491723381,-5.682567465322631,-0.01884860239716346
2020-12-30,0.999548177,1.00989028,0.992982734,1.00464343,308473549.9017019,1148752345.7519574,0.001692695744895,0.001691264750051,Wednesday,0,0,1,0,0,0,0,0.1436332782699789,0.1342102806141454,0.011512714894453886,-4.464303211390003,-0.13936100918166794,0.0032768922327511664,-5.720859795753372,-0.03829233043074076
2020-12-31,1.004078267,1.016975019,0.997106421,1.011957361,335919392.0151329,1165850675.2591913,0.0072801262433976,0.0072537540422883,Thursday,0,0,0,1,0,0,0,0.0889730809081583,0.0852351245527014,0.013078281029456839,-4.336802361355716,0.1275008500342878,0.003499146494207489,-5.655236199023021,0.0656235967303509
2021-01-01,1.01082085,1.016856712,0.997427066,1.004082998,324932812.6377675,1190586979.265278,-0.0077813189601376,-0.0078117513949686,Friday,0,0,0,0,1,0,0,-0.0327059992323113,-0.0332527958518546,0.012993101709732986,-4.343336700071464,-0.006534338715748156,0.0037522676857348423,-5.585394905571021,0.06984129345199985
2021-01-02,1.004347424,1.013385963,0.988235936,0.997719932,592931372.288993,1209886436.0371926,-0.0063371912607566,-0.0063573564964079,Saturday,0,0,0,0,0,1,1,0.8247814601290764,0.601460231989627,0.017287286814955956,-4.057783913812433,0.28555278625903036,0.003925271753966944,-5.540319693465038,0.0450752121059832
2021-01-03,0.997744764,1.022669937,0.98881328,0.99340439,825341736.9797623,1195554025.0340135,-0.0043254042157393,-0.0043347858392036,Sunday,0,0,0,0,0,0,1,0.3919684057086681,0.3307188646062753,0.023651136254914468,-3.7443441205930372,0.3134397932193962,0.004002693215344618,-5.520787840593426,0.0195318528716113
2021-01-04,0.999474738,1.026787203,0.968909803,1.011763,920097775.0951886,1286635434.0990798,0.0184805001717376,0.0183118108674107,Monday,1,0,0,0,0,0,0,0.1148082471415712,0.1086824144647893,0.04031610733387634,-3.2110042041784266,0.5333399164146106,0.005199655751269944,-5.25916285726504,0.26162498332838613
2021-01-05,1.012509165,1.023127273,0.982585092,1.005643034,620591888.70214,1325852268.3061695,-0.0060488138032325,-0.0060671819853788,Tuesday,0,1,0,0,0,0,0,-0.3255152816363057,-0.3938062598345793,0.02827537652825037,-3.5657639404196226,-0.35475973624119606,0.005316287598309643,-5.236980039084803,0.022182818180237263
2021-01-06,1.001974465,1.019081622,0.984602963,1.008787772,440105284.5875283,1319837010.7476764,0.0031270917151304,0.0031222125329535,Wednesday,0,0,1,0,0,0,0,-0.2908297826645269,-0.3436597003967233,0.02397041784636339,-3.7309347986325703,-0.16517085821294764,0.005346750539035718,-5.231266278482849,0.005713760601953943
2021-01-07,1.004730758,1.013991157,0.973755052,1.00568621,444203551.3846918,1340161111.7949364,-0.003074543611736,-0.0030792797310411,Thursday,0,0,0,1,0,0,0,0.0093120145126284,0.0092689249990482,0.028624430251144257,-3.5534947211959755,0.17744007743659473,0.005373907048474528,-5.226200065463447,0.005066213019402355
2021-01-08,1.005415115,1.018075689,0.982039222,0.999878571,569670071.0104086,1371353077.5448935,-0.0057748022616318,-0.0057915409048895,Friday,0,0,0,0,1,0,0,0.282452761205098,0.2487744640160777,0.025250754049647682,-3.6788992603542856,-0.12540453915831007,0.005393700127627172,-5.222523649501648,0.0036764159617987957
2021-01-09,1.001008818,1.015045854,0.988050994,1.000269681,518428373.4040479,1400083595.7408614,0.0003911574978638,0.0003910810157135,Saturday,0,0,0,0,0,1,1,-0.0899497800814332,-0.0942554942702728,0.019054361475195177,-3.9604592547850674,-0.28155999443078183,0.005387496708929961,-5.223674434423926,-0.0011507849222782696
2021-01-10,0.997169438,1.017994957,0.974338364,0.997661298,382902541.51870775,1422029562.274001,-0.0026076797583151,-0.0026110856774955,Sunday,0,0,0,0,0,0,1,-0.2614166948376402,-0.3030213801736426,0.030992108664776714,-3.474022666103435,0.48643658868163264,0.0053985412608883385,-5.221626498777976,0.002047935645950183
2021-01-11,0.997136732,1.027084485,0.956689508,1.006090398,868466619.736801,1370767756.6054218,0.0084488593642928,0.0084133675222814,Monday,1,0,0,0,0,0,0,1.2681140122293226,0.8189486545443966,0.04989660899892101,-2.99780223446722,0.47622043163621486,0.005609526052212555,-5.183289045687953,0.03833745309002268
2021-01-12,1.005329109,1.013888985,0.986134538,1.002232564,681785330.1133732,1365438848.9738362,-0.0038344804877066,-0.0038418509553209,Tuesday,0,1,0,0,0,0,0,-0.2149550545535116,-0.2420143074929082,0.01953250837470626,-3.9356751053359464,-0.9378728708687265,0.005650960065691595,-5.175929825127832,0.007359220560121393
2021-01-13,1.004459415,1.011966614,0.989614656,1.001107252,393523453.83143336,1358553542.3592446,-0.0011228052653855,-0.0011234360834523,Wednesday,0,0,1,0,0,0,0,-0.4228044569894238,-0.5495741738541325,0.01565613221303232,-4.156892604044592,-0.2212174987086457,0.0056546789959255545,-5.17527193567146,0.0006578894563720183
2021-01-14,1.002272186,1.011868718,0.993115597,1.007866283,403991481.7147341,1387897787.2253006,0.0067515553268613,0.0067288656470276,Thursday,0,0,0,1,0,0,0,0.0266007725368886,0.0262531236636429,0.012767525648807369,-4.3608503905306595,-0.20395778648606733,0.00578446773746461,-5.152578929922137,0.022693005749323092
2021-01-15,1.007310519,1.015466805,0.966261021,0.999082868,392864346.7281189,1413746916.7698596,-0.008714861433657,-0.0087530579185283,Friday,0,0,0,0,1,0,0,-0.0275429940735043,-0.02792941431104,0.034749893025274765,-3.3595787853854335,1.001271605145226,0.005949331027048546,-5.124476498174414,0.028102431747722534
2021-01-16,1.000633654,1.017454144,0.99010555,1.000577328,560117132.294728,1337396853.0674367,0.0014958318752795,0.0014947142331776,Saturday,0,0,0,0,0,1,1,0.4257265566588972,0.3546815481059984,0.019266715559931785,-3.9493762542624125,-0.5897974688769789,0.005953160007242619,-5.123833106750698,0.0006433914237158334
2021-01-17,0.997938152,1.012439939,0.989269908,0.993952783,291656423.9003781,1373155440.2466,-0.0066207226714216,-0.0066427368761969,Sunday,0,0,0,0,0,0,1,-0.4792938707203988,-0.652569447652295,0.016180391714424345,-4.123955157853475,-0.17457890359106232,0.006069742372494033,-5.104439117563667,0.019393989187030947
2021-01-18,0.993831082,1.01102557,0.990604778,1.005074969,248807592.36237565,1385252023.2623098,0.0111898534721441,0.0111277102146865,Monday,1,0,0,0,0,0,0,-0.1469154389434551,-0.1588966026916348,0.012620916588926268,-4.372399794639116,-0.24844463678564122,0.0063274304249824505,-5.0628610612621125,0.04157805630155487
2021-01-19,1.001439622,1.013407332,0.992118428,0.9991523889555116,349474172.72141474,1404945516.1214802,-0.0058926749020334,-0.0059101052186408,Tuesday,0,1,0,0,0,0,0,0.4045960953330689,0.3397497848251137,0.014945198318943087,-4.203365213415037,0.16903458122407855,0.006412906425008063,-5.049442690375468,0.01341837088664466
2021-01-20,0.9991523889555116,1.0022936044296733,0.9951313239326768,0.9981625182514932,539498060.8425233,1407630468.857877,-0.0009907104411303,-0.0009912015190902,Wednesday,0,0,1,0,0,0,0,0.543742293289831,0.43420952918077,0.0050334879414568635,-5.291642107455386,-1.0882768940403489,0.006305356683083205,-5.066355739700933,-0.016913049325465224
2021-01-21,1.0003446703716683,1.0073524194634442,0.997458074848033,1.0022666032388816,501759591.40954304,1401998706.0980062,0.0041116400509384,0.0041032103576606,Thursday,0,0,0,1,0,0,0,-0.0699510752161831,-0.0725180869241239,0.006876918661805115,-4.979584596283802,0.3120575111715844,0.006222925325002871,-5.079515173305899,-0.013159433604966075
2021-01-22,0.99831226191364,1.0063690749423864,0.9979864385874648,1.0011624188735806,758606193.1293595,1417342417.9294977,-0.0011016872773499,-0.0011022945808584,Friday,0,0,0,0,1,0,0,0.5118917627429562,0.4133616897075151,0.005642915881829883,-5.177354346746345,-0.19776975046254286,0.0061843972784200955,-5.085725726807709,-0.00621055350180999
2021-01-23,0.9994290677444044,1.0033774927537331,0.9973714653218354,0.9988292166974804,510308935.2235188,1452829746.5503645,-0.0023304931668582,-0.0023332129925705,Saturday,0,0,0,0,0,1,1,-0.3273071854074626,-0.3964664954517485,0.0042288947633920375,-5.465814605314998,-0.2884602585686533,0.0061661569023385146,-5.08867950346851,-0.0029537766608012106
2021-01-24,0.9988292166974804,1.0034155920953,0.9972553786922908,1.0009249310054795,607996256.1143295,1509255267.3014946,0.0020981708113509,0.0020959727250775,Sunday,0,0,0,0,0,0,1,0.1914278080355833,0.1751524265776168,0.004155054675618461,-5.483429691767691,-0.017615086452693163,0.0061752811462241685,-5.087200867751642,0.0014786357168681263
2021-01-25,1.0009249310054795,1.0041708360692043,0.9967220545396844,1.0017888532991208,438874122.43286246,1562024979.8208928,0.0008631239635259,0.0008627516862366,Monday,1,0,0,0,0,0,0,-0.2781631169282476,-0.3259560893372543,0.005237379168094041,-5.251934064530981,0.23149562723671036,0.006177162268226963,-5.08689629286646,0.00030457488518198517
2021-01-26,1.0017888532991208,1.0050146452010018,0.9981404069837286,0.9981404069837286,442265365.85176766,1581644373.3016596,-0.0036419314343306,-0.0036485794125122,Tuesday,0,1,0,0,0,0,0,0.007727143719721,0.0076974422515768,0.004290802818318072,-5.451281426413102,-0.1993473618821211,0.006119631292822015,-5.096253430543694,-0.009357137677233673
2021-01-27,0.9981404069837286,1.0114981750967875,0.9972219296010744,1.0026410027971726,397481088.9804189,1588886294.3690753,0.0045089806824314,0.004498845683291,Wednesday,0,0,1,0,0,0,0,-0.1012610987186342,-0.1067627190841981,0.009654413353658787,-4.640340125832318,0.810941300580784,0.006012721830076707,-5.113877749415602,-0.017624318871908073
2021-01-28,1.0026410027971726,1.0043563069891652,0.995025227347494,1.0033017763712688,409721379.9933792,1609535300.5263968,0.0006590330659257,0.000658815998999,Thursday,0,0,0,1,0,0,0,0.030794649990413,0.0303300096297257,0.006587444622381843,-5.022589771619541,-0.38224964578722265,0.006013872288875282,-5.113686430278911,0.00019131913669134804
2021-01-29,1.0033017763712688,1.0033017763712688,0.9894087343764808,1.0023363941189958,399582512.9889245,1625828645.3351088,-0.0009622052656625,-0.0009626684823127,Friday,0,0,0,0,1,0,0,-0.0247457601666246,-0.0250570831724958,0.0098417899126986,-4.62111768276307,0.4014720888564707,0.006008511050610164,-5.114578306451731,-0.0008918761728207159
2021-01-30,1.0023363941189958,1.0027363262194169,0.9936479062388718,0.9936479062388718,414321766.5209999,1641114464.2497056,-0.0086682354657596,-0.0087060231456147,Saturday,0,0,0,0,0,1,1,0.0368866330556461,0.0362226012420308,0.0034886786414204795,-5.658232227233215,-1.0371145444701453,0.006072462550083777,-5.103991064240141,0.010587242211590464
2021-01-31,0.9936479062388718,1.001960416074907,0.9936479062388718,1.0000578242719622,247344601.7829353,1651191050.7218523,0.0064508947212027,0.0064301767517436,Sunday,0,0,0,0,0,0,1,-0.4030132574017238,-0.5158603725391624,0.004327743104600882,-5.442709095807559,0.21552313142565627,0.00601821611406284,-5.112964390142435,-0.008973325902293716
2021-02-01,1.0000578242719622,1.0025137195759577,0.9943851805979984,0.997903697106406,359376375.0307726,1652149517.9184868,-0.0021540026119233,-0.0021563258122686,Monday,1,0,0,0,0,0,0,0.452938016193918,0.3735877244861437,0.00559852291099821,-5.185252481926551,0.2574566138810077,0.005918337365773164,-5.12969971990823,-0.016735329765795726
2021-02-02,0.997903697106406,1.0104581189151618,0.995351482385339,1.0005790141528208,345953455.978862,1675334978.2248962,0.0026809371026206,0.0026773498008697,Tuesday,0,1,0,0,0,0,0,-0.0373505883650845,-0.0380659920001279,0.010520478083522678,-4.5544316275034,0.6308208544231517,0.005885517108228928,-5.1352606732722075,-0.005560953363977106
2021-02-03,1.0005790141528208,1.004484962947682,0.9938974113490604,1.0006066924632002,427618204.3635301,1721512186.9889402,2.766229352002547e-05,2.7661910925839684e-05,Wednesday,0,0,1,0,0,0,0,0.2360570388106135,0.2119265058757443,0.007492640014793291,-4.8938340716216295,-0.33940244411822995,0.004843750946237009,-5.330065869510479,-0.19480519623827153
2021-02-04,1.0006066924632002,1.0035842419706154,0.9946483926002456,0.9946483926002456,447467723.9435291,1755648588.8801758,-0.0059546871991101,-0.005972487045785,Thursday,0,0,0,1,0,0,0,0.0464187898865138,0.0453736582554051,0.005120208800450015,-5.274560059424363,-0.3807259878027338,0.004839826447107107,-5.330876416932234,-0.0008105474217545705
2021-02-05,0.9946483926002456,1.004397382798546,0.9946483926002456,1.0030372278080142,386687542.9108743,1788782396.6175702,0.0084339705067417,0.0083986032956929,Friday,0,0,0,0,1,0,0,-0.1358314304705591,-0.1459874255862798,0.00450773458676734,-5.401960560587706,-0.12740050116334256,0.005044818884628115,-5.28939352579559,0.04148289113664383
2021-02-06,1.0030372278080142,1.0045048274754569,0.993810936446746,0.993810936446746,370817984.7346737,1824109024.7534723,-0.0091983538651211,-0.0092409199483703,Saturday,0,0,0,0,0,1,1,-0.0410397450529155,-0.0419056492254356,0.004928460104391228,-5.312728691770062,0.08923186881764433,0.005289670957602818,-5.2419992358777066,0.04739428991788319
2021-02-07,0.993810936446746,1.0019677408319183,0.993810936446746,1.0005951938410331,387547957.3405651,1806116517.494936,0.0068265070804547,0.0068033119821633,Sunday,0,0,0,0,0,0,1,0.0451164002141426,0.0441282669783477,0.003940599070249516,-5.536422518943785,-0.22369382717372321,0.005329670637305961,-5.23446583684018,0.007533399037526145
2021-02-08,1.0005951938410331,1.0138207831506665,0.9922909801596264,1.0138207831506665,519085729.3163793,1831281171.347314,0.0132177222027858,0.0131311303098079,Monday,1,0,0,0,0,0,0,0.3394103090581455,0.2922294492374834,0.012797126536318152,-4.358534622608216,1.1778878963355686,0.005843615638504253,-5.142405557533123,0.09206027930705751
2021-02-09,1.0138207831506665,1.0138207831506665,0.994937599778473,0.9972843322502016,740337945.9537288,1919464049.3540888,-0.0163110198323951,-0.0164455089582098,Tuesday,0,1,0,0,0,0,0,0.4262344428707993,0.3550377144191807,0.00850125039263351,-4.767542021289041,-0.40900739868082514,0.006552537188999084,-5.027902947239273,0.11450261029385
2021-02-10,1.000046646056844,1.002665290960478,0.9960995629456608,1.000307730375204,476988876.6602173,1953795226.383652,0.0030316310276132,0.0030270449008942,Wednesday,0,0,1,0,0,0,0,-0.3557146715669912,-0.4396135944253709,0.00464272253121163,-5.372454332399567,-0.6049123111105255,0.0063938787293356635,-5.05241419484658,-0.024511247607307496
2021-02-11,1.000307730375204,1.0032336926514644,0.993793310100584,1.0000389713030946,419778606.2092082,1979078571.534481,-0.0002686763922223,-0.0002687124921905,Thursday,0,0,0,1,0,0,0,-0.1199404708377775,-0.127765727022572,0.00668325955090165,-5.008149453723946,0.3643048786756209,0.006355477804760473,-5.058438191524143,-0.006023996677562593
2021-02-12,1.0000389713030946,1.001818884153168,0.9967540245402772,0.9999760988115572,384619918.5154879,2036766539.879655,-6.28700414099237e-05,-6.28720178138153e-05,Friday,0,0,0,0,1,0,0,-0.083755310951216,-0.087471822197765,0.0035837485293979555,-5.631345951119634,-0.6231964973956883,0.006352177548056811,-5.05895760390766,-0.0005194123835172704
2021-02-13,0.9999760988115572,1.003100578904313,0.9977086692510542,0.9996568476349053,340391072.3369596,2060480034.278536,-0.0003192588073168,-0.0003193097812594,Saturday,0,0,0,0,0,1,1,-0.1149936445029622,-0.1221604526474082,0.003805952274624208,-5.571189049696992,0.060156901422642406,0.00623251985931258,-5.077974556159671,-0.019016952252011166
2021-02-14,0.9996568476349053,1.007708993555971,0.9964318318459736,0.998297944471226,338214837.0945031,2069482820.2156448,-0.0013593696345843,-0.0013602944156606,Sunday,0,0,0,0,0,0,1,-0.0063933381904394,-0.0064138631056321,0.007912726294656766,-4.8392828922801385,0.7319061574168533,0.006029271630619897,-5.111129066480831,-0.033154510321159236
2021-02-15,0.998297944471226,1.0037492052593655,0.9977881625218228,1.000253397034357,495781399.7128221,2095855392.0291464,0.0019587865265682,0.0019568706057518,Monday,1,0,0,0,0,0,0,0.4658771447519085,0.3824537969186205,0.004032441412343216,-5.513383276937605,-0.6741003846574669,0.006033679540166539,-5.110398248676725,0.0007308178041052216
2021-02-16,1.000253397034357,1.0022680121808498,0.9977533397163244,1.0017865258288203,474226923.75512266,2141676007.146533,0.0015327404025908,0.0015315669549274,Tuesday,0,1,0,0,0,0,0,-0.0434757656704843,-0.0444491539570154,0.003047100441151848,-5.793564815573112,-0.28018153863550666,0.0059171457306536135,-5.129901086445424,-0.01950283776869899
2021-02-17,1.0017865258288203,1.0054083895466517,0.9983826560408714,1.0022324210452744,504410013.61903954,2220873956.4777927,0.0004451000337473,0.000445001006111,Wednesday,0,0,1,0,0,0,0,0.0636469343092434,0.0617035071954155,0.004950845529999125,-5.308196902847375,0.48536791272573687,0.005558028724908289,-5.1925117794657005,-0.06261069302027611
2021-02-18,1.0022324210452744,1.0041956089905044,0.9971899105034046,1.001308711148974,384008906.6068264,2273612235.9364533,-0.0009216523801305,-0.0009220773628297,Thursday,0,0,0,1,0,0,0,-0.2386969008572205,-0.2727237098221159,0.004917082757463979,-5.315039859808477,-0.0068429569611021535,0.0054548797181203056,-5.211244709780662,-0.018732930314961038
2021-02-19,1.001308711148974,1.0089943170291973,0.9988235019399064,1.004720609265502,343401515.7062321,2310346292.7219853,0.0034074387634288,0.0034016465978691,Friday,0,0,0,0,1,0,0,-0.1057459611012899,-0.1117653843324265,0.006844832225133109,-4.98426133111434,0.33077852869413693,0.0054871367800828985,-5.205348693189225,0.00589601659143657
2021-02-20,1.004720609265502,1.0099403793134905,0.9960710372830932,1.0023220980558034,411798299.9592527,2346572512.6814613,-0.0023872419731213,-0.0023900959782791,Saturday,0,0,0,0,0,1,1,0.1991743807896633,0.1816333039937095,0.009664370857729374,-4.6393092633470365,0.3449520677673039,0.005453244675867533,-5.211544494089304,-0.006195800900078652
2021-02-21,1.0023220980558034,1.0105932063318968,1.0008479642816044,1.004223339670956,429364748.5669561,2380504661.9658875,0.0018968369737035,0.0018950402501534,Sunday,0,0,0,0,0,0,1,0.042657894919531,0.0417731211786059,0.0067497924676065075,-4.998243520110129,-0.3589342567630922,0.005460501958162943,-5.210214559721493,0.0013299343678108144
2021-02-22,1.004223339670956,1.0086383206676124,0.995565350465993,1.0036834716295608,581834874.9363612,2374799546.4600143,-0.0005375975841906,-0.0005377421415834,Monday,1,0,0,0,0,0,0,0.3551062980328217,0.303879899987433,0.009218671568362808,-4.6865243333168465,0.31171918679328225,0.0054447458856992734,-5.213104192979321,-0.0028896332578280948
2021-02-23,1.0036834716295608,1.032313822115554,0.9945280058652244,1.0026916419951666,1463990649.3303614,2321828386.089394,-0.0009881896657957,-0.000988678247104,Tuesday,0,1,0,0,0,0,0,1.5161617365931992,0.922734619996758,0.02636066146984518,-3.635882475965966,1.0506418573508807,0.005434280436289619,-5.215028161600813,-0.0019239686214920226
2021-02-24,1.0026916419951666,1.0090087824183382,0.997740752171242,1.0066565530896596,1212149394.2677264,2313611563.603198,0.0039542676217023,0.0039464700545093,Wednesday,0,0,1,0,0,0,0,-0.1720238139347603,-0.1887708858012501,0.00755267226415058,-4.8858538360723935,-1.2499713601064277,0.005479575413071823,-5.206727660390349,0.008300501210463551
2021-02-25,1.0066565530896596,1.0082447717026737,0.9959497893894692,1.0014848189026555,596722875.4177213,2326603183.451132,-0.0051375359064924,-0.0051507784194832,Thursday,0,0,0,1,0,0,0,-0.5077150735382675,-0.7086976112897627,0.008063532086073676,-4.820403594377109,0.06545024169528446,0.005519634009072954,-5.199443723595429,0.0072839367949200096
2021-02-26,1.0014848189026555,1.0158238386638063,0.9978670272321344,1.0052935613700658,685690022.6999002,2323388496.759874,0.0038030955592351,0.0037958820745819,Friday,0,0,0,0,1,0,0,0.1490929055131322,0.138972853311589,0.012388750230528045,-4.3909664576355025,0.42943713674160655,0.005501999321657263,-5.2026437397699725,-0.00320001617454313
2021-02-27,1.0052935613700658,1.0085412872445143,0.997751528245224,1.003137138716955,490593944.86780334,2316291217.7205014,-0.002145067606095,-0.0021473715589584,Saturday,0,0,0,0,0,1,1,-0.284525181019708,-0.3348088742034145,0.007487636670464089,-4.894502062556693,-0.5035356049211908,0.005514638284170582,-5.200349216066695,0.002294523703277207
2021-02-28,1.003137138716955,1.0124815865580927,1.000842900083088,1.0034559575436413,585905022.2533506,2328041783.000793,0.0003178217756887,0.0003177712810467,Sunday,0,0,0,0,0,0,1,0.1942769134894848,0.1775409089263931,0.008173033171883488,-4.806915181740672,0.08758688081602095,0.005512142082522352,-5.200801968657725,-0.00045275259102961485
2021-03-01,1.0034559575436413,1.0081818525692774,0.9977729402401562,1.0053454734157343,830805398.2064261,2423126170.4037185,0.0018830082754388,0.001881237637758,Monday,1,0,0,0,0,0,0,0.4179864767350951,0.3492378912062757,0.007244682549913411,-4.927487520606531,-0.12057233886585905,0.005289157230205816,-5.24209635956443,-0.04129439090670495
2021-03-02,1.0053454734157343,1.0066134843288257,0.9983953414228208,1.0066134843288257,581220662.5365682,2490309018.250684,0.0012612688340687,0.0012604741027092,Tuesday,0,1,0,0,0,0,0,-0.3004129922707181,-0.3572651070088727,0.005743436321760785,-5.159697585449803,-0.23221006484327145,0.005162354592238218,-5.266362487244063,-0.024266127679632987
2021-03-03,1.0066134843288257,1.0066134843288257,0.9969823272480542,0.9972937971344478,477839680.7514639,2528224550.8768187,-0.0092584565371602,-0.009301582438467,Wednesday,0,0,1,0,0,0,0,-0.1778687311870987,-0.1958552022561657,0.003576592158127442,-5.633344843062247,-0.473647257612444,0.005420230139428376,-5.217617003282885,0.04874548396117806
2021-03-04,0.9972937971344478,1.0112275906857424,0.9972937971344478,1.0045225395036257,506113505.9348639,2543793098.709399,0.0072483578960869,0.0072222148036391,Thursday,0,0,0,1,0,0,0,0.0591701073023818,0.0574856838446386,0.00872394217528227,-4.7416840588992155,0.8916607841630313,0.005556854708810009,-5.192723030642494,0.02489397264039095
2021-03-05,1.0045225395036257,1.0111021939619849,0.9986460925598544,1.0012997284498584,495188466.67519134,2546135180.974733,-0.0032083013840185,-0.003213459017353,Friday,0,0,0,0,1,0,0,-0.0215861444746321,-0.0218225332975821,0.00853460298420213,-4.7636264400212625,-0.02194238112204694,0.005587738306087746,-5.1871806700928245,0.0055423605496693895
2021-03-06,1.0012997284498584,1.0097444163063154,1.0009136389608368,1.002610224746869,350718111.2502032,2573541275.561657,0.0013087952186299,0.001307939492733,Saturday,0,0,0,0,0,1,1,-0.2917482234491347,-0.3449556319077453,0.006157816274589953,-5.090033065165254,-0.3264066251439912,0.005485510263485648,-5.205645160687488,-0.018464490594663374
2021-03-07,1.002610224746869,1.0089969039775035,0.9969313066151176,1.003453335887446,412069323.8952239,2567774786.145679,0.0008409161604052,0.000840562788501,Sunday,0,0,0,0,0,0,1,0.1749302664362622,0.1612087981211576,0.008490496519450903,-4.768807797512529,0.32122526765272497,0.0052690754850263834,-5.245900361604736,-0.040255200917248324
2021-03-08,1.003453335887446,1.0052567516846171,0.998236359169912,1.0023309067710096,452753055.2459591,2565530265.37683,-0.0011185663311824,-0.001119192393406,Monday,1,0,0,0,0,0,0,0.0987303082067807,0.0941552478605448,0.004906468372405193,-5.317200868398791,-0.5483930708862621,0.004995840550326008,-5.299149602695287,-0.05324924109055118
2021-03-09,1.0023309067710096,1.0067966527811318,0.9975148121507732,1.004099232553697,491048044.07829165,2599328410.6048656,0.0017642135653426,0.001762659168514,Tuesday,0,1,0,0,0,0,0,0.0845825078121862,0.0811951275169582,0.00645690087826376,-5.042605816506625,0.2745950518921658,0.004849654962112081,-5.328847718396006,-0.029698115700719008
2021-03-10,1.004099232553697,1.0043218477624882,0.9957717265561306,0.999343354479765,363662521.9664963,2613033901.928694,-0.0047364622138357,-0.0047477147966695,Wednesday,0,0,1,0,0,0,0,-0.2594155982250187,-0.3003156723299037,0.005276545193292654,-5.244483714876513,-0.20187789836988834,0.004303830890898281,-5.44824974804274,-0.11940202964673396
2021-03-11,0.999343354479765,1.0045933240832146,0.9973030585648364,1.0045933240832146,342393358.31255907,2631389599.81653,0.0052534192376578,0.0052396681698723,Thursday,0,0,0,1,0,0,0,-0.0584859928345784,-0.0602660534964787,0.0039898025746579885,-5.5240135293401345,-0.27952981446362113,0.0032284576697411975,-5.735750757415891,-0.28750100937315093
2021-03-12,1.0045933240832146,1.0080878883888431,0.998346195152944,1.0048035865939449,356954022.78008115,2677524029.385388,0.0002093011228421,0.0002092792224179,Friday,0,0,0,0,1,0,0,0.0425261300022945,0.0416467391271063,0.006865149921680614,-4.981297401445582,0.5427161278945523,0.0031810321423516464,-5.750549561785939,-0.014798804370047769
2021-03-13,1.0048035865939449,1.008697222018179,1.000109456285372,1.0048836437321045,332184158.43838465,2725673318.477054,7.967441520695395e-05,7.967124136931599e-05,Saturday,0,0,0,0,0,1,1,-0.0693923103843465,-0.0719174765328142,0.006045679522214545,-5.108411390610228,-0.12711398916464578,0.003180687063216956,-5.750658047911742,-0.00010848612580272032
2021-03-14,1.0048836437321045,1.007092223889885,0.9990701075335524,1.0051468775896268,308361482.8148038,2751343506.425849,0.0002619545647541,0.0002619202606478,Sunday,0,0,0,0,0,0,1,-0.0717152670240884,-0.0744167689294035,0.005652755251421288,-5.175612197570091,-0.06720080695986308,0.003181025804965986,-5.750551554029868,0.0001064938818737815
2021-03-15,1.0051468775896268,1.0060714420658354,0.998590665780208,1.002401177904657,295739791.5631988,2771121996.4894843,-0.002731640266897,-0.0027353780044923,Monday,1,0,0,0,0,0,0,-0.040931478005589,-0.0417927551450724,0.004996088689949584,-5.299099934684704,-0.1234877371146128,0.0032194621147371674,-5.7385409784920896,0.0120105755377784
2021-03-16,1.002401177904657,1.0121483412829442,0.9995595368743004,1.0121483412829442,424366093.69500506,2823853317.116278,0.0097238147691145,0.0096768427350528,Tuesday,0,1,0,0,0,0,0,0.4349306579676788,0.3611165260702972,0.006492172595241618,-5.037158043848066,0.26194189083663755,0.0036639640357974046,-5.609209647775903,0.12933133071618652
2021-03-17,1.0121483412829442,1.0265548838370546,0.999381647140014,1.0038748451364177,341844151.2596822,2834780738.5358305,-0.0081741932571262,-0.0082077851578632,Wednesday,0,0,1,0,0,0,0,-0.1944593209999289,-0.216241576088349,0.018270722636798947,-4.002455356183463,1.0347026876646037,0.0039424077596416805,-5.535963635813798,0.07324601196210523
2021-03-18,1.0038748451364177,1.0139475121702202,1.000290676652968,1.0042110637927846,269273949.86065555,2866245992.478542,0.000334920889786,0.0003348648163046,Thursday,0,0,0,1,0,0,0,-0.212290311627706,-0.2386256727772217,0.00958646693152417,-4.6474028696955125,-0.6449475135120499,0.0039329539594146505,-5.5383644918265995,-0.002400856012801711
2021-03-19,1.0042110637927846,1.0069433438403343,1.0015237479941217,1.0016621490483917,202505633.54245967,2875786688.5954733,-0.0025382261123134,-0.0025414528695281,Friday,0,0,0,0,1,0,0,-0.2479568348618471,-0.2849615562299686,0.0034738234106557846,-5.6624994441605,-1.0150965744649874,0.003959397101406787,-5.531663512426015,0.006700979400584117
2021-03-20,1.0016621490483917,1.0077873213014197,0.9977448122620534,1.0042365943125962,198733649.1067729,2881405129.6669173,0.0025701732531775,0.0025668760063571,Saturday,0,0,0,0,0,1,1,-0.018626565442664,-0.0188022246173667,0.006899549660505608,-4.97629913610227,0.68620030805823,0.003983480002743928,-5.5255994691780606,0.006064043247954842
2021-03-21,1.001732033139321,1.0067812432041718,0.9961043835217936,1.0016414162072351,203777690.76680213,2882914755.685518,-0.0025842297722056,-0.0025875746578414,Sunday,0,0,0,0,0,0,1,0.0253809140158205,0.0250641669855562,0.007538664535336327,-4.887710229978799,0.08858890612347103,0.003963028013194505,-5.530746896114869,-0.005147426936808586
2021-03-22,1.0016414162072351,1.00730008659018,0.9965299585308944,1.0006271424849331,219712079.0087005,2906050062.317753,-0.0010126116052016,-0.0010131246427008,Monday,1,0,0,0,0,0,0,0.0781949593301323,0.0752883089457907,0.0075750210058655645,-4.88289915453899,0.004811075439809187,0.003943271035393472,-5.535744688078878,-0.004997791964008513
2021-03-23,1.0006271424849331,1.005861104646987,0.9950984179481884,0.9993577336737924,333304327.5410003,2919698093.6612105,-0.0012686132098997,-0.0012694185808461,Tuesday,0,1,0,0,0,0,0,0.5170050233232812,0.416738011714427,0.007565765745304361,-4.884121714748851,-0.0012225602098610011,0.003934894491346577,-5.537871210344776,-0.0021265222658986005
2021-03-24,0.9993577336737924,1.006345912454778,0.9977484282972456,0.9992834575264856,267452454.4961018,2925816534.799475,-7.432388303407755e-05,-7.432664519073583e-05,Wednesday,0,0,1,0,0,0,0,-0.1975728114025101,-0.2201141588138856,0.006066780671312305,-5.104927181769508,-0.22080546702065718,0.003933692911163926,-5.5381766222644835,-0.00030541191970723247
2021-03-25,0.9992834575264856,1.0061487187930729,0.9944299841593108,1.0061487187930729,366777619.47808886,2932402776.654297,0.0068701840452565,0.0068466918665333,Thursday,0,0,0,1,0,0,0,0.3713750362438148,0.3158139125843316,0.007107589431131423,-4.946592131875801,0.15833504989370706,0.004123582190358266,-5.491033029706103,0.0471435925583803
2021-03-26,1.0061487187930729,1.0061487187930729,0.9993329364913808,1.0037673335347923,258194689.81825224,2948676300.6272364,-0.0023668322722083,-0.0023696376471528,Friday,0,0,0,0,1,0,0,-0.2960456797073555,-0.351041810877227,0.004575118077292073,-5.387122771343536,-0.4405306394677355,0.004083129759987476,-5.500891486599242,-0.0098584568931388
2021-03-27,1.0037673335347923,1.0045131258818372,0.9997037100064464,1.0023854052224843,201196566.4257144,2967806688.314125,-0.0013767416672562,-0.001377690246798,Saturday,0,0,0,0,0,1,1,-0.2207563735437774,-0.2494315394426051,0.0032838196325039497,-5.71874801201114,-0.3316252406676039,0.003981314570157156,-5.526143220211513,-0.025251733612271288
2021-03-28,1.0023854052224843,1.0038014012844216,0.9980526031091432,1.0025302603219066,289424042.80190355,2975979559.396163,0.0001445103835986,0.0001444999429789,Sunday,0,0,0,0,0,0,1,0.4385138272663536,0.3636105162443617,0.004060267397983697,-5.506506445964934,0.21224156604620603,0.0039206212547918074,-5.541505154371671,-0.015361934160157631
2021-03-29,1.0025302603219066,1.0055437317482214,0.9979269142980062,1.0031421937989955,227375621.2010969,2997484171.775909,0.0006103890339352,0.0006102028223194,Monday,1,0,0,0,0,0,0,-0.2143858575124518,-0.2412895199558166,0.005363206313951032,-5.228193289844168,0.2783131561207659,0.0039025601578873913,-5.546122490475719,-0.004617336104048242
2021-03-30,1.0031421937989955,1.004142007569575,0.9965833623102756,1.0021895241807273,282726777.0159662,3005359696.840152,-0.000949685522309,-0.0009501367593161,Tuesday,0,1,0,0,0,0,0,0.2434348745150443,0.2178776101636827,0.005310121430330632,-5.238140575754239,-0.009947285910071102,0.0039059828248992914,-5.545245843644514,0.0008766468312053632
2021-03-31,1.0021895241807273,1.003745229241752,0.9832788464179878,1.0022659385976165,230143141.9504359,3019040753.7499743,7.624747120726916e-05,7.624456451658735e-05,Wednesday,0,0,1,0,0,0,0,-0.1859874597677769,-0.2057795074075715,0.01456686256445732,-4.229006017278216,1.0091345584760232,0.0038908774204804947,-5.549120588822018,-0.003874745177504302
2021-04-01,1.0022659385976165,1.0025951327872806,0.9975046482297936,0.9975046482297936,338930982.1330528,2984874877.0889187,-0.0047505259676737,-0.0047618455797941,Thursday,0,0,0,1,0,0,0,0.4726964238892928,0.3870950224787435,0.002048411128264485,-6.19069084572881,-1.9616848284505934,0.003980176676976172,-5.526429069471008,0.022691519351010214
2021-04-02,0.9975046482297936,1.0038867095716923,0.9975046482297936,1.002375166938154,433887924.3743093,2993213340.050457,0.0048827027693594,0.0048708210371406,Friday,0,0,0,0,1,0,0,0.2801660138699848,0.2469897678573494,0.0033425127147364547,-5.701032445035365,0.489658400693445,0.0037079178933493405,-5.597284774633361,-0.07085570516235329
2021-04-03,1.0005745944780695,1.0036935729743637,0.9966092447627504,0.9974726630932378,514502058.856869,3043660160.743522,-0.0048908871714083,-0.004902886701624,Saturday,0,0,0,0,0,1,1,0.1857948330754071,0.1704132949493779,0.004621934115521799,-5.376942021770316,0.3240904232650488,0.0035792809541101223,-5.632593349549981,-0.03530857491661976
2021-04-04,0.9974726630932378,1.003361979064173,0.9974726630932378,1.001309061398855,360462635.90917593,3060512917.967681,0.0038461187434652,0.0038387413389695,Sunday,0,0,0,0,0,0,1,-0.2993951536169572,-0.3558112507675938,0.003411047850147349,-5.680735747456585,-0.30379372568626906,0.0035997554577358445,-5.626889364234021,0.005703985315959947
2021-04-05,1.001309061398855,1.0036681361189743,0.997869653923504,1.000991947975955,398821140.35697055,3044611576.587726,-0.0003166988446672,-0.0003167490043369,Monday,1,0,0,0,0,0,0,0.1064146478068246,0.1011247404409558,0.0040922747474550466,-5.498654290562397,0.18208145689418753,0.0035922917702587757,-5.6289649040406555,-0.002075539806634552
2021-04-06,1.000991947975955,1.00298934300987,0.9985017557946704,0.9999775647084324,439236829.238858,3048745386.475478,-0.0010133780492178,-0.0010138918639081,Tuesday,0,1,0,0,0,0,0,0.1013378800474638,0.0965256953544947,0.003107596204261572,-5.773905776326014,-0.2752514857636168,0.0035937827600378324,-5.628549937623548,0.00041496641710736526
2021-04-07,0.9999775647084324,1.004359521324668,0.9963886005754136,0.9999154134102848,343807244.6743445,3059624658.055738,-6.215269256137912e-05,-6.215462412001023e-05,Wednesday,0,0,1,0,0,0,0,-0.2172622562863887,-0.2449575768814592,0.005634081958282508,-5.178921062547767,0.5949847137782474,0.003587986935010568,-5.63016397609362,-0.001614038470071577
2021-04-08,0.9999154134102848,1.004166276483445,0.998715113210402,1.0005794021635164,315506824.9940526,3043469520.8882527,0.000664044922527,0.0006638245422536,Thursday,0,0,0,1,0,0,0,-0.082314785737276,-0.085900851019858,0.0038268420223582953,-5.565715353150653,-0.38679429060288584,0.00357558015363823,-5.633627835264294,-0.003463859170674155
2021-04-09,1.0005794021635164,1.002229929173333,0.9978863413766332,1.001684695720338,234372395.03788707,3044758169.371945,0.0011046535181833,0.001104043837435,Friday,0,0,0,0,1,0,0,-0.257155863292957,-0.2972690319001839,0.002993568315932447,-5.8112891864353715,-0.24557383328471882,0.0034747725108137716,-5.662226266622299,-0.028598431358004994
2021-04-10,1.001684695720338,1.0027724617067504,0.9970492593484088,1.0017142979957565,285334396.9791669,3081561938.6788063,2.955248846769898e-05,2.9552051801514688e-05,Saturday,0,0,0,0,0,1,1,0.2174402916906732,0.1967505330395161,0.00404724534162569,-5.509718791840742,0.30157039459462975,0.0033404993182187806,-5.701634986694323,-0.03940872007202412
2021-04-11,1.0017142979957565,1.0025687713550522,0.9982599932778544,1.0025545254358994,248228327.65775573,3129646578.754516,0.0008387895049757,0.0008384379176503,Sunday,0,0,0,0,0,0,1,-0.1300441507026593,-0.1393128165553187,0.0030005946042425007,-5.808944808539166,-0.29922601669842397,0.003343786532258611,-5.700651421844355,0.0009835648499683103
2021-04-12,1.0025545254358994,1.0025784217295866,0.9945679591056072,0.9989788768647676,246110290.02487865,3129106211.5549903,-0.0035665377597065,-0.0035729130184166,Monday,1,0,0,0,0,0,0,-0.0085326185486667,-0.0085692297466676,0.005219629408205098,-5.25532887420455,0.5536159343346156,0.003406790332702672,-5.681984682348823,0.018666739495531992
2021-04-13,0.9989788768647676,1.002013576455877,0.9984922498860572,1.0003368757683826,351694075.2513905,3142462958.837502,0.0013593870051356,0.00135846387512,Tuesday,0,1,0,0,0,0,0,0.4290100394251646,0.3569819244130199,0.0023417667290709394,-6.0568496220675465,-0.8015207478629964,0.0034154718220033168,-5.679439633862029,0.0025450484867937107
2021-04-14,1.0003368757683826,1.006311528950039,0.9904165286924226,1.0018563549004895,609687578.3676523,3118602831.4282947,0.0015189674287872,0.0015178149646517,Wednesday,0,0,1,0,0,0,0,0.7335736404767363,0.5501849660463891,0.011218524284945386,-4.490188912943749,1.5666607091237976,0.0033901076799339775,-5.686893594101919,-0.0074539602398902005
2021-04-15,1.0029614996017198,1.0034596858753393,0.9983874413038484,1.0018280132444473,449189742.422122,3168818919.551779,-2.828914135610816e-05,-2.8289541501414024e-05,Thursday,0,0,0,1,0,0,0,-0.2632460322961464,-0.3055012719647133,0.003513718828700882,-5.651080307017067,-1.1608913940733183,0.002893351098787438,-5.845339898862932,-0.1584463047610125
2021-04-16,1.0018280132444473,1.0046285551971097,0.9967573280677848,0.9967573280677848,451018775.11650586,3288849183.0831327,-0.005061432810449,-0.0050742852476694,Friday,0,0,0,0,1,0,0,0.0040718487571005,0.0040635812161356,0.004581385092223384,-5.385753904693488,0.26532640232357885,0.0026427577200259966,-5.935932316110423,-0.09059241724749167
2021-04-17,0.9967573280677848,1.0055061323927317,0.9950282828001616,1.0009246249433024,430357935.1591297,3391108026.3882008,0.0041808540134797,0.0041721385270118,Saturday,0,0,0,0,0,1,1,-0.0458092680333299,-0.0468916988306899,0.006938315372393602,-4.970696275659995,0.41505762903349375,0.0027496645640640587,-5.896276351447399,0.03965596466302479
2021-04-18,1.0009246249433024,1.005795871307539,0.9980090367727228,0.9988939219839904,703382704.7976819,3417365533.689052,-0.002028827055211,-0.0020308879127083,Sunday,0,0,0,0,0,0,1,0.634413234503503,0.4912838619575945,0.005348775584100283,-5.230887607052299,-0.26019133139230455,0.002735477895310919,-5.901449125168999,-0.005172773721600521
2021-04-19,0.9988939219839904,1.002100314217064,0.9957347705996086,0.9988389494549976,1468264919.670766,3429145884.278598,-5.5033400226944806e-05,-5.50349146200768e-05,Monday,1,0,0,0,0,0,0,1.0874339241723208,0.7359355241508,0.004505882025320414,-5.402371619001379,-0.17148401194907947,0.002695053220759936,-5.916337326853294,-0.014888201684295055
2021-04-20,0.9988389494549976,1.0035999203475658,0.992224804593804,0.9999954636475864,583689007.4046588,3418139241.776727,0.0011578585248601,0.0011571887236518,Tuesday,0,1,0,0,0,0,0,-0.6024634249686076,-0.9224683364630646,0.00802818344152885,-4.824796998093755,0.5775746209076233,0.0026617218676018664,-5.928782046961557,-0.012444720108263141
2021-04-21,0.9999954636475864,1.003297634754633,0.9950480549258938,1.0012350498053162,546499056.5556062,3441855845.6048884,0.0012395917809548,0.0012388241213873,Wednesday,0,0,1,0,0,0,0,-0.0637153524861049,-0.0658357381450298,0.005787200801587617,-5.15210655825601,-0.3273095601622549,0.0026649025165171453,-5.927587801201414,0.0011942457601437084
2021-04-22,1.0012350498053162,1.0046793183536784,0.9903000509936188,1.0018662060543624,663576301.279433,3448995852.3663187,0.0006303777011891,0.0006301790966255,Thursday,0,0,0,1,0,0,0,0.2142313757350726,0.1941112640450274,0.01018591470486223,-4.586749424316592,0.5653571339394183,0.0026572972787941808,-5.930445733331716,-0.0028579321303023875
2021-04-23,0.9992239311003994,1.00678711088403,0.9981676884741336,1.0007454686061332,982903637.5635436,3431941447.5913296,-0.0011186498171676,-0.0011192759728839,Friday,0,0,0,0,1,0,0,0.4812217308972903,0.3928672410928886,0.00600582823753125,-5.1150249083095884,-0.5282754839929966,0.002665108622488639,-5.927510463287394,0.002935270044321925
2021-04-24,1.0007454686061332,1.003772093305506,0.9972511422796416,0.9993876428109758,757819594.9592466,3435132044.1590333,-0.001356814332668,-0.0013577356386898,Saturday,0,0,0,0,0,1,1,-0.2289990941149056,-0.260065730471256,0.004530750485163161,-5.396867683195013,-0.2818427748854244,0.0023667866798623392,-6.046222075087687,-0.11871161180029333
2021-04-25,0.9993876428109758,1.0042376380848512,0.9906537431909264,1.0021931127132089,428093866.739844,3452578190.516693,0.0028071889045397,0.002803256108116,Sunday,0,0,0,0,0,0,1,-0.4350979183075021,-0.5711028695939862,0.009471088113899462,-4.659511477233836,0.7373562059611771,0.0023825297330645544,-6.03959244273853,0.006629632349157255
2021-04-26,0.998930474373645,1.0100334790514731,0.9976776595948638,1.0004543132944017,515665271.3895525,3483231090.184223,-0.0017349943805737,-0.0017365012264891,Monday,1,0,0,0,0,0,0,0.2045612223239963,0.1861153697794265,0.008651720082970204,-4.749997124284524,-0.09048564705068785,0.002390333616614882,-6.0363223342385,0.0032701085000299557
2021-04-27,1.0004543132944017,1.003597160697698,0.9976089433010584,0.9994078916507344,478939028.91170025,3535539024.352642,-0.0010459464562869,-0.0010464938400043,Tuesday,0,1,0,0,0,0,0,-0.0712210895623953,-0.0738845551034417,0.004181486042822166,-5.477088582988234,-0.7270914587037103,0.002397812288213442,-6.033198503917197,0.003123830321302812
2021-04-28,0.9994078916507344,1.0086180507042857,0.9973350114271288,1.0011032807063602,424995073.4713108,3564810409.107637,0.0016963935043834,0.001694956254121,Wednesday,0,0,1,0,0,0,0,-0.112632197803898,-0.1194957239995022,0.007884655874358664,-4.842836702593883,0.6342518803943511,0.0024151303781524153,-6.026002006522242,0.0071964973949549815
2021-04-29,1.0011032807063602,1.0055935429421434,0.9964709723177232,1.001844965814265,419898779.5356654,3605050716.0011272,0.0007408677228402,0.0007405934158239,Thursday,0,0,0,1,0,0,0,-0.0119914188510926,-0.0120638958985988,0.006427563691040988,-5.047159709726536,-0.20432300713265317,0.002412684266195343,-6.027015347897829,-0.0010133413755868403
2021-04-30,1.001844965814265,1.0169314005229169,0.9970778728493456,0.999394013523714,461377055.0428128,3662908581.308499,-0.0024464386947923,-0.0024494361156048,Friday,0,0,0,0,1,0,0,0.0987816053026282,0.0942019343841003,0.013857993452961827,-4.278893068214509,0.7682666415120272,0.0024537405805640745,-6.010141651172994,0.01687369672483552
2021-05-01,0.999394013523714,1.007334378285741,0.9973383362469572,1.0007295288393154,341220067.09234035,3695078415.399759,0.0013363251105462,0.0013354330228034,Saturday,0,0,0,0,0,1,1,-0.2604312170212337,-0.3016879883389022,0.0070028356495672114,-4.961440119159442,-0.6825470509449332,0.002307476927539377,-6.071600590536768,-0.061458939363774334
2021-05-02,1.0044101857497625,1.0044101857497625,0.9975257867091069,1.0022314615589032,305651371.82942176,3759069721.7808223,0.0015008378151184,0.001499712683664,Sunday,0,0,0,0,0,0,1,-0.1042397522690042,-0.110082482470669,0.0046722895932974455,-5.366106050510446,-0.4046659313510039,0.0021467629405804464,-6.143794180443149,-0.07219358990638103
2021-05-03,1.0022314615589032,1.0047244668685449,0.9976731447234336,1.0009016420504775,453805002.7384172,3827836288.533085,-0.0013268586742999,-0.0013277397307151,Monday,1,0,0,0,0,0,0,0.4847144314198504,0.3952224516880734,0.004911240424010155,-5.316228736900549,0.04987731360989667,0.001966234374593952,-6.231635050428727,-0.08784086998557772
2021-05-04,1.0009016420504775,1.002922047076859,0.9930822077645692,0.999913561482226,851032288.593115,3941221155.8495374,-0.0009871904758066,-0.0009876780692492,Tuesday,0,1,0,0,0,0,0,0.8753259295461491,0.6287824734071278,0.006944724131570578,-4.969773025440851,0.346455711459698,0.0018459135170786358,-6.294780992818724,-0.0631459423899976
2021-05-05,0.999913561482226,1.0187533048753463,0.9965917854845184,1.000592470160721,886210358.0280508,4028341106.203079,0.0006789673674278,0.0006787369733656,Wednesday,0,0,1,0,0,0,0,0.0413357635267757,0.0405042770391057,0.01554614735719529,-4.163942429433796,0.8058305960070555,0.0018491642736046432,-6.293021485956453,0.0017595068622711096
2021-05-06,1.000592470160721,1.0047018044303444,0.997703371645115,1.0001652149702205,741285860.5441118,4189601820.29226,-0.0004270022044358,-0.0004270933958373,Thursday,0,0,0,1,0,0,0,-0.1635328409006834,-0.178568019219174,0.004935582219125606,-5.311284635522443,-1.1473422060886476,0.001841527331504499,-6.2971599802102025,-0.004138494253749236
2021-05-07,1.0001652149702205,1.0035938467818764,0.9972133503231568,1.001578434427015,710576960.6792536,4325954828.802483,0.0014129860103528,0.0014119886849808,Friday,0,0,0,0,1,0,0,-0.0414265285490776,-0.0423090669031359,0.00442367775144943,-5.420783858407581,-0.10949922288513747,0.0018594491678053182,-6.287474981458241,0.00968499875196116
2021-05-08,1.001578434427015,1.0035260045666317,0.9975728966715548,1.0002986864815335,487327496.6188402,4378222190.226594,-0.0012777311306764,-0.0012785481251045,Saturday,0,0,0,0,0,1,1,-0.3141805552589336,-0.3771408859853823,0.004131455591881785,-5.4891254905479245,-0.06834163214034383,0.0018701208384742307,-6.281752230698456,0.0057227507597854554
2021-05-09,1.0002986864815335,1.002999487949469,0.9940165856284298,1.001513705397575,700260535.4307039,4457105290.24289,0.0012146561146801,0.0012139190167616,Sunday,0,0,0,0,0,0,1,0.4369403333266206,0.3625160845414638,0.006316504574990464,-5.064589297402437,0.42453619314548785,0.0018723892499437182,-6.280539989879494,0.0012122408189618739
2021-05-10,1.001513705397575,1.0049953211369276,0.9967804227599986,1.003393856992381,657939185.4549298,4545406504.641386,0.0018773099006765,0.0018755499567408,Monday,1,0,0,0,0,0,0,-0.0604365772943976,-0.0623399555357863,0.005685415992398163,-5.169850980771888,-0.1052616833694513,0.0019034360107938902,-6.2640945993109804,0.016445390568513574
2021-05-11,1.003393856992381,1.0048012748257062,0.9989214359000508,1.0015159546173915,854863588.4848932,4589194272.63527,-0.0018715505998994,-0.0018733041389563,Tuesday,0,1,0,0,0,0,0,0.2993048710023263,0.2618294068430546,0.003983286165708052,-5.525648130587675,-0.35579714981578725,0.0019278515647466723,-6.2513490749968845,0.012745524314095924
2021-05-12,1.0015159546173915,1.004459946291861,0.9908597675658004,1.0001779047369304,663743210.6417121,4640667872.902596,-0.0013360245279091,-0.0013369178043935,Wednesday,0,0,1,0,0,0,0,-0.2235682750062041,-0.253046566860845,0.00960360526484524,-4.645616702587625,0.8800314280000503,0.0018304825543138373,-6.30317565600726,-0.05182658101037507
2021-05-13,1.0001779047369304,1.006298668416163,0.9779314594673156,0.993430583962833,1457828997.9196343,4556841338.376804,-0.0067461206072854,-0.0067689785384847,Thursday,0,0,0,1,0,0,0,1.1963750054937572,0.7868082765972028,0.019776909966874312,-3.923240185068331,0.7223765175192938,0.002194642247260965,-6.121736231041072,0.1814394249661877
2021-05-14,0.993430583962833,1.0067810188652515,0.993430583962833,1.000439219690736,1287048885.2041073,4567872534.581821,0.007054982845349,0.0070302128867274,Friday,0,0,0,0,1,0,0,-0.11714687590879,-0.1245964295963218,0.008367118775673588,-4.783445686039353,-0.8602055009710217,0.0025272763255440767,-5.980613107308496,0.14112312373257563
2021-05-15,1.000439219690736,1.0055245610031838,0.9944479717795016,0.999392741958673,914875602.8915384,4614857691.487403,-0.0010460183002285,-0.001046565759172,Saturday,0,0,0,0,0,1,1,-0.2891679458263526,-0.3413190878072781,0.007805462560632379,-4.852931462115809,-0.06948577607645579,0.002534483960360767,-5.9777652285939835,0.0028478787145127527
2021-05-16,0.999392741958673,1.0079348938344357,0.9860847335736664,1.000701411426832,855818203.5658096,4671453805.830443,0.0013094646510982,0.001308608049973,Sunday,0,0,0,0,0,0,1,-0.0645523819184521,-0.0667301283348343,0.015475997465572527,-4.168465005908906,0.6844664562069029,0.0023711625321314357,-6.044374924213968,-0.06660969561998442
2021-05-17,1.000701411426832,1.019869892289936,0.981277258335494,1.0033825109037504,1369407357.931826,4707504429.938455,0.0026792202412262,0.0026756375285,Monday,1,0,0,0,0,0,0,0.6001147816511982,0.470075365204649,0.02722611145713068,-3.603578786124775,0.5648862197841309,0.002298003836005358,-6.075714430277002,-0.03133950606303415
2021-05-18,1.0033825109037504,1.0057017616159678,0.9905577793653308,0.9927713451875818,917387392.610744,4770805057.803555,-0.0105753943295374,-0.010631711212882,Tuesday,0,1,0,0,0,0,0,-0.3300843702225713,-0.4006035002317629,0.008452249436409234,-4.773322667547233,-1.169743881422458,0.0029851489438496273,-5.814105635945347,0.2616087943316554
2021-05-19,0.9927713451875818,1.0238181325368287,0.926965876323751,0.994898130440491,1538321037.179178,4604963697.417745,0.0021422709904135,0.0021399795998514,Wednesday,0,0,1,0,0,0,0,0.6768499867884079,0.5169170255234916,0.07025786676602078,-2.655582994603387,2.117739672943846,0.0030105919149725872,-5.8056185700617755,0.008487065883571177
2021-05-20,0.994898130440491,1.0239038447385511,0.9798168828202628,0.9963603598641376,3080892621.516639,4238944627.002108,0.0014697277830839,0.0014686487902935,Thursday,0,0,0,1,0,0,0,1.0027631079960249,0.69452778109031,0.03110793545742085,-3.470292332941973,-0.8147093383385857,0.0030151161054594727,-5.804116940270994,0.0015016297907815002
2021-05-21,0.9963603598641376,1.0055899094972842,0.9921623840469614,1.0029254835709152,1473266518.3442795,4245043585.990988,0.0065891056802709,0.0065674924128908,Friday,0,0,0,0,1,0,0,-0.5218053014716785,-0.7377373103256784,0.008584479052009557,-4.757799467660882,-1.287507134718909,0.0032368967920508897,-5.733140188373673,0.07097675189732122
2021-05-22,1.0029254835709152,1.006653803450294,0.9970114613528096,0.9970114613528096,1402103136.1751711,4239756610.4508657,-0.0058967713105152,-0.0059142259175014,Saturday,0,0,0,0,0,1,1,-0.0483031286484979,-0.0495087073406792,0.005727682241138407,-5.162444325524159,-0.40464485786327753,0.003410307746529149,-5.680952743509823,0.05218744486384974
2021-05-23,0.9970114613528096,1.0095016005455284,0.9902143799658076,1.006414441937438,1434460222.277247,4130930045.768413,0.0094311659886734,0.0093869702039403,Sunday,0,0,0,0,0,0,1,0.0230775363575204,0.022815277213192,0.01232981783576348,-4.395734735981244,0.7667095895429155,0.003811248258717387,-5.569798516541576,0.11115422696824684
2021-05-24,1.006414441937438,1.0151683381119918,0.9947652461322052,1.008903490016264,1999141114.453489,4143829867.6172943,0.0024731839837615,0.0024701306974424,Monday,1,0,0,0,0,0,0,0.3936539218074621,0.3319290188241276,0.01427403037869569,-4.24931345018166,0.14642128579958413,0.003829823748273404,-5.564936495576047,0.0048620209655290125
2021-05-25,1.008903490016264,1.008903490016264,0.9969188054546836,1.000828187943259,1064374550.9440331,4242822447.2004495,-0.008004038198812,-0.0080362424704813,Tuesday,0,1,0,0,0,0,0,-0.4675840823597866,-0.6303302950113944,0.006815743803649294,-4.988520077654318,-0.7392066274726581,0.0040691909372824395,-5.504311086196862,0.06062540937918559
2021-05-26,1.000828187943259,1.0036783384391808,0.9952511358881332,1.0004176016265272,760497851.4988704,4312191288.445306,-0.0004102465554808,-0.0004103307296211,Wednesday,0,0,1,0,0,0,0,-0.2854979003168042,-0.3361693429416612,0.005956701724310037,-5.123238353049665,-0.13471827539534686,0.004057513118976201,-5.507185025314901,-0.002873939118039459
2021-05-27,1.0004176016265272,1.008992557152363,0.9928060042693356,0.9928060042693356,861899202.9710609,4373826310.318748,-0.0076084200685955,-0.0076375117516696,Thursday,0,0,0,1,0,0,0,0.1333354871053715,0.1251650433392928,0.0104038207696431,-4.56558215860649,0.557656194443175,0.0042861747425866955,-5.452360612209656,0.05482441310524511
2021-05-28,0.9928060042693356,1.00598887190934,0.9928060042693356,1.0037506284226212,631869027.4711752,4388118452.801678,0.0110239302605148,0.0109636096499129,Friday,0,0,0,0,1,0,0,-0.2668875602935314,-0.3104561922613571,0.006369338163567904,-5.056259713764868,-0.49067755515837863,0.00472040491756065,-5.355860695445439,0.0964999167642171
2021-05-29,1.0037506284226212,1.0063429037552336,0.9922345769481706,0.9993362350018302,673747143.3446559,4449498987.667437,-0.0043978985375362,-0.004407597741165,Saturday,0,0,0,0,0,1,1,0.0662765763991986,0.0641727446237464,0.00960015461949262,-4.6459760744409015,0.41028363932396683,0.004786596274362692,-5.341935710051389,0.013924985394050182
2021-05-30,0.9993362350018302,1.0071052896194284,0.9956127786042868,1.0014220199161077,709326263.7399458,4452604387.39468,0.002087170304871,0.0020849951909598,Sunday,0,0,0,0,0,0,1,0.0528078237462588,0.0514607129312298,0.008011361734323449,-4.8268945280658855,-0.18091845362498393,0.004780838784405168,-5.343139269964189,-0.0012035599127999674
2021-05-31,1.003878461933135,1.0048437384234985,0.9958008732561164,1.0044194931625612,483213434.6133515,4429237338.125469,0.0029932168325044,0.0029887460780711,Monday,1,0,0,0,0,0,0,-0.3187712632187155,-0.3838571455559594,0.006383476861085914,-5.054042367510953,-0.22714783944506767,0.00480569733488274,-5.337953120163086,0.005186149801102324
2021-06-01,1.0044194931625612,1.0058981087350831,0.9983309921422688,1.0010454653017231,553151010.6811817,4414405528.758765,-0.0033591819790498,-0.0033648366978716,Tuesday,0,1,0,0,0,0,0,0.1447343369577285,0.1351725899611151,0.00491289379459275,-5.3158921432503785,-0.26184977573942536,0.004837061070887201,-5.331447959443199,0.006505160719886938
2021-06-02,1.0010454653017231,1.0050217208470296,0.9969633683600732,1.0001302872649684,507794339.3831664,4414867007.595788,-0.0009142222491151,-0.0009146404051533,Wednesday,0,0,1,0,0,0,0,-0.0819969057674874,-0.085554517743675,0.005664040447646866,-5.173617781435626,0.14227436181475284,0.004833868252179933,-5.332108251482694,-0.0006602920394946921
2021-06-03,1.0001302872649684,1.009110913623729,0.9979142314049032,1.0013213356452075,478609462.2208485,4475856735.697291,0.0011908932220183,0.0011901846711683,Thursday,0,0,0,1,0,0,0,-0.0574738135083775,-0.0591915759699495,0.00785486409079568,-4.84662230967813,0.32699547175749544,0.0048353886433460565,-5.331793772056802,0.00031447942589224454
2021-06-04,1.0013213356452075,1.012934335739628,0.9968165450814624,1.0009692138143846,609183079.723705,4533845550.626101,-0.0003516571736644,-0.0003517190195478,Friday,0,0,0,0,1,0,0,0.2728187129794039,0.2412339001484829,0.011339839592099844,-4.479433126100051,0.3671891835780796,0.004834227005963824,-5.3320340375295885,-0.00024026547278666044
2021-06-05,1.0009692138143846,1.0094130717541383,0.9913845901876476,1.0041206470636188,465392953.73959374,4564058024.722914,0.0031483817941062,0.0031434360182203,Saturday,0,0,0,0,0,1,1,-0.236037622793672,-0.2692367355225016,0.012592667026902211,-4.374640616433847,0.10479250966620324,0.004867550046267545,-5.325164539051712,0.006869498477876768
2021-06-06,1.0041206470636188,1.0088845350887123,0.998546900548684,1.0039013491469475,367952418.778157,4569391845.617556,-0.000218397975694,-0.0002184218280048,Sunday,0,0,0,0,0,0,1,-0.2093726047600598,-0.2349284775183475,0.007281549842353896,-4.922411548998268,-0.5477709325644202,0.004860882291779312,-5.326535316028025,-0.0013707769763131594
2021-06-07,1.0039013491469475,1.008898712305076,0.9836639570170684,0.9994788521558816,342661471.8173184,4596328818.710331,-0.0044053103373392,-0.0044150423090109,Monday,1,0,0,0,0,0,0,-0.0687342864732921,-0.0712106358449986,0.01769977836499017,-4.034203161232719,0.8882083877655482,0.004921731446412461,-5.314094890384707,0.01244042564331771
2021-06-08,0.9994788521558816,1.010636894533681,0.9904757372396448,1.000936871993033,670913601.5935417,4646318423.03058,0.0014587800772436,0.0014577170912364,Tuesday,0,1,0,0,0,0,0,0.9579487534309752,0.6718973708500589,0.01421981294110309,-4.253119009327666,-0.21891584809494624,0.004923936611618073,-5.313646944094118,0.00044794629058930724
2021-06-09,1.000936871993033,1.013208872723666,0.995877960925103,1.0025386975763744,638652890.7374587,4696246400.844385,0.0016003262824677,0.0015990471248937,Wednesday,0,0,1,0,0,0,0,-0.0480847470962848,-0.0492792682124151,0.012159131571947321,-4.409674821775064,-0.15655581244739825,0.004920683613497846,-5.314307812297103,-0.0006608682029849433
2021-06-10,1.0025386975763744,1.007539457817367,0.997931816166562,1.0042943166729057,935401540.8107384,4887160114.574393,0.0017511733968729,0.0017496418804464,Thursday,0,0,0,1,0,0,0,0.4646477834471574,0.381614792708121,0.006687306156895047,-5.007544153064964,-0.5978693312898997,0.00491916590164487,-5.314616295036128,-0.0003084827390251732
2021-06-11,1.0042943166729057,1.009458044862186,0.9989357271753684,1.000521798090971,520279046.7620309,4973976054.168682,-0.0037563874646153,-0.0037634604060355,Friday,0,0,0,0,1,0,0,-0.4437906887441187,-0.5866105964811885,0.0070304687322687125,-4.957501899383915,0.050042253681048976,0.004960920882421127,-5.306163893699863,0.008452401336264792
2021-06-12,1.000521798090971,1.0108575953317331,0.9974821207798242,1.0035133240221714,605051744.786857,4966889259.388977,0.0029899657727681,0.0029855047151678,Saturday,0,0,0,0,0,1,1,0.1629369826680722,0.1509486869163284,0.009234164179573606,-4.684845175157891,0.2726567242260236,0.004835342966116202,-5.3318032185457955,-0.025639324845932343
2021-06-13,1.0035133240221714,1.0102071390229932,0.9997527585303766,1.0006030217920123,329891473.0895865,4984097899.515224,-0.0029001131928118,-0.0029043266694219,Sunday,0,0,0,0,0,0,1,-0.4547714704867133,-0.6065502520011773,0.007130871958096052,-4.943321757770145,-0.25847658261225437,0.004691934455954141,-5.361910317607717,-0.03010709906192144
2021-06-14,1.0006030217920123,1.0071409400671558,1.0006030217920123,1.0016684240298768,438480015.6171439,5018886897.744573,0.0010647601642821,0.0010641937092352,Monday,1,0,0,0,0,0,0,0.3291644415982486,0.2845505054087864,0.004557445223286098,-5.390993070510323,-0.44767131274017746,0.0046920666254561885,-5.361882148492877,2.8169114839826648e-05
2021-06-15,1.0016684240298768,1.006438179194825,1.0010581291744551,1.0032575628547864,525286692.4786842,5065360788.772676,0.0015864918837276,0.0015852347349409,Tuesday,0,1,0,0,0,0,0,0.1979717975045296,0.1806299581010727,0.003659768968747859,-5.610355256854156,-0.2193621863438331,0.004694909266670315,-5.361276492031481,0.0006056564613965421
2021-06-16,1.0032575628547864,1.0053365131863552,0.9977015222572546,0.9996162409712572,439537570.4724004,5121475709.696317,-0.0036294985638261,-0.003636101174691,Wednesday,0,0,1,0,0,0,0,-0.1632425173416389,-0.1782209964050072,0.004893995356921715,-5.3197462626908125,0.2906089941633434,0.00471638062584957,-5.356713590096168,0.004562901935312169
2021-06-17,0.9996162409712572,1.005859556449069,0.9993854692282764,1.005859556449069,626562693.3748845,5020576858.973117,0.0062457123263079,0.0062262886993794,Thursday,0,0,0,1,0,0,0,0.4255042923895575,0.3545256405127117,0.002423264853017334,-6.022639535231477,-0.7028932725406642,0.0044461997776774655,-5.415705530199204,-0.05899194010303521
2021-06-18,1.005859556449069,1.0068965054648835,0.992444617413893,1.0024385222628385,541771295.6708584,5002305278.831625,-0.0034011052182152,-0.0034069021242248,Friday,0,0,0,0,1,0,0,-0.1353278747690995,-0.1454048898821797,0.010000865063801472,-4.605083683349405,1.4175558518820717,0.004472464806222037,-5.4098156115397975,0.005889918659406135
2021-06-19,1.0024385222628385,1.007291754070851,0.9983741725066052,1.003449088827747,538682706.2072612,5029501121.9765005,0.0010081082704476,0.0010076004705546,Saturday,0,0,0,0,0,1,1,-0.0057009101225502,-0.0057172223365162,0.006256646873324834,-5.074110880617062,-0.46902719726765696,0.004468208338644148,-5.410767769801374,-0.0009521582615761304
2021-06-20,1.003449088827747,1.0132789939599214,0.998019214451118,1.0022807739532102,555689281.3515004,4980157656.340723,-0.0011642991035066,-0.0011649774262727,Sunday,0,0,0,0,0,0,1,0.0315706722125506,0.0310825652030836,0.010705428225988085,-4.5370043553129085,0.5371065253041536,0.004309569926478432,-5.4469171648851455,-0.03614939508377191
2021-06-21,1.0022807739532102,1.00830414980952,0.9930806335480828,1.0016193879774289,770793148.0534661,4946914054.849056,-0.0006598809365291,-0.0006600987537819,Monday,1,0,0,0,0,0,0,0.3870937840996469,0.3272107555570009,0.010749584557750385,-4.532888170945895,0.0041161843670138865,0.004173844952789209,-5.478917616970767,-0.03200045208562141
2021-06-22,1.0016193879774289,1.0150260959562,0.992944832833024,1.003171212536093,1222743006.2880666,4854619628.147915,0.001549315615583,0.0015481166643541,Tuesday,0,1,0,0,0,0,0,0.5863438970311798,0.4614319326404417,0.015522663656677638,-4.165454151590105,0.36743401935578923,0.0038162411973673193,-5.568489320536302,-0.08957170356553501
2021-06-23,1.003171212536093,1.0120452867352618,0.9959425143729552,1.0033779337688025,855829556.9199008,4868936139.584614,0.0002060677480835,0.0002060465190414,Wednesday,0,0,1,0,0,0,0,-0.3000740527496622,-0.3567807391772259,0.011340604444003994,-4.479365680162641,-0.313911528572536,0.0037896869518913583,-5.575471861744793,-0.0069825412084911775
2021-06-24,1.0033779337688025,1.0149122317053567,0.994747145344132,1.0006120655345605,340904322.4966081,4938344895.886341,-0.0027565567680495,-0.0027603630671194,Thursday,0,0,0,1,0,0,0,-0.6016679726235323,-0.9204693818428112,0.014086720615403326,-4.2625227256965985,0.21684295446604285,0.003530298509654284,-5.646372847970794,-0.07090098622600127
2021-06-25,1.0006120655345605,1.0045833833834772,0.9938381630612212,1.0042256863820345,335021494.1951482,4934541219.769385,0.0036114104276201,0.0036049049429273,Friday,0,0,0,0,1,0,0,-0.0172565377240658,-0.0174071671816295,0.007266512219481803,-4.924478852280829,-0.6619561265842302,0.003590344437320223,-5.629507137540999,0.016865710429795122
2021-06-26,1.0042256863820345,1.0172727768216372,0.9904282532497288,1.0054295522100758,407124059.063116,4918661627.943218,0.0011988000748901,0.0011980820878383,Saturday,0,0,0,0,0,1,1,0.21521772816752,0.1949232608759616,0.018895595011566287,-3.968826452252243,0.9556524000285855,0.003315725211223008,-5.709078912687121,-0.07957177514612201
2021-06-27,1.0054295522100758,1.0111262542582875,0.9992582698584926,1.0070963844473666,382943167.8657404,4911139349.435908,0.0016578309575512,0.0016564582727195,Sunday,0,0,0,0,0,0,1,-0.0593944048726112,-0.0612313610225953,0.008284958802032399,-4.79331360071315,-0.8244871484609066,0.0026606022359846365,-5.929202777308659,-0.220123864621538
2021-06-28,1.0070963844473666,1.0070963844473666,0.9990443208171356,1.004540380259612,390996833.0734263,4929207438.7185135,-0.0025379936093774,-0.0025412197749725,Monday,1,0,0,0,0,0,0,0.021030967212632,0.0208128689993938,0.005452104546772339,-5.21175358947471,-0.41843998876155997,0.0025780807321247197,-5.96071005915845,-0.03150728184979101
2021-06-29,1.004540380259612,1.006934417666548,0.9999982831408668,0.9999982831408668,602698267.3853621,4965817726.247218,-0.0045215674830029,-0.0045318206879672,Tuesday,0,1,0,0,0,0,0,0.541440278807015,0.4327172253340894,0.003994469565395087,-5.522844483198732,-0.311090893724022,0.0026807038978729943,-5.921675870485368,0.039034188673082504
2021-06-30,0.9999982831408668,1.0059868113736217,0.9905605283337632,1.0034071909507647,1225753560.057063,5055833132.013939,0.0034089136625223,0.0034031164873204,Wednesday,0,0,1,0,0,0,0,1.0337764788584043,0.7098943991877582,0.01072044704070224,-4.535602422650922,0.9872420605478096,0.0026971206891129315,-5.915570486432764,0.006105384052603746
2021-07-01,1.0034071909507647,1.0083348109015924,0.992614137862004,1.002889419295067,562032025.5974609,5167515751.284398,-0.0005160134991728,-0.0005161466799558,Thursday,0,0,0,1,0,0,0,-0.5414804052689871,-0.77975225159899,0.011106519309377413,-4.500223017902637,0.03537940474828538,0.002627914773739288,-5.941564608969625,-0.02599412253686051
2021-07-02,1.002889419295067,1.009582797051739,0.9997245395669768,1.0062809462225992,459613646.03812057,5180439740.419116,0.0033817556175994,0.0033760503410199,Friday,0,0,0,0,1,0,0,-0.1822287252233816,-0.2011725966665133,0.006613727334385833,-5.018607890796094,-0.5183848728934572,0.0026940627966912604,-5.916704891432205,0.02485971753741989
2021-07-03,1.0062809462225992,1.0161425463497282,1.0013680779953136,1.0070393610552548,364237924.4135788,5187681030.314749,0.0007536810028079,0.000753397127906,Saturday,0,0,0,0,0,1,1,-0.2075128152670889,-0.2325789440454722,0.010346046858145495,-4.571150778303638,0.44745711249245623,0.002688805795989061,-5.91865812595132,-0.0019532345191155542
2021-07-04,1.0070393610552548,1.0093543183091225,0.9983234672178508,1.0026439045082576,281525078.6987164,5194772120.423876,-0.0043647316251783,-0.0043742848746395,Sunday,0,0,0,0,0,0,1,-0.2270846613460958,-0.2575857594796056,0.007279087535079216,-4.9227497632171,-0.351598984913462,0.0028041692777726482,-5.876647941527627,0.04201018442369353
2021-07-05,1.0026439045082576,1.006642930790331,0.99998977957413,1.002782962680654,544465469.0209162,5223893053.865191,0.0001386914853529,0.000138681868578,Monday,1,0,0,0,0,0,0,0.9339856738077476,0.6595829894585516,0.004688163041337733,-5.362714448869832,-0.4399646856527326,0.0027449286743140636,-5.898000188214673,-0.02135224668704616
2021-07-06,1.002782962680654,1.00496245427275,0.9993790280238276,1.0033927657269517,434502006.30367935,5228238270.785093,0.0006081106969224,0.0006079258725379,Tuesday,0,1,0,0,0,0,0,-0.2019659078012392,-0.2256039603913043,0.0039213757721510215,-5.541312724469198,-0.17859827559936559,0.0027468822847226807,-5.897288725090543,0.0007114631241300629
2021-07-07,1.0033927657269517,1.0425278834585037,0.9985405237297332,1.0014840565409526,-5611158268.755619,5284809444.81557,-0.0019022552794829,-0.0019040668648201,Wednesday,0,0,1,0,0,0,0,-13.913998525553191,,0.030459659614188915,-3.4913521064236237,2.0499606180455743,0.0026488597585819728,-5.9336260113613015,-0.03633728627075872
2021-07-08,1.0014840565409526,1.0077605676870445,0.9972553385805246,1.0008782647729098,331642244.333936,5250513994.708759,-0.0006048940710401,-0.0006050770932684,Thursday,0,0,0,1,0,0,0,-1.0591040616659495,,0.0074002537217832095,-4.906240992632329,-1.414888886208705,0.002637770016445481,-5.937821409516507,-0.004195398155205865
2021-07-09,1.0008782647729098,1.005641525953037,1.0008782647729098,1.0018394701887394,320403655.24733174,5260490740.383991,0.0009603619637477,0.0009599011112302,Friday,0,0,0,0,1,0,0,-0.0338876885517874,-0.0344751870886617,0.0033037604010927365,-5.712693943782026,-0.806452951149697,0.0026274155757161446,-5.941754586760344,-0.003933177243836461
2021-07-10,1.0018394701887394,1.0042548402602776,0.9989057427936324,1.0025302751273164,338480740.5015224,5257079059.811309,0.000689536556637,0.0006892989355316,Saturday,0,0,0,0,0,1,1,0.0564197223038429,0.0548855706189392,0.0037520446112963026,-5.585454357904499,0.12723958587752637,0.0026109593673474827,-5.9480375514898425,-0.00628296472949863
2021-07-11,1.0025302751273164,1.009533721303986,1.0002195248686951,1.0017887606152425,308533917.1986752,5256346376.316605,-0.0007396430117582,-0.0007399166826047,Sunday,0,0,0,0,0,0,1,-0.0884742312324045,-0.0926354145361001,0.006538062593835599,-5.030114396875289,0.55533996102921,0.0025225457181690275,-5.982486681750492,-0.034449130260649774
2021-07-12,1.0017887606152425,1.0060581325085274,0.9993807555960958,1.0039149673485013,335105707.5039841,5257724061.924588,0.0021224102493953,0.0021201611185852,Monday,1,0,0,0,0,0,0,0.0861227528777603,0.0826142472398969,0.004520692402818257,-5.39909011040563,-0.3689757135303404,0.002493183719477689,-5.994194783021343,-0.011708101270850868
2021-07-13,1.0039149673485013,1.0061141730016443,1.0000472236086275,1.0036270851029818,401595183.3652189,5268963632.935777,-0.0002867595910834,-0.0002868007144768,Tuesday,0,1,0,0,0,0,0,0.198413439020415,0.1809985478538004,0.004273102196288237,-5.455415205852626,-0.056325095446996265,0.0024367060622841317,-6.017108126187193,-0.022913343165849476
2021-07-14,1.0036270851029818,1.004749092205001,0.9968387711354808,1.0026519239436475,455387295.3688842,5241907011.049951,-0.0009716369494294,-0.0009721092946003,Wednesday,0,0,1,0,0,0,0,0.1339461084988802,0.125703680806695,0.005556280088692235,-5.1928264434290305,0.2625887624235954,0.0024354231750631466,-6.017634749020101,-0.0005266228329086076
2021-07-15,1.0026519239436475,1.0064787466274976,0.999688417174322,1.005019118173368,472620251.5319082,5252874912.56573,0.0023609332143998,0.002358150590444,Thursday,0,0,0,1,0,0,0,0.0378424175164231,0.0371439596508576,0.004556841347632568,-5.391125582396956,-0.19829913896792561,0.0024561927604281383,-6.009142786260725,0.00849196275937647
2021-07-16,1.005019118173368,1.0067152443026266,0.998652839425204,0.998652839425204,506191632.5199081,5251728446.649353,-0.006334485218286,-0.0063546331995691,Friday,0,0,0,0,1,0,0,0.0710324639690842,0.0686231028354278,0.004090069990976679,-5.499193196365613,-0.1080676139686565,0.0026340502250328263,-5.939232607872897,0.06991017838782732
2021-07-17,0.998652839425204,1.0075038638921512,0.998652839425204,1.002639857633584,311330445.7785647,5263268617.568725,0.0039923966076889,0.0039844481409499,Saturday,0,0,0,0,0,1,1,-0.3849553691183934,-0.4860604432695357,0.005726956329392867,-5.162571070989246,0.3366221253763664,0.0024849934517671203,-5.997485254540791,-0.05825264666789387
2021-07-18,1.002639857633584,1.006293627861113,1.0013024490051825,1.0023649637048733,204150702.2131436,5264505275.41622,-0.0002741701585248,-0.0002742077500338,Sunday,0,0,0,0,0,0,1,-0.3442636112809,-0.4219964172647619,0.0035118170204958676,-5.651621705792133,-0.48905063480288646,0.0024064079833221353,-6.0296201066768,-0.03213485213600897
2021-07-19,1.0023649637048733,1.004824877350185,1.000357072467646,1.001663595573211,249970037.2977324,5246259175.813346,-0.0006997133350211,-0.0006999582486496,Monday,1,0,0,0,0,0,0,0.2244387826633638,0.2024826024187182,0.003120880096139144,-5.769640234842541,-0.1180185290504081,0.00240276690718212,-6.031134327689188,-0.0015142210123872957
2021-07-20,1.001663595573211,1.006286548421466,0.9988559875986468,1.0047872001657574,399273859.16398215,5219137727.014416,0.003118416808149,0.003113564631244,Tuesday,0,1,0,0,0,0,0,0.5972868727799487,0.4683064853989527,0.004870379724648423,-5.3245833727202445,0.44505686212229634,0.002459917184355973,-6.0076275945004864,0.023506733188701112
2021-07-21,1.0047872001657574,1.0117163672026377,0.9989875268583006,1.00560879997657,394071930.77245575,5235372088.208816,0.0008176853871915,0.0008173512646209,Wednesday,0,0,1,0,0,0,0,-0.0130284722431326,-0.0131140872222254,0.008938430074519449,-4.7173953120944265,0.607188060625818,0.002461490803975831,-6.00698809471619,0.0006394997842962269
2021-07-22,1.00560879997657,1.00560879997657,0.9996520892933504,1.0027909073219077,397085003.0702648,5258928585.63376,-0.0028021758110389,-0.0028061092555307,Thursday,0,0,0,1,0,0,0,0.0076459957244425,0.0076169132480547,0.0038218528675707285,-5.567019930092722,-0.8496246179982956,0.0024983040466768094,-5.992143158641989,0.014844936074201343
2021-07-23,1.0027909073219077,1.0109745892422772,1.000296993533489,1.006511034323498,280451148.97197866,5245205441.297736,0.0037097733679352,0.003702909129988,Friday,0,0,0,0,1,0,0,-0.2937251550586703,-0.3477508184622526,0.007146519711920187,-4.941129794356796,0.6258901357359266,0.002587887002596205,-5.956913565353806,0.0352295932881832
2021-07-24,1.006511034323498,1.0071118053058974,0.9994224859491582,1.002119845802212,322325105.3845027,5246089166.23751,-0.0043627822960107,-0.0043723270017906,Saturday,0,0,0,0,0,1,1,0.1493092703168346,0.1391611274148916,0.0046889221390825,-5.362552544028015,-0.42142274967121907,0.0026609046913563155,-5.929089104480216,0.027824460873589807
2021-07-25,1.002119845802212,1.0042819177348006,0.9991651934126812,1.0026926399029952,347512697.22437924,5298877978.483917,0.0005715824341594,0.0005714191431398,Sunday,0,0,0,0,0,0,1,0.07814343784928,0.0752405228645991,0.0035943497413754868,-5.6283921827856345,-0.26583963875761984,0.0025803332697157968,-5.959836714082445,-0.030747609602228998
2021-07-26,1.0026926399029952,1.0094185023898248,0.9708552457024529,0.995414761238156,474507111.6277778,5314319969.289958,-0.0072583345835103,-0.0072848044565448,Monday,1,0,0,0,0,0,0,0.3654381995757749,0.3114754024495551,0.02716876452183651,-3.6056873287221753,2.022704854063459,0.0028946880589852996,-5.844877925408642,0.11495878867380327
2021-07-27,0.995414761238156,1.0091376002789365,0.995126114299946,1.004618268011928,567293487.327674,5322123277.229883,0.0092459014394403,0.0092034197463238,Tuesday,0,1,0,0,0,0,0,0.1955426450440252,0.1786001785841144,0.008063906799455213,-4.820357125327154,-1.214669796604979,0.003333344915560166,-5.703778999994188,0.1410989254144539
2021-07-28,1.004618268011928,1.0092141107086356,0.9949441654127013,0.999771084327663,689554707.9042252,5348470601.142794,-0.0048249009983236,-0.0048365784098567,Wednesday,0,0,1,0,0,0,0,0.2155167004516165,0.1951692542531763,0.009610444745864023,-4.644904777584427,0.175452347742727,0.0034169691372750452,-5.67900133800126,0.024777661992927413
2021-07-29,0.999771084327663,1.007245551899118,0.99282957168275,1.006193863828894,1055798606.4744744,5369149681.554302,0.0064242501127649,0.0064037025727487,Thursday,0,0,0,1,0,0,0,0.5311310246628294,0.4260066941128634,0.009384301033946513,-4.668717088654182,-0.023812311069754344,0.0035153963761575344,-5.650602993033838,0.028398344967421885
2021-07-30,1.006193863828894,1.006193863828894,0.997485720701391,1.0042654642743452,1370228663.8216124,5356408272.44518,-0.001916528835915,-0.0019183677272056,Friday,0,0,0,0,1,0,0,0.2978125330143062,0.2606801802813605,0.006029561191656525,-5.111081041760536,-0.4423639531063541,0.003477735294486715,-5.661373974489658,-0.010770981455819673
2021-07-31,1.0042654642743452,1.0070791505721337,0.9992194156510408,0.999971833039539,470965032.3528445,5382488243.456687,-0.0042753946914909,-0.0042845603251716,Saturday,0,0,0,0,0,1,1,-0.6562872717614098,-1.0679490628222648,0.004858293448063495,-5.327068045108421,-0.2159870033478848,0.003563380104808556,-5.637045716934639,0.024328257555018773
2021-08-01,0.999971833039539,1.0084650396925128,0.9965980931083596,0.9984952252678558,387571890.3497746,5407474948.60277,-0.0014766493644073,-0.0014777406855448,Sunday,0,0,0,0,0,0,1,-0.1770686489959878,-0.1948824949019815,0.008319563193935928,-4.789145526256086,0.5379225188523344,0.003520020524414486,-5.64928845858956,-0.012242741654921119
2021-08-02,0.9984952252678558,1.0047419375070286,0.997742517245256,1.0023774527909706,392922729.0999543,5422231918.22356,0.0038880782049541,0.0038805391641585,Monday,1,0,0,0,0,0,0,0.0138060547821223,0.0137116194017834,0.004314898494524691,-5.445681478587934,-0.6565359523318479,0.0035879767359948502,-5.6301668186430485,0.019121639946511948
2021-08-03,1.0023774527909706,1.0067658975104266,0.9978305913274894,1.0061247717700572,959273095.7563952,5444019258.50987,0.0037384310357868,0.0037314604697343,Tuesday,0,1,0,0,0,0,0,1.4413784816005617,0.8925628312557453,0.005861640536179648,-5.139325759593837,0.3063557189940971,0.003563690693713928,-5.636958559415274,-0.006791740772225552
2021-08-04,1.0061247717700572,1.0061247717700572,0.9951163678341826,0.9951163678341826,471746248.6561053,5445308239.198901,-0.0109413904167251,-0.0110016876559883,Wednesday,0,0,1,0,0,0,0,-0.5082252898126688,-0.7097345734841637,0.0037097984231492433,-5.596777737221858,-0.45745197762802103,0.004090699367398973,-5.4990393290712385,0.13791923034403553
2021-08-05,0.9951163678341826,1.0078417871954728,0.9940541908286296,0.9987433405094194,531078614.6794571,5447834977.424627,0.0036447724029811,0.0036381463155527,Thursday,0,0,0,1,0,0,0,0.1257717813175534,0.1184688282846789,0.009474118328899661,-4.659191584702161,0.9375861525196969,0.004142789616430051,-5.486385897666215,0.012653431405023063
2021-08-06,0.9987433405094194,1.007255838744498,0.9928578668681138,1.000162643419569,611650087.4573995,5458016563.600762,0.0014210887347951,0.001420079943807,Friday,0,0,0,0,1,0,0,0.1517128925000546,0.141250305951554,0.010142168468235766,-4.591053450799157,0.0681381339030045,0.0041363120876819585,-5.487950688219906,-0.0015647905536901874
2021-08-07,1.000162643419569,1.0088191870387146,0.9939943499205228,0.9997775390224848,672639531.0001087,5476961332.222416,-0.0003850417725735,-0.0003851159201908,Saturday,0,0,0,0,0,1,1,0.0997129646400272,0.0950492045168978,0.01046547108631183,-4.5596739086829245,0.03137954211623217,0.004135434385020525,-5.488162905232993,-0.00021221701308782315
2021-08-08,0.9997775390224848,1.003551340829428,0.9963002705412606,1.003551340829428,560391448.3197318,5512581842.997448,0.0037746415173849,0.0037675354344228,Sunday,0,0,0,0,0,0,1,-0.166877023289847,-0.182574016607068,0.0045617929585296015,-5.390039540075819,-0.8303656313928949,0.004188585440179828,-5.475392205824773,0.012770699408220842
2021-08-09,1.003551340829428,1.011079303219801,0.9971730523158844,1.0039851306150078,536762550.91832256,5546000985.028722,0.0004322547018085,0.0004321613066575,Monday,1,0,0,0,0,0,0,-0.0421649856939425,-0.043079734729857,0.009789269774227232,-4.6264684141667365,0.7635711259090829,0.004187437840585577,-5.475666225980391,-0.00027402015561861504
2021-08-10,1.0039851306150078,1.0070272880830973,0.9969116183211304,1.0026259988875146,595752500.8462436,5563248118.34411,-0.0013537369090921,-0.0013546540386965,Tuesday,0,1,0,0,0,0,0,0.1098995260138731,0.1042694941227035,0.007089036262052863,-4.949205876865905,-0.3227374626991688,0.004192559603752025,-5.474443847611372,0.0012223783690190615
2021-08-11,1.0026259988875146,1.0031643580591476,0.9984075537764736,0.9996708346071284,424983807.8380503,5593275553.674213,-0.002947424347329,-0.0029517765564459,Wednesday,0,0,1,0,0,0,0,-0.2866436863724834,-0.3377742447875758,0.0028160426283545346,-5.872422702890927,-0.9232168260250218,0.004209293616910179,-5.470460432322855,0.0039834152885172
2021-08-12,0.9996708346071284,1.00433865074493,0.9973452574416828,1.002940903522423,409417616.7702178,5623872663.825776,0.0032711456632421,0.0032658071052329,Thursday,0,0,0,1,0,0,0,-0.036627727411592,-0.0373153659886407,0.004504756004553089,-5.402621550420098,0.4698011524708292,0.004250991351044242,-5.460603064177245,0.009857368145610224
2021-08-13,1.002940903522423,1.00812328266855,0.9982206956114452,1.0008181803940128,421392459.3291543,5670275414.759838,-0.002116498709899,-0.0021187416586511,Friday,0,0,0,0,1,0,0,0.0292484789819322,0.0288289038741518,0.006854759666208938,-4.982812026216462,0.41980952420363593,0.004264863787332657,-5.457345035867926,0.0032580283093190943
2021-08-14,1.0008181803940128,1.002957272091696,0.9869010968585622,1.0010445401235817,362203881.3225871,5679691476.0781,0.0002261746778817,0.0002261491042453,Saturday,0,0,0,0,0,1,1,-0.1404595091729783,-0.1513573455224729,0.01141067696150864,-4.473205786324,0.5096062398924621,0.004243277675512894,-5.462419271699658,-0.005074235831732388
2021-08-15,1.0010445401235817,1.006040341342988,0.9964816165064854,1.0009861552701949,336648421.01441234,5709878417.943999,-5.83239317000217e-05,-5.8325632606662205e-05,Sunday,0,0,0,0,0,0,1,-0.0705554568185713,-0.0731681366651773,0.006750480814685439,-4.998141544829313,-0.5249357585053129,0.004081601816785238,-5.501265765460882,-0.03884649376122429
2021-08-16,1.0009861552701949,1.003114894263982,0.9950188043241972,0.9996291591494014,394996778.2965895,5723423030.681475,-0.0013556592302989,-0.0013565789676007,Monday,1,0,0,0,0,0,0,0.173321345474777,0.159838483964797,0.005667807879025007,-5.172952853454181,-0.17481130862486793,0.004023881547423888,-5.51550828314284,-0.014242517681958056
2021-08-17,0.9996291591494014,1.004536574367649,0.9978631709018424,1.0018261540264928,469159664.0010136,5723713927.658836,0.0021978099147896,0.0021953982634999,Tuesday,0,1,0,0,0,0,0,0.1877556723987701,0.1720655368249274,0.004511333569101618,-5.401162477578883,-0.2282096241247027,0.004043485562713412,-5.510648195927312,0.004860087215527997
2021-08-18,1.0018261540264928,1.0065899643724687,0.9972452668142732,0.9972452668142732,543952898.8948252,5723099999.427068,-0.0045725370552648,-0.004583023080194,Wednesday,0,0,1,0,0,0,0,0.1594195763889243,0.1479195147118801,0.00594824167343057,-5.124659620168865,0.27650285741001834,0.004127175886244297,-5.490161910693784,0.020486285233528356
2021-08-19,0.9972452668142732,1.0115226005194031,0.9972452668142732,1.0057524668979674,498406453.09382194,5732018793.94174,0.008530699885767,0.0084945190849175,Thursday,0,0,0,1,0,0,0,-0.0837323339824865,-0.0874467451840498,0.008553534760595524,-4.761410659177043,0.3632489609918217,0.004372146664401009,-5.432501162935677,0.057660747758107256
2021-08-20,1.0057524668979674,1.013766747606354,0.9988108400841236,0.9996840115770586,403827956.2235377,5752095549.473253,-0.0060337463945037,-0.0060520229969546,Friday,0,0,0,0,1,0,0,-0.1897617823428952,-0.2104269786803978,0.00981332467951938,-4.624014155632414,0.13739650354462896,0.004507138459957627,-5.4020928146544005,0.030408348281276254
2021-08-21,0.9996840115770586,1.0059660005517197,0.9984305319657196,1.0013598373484025,376923696.3007341,5761051412.195526,0.0016763554802683,0.0016749519647286,Saturday,0,0,0,0,0,1,1,-0.0666230742774797,-0.0689461664463771,0.005213804791913548,-5.256445403390421,-0.6324312477580065,0.004488355778556513,-5.406268840606798,-0.004176025952397744
2021-08-22,1.0013598373484025,1.006328312097554,0.9973599812279996,1.006328312097554,278361404.6467726,5768827798.835308,0.0049617276066393,0.0049494588024585,Sunday,0,0,0,0,0,0,1,-0.2614913644891196,-0.3031224837671115,0.005532177624032172,-5.197173757229406,0.05927164616101521,0.004528228992514015,-5.3974243668083215,0.008844473798476749
2021-08-23,1.006328312097554,1.006328312097554,0.9977184670687814,1.0003716810288603,399178559.4711162,5776827208.403146,-0.0059191726965107,-0.005936760436807,Monday,1,0,0,0,0,0,0,0.4340298360602641,0.3604885481396889,0.004827073483032134,-5.33351489908588,-0.13634114185647395,0.004587205450426888,-5.38448427465422,0.012940092154101634
2021-08-24,1.0003716810288603,1.00473214770898,0.9967704591457496,1.0023486507031305,467481071.9027335,5784731945.577637,0.0019762351451582,0.0019742849614088,Tuesday,0,1,0,0,0,0,0,0.1711076680123135,0.1579500257452387,0.005490109950781389,-5.204806996196511,0.12870790288936895,0.00460016266598071,-5.381663613942595,0.0028206607116247895
2021-08-25,1.0023486507031305,1.0059985247222467,0.9966705929770868,0.9998546558272892,414446219.3881034,5777697716.504818,-0.0024881510780623,-0.0024912516701848,Wednesday,0,0,1,0,0,0,0,-0.1134481280680916,-0.1204156420021421,0.006402532496337638,-5.051061664333363,0.15374533186314743,0.004427124181371719,-5.4200050747171,-0.03834146077450473
2021-08-26,0.9998546558272892,1.0054329234183248,0.9980792228303508,0.9997920881113154,347221259.5958907,5783296903.851876,-6.257681114862912e-05,-6.257876915896034e-05,Thursday,0,0,0,1,0,0,0,-0.162204302144353,-0.176981005531746,0.005190613830524326,-5.260903317020568,-0.20984165268720467,0.004095867171486859,-5.497776820606973,-0.07777174588987279
2021-08-27,0.9997920881113154,1.0065745986371648,0.9986920786580712,1.0026754524906405,310124256.8478555,5795909551.088848,0.0028839639897251,0.0028798133438719,Friday,0,0,0,0,1,0,0,-0.1068396641127622,-0.1129891667562434,0.005263149074719887,-5.247025747965112,0.013877569055456007,0.004033958646188479,-5.51300709081935,-0.015230270212377661
2021-08-28,1.0026754524906405,1.0032165808532665,0.9988814594469596,1.0001565505105157,262125066.7698197,5826888045.050771,-0.0025121807598539,-0.002515341580751,Saturday,0,0,0,0,0,1,1,-0.1547740591655293,-0.1681513017631987,0.002633044256481251,-5.939614590222877,-0.6925888422577655,0.0038880338107342904,-5.549851696245241,-0.036844605425891075
2021-08-29,1.0001565505105157,1.0087690158461873,0.997191709900512,0.9999394286827352,248566623.870596,5835469298.121848,-0.0002170878425679,-0.0002171114095444,Sunday,0,0,0,0,0,0,1,-0.0517250908747686,-0.0531108302369366,0.00816104072894205,-4.808383577827169,1.1312310123957081,0.0038724290827582652,-5.5538732988794735,-0.004021602634232124
2021-08-30,0.9999394286827352,1.0064611687634086,0.999293419781826,1.0001753187115408,287413061.2315263,5846184267.213112,0.0002359043178408,0.0002358764967925,Monday,1,0,0,0,0,0,0,0.1562817918030452,0.1452095050799449,0.005051717286523708,-5.288027036763689,-0.4796434589365193,0.003792841461540697,-5.574639814791764,-0.02076651591229073
2021-08-31,1.0001753187115408,1.0055008596559645,0.9989590457415226,1.003990119005283,439352602.2384995,5853277929.800991,0.0038141316051034,0.0038068762478925,Tuesday,0,1,0,0,0,0,0,0.5286452200743164,0.4243818660623291,0.003962878528888184,-5.530784616546102,-0.2427575797824133,0.0038465481486848214,-5.560579117612153,0.014060697179611559
2021-09-01,1.003990119005283,1.0068147887738388,0.9984519072826206,1.003036088689787,519622441.0966632,5870884124.545909,-0.0009502387498006,-0.0009506905128525,Wednesday,0,0,1,0,0,0,0,0.1827002695538599,0.1678001881888846,0.005868280285672535,-5.138193654730916,0.39259096181518593,0.003784720192436858,-5.5767833202052985,-0.016204202593145922
2021-09-02,1.003036088689787,1.003036088689787,0.9969226385452072,0.9998512299280248,617439973.4527812,5947953915.827839,-0.003175218516736,-0.0031802702193914,Thursday,0,0,0,1,0,0,0,0.1882473207848263,0.172479381752298,0.0038446062259974117,-5.561084093233255,-0.4228904385023391,0.003767906268660517,-5.581235798198306,-0.00445247799300752
2021-09-03,0.9998512299280248,1.0056997263433942,0.9972425683628532,0.9988984888212376,564753668.7681178,6087492219.085374,-0.0009528828672399,-0.0009533371487268,Friday,0,0,0,0,1,0,0,-0.0853302457727781,-0.0891922031973163,0.005941894493231128,-5.125727258203178,0.4353568350300767,0.0031926230068787947,-5.746912440845636,-0.1656766426473295
2021-09-04,0.9988984888212376,1.003730229359589,0.998347551054047,1.0001187106660423,354049725.6878741,6124622996.157909,0.001221567414968,0.0012208219085558,Saturday,0,0,0,0,0,1,1,-0.37308999433301,-0.4669522802824617,0.00372570716652507,-5.59249860180615,-0.46677134360297146,0.003130705710861339,-5.766496833115016,-0.01958439226938058
2021-09-05,1.0001187106660423,1.0017464553125948,0.9980701809567348,0.9991779872446348,299288178.74734634,6135864712.531841,-0.0009406117607588,-0.0009410544135991,Sunday,0,0,0,0,0,0,1,-0.1546719089645754,-0.1680304535688759,0.0025331117562242098,-5.978306788831555,-0.38580818702540487,0.003124678670429679,-5.7684238265431755,-0.0019269934281593848
2021-09-06,0.9991779872446348,1.0013741667385034,0.9971986011808536,1.0011352148592298,303750550.53893167,6160144696.159791,0.0019588378042558,0.0019569217831925,Monday,1,0,0,0,0,0,0,0.0149099500363238,0.0147998893819361,0.0026927353989003792,-5.9171977251228505,0.06110906370870417,0.0031442526000980183,-5.76217906409992,0.00624476244325578
2021-09-07,1.0011352148592298,1.0089012972920266,0.9976279964436062,1.003274741068783,568110324.6963865,6218018523.255162,0.0021371001417165,0.0021348197915218,Tuesday,0,1,0,0,0,0,0,0.870318666709945,0.6261088263536778,0.007834002354458972,-4.84928174319489,1.0679159819279604,0.0030927488565424353,-5.7786949859433525,-0.016515921843432757
2021-09-08,1.003274741068783,1.005892681603769,0.9979900459416488,0.9984062045302876,794887102.0036397,6218665647.526604,-0.0048526453813727,-0.0048644576944424,Wednesday,0,0,1,0,0,0,0,0.3991773559624161,0.3358844610309913,0.004686618701739508,-5.363043915657331,-0.5137621724624406,0.003216774004886387,-5.739376283461366,0.0393187024819861
2021-09-09,0.9984062045302876,1.0113428430121087,0.9984062045302876,1.0044747339795086,425677096.44373673,6230776383.685492,0.0060782168837543,0.0060598190366087,Thursday,0,0,0,1,0,0,0,-0.4644810623159568,-0.6245190252302995,0.008287669568664002,-4.792986462905538,0.5700574527517928,0.0033927145923152878,-5.6861249133359975,0.05325137012536896
2021-09-10,1.0044747339795086,1.0058986681628532,0.9958443819963916,1.001893963021616,336920218.01279926,6207552767.187819,-0.0025692741395975,-0.0025725803887207,Friday,0,0,0,0,1,0,0,-0.2085075264148461,-0.2338349087585192,0.006921028523383628,-4.973190889850217,-0.18020442694467942,0.00338240818631006,-5.689167342024592,-0.0030424286885946117
2021-09-11,1.001893963021616,1.0065283009095476,1.0003421072739642,1.00349907986638,403214121.0870049,6248024285.517422,0.0016020825596385,0.0016008005944014,Saturday,0,0,0,0,0,1,1,0.1967643956341236,0.1796215781582835,0.004244281479845077,-5.462182736243824,-0.48899184639360715,0.003342242863003652,-5.701113181490067,-0.011945839465474783
2021-09-12,1.00349907986638,1.0059903732384283,0.9977519388318726,1.0005569912732766,244122573.27846923,6292029595.913186,-0.0029318298861771,-0.0029361361182373,Sunday,0,0,0,0,0,0,1,-0.3945584727530093,-0.5017972900212437,0.005520818358894375,-5.199229176258692,0.2629535599851325,0.003362783815767721,-5.694986131439906,0.006127050050160676
2021-09-13,1.0005569912732766,1.0257946066729622,0.99752039364028,1.000667683445674,341564158.25709176,6299188608.433514,0.0001106305521454,0.0001106244330372,Monday,1,0,0,0,0,0,0,0.3991502451822488,0.3358650846147654,0.019763673297093963,-3.9239097083369403,1.2753194679217517,0.0033625909856117068,-5.695043475502286,-5.734406237944967e-05
2021-09-14,1.000667683445674,1.0060949848971867,0.9990929674086124,1.0016710614137545,319760965.9350731,6287557287.854112,0.00100270847623,0.0010022060998825,Tuesday,0,1,0,0,0,0,0,-0.0638333730133583,-0.065961798063402,0.004898942445879281,-5.31873592453121,-1.3948262161942697,0.0033675488577635418,-5.6935701411692525,0.001473334333033094
2021-09-15,1.0016710614137545,1.0044670946024516,0.9993380695993496,1.001796637702271,286248770.0159498,6295362456.884136,0.0001253667929062,0.0001253589351465,Wednesday,0,0,1,0,0,0,0,-0.104803898815867,-0.1107124772395123,0.0036190505465488088,-5.621543567504753,-0.30280764297354335,0.0033585064520310244,-5.696258912154235,-0.002688770984982547
2021-09-16,1.001796637702271,1.0035270397915788,0.9963009483953758,1.0019025399867263,319251670.7344722,6300281508.646146,0.000105712357648,0.0001057067704904,Thursday,0,0,0,1,0,0,0,0.1152944717166244,0.1091184702380468,0.005109657601195553,-5.27662288264838,0.3449206848563735,0.003334558281771714,-5.70341505763059,-0.007156145476354681
2021-09-17,1.0019025399867263,1.0055901592148673,1.0002322171549272,1.0043694820643114,353659188.5706465,6317973268.963079,0.0024622575341688,0.0024592311449017,Friday,0,0,0,0,1,0,0,0.1077755294342428,0.1023539770374925,0.0034546189360426006,-5.668043121320645,-0.39142023867226516,0.0032589470963612023,-5.726351112348007,-0.022936054717416887
2021-09-18,1.0043694820643114,1.0102605065851402,1.0003199388989716,1.003837955580935,295581769.98765385,6327872644.9356575,-0.0005292140918937,-0.0005293541750961,Saturday,0,0,0,0,0,1,1,-0.1642186049731073,-0.1793881892939795,0.006984365416784203,-4.964081139822718,0.703961981497927,0.0028678996185658085,-5.854175357357362,-0.1278242450093554
2021-09-19,1.003837955580935,1.0050535012543045,0.9983806317497004,1.0044974871802812,278576750.421438,6325589675.720916,0.0006570100240577,0.0006567942874607,Sunday,0,0,0,0,0,0,1,-0.0575306777780177,-0.0592519095563104,0.004692638805841201,-5.361760209580695,-0.3976790697579773,0.002649212732401024,-5.93349276523446,-0.07931740787709796
2021-09-20,1.0044974871802812,1.007987334589356,0.9902135536229384,0.9987932569985488,469959724.5206152,6265442104.116532,-0.0056786903447062,-0.0056948754091186,Monday,1,0,0,0,0,0,0,0.6870026799065185,0.5229533921260067,0.012071387888437646,-4.416917263868599,0.9448429457120966,0.0028294639356051562,-5.867668007317261,0.06582475791719933
2021-09-21,0.9987932569985488,1.0073045726115617,0.9942444349560452,1.0015178655129622,733463004.6809753,6154348836.087542,0.0027279003891165,0.0027241864215392,Tuesday,0,1,0,0,0,0,0,0.5606933241548473,0.445130161088681,0.009071234683871686,-4.702646895798687,-0.2857296319300886,0.002727025449757612,-5.904543842651191,-0.03687583533393024
2021-09-22,1.0015178655129622,1.00758116295267,0.9959648056397392,1.000312404683163,791072624.2507133,6026144393.668457,-0.0012036338754493,-0.0012043588244762,Wednesday,0,0,1,0,0,0,0,0.0785446835110597,0.0756126171534628,0.008165320674355714,-4.807859279068128,-0.10521238326944093,0.0025120070979386716,-5.986673204767649,-0.08212936211645783
2021-09-23,1.000312404683163,1.0074252977168705,0.9982322321636492,1.0040815315369314,359742883.3080456,6055579049.419296,0.0037679497286271,0.0037608687875611,Thursday,0,0,0,1,0,0,0,-0.5452467039308986,-0.7880002135197903,0.006046069892201732,-5.108346822618626,-0.30048754355049745,0.002579093656895993,-5.960317237544174,0.02635596722347433
2021-09-24,1.0040815315369314,1.0083013832361738,0.9837977006391884,1.0022615256011058,393871869.2591373,6067452805.844461,-0.0018126077202512,-0.0018142524814634,Friday,0,0,0,0,1,0,0,0.0948704964980979,0.0906360882359815,0.017359734135646773,-4.053601884634096,1.0547449379845295,0.0025601881435650515,-5.967674529611089,-0.007357292066914489
2021-09-25,1.0022615256011058,1.00643143011948,1.0010386704372822,1.0041950852765762,449555965.138906,6053850392.756448,0.001929196747636,0.0019273382374944,Saturday,0,0,0,0,0,1,1,0.1413761688147699,0.1322346999948196,0.003605279409768491,-5.625356005071561,-1.5717541204374648,0.0025842317781298854,-5.958326999665668,0.009347529945420874
2021-09-26,1.0041950852765762,1.0080726559872506,0.9897908855605216,1.0039221478911995,353616553.1250175,6055814320.617684,-0.0002717971730578,-0.0002718341166037,Sunday,0,0,0,0,0,0,1,-0.2134092737135512,-0.2400472086719672,0.01294024610532541,-4.347412971131553,1.2779430339400077,0.002530666482597668,-5.9792725790780015,-0.020945579412333437
2021-09-27,1.0039221478911995,1.0066189406341508,0.9944924039715892,0.9944924039715892,479441566.5749192,6133959462.504059,-0.0093929035627094,-0.0094372950768671,Monday,1,0,0,0,0,0,0,0.3558233129584789,0.3044088808502852,0.006248379173191287,-5.075433181155654,-0.7280202100241011,0.003026900397459986,-5.800216154188259,0.17905642488974216
2021-09-28,0.9944924039715892,1.0049480829430943,0.9944924039715892,0.9948761477722674,472550372.7851296,6202313268.57276,0.0003858690113123,0.0003857945830111,Tuesday,0,1,0,0,0,0,0,-0.0143733757567571,-0.0144776733339228,0.007391529580237249,-4.907420585704972,0.1680125954506826,0.003027460324983241,-5.800031187500439,0.00018496668782042036
2021-09-29,0.9948761477722674,1.0067616990774135,0.9948761477722674,1.004457857351821,471645135.5612101,6197461542.396601,0.0096310576959846,0.0095849747088232,Wednesday,0,0,1,0,0,0,0,-0.0019156417517653,-0.0019174789400639,0.005918592992336235,-5.129656528547738,-0.22223594284276604,0.0034965772932372507,-5.655970705176725,0.14406048232371393
2021-09-30,1.004457857351821,1.0215293487618906,0.9990473341579778,1.0057846688609382,1655815888.738479,6176967274.165041,0.0013209230227091,0.0013200513713982,Thursday,0,0,0,1,0,0,0,2.510723982699885,1.255822279085972,0.01571454138170401,-4.153168792632584,0.9764877359151534,0.0034352671506198387,-5.673660583225783,-0.017689878049058194
2021-10-01,1.0057846688609382,1.005796985816365,0.9974255299601515,1.002643604448908,468503558.4120468,6196532816.701807,-0.0031229988975547,-0.0031278856354487,Friday,0,0,0,0,1,0,0,-0.7170557659227519,-1.2625054534869116,0.005581130760727676,-5.188363877827003,-1.0351950851944185,0.0034780821726014995,-5.661274236934234,0.012386346291549444
2021-10-02,1.002643604448908,1.005251834744879,0.99950467621738,1.0018930801854409,391773775.0322219,6230646141.821635,-0.0007485454055029,-0.0007488257055019,Saturday,0,0,0,0,0,1,1,-0.1637763086365746,-0.178859128287587,0.004027421124781029,-5.514629027268534,-0.3262651494415314,0.0034319979081672124,-5.674612706864995,-0.013338469930761043
2021-10-03,1.0018930801854409,1.0057642440713752,0.9933135759935716,1.0028588771158806,270546697.45540833,6246961014.642695,0.0009639720540448,0.0009635077313564,Sunday,0,0,0,0,0,0,1,-0.3094313231324458,-0.3702398514586511,0.008787746360328334,-4.734396986923589,0.780232040344945,0.0034320925816920334,-5.674585121702775,2.7585162219345705e-05
2021-10-04,1.0028588771158806,1.0071180102545474,0.9923758911497266,1.0032586952679776,357053824.62933546,6266836209.890982,0.000398678379601,0.0003985989284921,Monday,1,0,0,0,0,0,0,0.3197493371294442,0.2774418224516721,0.010424136379618554,-4.563631356012393,0.17076563091119645,0.0034256204287328247,-5.676472676597822,-0.0018875548950463283
2021-10-05,1.0032586952679776,1.005991529041163,0.999701416511684,1.0017626779269964,465696120.7013005,6293406134.80566,-0.0014911581111007,-0.0014922709938172,Tuesday,0,1,0,0,0,0,0,0.3042742818530195,0.2656467802306881,0.004337109095162382,-5.44054725992317,-0.8769159039107768,0.003432139997932212,-5.674571306250099,0.0019013703477224198
2021-10-06,1.0017626779269964,1.005408077371423,0.9950039937896524,1.001754083490776,493839807.8750689,6362231315.998661,-8.57931365350062e-06,-8.579350456022496e-06,Wednesday,0,0,1,0,0,0,0,0.0604335873173826,0.0586778691270641,0.007355346991380317,-4.912327748423575,0.5282195114995947,0.003413493223966247,-5.680019106177121,-0.0054477999270217126
2021-10-07,1.001754083490776,1.005797441892453,0.9994261662540604,1.0010843509685718,545772189.38507,6427825011.694271,-0.0006685598124746,-0.0006687833982452,Thursday,0,0,0,1,0,0,0,0.1051603793008497,0.0999904640767558,0.004474184475773463,-5.409431183913677,-0.49710343549010183,0.00339336556333777,-5.685933058536305,-0.005913952359184016
2021-10-08,1.0010843509685718,1.006348801919853,0.9978977467928052,1.0018395314143609,375665361.4170058,6477242093.175175,0.0007543624521333,0.000754078063791,Friday,0,0,0,0,1,0,0,-0.3116810113753253,-0.3735029022427131,0.005944725772973131,-5.125250877241704,0.28418030667197325,0.0032779748852946318,-5.720529460283921,-0.034596401747616135
2021-10-09,1.0018395314143609,1.0053317702731923,0.9971662884444872,1.0029879944841962,324957118.7641588,6514432763.937603,0.0011463543150607,0.0011456977526737,Saturday,0,0,0,0,0,1,1,-0.1349824813807055,-0.1450055195162729,0.005722563498536374,-5.163338409906172,-0.03808753266446807,0.0030927053800985046,-5.778709043583186,-0.05817958329926487
2021-10-10,1.0029879944841962,1.0099822498400728,0.9987843447255448,1.0012734267098873,257819565.63821137,6541093273.239765,-0.0017094599175044,-0.0017109227114053,Sunday,0,0,0,0,0,0,1,-0.2066043463866174,-0.2314332490951548,0.007811594078915946,-4.852146228542013,0.3111921813641585,0.0030727505794791265,-5.785182164282715,-0.006473120699529211
2021-10-11,1.0012734267098873,1.0084885696363728,0.9995507950817396,1.0073081651886058,434873947.6525649,6557401780.745228,0.0060270634551324,0.0060089733585692,Monday,1,0,0,0,0,0,0,0.686737570036897,0.5227962313189933,0.005067052808744277,-5.284995930449862,-0.4328497019078492,0.003249610653558555,-5.729220088722013,0.05596207556070265
2021-10-12,1.0073081651886058,1.011817645041737,0.9961191790285502,0.999709317030846,456612942.5540194,6580614458.938634,-0.007543717424684,-0.0075723151739806,Tuesday,0,1,0,0,0,0,0,0.0499891865649824,0.0487798656068614,0.010005178932455344,-4.60465242680298,0.6803435036468821,0.0034905498314779246,-5.657696010340604,0.07152407838140817
2021-10-13,0.999709317030846,1.0071691985309588,0.9986028393942734,1.0050930602189247,795178961.226307,6620422278.582724,0.0053853086055739,0.0053708596825781,Wednesday,0,0,1,0,0,0,0,0.7414726721904816,0.5547311185908231,0.0050336596259922635,-5.291607999574427,-0.6869555727714465,0.003625612774624795,-5.61973196368556,0.037964046655044825
2021-10-14,1.0050930602189247,1.0092601386201951,0.9975693075598098,1.001887089707892,1037328959.338707,6699771684.05006,-0.0031897250492749,-0.0031948230659541,Thursday,0,0,0,1,0,0,0,0.3045226419710121,0.2658371822634985,0.007995755493814372,-4.828844441374002,0.46276355820042436,0.0036676719096350742,-5.608198175252885,0.011533788432674719
2021-10-15,1.001887089707892,1.008774329909922,1.0009875311047534,1.0048906157272426,1105257343.1129909,6908634932.612756,0.0029978687720453,0.0029933841241464,Friday,0,0,0,0,1,0,0,0.0654839365687698,0.0634290964867861,0.005153861411898797,-5.268009056539413,-0.43916461516541094,0.0037080954264683127,-5.597236896316171,0.010961278936713725
2021-10-16,1.0048906157272426,1.007273308947943,0.9984808100856634,1.0028508267767997,754502735.163405,6999911017.126835,-0.0020298616770012,-0.002031924638372,Saturday,0,0,0,0,0,1,1,-0.3173510767742785,-0.3817745731972018,0.006069443671767757,-5.104488330208609,0.1635207263308045,0.0037265564737818035,-5.5922706691131046,0.004966227203066609
2021-10-17,1.0028508267767997,1.0058262193352487,0.9953640177041894,1.0047036120874977,504246358.8998917,7015861964.228972,0.0018475183558983,0.0018458137930118,Sunday,0,0,0,0,0,0,1,-0.3316838556049959,-0.4029939473500387,0.007304014611682962,-4.919331135187232,0.18515719502137706,0.003714727021388293,-5.595450083623033,-0.0031794145099288684
2021-10-18,1.0047036120874977,1.0054252388298814,0.9970270699747728,1.0008396847244363,504075877.425516,7014100064.797133,-0.0038458380328036,-0.0038532522833335,Monday,1,0,0,0,0,0,0,-0.0003380916319308,-0.0003381487977919,0.005426157532349455,-5.216524032297426,-0.29719289711019403,0.003779520439682321,-5.578158145207952,0.01729193841508181
2021-10-19,1.0008396847244363,1.0052683286940072,0.9989063912511444,1.0001042718306044,457332086.6679615,7007476516.513859,-0.0007347958969416,-0.0007350659917645,Tuesday,0,1,0,0,0,0,0,-0.0927316557901772,-0.0973170135179249,0.004465905900494153,-5.411283195984504,-0.19475916368707846,0.003780000819644978,-5.578031052513368,0.00012709269458355266
2021-10-20,1.0001042718306044,1.00801397092907,0.9983537839126168,1.0037165230432614,467029413.0953804,7017613128.34416,0.003611874595881,0.0036053674408112,Wednesday,0,0,1,0,0,0,0,0.0212041243335272,0.0209824450898516,0.006429875937384641,-5.046800035260172,0.3644831607243324,0.003693323951642923,-5.601228426503219,-0.023197373989851222
2021-10-21,1.0037165230432614,1.008145874144094,0.9965769032143316,0.9991498398903974,781798999.406152,7177241337.898686,-0.0045497738136439,-0.0045601555361493,Thursday,0,0,0,1,0,0,0,0.6739823606066688,0.5152054347397642,0.007653371135351464,-4.872609056922996,0.174190978337176,0.0037531901151240813,-5.585149103271319,0.01607932323190031
2021-10-22,0.9991498398903974,1.0057401817800975,0.9950233883032676,1.0035296545578791,711855256.3784938,7363020998.34275,0.0043835413795012,0.0043739616472208,Friday,0,0,0,0,1,0,0,-0.0894651222127259,-0.093723074356733,0.007070480872386235,-4.951826785490417,-0.07921772856742137,0.003830901293086777,-5.5646551789083265,0.020493924362992466
2021-10-23,1.0035296545578791,1.0087128620574206,1.0002887447169264,1.0087128620574206,491234831.53654426,7369495022.904753,0.0051649769152313,0.0051516841734536,Saturday,0,0,0,0,0,1,1,-0.309923152024385,-0.3709523137147389,0.004991376057679945,-5.300043644172241,-0.34821685868182417,0.0038844555916583696,-5.550772435829037,0.013882743079289384
2021-10-24,1.0087128620574206,1.0087128620574206,0.9980795286524008,1.0054183050425785,450947834.6591259,7343363362.487314,-0.0032660999366285,-0.0032714452831572,Sunday,0,0,0,0,0,0,1,-0.0820116862466852,-0.08557061855889,0.00721239410402221,-4.9319543295403205,0.36808931463192085,0.003916123506228979,-5.542653015937622,0.008119419891414736
2021-10-25,1.0054183050425785,1.0091548348294934,0.9990837779405272,1.0054519435769211,471488687.36396265,7335858317.962742,3.345725274139788e-05,3.345669306000094e-05,Monday,1,0,0,0,0,0,0,0.045550396578273,0.0445434420517073,0.007092127064371313,-4.948769974352656,-0.01681564481233533,0.0039002871097299882,-5.546705110676715,-0.0040520947390927375
2021-10-26,1.0054519435769211,1.0075335215862458,0.9928824832819928,1.0046025359844224,614969133.08661,7327319592.57816,-0.0008448017808558,-0.0008451588269833,Tuesday,0,1,0,0,0,0,0,0.3043136549570882,0.2656769675236032,0.010344551047990772,-4.571295366697276,0.37747460765537966,0.0039030226995909,-5.546003974866444,0.0007011358102708698
2021-10-27,1.0046025359844224,1.00609674174431,0.9953880279766122,0.9976335312394888,897375290.7000846,7410533278.125192,-0.0069370766002542,-0.0069612499760405,Wednesday,0,0,1,0,0,0,0,0.459220052551323,0.3779020823976486,0.006207647670577541,-5.0819732518069065,-0.5106778851096303,0.003725605313980173,-5.592525939955012,-0.04652196508856754
2021-10-28,0.9976335312394888,1.008927663269591,0.9976335312394888,1.003908273922243,887946878.196511,7643882394.834202,0.0062896268883005,0.0062699297337939,Thursday,0,0,0,1,0,0,0,-0.0105066549093613,-0.010562239489532,0.006941010154896667,-4.970307959594978,0.11166529221192878,0.003896867246362353,-5.547582318804386,0.044943621150626
2021-10-29,1.003908273922243,1.011999718247394,0.998121829120535,1.0019861715029148,910077087.9956723,7675527023.769043,-0.0019146195616244,-0.0019164547885389,Friday,0,0,0,0,1,0,0,0.0249228983653948,0.0246173886541903,0.009690965729891593,-4.63656119551793,0.3337467640770475,0.003499372747892992,-5.655171541435393,-0.1075892226310069
2021-10-30,1.0019861715029148,1.0039161374087864,0.9998749151240262,1.0039161374087864,697512215.1422215,7760043822.423098,0.0019261402609747,0.0019242876313903,Saturday,0,0,0,0,0,1,1,-0.2335679863357483,-0.2660092817153073,0.0025893028229478127,-5.956366619835248,-1.3198054243173178,0.0035086969857107725,-5.652510539569189,0.0026610018662038826
2021-10-31,1.0039161374087864,1.0057819137214448,0.9983333890335524,1.0005689407495262,639747623.0959395,7798663555.677977,-0.0033341397100157,-0.0033397103394363,Sunday,0,0,0,0,0,0,1,-0.0828151690999473,-0.0864462666217912,0.004828882716235451,-5.333140159767027,0.6232264600682207,0.003515198584854855,-5.650659258912851,0.0018512806563375506
2021-11-01,1.0023923808214998,1.0047710105751446,0.9958604240392094,1.001614492548382,548469090.3602703,7794453193.825782,0.0010449572800776,0.0010444116922633,Monday,1,0,0,0,0,0,0,-0.1426789712698638,-0.1539428345767534,0.006280280917248982,-5.070340567456462,0.26279959231056527,0.0035177108492819736,-5.64994482783493,0.0007144310779212404
2021-11-02,1.001614492548382,1.0090586623996316,0.9951103097953654,0.9998493233536376,604225413.3959501,7813389915.580935,-0.0017623239358821,-0.0017638786555913,Tuesday,0,1,0,0,0,0,0,0.1016580952612213,0.0968164042069862,0.009781372468605408,-4.627275470568104,0.4430650968883585,0.003528038214730438,-5.647013309056563,0.0029315187783671703
2021-11-03,0.9998493233536376,1.003125372084143,0.996771191126279,1.000632106568316,663169243.1549695,7825648462.408552,0.0007829011796025,0.0007825948723358,Wednesday,0,0,1,0,0,0,0,0.0975527153479614,0.0930828970213895,0.004466927827351282,-5.411054393592627,-0.7837789230245233,0.0035301802738026537,-5.646406340275004,0.0006069687815584146
2021-11-04,1.000632106568316,1.0043742025672768,0.9968162336749808,1.000619981413788,642005231.4219462,7829107366.784519,-1.211749497975756e-05,-1.2117568397192944e-05,Thursday,0,0,0,1,0,0,0,-0.0319134398216922,-0.0324337740316338,0.005341132014197125,-5.232317660798882,0.17873673279374458,0.0035196517682049037,-5.649393223753219,-0.0029868834782149634
2021-11-05,1.000619981413788,1.006872731660858,0.998036331684761,1.0015989617024812,734628423.0415759,8004258639.40339,0.000978373715174,0.0009778954195532,Friday,0,0,0,0,1,0,0,0.1442717085256193,0.1347683722096407,0.006203315944001713,-5.082671300223813,0.14964636057506908,0.0035241767971597093,-5.648108402711567,0.0012848210416525063
2021-11-06,1.0029761628384042,1.0057189823165738,0.9991926186655804,1.001080993155533,644170671.7526394,8150372411.590273,-0.0005171416572435,-0.0005172754211089,Saturday,0,0,0,0,0,1,1,-0.1231340204812863,-0.131401115256056,0.00445093406921092,-5.414641301637116,-0.33197000141330246,0.00352332686323916,-5.648349604125749,-0.00024120141418215724
2021-11-07,1.001080993155533,1.0079952964355778,0.9995733580777842,1.0023302780410466,564512764.827862,8153654555.820748,0.0012479358753738,0.0012471578506154,Sunday,0,0,0,0,0,0,1,-0.1236596299984391,-0.1320007132817463,0.0058819375909558306,-5.135869049080742,0.27877225255637406,0.0035279915652523027,-5.647026531641951,0.0013230724837978158
2021-11-08,1.0114160008458868,1.0114160008458868,0.9998862162525411,1.0009555678702178,614368240.0242816,8260015277.897707,-0.0013715141614952,-0.0013724555478911,Monday,1,0,0,0,0,0,0,0.0883159395193164,0.0846314918676235,0.004896250834943403,-5.319285502457129,-0.18341645337638735,0.003530688060540029,-5.646262509030969,0.0007640226109826287
2021-11-09,1.0009555678702178,1.004678639020959,0.9995162610852776,1.0011499772523629,540986149.1408856,8477544744.565604,0.0001942237881336,0.0001942049291355,Tuesday,0,1,0,0,0,0,0,-0.119443171216819,-0.1272008116371849,0.003640719761783836,-5.615573880127021,-0.29628837766989236,0.003517021488207009,-5.650140815697466,-0.0038783066664977994
2021-11-10,1.0011499772523629,1.0085934410643118,0.9956136763671352,1.0044213662836692,621918546.3409328,8579774437.928874,0.003267631329608,0.0032623042238788,Wednesday,0,0,1,0,0,0,0,0.1496016068591998,0.1394154535367464,0.008931686481662685,-4.718150046195424,0.8974238339315974,0.0033942012927954957,-5.68568680550347,-0.03554598980600332
2021-11-11,1.0044213662836692,1.006216459010842,0.9991781689051996,1.0011671074263095,826464623.3552146,8570163503.4219055,-0.0032399339227522,-0.0032451938729977,Thursday,0,0,0,1,0,0,0,0.3288952841457,0.2843479836589087,0.00453516385398567,-5.395894065089648,-0.6777440188942236,0.003155996401876294,-5.758451016089054,-0.07276421058558391
2021-11-12,1.0011671074263095,1.0076412807183253,0.9986742700591948,1.0076412807183253,610266645.91339,8560104566.016628,0.0064666260447356,0.0064458071224578,Friday,0,0,0,0,1,0,0,-0.2615937468250261,-0.3032611272825299,0.00488891988107374,-5.320783883109651,0.07511018197999686,0.003222378492095904,-5.737635529960846,0.020815486128207716
2021-11-13,1.0076412807183253,1.0076412807183253,0.999161641413906,1.0031728200177052,458386645.55980986,8550824206.981254,-0.0044345748691781,-0.0044444367626499,Saturday,0,0,0,0,0,1,1,-0.2488748178695894,-0.2861829538512422,0.0052989385284887384,-5.240248756125941,0.08053512698371001,0.003271380025331357,-5.7225433570057245,0.015092172955121441
2021-11-14,1.0031728200177052,1.0098331084323746,0.9991811688633406,1.0098331084323746,308185555.85229474,8509459350.370294,0.00663922335391,0.0066172807781017,Sunday,0,0,0,0,0,0,1,-0.3276733542795086,-0.397010976616366,0.006269751807196396,-5.072018509299985,0.16823024682595555,0.0034442506417006113,-5.671048918728888,0.051494438276836085
2021-11-15,1.0098331084323746,1.0098331084323746,1.0007930002567635,1.0031440842988035,513004407.6007001,8491776984.394194,-0.0066238906980925,-0.0066459260223718,Monday,1,0,0,0,0,0,0,0.6645958834182666,0.5095823813112205,0.004834209274649988,-5.332037705405824,-0.2600191961058389,0.0036328386029130977,-5.617740952022198,0.053307966706690024
2021-11-16,1.0031440842988035,1.0051099506264267,0.9987842375914086,1.0017870903470447,940221377.3314456,8459845070.198427,-0.0013527408205844,-0.0013536566004166,Tuesday,0,1,0,0,0,0,0,0.8327744623653843,0.6058309183877609,0.00438428207684886,-5.429729389059391,-0.09769168365356684,0.00362560729201719,-5.6197334758745585,-0.0019925238523601507
2021-11-17,1.0017870903470447,1.0135108788332243,0.9955838539658726,1.0046921832617517,973125048.4799871,8476512237.285461,0.0028999105126226,0.0028957138834071,Wednesday,0,0,1,0,0,0,0,0.0349956637254189,0.0343972370712794,0.012490272504942727,-4.382805137232959,1.0469242518264323,0.0035957773976957484,-5.627995067043059,-0.008261591168500892
2021-11-18,1.0046921832617517,1.0065374524608124,0.9935509117768426,1.004210934939617,799764265.3455311,8494156975.845596,-0.0004790007627731,-0.0004791155202859,Thursday,0,0,0,1,0,0,0,-0.1781485158615987,-0.1961955764805289,0.009177764652491486,-4.690971605908387,-0.3081664686754282,0.0035943366679769924,-5.628395820000489,-0.0004007529574296953
2021-11-19,1.004210934939617,1.006266999854717,0.995586500662247,1.006266999854717,817001793.6806706,8601513488.430073,0.0020474432647195,0.0020453501093493,Friday,0,0,0,0,1,0,0,0.0215532614822346,0.0213242743785683,0.007437472390807233,-4.901224220277651,-0.21025261436926446,0.003553226070157804,-5.639899336002938,-0.011503516002449032
2021-11-20,1.006266999854717,1.0093005530586148,1.0004088408026617,1.0066940349166575,526224175.28753215,8653962824.96244,0.0004243755007391,0.0004242854789241,Saturday,0,0,0,0,0,1,1,-0.355908176263797,-0.4399139796005272,0.00625149555561698,-5.074934554960133,-0.17371033468248154,0.003455177105075922,-5.667881562562264,-0.027982226559325696
2021-11-21,1.0066940349166575,1.0110078510538134,1.0016617752277512,1.0048762183963258,658632962.5908012,8680993111.02547,-0.0018057289079718,-0.0018073612016989,Sunday,0,0,0,0,0,0,1,0.2516204946892075,0.2244391074701573,0.006470332952846101,-5.040527710766183,0.034406844193950015,0.0033777826989771107,-5.690535790973229,-0.022654228410964983
2021-11-22,1.0048762183963258,1.0048762183963258,0.9956556224570828,1.0004541645760785,741059361.6755224,8676126314.744719,-0.0044005955552459,-0.0044103066761489,Monday,1,0,0,0,0,0,0,0.1251476979841526,0.1179143141360112,0.005913878660012715,-5.130453375176487,-0.08992566441030458,0.0033426208978382223,-5.701000079758005,-0.010464288784776343
2021-11-23,1.0004541645760785,1.0038166732597815,0.9975110904366962,1.002207944801656,709830749.9339585,8659222113.19794,0.0017529840823049,0.0017514493989637,Tuesday,0,1,0,0,0,0,0,-0.0421404996098512,-0.0430541710672743,0.004320759413535774,-5.444324102005082,-0.3138707268285943,0.0033043337944603547,-5.712520401047286,-0.011520321289280488
2021-11-24,0.9986339560299792,1.0029864474388226,0.9940257650654682,1.0022449718047552,690443913.5362803,8715530833.13301,3.694542962984215e-05,3.694474716426616e-05,Wednesday,0,0,1,0,0,0,0,-0.0273119140013051,-0.0276918175638919,0.0059359100183593045,-5.126734931864144,0.3175891701409377,0.003304335033055897,-5.712520026207639,3.7483964643314494e-07
2021-11-25,1.0022449718047552,1.0041994328771162,0.9969136298251684,0.9979605899493754,536614631.5887152,8770591270.231771,-0.0042747850833961,-0.0042839480997582,Thursday,0,0,0,1,0,0,0,-0.2227976508036548,-0.2520545388427291,0.004407133301375445,-5.424530845933846,-0.2977959140697024,0.0033921321623182153,-5.68629659886393,0.026223427343709638
2021-11-26,0.9979605899493754,1.0044058553984734,0.9940139233591556,1.000172128692464,761431017.6007271,8768314717.772112,0.0022160581944432,0.0022136063590877,Friday,0,0,0,0,1,0,0,0.4189531421206587,0.3499193758713353,0.007224241474598981,-4.930313036709753,0.494217809224093,0.0031708982433115026,-5.75374037371959,-0.06744377485566044
2021-11-27,1.000172128692464,1.004007782665738,0.9931559213925008,0.9987986677496729,537471972.0798917,8701547012.563227,-0.0013732245714412,-0.0013741683083772,Saturday,0,0,0,0,0,1,1,-0.2941291336233339,-0.3483229670336729,0.0076367869837500775,-4.874778316125618,0.05553472058413522,0.002967682540053291,-5.819973920296214,-0.06623354657662439
2021-11-28,0.9987986677496729,1.0084782765671148,0.9981935997276724,1.001637828844,352111106.4016166,8708367461.142176,0.002842575972517,0.002838543493382,Sunday,0,0,0,0,0,0,1,-0.344875408034714,-0.4229298446949009,0.007030263754374341,-4.9575310554601835,-0.08275273933456528,0.002992204983861802,-5.811744710567655,0.008229209728559006
2021-11-29,1.001637828844,1.0053338853974128,0.9965601348563636,0.9986096774223756,605288666.354567,8740120431.432358,-0.0030231999375655,-0.0030277790378493,Monday,1,0,0,0,0,0,0,0.7190274755610155,0.5417587097290663,0.005905566220850795,-5.131859945555414,-0.17432889009523045,0.0030224894980635866,-5.801674450067439,0.010070260500216754
2021-11-30,0.9986096774223756,1.0046169729609584,0.988778675131885,0.9990225434734604,530511569.43937534,8798157604.023228,0.0004134408672571,0.0004133554241314,Tuesday,0,1,0,0,0,0,0,-0.1235395623142043,-0.1318637123357221,0.01123377173199618,-4.488830704466251,0.6430292410891632,0.002961308722690365,-5.822123972315466,-0.020449522248027208
2021-12-01,1.0056257198814609,1.0056257198814609,0.9952284810194398,1.001319489566333,705709087.649857,8864930980.10953,0.0022991934545206,0.0022965543536781,Wednesday,0,0,1,0,0,0,0,0.3302425965858273,0.2853613290481666,0.0068477948444000975,-4.983828599061072,-0.494997894594821,0.002984760440688235,-5.814235789733927,0.007888182581538672
2021-12-02,1.001319489566333,1.0027010608487814,0.9975399468525554,0.9975399468525554,686482118.6507555,8896253091.222403,-0.0037745622183131,-0.0037817038549819,Thursday,0,0,0,1,0,0,0,-0.0272448935908291,-0.0276229176743818,0.002791217165318048,-5.88127751831195,-0.8974489192508779,0.0030466039168449907,-5.79372777861785,0.020508011116077363
2021-12-03,0.9975399468525554,1.003865662524803,0.995138021275342,0.999703768225611,654279178.2450728,8896880404.948576,0.0021691576160762,0.0021668083903085,Friday,0,0,0,0,1,0,0,-0.0469100935490874,-0.0480460393255513,0.0060258314482949105,-5.111699809409505,0.7695777089024443,0.003068856826518968,-5.786450155941725,0.007277622676125084
2021-12-04,0.999703768225611,1.0059530479890904,0.9696884718952228,0.9995927005396948,1402008509.1613836,8849989078.976555,-0.0001111005974433,-0.0001111067695718,Saturday,0,0,0,0,0,1,1,1.1428291710610337,0.7621269984568481,0.025961913934371927,-3.6511246635783836,1.4605751458311218,0.003068923071312058,-5.786428570028187,2.1585913537514045e-05
2021-12-05,0.9995927005396948,1.004437053300442,0.994783732979983,1.0004759565933234,1048667096.714878,8962925320.47901,0.0008836159499281,0.0008832257911714,Sunday,0,0,0,0,0,0,1,-0.2520251554377927,-0.2903859318375986,0.006806541356565466,-4.989871164990322,-1.3387465014119382,0.003067966062804206,-5.786740457205776,-0.00031188717758912077
2021-12-06,1.0004759565933234,1.0115059882442432,0.9926968557076804,1.0010238609330977,900800035.079558,8937858355.939255,0.0005476436851514,0.0005474937830746,Monday,1,0,0,0,0,0,0,-0.1410047689095402,-0.151991908712408,0.01326820161624304,-4.322384962335739,0.6674862026545831,0.0030681408510517256,-5.786683486800919,5.6970404857636936e-05
2021-12-07,1.0010238609330977,1.0029613747099249,0.9938355024244266,1.0029613747099249,779131458.6049162,8936120185.220324,0.0019355320611649,0.0019336613324996,Tuesday,0,1,0,0,0,0,0,-0.1350672421586841,-0.1451035116715386,0.006350644327596523,-5.059199002312321,-0.7368140399765819,0.0030799799344650757,-5.782832196801942,0.003851289998976881
2021-12-08,1.0029613747099249,1.0051004997359652,0.9871504292399532,1.0013557667104835,514738460.9818936,8943781790.920464,-0.0016008672317073,-0.0016021499888528,Wednesday,0,0,1,0,0,0,0,-0.3393432452290335,-0.4145208557422322,0.012703362451078538,-4.365888560632872,0.6933104416794489,0.0030836749842629257,-5.781633216557517,0.0011989802444247744
2021-12-09,1.0013557667104835,1.0029874190886208,0.9933376578506348,1.001296630046976,587065459.5344847,8932022301.967308,-5.905659653981932e-05,-5.905834044927666e-05,Thursday,0,0,0,1,0,0,0,0.1405121319565341,0.131477400087337,0.00683592713820786,-4.985563172327453,-0.619674611694581,0.0030834899847961496,-5.7816932115366555,-5.999497913844465e-05
2021-12-10,1.001296630046976,1.0105710625879565,0.9946918449915187,1.000625892656312,830230179.986943,8921829761.588314,-0.0006698688186262,-0.0006700932809892,Friday,0,0,0,0,1,0,0,0.4142037595692931,0.3465666586269058,0.01119132043247658,-4.492616762504912,0.4929464098225411,0.0030278909642754872,-5.799888953211328,-0.018195741674672306
2021-12-11,1.000625892656312,1.005425422812367,0.9981162048239192,1.0034667934365615,850925320.8188348,8919786111.672115,0.0028391237935168,0.0028351010937224,Saturday,0,0,0,0,0,1,1,0.024926991731639,0.0246213824746782,0.0048490472684373075,-5.328973032826973,-0.8363562703220611,0.0030141346225438037,-5.804442514034175,-0.004553560822847302
2021-12-12,1.0034667934365615,1.0186210908265516,0.9984833634554978,1.0017045545146432,442636083.8888514,8929325674.864515,-0.0017561507101626,-0.0017576945505634,Sunday,0,0,0,0,0,0,1,-0.479817942821459,-0.6535764187221217,0.014076918926374868,-4.263218778449983,1.0657542543769898,0.002793392718288825,-5.88049839385163,-0.07605587981745465
2021-12-13,1.0017045545146432,1.0044582521493135,0.9935630501589614,1.0012451001454814,514222689.430484,8904924180.218811,-0.0004586725368184,-0.0004587777592427,Monday,1,0,0,0,0,0,0,0.1617279027789528,0.1499084681684885,0.007706503853251329,-4.865690650377452,-0.6024718719274693,0.002674252202347744,-5.924085488239907,-0.04358709438827724
2021-12-14,1.0012451001454814,1.0035976214325435,0.9963333905722508,1.0005245250977992,671388070.8176298,8830731563.859688,-0.0007196789752853,-0.0007199380685158,Tuesday,0,1,0,0,0,0,0,0.3056368079775142,0.2666908972150459,0.005117260677308854,-5.275136007070226,-0.4094453566927738,0.0023894117210387215,-6.036708085161392,-0.11262259692148469
2021-12-15,1.0005245250977992,1.0059097606345964,0.996558019050377,0.9996574333908048,696433595.9328972,8841870284.198837,-0.0008666371340668,-0.0008670128811345,Wednesday,0,0,1,0,0,0,0,0.0373040961016277,0.036625132258827,0.006582558559634256,-5.0233317703729545,0.2518042366972715,0.002064477575726534,-6.182878074539437,-0.1461699893780457
2021-12-16,0.9996574333908048,1.0029098669768663,0.9967503542462628,0.9998809497607476,730739393.9661679,8886022341.101799,0.0002235929654268,0.0002235679722452,Thursday,0,0,0,1,0,0,0,0.049259252042999,0.0480844409606155,0.0043539703420330585,-5.436667127852821,-0.41333535747986616,0.0020500376115793065,-6.18989713888827,-0.007019064348832593
2021-12-17,0.9998809497607476,1.0052940032259687,0.9909670030833032,1.0003129418584091,559233317.7500371,8895318331.994743,0.0004320435325475,0.0004319502286138,Friday,0,0,0,0,1,0,0,-0.2347021080733897,-0.2674901197413213,0.010146316875505169,-4.590644508755734,0.846022619097087,0.001982263423228915,-6.22351594412128,-0.03361880523300975
2021-12-18,1.0003129418584091,1.0100366520552768,0.9969354807018276,0.9999219076049368,740515508.0232803,8906871850.097252,-0.0003909119207693,-0.0003909883467521,Saturday,0,0,0,0,0,1,1,0.3241619991501858,0.2807798058835642,0.009228676859025084,-4.685439592961588,-0.09479508420585425,0.0019816186025372767,-6.223841292198308,-0.0003253480770286643
2021-12-19,0.9999219076049368,1.0035898061070514,0.9979977086654648,0.9979977086654648,476286857.9193998,8925340490.692017,-0.0019243492165113,-0.0019262031552637,Sunday,0,0,0,0,0,0,1,-0.356817172957266,-0.4413262607232924,0.003765343763208359,-5.581916116929306,-0.8964765239677179,0.001977634699189803,-6.225853744743485,-0.0020124525451770126
2021-12-20,0.9979977086654648,1.00679744116879,0.9936969638778772,1.003861220909781,533700418.90262383,8932516141.83093,0.0058752762590577,0.0058580841296374,Monday,1,0,0,0,0,0,0,0.1205440797464538,0.1138143528393374,0.008515560674813285,-4.765860121490489,0.8160559954388171,0.002246985399785455,-6.098165783447827,0.12768796129565807
2021-12-21,1.003861220909781,1.0140838175787548,0.9992330009176158,0.9992330009176158,550072946.192382,8997901920.868193,-0.0046104181492047,-0.0046210789066131,Tuesday,0,1,0,0,0,0,0,0.0306773738784442,0.0302162306303142,0.010028673857856829,-4.602306903311438,0.1635532181790511,0.0023773663113706876,-6.041761995884649,0.05640378756317865
2021-12-22,0.9992330009176158,1.013943554944993,0.9986874625030518,1.0015749457778251,358253638.79465127,9024275617.669706,0.0023437425085628,0.0023410002280533,Wednesday,0,0,1,0,0,0,0,-0.3487161270618897,-0.4288096750781104,0.010620991613299935,-4.544922895276797,0.05738400803464039,0.002277320021745371,-6.084755956433387,-0.042993960548738386
2021-12-23,1.0015749457778251,1.0107384819356446,1.000766960058634,1.0041943297134128,435317635.9489128,9015148031.140593,0.0026152650349628,0.002611851180156,Thursday,0,0,0,1,0,0,0,0.2151101588627104,0.1948347384132487,0.006820125917480558,-4.987877344323516,-0.4429544490467183,0.002304631467526656,-6.072834499252699,0.011921457180688044
2021-12-24,1.0041943297134128,1.0078059979370833,0.9944327675658264,1.0015419559032193,378825888.1396174,8991987436.317284,-0.0026412953466392,-0.0026447897216672,Friday,0,0,0,0,1,0,0,-0.1297713282076287,-0.1389992607295319,0.009301738821564393,-4.6775539262389625,0.3103234180845531,0.0023546644048987497,-6.051357064896012,0.021477434356686587
2021-12-25,1.0015419559032193,1.005096571978059,0.9988033021408892,0.9991560586523794,318357311.7945184,9009096357.077509,-0.0023822239665318,-0.0023850659764785,Saturday,0,0,0,0,0,1,1,-0.1596210244290725,-0.1739023274935177,0.004186681152350769,-5.475846946659786,-0.7982930204208234,0.0022632547520598807,-6.090951345948991,-0.03959428105297835
2021-12-26,0.9991560586523794,1.0042887033476435,0.9969234682307828,1.0010237835244349,321246097.772544,9048384133.83688,0.0018693024536873,0.0018675574821036,Sunday,0,0,0,0,0,0,1,0.0090740368479118,0.009033115139325,0.005073798800354237,-5.283665471655059,0.19218147500472682,0.0022528306639841397,-6.0955677805945445,-0.004616434645553724
2021-12-27,1.0010237835244349,1.0027108392186794,0.9970333409673476,0.9970333409673476,411178017.8506192,9050923338.366531,-0.0039863613859778,-0.0039943281037199,Monday,1,0,0,0,0,0,0,0.2799471206082971,0.2468187650533926,0.00315563141577854,-5.758566671228648,-0.4749011995735888,0.002354596203726058,-6.051386029601246,0.044181750993298685
2021-12-28,0.9970333409673476,1.004310235543336,0.9970333409673476,0.9999219382883052,385136582.3155229,9022356323.636171,0.0028971923026717,0.0028930035295562,Tuesday,0,1,0,0,0,0,0,-0.0633337250644491,-0.0654282235408158,0.004817490427347559,-5.335502144735836,0.4230645264928121,0.002356804607487564,-6.050448557281765,0.0009374723194808254
2021-12-29,0.9999219382883052,1.011886779822542,0.9995625146194812,1.0031091448476723,520722794.72932506,8993663787.29411,0.0031874553775899,0.0031823862106703,Wednesday,0,0,1,0,0,0,0,0.3520470883306619,0.3016198056612084,0.008436309329334065,-4.775210349264732,0.5602917954711035,0.0023635846704251513,-6.047575884202925,0.0028726730788397603
2021-12-30,1.0031091448476723,1.00728255814606,0.9957994759706756,1.002310100833368,350817559.8372481,8937883848.3403,-0.0007965673709671,-0.0007968847993352,Thursday,0,0,0,1,0,0,0,-0.3262873002907329,-0.3949515205040646,0.008092217860560143,-4.816852437083031,-0.04164208781829881,0.002366855420910593,-6.046193031468928,0.0013828527339976304
2021-12-31,1.002310100833368,1.005710280884153,0.9944402173587584,0.9993700114165128,368696836.9517777,8937189678.288378,-0.0029333131676619,-0.0029376237623449,Friday,0,0,0,0,1,0,0,0.0509646014379217,0.0497084104883266,0.007756634231473349,-4.859206771933958,-0.04235433485092699,0.0023903668405673034,-6.036308435039954,0.009884596428973325
2022-01-01,0.9993700114165128,1.006137297637476,0.9975907415890224,1.0045838468235089,338505437.2559078,8949215364.26111,0.0052171221343793,0.0052035601020986,Saturday,0,0,0,0,0,1,1,-0.081886787924407,-0.0854345712644307,0.0050918336068558855,-5.280117276186195,-0.4209105042522374,0.0024778442422387975,-6.00036635399011,0.03594208104984453
2022-01-02,1.0045838468235089,1.005775148352971,0.9977317889924088,1.0017286585567955,276051301.79705244,8993208951.099413,-0.0028421602395275,-0.0028462068461628,Sunday,0,0,0,0,0,0,1,-0.1844996522511998,-0.2039534304971248,0.005394968742983872,-5.22228847398968,0.057828802196515205,0.0025006478992100657,-5.991205421000026,0.009160932990083914
2022-01-03,1.0017286585567955,1.005452774512951,0.997954264966192,1.0021535526031484,278551044.8357648,9027625316.416662,0.0004241608171269,0.0004240708863567,Monday,1,0,0,0,0,0,0,0.0090553568211395,0.0090146029202062,0.005286688378344276,-5.242563244577273,-0.020274770587592528,0.002501763970195977,-5.990759207839828,0.00044621316019810564
2022-01-04,1.0021535526031484,1.0063309777573792,0.9911942684423312,0.9993268117645652,314991067.8572848,9048286172.112396,-0.0028206663851468,-0.0028246519609925,Tuesday,0,1,0,0,0,0,0,0.1308199114564627,0.1229429549741583,0.010571958427391831,-4.549550214579283,0.6930130299979895,0.0025492695671484058,-5.9719484051003215,0.018810802739506194
2022-01-05,0.9993268117645652,1.0062244301285317,0.9908062696936292,1.0027253963092082,360571685.16165966,9063304630.616636,0.0034008739729918,0.0033951040791887,Wednesday,0,0,1,0,0,0,0,0.1447044756361992,0.1351465038116477,0.010712869816311836,-4.536309473711346,0.013240740867937362,0.0026216422464153326,-5.943954345964571,0.02799405913575015
2022-01-06,1.0027253963092082,1.0065234511181822,0.9946283693151258,0.9999307221827528,562291377.9354538,8990212658.429413,-0.0027870782337237,-0.002790969367876,Thursday,0,0,0,1,0,0,0,0.5594440747152805,0.4443293953872901,0.008225429436313039,-4.800524772591764,-0.2642152988804183,0.0026472671815119518,-5.934227423350114,0.0097269226144574
2022-01-07,0.9999307221827528,1.011487851841752,0.9850913431536784,1.0034421580701711,626497204.9026109,8972638954.873144,0.003511679168886,0.0035055276208955,Friday,0,0,0,0,1,0,0,0.1141860421244578,0.1081241312639122,0.01857084660497062,-3.986162314728299,0.814362457863465,0.002707782273518234,-5.911625328376338,0.02260209497377641
2022-01-08,1.0034421580701711,1.0118685800177578,0.9948998851357642,0.9967404580046308,413961844.3277997,9011937887.732117,-0.0066787108869623,-0.0067011132782946,Saturday,0,0,0,0,0,1,1,-0.3392439086904624,-0.4143705067592435,0.011209776201153623,-4.490969006312019,-0.5048066915837199,0.0029713295368927967,-5.818745770815908,0.09287955756042976
2022-01-09,0.9967404580046308,1.0065865675373502,0.9967404580046308,1.0028566734926256,390559907.7923704,8993641664.731367,0.0061362167441649,0.0061174668294656,Sunday,0,0,0,0,0,0,1,-0.0565316269025467,-0.058192435564776,0.005818624989753829,-5.146691301207692,-0.6557222948956731,0.003171951827654028,-5.753408162066965,0.06533760874894323
2022-01-10,1.0028566734926256,1.017755194170623,0.9964696839870448,1.0010705134157518,320263189.03331584,8958616153.57586,-0.0017810721353164,-0.0017826601301276,Monday,1,0,0,0,0,0,0,-0.179989592778237,-0.1984382470705203,0.014904264752323074,-4.206107881997155,0.9405834192105376,0.003146312290267515,-5.761524213453277,-0.008116051386312328
2022-01-11,1.0010705134157518,1.007983186487581,0.9925560843901404,0.9996134356989091,616997804.9185498,9006147111.76468,-0.0014555195636228,-0.0014565798612037,Tuesday,0,1,0,0,0,0,0,0.92653363248177,0.655722342747298,0.01086824443236018,-4.5219100966551125,-0.31580221465795777,0.003141181123906719,-5.7631563956797764,-0.0016321822264995234
2022-01-12,0.9996134356989091,1.0104481079212166,0.9967873298595596,1.0028747351155185,338351540.7692575,9044327668.887402,0.0032625606060698,0.0032572500028573,Wednesday,0,0,1,0,0,0,0,-0.4516162973806309,-0.6007800497892347,0.009409641297492851,-4.666020445400158,-0.1441103487450457,0.0031958815484118227,-5.745892314214306,0.01726408146547076
2022-01-13,1.0028747351155185,1.0045773155849858,0.9964076150609504,0.9992347314605584,347469161.0318902,9129492996.882317,-0.0036295696037659,-0.003636172473412,Thursday,0,0,0,1,0,0,0,0.026947181153375,0.0265904993934374,0.005313383236527562,-5.237526502263106,-0.5715060568629475,0.0032614577802892344,-5.7255810116872015,0.020311302527104225
2022-01-14,0.9992347314605584,1.0122698232525642,0.9898124564676778,0.9991799307470216,337488326.14234823,9143661292.006784,-5.484268291666705e-05,-5.484418683158787e-05,Friday,0,0,0,0,1,0,0,-0.0287243761716913,-0.0291449953282782,0.01586386922825912,-4.143711131100489,1.0938153711626164,0.0032576295171338494,-5.72675549008296,-0.0011744783957583493
2022-01-15,0.9991799307470216,1.0078901263468558,0.9974516787537254,1.0001368264654986,282322492.3541296,9181428501.37168,0.0009576810832876,0.0009572227993289,Saturday,0,0,0,0,0,1,1,-0.1634599762865586,-0.1784809130609704,0.007337421755376395,-4.914767757547281,-0.771056626446792,0.003262058629027548,-5.725396801607142,0.0013586884758174378
2022-01-16,1.0001368264654986,1.008943295183306,0.9958696657312076,1.000170753157861,307588579.6822555,9242090833.69233,3.39220509280036e-05,3.392147558824512e-05,Sunday,0,0,0,0,0,0,1,0.0894937102511603,0.0857131023259012,0.009222365484764235,-4.68612371414991,0.2286440433973711,0.0032611110818395374,-5.725687319020202,-0.0002905174130596322
2022-01-17,1.000029748482287,1.0053328792749836,0.994844395099094,1.000356812494739,452229568.5438792,9420563336.367577,0.0001860275720826,0.0001860102710994,Monday,1,0,0,0,0,0,0,0.4702417398300043,0.3854268361343612,0.007413103432315665,-4.904506110576665,-0.2183823964267546,0.0032605065689069327,-5.725872706439922,-0.0001853874197204064
2022-01-18,1.0007151490843864,1.0023048162622477,0.9956223042285622,0.9999521065334336,337413931.4444444,9695833621.84468,-0.0004045616086686,-0.0004046434657944,Tuesday,0,1,0,0,0,0,0,-0.2538879478162524,-0.2928794860582059,0.004706351238274747,-5.3588423551946365,-0.45433624461797173,0.003242327200821554,-5.731463935153171,-0.005591228713248242
2022-01-19,1.0000476185921356,1.002272205936801,0.9978781900097016,1.000410687021878,393608464.27874565,9714195517.402946,0.0004586024525057,0.0004584973265404,Wednesday,0,0,1,0,0,0,0,0.1665447914190636,0.1540462098725171,0.003098607726209542,-5.776802388953458,-0.4179600337588214,0.0030619908580538204,-5.788689967363832,-0.05722603221066169
2022-01-20,1.000363485064914,1.003263474009706,0.9973780710781924,1.0000547901229384,348474067.8333333,9759554504.525349,-0.0003557507967044,-0.0003558140910309,Thursday,0,0,0,1,0,0,0,-0.1146682567614935,-0.1217928530963787,0.004155861226409552,-5.483235597445686,0.29356679150777154,0.002944179986857613,-5.827924943144066,-0.03923497578023394
2022-01-21,1.0005107312121662,1.0067169063500092,0.9939366319924224,0.9998299934036562,640561262.2222222,9640512739.78159,-0.000224784403317,-0.0002248096711176,Friday,0,0,0,0,1,0,0,0.838189183502134,0.6087809476367422,0.009024280054169168,-4.707836550336407,0.7753990471092793,0.0029132806889076625,-5.838475448315065,-0.010550505170998647
2022-01-22,1.0018180129980574,1.0078257152674723,0.9958250215484356,1.000240154308423,1253756945.902098,9666723913.904266,0.0004102306466826,0.0004101465250963,Saturday,0,0,0,0,0,1,1,0.957278748878116,0.6715551151016999,0.00841356750568872,-4.777909696883352,-0.07007314654694508,0.002874964259230802,-5.851715036381991,-0.013239588066926267
2022-01-23,1.0015418153695896,1.0044210552461803,0.9955432583480416,1.000520642597452,618098510.6666666,9603005523.679909,0.0002804209447309,0.0002803816341266,Sunday,0,0,0,0,0,0,1,-0.5070029221477732,-0.7072520322344439,0.006245603815201951,-5.07587745229602,-0.2979677554126683,0.002834585718963499,-5.865859483357651,-0.014144446975659974
2022-01-24,1.0008017289246465,1.005824737199853,0.9940174193453096,1.002601116689052,424368846.8888889,9650569630.779913,0.0020793914718231,0.0020772325297157,Monday,1,0,0,0,0,0,0,-0.3134284591121655,-0.3760448481507787,0.008274811404725994,-4.794539148948397,0.28133830334762333,0.002826497486377255,-5.868716971155089,-0.0028574877974376633
2022-01-25,1.0015663099427454,1.0074649045499406,0.99880596813376,1.0011294665721544,580708943.7212543,9689967432.288546,-0.0014678321142884,-0.0014689104351715,Tuesday,0,1,0,0,0,0,0,0.3684061588839942,0.3136466749033458,0.006097667454499061,-5.099848965438821,-0.305309816490424,0.00281864369353124,-5.871499469471045,-0.002782498315956339
2022-01-26,1.0003458474593632,1.0091943018764271,0.9894832818984408,1.0001373698936369,306016552.0555556,9765193111.89858,-0.0009909774026674,-0.0009914687454068,Wednesday,0,0,1,0,0,0,0,-0.4730293800977752,-0.640610481705996,0.01394686835434873,-4.272500286644267,0.8273486787945536,0.002728680519991636,-5.903937112635324,-0.032437643164278995
2022-01-27,0.9994567196296318,1.0112991140264345,0.9961778133477688,1.0010795422347116,494492387.0,9776604244.862707,0.0009420429327373,0.0009415994887674,Thursday,0,0,0,1,0,0,0,0.6159007860144365,0.4798925634211194,0.01060492026504636,-4.546437209612676,-0.2739369229684083,0.0026825861997997204,-5.920973949847204,-0.01703683721187943
2022-01-28,1.001133267189348,1.0032027734473168,0.997196996913732,1.0021816730676871,828716130.8888888,9609433363.83213,0.0011009423192438,0.0011003367266895,Friday,0,0,0,0,1,0,0,0.6758925974908665,0.51634591736383,0.00419575776946501,-5.473681319031288,-0.9272441094186119,0.0026266024981517755,-5.942064093716517,-0.02109014386931296
2022-01-29,1.0020123981234483,1.0025507163120262,0.9981542582332888,1.0011571053461028,501693760.6111111,9607349092.47206,-0.0010223373157963,-0.0010228602590366,Saturday,0,0,0,0,0,1,1,-0.3946132554787011,-0.5018877780400758,0.0030620177277089337,-5.788681192178514,-0.31499987314722677,0.002629210516644489,-5.941071661642001,0.0009924320745158255
2022-01-30,1.0012738235052996,1.0029707220173627,0.9990158915565754,0.9997254060675592,206284261.0,9652910332.633,-0.0014300445663306,-0.001431068055935,Sunday,0,0,0,0,0,0,1,-0.5888243442598808,-0.8887347695603827,0.0026228983552337272,-5.943475330188807,-0.15479413801029285,0.002587152621684333,-5.957197381892469,-0.01612572025046788
2022-01-31,0.9996483929683831,1.0028961386837485,0.9987399710311974,1.0009099608985332,285487983.6944444,9625085992.720669,0.0011848801918854,0.0011841787753592,Monday,1,0,0,0,0,0,0,0.3839542692713935,0.3249448142156003,0.002829895899323326,-5.867515352694968,0.07595997749383887,0.002416098799528573,-6.025601105901091,-0.06840372400862282
2022-02-01,1.0010105809302978,1.0041493303386952,0.9988754769905006,1.0016687344791677,283722824.9444444,9616821210.077517,0.0007580837540603,0.00075779655371,Tuesday,0,1,0,0,0,0,0,-0.0061829528765359,-0.0062021464860268,0.0037010777348033203,-5.599131222069074,0.2683841306258943,0.002363608572206018,-6.047565771740989,-0.021964665839897535
2022-02-02,1.0013687019505453,1.0029787493140516,0.999226025178725,0.999986921759744,250620261.2777778,9647715070.744938,-0.0016790108960506,-0.0016804220145886,Wednesday,0,0,1,0,0,0,0,-0.1166721911539842,-0.1240589028261219,0.002507872975391852,-5.988320305264498,-0.3891890831954239,0.002382179299917282,-6.039739538036681,0.007826233704308017
2022-02-03,1.0012885372692035,1.0037140807848104,0.9996539548886114,1.0018678452091598,273042724.9760311,9177132022.081356,0.0018809480489063,0.0018791812812435,Thursday,0,0,0,1,0,0,0,0.0894678809443947,0.0856893944213,0.0028434858767563674,-5.862724558081744,0.12559574718275357,0.002350858070972306,-6.052974880888249,-0.013235342851568355
2022-02-04,1.0008360790795865,1.002663600775245,0.99949004825441,1.0011669455296783,257479365.6513828,9202467010.75569,-0.0006995929481449,-0.0006998377774853,Friday,0,0,0,0,1,0,0,-0.0569997216589988,-0.0586887011832923,0.0022321949887242195,-6.104769877739257,-0.24204531965751297,0.0022712628741292863,-6.087419269968676,-0.03444438908042713
2022-02-05,1.004345692132139,1.004345692132139,0.999495097679554,1.0018503082410062,343600349.008234,9285499959.889446,0.0006825661937592,0.0006823333514023,Saturday,0,0,0,0,0,1,1,0.3344772235980096,0.2885396223492464,0.0030542635486681857,-5.791216779684972,0.31355309805428533,0.002216868061717961,-6.111659862199183,-0.02424059223050623
2022-02-06,0.9998959242109398,1.0028269755537775,0.9995599710443838,1.0024774776682437,237183415.9784165,9334326021.929735,0.0006260111137148,0.000625815250495,Sunday,0,0,0,0,0,0,1,-0.3097113647788155,-0.3706454569441091,0.0016600067414584143,-6.400933615502405,-0.6097168358174327,0.0021255433887114243,-6.153727796959796,-0.04206793476061321
2022-02-07,1.0007135240714418,1.0046317216476712,0.9991137179702586,1.0000507091621729,190652866.55031943,9393837520.696882,-0.0024207710997312,-0.0024237059033718,Monday,1,0,0,0,0,0,0,-0.1961796073985683,-0.2183794270457207,0.003872701754166986,-5.553802887826497,0.8471307276759079,0.0017935762418173407,-6.323543751821675,-0.16981595486187917
2022-02-08,1.0003575999830183,1.0034248058189066,0.9968583201320022,1.0034248058189066,377209276.5843027,9589894250.51418,0.0033739255677949,0.0033682466508368,Tuesday,0,1,0,0,0,0,0,0.9785135330485316,0.6823458218748044,0.0042347324802339895,-5.464435121649268,0.08936776617722852,0.0015322005650654869,-6.481050299088065,-0.15750654726639013
2022-02-09,1.00205784551053,1.0031899283335384,0.998524474056483,1.0003740390003089,349622364.1827558,9711197102.598757,-0.0030403541958562,-0.0030449854621832,Wednesday,0,0,1,0,0,0,0,-0.0731342363882228,-0.0759465312246607,0.0031260312715327915,-5.767991043343576,-0.3035559216943078,0.001597114235874299,-6.4395568807644405,0.04149341832362463
2022-02-10,1.0012159231765712,1.0036745272991368,0.996547806195179,0.999109800966208,426458232.0661596,9793560479.997484,-0.0012637653365776,-0.0012645645614167,Thursday,0,0,0,1,0,0,0,0.2197681720475979,0.1986608177767192,0.004865870704044754,-5.32550960627577,0.44248143706780585,0.0015916523396656823,-6.442982595015228,-0.003425714250787415
2022-02-11,1.0024054293151854,1.0031786163277,0.9987928586877304,1.0012962873304927,471443855.2353815,9812534950.75948,0.0021884345065679,0.002186043371699,Friday,0,0,0,0,1,0,0,0.105486586461867,0.1002855877834689,0.0030207730155847683,-5.802242514923499,-0.47673290864772877,0.0015293770316998623,-6.482894795317145,-0.039912200301917444
2022-02-12,0.9999906346310168,1.003316175435442,0.9999906346310168,1.0013056812415813,343017873.4984799,9835198575.896448,9.381749645376304e-06,9.381705637038347e-06,Saturday,0,0,0,0,0,1,1,-0.2724099175558908,-0.3180174629366884,0.002200956282069349,-6.118863339393213,-0.3166208244697142,0.0013777779321880817,-6.587283271635377,-0.10438847631823123
2022-02-13,1.001920195152649,1.0020388928698245,0.999004382343628,1.0006008679440217,178645781.877765,9826710261.954508,-0.0007038942360594,-0.0007041420859207,Sunday,0,0,0,0,0,0,1,-0.4791939555343413,-0.6523775820382718,0.0019820779270508793,-6.223609526465372,-0.1047461870721591,0.001383726479535961,-6.5829750717112105,0.0043081999241660895
2022-02-14,1.0007838521803585,1.0024604472572909,0.9992912310008748,1.0017067622502966,159619114.3679056,9816661245.829966,0.0011052302088716,0.001104619891617,Monday,1,0,0,0,0,0,0,-0.1065049916648916,-0.1126145310405559,0.0021644804376188963,-6.135574928952188,0.08803459751318421,0.0013873821718434374,-6.5803366371436125,0.002638434567598047
2022-02-15,1.000029320716091,1.0010459934477345,0.9987479500602082,1.0009897416366955,232610120.74487057,9843496561.232573,-0.0007157989150341,-0.000716055221394,Tuesday,0,1,0,0,0,0,0,0.4572823666263945,0.3765733084543858,0.001511651364029073,-6.494552607158151,-0.3589776782059628,0.0013935143000827076,-6.575926449105181,0.004410188038431073
2022-02-16,0.999228715314787,1.0015761219545551,0.999228715314787,1.000018863514936,281112289.7753491,9950123670.842112,-0.0009699181533788,-0.0009703888283597,Wednesday,0,0,1,0,0,0,0,0.2085127202340273,0.1893904467444238,0.001584798728241958,-6.4472978650525175,0.04725474210563352,0.0014043209247806188,-6.568201420595121,0.0077250285100607385
2022-02-17,1.0000141883696163,1.0031005663214627,0.9983685457451494,1.002991064690016,263758047.6492372,9824124484.189129,0.0029721451099762,0.0029677370188632,Thursday,0,0,0,1,0,0,0,-0.0617341993122412,-0.0637220005143409,0.002786865625937946,-5.882837746234587,0.5644601188179301,0.001503409951543731,-6.500019449884205,0.06818197071091525
2022-02-18,0.9991588009031412,1.0027352523936994,0.9991588009031412,1.000331863975081,298282787.7226171,9787200693.39179,-0.0026512705930804,-0.0026547914354734,Friday,0,0,0,0,1,0,0,0.1308954944923355,0.1230097918853825,0.0024190035614771715,-6.024399575062163,-0.14156182882757573,0.0015773917526456973,-6.451982585462323,0.048036864421882264
2022-02-19,1.0005105546720603,1.002653329283932,0.999584481872032,1.0007980681506516,251337504.94712573,9761980042.239296,0.0004660495105275,0.0004659409431849,Saturday,0,0,0,0,0,1,1,-0.1573851549863725,-0.1712453114893707,0.00216021033456058,-6.137549684915527,-0.11315010985336382,0.001578347654295464,-6.451376767582114,0.0006058178802090808
2022-02-20,1.0029368646929762,1.0040299646744926,1.000561278528911,1.0011923207556983,257493948.05848983,9778329505.71279,0.0003939382155035,0.0003938606422168,Sunday,0,0,0,0,0,0,1,0.0244947251810239,0.0241995400071587,0.0021948931315576696,-6.121621920857726,0.01592776405780061,0.001579451659615442,-6.450677543055656,0.0006992245264578756
2022-02-21,1.000443322085936,1.0030210562992752,0.9996541780255492,0.9996541780255492,314852540.6126746,9765023479.226484,-0.0015363109547105,-0.001537492290473,Monday,1,0,0,0,0,0,0,0.2227570511333172,0.2011081870396494,0.002326428996465968,-6.063420806609744,0.05820111424798213,0.0016024532101653244,-6.436219567620478,0.014457975435178128
2022-02-22,1.0006714860335433,1.0025052498746825,0.9977635980641556,1.001060433432739,377656346.6908879,9680348433.325964,0.0014067418894476,0.0014057533550424,Tuesday,0,1,0,0,0,0,0,0.1994705393070763,0.1818802421848828,0.003343697624644331,-5.700678011100404,0.3627427955093401,0.0016220688164350699,-6.424052897286895,0.012166670333582985
2022-02-23,0.999324677722244,1.002284175183891,0.9984844394703092,1.0001829810126324,277498933.7184573,9663707267.904251,-0.0008765229258915,-0.0008769072967343,Wednesday,0,0,1,0,0,0,0,-0.2652078108842417,-0.3081675556435571,0.002632251960466013,-5.939915540440518,-0.2392375293401141,0.0015852159556570286,-6.447034631308145,-0.0229817340212497
2022-02-24,1.0004650006455702,1.005673835199272,0.9975221153587726,0.99886186496387,635108322.2955147,9601444736.454624,-0.0013208743538355,-0.0013217474773071,Thursday,0,0,0,1,0,0,0,1.2886874330835374,0.8279784799135566,0.005668001316655154,-5.172918724857478,0.76699681558304,0.001580892230243213,-6.449765888642245,-0.002731257334100512
2022-02-25,1.0011209580109752,1.00446960496062,0.9976876207419888,1.0000314673929571,577030623.5178653,9295577949.55749,0.0011709351113624,0.0011702501015275,Friday,0,0,0,0,1,0,0,-0.0914453436348232,-0.0959002318491043,0.0047423939032016265,-5.351213227896837,-0.1782945030393588,0.0015849614331407494,-6.447195204352243,0.0025706842900019566
2022-02-26,1.000309886794853,1.0031022416569066,1.0000102060677454,1.0012917255388958,268833358.7972941,9227004722.11889,0.0012602184901482,0.0012594250813357,Saturday,0,0,0,0,0,1,1,-0.5341090267300679,-0.7638036351701493,0.002096118022865809,-6.167668205489428,-0.8164549775925911,0.0015923004770306154,-6.442575467516047,0.004619736836196431
2022-02-27,1.0023674793486643,1.0033730107701695,0.998095687180594,1.0022467468758036,192770353.6132206,9221272367.039576,0.0009537893029065,0.0009533347349078,Sunday,0,0,0,0,0,0,1,-0.2829373762406717,-0.3325921008306824,0.0037281500104203473,-5.591843144121693,0.5758250613677349,0.0015891374020647988,-6.444563924388849,-0.0019884568728016916
2022-02-28,1.0015626116524727,1.0038628605703002,0.9991160212959014,1.0005931975853617,285311225.132728,9239656159.190956,-0.0016498425119326,-0.0016512050008907,Monday,1,0,0,0,0,0,0,0.4800575907288305,0.3920809996735612,0.0032970522496340235,-5.714726467388748,-0.12288332326705476,0.0016066628491450611,-6.433596015641353,0.01096790874749587
2022-03-01,1.0007604525030454,1.003408307328148,0.9975346171314842,0.9996242678288828,300515040.645511,9258282642.224308,-0.0009683553304351,-0.0009688244893576,Tuesday,0,1,0,0,0,0,0,0.0532885290640425,0.0519172023273488,0.004090902280433648,-5.498989726794459,0.2157367405942887,0.001595113689105463,-6.440810266849489,-0.007214251208136346
2022-03-02,1.0005158142164936,1.0022283393065334,0.9977533000342932,1.001429495032115,296057755.6949161,9250342735.57544,0.0018059057401167,0.0018042770528879,Wednesday,0,0,1,0,0,0,0,-0.0148321526304324,-0.0149432489061812,0.003113093071450442,-5.772138490298394,-0.2731487635039347,0.001614360211215946,-6.428816554843115,0.011993712006374224
2022-03-03,0.9998868153292486,1.0012937606373575,0.99564707256854,1.0006507026523503,266720247.03510743,9198328339.859913,-0.000777680689083,-0.0007779832395787,Thursday,0,0,0,1,0,0,0,-0.0990938696773768,-0.104354210682978,0.003970670027063309,-5.528820425963497,0.2433180643348969,0.0016146802475099772,-6.428618331067867,0.00019822377524825185
2022-03-04,0.9988709688121202,1.0018545728775794,0.9966454261365572,0.9996941820786988,318882083.25219905,9230474890.459236,-0.0009558985679181,-0.0009563557303113,Friday,0,0,0,0,1,0,0,0.19556759112564,0.1786210442733984,0.003650463082847641,-5.612901247422258,-0.08408082145876072,0.001594851792348866,-6.4409744672201255,-0.012356136152258834
2022-03-05,0.9998674881081218,1.0023275707165322,0.9987141990932628,1.0013974142723303,328480615.343293,9299357411.428236,0.0017037532319033,0.0017023034907995,Saturday,0,0,0,0,0,1,1,0.0301005688159112,0.0296564371022046,0.0023703162029087743,-6.044731913785764,-0.4318306663635063,0.0015882178909474177,-6.445142714645685,-0.004168247425559102
2022-03-06,1.0015383613648672,1.0023778855403416,0.9996582969681308,1.00115045304834,169097144.02381766,9292492200.88417,-0.0002466165984359,-0.0002466470133099,Sunday,0,0,0,0,0,0,1,-0.4852142375369843,-0.6640044600858604,0.0019059370962989238,-6.262781477285858,-0.2180495635000943,0.0015837102418913107,-6.4479849304222085,-0.002842215776523993
2022-03-07,1.0006551097325835,1.0017882292664737,0.9972430786970716,1.0016852591495489,240373944.7288893,9430232790.272076,0.0005341915389245,0.0005340489094164,Monday,1,0,0,0,0,0,0,0.4215139239432226,0.3517224473076714,0.003151232238977338,-5.75996171566134,0.5028197616245187,0.0015818109173070798,-6.449184938077589,-0.0012000076553801975
2022-03-08,1.0000864645636312,1.002115480202715,0.9984656508006284,1.0001150560862886,327672091.47053283,9441772441.475237,-0.0015675613162096,-0.0015687912259236,Tuesday,0,1,0,0,0,0,0,0.3631764118199441,0.3098175734073672,0.0025800111181805002,-5.95996157068561,-0.1999998550242701,0.0016034674357585058,-6.435586847263967,0.01359809081362151
2022-03-09,0.999731860318342,1.0014828546521934,0.9984169416208069,1.0012302861282727,317765439.91615134,9347546443.841751,0.0011151017427417,0.001114480478599,Wednesday,0,0,1,0,0,0,0,-0.0302334309581332,-0.0306998869179821,0.0019580307250910197,-6.235816042917765,-0.2758544722321554,0.0015545733708135453,-6.466554130599858,-0.03096728333589116
2022-03-10,1.0001374832748495,1.00205426663,0.996628506725785,0.9997426448493196,285229381.0050878,9376839863.761244,-0.0014858133034566,-0.0014869182186437,Thursday,0,0,0,1,0,0,0,-0.1023901747139299,-0.1080197980992936,0.003831277356650903,-5.564557017906967,0.6712590250107979,0.0014533500524115416,-6.5338840064025785,-0.0673298758027201
2022-03-11,1.000097097341164,1.0031273534329084,0.9969720598477751,0.9999242393948254,260605273.6727405,9388765495.765163,0.0001816412918278,0.0001816247970457,Friday,0,0,0,0,1,0,0,-0.0863308935621469,-0.0902868010432702,0.0043509210350998586,-5.437367724086781,0.1271892938201864,0.0013432279819813881,-6.61267962009111,-0.0787956136885315
2022-03-12,0.998299797525438,1.001756597502338,0.998299797525438,1.0002992641279622,192632780.7217347,9403900798.903131,0.0003750531473902,0.0003749828325392,Saturday,0,0,0,0,0,1,1,-0.2608254698497138,-0.3022212152138049,0.0021042546887759255,-6.163793941634165,-0.7264262175473846,0.0013250073074269173,-6.626337304519977,-0.013657684428866723
2022-03-13,0.9998180789633656,1.0012450476442227,0.9996432456704804,1.0010221455244934,139778981.5274274,9408107190.554152,0.0007226651287817,0.0007224041320721,Sunday,0,0,0,0,0,0,1,-0.2743759343362052,-0.320723214160378,0.00084980952860168,-7.070498317588506,-0.906704375954341,0.0012703334608037318,-6.6684758454144735,-0.04213854089449676
2022-03-14,1.001403776834966,1.0094680180638171,0.9992094914754232,1.0006306451982374,221002525.09722427,9401514585.912222,-0.0003911005645642,-0.0003911770643367,Monday,1,0,0,0,0,0,0,0.5810855300434363,0.4581116554632538,0.00720662990921014,-4.932753855931821,2.137744461656685,0.0012723383267091344,-6.666898869313403,0.0015769761010702155
2022-03-15,0.9996745385228692,1.0028211874599875,0.997795504465173,0.9999657287475148,208014152.3576173,9385090322.862871,-0.0006644973886352,-0.0006647182648782,Tuesday,0,1,0,0,0,0,0,-0.0587702458779286,-0.0605680096642321,0.003547991977741328,-5.641373475602375,-0.7086196196705536,0.0012716312204263196,-6.667454777147929,-0.0005559078345260815
2022-03-16,0.9983274585394072,1.0006842470580823,0.9968968947257164,0.9983005500021448,271739723.79529214,9382233257.771357,-0.001665235815087,-0.0016666238614106,Wednesday,0,0,1,0,0,0,0,0.3063520953522338,0.2672385927980464,0.0026812562436188785,-5.9214698466682325,-0.2800963710658575,0.0012918827193074349,-6.651654652271833,0.01580012487609661
2022-03-17,1.000737422592711,1.00189091831626,0.9986319233839,1.000582601580852,269174696.5167279,9418150941.878502,0.00228593641334,0.0022833276356074,Thursday,0,0,0,1,0,0,0,-0.0094392797738195,-0.0094841121215701,0.0023018494325997953,-6.074042378032801,-0.1525725313645685,0.0013511683687929498,-6.606785602459801,0.0448690498120321
2022-03-18,1.000449708088905,1.00223233190951,0.9982263540836854,0.999365994310943,200112894.8143153,9420004848.869255,-0.0012158988852963,-0.001216638690092,Friday,0,0,0,0,1,0,0,-0.2565686990497666,-0.2964789168799664,0.002750728970706473,-5.895889322174321,0.17815305585847963,0.0013577951987053805,-6.601893072186805,0.004892530272995188
2022-03-19,1.000111777311088,1.0005215421679616,0.9980132031016724,0.9980132031016724,243347314.43189293,9463061051.45719,-0.0013536494307105,-0.0013545664417356,Saturday,0,0,0,0,0,1,1,0.2160501433837875,0.1956080190291325,0.0012025219568782106,-6.723334296792879,-0.8274449746185573,0.001269325559510072,-6.669269575075434,-0.06737650288862884
2022-03-20,0.9995768311757416,1.0008709350104883,0.9985522736163654,0.9999361830278032,143293416.98001727,9526342336.926409,0.0019268081024925,0.0019249541888026,Sunday,0,0,0,0,0,0,1,-0.4111567768292686,-0.529595305344091,0.0016247279586025848,-6.422414887305787,0.3009194094870917,0.0012246516830496808,-6.705098815785441,-0.03582924071000715
2022-03-21,0.9993197920621564,1.001587534179931,0.998906388787985,1.0001133761509011,173708721.06737188,9539794142.512018,0.0001772044317482,0.0001771887328975,Monday,1,0,0,0,0,0,0,0.2122589071317637,0.1924854845793533,0.0018300500503616152,-6.30341196257843,0.11900292472735696,0.001222121751005497,-6.707166790621672,-0.0020679748362306682
2022-03-22,0.9991889962824668,1.0038236367153046,0.9983407698785788,0.9996775507700542,242079202.0794101,9538612044.813658,-0.0004357759742443,-0.0004358709521879,Tuesday,0,1,0,0,0,0,0,0.3935926796992601,0.3318850743032669,0.0038608550382126573,-5.5568666075453415,0.7465453550330885,0.001222597024232924,-6.706777974338811,0.0003888162828609154
2022-03-23,0.9988920598180072,1.0037641188107969,0.9987042113249258,1.0000396712859605,232320391.8385011,9486677704.372885,0.0003622373190508,0.0003621717269526,Wednesday,0,0,1,0,0,0,0,-0.0403124686345743,-0.0411475356640387,0.003501506582949968,-5.654561950833351,-0.09769534328800944,0.0011917716549523507,-6.732314293327118,-0.02553631898830666
2022-03-24,0.9992236831228998,0.999975498329154,0.9978294842979212,0.9989979277726634,270195455.4071141,9386104747.734917,-0.0010417021876317,-0.001042245136449,Thursday,0,0,0,1,0,0,0,0.163029440803208,0.1510281877502627,0.0015126235234869717,-6.493909702972823,-0.8393477521394725,0.0011792613896796386,-6.7428669774368455,-0.01055268410972765
2022-03-25,0.9992663665530306,1.0004680263629993,0.9953167832392924,0.9987860161796998,335487763.21679294,9269859095.14696,-0.0002121241566898,-0.0002121466582008,Friday,0,0,0,0,1,0,0,0.2416484308046571,0.2164398764552878,0.0036379264649012517,-5.616341412146774,0.8775682908260496,0.0011689847810984605,-6.751619615312228,-0.008752637875382163
2022-03-26,0.9992566058590712,1.0001855782692526,0.998217948354158,0.9989408688951492,238541315.88092816,9253228749.334362,0.0001550409326331,0.0001550289150299,Saturday,0,0,0,0,0,1,1,-0.2889716346322228,-0.3410429549426464,0.001378513691430475,-6.58674939542753,-0.9704079832807562,0.0011441558769666852,-6.773088139216789,-0.02146852390456111
2022-03-27,0.9988892556855304,0.9994620610305788,0.994185049567187,0.9984667758891472,139685004.5589552,9229045879.38408,-0.000474595665033,-0.0004747083212011,Sunday,0,0,0,0,0,0,1,-0.4144200804665584,-0.53515260733717,0.00373406422529165,-5.590258033878858,0.9964913615486717,0.0011273662938314027,-6.7878710800216675,-0.014782940804878741
2022-03-28,0.9986630631407394,0.9999553923537472,0.9967340853572207,0.9987812334512708,290906680.9206139,9230117510.560328,0.000314940436394,0.000314890853065,Monday,1,0,0,0,0,0,0,1.082590624807077,0.7336126114263325,0.0022804011465079716,-6.083403910040805,-0.4931458761619467,0.0011051643547132278,-6.807761217775678,-0.019890137754010162
2022-03-29,0.9978640331735794,0.999643826252508,0.9978640331735794,0.9992620621642494,359785333.5707552,9200907464.90322,0.0004814154460202,0.000481299602782,Tuesday,0,1,0,0,0,0,0,0.2367723299862534,0.2125050263386728,0.0009113757491878312,-7.000555287796782,-0.9171513777559772,0.0010949041011083657,-6.817088498445398,-0.009327280669720217
2022-03-30,0.9994220068225662,1.0001439224544355,0.9982238103072332,0.9991078090134816,283079524.7614796,9200966829.121328,-0.0001543670640649,-0.0001543789798864,Wednesday,0,0,1,0,0,0,0,-0.2131988206634072,-0.2397796935657219,0.0013447073623083462,-6.611578864093034,0.3889764237037481,0.0010529609779598014,-6.856149104484862,-0.03906060603946404
2022-03-31,0.9987823763975772,1.001375280429928,0.9984029821989536,1.0004207257601638,300745885.0517866,9214148102.183771,0.0013140891651908,0.001313226505682,Thursday,0,0,0,1,0,0,0,0.0624077644089324,0.0605378080801679,0.00183862729975775,-6.298736018522503,0.31284284557053077,0.0010653285502170771,-6.844472029540017,0.011677074944844712
2022-04-01,1.003035845075611,1.003035845075611,0.9960153720912774,0.999850084894406,394613334.0564934,9226516761.65379,-0.0005704008834126,-0.0005705636238843,Friday,0,0,0,0,1,0,0,0.3121154890898787,0.271640711868849,0.004556081309646173,-5.391292386838679,0.9074436316838241,0.0010184608446499178,-6.889462767170019,-0.04499073763000183
2022-04-02,0.9996696949774012,1.0008427378476454,0.9981628669680388,1.0004287558625604,409385870.8974552,9190968027.218788,0.000578757732681,0.0005785903170167,Saturday,0,0,0,0,0,1,1,0.0374354730720958,0.0367517765592449,0.001836268228898104,-6.300019903283472,-0.9087275164447925,0.0010140247136441144,-6.893828001680055,-0.004365234510036231
2022-04-03,0.9990661335026731,1.002566345008704,0.9990661335026731,1.0003610427753449,286507380.62793,9091927432.215237,-6.768406727486465e-05,-6.768635794470789e-05,Sunday,0,0,0,0,0,0,1,-0.3001532270768191,-0.3568938637239473,0.0023383025771718095,-6.0583300072093484,0.2416898960741234,0.0009989552668760733,-6.9088005582201095,-0.01497255654005425
2022-04-04,1.0004442400445983,1.00114341349121,0.9983924217958872,0.999455394165898,271287128.97676176,9084845527.03778,-0.0009053217495698,-0.0009057318008091,Monday,1,0,0,0,0,0,0,-0.0531234190819462,-0.0545865206693705,0.001846070579149709,-6.294695910073472,-0.23636590286412318,0.0009636711347202796,-6.944760468113179,-0.03595990989306941
2022-04-05,0.9995387654655392,1.0015635538773082,0.9987754137117146,1.000780806778316,300356664.84575623,9081534998.565754,0.0013261348331847,0.0013252562930095,Tuesday,0,1,0,0,0,0,0,0.1071541284639587,0.1017928748062126,0.0018137853960072958,-6.312339238583565,-0.017643328510093426,0.0009925611848441843,-6.915221900104869,0.02953856800831023
2022-04-06,1.000256720023005,1.0023280720783831,0.9988245643763772,1.0006752955048202,441931722.61440736,9035213604.04484,-0.000105428953854,-0.0001054345118768,Wednesday,0,0,1,0,0,0,0,0.4713564716180176,0.3861847451084937,0.0024622367579848685,-6.006685090942989,0.30565414764057586,0.0009879480311639976,-6.919880461636277,-0.00465856153140809
2022-04-07,0.9997407001445338,1.0024968105527643,0.9965850967894412,1.0005540085572602,481035691.0837854,8976911156.18532,-0.0001212050983019,-0.0001212124442334,Thursday,0,0,0,1,0,0,0,0.0884841853805931,0.0847860727679893,0.004151492340888405,-5.484287409166118,0.5223976817768712,0.0009457770335289874,-6.963503710636567,-0.04362324900028991
2022-04-08,0.9991226565625156,1.0021384815652277,0.9991226565625156,1.0021384815652277,308016709.1874315,8988771139.09384,0.0015835956824081,0.0015823431169626,Friday,0,0,0,0,1,0,0,-0.3596801341425162,-0.4457874370797255,0.0010163041550758443,-6.891582609394547,-1.407295200228429,0.0009677563212081059,-6.940530236667239,0.02297347396932814
2022-04-09,1.0019410056772844,1.0019410056772844,0.9997132033901954,1.0007644002262557,304248411.8294937,9034204917.75224,-0.0013711491617663,-0.0013720900469392,Saturday,0,0,0,0,0,1,1,-0.0122340679759835,-0.0123095202089572,0.0013943139318186813,-6.575352789832524,0.31622981956202256,0.0009620858282073462,-6.9464068927675475,-0.0058766561003089635
2022-04-10,1.0010450772391932,1.0015220405612049,0.9969822933277194,1.001067245575261,184546132.8542544,9025520261.128618,0.0003026140307715,0.0003025682523809,Sunday,0,0,0,0,0,0,1,-0.3934360026908624,-0.4999450371060171,0.0032124644995284073,-5.740716879552315,0.834635910280209,0.000963099756092611,-6.94535356264989,0.0010533301176574028
2022-04-11,1.0000263027267986,1.001872857782961,0.999196819203788,1.000613373978224,345367192.517328,8946872082.731934,-0.0004533877209978,-0.0004534905322874,Monday,1,0,0,0,0,0,0,0.8714409626241386,0.6267087023794119,0.0018557252590349015,-6.2894796841126634,-0.5487628045603481,0.000964224658188201,-6.944186242592104,0.001167320057786192
2022-04-12,1.0003542307305846,1.002169256798161,0.997974276290835,1.000656167705321,506111975.5278752,8786358216.750902,4.276749462861496e-05,4.276658012539047e-05,Tuesday,0,1,0,0,0,0,0,0.4654315363277654,0.3821497631398159,0.0029601541167187115,-5.822513945542555,0.46696573857010826,0.0009551934707008378,-6.953596650880248,-0.009410408288143657
2022-04-13,1.002369272916486,1.002369272916486,0.9990128988794134,1.0012889376554457,360811337.7326909,8745102752.941187,0.0006323550191829,0.000632155166995,Wednesday,0,0,1,0,0,0,0,-0.2870918785188507,-0.3384027287490173,0.002275005029410966,-6.085773015851572,-0.26325907030901696,0.0009594866275528242,-6.949112179504911,0.004484471375336696
2022-04-14,1.0015096865954858,1.0031506385049591,0.9996026567973374,1.0010946592759855,332149137.2329186,8788240481.132908,-0.000194028289092,-0.0001940471150157,Thursday,0,0,0,1,0,0,0,-0.0794381924910763,-0.0827711349804157,0.0024920756636717958,-5.994639315888734,0.09113369996283804,0.0009524397017618139,-6.95648375820422,-0.007371578699308934
2022-04-15,1.0011970160106796,1.01186159659165,0.9998109588267818,1.0014194741230478,257983556.5205328,8794198405.219255,0.0003244596742701,0.000324407048613,Friday,0,0,0,0,1,0,0,-0.2232899995774411,-0.2526882281114741,0.008470620749261134,-4.77115148501528,1.223487830873454,0.0009044675487550785,-7.008164131323586,-0.0516803731193658
2022-04-16,1.0002635635802857,1.001738458151116,0.9999562244922402,1.000349741457988,158250384.0263519,8788246156.500675,-0.0010682163595794,-0.0010687873093096,Saturday,0,0,0,0,0,1,1,-0.3865873230034456,-0.4887173607458074,0.0012580238863677006,-6.678213133310461,-1.9070616482951808,0.0008260461573774874,-7.098859905402274,-0.09069577407868845
2022-04-17,1.0007564164938707,1.0018155983059311,1.0002627895801273,1.000803064643304,173169841.5255531,8779620871.808784,0.0004531646948346,0.0004530620467242,Sunday,0,0,0,0,0,0,1,0.0942775437228438,0.0900943680974978,0.0010964792957732243,-6.815650872388363,-0.13743773907790224,0.0007999088102089415,-7.131012824032209,-0.032152918629934746
2022-04-18,1.0012847252274135,1.0015695873951205,0.9996400474408556,0.9997140911959168,288593587.7289354,8723220969.071732,-0.0010880996330434,-0.0010886920432223,Monday,1,0,0,0,0,0,0,0.6665349184739553,0.5107465717258337,0.0009525324833315137,-6.956386348309735,-0.14073547592137192,0.0007862574484945719,-7.14822627655148,-0.017213452519270867
2022-04-19,1.0011206045523169,1.0011206045523169,0.9971541254748324,1.0001663250264037,297225945.9272245,8717982846.791256,0.0004523631650983,0.0004522608797273,Tuesday,0,1,0,0,0,0,0,0.0299118156651392,0.0294731827172094,0.0027438589077814356,-5.8983899888874705,1.0579963594222646,0.0007081693425949019,-7.25282730841452,-0.10460103186303993
2022-04-20,0.9995438428397716,1.0013819756964355,0.998059056299937,1.0013819756964355,243972379.5566718,8712970540.537224,0.0012154485105262,0.0012147104509737,Wednesday,0,0,1,0,0,0,0,-0.1791686328204732,-0.1974375899211536,0.002054267666907784,-6.187835861015791,-0.2894458721283204,0.0007413779999968027,-7.206999941282729,0.04582736713179081
2022-04-21,0.9997526442427824,1.0018617419188836,0.9981026116380176,1.0007200535222522,391122512.9989509,8721264145.18303,-0.0006610086762575,-0.0006612272388123,Thursday,0,0,0,1,0,0,0,0.6031425922461764,0.4719658230375982,0.0025892941271097422,-5.956369978211331,0.2314658828044598,0.0007469153932622696,-7.199558641277853,0.0074413000048760836
2022-04-22,1.0001656753683754,1.0023517679575804,0.9987231201762083,1.0010026315241929,357146861.2970633,8722180900.399603,0.0002823746770599,0.0002823348168343,Friday,0,0,0,0,1,0,0,-0.0868670316146663,-0.0908737700152256,0.0025112156889245214,-5.986988304875399,-0.03061832666406783,0.0007457663335960077,-7.201098232568559,-0.0015395912907063547
2022-04-23,1.0000238402598065,1.00163355440846,0.9993141940180392,1.00163355440846,276082583.74517554,8706227693.158005,0.0006302909347066,0.0006300923848005,Saturday,0,0,0,0,0,1,1,-0.2269774323578923,-0.2574470359410485,0.0012991804192749993,-6.646021660041279,-0.6590333551658798,0.0007302000689009587,-7.222191994383719,-0.021093761815159873
2022-04-24,1.0009004330017182,1.0019020590266796,0.9997039361403588,1.0014561119625467,200137232.30912745,8717329181.336424,-0.0001771530567564,-0.0001771687502126,Sunday,0,0,0,0,0,0,1,-0.2750820077305047,-0.3216967446363868,0.0015142654317893676,-6.492824821110491,0.1531968389307874,0.000729889187483394,-7.222617833312269,-0.0004258389285496378
2022-04-25,0.9986335753027004,1.0019819970944934,0.9981477066015472,1.001063955641897,261243448.50906536,8718739989.691767,-0.0003915861274051,-0.0003916628172738,Monday,1,0,0,0,0,0,0,0.3053215810717049,0.2664494326948429,0.00225111532781513,-6.096329484333919,0.39649533677657267,0.0007328372392761024,-7.218586928106093,0.004030905206175994
2022-04-26,0.9998434411411964,1.000827890508008,0.9979975983631048,1.0003031364420112,300032941.075403,8655126279.303915,-0.0007600105823387,-0.0007602995367963,Tuesday,0,1,0,0,0,0,0,0.1484802500798085,0.1384395467255915,0.0019820118283882496,-6.223642875186877,-0.127313390852958,0.0007408153160207942,-7.207759199871955,0.010827728234137801
2022-04-27,1.0003337167963666,1.0014821567215295,0.9981865028673268,0.9995583353336036,308972324.2512844,8626833651.168335,-0.0007445754004699,-0.0007448527344059,Wednesday,0,0,1,0,0,0,0,0.0297946723577757,0.0293594351437848,0.002280395851922448,-6.083406231821636,0.1402366433652409,0.000750996434082471,-7.19410965443715,0.0136495454348049
2022-04-28,1.000080013356203,1.0019115061485544,0.9988961162697976,1.0002102546751512,229988639.56899068,8598353578.949873,0.0006522073985106,0.0006519948036975,Thursday,0,0,0,1,0,0,0,-0.2556335259919817,-0.2952217928316791,0.0021298062692939935,-6.1517242567804145,-0.0683180249587787,0.0007552773714900604,-7.188425496725525,0.005684157711624671
2022-04-29,1.000355933115001,1.0021850895602986,0.998262511824354,1.0002243385772045,248157268.4656985,8555827615.311661,1.4080941469485351e-05,1.4080842333959632e-05,Friday,0,0,0,0,1,0,0,0.0789979406407059,0.0760327776928101,0.0027718585375671625,-5.8882372315803675,0.26348702520004696,0.0007547556478145342,-7.189116506378448,-0.0006910096529226806
2022-04-30,1.000715326402272,1.00247859361968,1.0003634698249362,1.0019924091030064,282618096.0088577,8488188902.631252,0.0017676739683387,0.0017661134714054,Saturday,0,0,0,0,0,1,1,0.1388668877451098,0.1300338099841367,0.0012657849239333687,-6.672062856001022,-0.7838256244206541,0.0007849474626982367,-7.149893768920605,0.03922273745784288
2022-05-01,1.001137525389296,1.0048845735636072,0.9997803449890068,1.0013641058122231,282182855.6058432,8443764672.396297,-0.0006270539427994,-0.0006272506233469,Sunday,0,0,0,0,0,0,1,-0.0015400302003339,-0.0015412172657438,0.0035980956661012774,-5.6273505551187535,1.044712300882268,0.0007863878617128888,-7.148060424508722,0.0018333444118834308
2022-05-02,1.0015201383152943,1.003296558199413,0.9986424696949188,1.001096343375042,239580832.40062964,8391721006.111903,-0.0002673976784538,-0.0002674334355874,Monday,1,0,0,0,0,0,0,-0.1509731096658849,-0.1636644202228793,0.003277215438409182,-5.720761168854183,-0.09341061373542914,0.0007807887029366668,-7.155205991545028,-0.007145567036306311
2022-05-03,1.0004170915146626,1.0041521180809232,0.999634691319964,1.0016358539501136,269473495.0089031,8312464565.225267,0.0005389197339915,0.0005387745689042,Tuesday,0,1,0,0,0,0,0,0.1247706768055911,0.1175791720381335,0.0030971694442735163,-5.777266667097195,-0.05650549824301265,0.0007868635322606618,-7.147455727047032,0.007750264497995651
2022-05-04,1.0012211545703311,1.0063386073461893,0.9994295663348154,1.000388783616216,267159246.23248285,8252843075.907208,-0.0012450336406983,-0.0012458093389954,Wednesday,0,0,1,0,0,0,0,-0.008588038598541,-0.0086251283065961,0.00484389543888773,-5.33003603922044,0.44723062787675527,0.0008022118873502816,-7.128137786300964,0.01931794074606863
2022-05-05,1.0000782701095614,1.0020254570623937,0.9984077360586904,1.0016589155552915,335017417.6798781,8181157894.053142,0.0012696383244965,0.0012688330153212,Thursday,0,0,0,1,0,0,0,0.2539989628071673,0.2263376151028648,0.002361709922477007,-6.048369378877026,-0.7183333396565859,0.0007991651966227181,-7.131942879347534,-0.003805093046570285
2022-05-06,1.000992097323179,1.004527933303215,0.999423457917526,1.0015307458036042,381004196.8621086,8157410405.114059,-0.0001279574810315,-0.0001279656682884,Friday,0,0,0,0,1,0,0,0.1372668307836237,0.1286278669044073,0.003586748754635569,-5.630509126198334,0.4178602526786914,0.0007992748613744968,-7.131805664628218,0.00013721471931571472
2022-05-07,1.0007515059156074,1.0038265757551428,1.000187639944491,1.0038265757551428,318164880.08802944,8107126307.953276,0.0022923209908014,0.0022896976313287,Saturday,0,0,0,0,0,1,1,-0.1649307731820646,-0.1802406511990397,0.0017199659328496647,-6.365450794835679,-0.7349416686373447,0.0009017248639326716,-7.0112011133319045,0.12060455129631364
2022-05-08,1.000893261710343,1.0040087983389256,1.0001552239721838,1.0010407979627391,412092646.8497155,7721834803.455144,-0.0027751584384065,-0.0027790163297452,Sunday,0,0,0,0,0,0,1,0.295217268278316,0.2586784558111851,0.0027176868961932064,-5.907974166285706,0.45747662854997273,0.0009935182254363097,-6.914258151463955,0.09694296186794915
2022-05-09,1.0027126956794017,1.0051811822814645,0.9919826024446904,0.9990546692542488,517673009.97227633,7406708317.9766035,-0.0019840636990344,-0.0019860345607236,Monday,1,0,0,0,0,0,0,0.2562054041237589,0.2280955929901691,0.009065947773251875,-4.703229887206757,1.204744279078949,0.0010275221993985076,-6.880605006573252,0.033653144890703146
2022-05-10,1.0000105246322175,1.0051253520307282,0.9951199715962628,0.999604235905458,1165806577.6896417,7056100262.401758,0.0005500866650465,0.0005499354228386,Tuesday,0,1,0,0,0,0,0,1.2520134432971033,0.8118246797521236,0.007069553454053026,-4.9519579617398,-0.2487280745330427,0.001030937074213653,-6.877287109550344,0.0033178970229084115
2022-05-11,1.001602635651879,1.0223541089037849,0.991615284357765,1.0055105569677718,1063027548.8232278,6743195741.591163,0.0059086594975898,0.0058912718273239,Wednesday,0,0,1,0,0,0,0,-0.0881613046566421,-0.0922921736920517,0.021450435252748215,-3.8420103423105676,1.1099476194292324,0.0014875748452900582,-6.510608105648921,0.3666790039014227
2022-05-12,0.9985742686936692,1.0202961363504577,0.9985742686936692,1.0041265919571103,3285728562.9768367,6086882184.068377,-0.0013763803881234,-0.0013773284696569,Thursday,0,0,0,1,0,0,0,2.090915721435574,1.1284673969858228,0.01482130903804503,-4.21168933386215,-0.36967899155158257,0.0015086591435569975,-6.496534007046343,0.014074098602578466
2022-05-13,1.0002396205393904,1.0060801605295735,0.9988997023293262,1.0033666115727773,2075970136.174286,6046467178.329782,-0.0007568571437309,-0.0007571437046985,Friday,0,0,0,0,1,0,0,-0.3681857474272074,-0.4591598321905445,0.004678479785386274,-5.364782054004403,-1.1530927201422525,0.0015105762562407554,-6.495264074306726,0.0012699327396168414
2022-05-14,1.002410127025412,1.0044002532662462,0.9966432906413044,1.000189393437667,601279739.6023507,6002031967.491542,-0.0031665575657634,-0.003171581718154,Saturday,0,0,0,0,0,1,1,-0.7103620475435053,-1.2391235757569965,0.005306037550164665,-5.2389099463665145,0.12587210763788814,0.0016173692125344876,-6.426954392642319,0.06830968166440687
2022-05-15,1.0044716838207497,1.005148647764005,1.0004183102907431,1.002399810822439,612745793.0755324,6040062620.26868,0.0022099988254971,0.0022075603700876,Sunday,0,0,0,0,0,0,1,0.0190694159772699,0.0188898735860355,0.0030788258616886916,-5.78320696841452,-0.5442970220480055,0.001665778876322068,-6.397462471344212,0.029491921298107293
2022-05-16,0.999694226974965,1.0040258310025714,0.999694226974965,1.0021547524985115,624577190.275839,6044840391.265386,-0.0002444716382442,-0.0002445015263065,Monday,1,0,0,0,0,0,0,0.0193088183289218,0.0191247685125251,0.0026480637537621707,-5.933926565003029,-0.15071959658850886,0.0016549124108529059,-6.404007195509581,-0.006544724165369331
2022-05-17,1.0017176228919482,1.0073013232667938,0.9991135862957884,1.0016506690527127,370523232.17866135,6088867608.049138,-0.0005029996061406,-0.0005031261528796,Tuesday,0,1,0,0,0,0,0,-0.4067615053072574,-0.5221587775454449,0.005770976319428429,-5.154914006635765,0.7790125583672642,0.0016553944478117475,-6.403715961504499,0.0002912340050817974
2022-05-18,1.001897707802241,1.003432286458671,0.999749031455238,0.999749031455238,357999557.5628786,6124395368.616425,-0.0018985037960121,-0.0019003082385329,Wednesday,0,0,1,0,0,0,0,-0.0337999713058315,-0.0343843971638717,0.002231850143174084,-6.104924376872054,-0.9500103702362894,0.001679641274913975,-6.38917503520399,0.014540926300509405
2022-05-19,1.0019979808743606,1.0044594662179365,0.9999342934655432,1.0003088990384956,413141765.1422645,6124850813.566335,0.0005600081276824,0.0005598513816475,Thursday,0,0,0,1,0,0,0,0.1540287031491674,0.1432590405228317,0.0030156643396586184,-5.803935128246615,0.30098924862543885,0.0016807214526113497,-6.388532141670068,0.0006428935339215514
2022-05-20,1.0001929451327638,1.0038540776052989,0.9981913790178104,1.0005534382105483,453056709.93953854,6186823728.642311,0.0002444636574638,0.000244433781093,Friday,0,0,0,0,1,0,0,0.096613192286501,0.0922265140873449,0.003993776999813418,-5.52301787934462,0.28091724890199554,0.0016666229770774482,-6.396955869313264,-0.008423727643195988
2022-05-21,1.0024418517993878,1.003408997573582,1.0002824177775145,1.0007510206171064,606492125.284255,6137021601.957905,0.0001974731173892,0.0001974536221397,Saturday,0,0,0,0,0,1,1,0.3386671292545093,0.2916744392799061,0.0019413660088434216,-6.244363425419099,-0.7213455460744793,0.001662635767922163,-6.399351123853076,-0.0023952545398113756
2022-05-22,1.0020882626688514,1.0036129115986328,0.9998308056267804,1.0026600180657586,297763271.5293062,6135707291.532038,0.0019075648281376,0.0019057477367969,Sunday,0,0,0,0,0,0,1,-0.5090401686753173,-0.7113929644635945,0.0026461159061681163,-5.934662409952413,0.30970101546668616,0.0016978701598447125,-6.378380660539244,0.0209704633138319
2022-05-23,1.0010163866448412,1.0025794577242595,0.9991420032123478,1.0010085736580705,247735586.41502857,6163045730.610415,-0.0016470631898476,-0.0016484210896593,Monday,1,0,0,0,0,0,0,-0.1680116048474897,-0.1839367863922067,0.0024285546045500804,-6.020459011543432,-0.08579660159101898,0.0017204957431525684,-6.365142806921855,0.013237853617388495
2022-05-24,1.0015928513393704,1.0025470931455274,0.9959793895044274,1.000555733214186,330809274.7874259,6177759232.546242,-0.0004523841811161,-0.0004524865377106,Tuesday,0,1,0,0,0,0,0,0.3353320755187141,0.2891800066270308,0.0046026865763427235,-5.3811151076357255,0.6393439039077062,0.001722174239800188,-6.364167693542455,0.0009751133794004829
2022-05-25,1.000672808922921,1.0028838843525465,0.9993038700768684,1.001910439184884,353283018.4669486,6174336294.878223,0.001353953533749,0.0013530377651754,Wednesday,0,0,1,0,0,0,0,0.0679356517254967,0.0657274875294719,0.002409169001280243,-6.028473403687945,-0.6473582960522197,0.00173833095044736,-6.354829849986163,0.009337843556291858
2022-05-26,1.000725823151647,1.003342255003954,0.9994232184409794,1.002009848781638,426710825.9110927,6178870912.356791,9.922004289597552e-05,9.92151209130896e-05,Thursday,0,0,0,1,0,0,0,0.2078441464941616,0.1888370733862642,0.002650112584148348,-5.933153155302168,0.0953202483857769,0.0017328745199144473,-6.357973677151464,-0.0031438271653012606
2022-05-27,1.0021962020922532,1.0066367124840592,1.000086233958153,1.0015212143740546,546455553.0370941,6204227495.120598,-0.0004876542961903,-0.0004877732382166,Friday,0,0,0,0,1,0,0,0.2806226602531776,0.2473464129742601,0.004597355398263941,-5.38227405423406,0.5508791010681087,0.0017298240776548169,-6.359735564860017,-0.0017618877085530116
2022-05-28,1.0011540837981934,1.003101365892608,1.0006995402377652,1.0019282784754429,358185056.1508448,6228329785.082065,0.0004064458101795,0.0004063632334558,Saturday,0,0,0,0,0,1,1,-0.3445303023089039,-0.4224032046255674,0.00162561674258459,-6.421868001306999,-1.0395939470729392,0.0017273175160972024,-6.361185642578189,-0.0014500777181716273
2022-05-29,1.0025267983837698,1.0031348728137577,1.000986511290993,1.0026683691685705,142615024.72814348,6248686172.4096985,0.0007386663387261,0.0007383936590174,Sunday,0,0,0,0,0,0,1,-0.6018398247522558,-0.9209009042879122,0.001513455153847744,-6.493360060699516,-0.0714920593925168,0.0017325684302795716,-6.358150329683374,0.0030353128948146235
2022-05-30,1.0012775160707852,1.0030295302152454,1.000322769851778,1.0005645754258228,208339757.7641717,6278142185.027308,-0.0020981949839429,-0.0021003992789384,Monday,1,0,0,0,0,0,0,0.4608541993476103,0.379021332680972,0.0018587749927813089,-6.287837614264807,0.20552244643470896,0.0017449577005869213,-6.3510249639728835,0.007125365710490605
2022-05-31,1.0001655890466483,1.0033694043681591,0.9989451434967817,1.0020442590210623,291889884.76654744,6340126914.935029,0.0014788486736199,0.0014777562538032,Tuesday,0,1,0,0,0,0,0,0.401028242995989,0.3372064263208337,0.0028989791366895203,-5.843396625795138,0.44444098846966895,0.0017619746640847144,-6.341320130638093,0.009704833334790663
2022-06-01,1.0002929321948908,1.0032967375669335,0.9998167411327062,1.001165274724945,246801466.76708505,6386495568.175009,-0.0008771910903175,-0.0008775760475592,Wednesday,0,0,1,0,0,0,0,-0.154470642364068,-0.1677923890275794,0.002396425727237494,-6.033776932026164,-0.19038030623102653,0.001768570614772212,-6.337583620926059,0.003736509712033431
2022-06-02,0.9996251101055208,1.004030685306048,0.9996251101055208,1.0024600494488731,285454331.755886,6404535015.438664,0.0012932677117509,0.0012924321613798,Thursday,0,0,0,1,0,0,0,0.1566152158458564,0.1454978223236599,0.0025634067735792582,-5.966418134252108,0.06735879777405618,0.0017815289635473583,-6.330283315095247,0.007300305830812093
2022-06-03,0.9994667093662342,1.0023785809942454,0.9994667093662342,1.0018012035610635,241303164.2933556,6429958811.205145,-0.0006572290717937,-0.0006574451414968,Friday,0,0,0,0,1,0,0,-0.154669810722254,-0.168027971408707,0.0014591453993415952,-6.529904357558653,-0.563486223306545,0.001771021895626866,-6.336198556832194,-0.005915241736946797
2022-06-04,1.0015190355219843,1.0025362878888744,1.000640696130741,1.0018120398171568,201083865.5852137,6436666008.97748,1.0816772883393e-05,1.0816714382527054e-05,Saturday,0,0,0,0,0,1,1,-0.1666753887207495,-0.1823320233136278,0.0013258533322842226,-6.625699002473195,-0.09579464491454193,0.0017558069030527842,-6.344826753908654,-0.008628197076459898
2022-06-05,1.0024426054852975,1.0024426054852975,0.9995208109181518,1.0003596041726424,218195466.1643997,6436503604.80908,-0.0014498085337241,-0.001450860523028,Sunday,0,0,0,0,0,0,1,0.0850968352402923,0.0816692320793554,0.0016089358671296892,-6.432182270604256,0.19351673186893859,0.001775522059088114,-6.333660781502798,0.011165972405856373
2022-06-06,1.000555444937036,1.0021531992015535,0.9983977895384348,1.0014912230884052,222396989.13478407,6449747596.111981,0.0011312121271618,0.0011305727888296,Monday,1,0,0,0,0,0,0,0.0192557757695053,0.0190727293869737,0.0025903869184144656,-5.955948025078953,0.476234245525303,0.0017379090603095871,-6.355072577840706,-0.02141179633790813
2022-06-07,1.0003583313896065,1.002686585001513,0.995306105902985,1.0014180277939913,283416683.0635699,6489870549.975209,-7.308630642632874e-05,-7.30889773605622e-05,Tuesday,0,1,0,0,0,0,0,0.2743728418544584,0.2424541688518349,0.005182442936421249,-5.26247872453575,0.6934693005432031,0.0016622499540763587,-6.399583200309108,-0.044510622468401984
2022-06-08,1.0014525786540291,1.0058883577830215,0.9966516492617604,1.0016012412048343,347001434.6784766,6551779161.446207,0.0001829539770186,0.0001829372429807,Wednesday,0,0,1,0,0,0,0,0.2243507719009072,0.2024107213848169,0.006522448758723966,-5.032505397063366,0.22997332747238453,0.0016225636099835602,-6.423747905233991,-0.02416470492488365
2022-06-09,1.000186996207394,1.0021983605303513,0.998143762219272,1.000911586335378,185530319.2309422,6581625018.893249,-0.0006885523310921,-0.0006887894921198,Thursday,0,0,0,1,0,0,0,-0.4653327027225399,-0.6261105997778613,0.002830989385789116,-5.867129022139122,-0.8346236250757562,0.001624329421109405,-6.422660212302302,0.0010876929316889772
2022-06-10,1.00086586045663,1.0068013668530833,0.9993230511891816,1.00108848167937,209774675.7049249,6603359354.941349,0.0001767342354779,0.0001767186198227,Friday,0,0,0,0,1,0,0,0.1306759810174429,0.1228156671557783,0.005270036180640743,-5.245718051055707,0.6214109710834146,0.0012176141667980627,-6.710861935906419,-0.288201723604117
2022-06-11,1.0019628239263076,1.0032198998734378,1.0001377896362358,1.0023105996780195,330034287.15972185,6640105333.046321,0.0012207891919797,0.0012200446347574,Saturday,0,0,0,0,0,1,1,0.5732799302426645,0.4531625677109155,0.002165012419437195,-6.135329181083539,-0.8896111300278315,0.0012120093917828239,-6.7154756423693085,-0.004613706462889056
2022-06-12,1.0008120553564617,1.0035134911352517,0.999478789309896,1.0027514686554555,400216708.3497552,6605474516.520498,0.0004398526540352,0.0004397559472133,Sunday,0,0,0,0,0,0,1,0.212651908969895,0.1928096217302643,0.002582114501462916,-5.959146641505731,0.17618253957780805,0.0012067742356745665,-6.719804400199141,-0.0043287578298327745
2022-06-13,0.9999869692891008,1.0072944438356106,0.999238815560052,1.0029670779149444,967443961.9261965,6555304236.002035,0.0002150176451778,0.000214994532197,Monday,1,0,0,0,0,0,0,1.4173002819280924,0.8826513314592467,0.0053679959576178595,-5.227300632364854,0.7318460091408765,0.0010595032441445369,-6.849955118302574,-0.13015071810343315
2022-06-14,1.0042486130397104,1.0051269953738575,0.999443516511856,1.0030407915475088,1088794202.0323586,6385297226.751925,7.349556549507419e-05,7.349286482832434e-05,Tuesday,0,1,0,0,0,0,0,0.1254338699520663,0.1181686234874545,0.003939293432691987,-5.536753903558229,-0.30945327119337485,0.0009799403407722215,-6.928018864915761,-0.0780637466131866
2022-06-15,1.001579831791629,1.0077099712181208,0.9939199900523228,0.9998586363354248,793863834.6099355,6377954131.566972,-0.0031725082757346,-0.003177551349067,Wednesday,0,0,1,0,0,0,0,-0.2708779738833123,-0.3159141726182646,0.00968438150776349,-4.6372408450024825,0.8995130585557467,0.0011379153999569363,-6.778557287028301,0.14946157788746017
2022-06-16,1.0022337057451698,1.004293808449634,0.9979927450594273,1.004293808449634,753309245.4688244,6299148628.973065,0.0044357991750358,0.004425990014821,Thursday,0,0,0,1,0,0,0,-0.0510850694704307,-0.0524361255603252,0.004263534027249904,-5.457656878753879,-0.8204160337513962,0.0013926209751084272,-6.576567713736406,0.20198957329189504
2022-06-17,1.004018714751274,1.0057117338447747,0.9980337244920128,1.0006734729913207,458120564.8729968,6304536213.200673,-0.003604856893325,-0.0036113700473055,Friday,0,0,0,0,1,0,0,-0.3918559109308634,-0.497343436492779,0.005006339218414164,-5.2970503259003285,0.16060655285355008,0.001501250785472986,-6.501456661357571,0.0751110523788352
2022-06-18,1.0017506337803586,1.008268127077307,0.9982691387144988,0.9982691387144988,489804308.8698028,6368786226.910296,-0.0024027161124143,-0.0024056072667833,Saturday,0,0,0,0,0,1,1,0.0691602744478181,0.0668735501290626,0.006706965624065284,-5.00460864725932,0.29244167864100845,0.0015608345030673572,-6.462534662885255,0.0389219984723157
2022-06-19,1.0028521387497655,1.005905420282855,0.9985891806803326,0.9985891806803326,775599988.6976274,6294940682.703854,0.0003205968745521,0.0003205454943553,Sunday,0,0,0,0,0,0,1,0.5834895174509243,0.4596309671141624,0.004431033876924771,-5.419122341358495,-0.41451369409917493,0.0015612936080867663,-6.4622405653938175,0.00029409749143738395
2022-06-20,1.0018766659119465,1.0036022453869506,0.9969347898312984,1.0028809754155257,557982573.279572,6292864169.830906,0.0042978582366264,0.0042886488216595,Monday,1,0,0,0,0,0,0,-0.2805794463502693,-0.3293091775842195,0.004672037053311444,-5.366160102556273,0.052962238802222394,0.0017462593612462332,-6.350279286636543,0.11196127875727413
2022-06-21,1.0021608169663914,1.002775733503015,0.9976179645239884,1.0008024138740943,389722266.8489546,6289319735.489379,-0.0020725904592717,-0.0020747412471932,Tuesday,0,1,0,0,0,0,0,-0.3015511854459155,-0.3588933820623842,0.0035475919154598088,-5.641486239340487,-0.2753261367842148,0.0017526677714149686,-6.346616211018506,0.003663075618037581
2022-06-22,1.0001560053552092,1.0061503308293966,0.9958949872253936,1.00231020331514,333205485.45675373,6326103164.690778,0.0015065805399181,0.0015054467860413,Wednesday,0,0,1,0,0,0,0,-0.1450180967311913,-0.1566749760368501,0.007119785790286061,-4.944877639644814,0.696608599695673,0.0017483745541261072,-6.349068748886726,-0.002452537868220084
2022-06-23,1.0010090584517246,1.0029928207814471,0.998547024223634,1.0008839798844198,359069665.0404839,6346242739.237637,-0.0014229361588887,-0.001423949493933,Thursday,0,0,0,1,0,0,0,0.0776223102938293,0.0747570495873652,0.003140279273015211,-5.763443542566239,-0.8185659029214243,0.0017656660267439464,-6.339227307513477,0.009841441373248827
2022-06-24,1.0005779868420652,1.0026207642937657,0.998034512726364,1.0010321727903118,361102147.79587096,6330524768.447854,0.0001480620220428,0.0001480510619435,Friday,0,0,0,0,1,0,0,0.0056604134330253,0.005644453491165,0.0032296194729942197,-5.735390958906248,0.028052583659990304,0.0017485089215565398,-6.348991899068062,-0.009764591554584534
2022-06-25,0.9977732063465566,1.0059444145799952,0.9977732063465566,1.0015471246998893,299327919.4880302,6339895888.515956,0.0005144209382823,0.0005142886691908,Saturday,0,0,0,0,0,1,1,-0.1710713400208336,-0.1876211830635017,0.005268338393935475,-5.24604026141328,0.4893506974929682,0.0017509345376867046,-6.347605612050211,0.001386287017850485
2022-06-26,1.001486219236393,1.001982303061847,0.9990078001028804,1.0013095149751647,241319970.0597561,6340860901.566043,-0.0002372426807133,-0.0002372708272099,Sunday,0,0,0,0,0,0,1,-0.1937939819562798,-0.215415963623732,0.0020993893107993694,-6.166108780925806,-0.920068519512526,0.001749204841934845,-6.348593970344018,-0.0009883582938066127
2022-06-27,1.0027969195627513,1.0027969195627513,1.000666109389173,1.001168086482895,248092516.34471783,6322590984.592398,-0.0001412435317498,-0.0001412535075568,Monday,1,0,0,0,0,0,0,0.0280645911040213,0.027677996872388,0.0011142311436423773,-6.79959066919543,-0.6334818882696238,0.0017478210134082345,-6.349385402066908,-0.0007914317228898682
2022-06-28,1.0012149087675266,1.00284711553546,1.0003328078989266,1.002028850065745,290866670.8240384,6302204722.483778,0.000859759309622,0.0008593899282909,Tuesday,0,1,0,0,0,0,0,0.1724121110525036,0.1590632599381466,0.0017016918827450754,-6.376132297684013,0.4234583715114173,0.0017496635362312031,-6.348331774542742,0.0010536275241657123
2022-06-29,1.0008815590303737,1.0034212629849857,1.0003721249540745,1.0034212629849857,355453391.6227042,6276277959.597967,0.0013895936420884,0.0013886290503337,Wednesday,0,0,1,0,0,0,0,0.2220492317517464,0.2005291477870896,0.0014663194269970389,-6.52499980907696,-0.14886751139294763,0.0017258455725525591,-6.362038161614217,-0.013706387071475312
2022-06-30,1.0018175564391405,1.0066627841227391,0.9979698438316458,1.003963023527936,319291279.85250807,6335507116.463071,0.0005399133573655,0.0005397676565903,Thursday,0,0,0,1,0,0,0,-0.1017351715371459,-0.1072903449557118,0.00598679835441219,-5.118198508178668,1.4068013008982927,0.0017074725355177716,-6.372741051264927,-0.010702889650709757
2022-07-01,0.9948561329425942,1.0068959953354553,0.9948561329425942,1.0031687912308576,376424125.0855612,6346860079.47994,-0.0007910971604188,-0.0007914102429074,Friday,0,0,0,0,1,0,0,0.1789364409182889,0.1646127107876462,0.006753362346068077,-4.997714772777524,0.12048373540114365,0.0017060682307550865,-6.37356383613147,-0.0008227848665427473
2022-07-02,1.0052428595136884,1.0052428595136884,0.9993689726709144,1.00247883392323,266125218.9975776,6408633801.509639,-0.0006877778831028,-0.0006880145108154,Saturday,0,0,0,0,0,1,1,-0.2930176328706686,-0.3467495538077111,0.003774057937188692,-5.579604480487294,-0.5818897077097702,0.001694334159437245,-6.380465441616893,-0.006901605485423623
2022-07-03,1.001137762875285,1.0051721409824854,1.000603878707105,1.000603878707105,189842758.64188585,6422727025.86277,-0.0018703190059258,-0.0018720702364315,Sunday,0,0,0,0,0,0,1,-0.286641230932669,-0.3377708026990409,0.0032038447646751127,-5.743403701425719,-0.16379922093842492,0.0017242917403109059,-6.36293889813906,0.017526543477833556
2022-07-04,1.001969448755232,1.003050087902559,1.0000325380491706,1.0017041985347168,158036904.60904658,6447813194.622502,0.0010996557689078,0.0010990515903877,Monday,1,0,0,0,0,0,0,-0.16753788377484,-0.1833675641988131,0.0021240830991259233,-6.154415052485502,-0.41101135105978326,0.0017359268184282814,-6.356213818915785,0.006725079223274477
2022-07-05,1.001044216436257,1.004476059815014,0.99806130368326,0.9987583493067204,244225736.3802437,6448907701.973003,-0.0029408374571111,-0.0029451702162977,Tuesday,0,1,0,0,0,0,0,0.5453715509324355,0.4352643674779875,0.00430159521355879,-5.4487693451812556,0.7056457073042468,0.001797890327706727,-6.32114134161916,0.03507247729662488
2022-07-06,1.0008941716424251,1.0068392086750324,0.999646704046182,1.0012039970767443,238431533.01650143,6433153715.553004,0.0024486881854071,0.0024456950336934,Wednesday,0,0,1,0,0,0,0,-0.023724786132781,-0.0240107508970024,0.005065799611860903,-5.285243283680274,0.16352606150098126,0.001840973639869518,-6.29746069520985,0.02368064640931067
2022-07-07,1.0007962884052852,1.003448455243508,0.9968931686615708,1.0015831331909888,218598269.0309086,6426066280.08533,0.0003786801844094,0.000378608503164,Thursday,0,0,0,1,0,0,0,-0.0831822189568365,-0.0868465385291479,0.004608699414878925,-5.37980958436356,-0.09456630068328575,0.0018422225768609786,-6.296782514105266,0.0006781811045835084
2022-07-08,1.0012850862566205,1.0029734449147598,0.999207566299418,1.0008494036708235,264606715.52174404,6455386560.607714,-0.000732569764656,-0.0007328382250047,Friday,0,0,0,0,1,0,0,0.2104703147687325,0.191008973979817,0.0026461911445234696,-5.9346339768495575,-0.5548243924859975,0.001846772919717417,-6.294315530793173,0.002466983312093163
2022-07-09,1.002472298269337,1.0050282909890875,0.9989894445811874,1.0001557052223984,160285928.08873016,6474138945.965084,-0.000693109718486,-0.0006933500300748,Saturday,0,0,0,0,0,1,1,-0.3942484499205437,-0.5012853603462152,0.004011639472725134,-5.518555275152321,0.41607870169723693,0.001846829804555163,-6.294284728976088,3.0801817085368555e-05
2022-07-10,1.0007113640822485,1.0035402211382167,0.9981047039719908,1.0003193592556234,136186698.16834483,6443216850.148711,0.0001636285554045,0.0001636151697126,Sunday,0,0,0,0,0,0,1,-0.1503515012686866,-0.1629325459295962,0.00383261353228544,-5.564208324099229,-0.04565304894690847,0.00184678955905436,-6.294306520880906,-2.1791904818435626e-05
2022-07-11,1.0009959885978787,1.007538638956397,0.999460096156806,1.004199444083434,190464841.5320216,6445348835.859668,0.003878846082413,0.0038713427555221,Monday,1,0,0,0,0,0,0,0.3985568641702568,0.335440893662892,0.005334875690576541,-5.233489695235305,0.33071862886392367,0.001964838721820013,-6.232345112438946,0.06196140844196041
2022-07-12,1.000700522982549,1.0023197737004943,0.9985440350866958,1.002088168679772,225429910.257324,6454999467.958358,-0.0021024462979951,-0.0021046595409068,Tuesday,0,1,0,0,0,0,0,0.1835775487174307,0.1685416727237864,0.0025259060110984135,-5.981155464337379,-0.747665769102074,0.0020004494709349664,-6.214383388203941,0.017961724235004972
2022-07-13,1.002604336710554,1.0060739482110583,0.995235995534386,1.0004404688366313,248123001.0849568,6429158293.112692,-0.0016442663376732,-0.0016456196272169,Wednesday,0,0,1,0,0,0,0,0.1006658380058309,0.0959153039577966,0.007540002356997756,-4.88753278436315,1.0936226799742297,0.002022504914551313,-6.203418479095735,0.010964909108206022
2022-07-14,1.000430558928979,1.0031631778579233,0.9989621493722004,1.0018083577689718,263437410.30590364,6476326098.363132,0.001367286685165,0.0013663527998876,Thursday,0,0,0,1,0,0,0,0.0617210381705128,0.0598912123920801,0.002841469005294297,-5.86343410515416,-0.9759013207910101,0.002037787220280097,-6.195890755775535,0.007527723320199797
2022-07-15,1.0001343819325073,1.0023156264806827,0.9981164827520188,1.0002287084992805,273924885.5759665,6515708122.543473,-0.00157679785504,-0.0015780423091182,Friday,0,0,0,0,1,0,0,0.0398101213410986,0.0390381208507623,0.0029680272391162522,-5.819857776119301,0.04357632903485875,0.0019745943685351014,-6.227392284743234,-0.03150152896769942
2022-07-16,0.9981095307405752,1.002152287439458,0.9981095307405752,0.9990611905227978,242027692.6042198,6551511847.330586,-0.0011672510162543,-0.0011679327843031,Saturday,0,0,0,0,0,1,1,-0.1164450353047633,-0.1238017767124102,0.0027962442760012373,-5.879478092188856,-0.0596203160695552,0.0018142525273040215,-6.312081726777359,-0.08468944203412487
2022-07-17,1.0002308077022024,1.0025684141471625,0.9979037810046208,1.0006893205966088,246430621.8489231,6640170019.159525,0.0016296600140768,0.0016283335591142,Sunday,0,0,0,0,0,0,1,0.0181918407655246,0.0180283490632276,0.003285295671030689,-5.71829862469386,0.16117946749499623,0.0017161472697686626,-6.367673460055315,-0.05559173327795541
2022-07-18,0.9999312883493198,1.0031709789054928,0.9937439788324652,1.0009940694225037,261166142.2876288,6744803787.488806,0.0003045389009579,0.0003044925383994,Monday,1,0,0,0,0,0,0,0.0597958172898638,0.0580762643711178,0.006643516315232269,-5.014113890117116,0.704184734576744,0.0016599258309733134,-6.400982357748431,-0.03330889769311618
2022-07-19,1.0014093852417605,1.0047039723383466,0.9948970387234388,1.00027698898854,385273376.1553582,6781004457.512445,-0.0007163683141274,-0.0007166250285169,Tuesday,0,1,0,0,0,0,0,0.4752041469871964,0.3887963849518134,0.0069002476721097055,-4.976197973514463,0.037915916602653255,0.0016640454215307017,-6.398503640362696,0.0024787173857347966
2022-07-20,1.000379596670838,1.0020350292104514,0.9951729962340268,0.998010651113998,313566604.3218774,6823935729.373805,-0.0022657102977381,-0.0022682809028798,Wednesday,0,0,1,0,0,0,0,-0.1861191981367682,-0.2059413587597114,0.0046301687968513085,-5.375161954345236,-0.3989639808307732,0.0015256037546532905,-6.485365042581663,-0.08686140221896732
2022-07-21,0.9986774547357584,1.0025988925653604,0.9983265269085692,1.001143557317531,328572653.6764045,6825888539.927428,0.0031391510702174,0.0031342342226275,Thursday,0,0,0,1,0,0,0,0.0478560189372823,0.0467461899502325,0.0026016162632715874,-5.951622387372793,-0.5764604330275569,0.0015847489538919732,-6.447329272909399,0.03803576967226441
2022-07-22,0.9991759770658593,1.004646275858111,0.998348755196748,1.0002768805384328,294274356.1679562,6828577299.370704,-0.0008656868166042,-0.0008660617398294,Friday,0,0,0,0,1,0,0,-0.1043857336412027,-0.1102454649976318,0.0043933832496565565,-5.427655676806617,0.5239667105661763,0.0015687210323216104,-6.4574946207070285,-0.010165347797629565
2022-07-23,0.9989775335758302,1.002422737377724,0.9968651019687056,1.0015482222086634,316245282.2306662,6892420634.50495,0.0012709897579019,0.0012701827341598,Saturday,0,0,0,0,0,1,1,0.0746613682171144,0.0720056056450558,0.0035921129177983817,-5.629014693123592,-0.2013590163169754,0.0015643135058157937,-6.460308205657823,-0.0028135849507942012
2022-07-24,1.0015594204136558,1.0022643564003535,0.9990740580241788,1.0001226248498938,259700346.79398543,6916974153.639872,-0.0014233936291412,-0.0014244076161689,Sunday,0,0,0,0,0,0,1,-0.1788008821438717,-0.1969896680511255,0.002070286593774232,-6.180068230189665,-0.551053537066073,0.0015855526930630883,-6.446822230187387,0.013485975470435285
2022-07-25,1.0013900205857795,1.002536546569461,0.9996290052572936,1.002101858865139,425554448.3610309,6922141995.62301,0.0019789913417289,0.0019770357180468,Monday,1,0,0,0,0,0,0,0.6386364269995137,0.4938644490408607,0.002005668589439319,-6.2117778127423975,-0.031709582552732485,0.001623406887480391,-6.423228321019372,0.023593909168015514
2022-07-26,1.004071771397126,1.004793811167723,0.998990935512346,1.0010111138794466,864857507.561495,6863581757.872658,-0.0010884572022723,-0.00108905000201,Tuesday,0,1,0,0,0,0,0,1.032307524671365,0.7091718591469369,0.003629447867787157,-5.6186747448121155,0.593103067930282,0.0016349641191883105,-6.4161344203243,0.007093900695071653
2022-07-27,1.0007600913768675,1.0024071547023532,0.9944676104405202,1.000376383525201,1238572406.3791013,6890699432.933337,-0.0006340892178365,-0.0006342903374276,Wednesday,0,0,1,0,0,0,0,0.4321115276796434,0.3591499479636242,0.0056178677127357085,-5.181803097616177,0.43687164719593863,0.0016388573439010603,-6.413756021506952,0.0023783988173482484
2022-07-28,0.9994655530346268,1.007773208357758,0.994540274472983,1.0004406804079709,1156459306.6673758,6951928335.046387,6.427269158759685e-05,6.427062618665367e-05,Thursday,0,0,0,1,0,0,0,-0.0662965679590574,-0.06859641575633,0.009326749432502213,-4.6748687243455445,0.5069343732706324,0.0016313714217828688,-6.418334254853982,-0.004578233347030114
2022-07-29,1.0007150106841671,1.0022235530181665,0.9980122778900176,1.0005333613741514,772609901.9134513,6998091775.029137,9.264014148513412e-05,9.263585065222712e-05,Friday,0,0,0,0,1,0,0,-0.3319177791565202,-0.4033440279248105,0.0029753359482813982,-5.817398322567889,-1.1425295982223442,0.0016116396643965955,-6.430503193137714,-0.012168938283731556
2022-07-30,1.0042956182017082,1.0093310652164205,0.9965409465617584,0.9998581643500276,582732843.8319927,7017841227.290941,-0.000674837092085,-0.0006750648971287,Saturday,0,0,0,0,0,1,1,-0.2457605806128133,-0.2820454290331574,0.008587347543718486,-4.75746537487004,1.059932947697849,0.001613338523351764,-6.429449629973308,0.0010535631644055243
2022-07-31,1.0004908987158228,1.0024807583044684,0.9980158111659092,1.000096987605378,694247823.3570161,7002620643.575361,0.0002388571338072,0.0002388286119837,Sunday,0,0,0,0,0,0,1,0.1913655300286698,0.1751001534694686,0.0031469123193472457,-5.761333522950786,-1.0038681480807465,0.0016074466778222,-6.433108273275325,-0.0036586433020167064
2022-08-01,1.0027699790453224,1.0027699790453224,0.9965945776547516,1.0001135512668329,1158197266.6179984,6973824321.196751,1.6562055140889598e-05,1.656191799156867e-05,Monday,1,0,0,0,0,0,0,0.6682764103134924,0.5117910038247719,0.0040449903395157905,-5.510276116727738,0.2510574062230484,0.0016025339829083586,-6.4361691632112334,-0.003060889935908584
2022-08-02,0.9995368683682164,1.002400703403082,0.9986454867200024,1.0020696467780057,929704813.259444,6978360152.984503,0.0019558734192683,0.0019539631892255,Tuesday,0,1,0,0,0,0,0,-0.1972828463200965,-0.2197528640967309,0.002137610868731323,-6.148066490086164,-0.6377903733584258,0.0016057893195767147,-6.434139855389929,0.0020293078213047266
2022-08-03,1.0030192506365,1.0036531874493462,0.9988252372331158,1.000793404049588,653077430.9942487,6936599907.135049,-0.0012736068121823,-0.0012744185386251,Wednesday,0,0,1,0,0,0,0,-0.2975432398756437,-0.3531714310930067,0.0031175608682117513,-5.7707043559136775,0.3773621341724862,0.001610103603077113,-6.431456752318784,0.0026831030711447212
2022-08-04,1.001950674325223,1.0022350518944925,0.995534283624121,1.0006085126622504,568440478.7116628,6964803460.83492,-0.0001847448100572,-0.0001847618774817,Thursday,0,0,0,1,0,0,0,-0.1295971170734444,-0.1387990907001036,0.004669730880341348,-5.36665383629775,0.40405051961592786,0.0015180373044127362,-6.490337025598705,-0.058880273279920736
2022-08-05,1.0018291567557565,1.0022698884154255,0.9998913936339228,1.000980783864664,660704830.1026254,7025426653.908711,0.0003720448084367,0.000371975616928,Friday,0,0,0,0,1,0,0,0.1623113674101366,0.15041058071962,0.0015953893622334362,-6.440637458283427,-1.0739836219856773,0.0014524698435127317,-6.534489831234988,-0.04415280563628343
2022-08-06,1.0002762273022576,1.0014197131347031,0.9989121313886794,1.0002799215106577,759828895.6225305,7047716401.002248,-0.000700175633043,-0.0007004208704811,Saturday,0,0,0,0,0,1,1,0.1500277597554544,0.1397860810016062,0.0017728333470252552,-6.3351762512174785,0.10546120706594841,0.0014564489278899597,-6.531754047136691,0.0027357840982968895
2022-08-07,1.000362052348691,1.0020591477889436,0.9988388227577968,0.9998208718059712,341530611.85734874,7080365911.989809,-0.0004589212427589,-0.0004590265793411,Sunday,0,0,0,0,0,0,1,-0.5505164204402473,-0.7996559561943278,0.0022511078889125595,-6.0963327888802334,0.23884346233724507,0.0014527096282816688,-6.534324757254665,-0.002570710117973718
2022-08-08,0.9995365843691092,1.0027268520400072,0.9976591162661108,1.001069240245464,873318376.6041212,7045991338.335328,0.0012485920975402,0.0012478132546645,Monday,1,0,0,0,0,0,0,1.5570720347870042,0.9388628675145072,0.00345386792078919,-5.6682605394823735,0.4280722493978599,0.0014650058199813817,-6.52589606383746,0.008428693417204869
2022-08-09,1.0020713195066462,1.0079159667243616,1.0004450894053178,1.0010253090164625,2878694036.4208145,7048028522.050911,-4.388430613522232e-05,-4.3885269079557e-05,Tuesday,0,1,0,0,0,0,0,2.2962709975422158,1.192791828795435,0.005220539118900001,-5.25515460293779,0.41310593654458394,0.0014647231543931402,-6.526089027481259,-0.000192963643798727
2022-08-10,1.0021924647366895,1.0061977940994604,0.9948908210082892,1.0006861682956758,851190897.1993315,7080326083.354825,-0.0003387933529072,-0.0003388507563408,Wednesday,0,0,1,0,0,0,0,-0.7043135232747249,-1.2184555862595352,0.00793610046265407,-4.8363332499750955,0.41882135296269407,0.0012843927576199972,-6.657469234491068,-0.13138020700980935
2022-08-11,1.0005378095287984,1.0061730131757245,0.997211706550196,0.997211706550196,875806114.7628677,7114852540.95536,-0.003472079314734,-0.0034781209709114,Thursday,0,0,0,1,0,0,0,0.0289185629739785,0.0285083118094126,0.005977815657749818,-5.119700052372399,-0.2833668023973033,0.0013803100663735504,-6.585447119273158,0.07202211521791035
2022-08-12,1.001991079804503,1.002168026408156,0.9987775070751568,1.0014579120598883,713996579.53238,6919737808.511358,0.0042580782814733,0.0042490383189745,Friday,0,0,0,0,1,0,0,-0.184754973164693,-0.2042665645026646,0.0023733852319570664,-6.04343797506781,-0.9237379226954117,0.001554605406082165,-6.466533523699503,0.11891359557365444
2022-08-13,0.9997149638989276,1.0019967209131235,0.9975668929136868,1.001141193089652,576925993.8553737,6838090184.68051,-0.0003162578940384,-0.0003163079141126,Saturday,0,0,0,0,0,1,1,-0.1919765298690623,-0.2131641736911486,0.003005145998041829,-5.807429127136302,0.23600884793150811,0.0015355462630756347,-6.478869089539783,-0.012335565840279727
2022-08-14,1.000344584970592,1.002487372679212,0.9981740671243448,0.9991018405847816,371145504.6524213,6828026673.884414,-0.0020370278627501,-0.0020391054258557,Sunday,0,0,0,0,0,0,1,-0.3566843778832027,-0.4411198165186816,0.002949449529716898,-5.82613672613834,-0.018707599002037334,0.0015535422233265653,-6.467217650017704,0.01165143952207881
2022-08-15,0.9986820882300852,1.003708122420336,0.9986820882300852,0.9998695213840229,534623916.9074066,6813021846.568731,0.0007683709188164,0.0007680758730087,Monday,1,0,0,0,0,0,0,0.4404698701876592,0.3649693591054825,0.003472025813571393,-5.663017047427283,0.16311967871105626,0.0015452149445713752,-6.472592255609174,-0.005374605591470072
2022-08-16,1.0006930594616283,1.0024142233511562,0.9977178126058892,1.0015827132809811,589163467.0702543,6797990798.056284,0.0017134154610363,0.0017119492393575,Tuesday,0,1,0,0,0,0,0,0.1020147966412314,0.0971401377197377,0.0032743961755520574,-5.721621800771109,-0.05860475334382542,0.0015482245397680611,-6.470646462803803,0.00194579280537166
2022-08-17,1.0013880444955277,1.0023326722801518,0.9988090049915648,0.9988090049915648,589415365.8074771,6760928059.188115,-0.0027693252415771,-0.0027731669169288,Wednesday,0,0,1,0,0,0,0,0.0004275532196105,0.0004274618447768,0.0019058159859904958,-6.262845023011856,-0.5412232222407471,0.0016279610540940286,-6.4204269342346025,0.0502195285692002
2022-08-18,1.0008289553307996,1.000986641494862,0.9985519162384624,1.000367870271003,433591420.9688641,6711116992.95757,0.0015607240940438,0.0015595074299484,Thursday,0,0,0,1,0,0,0,-0.2643703470898489,-0.3070284758760941,0.0016980244014434924,-6.378289820499247,-0.1154447974873909,0.0016474852331353953,-6.408505254823293,0.011921679411309505
2022-08-19,1.0004900082010502,1.0063597766769723,0.9963990740237672,1.0001518275708554,562984381.53932,6668152237.841744,-0.000215963253687,-0.0002159865771085,Friday,0,0,0,0,1,0,0,0.2984214039136801,0.261149221920387,0.007030496852196485,-4.957497899668874,1.4207919208303732,0.0015950734544120267,-6.440835490882832,-0.032330236059539
2022-08-20,1.0034291065469585,1.0035815524014038,0.9947003005973816,1.0003557722599794,691820916.8429627,6605004516.950298,0.0002039137293978,0.0002038929418192,Saturday,0,0,0,0,0,1,1,0.2288456652232093,0.2060752451745474,0.005989303126349668,-5.117780213130312,-0.16028231346143862,0.0014893614730092863,-6.509407792479471,-0.06857230159663885
2022-08-21,0.999396073966748,1.004385576768157,0.9986355993531156,1.001464511310244,482745292.3970706,6581124727.870708,0.0011083447319544,0.0011077309713956,Sunday,0,0,0,0,0,0,1,-0.3022106145619047,-0.3598379618124914,0.003850982453912691,-5.559426980401581,-0.4416467672712683,0.0014946898550794684,-6.505836548457553,0.0035712440219182184
2022-08-22,1.0018108851654046,1.0026576709904402,0.9966469481828106,1.0000271285693616,461858771.36545074,6553587248.44895,-0.0014352807559819,-0.0014363117580425,Monday,1,0,0,0,0,0,0,-0.0432661309402063,-0.0442300149597775,0.004104901971838953,-5.495573416548277,0.06385356385330354,0.001499695082057882,-6.502493470165952,0.003343078291600854
2022-08-23,1.0023081582334314,1.0064389665115332,0.999010886456228,1.0002895859107186,520800157.6297226,6519185748.834708,0.0002624502214578,0.0002624157874231,Tuesday,0,1,0,0,0,0,0,0.1276177695835809,0.1201072388988004,0.005086135075197348,-5.281237054097093,0.21433636245118404,0.0014777515032750135,-6.5172336009874225,-0.014740130821470743
2022-08-24,1.0015156720292966,1.0016679829160475,0.9983655055295456,1.000606421184542,447108887.8670738,6505893469.120417,0.0003167435493542,0.0003166933967063,Wednesday,0,0,1,0,0,0,0,-0.1414962508806337,-0.1525642315960571,0.0022659034537405214,-6.089781723753323,-0.8085446696562304,0.0014341560775130836,-6.547178702062791,-0.029945101075368186
2022-08-25,1.0005572076536642,1.0030105886345426,0.999442367289455,0.999780282529624,424405261.2322209,6505615681.260204,-0.0008256379705618,-0.0008259789973137,Thursday,0,0,0,1,0,0,0,-0.0507787414899314,-0.0521133584323102,0.002473344826143432,-6.002183863793034,0.08759785996028935,0.0014282894318864642,-6.551277752208366,-0.0040990501455748785
2022-08-26,1.000907032626816,1.0018049996803455,0.9985074720864714,1.0007146281076806,360895168.3543212,6515778034.482681,0.0009345509152196,0.0009341144943969,Friday,0,0,0,0,1,0,0,-0.1496449235655187,-0.1621012797438338,0.0023282779557788403,-6.062626359427961,-0.060442495634926985,0.0014337662140163708,-6.54745058076764,0.003827171440725863
2022-08-27,1.0013704824945278,1.0021860044647064,0.9978011725207466,1.0021860044647064,551500172.2429545,6491537061.617001,0.0014703256210095,0.0014692457506714,Saturday,0,0,0,0,0,1,1,0.5281450698212184,0.4240546272201917,0.003059007319918245,-5.789664820904091,0.2729615385238704,0.0014585965749779326,-6.530280555574081,0.01717002519355848
2022-08-28,1.000428761945929,1.0019823020662229,0.9994072433763144,1.0003332919165948,387126464.5595296,6491151548.9820175,-0.0018486713442992,-0.0018503822460907,Sunday,0,0,0,0,0,0,1,-0.2980483342641872,-0.3538907295549363,0.0018186112511884552,-6.3096821179608975,-0.5200172970568069,0.0014971133570078816,-6.504216453627315,0.02606410194676645
2022-08-29,1.0023079779120514,1.0030257756874257,0.9995335398090276,0.9997802870627592,499062146.6102046,6484739133.691895,-0.0005528206031971,-0.0005529734648461,Monday,1,0,0,0,0,0,0,0.2891450011769017,0.2539792088459828,0.0019024497285563245,-6.264612892463845,0.045069225497052834,0.0014954432915742272,-6.505332599988537,-0.0011161463612223699
2022-08-30,1.0010468217738913,1.003017731989174,0.9937472179098596,0.99949985600323,632342846.9611435,6487027473.832236,-0.0002804926874014,-0.0002805320328329,Tuesday,0,1,0,0,0,0,0,0.2670623313273219,0.2367010961252264,0.006495171266583938,-5.036696260218171,1.227916632245674,0.0014956846622308025,-6.505171208927488,0.00016139106104962053
2022-08-31,0.9987521116571094,1.0017733622804974,0.9964588133238858,1.0007410500917695,610396734.3441966,6517770709.923627,0.0012418151749442,0.0012410447602224,Wednesday,0,0,1,0,0,0,0,-0.0347060344280221,-0.0353225964969697,0.0035522348330706143,-5.6401783431235515,-0.6034820829053809,0.0015127469061800786,-6.493828137626665,0.011343071300822238
2022-09-01,0.9989916046834708,1.0053019927698372,0.996714102559562,1.0001451161120167,402261887.9740319,6520474185.903638,-0.0005954926898402,-0.000595670066033,Thursday,0,0,0,1,0,0,0,-0.3409828963023243,-0.4170057907987123,0.006023927660911681,-5.112015797037444,0.5281625460861079,0.0014740979925301379,-6.519709006739431,-0.02588086911276566
2022-09-02,1.0008813133780023,1.00183922828617,0.9988955610988678,0.9988955610988678,359321550.85641754,6549258227.41076,-0.0012493737088938,-0.0012501548268994,Friday,0,0,0,0,1,0,0,-0.1067472171770506,-0.1128856666925393,0.0016750615450775242,-6.391905371050262,-1.2798895740128184,0.001473405253452808,-6.520179058191302,-0.00047005145187117847
2022-09-03,1.000096898797042,1.0040067203389424,0.9989995641795926,1.0003423512298606,359761300.3565995,6545749866.722406,0.0014483897890198,0.001447341884257,Saturday,0,0,0,0,0,1,1,0.0012238328013831,0.0012230845284653,0.0035319957890904323,-5.645892188457886,0.7460131825923764,0.0014965332472709947,-6.504604014232043,0.01557504395925946
2022-09-04,1.0015141655251192,1.0068510793733467,0.9993870930108876,1.0068510793733467,347363056.7428864,6496554193.652804,0.0065065006349915,0.0064854247305943,Sunday,0,0,0,0,0,0,1,-0.0344624160559343,-0.035070250948295,0.004095310888451831,-5.497912645522953,0.14797954293493287,0.0019070983271472853,-6.262172392525134,0.2424316217069089
2022-09-05,1.000900798341067,1.001410828200059,0.9987257519607816,1.0005450201081283,533360064.3013996,6453981860.142714,-0.0062631499279349,-0.0062828457330316,Monday,1,0,0,0,0,0,0,0.5354541997141213,0.4288262328499294,0.0018856042616170426,-6.2735069462595,-0.7755943007365476,0.002221818189317832,-6.1094294141016565,0.15274297842347728
2022-09-06,0.9984221335058356,1.0026360232215257,0.9969326292299486,0.9997201896662936,546458300.5142987,6418097114.268633,-0.0008243811375379,-0.0008247211265343,Tuesday,0,1,0,0,0,0,0,0.02455796204025,0.0242612630264257,0.0039521336023762175,-5.533499693398649,0.7400072528608517,0.002225336989667838,-6.1078469188017515,0.0015824952999050623
2022-09-07,1.0002452029114992,1.0011172796982033,0.9936565129568672,1.0003098230790035,581862525.2946452,6391194723.39388,0.0005897984444094,0.0005896245816662,Wednesday,0,0,1,0,0,0,0,0.0647885204543985,0.0627762071000025,0.005289252720038806,-5.24207830584304,0.29142138755560865,0.0022162608206639863,-6.111933818167477,-0.004086899365725927
2022-09-08,0.999602152679362,1.0019304707128742,0.9981335782753362,1.0003738426666458,460851639.5490765,6420498665.199309,6.399975903992328e-05,6.399771114272085e-05,Thursday,0,0,0,1,0,0,0,-0.2079716092461717,-0.233158040898797,0.0026415347462642206,-5.936395187456554,-0.6943168816135143,0.002216277137803359,-6.1119264557310915,7.362436385882631e-06
2022-09-09,1.000026607338071,1.0020922616055126,0.9971108729558448,1.0020922616055126,459475153.44831663,6408749612.953909,0.001717776760622,0.0017163030695291,Friday,0,0,0,0,1,0,0,-0.0029868312980435,-0.0029913007805906,0.003282111560605035,-5.719268295238975,0.2171268922175793,0.0022374643903155028,-6.1024120228847,0.009514432846391863
2022-09-10,0.9992042548172412,1.00566700719499,0.9963877183281312,0.999109599363315,399718634.3018121,6428892578.391348,-0.0029764347620236,-0.0029808731532124,Saturday,0,0,0,0,0,1,1,-0.1300538640621535,-0.1393239819652979,0.0065544964877492316,-5.027603978179902,0.6916643170590735,0.002213411290332538,-6.113220383246382,-0.010808360361682645
2022-09-11,1.0012590552954883,1.005635184110584,0.9982172361233344,1.0039135357065347,366295196.2150294,6440261406.452321,0.0048082175832171,0.0047966950256012,Sunday,0,0,0,0,0,0,1,-0.0836174128963573,-0.0873213299979453,0.0049698721715128735,-5.304361159221895,-0.27675718104199376,0.0022504047246192566,-6.0966452013332875,0.016575181913094816
2022-09-12,0.9973748476154932,1.0090838875042316,0.996377478850202,1.0007921991786817,408960361.0375989,6432790360.580044,-0.0031091686851859,-0.0031140121922683,Monday,1,0,0,0,0,0,0,0.1164775439684537,0.1101786792148896,0.008704592731798176,-4.743904492405208,0.5604566668166875,0.0023203926677376942,-6.066018854290435,0.030626347042852053
2022-09-13,0.9997597921606994,1.0091606129754906,0.9943670390589048,1.0006079840153528,601682662.890168,6413949206.915981,-0.0001840693437459,-0.0001840862865867,Tuesday,0,1,0,0,0,0,0,0.4712493439794538,0.3861119336989306,0.010429097492227158,-4.5631555437012,0.18074894870400815,0.002290579262965889,-6.078950540143057,-0.012931685852621833
2022-09-14,0.9997933940512486,1.0050239711416722,0.9972650608104524,1.001302377634957,818178054.560146,6376063647.790333,0.000693971695906,0.0006937310088955,Wednesday,0,0,1,0,0,0,0,0.3598165694687756,0.307349815260851,0.005399372293529123,-5.221472574107578,-0.6583170304063781,0.0022897883669594577,-6.079295881861536,-0.00034534171847866446
2022-09-15,1.0004838542209298,1.0036026081711071,0.9974117377578026,1.0021847377140332,744784345.0260217,6377596933.432833,0.0008812124077446,0.0008808243680377,Thursday,0,0,0,1,0,0,0,-0.0897038353999617,-0.0939852768159908,0.004246123082703643,-5.461748928202316,-0.24027635409473813,0.0022740492836427124,-6.086193211222541,-0.006897329361005511
2022-09-16,0.9991669623963284,1.0034306231099444,0.9984073711303854,1.0018887091570872,560784989.0494082,6371159501.995276,-0.0002953832220806,-0.0002954268562973,Friday,0,0,0,0,1,0,0,-0.2470505149650868,-0.2837571383795336,0.0031200655184331614,-5.769901277883425,-0.3081523496811087,0.002217625055559448,-6.111318450529881,-0.025125239307339342
2022-09-17,0.9990529341654736,1.001608517965848,0.998825053573514,0.998825053573514,307012069.2324383,6375720290.629759,-0.0030578801373564,-0.003062565005772,Saturday,0,0,0,0,0,1,1,-0.4525315847828642,-0.6024505080566833,0.0019626666136890593,-6.233451213216338,-0.4635499353329138,0.0022692367850730955,-6.088311722052253,0.02300672847762808
2022-09-18,1.00047590715316,1.0031600591748338,0.9985357705019494,1.001328270027796,219657499.8430484,6434345083.937764,0.0025061610592627,0.0025030258747276,Sunday,0,0,0,0,0,0,1,-0.2845313853875039,-0.3348175459197804,0.0032239426362582362,-5.73715024721992,0.4963009659964186,0.0023144585826922258,-6.068579492363701,0.01973222968855204
2022-09-19,1.0002063087382644,1.0042769382312149,0.9963379122287508,0.999414862004876,500674372.34626496,6412169280.982602,-0.0019108698717422,-0.0019126979127124,Monday,1,0,0,0,0,0,0,1.279341122902752,0.8238864200202378,0.005590435423736638,-5.186698101514733,0.5504521457051865,0.0023403589247770087,-6.057450974718216,0.011128517645484948
2022-09-20,1.0000756572595555,1.0017656462521094,0.996866227354564,0.9995629436021872,406264857.2169204,6409719462.554761,0.000148168296211,0.0001481573203731,Tuesday,0,1,0,0,0,0,0,-0.1885647046141423,-0.2089506297895086,0.003452108672212685,-5.668770025314209,-0.4820719237994755,0.002331760991111603,-6.061131506693444,-0.0036805319752284404
2022-09-21,0.9990501299362294,1.0062194066443888,0.9971837010406658,1.000803437992824,363052211.17371845,6418149001.144363,0.0012410367937072,0.0012402673440899,Wednesday,0,0,1,0,0,0,0,-0.1063657002951871,-0.1124586482296591,0.0062846076993024625,-5.069651857455673,0.5991181678585358,0.002328007382638764,-6.062742577881392,-0.0016110711879475659
2022-09-22,0.9990469531355648,1.002606583492915,0.9980634325069524,0.9997513482866072,517215861.73585033,6424701709.9321,-0.0010512450959668,-0.0010517980416477,Thursday,0,0,0,1,0,0,0,0.4246321763575913,0.3539136585471124,0.0031814046468824028,-5.750432466860356,-0.6807806094046827,0.002335422647570404,-6.059562398857303,0.003180179024088403
2022-09-23,1.000868465709248,1.005410356692187,0.9952566423260628,0.9952566423260628,371439164.41992486,6497733350.5599165,-0.0044958238548489,-0.0045059604639316,Friday,0,0,0,0,1,0,0,-0.2818488528690478,-0.3310752207638667,0.006269189429316319,-5.072108210315381,0.6783242565449745,0.002475408069245284,-6.001350020089372,0.05821237876793095
2022-09-24,1.0001356962240229,1.0022963802285447,0.997783717339922,0.9990101843679104,286442508.14677274,6476792535.28544,0.0037714312893959,0.0037643372732125,Saturday,0,0,0,0,0,1,1,-0.2288306253485441,-0.2598472477665148,0.0031131198330090074,-5.772129893882249,-0.7000216835668676,0.002564613987075076,-5.965947304052908,0.03540271603646428
2022-09-25,1.0001034136756417,1.0026671864996737,0.9979808392588918,1.0009264697772984,217629023.7146391,6471192376.516239,0.0019181840579536,0.0019163466921422,Sunday,0,0,0,0,0,0,1,-0.2402348899866276,-0.2747459592443076,0.003272986117779519,-5.722052524908227,0.05007736897402193,0.002582745063150675,-5.958902467706617,0.007044836346291383
2022-09-26,1.0010941952101822,1.002831855807275,0.9982639853328285,1.0012924287349705,272937059.60253376,6467999059.579508,0.0003656202215869,0.000365553398801,Monday,1,0,0,0,0,0,0,0.2541390617108865,0.2264493305686768,0.0032258625913497603,-5.736554894312202,-0.014502369403975202,0.002569643996408741,-5.963987912468332,-0.005085444761715685
2022-09-27,0.9996051210418908,1.0037781621722457,0.9950846881706013,0.9990443636340748,345694502.2363836,6463313517.245562,-0.0022451633872193,-0.002247687545343,Tuesday,0,1,0,0,0,0,0,0.2665722373495316,0.2363142258243851,0.006140854639576618,-5.0927913543959535,0.6437635399162485,0.0025801827641546825,-5.959895043737918,0.0040928687304147005
2022-09-28,0.9999256011587973,1.0049989990964274,0.9937374046290648,1.0003680609368268,402783481.6137596,6431624498.405162,0.0013249634860428,0.0013240864964904,Wednesday,0,0,1,0,0,0,0,0.1651428617118675,0.1528437075783119,0.007963523008527137,-4.832883788028526,0.25990756636742773,0.002589515516401934,-5.956284480072737,0.003610563665180422
2022-09-29,1.0016700893700083,1.0058283100066014,0.9963055817279508,0.9992394539742772,413038937.1480688,6400725440.18592,-0.0011281917192486,-0.001128828606592,Thursday,0,0,0,1,0,0,0,0.0254614600708562,0.0251427162257073,0.006554777667756498,-5.027561080304096,-0.1946772922755704,0.002597198966144144,-5.953321735395575,0.0029627446771618438
2022-09-30,0.9979756465278586,1.0066069822078731,0.994803351094512,1.0004161920075787,456792323.9489932,6409082937.830884,0.001177633677915,0.001176940811284,Friday,0,0,0,0,1,0,0,0.1059304168828021,0.1006869869101131,0.008201325831295271,-4.8034594510384965,0.22410162926559973,0.0025962040987346424,-5.95370486276283,-0.00038312736725476526
2022-10-01,1.001885693990712,1.0103141782155431,0.9985752395654476,0.999713420857526,390888283.3518191,6410020470.877769,-0.0007024787839973,-0.0007027256378314,Saturday,0,0,0,0,0,1,1,-0.1442757181807047,-0.1558070554043537,0.008153191841128952,-4.8093457914507605,-0.005886340412263991,0.002597096277018461,-5.953361274590361,0.0003435881724689338
2022-10-02,0.9989859723747114,1.00157445778412,0.9988974514813848,0.9996950909207774,293770492.21988666,6395977464.509007,-1.8335191232066173e-05,-1.83353593237396e-05,Sunday,0,0,0,0,0,0,1,-0.2484540859069995,-0.2856229750579567,0.0018403779673839564,-6.29778431139994,-1.4884385199491792,0.0025870492925163225,-5.957237322029996,-0.0038760474396344335
2022-10-03,1.0016150935277317,1.0027126302339004,0.9984169205646214,0.9999541158798876,360382577.1613633,6359394658.157107,0.0002591039622608,0.0002590704006263,Monday,1,0,0,0,0,0,0,0.2267487263207417,0.204367357732388,0.002855191587248525,-5.858616332259278,0.4391679791406613,0.002573953121820159,-5.962312382165127,-0.00507506013513126
2022-10-04,0.9989187763888728,1.003383004524229,0.9984334252314542,1.0008422806133703,421923786.5572269,6336601585.605271,0.0008882054880099,0.000887811266931,Tuesday,0,1,0,0,0,0,0,0.1707663280522804,0.1576585156443332,0.003285942354084554,-5.71810180240452,0.14051452985475876,0.002291175208703441,-6.078690401480194,-0.11637801931506697
2022-10-05,0.9990908308244358,1.000705494362801,0.9974015950385532,1.000032022394652,307340113.33521926,6354301248.618226,-0.000809576328272,-0.0008099042121643,Wednesday,0,0,1,0,0,0,0,-0.2715743384770421,-0.3168697017616593,0.002264008676516262,-6.090618286265036,-0.37251648386051617,0.0019888548584308993,-6.22019625390417,-0.14150585242397629
2022-10-06,0.9991418149162976,1.0046487005356732,0.997891229870705,1.000199463603472,359409875.49231493,6331278661.157573,0.000167435847123,0.0001674218313061,Thursday,0,0,0,1,0,0,0,0.1694206512519327,0.1565084563024358,0.004726689683810703,-5.354530176922571,0.7360881093424645,0.0019833824187497785,-6.22295159944949,-0.002755345545319976
2022-10-07,1.000687494436561,1.007174748644761,0.9986491930023264,0.999989469269216,396260944.3498321,6321989792.46546,-0.0002099524563824,-0.0002099744994848,Friday,0,0,0,0,1,0,0,0.102532154429644,0.0976094929291233,0.005995344721692836,-5.116771990622392,0.2377581863001792,0.0019808298489379017,-6.224239406454911,-0.0012878070054211932
2022-10-08,0.9993795170436868,1.001037745858496,0.9991587494671148,0.9993567791230624,288031488.3614331,6315802712.025062,-0.0006326968089133,-0.0006328970460033,Saturday,0,0,0,0,0,1,1,-0.2731267300792847,-0.3190031358727075,0.001328445693717179,-6.623745671494413,-1.5069736808720213,0.0019841628770265536,-6.222558178213608,0.0016812282413036783
2022-10-09,1.000186498352685,1.0014272817509444,0.996761623592894,0.9988199526850312,145905602.10067222,6312058776.521406,-0.0005371719582493,-0.0005373162867941,Sunday,0,0,0,0,0,0,1,-0.4934387107093506,-0.6801099571043021,0.003190902692018232,-5.74745142666111,0.8762942448333035,0.0019617176337985705,-6.233934845729946,-0.011376667516338479
2022-10-10,1.0000700144376224,1.0016680676074432,0.996231005475418,0.9989692237903596,200168871.76993847,6299234854.99168,0.0001494474604026,0.0001494362942434,Monday,1,0,0,0,0,0,0,0.3719066909564279,0.3162015174839653,0.0037872759846014764,-5.57610825587565,0.1713431707854598,0.0018849120995701864,-6.273874090697199,-0.039939244967253096
2022-10-11,1.0005596945194264,1.0059330081016664,0.9979014139924696,1.0002523999859705,300267270.9453173,6251637620.834538,0.0012845002278871,0.0012836759632393,Tuesday,0,1,0,0,0,0,0,0.500069757551642,0.4055116120612668,0.005665141667113693,-5.173423377380834,0.40268487849481627,0.0016854905270489628,-6.3856986435676175,-0.11182455287041826
2022-10-12,1.000192672477454,1.0011749288164562,0.9990778019632076,0.9995135463870044,309947272.50735,6243145971.209042,-0.0007386671593854,-0.0007389401083921,Wednesday,0,0,1,0,0,0,0,0.0322379509813293,0.0317292131379082,0.0014213375501786832,-6.556156913967453,-1.3827335365866196,0.0015924332539999765,-6.442492084112188,-0.05679344054457047
2022-10-13,0.9997804193196774,1.0029546630598232,0.9970737369203556,1.000270772473204,393858032.4026979,6108851825.318172,0.0007575946208402,0.0007573077908935,Thursday,0,0,0,1,0,0,0,0.2707259180458123,0.239588326188173,0.004147213092667737,-5.485318714261644,1.0708381997058094,0.0015980711016992469,-6.438957938448137,0.0035341456640507474
2022-10-14,1.000315299714236,1.001882646744905,0.9983425801351063,0.998749386920906,609949132.1337429,6031871917.61504,-0.0015209737144837,-0.0015221315691971,Friday,0,0,0,0,1,0,0,0.548652260340609,0.4373850432308622,0.00230575911375754,-6.072345323234534,-0.5870266089728897,0.0016171019261200016,-6.427119666285914,0.01183827216222344
2022-10-15,1.000266284137614,1.0024784850611896,0.999154993900392,0.999463386701927,259522798.21857283,6025527381.389794,0.0007148938366032,0.0007146384217269,Saturday,0,0,0,0,0,1,1,-0.5745173088275375,-0.8545310105917358,0.0022944948760664327,-6.0772425572691935,-0.004897234034659803,0.0016143669109004708,-6.4288124047961945,-0.0016927385102807335
2022-10-16,0.9996568489931356,1.001552123830836,0.9989601460224732,1.001552123830836,152456045.1351744,6019143401.361626,0.0020898585748112,0.002087677858111,Sunday,0,0,0,0,0,0,1,-0.4125523993203314,-0.5319682272739962,0.0014041147372326128,-6.568348255041902,-0.4911056977727082,0.001657875523093085,-6.402218301629587,0.02659410316660793
2022-10-17,1.000487722490964,1.0010273439686797,0.9981827140222864,1.0004491807353904,258551063.55669007,6008184500.8490095,-0.0011012338441528,-0.0011018406476718,Monday,1,0,0,0,0,0,0,0.6959056187470103,0.5282168864975335,0.002012110809339012,-6.208570954037013,0.3597773010048888,0.0015736505954882707,-6.454357138706597,-0.052138837077010614
2022-10-18,1.0000896570486055,1.0063037106967572,0.998407132139256,0.9999688748474752,278491629.51851195,6004526746.647159,-0.0004800902406277,-0.0004802055208454,Tuesday,0,1,0,0,0,0,0,0.077124285189605,0.0742947909494942,0.005570126133208223,-5.190337580199121,1.0182333738378917,0.0015083848394128092,-6.496715843404376,-0.04235870469777847
2022-10-19,0.99810171765949,1.0017432472830696,0.99810171765949,1.0004260891990235,229544940.3156347,5901440677.651059,0.0004572285828576,0.0004571240857206,Wednesday,0,0,1,0,0,0,0,-0.1757564106594581,-0.1932891746273702,0.002131032659421218,-6.151148600116735,-0.9608110199176139,0.001469776557140163,-6.522644891690426,-0.02592904828605036
2022-10-20,1.000840978117766,1.0013189937392328,0.9987479639875164,1.0005460595842075,212785269.3355192,5846126350.867402,0.0001199192888701,0.0001199120991269,Thursday,0,0,0,1,0,0,0,-0.0730125915956596,-0.0758152966753728,0.0018086810647258646,-6.315157392852196,-0.1640087927354612,0.001469690694868602,-6.5227033119851425,-5.842029471647692e-05
2022-10-21,0.9995414664861616,1.001918116898698,0.998663296982563,1.000304459671912,237506774.9953677,5770813779.157196,-0.000241468056349,-0.0002414972144541,Friday,0,0,0,0,1,0,0,0.1161805313734745,0.1099126173400225,0.0022514302256734227,-6.096189608854563,0.21896778399763317,0.0014528108385387947,-6.534255089697115,-0.01155177771197291
2022-10-22,0.9993740754736672,1.0009893501755884,0.9981615947187938,1.0000031111721834,252789260.60486352,5755354570.043732,-0.0003012567791883,-0.0003013021661275,Saturday,0,0,0,0,0,1,1,0.0643454722914489,0.062360030221653,0.0019617737079900325,-6.233906261906722,-0.1377166530521592,0.0014411139655624403,-6.542338877262439,-0.008083787565323242
2022-10-23,1.000054264735741,1.0007480869098009,0.9967273072283696,0.9995427336365684,170850078.69078767,5766488060.944702,-0.0004603761033057,-0.0004604821089202,Sunday,0,0,0,0,0,0,1,-0.3241402807936351,-0.3917697404405063,0.0028289012616596336,-5.867866889477659,0.36603937242906337,0.001186207513075375,-6.736994024845618,-0.19465514758317948
2022-10-24,1.0018655506627927,1.0018655506627927,0.9988269331730704,0.9999803337921048,248967760.3516264,5790182401.429275,0.0004378003469089,0.0004377045402988,Monday,1,0,0,0,0,0,0,0.4572294157512195,0.3765369724371489,0.001800842368707803,-6.319500740934284,-0.4516338514566254,0.0009701202344794734,-6.938090541076771,-0.20109651623115266
2022-10-25,0.9992661050155806,1.001085183336233,0.995335866376322,1.0002765951705472,267786365.7554944,5776353454.137144,0.0002962672048949,0.0002962233264328,Tuesday,0,1,0,0,0,0,0,0.0755865152069881,0.0728661083378775,0.004023941118441942,-5.515493478885707,0.804007262048577,0.0009064465730722691,-7.0059784670989,-0.06788792602212901
2022-10-26,0.9995734158146244,1.0041618135995245,0.9972906050969924,0.9990095945074852,447211696.49395394,5787100939.086525,-0.0012666503137025,-0.0012674531932611,Wednesday,0,0,1,0,0,0,0,0.6700316135672346,0.5128425565292695,0.004842490449115034,-5.330326134989656,0.18516734389605105,0.0009331339668873312,-6.976961780192724,0.02901668690617587
2022-10-27,0.9997266961007468,1.0018239398407114,0.9969924580295104,0.9994855824860218,384247883.9711759,5795840552.840348,0.0004764598670059,0.0004763463960449,Thursday,0,0,0,1,0,0,0,-0.1407919627693129,-0.1517442009525183,0.003415114251795244,-5.679544330649255,-0.34921819565959833,0.0008425551731153186,-7.07907141050473,-0.1021096303120057
2022-10-28,0.99966106610613,1.0015855526663275,0.9977716933007734,1.0000070574899134,350803415.9163843,5772540800.265039,0.0005217433978332,0.0005216073370705,Friday,0,0,0,0,1,0,0,-0.0870387826450606,-0.0910618775424735,0.002689088594828878,-5.9185529551095275,-0.23900862446027293,0.0008127288550760966,-7.11511301563534,-0.0360416051306105
2022-10-29,0.9985396817376568,1.0012543321770428,0.9974392112682738,0.9989477025402684,379150037.2229258,5777765297.030422,-0.0010593474733108,-0.0010599089784331,Saturday,0,0,0,0,0,1,1,0.0808048611285416,0.0777060053670438,0.002687496246756199,-5.919145282085164,-0.0005923269756369365,0.0008096295197126017,-7.118933798000194,-0.0038207823648539474
2022-10-30,0.9992347879030872,1.0020247553025878,0.9971519481333004,0.9992517093886196,266350380.1385395,5799417740.554199,0.0003043270909759,0.0003042807928797,Sunday,0,0,0,0,0,0,1,-0.2975066491106907,-0.353119342745279,0.0034470047077218295,-5.670249625703685,0.24889565638147904,0.0007825683336159086,-7.152929312058097,-0.03399551405790291
2022-10-31,0.999576018199544,1.001205650041048,0.996424318909646,0.9996026113465788,313530605.35390747,5741732508.589147,0.0003511647312306,0.0003511030873274,Monday,1,0,0,0,0,0,0,0.1771359409767976,0.1630843194650184,0.0033848889295409286,-5.688434185699542,-0.018184559995856553,0.0007746363869415699,-7.163116816849339,-0.010187504791241864
2022-11-01,1.0001627410064708,1.0025916042504923,0.9980017848512894,1.000815631086183,313600648.8002382,5670758506.274834,0.0012135019715187,0.001212766273122,Tuesday,0,1,0,0,0,0,0,0.000223402261644,0.0002233773110747,0.0032190848871295175,-5.7386581563609385,-0.0502239706613965,0.0008056531885585629,-7.12385719520591,0.039259621643428666
2022-11-02,0.9992068890245344,1.0065563371093418,0.9980298274279322,0.999779694326824,224761834.14544487,5660473817.5294485,-0.0010350925057343,-0.0010356285839409,Wednesday,0,0,1,0,0,0,0,-0.2832864504415714,-0.3330790306796966,0.006004840344315619,-5.115189410928426,0.6234687454325121,0.000826190472357558,-7.098685214951959,0.025171980253951176
2022-11-03,1.0006377783818476,1.0011139449985529,0.9985802210401544,0.9998213124822578,325162148.2495475,5663589478.121012,4.162732616985743e-05,4.162645977675907e-05,Thursday,0,0,0,1,0,0,0,0.4466964530959152,0.3692826489298761,0.0017185667957544477,-6.366264593791725,-1.2510751828632989,0.0008101696286353879,-7.1182669141543125,-0.01958169920235342
2022-11-04,1.0004830154103992,1.0042704984039308,0.9970001600526256,0.9985682159439292,292086195.1911735,5664259887.187145,-0.001253320491056,-0.0012541065540439,Friday,0,0,0,0,1,0,0,-0.1017214126442223,-0.107275027883157,0.004997790983264376,-5.2987592675190145,1.0675053262727108,0.0008288160879815347,-7.095512275472818,0.0227546386814943
2022-11-05,0.9997969944247505,1.000620310997297,0.993299831501173,0.9990466477692544,337775140.592339,5700826115.612298,0.0004791178185787,0.0004790030782846,Saturday,0,0,0,0,0,1,1,0.1564228168033123,0.1453314618572326,0.00517115682769954,-5.264658857716297,0.03410040980271756,0.0008328564724352507,-7.090649232641624,0.004863042831193987
2022-11-06,0.9996623467839524,1.0150413329969803,0.997192518728238,0.999326857413736,168448103.42418277,5727765461.737927,0.0002804770378912,0.0002804377115601,Sunday,0,0,0,0,0,0,1,-0.5013010633974307,-0.6957526987712763,0.012542879318550413,-4.378602159404173,0.8860566983121236,0.0008335477016933877,-7.089819626825085,0.0008296058165395692
2022-11-07,0.9997121942064612,1.003412017881957,0.9985569464246318,0.9985569464246318,347933750.3996011,5788971513.540926,-0.0007704295980763,-0.0007707265314798,Monday,1,0,0,0,0,0,0,1.0655248906153667,0.7253843784310046,0.0033535492774424353,-5.697736008200421,-1.3191338487962474,0.0008374069867839462,-7.085200360989215,0.00461926583586969
2022-11-08,1.0010634622848422,1.004609720253825,0.9983497559848068,0.999489498409192,421563952.4903693,5800329361.470218,0.0009338996517918,0.0009334638388279,Tuesday,0,1,0,0,0,0,0,0.2116213273538543,0.1919594026520839,0.00431038081328808,-5.446729023018325,0.2510069851820953,0.0008489240207812508,-7.071540868259218,0.013659492729996892
2022-11-09,0.9985836002437704,1.0215181923395305,0.996343601536836,1.009533418389958,1112920366.002982,5642803791.37143,0.010049050036796,0.0099988940668234,Wednesday,0,0,1,0,0,0,0,1.6399799115376372,0.9707713078632276,0.01629060595962203,-4.11716665880207,1.3295623642162555,0.0020130881016099055,-6.208085366958352,0.8634555013008658
2022-11-10,0.9944614383109088,1.0173185531649258,0.9944614383109088,1.0033908039485857,1634296041.495262,5410410241.835854,-0.0060846073339194,-0.0061031939904816,Thursday,0,0,0,1,0,0,0,0.4684752758769113,0.3842246352035431,0.015077417931063613,-4.194557155793484,-0.07739049699141454,0.0022889361724911534,-6.079668122851707,0.1284172441066449
2022-11-11,1.0024555753639577,1.0055029026550573,0.9995597693464752,1.0034981887849277,1231233557.3485672,5413095755.610363,0.0001070219459051,0.0001070162194652,Friday,0,0,0,0,1,0,0,-0.2466275839338886,-0.2831955969958458,0.004141741124706763,-5.486639018032752,-1.2920818622392671,0.0022850403646295587,-6.081371589746236,-0.0017034668945283826
2022-11-12,1.002102893297198,1.003543985363014,0.999868782763452,1.002463018110072,628390270.1439977,5440813798.14348,-0.0010315620759705,-0.0010320945023142,Saturday,0,0,0,0,0,1,1,-0.489625452138243,-0.6726104152369714,0.002584707372857613,-5.958142979418891,-0.4715039613861398,0.0022886239534645474,-6.079804535708557,0.0015670540376788722
2022-11-13,1.0010662207175265,1.0028707531445675,0.9984895479641192,0.9984895479641192,356056440.22799474,5453532070.685752,-0.0039637074626892,-0.0039715837709245,Sunday,0,0,0,0,0,0,1,-0.433383269689387,-0.5680721644702685,0.0026492684669981383,-5.933471727282255,0.024671252136636568,0.0023846074529970704,-6.038720758126578,0.041083777581978786
2022-11-14,1.002278174725432,1.0150761766247047,1.0008709685651325,1.0026880120574886,504626778.5628242,5468356314.287492,0.0042048152651472,0.0041959997325911,Monday,1,0,0,0,0,0,0,0.4172662576744712,0.3487298454385214,0.009962066163044367,-4.608970782810803,1.3245009444714517,0.0025012416038757736,-5.99096802884327,0.047752729283308426
2022-11-15,1.002587086237178,1.004530793550593,0.9998829131865736,1.0018346457868947,421597596.3719508,5457533087.314914,-0.0008510785611596,-0.000851440934138,Tuesday,0,1,0,0,0,0,0,-0.1645358227467441,-0.1797678076848465,0.003245947398554373,-5.730348015025855,-1.1213772322150515,0.0024769123228585116,-6.000742525605822,-0.009774496762552154
2022-11-16,1.0015027736110755,1.0034184530176211,0.9995229578937104,1.0011408696004636,425381017.4137,5436557350.652117,-0.0006925056837959,-0.0006927455766148,Wednesday,0,0,1,0,0,0,0,0.0089740099903494,0.0089339828537474,0.00274130084743197,-5.899322709409416,-0.16897469438356172,0.002471967389718211,-6.002740931335271,-0.001998405729449537
2022-11-17,1.003020021191627,1.003037502071508,0.9974717296980368,1.000536179267668,368189996.8373811,5445828350.400812,-0.0006040012461352,-0.0006041837283712,Thursday,0,0,0,1,0,0,0,-0.1344465743300865,-0.1443861781717093,0.0036202658786195913,-5.621207808709082,0.2781149007003343,0.0024728736583867097,-6.002374380147951,0.00036655118732031866
2022-11-18,1.0013476745939205,1.0016771641375155,0.9983361112050548,1.0004347567149416,262175615.75210443,5445728350.865585,-0.0001013682011984,-0.0001013733393017,Friday,0,0,0,0,1,0,0,-0.2879338982479206,-0.3395845323400472,0.0022934431739926758,-6.077701021215613,-0.45649321250653063,0.0024715341931309345,-6.002916190341919,-0.0005418101939680398
2022-11-19,1.001964502353884,1.0029432281993094,1.001020674784744,1.0029432281993094,196003027.169372,5438448790.766057,0.0025073813834743,0.0025042431475149,Saturday,0,0,0,0,0,1,1,-0.2523979523911971,-0.2908844644948989,0.0012134987572697195,-6.7142475568857245,-0.6365465356701119,0.0025133728524622027,-5.986129661962672,0.016786528379246768
2022-11-20,1.0014145813161075,1.0029877698714136,1.0008560264701358,1.0008560264701358,196127248.28268087,5430803792.169004,-0.002081076645705,-0.0020832450947023,Sunday,0,0,0,0,0,0,1,0.0006337714019157,0.0006335706536353,0.0014639719088415217,-6.526602051576889,0.1876455053088355,0.00254160632989475,-5.97495898449635,0.011170677466322054
2022-11-21,1.0021474808334851,1.0073957164678522,1.00019131655729,1.0073957164678522,326418263.0862572,5424716950.70915,0.0065340966380358,0.0065128419650836,Monday,1,0,0,0,0,0,0,0.6643187825476762,0.5094159001009548,0.003900873723682202,-5.546554719224508,0.9800473323523811,0.002805466149927511,-5.876185568457333,0.09877341603901701
2022-11-22,1.001683231208427,1.0079616381447196,0.9976173526206206,1.0006498801246395,358917051.5771245,5370852277.869438,-0.0066963123159438,-0.0067188332095221,Tuesday,0,1,0,0,0,0,0,0.099561795910541,0.0949117330809174,0.007265968036619346,-4.924553744226749,0.6220009749977589,0.0030607726991530213,-5.789087878831584,0.08709768962574937
2022-11-23,1.0022486407580729,1.00277698771087,0.9999880142236168,1.0003221633203918,312345949.4895708,5361592868.644965,-0.0003275039659295,-0.0003275576070654,Wednesday,0,0,1,0,0,0,0,-0.1297544986589929,-0.1389799216908997,0.0015647612356985393,-6.4600220316781085,-1.5354682874513594,0.003060313677810181,-5.789237859183251,-0.00014998035166691182
2022-11-24,1.0000039185921807,1.0038826028147347,0.9961467720997464,1.0007539714993925,357571698.40423495,5258522449.994162,0.0004316691110466,0.0004315759687393,Thursday,0,0,0,1,0,0,0,0.1447937743024077,0.1352245110049322,0.005450119381881833,-5.2121177656144475,1.247904266063661,0.003060850120230395,-5.789062584533107,0.00017527465014399723
2022-11-25,1.0007636983284105,1.0036659862724997,0.9977673435957772,1.0012285485372958,269332042.84189147,5255758923.884123,0.0004742194899234,0.0004741070833966,Friday,0,0,0,0,1,0,0,-0.2467747194650413,-0.2833909185895964,0.004157989636228901,-5.482723582038864,-0.2706058164244167,0.003053317560102191,-5.791526554882947,-0.002463970349840139
2022-11-26,1.0015727920403752,1.0051580675142784,1.0000560178725897,1.000104494276398,157160601.4565191,5263713342.806358,-0.0011226750001686,-0.0011233056718169,Saturday,0,0,0,0,0,1,1,-0.416480119490355,-0.5386767566968685,0.0034808756614460104,-5.660471389996179,-0.17774780795731449,0.0030589614437374155,-5.789679818097637,0.0018467367853096661
2022-11-27,0.998784692149578,1.0021587731037542,0.998784692149578,1.001650433137016,132713926.6578167,5265763965.746007,0.0015457773357339,0.0015445838516968,Sunday,0,0,0,0,0,0,1,-0.155552184021553,-0.1690723374458488,0.0015861272136568649,-6.446459948609828,-0.7859885586136492,0.0030704560925536753,-5.78592916406789,0.003750654029746947
2022-11-28,1.0013655293332293,1.0024964822820075,0.9953163188283556,0.9997830669206276,170294304.265695,5193016705.674061,-0.0018642893314987,-0.0018660292817045,Monday,1,0,0,0,0,0,0,0.2831683045952953,0.2493322575408409,0.0049867650085428416,-5.300967874333898,1.1454920742759302,0.0030832324851612853,-5.7817767241760745,0.004152439891815796
2022-11-29,1.0004044378068209,1.0024520164049,0.9996262808894976,1.0008364929168805,245810841.80729523,5190309841.016566,0.0010536545687831,0.0010530998644183,Tuesday,0,1,0,0,0,0,0,0.4434472301773435,0.3670341625959276,0.001977900563276831,-6.225719318391658,-0.92475144405776,0.0030887220078328914,-5.779997863322385,0.0017788608536895012
2022-11-30,1.0002107340586006,1.0042455096405896,0.9994404894379144,1.003077237891013,315792467.8830275,5195820486.059123,0.0022388721734176,0.0022363696336615,Wednesday,0,0,1,0,0,0,0,0.2846970685312358,0.250522946221451,0.0028875604359169236,-5.8473432731655794,0.37837604522607826,0.0031149327708666517,-5.771547709361931,0.00845015396045401
2022-12-01,0.998966531266594,1.005071258363634,0.998966531266594,1.003680987383655,333599695.6104312,5198152758.892499,0.0006018973114285,0.0006017162438942,Thursday,0,0,0,1,0,0,0,0.0563890198103131,0.0548565074170318,0.0031616115569410605,-5.756673395008417,0.09066987815716221,0.0031089947218541766,-5.773455845605843,-0.001908136243912395
2022-12-02,1.000747129444593,1.0040639984371549,0.999348012247858,1.0004329443099793,259852550.70730844,5227185512.074382,-0.0032361309165998,-0.0032413785125845,Friday,0,0,0,0,1,0,0,-0.221064784751011,-0.249827400563301,0.0033233072656115815,-5.706794827555333,0.049878567453084166,0.0031591636736826557,-5.757447946639022,0.016007898966821088
2022-12-03,1.001277693495975,1.0041404621188164,0.999986984629234,1.0041404621188164,207406566.30855897,5230007438.321446,0.0037059133547368,0.003699063376242,Saturday,0,0,0,0,0,1,1,-0.2018297848375686,-0.2254334020694493,0.0023326906241028815,-6.060732903350425,-0.3539380757950923,0.0032305355108855883,-5.735107362645851,0.02234058399317096
2022-12-04,1.00114045316403,1.0037996387452424,0.9995255650652274,1.0014722503264188,197848811.2521439,5224391025.760459,-0.0026572097162257,-0.0026607463644303,Sunday,0,0,0,0,0,0,1,-0.0460822201848517,-0.0471777959281015,0.003010177434122954,-5.805756253745124,0.2549766496053012,0.003258821763458471,-5.726389571184287,0.008717791461564595
2022-12-05,1.000559280006039,1.0050970437048683,0.9988432959066366,1.0007145964355746,203409110.06613752,5226706834.11083,-0.0007565400744726,-0.0007568263953327,Monday,1,0,0,0,0,0,0,0.0281037767111345,0.0277161120459616,0.004412332201877099,-5.423351885349008,0.38240436839611647,0.003260577253715378,-5.725851027587028,0.0005385435972584673
2022-12-06,1.000178742059465,1.0109625906179276,0.9986678936925484,1.001256231533535,193555439.5306556,5212846973.395988,0.0005412483238373,0.0005411019017947,Tuesday,0,1,0,0,0,0,0,-0.0484426215339031,-0.049655290894262,0.008626190894249793,-4.752952250900519,0.670399634448489,0.00326167169194696,-5.725515426094055,0.000335601492973403
2022-12-07,0.9992187848847732,1.0018485489626785,0.9991770065088422,0.9994179209778724,214065389.63954544,5168933687.450292,-0.0018360041094045,-0.0018376916307965,Wednesday,0,0,1,0,0,0,0,0.1059642144835792,0.1007175467752174,0.0018840322039602217,-6.2743410095769105,-1.521388758676392,0.0032758620133995107,-5.721174234330325,0.0043411917637294906
2022-12-08,1.000237916419811,1.0059162156150214,0.9992072674722604,0.9999035868104708,191537966.5165749,5167926101.328152,0.0004859486931385,0.00048583065831,Thursday,0,0,0,1,0,0,0,-0.1052361764828186,-0.111195479869225,0.004727274570856826,-5.3544064432102125,0.919934566366698,0.00327262807040036,-5.722161925605922,-0.000987691275597058
2022-12-09,0.9991011421776794,1.0218172562726977,0.9990403338153862,1.0001726786072005,171212640.98986918,5181949886.530103,0.0002691177432296,0.0002690815375454,Friday,0,0,0,0,1,0,0,-0.1061164316211263,-0.1121797490028293,0.01592623284967133,-4.139787664528453,1.2146187786817597,0.002716599325931001,-5.908374428705561,-0.18621250309963866
2022-12-10,1.000548226969742,1.0008335852408865,0.9993458601525556,1.0007778317108875,105408601.8694884,5180383592.369146,0.0006050486247333,0.0006048656566135,Saturday,0,0,0,0,0,1,1,-0.3843410085840243,-0.485062054097244,0.001042174169702742,-6.866446200192055,-2.726658535663602,0.002480015070562831,-5.999490641983859,-0.09111621327829766
2022-12-11,1.0005218111580023,1.0013471833769183,0.9986506109120404,0.999354658777585,125999108.60664508,5179935036.7066965,-0.0014220668046468,-0.0014230789012717,Sunday,0,0,0,0,0,0,1,0.1953399093809327,0.1784305879338308,0.0017633693278522825,-6.3405289092177055,0.5259172909743492,0.0024935112030667313,-5.994063440079936,0.005427201903922985
2022-12-12,1.0010226800913935,1.0050961052637264,0.9985937366958952,1.0000647121676216,189656392.9699793,5171934489.518195,0.0007105119126629,0.0007102596185721,Monday,1,0,0,0,0,0,0,0.5052201167713419,0.408939144497253,0.004550674541537185,-5.392479806120061,0.9480491030976443,0.002489760318174194,-5.995568830899964,-0.0015053908200286514
2022-12-13,0.9988525808102168,1.0023911822677725,0.9870290559715276,1.0003657920350246,251308573.72794315,5170234323.098834,0.000301060385133,0.0003010150755489,Tuesday,0,1,0,0,0,0,0,0.3250730428460842,0.2814675845950561,0.010880042830617703,-4.520825100924433,0.8716547051956285,0.0023824659891583115,-6.0396191978123905,-0.04405036691242614
2022-12-14,0.9999384218414,1.001107896083251,0.9977410792734104,0.9995884840018496,297128890.187223,5160651840.258728,-0.0007770238040564,-0.0007773258435238,Wednesday,0,0,1,0,0,0,0,0.1823269130041029,0.1674844568893782,0.002372117437604384,-6.043972289120977,-1.5231471881965444,0.002260399281808328,-6.092213807936327,-0.05259461012393629
2022-12-15,0.9999226494030332,1.0010700079059924,0.9970110224819868,1.000199043406946,194569696.54379445,5139041038.423215,0.0006108107634974,0.0006106242945306,Thursday,0,0,0,1,0,0,0,-0.3451673567615901,-0.4233755825004782,0.0028677565865147243,-5.8542252320520785,0.1897470570688986,0.0022578017167201475,-6.093363630786268,-0.001149822849940918
2022-12-16,0.9992932232325034,1.0017743723876336,0.9987504243747444,1.0005788342966562,182893005.11696145,5123874851.483321,0.0003797153098812,0.0003796432362673,Friday,0,0,0,0,1,0,0,-0.0600128983816592,-0.0618891254948468,0.001982723300500365,-6.223283974984657,-0.36905874293257845,0.002255321782759299,-6.094462618753574,-0.0010989879673060088
2022-12-17,1.0012847916041825,1.001725574881121,0.9989134310099052,0.9998181866338784,232755688.91537544,5143749441.793493,-0.0007602076285297,-0.0007604967328778,Saturday,0,0,0,0,0,1,1,0.27263308274981,0.2410880476674149,0.0017667992332771642,-6.338585712203303,-0.11530173721864578,0.0022568976318296376,-6.09376413803284,0.0006984807207341959
2022-12-18,0.9996754825044292,1.0267389145286796,0.9986289747961358,1.0001360292754369,106346511.79022507,5153863507.119554,0.0003179004401074,0.0003178499204691,Sunday,0,0,0,0,0,0,1,-0.543098120240188,-0.7832866162611379,0.019626944272776514,-3.930851948996614,2.407733763206689,0.0022575677150033827,-6.093467277551172,0.0002968604816677711
2022-12-19,1.000284045293311,1.0012561764838055,0.998370168151518,0.9987986101682786,113160093.02057824,5147669646.316128,-0.0013372372037503,-0.0013381321033041,Monday,1,0,0,0,0,0,0,0.0640696259393382,0.0621008266913977,0.0018201473367785758,-6.308837826896111,-2.3779858778994973,0.002224243117847699,-6.108338592989313,-0.014871315438140797
2022-12-20,1.0006865298813523,1.0041860745529232,0.9997088696718078,1.0001251903150006,188840254.5305325,5162171897.917597,0.0013281758036272,0.0013272945583573,Tuesday,0,1,0,0,0,0,0,0.6687884349493403,0.5120978750805659,0.0031404088148961197,-5.763402291709927,0.5454355351861846,0.0022048395568145785,-6.117100536080106,-0.0087619430907937
2022-12-21,1.00032362176201,1.001133513329989,0.9989270237369255,1.0000585133263993,149316147.68757337,5175777706.903947,-6.666864233295655e-05,-6.667086478567097e-05,Wednesday,0,0,1,0,0,0,0,-0.2092991610354385,-0.2348355888655233,0.0015514552598920447,-6.468561911170938,-0.7051596194610115,0.0018567611467363136,-6.288921628074163,-0.17182109199405637
2022-12-22,1.0008113808229044,1.0009654837822677,0.9985871383185182,0.9996551925118624,151718969.7673074,5171145217.244415,-0.0004032972162751,-0.0004033785624693,Thursday,0,0,0,1,0,0,0,0.0160921783540897,0.0159640717673358,0.001520981736837608,-6.48839927311592,-0.019837361944982312,0.001395789540584698,-6.574295044900704,-0.28537341682654116
2022-12-23,1.0006099562452435,1.0015160491382231,0.998448579503024,1.0005816084300525,167274186.91380212,5164412924.204281,0.0009267354635174,0.0009263063093288,Friday,0,0,0,0,1,0,0,0.1025265144520284,0.097604377439277,0.0021689971690734746,-6.13349035231415,0.35490892080176994,0.0014047253900190504,-6.567913447243384,0.006381597657319382
2022-12-24,1.0011873323847524,1.001291582941332,0.9991928426064812,1.0000622973483724,101920802.7396452,5156102332.47227,-0.0005190092215415,-0.0005191439534476,Saturday,0,0,0,0,0,1,1,-0.3906961700422677,-0.4954382359149605,0.0013088035300190999,-6.638641894977696,-0.5051515426635458,0.0014057128116906044,-6.56721076556792,0.0007026816754640564
2022-12-25,1.00015480967961,1.0009699047021827,0.9993587957826064,1.0008053262871563,73530839.64669092,5156304100.529875,0.0007429826529348,0.0007427067779619,Sunday,0,0,0,0,0,0,1,-0.2785492493173931,-0.326491162720172,0.0010649403589781297,-6.844836482348364,-0.20619458737066765,0.0014095825753278504,-6.564461664289062,0.0027491012788587454
2022-12-26,1.0004662358467649,1.0010977229521336,0.9991778331191634,0.9998820314429542,99958121.26955676,5145184005.38426,-0.0009225518889147,-0.0009229777018184,Monday,1,0,0,0,0,0,0,0.3594040507336318,0.3070464057211883,0.0013079325365974405,-6.639307604802189,0.20552887754617455,0.0014047272962602005,-6.567912090223806,-0.0034504259347443167
2022-12-27,1.0008569096768272,1.0029007066599906,0.9989994281479962,1.0021847214905777,135198527.0558999,5135361448.687189,0.002302961724695,0.0023003139726774,Tuesday,0,1,0,0,0,0,0,0.3525517020404018,0.3019929580247987,0.0026299361175067585,-5.940795723008853,0.698511881793336,0.0014387896348867586,-6.543953050167393,0.023959040056412917
2022-12-28,1.0009491665470278,1.0015785606889351,0.9986835856889752,0.9999050923214616,224128513.7295879,5113895385.121276,-0.0022746596712485,-0.0022772506393512,Wednesday,0,0,1,0,0,0,0,0.6577733397710654,0.5054753403540151,0.0019412910907318501,-6.244402016574413,-0.3036062935655597,0.0014583926494372039,-6.530420374768033,0.013532675399360095
2022-12-29,1.000441265843768,1.0017619700339582,0.9994283663336098,1.0000280217690982,251340932.16812235,5080998233.721636,0.0001229411156924,0.0001229335590528,Thursday,0,0,0,1,0,0,0,0.1214143528001365,0.1145907036268988,0.0016290121426042609,-6.419781495366522,-0.17537947879210947,0.0014458373229548514,-6.539066662988672,-0.008646288220639065
2022-12-30,1.0005813289447725,1.0033593336637443,0.9971284908703276,1.0003289072721364,163936500.26022995,5072976871.88641,0.0003008770719303,0.0003008318175012,Friday,0,0,0,0,1,0,0,-0.3477524776960222,-0.4273311536632345,0.004402018785401609,-5.425692028417275,0.994089466949247,0.001388074416563408,-6.579837804095949,-0.04077114110727731
2022-12-31,0.9996871642977146,1.0009926519953378,0.9991476874500048,1.0004921138765004,110126837.79424568,5061378851.40737,0.0001631529421748,0.000163139634181,Saturday,0,0,0,0,0,1,1,-0.3282347883513906,-0.3978463869366599,0.0012047643009849137,-6.721471332014254,-1.2957793035969782,0.0013840408192392053,-6.582747928551643,-0.002910124455693719
2023-01-01,1.0008193311646167,1.0011037753814775,0.9997947100553076,1.0003741962400008,85776208.14860955,5055394223.114552,-0.0001178596361371,-0.0001178665821298,Sunday,0,0,0,0,0,0,1,-0.2211143998443991,-0.2498910986380916,0.0008829529245840407,-7.032238671823361,-0.3107673398091073,0.0012513249984043365,-6.683552290346417,-0.10080436179477381
2023-01-02,1.000606505276975,1.002133104269216,0.9991448650329288,0.9999041705480648,101406128.28919378,5057117406.236926,-0.000469849875879,-0.0004699602899186,Monday,1,0,0,0,0,0,0,0.182217429260862,0.1673918523724214,0.0020660690602620226,-6.182107481804628,0.8501311900187325,0.001056917221003201,-6.852398890200364,-0.16884659985394723
2023-01-03,1.0000729788507758,1.0010463062539503,0.9992738699224768,1.0001377302782146,104412058.70963238,5060194459.474676,0.0002335821141958,0.0002335548381412,Tuesday,0,1,0,0,0,0,0,0.0296424927285081,0.0292116475519859,0.001252455189677464,-6.682649502349875,-0.5005420205452467,0.0009396310802328041,-6.970023227573325,-0.11762433737296085
2023-01-04,1.000179396329277,1.003230397709178,0.9992781426155012,1.0013705416454493,133819637.48148204,5054664775.675669,0.0012326415951648,0.0012318825162313,Wednesday,0,0,1,0,0,0,0,0.2816492571383109,0.2481477306900713,0.0026913544063206164,-5.917710715306895,0.76493878704298,0.0009562416945052484,-6.952499858345955,0.01752336922737019
2023-01-05,1.0001291527701686,1.000929046987851,0.9992709942382656,1.000641604047661,181878555.0241196,5029304971.243167,-0.0007279399258046,-0.0007282050027203,Thursday,0,0,0,1,0,0,0,0.3591320261145374,0.3068462799091244,0.0011282419782767633,-6.7870946291634375,-0.8693839138565425,0.0009603720912085602,-6.948189753589017,0.004310104756937605
2023-01-06,1.0000148956944073,1.0014773802560646,0.9988527630330268,1.0014773802560646,167825771.77909002,5012197340.772326,0.0008352403148368,0.000834891695752,Friday,0,0,0,0,1,0,0,-0.0772646519165823,-0.0804128157313724,0.0016180779379772804,-6.426516292175114,0.36057833698832376,0.0009126768362150471,-6.999128698170707,-0.05093894458168968
2023-01-07,1.0008846692136495,1.0014328572162674,1.0000404745184654,1.0005626604549218,121420284.00523517,5016980865.547564,-0.0009133704057389,-0.0009137877826537,Saturday,0,0,0,0,0,1,1,-0.2765099023941249,-0.3236684197964195,0.0009632972889480005,-6.945148482542868,-0.5186321903677547,0.0009235501593322455,-6.987285445417445,0.011843252753261702
2023-01-08,1.0012967696428254,1.0025092444645018,0.9978102296301984,1.0000006292412935,99164558.80879746,5057422763.678789,-0.0005617151587216,-0.0005618729797844,Sunday,0,0,0,0,0,0,1,-0.1832949525589819,-0.2024772683492395,0.0032231597438648644,-5.737393113658534,1.2077553688843343,0.0009279303723096628,-6.982553857831678,0.004731587585767194
2023-01-09,1.0015244593997497,1.0028967064364092,0.9986573012066168,0.9994777194010236,186566040.49362767,5072389162.697364,-0.0005229095112336,-0.0005230462760913,Monday,1,0,0,0,0,0,0,0.8813782134941168,0.632004600545069,0.002712145493316034,-5.910015262365101,-0.17262214870656667,0.0009262713464931138,-6.984343335473124,-0.0017894776414459912
2023-01-10,1.0014972849906572,1.0045745662423344,0.9984599711731148,1.0001843949210532,166628620.03664035,5076362923.672829,0.000707044795809,0.0007067949573951,Tuesday,0,1,0,0,0,0,0,-0.1068652172937566,-0.1130177770130035,0.0042394484494510136,-5.463322100876404,0.44669316148869687,0.0008984016134702686,-7.014893358604133,-0.030550023131008963
2023-01-11,1.0003617144918555,1.0010515568906253,0.9995055877309476,1.0005927437336586,127544358.88959508,5070287250.239735,0.0004082735290402,0.0004081902080807,Wednesday,0,0,1,0,0,0,0,-0.2345591119847895,-0.2673032869637241,0.0010833958989737962,-6.827654820077346,-1.3643327192009425,0.0008921119939555092,-7.021918879503697,-0.007025520899563986
2023-01-12,1.0014059233030304,1.0038758441850764,0.992364585039998,1.000775664279115,208808202.32555363,5060951770.501554,0.0001828121846796,0.0001827954765684,Thursday,0,0,0,1,0,0,0,0.6371418081006792,0.4929519214548755,0.008145716573295879,-4.810263063720429,2.0173917563569175,0.0008910428048701213,-7.023118090266808,-0.0011992107631106919
2023-01-13,0.9989414350288766,1.0020478781749755,0.9989414350288766,0.9991649672576136,222104772.0702528,5070112159.562242,-0.0016094486296902,-0.0016107451834806,Friday,0,0,0,0,1,0,0,0.0636783880930522,0.0617330783977886,0.002191094229726318,-6.123354211659507,-1.3130911479390779,0.0009275232788169498,-6.982992665342713,0.040125424924094766
2023-01-14,1.0007505641332424,1.0024153848696415,0.9965244801870424,1.0003552252062071,306541125.3063548,5095291209.589697,0.0011912526835886,0.001190543705103,Saturday,0,0,0,0,0,1,1,0.3801645162734026,0.3222027067544782,0.004160478416169067,-5.48212520743461,0.6412290042248969,0.0009461063236076189,-6.9631556024081025,0.019837062934610294
2023-01-15,1.000216334722874,1.004029823928828,0.9990146294164328,1.004029823928828,190876016.65605128,5101726286.981605,0.0036732938760462,0.0036665638080728,Sunday,0,0,0,0,0,0,1,-0.3773232989038868,-0.4737278337405909,0.0026351360525479406,-5.938820465476223,-0.4566952580416128,0.0011569078966356186,-6.76200443926717,0.20115116314093218
2023-01-16,1.0061231249869775,1.0065439088582522,0.9989237855926608,0.9999138701733904,171543921.0342485,5104983724.703077,-0.00409943375918,-0.0041078594727398,Monday,1,0,0,0,0,0,0,-0.1012809045394016,-0.1067847566737319,0.003751161716560305,-5.58568969589242,0.3531307695838031,0.001371729208043578,-6.591683139389139,0.17032129987803124
2023-01-17,1.000395810679352,1.0010263613473331,0.9984316733238462,1.0000775468657763,201726706.6576849,5102377434.246706,0.0001636907910453,0.0001636773951696,Tuesday,0,1,0,0,0,0,0,0.1759478589591667,0.1620745108737377,0.001824533337608544,-6.3064310300658635,-0.7207413341734439,0.0013708269076697604,-6.592341138983899,-0.0006579995947602058
2023-01-18,0.999752556867914,1.0311366247065448,0.99815669634335,1.0311366247065448,229953571.97402528,5095540572.447505,0.0310566694933878,0.0305841690852686,Wednesday,0,0,1,0,0,0,0,0.1399262684848132,0.1309635835470641,0.012620866782024733,-4.372403741024425,1.9340272890414383,0.005744492415738021,-5.159513723936672,1.4328274150472273
2023-01-19,1.0005037592140766,1.0028418195426618,0.999529867167266,1.0010921226051888,259015801.4307791,5115422201.86161,-0.029137265985394,-0.029570186271298,Thursday,0,0,0,1,0,0,0,0.1263830311800358,0.1190116416597622,0.00231041746297377,-6.070327050874244,-1.697923309849819,0.007879530440131496,-4.843486965703633,0.31602675823303894
2023-01-20,1.002528617366525,1.0238988816576944,0.997866078972129,1.0016781441054083,146037176.76860982,5126367203.422778,0.0005853821910959,0.0005852109217765,Friday,0,0,0,0,1,0,0,-0.4361842946958676,-0.5730278445281063,0.018203169034381912,-4.00615957728876,2.064167473585484,0.007880245397040882,-4.843396233840787,9.073186284602741e-05
2023-01-21,1.0001362111949337,1.0029964756779337,0.9977090356452264,1.0015921608897884,215991251.82234693,5128683429.433234,-8.583916513094092e-05,-8.584284952292104e-05,Saturday,0,0,0,0,0,1,1,0.4790155260572901,0.3913766813458345,0.003626467944419066,-5.619496122461126,-1.6133365451723662,0.007879916835977554,-4.8434379289779965,-4.1695137209529776e-05
2023-01-22,0.9996044080199126,1.002568967117215,0.9987717287618598,0.9987717287618598,205163054.6052888,5139298379.323917,-0.0028159486845653,-0.002819920926902,Sunday,0,0,0,0,0,0,1,-0.0501325730820075,-0.0514328547382828,0.002632792485082503,-5.93971021468345,-0.320214092222324,0.007894906777817692,-4.841537439093744,0.0019004898842522877
2023-01-23,1.0004832138531707,1.0034915989032709,0.99643052953526,1.0014499611127614,190303192.70267823,5144575389.428281,0.0026815259921519,0.0026779371156741,Monday,1,0,0,0,0,0,0,-0.0724295216368234,-0.0751864999338875,0.0049569310021150715,-5.306968479323392,0.6327417353600584,0.007909463588352154,-4.839695313869689,0.0018421252240550245
2023-01-24,1.0012462962359134,1.0054747078715114,0.9976643002105322,0.9997010592444182,202820306.6440291,5148356828.0588665,-0.0017463697001893,-0.0017478963814464,Tuesday,0,1,0,0,0,0,0,0.065774587192066,0.0637018467156839,0.005429964919864915,-5.215822605487196,0.09114587383619632,0.007914737216244768,-4.8390287869274475,0.0006665269422416742
2023-01-25,1.0043014333028806,1.0043014333028806,0.9970056341310268,0.9974376132390188,202824983.2083048,5155635792.697546,-0.0022641228439931,-0.0022666898455226,Wednesday,0,0,1,0,0,0,0,2.30576728388332e-05,2.305740701478101e-05,0.00290037603278735,-5.842914883917283,-0.6270922784300872,0.007923757423268417,-4.837889763528549,0.0011390233988981535
2023-01-26,0.9986194898253794,1.0040593939152933,0.9986194898253794,1.0005571710423755,228280800.3472097,5162615605.807088,0.0031275718520644,0.0031226911730212,Thursday,0,0,0,1,0,0,0,0.1255063194693393,0.1182329961594949,0.003647631139782646,-5.613677324880494,0.22923755903678877,0.007933132434864994,-4.836707310629804,0.0011824528987451899
2023-01-27,0.9984841724334952,1.0038114884982108,0.9984841724334952,0.9998543185462556,193709815.74976888,5141609115.79259,-0.0007024611051337,-0.0007027079465402,Friday,0,0,0,0,1,0,0,-0.1514406141246183,-0.1642152075108114,0.003664873542678871,-5.6089614482827646,0.00471587659772954,0.007923268759076889,-4.837951436196476,-0.0012441255666715278
2023-01-28,1.0007510003688385,1.0010303214345118,0.9993665924585088,0.9999216875672996,162513042.3948235,5135917797.195921,6.737883689078572e-05,6.737656703891475e-05,Saturday,0,0,0,0,0,1,1,-0.1610490063923496,-0.1756029847004479,0.0010573312733118427,-6.852007212197472,-1.243045763914708,0.007923246518523325,-4.837954243192611,-2.8069961350851713e-06
2023-01-29,0.9993024312686208,1.0020432477915435,0.9993024312686208,1.000418715158628,115364449.23779283,5135273433.513312,0.0004970665178165,0.0004969430211773,Sunday,0,0,0,0,0,0,1,-0.2901219032161352,-0.3426620183586061,0.0018081762031982303,-6.315436564239683,0.5365706479577899,0.007923575612021455,-4.837912708871664,4.1534320947000936e-05
2023-01-30,1.000177604607046,1.0068981079356698,0.9989025615352256,1.0068981079356698,182934171.3184901,5126705326.186876,0.0064766808925746,0.0064557973172183,Monday,1,0,0,0,0,0,0,0.5857066238960706,0.4610301274740493,0.003802068741093252,-5.572209954833882,0.7432266094058004,0.008010705792549115,-4.826976407857441,0.010936301014222494
2023-01-31,1.0005081659559063,1.0019074554406275,0.9978935081839226,0.9978935081839226,182161276.59801257,5116219202.365822,-0.0089429105892435,-0.0089831384297276,Tuesday,0,1,0,0,0,0,0,-0.0042249882288635,-0.0042339387109811,0.002326457849792187,-6.063408404276667,-0.491198449442785,0.008176847604384516,-4.806448581081936,0.020527826775505353
2023-02-01,1.0000808199662137,1.0010379732781631,0.9952680769071328,1.000336309789723,151886020.9307695,5103133980.6140585,0.0024479582097354,0.0024449668408731,Wednesday,0,0,1,0,0,0,0,-0.1662002826981361,-0.1817620525833945,0.004084409377138299,-5.5005781444432245,0.5628302598334427,0.008188573548017448,-4.805015566247747,0.0014330148341885618
2023-02-02,1.0006614006859196,1.0022175074181392,0.9909669668432668,0.9909669668432668,216514799.63763607,5107961702.757272,-0.0093661930040566,-0.0094103316131023,Thursday,0,0,0,1,0,0,0,0.4255084063089962,0.3545285264482535,0.0052068295758403785,-5.257784135154488,0.24279400928873685,0.008366763403978997,-4.783488159350785,0.021527406896962198
2023-02-03,1.0001956477934946,1.001592882615466,0.9969811054558274,1.0005873606515348,201491986.02201444,5103787837.962385,0.0097080872825798,0.0096612665856228,Friday,0,0,0,0,1,0,0,-0.0693846962921894,-0.071909294716681,0.0032542643804517467,-5.727789025651745,-0.4700048904972576,0.008547717888905671,-4.762090945239521,0.021397214111264162
2023-02-04,0.9992188691025384,1.003130087312997,0.9992188691025384,1.003130087312997,177731185.0395366,5102198603.313544,0.0025412340405803,0.002538010565271,Saturday,0,0,0,0,0,1,1,-0.1179242978918367,-0.1254773966039273,0.0013173277178919263,-6.632150050507573,-0.9043610248558274,0.008559236041362925,-4.760744340315613,0.0013466049239081457
2023-02-05,1.0009832127165967,1.0022611366765364,0.9977530146753064,0.9997856858119184,110725775.08408436,5107744123.077268,-0.0033339658967231,-0.0033395359447025,Sunday,0,0,0,0,0,0,1,-0.3770042378356211,-0.4732155625221874,0.003099665265869213,-5.776461152073028,0.8556888984345443,0.008579570899400712,-4.758371378457753,0.0023729618578602896
2023-02-06,0.99982184392733,1.0026066051637432,0.9995393126470552,0.9997766566813528,129396641.4539256,5112349030.509417,-9.03106605110171e-06,-9.031106831424246e-06,Monday,1,0,0,0,0,0,0,0.1686225845397126,0.1558257771021559,0.0021663982718033077,-6.134689272974061,-0.35822812090103273,0.008577948818500589,-4.758560459505786,-0.00018908104803383452
2023-02-07,1.0003572145432231,1.0025798186125032,0.9962859854024634,1.0003277069322216,151530799.3827665,5102851974.704737,0.0005511733517542,0.0005510215115133,Tuesday,0,1,0,0,0,0,0,0.1710566648418168,0.1579064735744628,0.004452914369423596,-5.414196482689674,0.7204927902843874,0.008577925354158016,-4.758563194935335,-2.735429548650359e-06
2023-02-08,0.9996514385743523,1.0034667407197142,0.9984494310841264,0.9997602718821732,167661948.42131916,5098653938.142666,-0.0005672491585668,-0.0005674101052382,Wednesday,0,0,1,0,0,0,0,0.1064545894581168,0.1011608398639347,0.003543739367948689,-5.642572790718832,-0.22837630802915854,0.008578019348438971,-4.758552237301397,1.0957633937991318e-05
2023-02-09,0.99987226237696,1.002275377612212,0.9982069711679556,1.0006214655759822,212229528.532103,5096016192.579571,0.0008614001956566,0.0008610294034264,Thursday,0,0,0,1,0,0,0,0.2658180972511996,0.2357186303426608,0.0028381817628769816,-5.864591656179231,-0.22201886546039873,0.00857848916532425,-4.758497468945118,5.476835627948873e-05
2023-02-10,0.9998739047682264,1.004404466244854,0.9986457089295572,0.9988031814561708,222336766.5331894,5087704739.27046,-0.0018171548206441,-0.0018188078493081,Friday,0,0,0,0,1,0,0,0.0476240892160182,0.046524828056785,0.004010962410158667,-5.518724063926326,0.34586759225290464,0.008584590329061134,-4.757786505158475,0.0007109637866422602
2023-02-11,0.9998121580236468,1.002392050135963,0.9998121580236468,1.002392050135963,134509152.0572088,5084178720.585882,0.0035931690511439,0.0035867290413144,Saturday,0,0,0,0,0,1,1,-0.3950206519841156,-0.5025609570448604,0.000868989266636374,-7.048179784171738,-1.5294557202454122,0.008609465613621348,-4.754893028250151,0.0028934769083246437
2023-02-12,1.001010792984543,1.0047257148388444,0.9996469856747352,0.99987727758818,84216152.96506025,5083575508.253995,-0.0025087714407172,-0.0025119236810588,Sunday,0,0,0,0,0,0,1,-0.3739002017554773,-0.4682454984725427,0.0035135022456874664,-5.651141948172565,1.397037835999173,0.008616654813203731,-4.754058342340422,0.0008346859097283499
2023-02-13,1.000284188159451,1.0033675803958546,0.9973549608527452,0.9994667309765212,244834911.3083,5098701059.367975,-0.0004105970011131,-0.000410681319143,Monday,1,0,0,0,0,0,0,1.907220321615469,1.0671974087342209,0.004219555897745828,-5.468025393973059,0.1831165541995059,0.008614239122772914,-4.754338732952264,-0.00028039061184159664
2023-02-14,0.999851685156266,1.007427736434553,0.9989722151300764,1.0007507115979526,308761374.6912903,5094608928.777041,0.0012846656938514,0.0012838412169215,Tuesday,0,1,0,0,0,0,0,0.2611002779031506,0.2319845763453407,0.005933684813642328,-5.127109873852398,0.34091552012066106,0.008591387214416038,-4.75699506424136,-0.0026563312890957036
2023-02-15,0.9998205893582433,1.0004928539495783,0.9974550567608502,1.0002050504377218,218586884.0309944,5082262924.917772,-0.0005452518333557,-0.0005454005371931,Wednesday,0,0,1,0,0,0,0,-0.292052368112609,-0.3453851542848032,0.002136936902331861,-6.148381829364676,-1.0212719555122778,0.008559168535045004,-4.7607522273027,-0.0037571630613406626
2023-02-16,0.9997190031360896,1.000797510836832,0.9967020487651724,0.9994190601897356,251249663.729879,5088547985.773543,-0.0007858291133825,-0.0007861380389326,Thursday,0,0,0,1,0,0,0,0.149426988008362,0.1392635468996881,0.0028935539052956163,-5.8452698073345175,0.30311202203015863,0.008560319704048637,-4.7606177409221155,0.00013448638058477513
2023-02-17,0.9971102929463656,1.0060643516318977,0.9971102929463656,1.0001944235570397,256369500.6565144,5086974288.026036,0.0007758140685818,0.0007755132804077,Friday,0,0,0,0,1,0,0,0.0203774876775151,0.020172644789611,0.006023026348485334,-5.112165430285371,0.7331043770491465,0.0064899466491836165,-5.037500968764701,-0.27688322784258546
2023-02-18,1.0004972078014278,1.0010478692128877,0.9993508760401008,1.0004164131940372,191255728.6345476,5061103592.257612,0.0002219464853723,0.0002219218588949,Saturday,0,0,0,0,0,1,1,-0.2539840810050439,-0.2930083398707224,0.001198666045248951,-6.72654596946513,-1.6143805391797592,0.003602015909967105,-5.626261615256699,-0.5887606464919983
2023-02-19,1.0003063752920067,1.0017917879911769,0.995316451338901,0.9998146667249108,104170300.17246114,5081202480.580668,-0.0006014959982565,-0.0006016769695471,Sunday,0,0,0,0,0,0,1,-0.4553350066103888,-0.6075843643471145,0.004575206149404368,-5.387103521290726,1.3394424481744043,0.003602106336679514,-5.626236511098464,2.5104158235755847e-05
2023-02-20,0.9991341217001624,1.002032048024439,0.9983017712867328,0.9991184649173636,171297438.72006607,5085178374.850134,-0.0006963308608262,-0.0006965734117637,Monday,1,0,0,0,0,0,0,0.6443980523860573,0.4973743916490443,0.0026372488646784474,-5.938019001896923,-0.5509154806061973,0.003604316612737026,-5.625623092723679,0.0006134183747841249
2023-02-21,0.9995914208823136,1.0012346819180358,0.9958774781242488,0.9985384866306776,181735614.7128417,5092167348.746254,-0.000580490008994,-0.00058065855855,Tuesday,0,1,0,0,0,0,0,0.0609359723692872,0.0591515113163776,0.00373662145384997,-5.589573430411914,0.34844557148500943,0.0035689314818920276,-5.635489032783357,-0.00986594005967767
2023-02-22,1.0000360286936911,1.0022302620234034,0.9980351097321478,0.9991077697642,201807737.4300486,5030583613.981346,0.0005701163662137,0.0005699539116206,Wednesday,0,0,1,0,0,0,0,0.1104468309578321,0.1047624847350243,0.0029093299988463607,-5.83983246525452,-0.2502590348426059,0.0035368142818977054,-5.644528877375768,-0.009039844592410695
2023-02-23,0.998602250065981,1.0009642795368383,0.9971405214826996,0.9985083871566266,221746734.74845767,5026825067.609948,-0.0005999178724381,-0.0006000978951678,Thursday,0,0,0,1,0,0,0,0.0988019467059353,0.0942204469028067,0.0027057424484354677,-5.912378931725014,-0.07254646647049423,0.0035240915314568608,-5.648132597506338,-0.0036037201305703093
2023-02-24,0.999831568220329,1.0015016488940258,0.9982021441663094,1.0013206387421796,169060962.79275176,5024922073.08283,0.0028164526424871,0.0028124938711295,Friday,0,0,0,0,1,0,0,-0.2375943529246144,-0.2712765196976643,0.002142295872305563,-6.145877187501317,-0.23349825577630323,0.003537178124729394,-5.644426009628364,0.0037065878779740657
2023-02-25,0.9998982026159094,1.0024680837021136,0.999807050700242,1.0008081964435498,159108595.44172695,5024903167.930367,-0.0005117664400421,-0.0005118974371819,Saturday,0,0,0,0,0,1,1,-0.0588685122018688,-0.0606724171731003,0.0017924426801135408,-6.324175963623249,-0.1782987761219319,0.003492180366695729,-5.657228990936685,-0.012802981308320582
2023-02-26,0.9997269415777502,1.0004025140615085,0.9954784683488376,0.9978260078361166,110391958.85552303,5024544593.825091,-0.002979780359544,-0.0029842287440432,Sunday,0,0,0,0,0,0,1,-0.3061848195627259,-0.3655496645514149,0.003282367424076658,-5.719190341307718,0.6049856223155308,0.00353209821562527,-5.645863189258618,0.011365801678066667
2023-02-27,1.0000571876837718,1.0048949053054004,0.9984976869399094,1.0006668514778925,120889333.83336508,5032371827.207191,0.0028470330693588,0.0028429879466231,Monday,1,0,0,0,0,0,0,0.0950918444302688,0.0908382359430793,0.00449995761409768,-5.403687301339628,0.3155030399680907,0.0035700120214902857,-5.635186315832033,0.010676873426584521
2023-02-28,1.0001901617096158,1.0004109434420292,0.9988259723671185,0.9998529236583388,168229029.7855792,5033074509.6224375,-0.0008133854122893,-0.0008137163896907,Tuesday,0,1,0,0,0,0,0,0.3915953082963264,0.3304507928443833,0.0011014059381007923,-6.811167789738776,-1.4074804883991483,0.003571949780367902,-5.634643675314225,0.0005426405178088345
2023-03-01,0.999791958681638,1.0021670341431423,0.9981017628657656,1.0004613935606703,171284781.48079434,5021921141.0438,0.0006085594070228,0.0006083743098382,Wednesday,0,0,1,0,0,0,0,0.0181642353826205,0.01800123653293,0.0028439314424601437,-5.86256787335837,0.948599916380406,0.0033737099129592103,-5.691742275745123,-0.05709860043089865
2023-03-02,0.999320108823654,1.0004798028980717,0.998576392548562,1.000265097895355,197438135.0104693,5011252387.149178,-0.0001962051375283,-0.0001962243882744,Thursday,0,0,0,1,0,0,0,0.1526893008449057,0.1420977347607295,0.0012116483595452476,-6.715773565819968,-0.8532056924615983,0.0029484418781614247,-5.826478425059392,-0.1347361493142687
2023-03-03,1.0000937843367192,1.002531723252905,0.9939828169565132,1.002531723252905,197968034.24442297,5027480051.372483,0.0022660246391874,0.0022634610773538,Friday,0,0,0,0,1,0,0,0.0026838747941251,0.002680279633374,0.0058634548073590665,-5.1390162915441975,1.5767572742757707,0.002943607075582658,-5.828119553197278,-0.0016411281378863052
2023-03-04,1.0003459470734002,1.0020512447774927,0.9995075703496616,1.0007043920544458,118479869.15990068,5014211314.309567,-0.0018227165844987,-0.0018243797536703,Saturday,0,0,0,0,0,1,1,-0.4015202019250317,-0.5133625088145016,0.0017834029510365283,-6.329231969539885,-1.1902156779956874,0.0024132875148481464,-6.0267653469930105,-0.19864579379573222
2023-03-05,1.001485997766055,1.001956491712836,0.9974571532375724,1.001956491712836,79893499.93654844,5015342757.211078,0.0012512183101542,0.0012504361888594,Sunday,0,0,0,0,0,0,1,-0.3256786954353907,-0.3940485686575038,0.0031690340789344387,-5.754328444486291,0.5749035250535934,0.0016627509084204991,-6.3992818744637034,-0.37251652747069297
2023-03-06,1.000394634193881,1.0014309303419169,0.9990863327623432,1.000084345947707,125965061.63094331,5004167451.987706,-0.0018684900797726,-0.001870237884872,Monday,1,0,0,0,0,0,0,0.5766622031953161,0.4553100828773798,0.0016462005011843022,-6.4092853729765595,-0.6549569284902681,0.001632977950659256,-6.417349967436922,-0.018068092973218874
2023-03-07,1.0000210511445762,1.0027754401145497,0.9987574246324072,1.0000382323931911,130858697.59212229,5000300423.285313,-4.6109665352345175e-05,-4.61107284356437e-05,Tuesday,0,1,0,0,0,0,0,0.0388491530732268,0.0381135168541762,0.0028389738319688543,-5.864312618874799,0.5449727541017602,0.0015149052279872818,-6.492402397761472,-0.07505243032454967
2023-03-08,0.9998453512502036,1.001500681425613,0.9989103343494656,0.999366626041954,133284213.8011896,4989312647.007758,-0.0006715806751006,-0.0006718062864186,Wednesday,0,0,1,0,0,0,0,0.0185353839958539,0.0183656973633935,0.001806923992424992,-6.3161293311095115,-0.4518167122347121,0.0015198615903986882,-6.489136007218301,0.003266390543171127
2023-03-09,1.0003040934583851,1.001964974391981,0.9937396996654512,0.997811326466989,161015708.62017277,4963621679.255136,-0.0015562852855361,-0.0015574975554029,Thursday,0,0,0,1,0,0,0,0.208062860770205,0.1890181352201703,0.0056186123319260295,-5.181670561592715,1.1344587695167965,0.001542957674381819,-6.474054136708503,0.015081870509797923
2023-03-10,0.999330810312472,1.0029280844978243,0.9951264931104588,0.9969597129614066,334398754.1692026,4919120921.769798,-0.0008534814979478,-0.0008538459206482,Friday,0,0,0,0,1,0,0,1.0768082632113305,0.7308322263387332,0.005320916005651147,-5.236109808936746,-0.05443924734403094,0.001547348809810872,-6.471212257816006,0.002841878892496652
2023-03-11,0.9954305210230648,0.9954305210230648,0.8864325607960366,0.9650509600884156,1776920234.251979,5098711137.367909,-0.0320060604838364,-0.0325294525555686,Saturday,0,0,0,0,0,1,1,4.313776478224779,1.6703027836424147,0.07970857894229946,-2.529378058548426,2.70673175038832,0.0061352874480557614,-5.093698348118047,1.3775139096979592
2023-03-12,0.9657428736214658,0.9743106362405384,0.944435162398103,0.9706601290957664,1759604652.3303487,5934010886.007728,0.005812303431973,0.0057954771644794,Sunday,0,0,0,0,0,0,1,-0.0097447153720547,-0.0097925058339669,0.02179412077416398,-3.8261150348183146,-1.2967369762698886,0.006216998353116008,-5.080468068595083,0.013230279522963961
2023-03-13,0.9945637914458112,1.0018201596622334,0.984424793339084,0.9988425349483512,1149696289.0202048,6258020741.624622,0.0290342675132218,0.0286207580595414,Monday,1,0,0,0,0,0,0,-0.3466167030772544,-0.4255913434679851,0.012095081739536504,-4.414956376816773,-0.5888413419984588,0.008094885674231623,-4.816522814962569,0.26394525363251375
2023-03-14,0.9997856833074508,1.003466069603168,0.9975293473961157,1.0012072727874417,788781506.3391637,6227376484.490703,0.002367478112266,0.0023646800513218,Tuesday,0,1,0,0,0,0,0,-0.3139218471241829,-0.3767637322703139,0.0041018307780514495,-5.496321873705217,-1.0813654968884432,0.008093407139007375,-4.816705482183309,-0.000182667220739674
2023-03-15,0.9993917730483364,1.003383445322159,0.9972580227087382,1.0007868178163892,514917653.3906093,5947047587.423521,-0.0004199479792849,-0.0004200361821321,Wednesday,0,0,1,0,0,0,0,-0.3471986231264367,-0.4264823661531478,0.004242267921819635,-5.462657265517838,0.0336646081873786,0.00809342314224019,-4.816703504868104,1.977315204904073e-06
2023-03-16,1.0007761399690551,1.0037731877020744,1.00030455795267,1.0023940532243074,425896540.1801674,5758108710.422333,0.0016059718006928,0.0016046836069979,Thursday,0,0,0,1,0,0,0,-0.1728841740504705,-0.1898105382036059,0.0022323237268297305,-6.104712206077989,-0.6420549405601506,0.008095331382940777,-4.816467755946659,0.00023574892144484494
2023-03-17,1.001633099000348,1.003769767731481,1.000277971317898,1.003769767731481,383881608.5958424,5541249248.187428,0.0013724288394851,0.0013714879198239,Friday,0,0,0,0,1,0,0,-0.0986505585759193,-0.1038622592446272,0.0020778955921312544,-6.176399631970062,-0.07168742589207344,0.008098590871991307,-4.8160651988584835,0.0004025570881758256
2023-03-18,1.0008826438256822,1.0052792333321166,0.999403149046964,1.00095374011886,310914181.92468625,5453033036.861678,-0.0028054517112875,-0.002809394366619,Saturday,0,0,0,0,0,1,1,-0.190077943400455,-0.2108172623660264,0.004145090851566464,-5.485830572283704,0.6905690596863581,0.008113548149130893,-4.814220003555889,0.0018451953025948598
2023-03-19,1.001491811100236,1.0026616437351843,0.9982576595204776,1.00127275689161,168094477.9045837,5422590848.021901,0.0003187128035628,0.0003186620254261,Sunday,0,0,0,0,0,0,1,-0.4593540993723414,-0.6149907419227519,0.003109690633717798,-5.773232032427741,-0.28740146014403667,0.008112521251510574,-4.814346577354673,-0.00012657379878433517
2023-03-20,0.999965515531813,1.0032020162251416,0.9988020659963024,1.000688929637945,198841207.624416,5414703481.585274,-0.0005830851280498,-0.0005832551882927,Monday,1,0,0,0,0,0,0,0.1829133836108836,0.1679803647424947,0.003075453744405094,-5.784302829453309,-0.011070797025568346,0.008113118941955546,-4.814272905014091,7.367234058186511e-05
2023-03-21,1.0030619443260422,1.0053187175015048,1.0001584791542666,1.0014512646938614,220290206.7286728,5412276419.276878,0.0007618102222757,0.0007615201921576,Tuesday,0,1,0,0,0,0,0,0.1078699901318798,0.1024392440144164,0.0034991157959903627,-5.65524497212007,0.1290578573332386,0.00811356655406428,-4.814217735138647,5.516987544407215e-05
2023-03-22,1.0016891440258795,1.0063629321202612,0.9988174099633716,1.000761282573433,256229408.03896013,5330328422.35363,-0.0006889822248505,-0.0006892196821791,Wednesday,0,0,1,0,0,0,0,0.1631447981459881,0.151127369781379,0.005290468950408173,-5.241848388570618,0.41339658354945197,0.008113545620481924,-4.81422031521354,-2.5800748932880424e-06
2023-03-23,1.003220275705566,1.004842210649647,0.999627028797183,1.0019648626593909,272943992.5020852,5302869836.473601,0.0012026645184182,0.0012019418967692,Thursday,0,0,0,1,0,0,0,0.0652328887267443,0.0631934501163189,0.003596229726215038,-5.627869280593715,-0.38602089202309653,0.008115820303643238,-4.813939998263778,0.00028031694976249355
2023-03-24,1.0004334309044027,1.003463377652856,0.9981290285650526,1.003463377652856,213306510.3770996,5267251691.482313,0.0014955763912598,0.0014944591307157,Friday,0,0,0,0,1,0,0,-0.2184971414035793,-0.2465364712943837,0.0032668711261084177,-5.723922594307344,-0.0960533137136288,0.008119738782052131,-4.81345729502402,0.00048270323975785345
2023-03-25,1.0024859267896364,1.0044029524344975,0.9984088895067812,1.0044029524344975,154928308.6644865,5257756283.117301,0.0009363319106265,0.0009358938253439,Saturday,0,0,0,0,0,1,1,-0.2736822313084005,-0.3197676619968211,0.004062535790857312,-5.5059479213079054,0.2179746729994383,0.008120797408365294,-4.813326926629498,0.00013036839452240656
2023-03-26,1.0040257319789716,1.0040257319789716,0.9993272962647624,1.000944188804679,99170558.652941,5247435334.682028,-0.0034436016157011,-0.0034495444588568,Sunday,0,0,0,0,0,0,1,-0.3598938792541443,-0.4461213027085863,0.002711220048960045,-5.910356542833016,-0.4044086215251106,0.00812898056673337,-4.812319754830306,0.0010071717991912976
2023-03-27,0.9992828587663842,1.001614103820982,0.993248025136562,1.001614103820982,116195867.65970229,5187567870.093284,0.0006692830867054,0.000669059216663,Monday,1,0,0,0,0,0,0,0.171677050507937,0.1584360990086785,0.0057514373536927624,-5.158305480856049,0.7520510619769674,0.008129361091908496,-4.812272944991617,4.680983868965427e-05
2023-03-28,1.001215653085297,1.0029042440187343,0.9932687499359508,1.000238826581767,167542019.42231256,5136664731.516017,-0.0013730609762468,-0.0013740044882343,Tuesday,0,1,0,0,0,0,0,0.4418930965168699,0.3659569005506901,0.006799426469082768,-4.990917013139074,0.16738846771697435,0.008114960710555915,-4.814045919610061,-0.0017729746184445005
2023-03-29,0.9998574831775352,1.0009340898696797,0.9991371003277718,0.9999546286424614,157234657.62540996,5113803635.420679,-0.0002841300814894,-0.0002841704540885,Wednesday,0,0,1,0,0,0,0,-0.0615210550311052,-0.0634948579766616,0.0012691829659213073,-6.669381919459931,-1.6784649063208565,0.00809850972380787,-4.816075218946086,-0.0020292993360246925
2023-03-30,1.000275203155446,1.0016565919186813,0.9990966018789772,1.0001919080221724,152043641.6968766,5100819096.033169,0.0002372901458869,0.0002372619970331,Thursday,0,0,0,1,0,0,0,-0.0330144511835314,-0.0335717279874924,0.0018087654721524718,-6.315110725997131,0.3542711934628002,0.008097262811779265,-4.8162291988847805,-0.00015397993869470383
2023-03-31,1.000547985948259,1.0014499362424385,0.999663836020415,1.0011202624537066,131654663.27688812,5096013726.496401,0.0009281763070547,0.0009277458177856,Friday,0,0,0,0,1,0,0,-0.1340995137477513,-0.1439852889714902,0.0012111985811231597,-6.716144846745482,-0.401034120748351,0.0080982725406765,-4.816104506631444,0.00012469225333688883
2023-04-01,0.9996348063593944,1.0022141072750117,0.9996348063593944,1.0006364945864348,116099802.57758544,5101208537.902222,-0.0004832265267372,-0.0004833433183013,Saturday,0,0,0,0,0,1,1,-0.1181489535740076,-0.1257321188406327,0.0017125314251038753,-6.369782637570641,0.34636220917484106,0.008098674091160525,-4.816054923152133,4.9583479310832956e-05
2023-04-02,0.9998222113291412,1.0015788836546982,0.99844664306513,1.0001056942506927,90484724.05803184,5107078066.860729,-0.0005304626991057,-0.0005306034442188,Sunday,0,0,0,0,0,0,1,-0.2206298197831641,-0.2492691467314028,0.0022077822612778086,-6.115766768981641,0.2540158685889997,0.008088703944414015,-4.817286765391852,-0.001231842239719505
2023-04-03,1.0008464487009407,1.0032399599263175,0.9983939905249328,1.0032399599263175,102922613.71041712,5104558609.737727,0.0031339344367726,0.0031290339002163,Monday,1,0,0,0,0,0,0,0.1374584470679085,0.1287963411255396,0.00308521750842889,-5.781133118946823,0.33463365003481815,0.008102008879848802,-4.815643238195228,0.001643527196624639
2023-04-04,0.9985400029434314,1.000743981501128,0.9985400029434314,1.000267545100489,158669251.13495666,5091420697.554216,-0.0029628154225902,-0.0029672132489844,Tuesday,0,1,0,0,0,0,0,0.541636433577058,0.4328444714512683,0.0011297205476264696,-6.7857849798277385,-1.0046518608809158,0.008116890210084576,-4.813808177217381,0.001835060977846581
2023-04-05,1.001024045760601,1.001024045760601,0.99936623905796,1.000383006882733,139641127.24948996,5087589250.39383,0.0001154308992725,0.0001154242376389,Wednesday,0,0,1,0,0,0,0,-0.1199231971497883,-0.1277460993520608,0.0011023197563872487,-6.810338450278679,-0.024553470450940473,0.008109732287989184,-4.814690421511969,-0.0008822442945879416
2023-04-06,0.9995534416535202,1.0011303177308262,0.999274699174992,1.0004410491685594,109368734.43025222,5083350005.572027,5.802006374255875e-05,5.801838064376242e-05,Thursday,0,0,0,1,0,0,0,-0.2167870842602949,-0.244350696916488,0.0011902190558204949,-6.733617908278015,0.0767205420006638,0.008109734836229942,-4.814690107291935,3.1422003399228515e-07
2023-04-07,1.000644439694947,1.0013909926280349,0.9992035921369437,1.0006881585493523,116097448.27022022,5082627950.569081,0.0002470004414536,0.0002469699418667,Friday,0,0,0,0,1,0,0,0.0615231937630136,0.0597048519111742,0.0015460281939506805,-6.472066092275121,0.26155181600289445,0.008108932613450755,-4.814789033147876,-9.892585594073466e-05
2023-04-08,1.0005469959687143,1.0013015021919025,1.0000200447844647,1.0001857482606222,110618587.13679583,5081677757.136603,-0.0005020647885535,-0.0005021908652803,Saturday,0,0,0,0,0,1,1,-0.047191916920277,-0.0483417774760626,0.0008772732205011365,-7.038692074200497,-0.5666259819253758,0.008104463874751666,-4.815340273452829,-0.0005512403049534598
2023-04-09,1.0000630922294396,1.0018327493857375,0.9995706914394952,1.0004706943771315,91984880.4994759,5076041635.742682,0.0002848931980932,0.0002848526237321,Sunday,0,0,0,0,0,0,1,-0.1684500509329112,-0.1844639111165597,0.0015782027361402379,-6.451468588169402,0.5872234860310943,0.008103131347562874,-4.8155047058900315,-0.00016443243720232203
2023-04-10,1.0001806445551882,1.0033821378296095,0.9985427356115416,0.9999890968166864,89309205.37787165,5065676752.257821,-0.0004813709818307,-0.000481486878036,Monday,1,0,0,0,0,0,0,-0.0290882056602714,-0.0295196548378936,0.0034166173203740774,-5.679104304987471,0.7723642831819308,0.005513282975760799,-5.200595011876198,-0.3850903059861661
2023-04-11,0.9997794769138084,1.0009714309310984,0.997016028541111,1.0000725831284625,162616537.11942455,5055452975.191659,8.348722205253623e-05,8.348373718837294e-05,Tuesday,0,1,0,0,0,0,0,0.8208261559531962,0.5992903299352282,0.002793778744410935,-5.880360210828145,-0.20125590584067332,0.0054108166022477245,-5.21935525440033,-0.018760242524132664
2023-04-12,1.0000847671275426,1.0013921602449691,0.9985166406267248,1.0000124872005431,183632694.80658948,5033256351.447633,-6.009156628550283e-05,-6.009337185600555e-05,Wednesday,0,0,1,0,0,0,0,0.1292375182711633,0.1215426423776213,0.002032897280148501,-6.1982932718551655,-0.3179330610270208,0.0014043255606081908,-6.568198119483645,-1.3488428650833146
2023-04-13,0.9990845984669044,1.000862364337136,0.9987772745511312,0.9998886171946902,161414489.74646166,5014746977.689543,-0.0001238684590826,-0.0001238761314137,Thursday,0,0,0,1,0,0,0,-0.1209926428598625,-0.1289620114342201,0.0013873030412768007,-6.580393674652793,-0.3821004027976276,0.001336507163668793,-6.617695662378122,-0.04949754289447661
2023-04-14,1.0010589239015524,1.002011385928738,0.9990621119306208,1.000148595375605,171210593.69399384,5014392963.953524,0.0002600071412395,0.0002599733452407,Friday,0,0,0,0,1,0,0,0.0606891237764293,0.058918813659831,0.0020061691433034654,-6.211528274301369,0.36886540035142446,0.0013351491514942636,-6.618712269404841,-0.0010166070267194627
2023-04-15,1.0002676676372106,1.0012144965765588,0.999362085658954,1.000587320317025,86164802.17820045,5013000900.390351,0.0004386597586083,0.0004385635755431,Saturday,0,0,0,0,0,1,1,-0.4967320635999689,-0.6866325739646666,0.0012943292721625712,-6.649762654560104,-0.4382343802587352,0.0013050673831045525,-6.641500604977623,-0.02278833557278226
2023-04-16,1.0004426261011716,1.0009997193088036,0.9993689698562486,1.0009997193088036,61337288.50849424,5023963790.561148,0.0004121569236434,0.0004120720103095,Sunday,0,0,0,0,0,0,1,-0.2881398557424823,-0.3398738134690034,0.0010997579509610723,-6.812665167972017,-0.16290251341191286,0.0012830283247166779,-6.6585321166502585,-0.01703151167263517
2023-04-17,1.000180006032542,1.0063925102279,0.9992766124838384,0.9997478386129964,106544357.75721724,4952269525.315713,-0.0012506304164316,-0.0012514131072903,Monday,1,0,0,0,0,0,0,0.7370242530766997,0.5521734497848073,0.005010302969000569,-5.296258892859368,1.516406275112649,0.0011980287770426044,-6.7270777586737,-0.06854564202344182
2023-04-18,0.999658999982045,1.0007307372389134,0.998051194772054,0.9996736829093984,122310195.32948014,4873130919.310575,-7.417440751955606e-05,-7.417715857696104e-05,Tuesday,0,1,0,0,0,0,0,0.1479744014994066,0.1379989993032983,0.0018958564598885847,-6.26808458482503,-0.9718256919656625,0.0011966919024693566,-6.728194276957913,-0.0011165182842125532
2023-04-19,0.9994720345715408,1.0007683136382644,0.9984817207613212,1.000116051869512,141703357.1690331,4862285659.320048,0.0004425133597858,0.0004424154796235,Wednesday,0,0,1,0,0,0,0,0.1585571978469293,0.1471754360037856,0.001567141558669191,-6.458501982311791,-0.1904173974867609,0.001194678340600682,-6.729878300877146,-0.0016840239192328355
2023-04-20,1.0002753110056055,1.0013029895872168,0.9984796601936006,0.999856593469642,144913751.78345048,4848890449.309076,-0.0002594282927317,-0.0002594619500725,Thursday,0,0,0,1,0,0,0,0.0226557413921237,0.0224029116560969,0.0019795828484788563,-6.224869139058823,0.23363284325296796,0.0011875057561331883,-6.735900174797172,-0.006021873920026621
2023-04-21,0.9999939862115031,1.0012139683500334,0.998494514525708,1.0002964759364004,161438403.96522748,4833173529.786566,0.0004399455578243,0.0004398488101521,Friday,0,0,0,0,1,0,0,0.1140309458447417,0.1079849201540391,0.001914017139775855,-6.258551031040658,-0.03368189198183469,0.0011835475040596218,-6.739238991193359,-0.0033388163961864947
2023-04-22,1.000298388898124,1.0015076784373351,0.9988851004612532,1.0015076784373351,179909757.35516316,4792563418.28622,0.0012108435149698,0.0012101110351802,Saturday,0,0,0,0,0,1,1,0.1144173439296032,0.1083317068311247,0.001695205104723708,-6.379951539733626,-0.12140050869296815,0.0011838249480001757,-6.739004601423736,0.0002343897696226449
2023-04-23,0.9994181275765286,1.0019748524038676,0.9989912310615618,1.0004158028612211,81945727.12953067,4779315597.570959,-0.0010902318570514,-0.0010908265921079,Sunday,0,0,0,0,0,0,1,-0.5445176051915844,-0.7863982132850127,0.0020154759985155147,-6.206899883929702,0.17305165580392412,0.0011690414846630946,-6.7515711098138285,-0.012566508390092324
2023-04-24,1.0002172928184625,1.0025571134352107,0.9987518182575232,1.000014461935716,97677846.15587927,4782780202.571485,-0.0004011741161596,-0.0004012546080236,Monday,1,0,0,0,0,0,0,0.1919821762211107,0.1756176156967246,0.0026860374094635773,-5.919688253404148,0.28721163052555365,0.0011588046685276183,-6.760366263316737,-0.00879515350290827
2023-04-25,0.999404628133416,1.0031141514214128,0.998407527052538,1.0002706784352593,134007632.75586052,4787842968.63658,0.0002562127942102,0.0002561799773176,Tuesday,0,1,0,0,0,0,0,0.3719347634058629,0.3162219796352251,0.003281696291011363,-5.7193948283745,0.2002934250296482,0.0009738432283345353,-6.934260223812017,-0.17389396049528028
2023-04-26,1.000836467678585,1.0015399146499364,0.9968244900394088,0.999746980747934,161397011.54093254,4786247738.273674,-0.000523555972014,-0.0005236930752982,Wednesday,0,0,1,0,0,0,0,0.204386707098773,0.1859704806156575,0.003267660503435002,-5.723680992498622,-0.004286164124121861,0.0009708713131839269,-6.937316628647482,-0.0030564048354646545
2023-04-27,0.9998687021463648,1.001871753905713,0.998399383944152,1.0003809165473578,286989909.59070927,4791211466.766688,0.0006340962379796,0.000633895283905,Thursday,0,0,0,1,0,0,0,0.7781612363864905,0.57557981711204,0.002434282261069817,-6.018103325211893,-0.2944223327132711,0.0009450161921041967,-6.96430849611553,-0.02699186746804827
2023-04-28,1.000093445321932,1.0014842692539363,0.9985151978346012,0.9998377689206116,160463252.14927974,4744359501.017839,-0.0005429408116068,-0.0005430882573412,Friday,0,0,0,0,1,0,0,-0.4408749339719837,-0.5813820991374417,0.0020934295805132017,-6.1689516102749264,-0.1508482850630335,0.0009487862440764079,-6.960327028059042,0.0039814680564882465
2023-04-29,0.9999017539668312,1.0011808791982428,0.9981129585704052,1.0005854347655885,121746228.92742328,4730482977.389904,0.0007477871592949,0.0007475077057829,Saturday,0,0,0,0,0,1,1,-0.2412828027805258,-0.276126170202659,0.002128127656030862,-6.152512720565684,0.016438889709242233,0.0009575721839357978,-6.951109451828495,0.00921757623054642
2023-04-30,0.9999585320223356,1.0012723313571548,0.9994944906855612,1.000176551796384,62259891.14698324,4732231909.840051,-0.0004086437349551,-0.0004087272525596,Sunday,0,0,0,0,0,0,1,-0.4886092842834721,-0.670621370930975,0.0012493155313501026,-6.685159452561742,-0.5326467319960582,0.0009454219567296119,-6.963879215070925,-0.012769763242429732
2023-05-01,0.9996732437742706,1.0033083144801032,0.9986454640941108,0.9996654485410168,98861460.6673066,4735729747.700865,-0.0005110130350979,-0.000511143646757,Monday,1,0,0,0,0,0,0,0.5878836092712452,0.4624020662290188,0.003293917727934089,-5.715677623879195,0.9694818286825475,0.0009459092160855427,-6.963363959600371,0.0005152554705540879
2023-05-02,1.0001970357194852,1.0010693942351612,0.9977177248236012,0.99999723757785,115449243.79204808,4717783563.473673,0.0003319000744872,0.0003318450078416,Tuesday,0,1,0,0,0,0,0,0.1677881655073203,0.1551115028095459,0.0023681755899724955,-6.045635413538623,-0.3299577896594279,0.0009428840233821534,-6.966567269763725,-0.003203310163353734
2023-05-03,1.0003624800393836,1.0014100709683225,0.9984269614460832,1.0000092602258546,113361267.868421,4702064906.78843,1.202268121636152e-05,1.2022608944508971e-05,Wednesday,0,0,1,0,0,0,0,-0.0180856613265308,-0.0182512059259714,0.0020981003812216596,-6.166722924003118,-0.12108751046449484,0.0007501155431199142,-7.195283305806336,-0.22871603604261104
2023-05-04,0.999674128761996,1.000541219908293,0.9994085395710476,0.9994134554328288,157513017.2286273,4685222907.0667,-0.0005957992757898,-0.0005959768347082,Thursday,0,0,0,1,0,0,0,0.3894782599948816,0.328928324158542,0.000784373537110199,-7.1506252006846545,-0.9839022766815368,0.0005301268327316511,-7.542394273006618,-0.34711096720028234
2023-05-05,0.9997812423092952,1.001424802482887,0.9987860223444228,0.9995318526817591,109186706.00218104,4679513020.41625,0.00011846673495,0.0001184597183205,Friday,0,0,0,0,1,0,0,-0.3068083646464691,-0.3664487879279572,0.0018592493912764337,-6.28758242578367,0.8630427749009844,0.0005301491523993605,-7.542352171387746,4.21016188720813e-05
2023-05-06,0.9997906510712268,1.000441812285992,0.9982518948775436,1.000363566150868,167626100.96999618,4677285240.295548,0.0008321030159044,0.0008317570101182,Saturday,0,0,0,0,0,1,1,0.5352244527520393,0.4286765936408079,0.0015080556801675385,-6.496934086889994,-0.2093516611063242,0.000551367914224282,-7.503108250722573,0.03924392066517335
2023-05-07,0.9993031207244208,1.000761012477038,0.9982697391763689,0.9983339679241362,146377555.6031573,4683426275.916223,-0.0020288606016922,-0.0020309215273885,Sunday,0,0,0,0,0,0,1,-0.1267615558906437,-0.1355466285813166,0.0016560633657674438,-6.40331195939881,0.09362212749118459,0.0006629189342925083,-7.31885784630615,0.1842504044164226
2023-05-08,1.000178100714731,1.0039792393064897,0.9987711136790464,0.9998093009474296,110702631.3970747,4686778497.533334,0.0014777950772937,0.0014767042127324,Monday,1,0,0,0,0,0,0,-0.2437185404489232,-0.2793416710959347,0.0036705014858897838,-5.607426981594072,0.7958849778047377,0.0007097489009040707,-7.250599311180099,0.06825853512605118
2023-05-09,1.000077620147677,1.0015036856586947,0.998862121571748,1.0003163488713276,136111416.84932524,4688001037.051067,0.0005071446358995,0.0005070160815205,Tuesday,0,1,0,0,0,0,0,0.2295228679895857,0.2066261819233356,0.001861626104844303,-6.2863049232746055,-0.6788779416805335,0.0007138680867804973,-7.244812365101786,0.005786946078313093
2023-05-10,0.9997401972473045,1.0013598606492735,0.9983909673701924,0.9995924043558578,133012923.86295718,4689666322.733748,-0.0007237155688664,-0.0007239775773994,Wednesday,0,0,1,0,0,0,0,-0.0227643871329182,-0.0230274964772216,0.002097576009313273,-6.166972882227875,0.11933204104673045,0.0007206604211546906,-7.235342514768622,0.009469850333164054
2023-05-11,0.9993121960952044,1.002793639416226,0.9986496713611474,0.9996946174365812,200824305.86718625,4690651746.587436,0.0001022547593179,0.0001022495316563,Thursday,0,0,0,1,0,0,0,0.5098104758158308,0.4119841302447065,0.0029184466297553367,-5.836703780362627,0.33026910186524816,0.000720741024014282,-7.235230675197563,0.00011183957105842524
2023-05-12,0.9993307932096538,1.0048226741247253,0.9988223853770688,1.0004947905304626,163224193.15582973,4678593143.067372,0.0008004175274378,0.0008000973641602,Friday,0,0,0,0,1,0,0,-0.1872288941768985,-0.2073057517279115,0.00417287953768231,-5.47914894486767,0.35755483549495715,0.0007353133864711416,-7.215213773472706,0.020016901724857483
2023-05-13,1.0001670459148808,1.0009251531845555,0.9990624201198705,0.9992840814483548,134653342.94564328,4670411128.64761,-0.0012101103309752,-0.0012108431057003,Saturday,0,0,0,0,0,1,1,-0.1750405357060637,-0.192421028043748,0.0011973216631843105,-6.727668164041499,-1.2485192191738292,0.0007674930840165635,-7.172381089596859,0.04283268387584638
2023-05-14,0.9986621226752423,1.0012483533801768,0.998447952655712,0.9995908664372358,53109437.5023831,4667705757.858047,0.0003070047792979,0.0003069576629736,Sunday,0,0,0,0,0,0,1,-0.6055839659040454,-0.9303490026785172,0.0018943419492284397,-6.268883757099025,0.458784406942474,0.0007680713050019129,-7.171627984071863,0.0007531055249963003
2023-05-15,0.9996226566606904,1.000680980629303,0.99879174829171,1.0004613178029895,77001339.77843463,4662949222.089602,0.0008708076423868,0.000870428709381,Monday,1,0,0,0,0,0,0,0.4498617081941316,0.3714681782249068,0.0012303915998096346,-6.700422786439033,-0.43153902934000765,0.0007802417150119095,-7.155906795246038,0.015721188825825294
2023-05-16,1.0003838226383517,1.001520210498324,0.9982831342737768,1.0002070295014078,85044564.47790311,4662530011.630087,-0.0002541710479522,-0.0002542033548874,Tuesday,0,1,0,0,0,0,0,0.1044556461304728,0.0993525856524853,0.002286548507187346,-6.080711800489246,0.6197109859497862,0.0007779916456127549,-7.158794772130486,-0.0028879768844483067
2023-05-17,1.0005156313696482,1.0013247958267772,0.9984691781797854,0.9994662093613996,92996896.26243804,4667549873.156838,-0.0007406668001298,-0.0007409412292996,Wednesday,0,0,1,0,0,0,0,0.0935078194985779,0.0893907119994498,0.0019112020256785457,-6.260022902054457,-0.17931110156521068,0.0007558899646437812,-7.187614741791073,-0.028819969660586864
2023-05-18,0.9998560370977622,1.0028804676402767,0.9985087717069842,0.9997518366985352,107221631.66966838,4664532013.564273,0.0002857798837621,0.0002857390564693,Thursday,0,0,0,1,0,0,0,0.1529592489526532,0.1423318971693973,0.0030884357750830932,-5.78009053790188,0.47993236415257723,0.0007575670205117767,-7.185398548571376,0.0022161932196969047
2023-05-19,0.999730036615288,1.0011029671642009,0.9994690011066109,1.0011029671642009,80046419.11824253,4668229835.896341,0.0013514658498927,0.0013505534418873,Friday,0,0,0,0,1,0,0,-0.2534489741318996,-0.2922913108652065,0.0007788612391841775,-7.157677654809577,-1.377587116907697,0.0007925801086703237,-7.140216973825754,0.04518157474562212
2023-05-20,0.9997402779159406,1.0013234075687707,0.998721001887262,1.0005656112508687,52004911.49811331,4659132640.74811,-0.0005367638803971,-0.0005369079896995,Saturday,0,0,0,0,0,1,1,-0.3503155784983588,-0.4312685393704437,0.0017672174305431677,-6.33834904253944,0.8193286122701364,0.0007972127809993932,-7.134388937391641,0.005828036434112782
2023-05-21,0.9996830071938306,1.0033288553201916,0.9983529878914512,1.0001741963797537,62858899.1311147,4653951672.601207,-0.0003911936076093,-0.0003912701437895,Sunday,0,0,0,0,0,0,1,0.2087108182732924,0.1895543521810148,0.003502238079140379,-5.654353063665597,0.6839959788738437,0.0007963682543332249,-7.135448848028761,-0.0010599106371200762
2023-05-22,0.9995943369425389,1.0012290700310076,0.9985366772674016,0.9990149486058,91881618.48348,4657301118.534999,-0.0011590458723588,-0.0011597180854933,Monday,1,0,0,0,0,0,0,0.4617121800340165,0.3796084746648853,0.0018696221425447003,-6.282018931343402,-0.6276658676778055,0.000793865001446463,-7.138597134539925,-0.0031482865111636116
2023-05-23,0.9997800865523132,1.0018076315322866,0.9982445696753984,0.9996135272144576,105422283.36554857,4654160102.410698,0.0005991688207398,0.0005989893907709,Tuesday,0,1,0,0,0,0,0,0.147370770188415,0.1374730380384282,0.0025172731076053296,-5.984579063508496,0.29743986783490595,0.0007762202190069118,-7.161074290661036,-0.022477156121111008
2023-05-24,0.9996219690123596,1.0006939995097388,0.9974282618064204,0.9981993918346086,104830306.83614811,4632811651.497299,-0.001414682115987,-0.0014156837234806,Wednesday,0,0,1,0,0,0,0,-0.0056152884428407,-0.0056311134440914,0.0021352044402911967,-6.149192880309244,-0.16461381680074805,0.0008148351570782455,-7.112524726434664,0.0485495642263718
2023-05-25,1.000103330596372,1.0005512107522632,0.9988288229739972,0.9998404659316724,114363139.15372844,4622328780.963694,0.0016440343587544,0.0016426844136363,Thursday,0,0,0,1,0,0,0,0.0909358429378666,0.0870358993819978,0.0012072849664030755,-6.719381269949735,-0.5701883896404905,0.0008670154535021672,-7.050453757233967,0.06207096920069688
2023-05-26,0.9998167230992469,1.0010717982731177,0.997594145155942,1.0002303863221873,98487255.1589053,4617808569.369006,0.0003899826060265,0.0003899065825745,Friday,0,0,0,0,1,0,0,-0.1388199389445105,-0.1494516662733183,0.0024472483462085032,-6.012791009598423,0.7065902603513114,0.0008646626819048511,-7.053171090203563,-0.0027173329695955317
2023-05-27,1.000002229918692,1.000746493356515,0.9992084264295458,0.9998203422223946,80302206.36221674,4622331761.394703,-0.0004099496529998,-0.0004100337053311,Saturday,0,0,0,0,0,1,1,-0.184643675644607,-0.2041300534907271,0.0010817100490039392,-6.829212111361069,-0.8164211017626455,0.0008601463250113756,-7.0584080378277365,-0.0052369476241738155
2023-05-28,0.9997902087034156,1.0006894678534102,0.9984084286982956,0.9995637438946532,69356988.5049572,4624142326.802665,-0.0002566444359103,-0.0002566773747294,Sunday,0,0,0,0,0,0,1,-0.1363003378498627,-0.1465301838617288,0.0016075124042450107,-6.433067385400149,0.39614472596091943,0.0008556963914916186,-7.06359492757426,-0.005186889746523704
2023-05-29,1.0002043443959514,1.0012417842175023,0.9980432524122564,0.9991940307828864,95855755.14638571,4624320114.726359,-0.0003698744717632,-0.0003699428921975,Monday,1,0,0,0,0,0,0,0.3820633971086353,0.3235775977438557,0.002173575343915091,-6.1313818433489855,0.30168554205116394,0.000847438874996027,-7.073291845209216,-0.009696917634955504
2023-05-30,0.9992586920242604,1.0013935172251172,0.998750459568258,0.998750459568258,73701759.84094271,4626360905.297235,-0.0004439290077431,-0.0004440275733969,Tuesday,0,1,0,0,0,0,0,-0.2311180509882857,-0.2628178335991911,0.0018418466943014215,-6.296986572462043,-0.16560472911305713,0.0008480306976477478,-7.072593722771271,0.0006981224379449813
2023-05-31,1.0001427644607066,1.000838618921162,0.998906661100291,0.9991946307578796,88700881.5046739,4624771445.667718,0.0004447268938565,0.0004446280321613,Wednesday,0,0,1,0,0,0,0,0.2035110382180982,0.1852431499630324,0.0012325642559340888,-6.698658518774271,-0.401671946312228,0.0008467803371979332,-7.074069239098411,-0.0014755163271402694
2023-06-01,1.000711994599332,1.0029209353078383,0.9989072535644288,0.9998035802337584,95357938.4686327,4611340064.479902,0.0006094403003515,0.0006092546670295,Thursday,0,0,0,1,0,0,0,0.0750506291598469,0.0723677573634831,0.0027787630797285875,-5.885749385642123,0.8129091331321474,0.0008519033263623912,-7.068037504283601,0.006031734814810008
2023-06-02,1.0006051921002888,1.0020551078804054,0.9984637643869702,0.9992731158990652,122813610.50694115,4596961735.131022,-0.0005305685488434,-0.0005307093501413,Friday,0,0,0,0,1,0,0,0.2879222483122345,0.2530302596428392,0.0024000017252432696,-6.032285822777133,-0.1465364371350102,0.0008573930680697305,-7.061614088659613,0.006423415623988404
2023-06-03,0.9999409892000836,1.0006541451842008,0.9987516313717552,0.9997152653882746,81532493.89523067,4589880319.411792,0.0004424711144275,0.0004423732529501,Saturday,0,0,0,0,0,1,1,-0.3361281900378409,-0.4096662054295648,0.0013383450396608002,-6.616321473345218,-0.5840356505680848,0.0008542870692891162,-7.0652432739517845,-0.0036291852921719325
2023-06-04,0.9996329372073308,1.00067172887418,0.9987032346948626,0.9987032346948626,42032800.28694987,4588981331.464084,-0.0010123189356511,-0.0010128316765322,Sunday,0,0,0,0,0,0,1,-0.4844656617401883,-0.6625513661823487,0.0012665894854122781,-6.671427435343626,-0.05510596199840734,0.0008738037003576198,-7.042654806668059,0.022588467283725322
2023-06-05,1.0007610635344637,1.000764419752396,0.9985760673882376,0.9991601626988984,91201449.704712,4586770251.914804,0.0004575213017863,0.0004574166708282,Monday,1,0,0,0,0,0,0,1.1697685874387904,0.774620520132458,0.0011857145700345762,-6.73740967344673,-0.06598223810310433,0.0008645499308817827,-7.053301497560524,-0.010646690892464505
2023-06-06,1.0002823846053424,1.0058907366706,0.9980346416401792,1.0024124101856438,156563513.24655452,4590594101.286926,0.0032549811413222,0.0032496951576193,Tuesday,0,1,0,0,0,0,0,0.7166779009924613,0.5403909702535746,0.005384305213505567,-5.2242669992595525,1.5131426741871774,0.000980803647639274,-6.927138273744306,0.12616322381621803
2023-06-07,0.9995574299898846,1.0013759710836014,0.9970924236426024,0.9986149689832664,149754795.41695005,4569641220.172076,-0.0037883022634107,-0.003795496054347,Wednesday,0,0,1,0,0,0,0,-0.0434885350259238,-0.0444625037919864,0.002974010404137351,-5.817843932585347,-0.5935769333257941,0.0011702479626605803,-6.7505396187293565,0.1765986550149492
2023-06-08,1.0005748937804515,1.0013332396259282,0.9990093134326248,1.0000072055149207,114290798.52975504,4564093176.341826,0.00139416749688,0.0013931965477144,Thursday,0,0,0,1,0,0,0,-0.2368137647175537,-0.2702531945420884,0.001604673018939728,-6.4348352696725275,-0.6169913370871809,0.001193989672442495,-6.730454913594783,0.02008470513457361
2023-06-09,1.0002589170504554,1.0009951133660648,0.9950045531857032,1.0003041916617188,194369331.39659268,4546754849.717529,0.0002969840068753,0.0002969399158545,Friday,0,0,0,0,1,0,0,0.7006559924068567,0.5310140545168321,0.004244374863793772,-5.462160734187217,0.9726745354853108,0.001187888461627475,-6.735577949968353,-0.0051230363735701445
2023-06-10,0.9999334772380502,1.0020207544764923,0.9988780707040076,0.9988780707040076,177184040.32707646,4540521187.070186,-0.0014256872755298,-0.0014267045346108,Saturday,0,0,0,0,0,1,1,-0.0884156515126927,-0.0925711510347597,0.0021220284000564677,-6.155382855252918,-0.693222121065701,0.0012159687602947941,-6.712214186315214,0.023363763653138747
2023-06-11,0.9999490675565472,1.0015588611054835,0.9992898352573772,0.9993438950172472,129501278.570774,4543526539.236295,0.0004663475221868,0.0004662388159764,Sunday,0,0,0,0,0,0,1,-0.2691143156476254,-0.3134982140162764,0.0015590009157929294,-6.463710101483367,-0.3083272462304496,0.001210160094392098,-6.717002618710649,-0.004788432395434583
2023-06-12,1.0002887199904735,1.0006987653300587,0.9961323986075,0.99958120064079,97149421.99348453,4535308385.004413,0.0002374614231657,0.0002374332336644,Monday,1,0,0,0,0,0,0,-0.2498188198165842,-0.2874405280480916,0.0032039987019626573,-5.743355654906363,0.7203544465770042,0.0011905860900637568,-6.733309580444631,-0.016306961733982384
2023-06-13,1.0000787109502611,1.0006723282494558,0.9987600725645672,1.0006723282494558,126560175.9675127,4507556621.364271,0.0010915847636654,0.0010909894182245,Tuesday,0,1,0,0,0,0,0,0.3027373027088174,0.264467668230284,0.0013012991271899967,-6.644392184903376,-0.9010365299970129,0.0012058315531811611,-6.720585864411599,0.01272371603303224
2023-06-14,1.000145381415228,1.0027921353354157,0.9959728086563372,0.9996233421059314,139495835.3770537,4485270004.429423,-0.0010482813543565,-0.0010488311855409,Wednesday,0,0,1,0,0,0,0,0.1022095561313183,0.0973168524814167,0.004814066187281648,-5.336213190799767,1.308178994103609,0.0012105548694306425,-6.716676454707085,0.003909409704514033
2023-06-15,0.9980631909362262,1.0015520849698245,0.9980631909362262,1.0006929100773536,441005473.7444972,4421704225.738987,0.0010699709844399,0.0010693989734732,Thursday,0,0,0,1,0,0,0,2.161423941814969,1.1510225406010048,0.0018476545621752699,-6.293838248465176,-0.9576250576654086,0.0012253201972803778,-6.704553083605692,0.012123371101393055
2023-06-16,0.9999253040128644,1.004820164097285,0.9975680196463392,0.9995957179093344,301029801.0234798,4392032722.217926,-0.001096432438933,-0.0010970339607051,Friday,0,0,0,0,1,0,0,-0.3174012139407464,-0.3818480209182995,0.005117846968644473,-5.275021442308127,1.0188168061570488,0.0012341903848483162,-6.697340082702116,0.007213000903576017
2023-06-17,1.0000958732914789,1.0014352171258682,0.9991608137871644,1.0000498644392766,220184234.3091964,4404589534.892606,0.0004543302075081,0.0004542270307891,Saturday,0,0,0,0,0,1,1,-0.2685633330634185,-0.3127446419877901,0.0016075132932699627,-6.433066832356388,-1.1580453900482617,0.0012358728706015646,-6.69597778073698,0.0013623019651358703
2023-06-18,0.9990306498846088,1.001027880393088,0.9988170180318832,0.9993714350356993,72040219.04266524,4417389729.414179,-0.0006783955757623,-0.0006786257901644,Sunday,0,0,0,0,0,0,1,-0.6728184501098209,-1.1172400637096012,0.0015490007761870522,-6.470145216458407,-0.0370783841020188,0.0012173467176931855,-6.7110816101588116,-0.015103829421831527
2023-06-19,0.9995485591814166,1.0018144089556986,0.9990414475177206,1.0000783205292156,91134445.54755384,4428733512.617891,0.000707330096433,0.0007070800564007,Monday,1,0,0,0,0,0,0,0.2650495342550276,0.2351112789267039,0.001932076931421061,-6.249159724408471,0.22098549204993656,0.001220241546431247,-6.708706450956112,0.002375159202699706
2023-06-20,0.9999762334422952,1.004074334154869,0.9988235952973052,0.9988235952973052,122424127.64913234,4420610620.348313,-0.0012546269688622,-0.0012554146721959,Tuesday,0,1,0,0,0,0,0,0.3433354086216675,0.2951556321689418,0.003637511930543651,-5.616455366615361,0.6327043577931093,0.0012395248635781282,-6.693027147329079,0.015679303627032404
2023-06-21,1.000377252300354,1.0023665012324308,0.9990395633161264,1.0005801274998276,255945644.2071787,4433818164.335027,0.0017586010290431,0.0017570565007943,Wednesday,0,0,1,0,0,0,0,1.0906470735958125,0.737473622650406,0.002347469015335665,-6.0544175459740055,-0.4379621793586441,0.0012627345740101068,-6.674475612877539,0.01855153445154034
2023-06-22,0.9997297507597748,1.0007941994632548,0.997549677928215,0.999800441038799,208884469.13208583,4430029615.404264,-0.0007792344057211,-0.0007795381666615,Thursday,0,0,0,1,0,0,0,-0.1838717561334959,-0.2031837747655127,0.002295705941650721,-6.076714882920954,-0.022297336946948576,0.0012660153974187473,-6.671880793076018,0.0025948198015210977
2023-06-23,1.0005927028071615,1.0018370344233347,0.999448983727946,1.000373903786461,146188855.75989705,4446532069.387067,0.0005735772101342,0.0005734127775997,Friday,0,0,0,0,1,0,0,-0.3001449252435512,-0.3568820014358724,0.0016820395785087942,-6.387748187084681,-0.3110333041637272,0.0012437643319593303,-6.689612746374482,-0.017731953298463665
2023-06-24,1.0005504460803312,1.002847047337028,0.9990634578422612,1.000275296802333,141843146.73008958,4455232272.178133,-9.857012838376812e-05,-9.85749867381346e-05,Saturday,0,0,0,0,0,1,1,-0.0297266779141149,-0.0301774718296523,0.002667379846859681,-5.92665861915442,0.46108956793026135,0.0012071978068904582,-6.719453467203423,-0.029840720828941514
2023-06-25,1.0000544042881077,1.0026134439395196,0.9981086118041228,0.9999284821425968,92069288.95100673,4452457582.157412,-0.0003467192090466,-0.0003467793300487,Sunday,0,0,0,0,0,0,1,-0.3509077380650367,-0.4321804122355206,0.003183291167642264,-5.749839659012162,0.17681896014225806,0.0012067590909739477,-6.7198169500160025,-0.0003634828125793632
2023-06-26,0.9994622597792908,1.0022901817511638,0.9979470209067772,1.0007128346763177,121862922.46368337,4435696282.107204,0.0007844086329455,0.0007841011452806,Monday,1,0,0,0,0,0,0,0.3236001260803791,0.2803553923209661,0.0029707374938960757,-5.818945042549334,-0.06910538353717222,0.0012129126387333212,-6.714730672443757,0.005086277572245557
2023-06-27,1.0002213864926417,1.0015882214929372,0.9993525965901832,1.0013100409146438,154211993.06828576,4422690393.361821,0.0005967808322546,0.0005966028293894,Tuesday,0,1,0,0,0,0,0,0.2654545775745927,0.2354314074901239,0.0014281240546365037,-6.551393545843234,-0.7324485032938997,0.0012168917198790848,-6.711455441918574,0.0032752305251833036
2023-06-28,1.0007154785179684,1.001624370940324,0.9975768390154202,0.99980041373922,140321668.58575398,4407192724.85014,-0.0015076520895015,-0.0015087897405114,Wednesday,0,0,1,0,0,0,0,-0.0900729197915306,-0.0943908143209973,0.0028061597299156075,-5.875938374504464,0.6754551713387693,0.0012458511478087757,-6.687936329791173,0.023519112127400987
2023-06-29,0.99945270231353,1.0008644445227706,0.9988892890190514,1.0003908330017288,137673468.11130047,4388814014.699868,0.0005905371256056,0.0005903628271737,Thursday,0,0,0,1,0,0,0,-0.0188723559315083,-0.0190527116033933,0.0012692811434675524,-6.669304567532101,-0.7933661930276363,0.0012478744629257266,-6.686313604698861,0.0016227250923117609
2023-06-30,0.9997935456179108,1.0028647257723793,0.994834404222478,0.9995561654697882,144276635.74539116,4362280180.519002,-0.0008343414437697,-0.0008346897003154,Friday,0,0,0,0,1,0,0,0.0479625284717346,0.0468478299845529,0.005682949400559549,-5.170284920356351,1.49901964717575,0.0012545215962734438,-6.681000977261379,0.00531262743748151
2023-07-01,0.9991457209576122,1.0009057863625603,0.9991457209576122,1.0003056124338636,139154537.4372098,4342629588.779269,0.0007497797422151,0.0007494987978063,Saturday,0,0,0,0,0,1,1,-0.0355019250464119,-0.0361474425392387,0.001014322593265016,-6.893534285094115,-1.7232493647377645,0.0012570506521763546,-6.6789870541028735,0.0020139231585059036
2023-07-02,0.999756368324576,1.0000805143540084,0.9986584292985594,0.9998100117681108,86900307.84015654,4342244244.135075,-0.0004954492503015,-0.0004955720258357,Sunday,0,0,0,0,0,0,1,-0.37551222230631,-0.4708235209551997,0.0010056478232710882,-6.902123344866876,-0.008589059772760699,0.0012565724476072924,-6.679367544379934,-0.0003804902770605523
2023-07-03,1.000021222928187,1.0009558325835255,0.9987809121536444,1.0009558325835255,116574770.68521155,4334681036.800807,0.0011460385492523,0.0011453823483806,Monday,1,0,0,0,0,0,0,0.3414770739320958,0.2937713008620671,0.0014243128808695015,-6.554065770415465,0.3480575744514107,0.001271291156156208,-6.66772223656806,0.01164530781187434
2023-07-04,0.9993589092086326,1.0005587316641924,0.9986262907443336,0.9999566313473458,170816879.8076108,4333550770.593222,-0.0009982470790951,-0.0009987456595425,Tuesday,0,1,0,0,0,0,0,0.4652988704465906,0.3820592287931842,0.001315515549501109,-6.633526637332493,-0.07946086691702803,0.0012709196276594048,-6.66801452429008,-0.0002922877220203901
2023-07-05,0.999439102799906,1.0013955062576982,0.9988458844154728,1.000088328373307,97449300.49704006,4325501304.453206,0.0001317027377316,0.0001316940656875,Wednesday,0,0,1,0,0,0,0,-0.4295101244865487,-0.5612598565273123,0.0017568742595702506,-6.344219037750595,0.2893075995818979,0.0012684007557456406,-6.669998419474305,-0.0019838951842245933
2023-07-06,1.0005490828238155,1.004487204852808,0.9985295648699554,0.9994700151644794,90426034.75775497,4315497875.022752,-0.0006182585990512,-0.0006184497997106,Thursday,0,0,0,1,0,0,0,-0.0720709712995674,-0.0748000268140037,0.0041525458300986145,-5.484033679789116,0.8601853579614795,0.001126753091151608,-6.788415152974508,-0.11841673350020354
2023-07-07,0.9995726861476378,1.0026959538715383,0.998267738134694,0.9996379803751376,107986832.61634398,4307897376.935779,0.0001680542768764,0.0001680401573383,Friday,0,0,0,0,1,0,0,0.1942006846328401,0.1774770784288992,0.0031294551194966263,-5.766896372812234,-0.2828626930231186,0.0008889998696757638,-7.025413469046821,-0.23699831607231303
2023-07-08,0.9997250758753772,1.0012065855203776,0.9993796628023184,0.9998753397187498,63940955.79574669,4301959006.467297,0.0002374453034719,0.0002374171177974,Saturday,0,0,0,0,0,1,1,-0.4078819218365598,-0.5240492076297435,0.0012880685573859088,-6.654611424932432,-0.887715052120198,0.0008529359748493368,-7.066826072082922,-0.04141260303610039
2023-07-09,1.000174868271794,1.0009435548413654,0.998809471858558,0.9990689087520274,72445649.76754591,4296649223.509815,-0.0008065315091672,-0.0008068569306917,Sunday,0,0,0,0,0,0,1,0.1330085524365112,0.1248765305050329,0.0013434534335908324,-6.612511791029825,0.04209963390260718,0.0008638641503682393,-7.054095034892774,0.012731037190147454
2023-07-10,1.0008165277886591,1.0047096752581464,0.9974734602668356,0.9974734602668356,72345947.7690988,4291857761.565827,-0.0015969353777455,-0.0015982118381767,Monday,1,0,0,0,0,0,0,-0.0013762316821923,-0.0013771795587789,0.004669036558770159,-5.366802532916869,1.2457092581129565,0.0008738160248655002,-7.0426407023320845,0.011454332560689728
2023-07-11,0.9995345854544552,1.0012741960980036,0.9990319793331964,1.0002295960969758,92550831.59047124,4290640487.910328,0.0027631169549142,0.002759306564683,Tuesday,0,1,0,0,0,0,0,0.279281486308796,0.2462985815006522,0.0015252413134128585,-6.485602643137608,-1.1188001102207394,0.001005037767843112,-6.902730158233811,0.13991054409827353
2023-07-12,0.9997423457956276,1.002198145469115,0.9978992874163888,1.0002599321370889,85301757.054953,4291147421.114583,3.032907667543938e-05,3.032861675829261e-05,Wednesday,0,0,1,0,0,0,0,-0.0783253311822709,-0.0815629714699516,0.0030225373733978535,-5.801658610490448,0.68394403264716,0.0010041177342702081,-6.903645999378256,-0.0009158411444447623
2023-07-13,1.0003965378033333,1.0013973004525394,0.9983169663801734,1.000425059357224,86831743.78789128,4279258930.2609286,0.0001650843094176,0.0001650706845025,Thursday,0,0,0,1,0,0,0,0.0179361690281789,0.0177772138325745,0.0021783659920576685,-6.129180228158062,-0.3275216176676139,0.0009846245163933033,-6.923250191099161,-0.019604191720905106
2023-07-14,1.000453738791514,1.001084948763756,0.9990748032005162,0.9993577126135744,181255661.50336352,4283829716.622688,-0.00106689325069,-0.0010674627864195,Friday,0,0,0,0,1,0,0,1.0874354653768878,0.7359362624754867,0.0012473525979248398,-6.6867318952958845,-0.5575516671378224,0.000985291718107041,-6.922572800124291,0.0006773909748698514
2023-07-15,0.9998611602528578,1.000646742843752,0.9989666257940784,1.0003875338273525,97317872.75201564,4281541645.518811,0.0010304830800622,0.0010299524968465,Saturday,0,0,0,0,0,1,1,-0.4630905763447851,-0.6219258697329503,0.0011423394962998385,-6.7746769297038965,-0.08794503440801194,0.0009838899171893257,-6.923996539945322,-0.001423739821031056
2023-07-16,1.0004843482281465,1.001023217463507,0.9990636130755022,1.0003724957946123,49058119.13187008,4280967163.281817,-1.5032207251408636e-05,-1.5032320236168335e-05,Sunday,0,0,0,0,0,0,1,-0.4958981557593284,-0.6849769594184516,0.0013838462428559203,-6.582888524160669,0.1917884055432273,0.0009632916404031181,-6.9451543463208605,-0.021157806375538435
2023-07-17,1.000318307136348,1.0016028893843645,0.9992987258925357,1.0016028893843645,81156813.71177605,4273418440.285248,0.0012299354439717,0.0012291796929933,Monday,1,0,0,0,0,0,0,0.6542993320559938,0.5033775548684316,0.001419849895510741,-6.557204120343189,0.02568440381747994,0.0009856044516992862,-6.922255448454872,0.02289889786598831
2023-07-18,1.000366724691911,1.000928257509562,0.9985676779515464,0.9994049145368036,103850970.61529449,4266145332.1447377,-0.0021944573751299,-0.0021968687250979,Tuesday,0,1,0,0,0,0,0,0.2796334141963172,0.2465736417534731,0.001558890973096938,-6.463780625221813,0.09342349512137638,0.0010568535579495793,-6.852459126678487,0.06979632177638528
2023-07-19,1.0003703073480483,1.0010061307679263,0.9994414543325664,1.000067172466148,71251180.18949096,4261419558.7195015,0.000662652264074,0.0006624328070062,Wednesday,0,0,1,0,0,0,0,-0.3139093475261409,-0.3767455135234752,0.0010899897280743731,-6.821587006570468,-0.35780638134865494,0.001055888856306367,-6.853372348947087,-0.0009132222685996894
2023-07-20,1.0006309201983743,1.001375489014737,0.9986466301379412,1.0006854211070668,111013715.14809915,4256953213.8575416,0.0006182071144222,0.0006180161031231,Thursday,0,0,0,1,0,0,0,0.5580614223211546,0.4434423704976162,0.0019292775149739418,-6.25060969072285,0.5709773158476175,0.0010368689439961985,-6.871549737667172,-0.01817738872008512
2023-07-21,0.9993975244673728,1.0017826249772497,0.9993196010485804,1.0000921151022832,111392910.02537148,4254099701.2511873,-0.0005928996188704,-0.0005930754533543,Friday,0,0,0,0,1,0,0,0.0034157480160577,0.003409927599089,0.0016862504799182874,-6.385247865835507,-0.13463817511265663,0.000991924176489004,-6.915863888591628,-0.04431415092445601
2023-07-22,1.000241156274954,1.000649534047937,0.9990041625465396,1.0001945617498056,57905093.534816064,4230922585.5671854,0.0001024372115081,0.0001024319651752,Saturday,0,0,0,0,0,1,1,-0.4801725395123687,-0.6542583292212603,0.001163294841080028,-6.756498919880151,-0.3712510540446443,0.0009818387462869407,-6.926083472577429,-0.01021958398580125
2023-07-23,0.999895123007996,1.0017598831049546,0.9996162980903396,0.9997586822711552,57605326.922564514,4232557874.9177976,-0.000435794689673,-0.000435889675776,Sunday,0,0,0,0,0,0,1,-0.0051768608589037,-0.0051903072298163,0.0015123253125571277,-6.494106870559433,0.26239204932071836,0.000979479748084714,-6.928488996561966,-0.0024055239845370835
2023-07-24,0.9998409091233932,1.0011936548478313,0.9981695237365285,0.9997183160089091,63456356.49440736,4218121923.721479,-4.037600569195554e-05,-4.037682082481464e-05,Monday,1,0,0,0,0,0,0,0.1015709810953429,0.096737325579295,0.0021377082675601102,-6.14802092678401,0.3460859437754227,0.0009793421357709529,-6.928629501745334,-0.00014050518336805595
2023-07-25,1.0002266458318576,1.0006115421088937,0.9987531564271552,0.9993127391947446,77830070.30496363,4197521916.294094,-0.0004056910908502,-0.0004057734057444,Tuesday,0,1,0,0,0,0,0,0.226513380291903,0.2041754939858065,0.001185371535362019,-6.7376990215848425,-0.5896780948008322,0.0009800973883574483,-6.927858615362164,0.0007708863831696888
2023-07-26,0.9995079768069948,1.0014776374869396,0.9988780506300852,0.9989104133733356,84947691.63391608,4187959499.350016,-0.0004026025143372,-0.0004026835804885,Wednesday,0,0,1,0,0,0,0,0.0914507888925615,0.087507810231103,0.0017998808224742888,-6.320034826008485,0.41766419557635714,0.0009723693773444572,-6.935774807848236,-0.007916192486071338
2023-07-27,1.0006374892315688,1.0011994883503352,0.9985753894495052,0.9997447183088788,96009666.2926869,4179325612.5593047,0.0008352149746098,0.0008348663766722,Thursday,0,0,0,1,0,0,0,0.1302210153801781,0.1224132024312633,0.0017708620120660363,-6.336288838481794,-0.0162540124733086,0.0009781978857535208,-6.9297985712255725,0.005976236622663222
2023-07-28,0.9998234730044347,1.0011785219221268,0.9989610404368602,0.9998239130890813,65743059.63880425,4162816384.267715,7.921500234231438e-05,7.92118649996983e-05,Friday,0,0,0,0,1,0,0,-0.315245410411223,-0.3786947682856146,0.0015678874049130024,-6.4580261677234425,-0.1217373292416486,0.0009387218464356026,-6.970991345817035,-0.041192774591462644
2023-07-29,0.9995583093392284,1.0007113484004408,0.9992818661656838,0.99964514413146,60890273.5749196,4154122880.7386894,-0.0001788004420387,-0.0001788164287434,Saturday,0,0,0,0,0,1,1,-0.073814423766495,-0.0766806581149362,0.0010093571820017073,-6.898441604215108,-0.4404154364916657,0.0009330846370461085,-6.977014646283685,-0.0060233004666496726
2023-07-30,0.9996096311632312,1.0010646805729746,0.9957818015406872,1.0006527645279313,52607752.6343025,4150502108.9477663,0.0010079780834095,0.0010074704146186,Sunday,0,0,0,0,0,0,1,-0.1360237104276803,-0.1462099531792672,0.003684881722526582,-5.603516850863669,1.294924753351439,0.0009387526819715474,-6.97095849792964,0.006056148354044666
2023-07-31,0.999683812954049,1.0018829309590078,0.9993528893994288,1.0000674510928582,119959141.04929656,4153993776.463572,-0.0005849316124652,-0.0005851027517005,Monday,1,0,0,0,0,0,0,1.280255951687966,0.8242876961779877,0.0017719307666349163,-6.335685498310319,-0.7321686474466498,0.0009348492698361879,-6.975125250402461,-0.004166752472820612
2023-08-01,1.0006953308027795,1.001385570864503,0.9984058913405806,0.9996921198792964,147208465.6465594,4141966211.664216,-0.0003753058987687,-0.0003753763436537,Tuesday,0,1,0,0,0,0,0,0.2271550492851968,0.2046985222810617,0.0020128459842305713,-6.208205645817601,0.12747985249271832,0.0009329810731553191,-6.977125643329855,-0.002000392927394401
2023-08-02,1.0011128349777003,1.0011128349777003,0.9940479780822616,0.9998161639418972,172443297.28319126,4093698902.5511255,0.0001240822650634,0.0001240745674959,Wednesday,0,0,1,0,0,0,0,0.1714224214334216,0.1582187552052533,0.004942532002815162,-5.309877527914636,0.898328117902965,0.000909525595393902,-7.002587418132812,-0.02546177480295686
2023-08-03,0.9991043471948556,1.0005852252340373,0.9983179428091864,0.9987594168037844,112966174.5638612,4063081873.899345,-0.0010569414420611,-0.001057500398558,Thursday,0,0,0,1,0,0,0,-0.3449082896023209,-0.4229800372738735,0.0015896697835511343,-6.444228967620334,-1.1343514397056982,0.0009117367759902765,-7.000159232367204,0.002428185765608326
2023-08-04,1.0001191246675198,1.002279267002154,0.9995781531082716,1.0003604247783524,165090390.4053542,4050478538.69273,0.0016029966252448,0.001601713197525,Friday,0,0,0,0,1,0,0,0.4614143662271799,0.379404710781828,0.001902305076216161,-6.264688930131267,0.17954003748906722,0.0009571844179847262,-6.951514480808141,0.04864475155906245
2023-08-05,1.0005402594185786,1.0006261113652253,0.998698597413668,1.0004200740282074,203198177.67968217,4029471108.991271,5.962775853340929e-05,5.96259808692805e-05,Saturday,0,0,0,0,0,1,1,0.2308298331644871,0.2076886030121685,0.0013613731219714088,-6.599261440078027,-0.33457250994676,0.0009505636118257299,-6.958455473682053,-0.006940992873912144
2023-08-06,1.0003301032660623,1.001147721124718,0.998100830802568,0.998100830802568,93084332.51401442,4045063181.0701714,-0.0023182693808821,-0.0023209607276591,Sunday,0,0,0,0,0,0,1,-0.541903704172235,-0.7806758640689451,0.0016500000571959144,-6.406979956405458,0.19228148367256903,0.0010402845221167921,-6.868261024286301,0.09019444939575205
2023-08-07,0.9998699958918646,1.0009703611468843,0.9981763068944812,0.9998112905208456,174105710.94270062,4031757884.553087,0.0017137143517877,0.0017122476188165,Monday,1,0,0,0,0,0,0,0.8704083301718679,0.626156765410452,0.0019762024072701545,-6.2265782520733195,0.1804017043321382,0.0010853752289568255,-6.825829518636279,0.04243150565002196
2023-08-08,0.9996348022886812,1.0009620889240154,0.9986430038675712,0.999284431343576,182095535.4648824,4020752548.506477,-0.0005269586193561,-0.0005270975108449,Tuesday,0,1,0,0,0,0,0,0.0458906515985066,0.0448688205973107,0.0016256290168364933,-6.421860450815395,-0.19528219874207586,0.0010796294936740428,-6.83113735811796,-0.005307839481680787
2023-08-09,1.0000691356155786,1.0010495010294798,0.9982021112410374,0.9998144685143476,174751801.79472178,4068375825.363061,0.0005304167203514,0.0005302760991259,Wednesday,0,0,1,0,0,0,0,-0.0403290154885586,-0.0411647777309561,0.002007934050818908,-6.21064892090968,0.21121152990571535,0.0010439493437573513,-6.864744312004106,-0.033606953886145874
2023-08-10,1.0001285970884923,1.0010842369211777,0.9991081877074532,1.0000245314535705,113701004.29174952,4023225696.6799865,0.0002101019197442,0.0002100798514269,Thursday,0,0,0,1,0,0,0,-0.3493571847384308,-0.4297944582216768,0.001395646119252162,-6.574397803015265,-0.3637488821055852,0.000915155137959588,-6.996416957378066,-0.13167264537395962
2023-08-11,0.9997384303386552,1.0004234485424128,0.9991639499538484,1.000223738223323,87515822.60980943,3982925305.55426,0.0001992018830407,0.0001991820449801,Friday,0,0,0,0,1,0,0,-0.2302985962617408,-0.2617526266962773,0.0008381592816992804,-7.084302401917068,-0.5099045989018025,0.0009158606418384652,-6.995646342595196,0.0007706147828701049
2023-08-12,0.9997245039253416,1.0002858147454177,0.999263910071568,0.9994677403766932,75916487.15628847,3982253797.968086,-0.0007558287388507,-0.0007561145214028,Saturday,0,0,0,0,0,1,1,-0.1325398665934588,-0.1421857239444496,0.0007049055588873952,-7.257446723150289,-0.1731443212332211,0.0009257156204194502,-6.984943475863172,0.010702866732023253
2023-08-13,0.9997296780812844,1.0004121074084922,0.998812559317081,1.0004121074084922,54289115.43714631,4001442423.6426,0.0009448699479215,0.0009444238392999,Sunday,0,0,0,0,0,0,1,-0.2848837259107909,-0.3353101284057188,0.0010489968846747499,-6.859920919377201,0.397525803773088,0.000921248100577047,-6.989781176251676,-0.0048377003885038405
2023-08-14,1.0001504624704196,1.0014625034340785,0.9988015659363908,1.0002074674628834,74804673.70653795,3974757937.019582,-0.0002045556467114,-0.0002045765710712,Monday,1,0,0,0,0,0,0,0.3778945025019553,0.3205566112441435,0.0018809861296141747,-6.275959102632922,0.5839618167442788,0.000902625638755725,-7.010202665528617,-0.02042148927694054
2023-08-15,0.9998489734127444,1.0002923681269655,0.9993371733840986,0.9997738095668914,85519395.16857108,3941546232.8753233,-0.0004335679447504,-0.0004336619625081,Tuesday,0,1,0,0,0,0,0,0.1432359895595223,0.133862828558147,0.0006739320320776546,-7.302381294751681,-1.0264221921187593,0.0009060873401471866,-7.0063748546392,0.0038278108894163054
2023-08-16,0.9997310066055088,1.000522803551577,0.9983847099744652,1.0000992172104024,70722123.96012528,3925406982.327776,0.000325481264259,0.0003254283067231,Wednesday,0,0,1,0,0,0,0,-0.1730282490805534,-0.1899847430431344,0.001495272774161725,-6.505446631149596,0.7969346636020855,0.0008798645521593966,-7.035742580339298,-0.029367725700097935
2023-08-17,1.000652333391412,1.0012841162740431,0.9967850391005064,0.9967850391005064,85751497.102496,3914916827.734617,-0.0033138493190109,-0.0033193522783474,Thursday,0,0,0,1,0,0,0,0.2125130341227394,0.1926950935636727,0.0020852335098975145,-6.172874434847678,0.3325721963019177,0.000990230886491571,-6.917572423348532,0.11817015699076627
2023-08-18,1.0010620729013482,1.0016316477426228,0.9988812931261132,0.9997808340518388,246482590.1097416,3939951279.817446,0.0030054573792919,0.0030009500211195,Friday,0,0,0,0,1,0,0,1.8743823541078115,1.0558378178155183,0.0017738924214215192,-6.33457903874779,-0.16170460390011154,0.0011252199794161064,-6.789776725181911,0.12779569816662129
2023-08-19,1.0001984747433124,1.000522134352747,0.9986298564171529,0.9994427343847628,92216822.54169369,3928024381.89842,-0.0003381737832538,-0.0003382309769023,Saturday,0,0,0,0,0,1,1,-0.625868818967555,-0.9831487916428556,0.0012534629861475554,-6.681845169204327,-0.3472661304565374,0.001121250140874496,-6.7933110189507,-0.0035342937687889986
2023-08-20,1.000121050934677,1.000390711680753,0.998840220252064,1.000058835704644,56532601.46582287,3943149302.018522,0.000616444843396,0.0006162549193213,Sunday,0,0,0,0,0,0,1,-0.386959993766181,-0.4893250821512897,0.0010961032368657737,-6.815993900671714,-0.13414873146738682,0.0011216667357783327,-6.792939542938402,0.00037147601229747806
2023-08-21,1.0005625312159336,1.0009954441644824,0.99889963341391,1.000192844076232,81557341.19193181,3961879695.62268,0.0001340004875747,0.0001339915103113,Monday,1,0,0,0,0,0,0,0.4426603247904275,0.3664888569263166,0.0014641342023944414,-6.526491199342085,0.28950270132962874,0.0011217775983068785,-6.792840710507437,9.883243096542316e-05
2023-08-22,0.9998063574324748,1.001198600251952,0.9977741324507924,1.0005206115440484,108814445.23639244,3958973879.842704,0.0003277042719886,0.0003276505886716,Tuesday,0,1,0,0,0,0,0,0.3342078548185565,0.2883377485631287,0.0023817057423514685,-6.03993834953745,0.4865528498046352,0.0011205490395442047,-6.79393649991195,-0.0010957894045127148
2023-08-23,1.000030508284456,1.0028746719742323,0.9968121922703772,0.9990993842439554,130903158.91588804,3956077233.054584,-0.0014204877777577,-0.0014214976269533,Wednesday,0,0,1,0,0,0,0,0.2029943141419254,0.1848137105823079,0.004248234074548907,-5.461251894265635,0.5786864552718152,0.0011501873719308685,-6.767830417765175,0.026106082146774234
2023-08-24,0.9997565300953886,1.0004679380956747,0.99863513140076,1.000356135080234,100847504.49443308,3937206640.1638737,0.0012578837061636,0.001257093233267,Thursday,0,0,0,1,0,0,0,-0.2296022087653916,-0.2608482855394439,0.00124186607171465,-6.691140134043151,-1.229888239777516,0.0011705206969093343,-6.750306589079995,0.017523828685180654
2023-08-25,0.9989314092623904,1.0010397664322006,0.9989314092623904,1.0005814883119462,69243751.70431383,3923281061.871986,0.0002252730040928,0.0002252476339396,Friday,0,0,0,0,1,0,0,-0.3133816047164937,-0.3759766064684654,0.0010818274014730638,-6.82910362932928,-0.1379634952861295,0.0011689331815433785,-6.751663756771351,-0.001357167691356409
2023-08-26,0.9999896383289042,1.000302847313772,0.9996838676907596,0.99973240252542,55136563.5963539,3916682188.421448,-0.0008485923399988,-0.0008489525983013,Saturday,0,0,0,0,0,1,1,-0.2037322900729115,-0.227819830676433,0.00040743360144732945,-7.805632579793269,-0.9765289504639885,0.0011692713134634823,-6.751374533204137,0.0002892235672140586
2023-08-27,0.9999362356656872,1.0002059694797438,0.998830861310767,0.9993407662819442,48013939.423693866,3896212507.108042,-0.0003917410723973,-0.0003918178229761,Sunday,0,0,0,0,0,0,1,-0.1291815033088323,-0.1383217088147557,0.0008996110399046358,-7.013548065939479,0.7920845138537898,0.0011713682714601119,-6.749582750674987,0.001791782529149799
2023-08-28,0.9997006852023428,1.0004509952518208,0.9986605623647348,0.9999910121820365,52740437.98159874,3888194981.510301,0.0006506748468908,0.0006504632497949,Monday,1,0,0,0,0,0,0,0.098440132483119,0.0938911120247671,0.0012536666574840263,-6.681682695486674,0.33186537045280495,0.0011769202174269464,-6.7448542376854705,0.004728512989516709
2023-08-29,1.0001622693128691,1.0012852406974235,0.9984144557579918,0.9995530030408024,80712442.16364385,3886293130.717549,-0.0004380130780158,-0.000438109033765,Tuesday,0,1,0,0,0,0,0,0.5303711014270418,0.4255102559461749,0.0019946205386353645,-6.217301452929616,0.46438124255705837,0.0011652064028143032,-6.754857037859503,-0.010002800174032878
2023-08-30,1.001010654547188,1.001010654547188,0.9990527476089228,0.9995262678052108,126957837.49640448,3899758042.770108,-2.674719150486116e-05,-2.6747549217366406e-05,Wednesday,0,0,1,0,0,0,0,0.572964887358983,0.4529623017411652,0.0010324114820978285,-6.875857968428631,-0.6585565154990158,0.001160309571280083,-6.759068437674632,-0.004211399815128303
2023-08-31,1.0001054808396563,1.0001419708778638,0.9980461099736804,0.9996820613020452,81764383.9562269,3899315248.573861,0.0001558673362096,0.0001558551901584,Thursday,0,0,0,1,0,0,0,-0.3559721434405929,-0.4400132982862471,0.0014598054266777452,-6.529452121541852,0.3464058468867792,0.0011586332821770307,-6.760514173512863,-0.0014457358382315988
2023-09-01,0.999243052765852,1.001078598638402,0.9984046530620232,0.999356132672464,101246348.28723,3888067879.1299553,-0.0003260322878622,-0.0003260854479434,Friday,0,0,0,0,1,0,0,0.2382695666298042,0.2137148942025124,0.0018899466465735432,-6.271206679635209,0.25824544190664334,0.0011599406550640242,-6.759386434600117,0.0011277389127464232
2023-09-02,1.0005525065722676,1.000825970719546,0.9991003801445018,0.9999496214531598,101924937.29071796,3869799752.130304,0.0005938711549291,0.0005936948832398,Saturday,0,0,0,0,0,1,1,0.0067023553438474,0.0066799944185749,0.0011612948324170322,-6.758219661548492,-0.4870129819132831,0.0011488840414295594,-6.768964206505578,-0.009577771905461496
2023-09-03,1.00003049556166,1.000853062177387,0.9990509719155996,0.9993470372404744,47766049.97226689,3876513076.8059335,-0.0006026145715318,-0.0006027962166711,Sunday,0,0,0,0,0,0,1,-0.5313605164551147,-0.7579214979328418,0.0012014012600729525,-6.724266686711613,0.03395297483687898,0.001116481293040069,-6.797573241826606,-0.02860903532102732
2023-09-04,1.00016409791777,1.0005723466277976,0.9986951488972742,0.9998401428425084,47647135.77231246,3874556676.102041,0.0004934277920067,0.0004933060965441,Monday,1,0,0,0,0,0,0,-0.002489512949542,-0.0024926169395907,0.0013125120229136227,-6.63581240322531,0.08845428348630335,0.0011200552066534591,-6.794377303235053,0.0031959385915527605
2023-09-05,1.0001147557520025,1.0010881315306008,0.9981158715723228,1.0004794959910313,65667482.15390147,3856282210.607544,0.0006394553700406,0.0006392510055721,Tuesday,0,1,0,0,0,0,0,0.3782041898111439,0.3207813399966774,0.002090293992903186,-6.170450556437162,0.46536184678814774,0.0010433518602295645,-6.865316805847318,-0.07093950261226478
2023-09-06,1.000107890329177,1.000195925952403,0.9990952162321088,1.0000417007571822,61191604.69775306,3852664194.624487,-0.0004375854133975,-0.0004376811818334,Wednesday,0,0,1,0,0,0,0,-0.0681597239507147,-0.0705938566128921,0.0007775079306402474,-7.159416713782524,-0.9889661573453621,0.0009986201486071183,-6.9091360832466,-0.043819277399282264
2023-09-07,0.9997932527374042,1.001014750553764,0.9990665282060408,0.9990665282060408,83127466.2852173,3847825552.8930655,-0.0009751318874033,-0.000975607637807,Thursday,0,0,0,1,0,0,0,0.3584782862912847,0.3063651661652748,0.001301301733972134,-6.644390181690224,0.5150265320922998,0.0010098059964358096,-6.897997049316043,0.01113903393055704
2023-09-08,0.9992824560639862,1.0004685588185005,0.9987606667691574,0.9994101383694324,68602725.06377143,3836070813.6842513,0.0003439312134783,0.000343872082696,Friday,0,0,0,0,1,0,0,-0.1747285448543598,-0.1920429102279371,0.0012055153297442366,-6.72084814392101,-0.07645796223078616,0.0010071130320721215,-6.900667425197174,-0.0026703758811308376
2023-09-09,1.0004361085761777,1.0004361085761777,0.9987486189068192,0.9990419645879296,57845750.13076257,3832466723.875905,-0.0003683910812666,-0.0003684589539306,Saturday,0,0,0,0,0,1,1,-0.1568009860105328,-0.170552270563053,0.0008208315381009362,-7.105192660673685,-0.3843445167526749,0.0010086282473049085,-6.899164042264379,0.0015033829327943948
2023-09-10,0.9990863062478392,1.001332360231197,0.9988255761445076,0.9988255761445076,43090459.02259273,3829100760.668072,-0.0002165959500122,-0.0002166194103026,Sunday,0,0,0,0,0,0,1,-0.25507995098715,-0.2944783831227083,0.0017649858525714977,-6.339612604169229,0.7655800565044562,0.0010087480478249353,-6.899045273623688,0.00011876864069115811
2023-09-11,0.9999878643025144,1.0004287695811256,0.9980631175448392,0.9992957629694867,68159405.71989088,3828861109.1239634,0.0004707396728806,0.0004706289097199,Monday,1,0,0,0,0,0,0,0.5817748816310884,0.4585475593659509,0.0016177802147830575,-6.426700307160325,-0.08708770299109592,0.001002945015457087,-6.904814591587679,-0.00576931796399105
2023-09-12,1.0002668009922848,1.0017857002958743,0.9981228055601732,0.9985665412158012,113296380.2293868,3829507136.311043,-0.0007297356605601,-0.0007300020472297,Tuesday,0,1,0,0,0,0,0,0.6622266440378259,0.5081580553897576,0.0023645277124353103,-6.047176975739547,0.37952333142077777,0.000996960843791906,-6.910799062803865,-0.005984471216185838
2023-09-13,0.998807984013378,1.001666548934042,0.9971784284933848,0.999267922620494,81532922.25316808,3833602488.506463,0.0007023882492986,0.000702141690119,Wednesday,0,0,1,0,0,0,0,-0.2803572180497601,-0.3290003262685364,0.0031625012138308856,-5.756392041108529,0.2907849346310183,0.001004474640482941,-6.9032906199384305,0.007508442865434617
2023-09-14,0.9983909887235796,1.0002026617363131,0.997088998492422,0.9986407783171468,101152690.138492,3839166176.8112974,-0.0006276037578616,-0.0006278007835404,Thursday,0,0,0,1,0,0,0,0.2406361423475358,0.2156242660903956,0.0021991903171939965,-6.119666023999433,-0.3632739828909042,0.0010078880597117843,-6.899898167372906,0.003392452565524451
2023-09-15,0.9983831805364424,1.0001480883320153,0.9983831805364424,0.9999617250254534,80284528.49500363,3839949396.480979,0.0013227446114634,0.0013218705554934,Friday,0,0,0,0,1,0,0,-0.2063035754651406,-0.231054227702233,0.0007717355207840637,-7.16686865629469,-1.0472026322952566,0.0010346752857773194,-6.873667635037954,0.026230532334952095
2023-09-16,0.9996506462611048,1.000535773469501,0.9990021962508376,0.999986005629241,63665223.167266674,3837319907.998048,2.4281533162584523e-05,2.4281238370930145e-05,Saturday,0,0,0,0,0,1,1,-0.2070050810446153,-0.2319384647380753,0.0010644307265226442,-6.845315151819069,0.32155350447562103,0.0008386313938141134,-7.083739287946788,-0.21007165290883378
2023-09-17,0.9997636560898564,1.0001071377733577,0.9990609786494328,0.9995307512896032,44332754.86213374,3848470962.912878,-0.0004552607107249,-0.0004553643733458,Sunday,0,0,0,0,0,0,1,-0.3036582194071798,-0.3619146751100762,0.0007257484917905388,-7.2283070332008075,-0.3829918813817388,0.0006403315319419454,-7.353524497076615,-0.26978520912982695
2023-09-18,0.9999658924533662,1.0009536647290465,0.9984374596177268,0.9993005858055074,64386154.04350306,3869445281.055621,-0.0002302735396573,-0.0002303000566797,Monday,1,0,0,0,0,0,0,0.4523382145714043,0.3731748194241852,0.0017310296585059455,-6.359038869193687,0.8692681640071207,0.00063873239170365,-7.356024983630793,-0.0025004865541786714
2023-09-19,0.9994495813298516,1.0001467671773516,0.9980222023395235,0.9988985593016678,79577261.64448334,3869137095.859104,-0.000402307883684,-0.0004023888312119,Tuesday,0,1,0,0,0,0,0,0.2359374903914322,0.211829783639621,0.0014640850279133346,-6.5265247859537725,-0.16748591676008573,0.0006330223453728504,-7.365004835696156,-0.008979852065362337
2023-09-20,0.9993739816326296,1.0016054850976726,0.9984902246387172,0.998954993590912,95067882.00709964,3845364182.321776,5.649651680705858e-05,5.649492093895997e-05,Wednesday,0,0,1,0,0,0,0,0.1946613899812443,0.1778627895664419,0.002187244728631717,-6.125112642024596,0.4014121439291767,0.000632633560167251,-7.365619197334459,-0.0006143616383029737
2023-09-21,0.999526832263189,1.0006088534609958,0.9974104954315056,0.999558540179846,81804358.28600103,3829900907.675654,0.0006041779587731,0.0006039955167514,Thursday,0,0,0,1,0,0,0,-0.1395163481196319,-0.1502606619068683,0.0022637386471537515,-6.09073756384107,0.03437507818352614,0.0006393802290628967,-7.355011242894333,0.010607954440125411
2023-09-22,0.9990495289861392,1.001369602067931,0.9981912181734264,1.0004116288843865,75379321.57869995,3829606128.415704,0.0008534654752556,0.0008531014806867,Friday,0,0,0,0,1,0,0,-0.0785414963447073,-0.0817975341881056,0.0020823556209510403,-6.17425551600206,-0.08351795216099056,0.0006047406869177247,-7.410710808480729,-0.055699565586396105
2023-09-23,1.0001785795552274,1.0011546846110515,0.9989615232821546,0.9992667530583428,110784777.1262632,3844913772.610147,-0.0011444047559907,-0.0011450600871372,Saturday,0,0,0,0,0,1,1,0.4696971902380165,0.3850563865358026,0.0014433803168307918,-6.540767474088894,-0.3665119580868339,0.0005972776617967174,-7.423128457558011,-0.012417649077281823
2023-09-24,1.0004530352054082,1.0007156195694125,0.9990868796340112,1.0001040898395606,60144936.36753761,3842006432.782743,0.0008379512063771,0.0008376003212677,Sunday,0,0,0,0,0,0,1,-0.4571010753671558,-0.6108321188558133,0.0011312158778420465,-6.784462226638608,-0.24369475254971373,0.0006151708694889299,-7.393610492179822,0.02951796537818918
2023-09-25,0.9993645588236556,1.001771277381574,0.9984111516987836,0.9994301796815488,71671423.70865406,3827395468.164739,-0.0006738400181124,-0.000674067150337,Monday,1,0,0,0,0,0,0,0.1916451830737608,0.1753348591255005,0.002375402656726725,-6.042588316191348,0.7418739104472598,0.0006079117800315519,-7.4054807851582485,-0.011870292978426455
2023-09-26,0.999853295195197,1.0001396326233425,0.9989813195153044,0.9994988529459574,109289975.57961345,3819820595.853636,6.871241814065954e-05,6.871005755059012e-05,Tuesday,0,1,0,0,0,0,0,0.5248751862929308,0.4219125616560699,0.0007892233664667798,-7.144461176465494,-1.1018728602741463,0.000603818456012533,-7.412236974725204,-0.0067561895669552285
2023-09-27,0.9993665834146712,1.0040716961522482,0.998767134473241,1.0004246107187784,88646392.53820187,3804485992.686211,0.0009262219462207,0.0009257932673546,Wednesday,0,0,1,0,0,0,0,-0.1888881659267417,-0.209349337859076,0.0036873948852632946,-5.602835063413804,1.5416261130516906,0.0006156809934044886,-7.392781596420479,0.0194553783047251
2023-09-28,1.0005956465344037,1.0010941395728772,0.9990243391124368,0.9997633071262704,85446029.63615677,3798539098.2417593,-0.0006610229150929,-0.0006612414870661,Thursday,0,0,0,1,0,0,0,-0.0361025734991519,-0.0367703940776668,0.001369036268235988,-6.593648240524198,-0.9908131771103941,0.0006222859296694466,-7.382110876849687,0.010670719570791576
2023-09-29,0.9993213035023356,1.001600982344895,0.998904308239099,0.9999233593327128,110245786.8879555,3824470123.604773,0.0001600900986278,0.0001600772855754,Friday,0,0,0,0,1,0,0,0.2902388485152578,0.254827355122512,0.001869242371860484,-6.2822220789482754,0.3114261615759224,0.00062295271767888,-7.381039936633397,0.0010709402162900616
2023-09-30,0.9998389913906136,1.0002747030756514,0.9987983997774652,1.0002747030756514,67591781.7585169,3820585915.701351,0.0003513706722213,0.0003513089560031,Saturday,0,0,0,0,0,1,1,-0.3868991852975618,-0.4892258953896539,0.0010086720451259264,-6.899120620051842,-0.6168985411035663,0.0006255991740236915,-7.376800689028655,0.004239247604742147
2023-10-01,0.9996823652707864,1.0004323559613255,0.9993485082244664,0.999631713461629,77929113.67562582,3817387719.733152,-0.0006428130313055,-0.0006430197241834,Sunday,0,0,0,0,0,0,1,0.1529377040842154,0.1423132104120294,0.000765832911031375,-7.174546543830713,-0.27542592377887143,0.0006337289757854483,-7.363889177912201,0.012911511116453944
2023-10-02,1.0013958091962485,1.0014648275412836,0.9934935123431686,0.9934935123431686,117347669.84678942,3818277277.213234,-0.0061404625681636,-0.0061593927415708,Monday,1,0,0,0,0,0,0,0.505825798753986,0.4093414512091435,0.002772254690107186,-5.888094322327101,1.2864522215036125,0.0012862609607311695,-6.6560157493898,0.7078734285224009
2023-10-03,0.99863149543615,1.0006629787273398,0.9974032042962512,0.9986323451830588,114895040.2495196,3830757917.2801695,0.0051724875663961,0.0051591562036948,Tuesday,0,1,0,0,0,0,0,-0.0209005394011828,-0.021122047537576,0.0023072414812457674,-6.0717026319932375,-0.18360830966613673,0.001590466883531601,-6.443727668411774,0.2122880809780261
2023-10-04,0.9988288108424064,1.000485403262198,0.9982224093795932,0.9982224093795932,92035779.47831428,3824083827.839846,-0.0004104972219686,-0.0004105814990176,Wednesday,0,0,1,0,0,0,0,-0.1989577680773814,-0.2218416093053636,0.0015560898966617343,-6.465579080690603,-0.39387644869736516,0.001589683128705945,-6.444220572732959,-0.0004929043211854278
2023-10-05,0.9992371192183824,1.0016790683838752,0.997991234602809,0.9992977189784632,105814680.10391906,3825930878.1191535,0.0010772244629715,0.0010766446730383,Thursday,0,0,0,1,0,0,0,0.1497124347042815,0.1395118543268639,0.0026078528053441095,-5.949228076179178,0.5163510045114243,0.001597532424236688,-6.439295075056786,0.004925497676173229
2023-10-06,0.9995968828229508,1.00169821924288,0.997403001489162,0.999732701701703,77648614.2518672,3826559377.672411,0.0004352884180347,0.0004351937075145,Friday,0,0,0,0,1,0,0,-0.2661829703061085,-0.3094955597888296,0.003037374172350262,-5.796761895914153,0.15246618026502556,0.0015975097719133113,-6.439309254727656,-1.4179670869474137e-05
2023-10-07,0.9994510455124472,1.0008409395126576,0.998904724124573,0.9999113128337568,66507200.15634925,3826204811.6263456,0.0001786588872703,0.0001786429296719,Saturday,0,0,0,0,0,1,1,-0.1434850345091644,-0.1548834885266696,0.0013390503704993,-6.615794594982657,-0.8190326990685044,0.001587883572286604,-6.445353236044902,-0.00604398131724615
2023-10-08,0.9997294666948114,1.0011566937084195,0.9987217399521864,0.9999953723213402,67373331.90979367,3830261357.195944,8.406694324225583e-05,8.406340981481103e-05,Sunday,0,0,0,0,0,0,1,0.0130231275923249,0.0129390557979563,0.0017139260409314851,-6.3689686097191665,0.24682598526349064,0.0015867161668231867,-6.4460887023159135,-0.000735466271011731
2023-10-09,0.9999058613848129,1.000679655425303,0.9949417711911744,0.9998741924633632,88000609.99507928,3822200367.8378687,-0.000121180418761,-0.0001211877617012,Monday,1,0,0,0,0,0,0,0.3061638411011573,0.2670944755899747,0.004066162481909572,-5.505055603455475,0.863913006263691,0.001585443894672157,-6.446890851132231,-0.0008021488163176826
2023-10-10,1.0004812941714007,1.0008574325976778,0.9988614923945076,0.9991435273570196,96246489.17963776,3822538249.7201104,-0.0007307570410868,-0.0007310241741608,Tuesday,0,1,0,0,0,0,0,0.0937025230281876,0.0895687502304679,0.001140556959229556,-6.776238575154987,-1.2711829716995116,0.0015905600970400767,-6.443669062490434,0.0032217886417971187
2023-10-11,0.9985892195255442,1.0006086427193135,0.996735668220331,0.998961762301511,114390672.9323485,3817111593.1927648,-0.0001819208657533,-0.0001819374153611,Wednesday,0,0,1,0,0,0,0,0.1885178764167263,0.1727070488633675,0.0027324343162939964,-5.902562376155289,0.8736761989996982,0.0015885848243151126,-6.444911706678105,-0.0012426441876707273
2023-10-12,0.9997712970807096,1.0002240296411735,0.9985497637907136,0.9994112588768768,121851155.99884485,3797634533.8487306,0.0004499637446884,0.00044986254136,Thursday,0,0,0,1,0,0,0,0.0652193301713377,0.0631807217807228,0.0011632663508284848,-6.75652341117799,-0.8539610350227012,0.0015851133044516368,-6.447099388749411,-0.002187682071306263
2023-10-13,0.9993460807390072,1.0004722406126507,0.9985220379268932,1.0004722406126507,100105860.66298604,3786729972.720651,0.0010616067473225,0.0010610436413757,Friday,0,0,0,0,1,0,0,-0.1784578501336906,-0.1965720344019234,0.0011889318203090013,-6.734700004962185,0.021823406215805363,0.001591753082761145,-6.4429193023571285,0.0041800863922825116
2023-10-14,0.9997198687376556,1.0005308520804987,0.999421157501565,0.9997497862004752,85047760.98213606,3780165083.243508,-0.0007221134009006,-0.0007223742503653,Saturday,0,0,0,0,0,1,1,-0.1504217593367907,-0.163015240094554,0.0007844710109044853,-7.150500938794545,-0.4158009338323607,0.0015930895248767946,-6.442080050715061,0.000839251642067218
2023-10-15,0.9996678267350576,1.000254914025784,0.9991981328347476,0.9992964359673184,46767814.44863152,3784294202.352707,-0.000453463696031,-0.0004535665417852,Sunday,0,0,0,0,0,0,1,-0.4500994040459817,-0.5980177517191493,0.0007108879305682931,-7.248995762851545,-0.09849482405700005,0.001576878856798155,-6.452307792722935,-0.010227742007873353
2023-10-16,0.999618869147092,1.0008713911206912,0.998178446439398,0.9982206942883955,115998212.40261547,3785761180.694941,-0.0010764990649462,-0.0010770789062343,Monday,1,0,0,0,0,0,0,1.480300047589881,0.908379539789966,0.0016948832247206376,-6.380141434493147,0.868854328358398,0.0015890869208681838,-6.444595691307411,0.007712101415523698
2023-10-17,0.9995916431222674,1.0012635938941312,0.998287797161267,0.9987569110554636,154847419.0309136,3795088323.603152,0.0005371725612743,0.0005370283357411,Tuesday,0,1,0,0,0,0,0,0.3349121147958498,0.2888654580716214,0.002039625026922376,-6.19498929835337,0.1851521361397772,0.001589936686193363,-6.444061083547009,0.0005346077604020394
2023-10-18,0.9990030799483084,1.0001070434676385,0.9982081915363412,0.999282520497064,105778731.455458,3803407942.300561,0.0005262636341059,0.0005261252059639,Wednesday,0,0,1,0,0,0,0,-0.3168841165228564,-0.3810907654620399,0.0013325333871718103,-6.62067334619929,-0.4256840478459196,0.0015922806452732074,-6.442587922376919,0.0014731611700895542
2023-10-19,0.9988102171648486,1.0010352097008433,0.9987652321599088,0.9992977501267016,95002794.68095642,3786567890.37031,1.5240564430252236e-05,1.5240448294030144e-05,Thursday,0,0,0,1,0,0,0,-0.1018724333921434,-0.1074431644127984,0.0015763641055134788,-6.452634282812916,0.16803906338637375,0.0015905873663433266,-6.443651918171559,-0.0010639957946398937
2023-10-20,0.9999029163750076,1.0007948280428531,0.9977647720830212,0.9990960683644912,101677233.5564428,3784008608.663312,-0.0002018234927326,-0.0002018438618344,Friday,0,0,0,0,1,0,0,0.0702551845753678,0.0678971102968872,0.002084589904239192,-6.1731831316914105,0.2794511511215054,0.0015909807705479276,-6.443404616093037,0.0002473020785220825
2023-10-21,0.998829107403665,1.0012754045078855,0.998473301564606,0.9997278278593849,108452156.48003332,3800680684.2225327,0.0006323310789599,0.0006321312419009,Saturday,0,0,0,0,0,1,1,0.0666316606640329,0.0645057024715755,0.0019011633784777118,-6.26528927572968,-0.09210614403826956,0.001591345067234316,-6.443175666132191,0.00022894996084588115
2023-10-22,1.0002364654844145,1.0019320164555656,0.9988954476350428,0.99968647913354,120949705.937527,3806267717.842164,-4.135998287990717e-05,-4.136083822758394e-05,Sunday,0,0,0,0,0,0,1,0.1152356012376254,0.1090656841494605,0.002118894137536511,-6.156860959633659,0.10842831609602133,0.0015837224322559256,-6.447977233106515,-0.00480156697432399
2023-10-23,1.0000842627366162,1.0021199747902956,0.9978061741903392,0.9989098985247662,201482357.239513,3805316347.8043447,-0.0007768241593573,-0.0007771260435953,Monday,1,0,0,0,0,0,0,0.665835858613685,0.5103270146493335,0.002961733751802868,-5.821980455156822,0.33488050447683637,0.0015762620822418057,-6.45269900553336,-0.004721772426845128
2023-10-24,1.000716929826574,1.0028469352732725,0.9953997446133152,1.0028469352732725,327211044.41667163,3780072751.6559815,0.0039413332016438,0.0039335864961675,Tuesday,0,1,0,0,0,0,0,0.624018345326872,0.4849035380592243,0.005102245182340856,-5.278074604293919,0.5439058508629033,0.0017253945730570514,-6.362299516651275,0.0903994888820856
2023-10-25,0.9997656507517924,1.0008594772837476,0.9978621374580124,0.9978621374580124,201374849.8952836,3761849221.930305,-0.0049706467058222,-0.0049830414605156,Wednesday,0,0,1,0,0,0,0,-0.3845719656123458,-0.4854372623907118,0.0017591947163248904,-6.34289912218157,-1.0648245178876508,0.0019466717636014532,-6.241634152525121,0.12066536412615392
2023-10-26,0.9996400468801022,1.001101533569688,0.9978347335506568,0.9995172238659352,180470105.31523025,3758646725.741036,0.0016586323358644,0.0016572583243618,Thursday,0,0,0,1,0,0,0,-0.1038101063311728,-0.1096029535639899,0.0023099456572193405,-6.070531279738425,0.2723678424431446,0.001970006029921005,-6.229718675363317,0.011915477161803523
2023-10-27,0.9991622986471416,1.0005061008325111,0.9978898660185463,0.9993647046037272,168749467.34339046,3762422907.852273,-0.0001525929304331,-0.0001526045739188,Friday,0,0,0,0,1,0,0,-0.0649450386886356,-0.0671499692698611,0.0018471581601171127,-6.294106950615165,-0.22357567087673935,0.001962939188392884,-6.233312343081127,-0.0035936677178094456
2023-10-28,0.999389841644258,1.0009796587204505,0.9985818294089668,0.9996176685551136,128130865.31886266,3766447054.7501698,0.0002531247603814,0.0002530927297143,Saturday,0,0,0,0,0,1,1,-0.240703586588943,-0.2753630463207177,0.0016899662550404866,-6.383046717678171,-0.08893976706300677,0.001959768041933129,-6.234929158695631,-0.001616815614504219
2023-10-29,0.9991075469302064,1.0004621826752236,0.9987034523536624,0.999506884195628,74446797.61982818,3746782902.62704,-0.0001108267320301,-0.0001108328737661,Sunday,0,0,0,0,0,0,1,-0.4189784215180152,-0.5429673825755277,0.001219085835937929,-6.7096540159186056,-0.3266072982404342,0.0019596545829475695,-6.23498705446062,-5.789576498926863e-05
2023-10-30,0.9996826256801826,1.0010683757280852,0.9972017020213304,1.0000753869744756,110392811.09887512,3755974151.869781,0.0005687832548597,0.0005686215589746,Monday,1,0,0,0,0,0,0,0.482841634943248,0.393960270496985,0.002725609234400601,-5.905063303598381,0.8045907123202243,0.001961354081825318,-6.234120186198154,0.0008668682624666246
2023-10-31,1.0003001324170728,1.0003001324170728,0.998569279509986,0.999051329550063,150472110.36719346,3750945322.5818143,-0.0010239802296411,-0.0010245048555647,Tuesday,0,1,0,0,0,0,0,0.3630607724303774,0.3097327389767431,0.0009469958780478793,-6.962215817429824,-1.0571525138314426,0.001966752237083358,-6.231371707303754,0.002748478894400108
2023-11-01,0.9991772082471528,1.0024230413932278,0.998331823968813,1.0024230413932278,137796140.3599143,3741718611.736941,0.003374913523896,0.0033692312843713,Wednesday,0,0,1,0,0,0,0,-0.0842413253615324,-0.0880024046533998,0.0020735136472111917,-6.178510696572373,0.7837051208574506,0.0017268181854192895,-6.361474763055518,-0.13010305575176417
2023-11-02,0.999492113339801,1.0009702520784527,0.9985869998019464,0.9998217683733842,204924881.26436487,3728090635.236998,-0.0025949852631361,-0.0025983580735866,Thursday,0,0,0,1,0,0,0,0.4871598052682375,0.3968681299405987,0.0016730803405886248,-6.393088836260395,-0.21457813968802153,0.0015230627401094717,-6.487032010835878,-0.12555724778036037
2023-11-03,0.9999474472423512,1.0013536558355298,0.9975788686011532,0.9997208713386028,164776816.489869,3711536496.817577,-0.0001009150210298,-0.0001009201132931,Friday,0,0,0,0,1,0,0,-0.1959160084748448,-0.2180515481883866,0.002666889571563017,-5.926842440127674,0.46624639613272123,0.0015213284875531727,-6.488171320874702,-0.0011393100388241706
2023-11-04,0.9993679096550204,1.000195606337804,0.9984374286124073,0.9990301271360864,127311036.97629854,3709573270.463436,-0.0006909370628538,-0.0006911758698729,Saturday,0,0,0,0,0,1,1,-0.2273728811593709,-0.2579587286144469,0.0012261991948506513,-6.703835979257455,-0.7769935391297818,0.001513844678760424,-6.493102719216102,-0.004931398341399884
2023-11-05,0.9996234497008988,1.0004430440917045,0.9970916542849428,0.9970916542849428,114318943.44892144,3721609474.935923,-0.0019403547485605,-0.001942239675515,Sunday,0,0,0,0,0,0,1,-0.1020500173115064,-0.107640910796312,0.0017735526726393239,-6.334770584366805,0.36906539489064993,0.0015527896695562895,-6.467702178916064,0.02540054030003791
2023-11-06,0.99988528456264,1.0008942674098449,0.9983354372952132,1.0002156951560364,150196986.82430083,3723322214.187853,0.0031331531636717,0.0031282550676215,Monday,1,0,0,0,0,0,0,0.3138416284560044,0.2729553865093519,0.001798378343000919,-6.320869940707897,0.013900643658907974,0.00165417390468475,-6.40445354601845,0.06324863289761407
2023-11-07,0.9990387092312734,1.001710769067939,0.9986771321953234,0.9986771321953234,138276471.24845383,5048967830.360878,-0.0015382311717003,-0.0015394154639017,Tuesday,0,1,0,0,0,0,0,-0.0793658769585805,-0.0826925821970502,0.002132857261950879,-6.1502927606487,0.17057718005919753,0.0016778108010324024,-6.390265429956636,0.014188116061814249
2023-11-08,0.999841825458158,1.000840126382576,0.9984965539979485,1.000840126382576,147971064.65938714,5364089024.021259,0.0021658593328333,0.0021635172406602,Wednesday,0,0,1,0,0,0,0,0.0701102170412937,0.0677616497496496,0.0015372931803572007,-6.477732084172648,-0.3274393235239481,0.0017235389261524051,-6.363375586737364,0.026889843219271903
2023-11-09,0.997862540388441,1.0013962945619943,0.9971061593776164,0.998983092997428,228113358.0688993,5337282691.231877,-0.0018554745520245,-0.0018571980772325,Thursday,0,0,0,1,0,0,0,0.5416078717416191,0.4328259443203559,0.002954636262189037,-5.824379728022372,0.6533523561502763,0.001751498227744333,-6.3472837271774685,0.01609185955989556
2023-11-10,1.0004011898958831,1.0009397812176346,0.9982651802397816,0.9989800768923676,297002069.1489157,5328579013.556449,-3.0191752810049266e-06,-3.019179838723789e-06,Friday,0,0,0,0,1,0,0,0.3019933232459331,0.2638964156979086,0.0016730111017787697,-6.393130221148439,-0.5687504931260676,0.0017511833060922433,-6.3474635446401155,-0.00017981746264705833
2023-11-11,0.9992186456499488,1.0005919349984482,0.9985531740719634,1.0001420201336595,198639642.93148807,5330061821.170005,0.0011631295439911,0.001162453632887,Saturday,0,0,0,0,0,1,1,-0.3311843129554397,-0.4022467619775103,0.0013230567443833048,-6.627810504078769,-0.23468028293032983,0.0017620841002307288,-6.341258022623801,0.006205522016314191
2023-11-12,1.0011865292348197,1.0011865292348197,0.998880507185055,0.9989201609432048,154590182.30034173,5344755263.588343,-0.0012216856864901,-0.001222432552801,Sunday,0,0,0,0,0,0,1,-0.2217556373998278,-0.2507147133741949,0.0008214200166296622,-7.1044759878202255,-0.47666548374145634,0.0017655663777366348,-6.339283746170537,0.001974276453264423
2023-11-13,0.9992247147657856,1.000114574206414,0.998057784634992,0.998057784634992,155423650.5094479,5326625738.335204,-0.000863308542495,-0.0008636814079288,Monday,1,0,0,0,0,0,0,0.005391469216893,0.0053769872760405,0.0012615881730439209,-6.675383896928251,0.42909209089197464,0.0017676807785215153,-6.338086886203616,0.0011968599669209823
2023-11-14,0.9996811966777588,1.0010127842476635,0.9940414982007736,1.0010127842476635,171959335.96314436,5313480573.296987,0.0029607500268655,0.002956375638691,Tuesday,0,1,0,0,0,0,0,0.1063910505222065,0.1011034125090576,0.004871936490955422,-5.324263784177686,1.3511201127505652,0.0018463955368216885,-6.294519898886036,0.04356698731757991
2023-11-15,0.9987395161073086,1.0016998277907994,0.9983890338580949,1.0000700614035087,187580616.4867628,5288242520.890225,-0.0009417690353108,-0.0009422127783929,Wednesday,0,0,1,0,0,0,0,0.0908428753584307,0.0869506775593514,0.0021898652233405757,-6.123915278901124,-0.7996514947234381,0.0018439356487448572,-6.295853052100458,-0.001333153214422289
2023-11-16,1.0008581900193343,1.0009759001083196,0.9978788392332528,1.0004376779944175,198978120.4269148,5279181055.721094,0.0003675908369789,0.0003675232920192,Thursday,0,0,0,1,0,0,0,0.0607605633973185,0.0589861634738267,0.0021755867815837267,-6.130456866190625,-0.006541587289500939,0.0018425492687953765,-6.296605194070845,-0.0007521419703868659
2023-11-17,1.0003652357457578,1.001892505805479,0.9984461289636006,1.0007927579240676,245476516.25740272,5271406404.812446,0.0003549245869687,0.000354861616137,Friday,0,0,0,0,1,0,0,0.2336859737679897,0.2100064147901471,0.00242203107135057,-6.023148805134776,0.107308061055849,0.0018411839784262742,-6.29734644776105,-0.0007412536902045019
2023-11-18,1.001915790971873,1.001915790971873,0.998458307604782,0.9988347859261438,214273782.9876593,5273494384.336886,-0.0019564210296497,-0.0019583373210621,Saturday,0,0,0,0,0,1,1,-0.127110868874417,-0.1359467287726055,0.0015200928585112536,-6.488983854864114,-0.4658350497293382,0.001875576409749001,-6.278839248270358,0.018507199490692017
2023-11-19,0.9990060017307424,1.001027227214702,0.998592007628435,0.9993942339972008,276268248.5620243,5294315894.497397,0.0005601007082851,0.0005599439104291,Sunday,0,0,0,0,0,0,1,0.2893236153763872,0.2541177516993838,0.001705274844287828,-6.3740289822420255,0.11495487262208837,0.0018779989554707336,-6.277548454388588,0.0012907938817692255
2023-11-20,0.9991271921831132,1.0010060889584864,0.9979062172792498,1.0003674796627056,249760155.0662445,5307756967.854991,0.0009738355819925,0.000973361711745,Monday,1,0,0,0,0,0,0,-0.0959505612163336,-0.10087123116536,0.002053119072092246,-6.188395143556473,0.18563383868555228,0.001882854618368777,-6.274966239739296,0.0025822146492924247
2023-11-21,1.0000436718240109,1.001817729407228,0.9976235185824168,0.999795440365501,270205317.27867603,5291564914.401554,-0.000571829161617,-0.000571992718266,Tuesday,0,1,0,0,0,0,0,0.0818591828909169,0.0786810267521883,0.002962572845993925,-5.821697183458163,0.36669796009831046,0.0018857333707622383,-6.273438477637578,0.001527762101718011
2023-11-22,0.9991382653401106,1.0003167788073126,0.997519179003107,0.998708425544244,301958398.31990683,5302654705.053482,-0.0010872372261065,-0.0010878286972513,Wednesday,0,0,1,0,0,0,0,0.1175146416844279,0.111107149598213,0.001962203653585302,-6.233687124252566,-0.41198994079440343,0.0018908477530384688,-6.270730003896332,0.0027084737412463866
2023-11-23,0.9988201019975436,1.000227841995772,0.9971424928046008,0.9995175406666852,263232578.619026,5306258319.694109,0.0008101615063478,0.0008098335026599,Thursday,0,0,0,1,0,0,0,-0.1282488578438316,-0.1372512832394879,0.0021410334395837063,-6.1464666508213135,0.08722047343125272,0.0017553905959863357,-6.345063885011939,-0.07433388111560735
2023-11-24,0.9995839611084174,1.0006198900892072,0.9985836498783917,0.9997239704979822,221612351.35350183,5316153456.167265,0.000206529473369,0.0002065081490934,Friday,0,0,0,0,1,0,0,-0.1581119916230458,-0.1721082802641846,0.001437780602945839,-6.544654602292931,-0.3981879514716171,0.0015017082245756266,-6.501152002449708,-0.1560881174377693
2023-11-25,1.0007228348280053,1.0007228348280053,0.9979374996349908,0.9992096622704406,247730509.99261823,5340754898.697946,-0.0005144502309827,-0.0005145826059049,Saturday,0,0,0,0,0,1,1,0.1178551577996407,0.1114118115990374,0.0017319636562552574,-6.358499452748395,0.18615514954453527,0.0014739077069407004,-6.519838101191138,-0.018686098741429902
2023-11-26,0.999208265312233,0.9994283471054956,0.9935567026528428,0.9990980804358668,226389928.58709416,5349495779.079795,-0.0001116700916605,-0.0001116763272294,Sunday,0,0,0,0,0,0,1,-0.0861443405019428,-0.090082641773498,0.004165941735577103,-5.480812921940365,0.8776865308080302,0.0014737853903407864,-6.51992109259896,-8.299140782153103e-05
2023-11-27,0.9982594982575228,0.9995263112199224,0.9960496394955988,0.9973700737360056,260917504.1514712,5343730018.366673,-0.0017295666298421,-0.0017310640570548,Monday,1,0,0,0,0,0,0,0.152513743786504,0.1419454210119256,0.002400736036039966,-6.031979906962133,-0.5511669850217675,0.0015065836423649715,-6.497910679949442,0.022010412649517974
2023-11-28,0.9966348876960284,0.998726789968572,0.9966348876960284,0.9985670904489172,347767855.27286464,5335580569.38171,0.0012001730796149,0.0011994534476355,Tuesday,0,1,0,0,0,0,0,0.332865176691917,0.2873308933145432,0.0008654903457067045,-7.052214337995197,-1.0202344310330647,0.001522281541966844,-6.4875450550682565,0.010365624881185198
2023-11-29,0.9985239222029968,1.0000001195620438,0.9957822518030426,0.9978212248233284,274128063.00763565,5337833730.013175,-0.0007469359171986,-0.0007472150128172,Wednesday,0,0,1,0,0,0,0,-0.2117498530951055,-0.2379397941885802,0.0029565895197684916,-5.823718864193924,1.2284954738012734,0.0015248522615698135,-6.485857751274844,0.0016873037934121982
2023-11-30,0.9973052311444656,0.9999282107236798,0.9968300120284294,0.9992861174400226,329171931.4170324,5335200610.604699,0.0014680912574831,0.0014670146650747,Thursday,0,0,0,1,0,0,0,0.2007961819212342,0.1829848217194971,0.0018149535351625254,-6.311695412054439,-0.4879765478605149,0.0015368556038971896,-6.478016765555155,0.00784098571968972
2023-12-01,1.0000827477039425,1.0003312267420912,0.9982712940321702,0.9991432109934336,440593206.2702479,5344138170.4369545,-0.00014300853789,-0.000143018764586,Friday,0,0,0,0,1,0,0,0.3384895983493026,0.2915418128231608,0.0013354300831750817,-6.618501879330503,-0.306806467276064,0.0014086221321601626,-6.5651432636081735,-0.08712649805301886
2023-12-02,0.998790025131266,0.9993393527579466,0.9983714071999064,0.9986470477627049,285674388.0628487,5333684398.072274,-0.0004965887024698,-0.0004967120434743,Saturday,0,0,0,0,0,1,1,-0.3516141783456737,-0.4332693560248303,0.0006794236702918922,-7.294265662850735,-0.6757637835202326,0.001329432805270767,-6.623002889911772,-0.057859626303598866
2023-12-03,0.9993712033423048,0.9997389934731984,0.9977255533560588,0.9994716049827668,324829037.2491104,5331933928.55189,0.0008256743179777,0.0008253336364531,Sunday,0,0,0,0,0,0,1,0.137060411511751,0.1284463457331345,0.0014241567544184363,-6.554175391700725,0.7400902711500104,0.0013378183515721511,-6.616715087649318,0.0062878022624541785
2023-12-04,1.0002621879679758,1.0002621879679758,0.996339476077881,0.9983617076422584,359238329.4811236,5351817371.148018,-0.0011104841147813,-0.0011111011591201,Monday,1,0,0,0,0,0,0,0.1059304689119429,0.1006870339556945,0.0025145410240260875,-5.985664987501812,0.5685104041989133,0.0013472139146747792,-6.60971658594079,0.006998501708528337
2023-12-05,0.9966854535193588,0.999987924480207,0.9956236218384849,0.9989009145637292,482018539.90470415,5333260995.552722,0.0005400917496567,0.0005399459526012,Tuesday,0,1,0,0,0,0,0,0.3417792600275191,0.2939965391986929,0.0027678686945372235,-5.889677679296526,0.09598730820528534,0.0013034416830246772,-6.642747064352801,-0.033030478412011455
2023-12-06,0.9993023551110342,1.0022136051080732,0.997307599339304,0.999029961195334,502018276.7246227,5363046691.747787,0.0001291886209366,0.0001291802768054,Wednesday,0,0,1,0,0,0,0,0.0414916339605371,0.0406539490035138,0.003465768086886236,-5.664821000808418,0.2248566784881083,0.0011718861492938356,-6.749140734786684,-0.10639367043388237
2023-12-07,0.9985489156291312,1.00099352038083,0.996329951747442,1.0002654442937968,277027894.2338899,5378927204.1915865,0.0012366827286987,0.0012359186664831,Thursday,0,0,0,1,0,0,0,-0.4481716959762187,-0.5945183245242632,0.0031247534029095413,-5.768399909976361,-0.10357890916794332,0.0011598449520929324,-6.759468944786275,-0.010328209999591387
2023-12-08,0.9988013486474064,1.0005548905434776,0.997793882082372,0.9990430924671552,312661895.22061235,5389789274.94813,-0.0012220274464291,-0.0012227747308325,Friday,0,0,0,0,1,0,0,0.1286296496793832,0.1210041974105348,0.0019481443741075637,-6.240877962489845,-0.47247805251348396,0.0011131274347320147,-6.800581716628398,-0.0411127718421227
2023-12-09,0.9993835225514174,1.002011015540314,0.997746551405053,1.0001680845735827,267361072.4455005,5411587429.903523,0.0011260696509591,0.0011254361100926,Saturday,0,0,0,0,0,1,1,-0.1448875717431056,-0.156522323652788,0.002976100500136563,-5.817141392374314,0.42373657011553156,0.001079953738490937,-6.830837073494056,-0.03025535686565828
2023-12-10,1.0000411806190268,1.0013177677331282,0.9975169247994924,0.9995552368317476,256390226.725449,5426136489.515956,-0.0006127447488952,-0.0006129325536804,Sunday,0,0,0,0,0,0,1,-0.0410338184975968,-0.0418994690558461,0.0026721505652625463,-5.924871675620394,-0.10773028324608003,0.0010857359948951803,-6.825497185646876,0.0053398878471799804
2023-12-11,1.000205157633104,1.001017151882033,0.9966827605216074,0.9990662342648348,288478062.35472715,5420032949.307132,-0.0004892201540185,-0.0004893398612417,Monday,1,0,0,0,0,0,0,0.1251523353253196,0.1179184356674501,0.0029855822160879688,-5.813960503891165,0.11091117172922882,0.001068532242057903,-6.841469308594441,-0.01597212294756467
2023-12-12,0.9998767402100532,1.0003101474489768,0.9969776306295408,0.9983273876762212,320420948.48714,5344992934.858554,-0.0007395371430576,-0.0007398107355468,Tuesday,0,1,0,0,0,0,0,0.1107289957221575,0.1050165526592777,0.0021538270076691592,-6.140509015604442,-0.3265485117132769,0.0010536573312008891,-6.85548799443619,-0.0140186858417497
2023-12-13,0.9979046186982208,1.0001368580023136,0.997606653003947,0.998837035517507,301990251.17690665,5278998465.945943,0.0005105017127418,0.0005103714510731,Wednesday,0,0,1,0,0,0,0,-0.0575202632576099,-0.0592408593686585,0.0016944808972574454,-6.380378840360798,-0.2398698247563562,0.0010459500719675868,-6.862829646823194,-0.00734165238700335
2023-12-14,0.9979737100612612,1.0007312758765394,0.9977048560037968,0.9979068056696372,320172891.7875237,5268752047.192946,-0.0009313129317315,-0.0009317468730643,Thursday,0,0,0,1,0,0,0,0.0602093628511393,0.0584664007447406,0.00214127290968015,-6.146354809174705,0.2340240311860935,0.0009119272980870327,-6.999950288077345,-0.13712064125415147
2023-12-15,0.9984979395836148,0.999472578751914,0.9973993146814776,0.9986361638722486,307579566.7490894,5257425561.790886,0.0007308880934246,0.000730621124797,Friday,0,0,0,0,1,0,0,-0.0393328897025785,-0.0401273292962071,0.0014657934889258713,-6.525358552475929,-0.3790037433012241,0.0009054351480204097,-7.007094903282499,-0.007144615205153748
2023-12-16,0.99771028894806,1.0035492073375227,0.9971197309218542,0.9989956153181816,356638892.8115223,5278740617.913339,0.0003599423483116,0.0003598775846048,Saturday,0,0,0,0,0,1,1,0.1595012522481815,0.1479899577026734,0.00447382562458332,-5.409511391956875,1.1158471605190536,0.0009053327698300884,-7.007207980380255,-0.00011307709775643104
2023-12-17,1.0005728101839544,1.0005728101839544,0.9970577752372316,0.9974413245292336,248705158.3128119,5275921898.921334,-0.0015558534643347,-0.0015570650612105,Sunday,0,0,0,0,0,0,1,-0.3026415140755598,-0.360455673434609,0.0015481573057917388,-6.470689890248922,-1.0611784982920467,0.0009467021277762379,-6.962526057260138,0.044681923120116984
2023-12-18,0.9987102259786936,1.0003114795444654,0.997585518403194,0.998510529480472,218829174.5181589,5284880867.960637,0.0010719477175693,0.0010713735918666,Monday,1,0,0,0,0,0,0,-0.1201261123706816,-0.1279766912918124,0.001925568689536866,-6.252533931735178,0.21815595851374425,0.0008981481665509713,-7.0151755071132325,-0.052649449853094055
2023-12-19,0.9985585476952724,1.0006393353864471,0.9984840822957136,0.9996827568824592,241791284.14972755,5294097106.512156,0.0011739760046367,0.0011732874336648,Tuesday,0,1,0,0,0,0,0,0.1049316649945284,0.0997834914235325,0.0013548138016241471,-6.604091249868422,-0.35155731813324476,0.0009176631570014357,-6.993680166050557,0.0214953410626757
2023-12-20,0.9996287274904156,1.000618468842451,0.998368784526303,0.998368784526303,279635929.5027849,5289620652.420125,-0.0013143893371272,-0.0013152539044604,Wednesday,0,0,1,0,0,0,0,0.156517822741792,0.1454136135016879,0.001385153872581493,-6.5819440461770915,0.02214720369133083,0.0009317658844517116,-6.978428971774142,0.015251194276414637
2023-12-21,0.999963276905947,1.001070843274657,0.9983249724668448,0.9990123377994072,244525713.84357783,5291644837.302439,0.0006446047623671,0.0006443970939552,Thursday,0,0,0,1,0,0,0,-0.1255568829142802,-0.1341680328532339,0.0018500022444547226,-6.292568426673871,0.2893756195032209,0.0009333399139254501,-6.976741099859534,0.0016878719146085075
2023-12-22,0.9993557599912234,1.0000643988144116,0.997005553929914,0.9987917481627568,228764244.44447032,5292179599.496711,-0.0002208077200891,-0.0002208321017029,Friday,0,0,0,0,1,0,0,-0.0644573086051394,-0.0666284994670492,0.002137498365954048,-6.148119121619594,0.14444930505427678,0.0009128544497046988,-6.998934109897603,-0.022193010038069616
2023-12-23,0.9985074475211572,1.0003279293721403,0.9979894545013804,0.9996431049542348,218902758.9929876,5318245964.772252,0.0008523866892613,0.000852023614033,Saturday,0,0,0,0,0,1,1,-0.043107634566889,-0.0440643646662951,0.0014965653408728636,-6.504582569163714,-0.35646344754411974,0.0009141336759870792,-6.997533743388986,0.0014003665086175232
2023-12-24,0.9988249772544082,1.0000207972229136,0.998686537819082,0.998686537819082,165062410.22350374,5333657856.589113,-0.0009569086511096,-0.0009573667804748,Sunday,0,0,0,0,0,0,1,-0.2459555513012451,-0.2823039621828425,0.000940135159461504,-6.969486906375361,-0.4649043372116477,0.0009299304071438932,-6.980400805645026,0.017132937743959964
2023-12-25,0.9983838591077744,1.0010019615321368,0.9980833618325908,0.9993141372695854,167205532.05432996,5327271296.299621,0.0006284248627941,0.0006282274865764,Monday,1,0,0,0,0,0,0,0.0129837061504451,0.0129001403893524,0.001981903052275617,-6.223697758359666,0.7457891480156951,0.0009322551757345274,-6.977903987046766,0.00249681859826012
2023-12-26,0.9990408819288724,1.0004627270993762,0.9952779884463828,0.9991930369171615,203225743.91169524,5308418202.7392845,-0.0001211834676478,-0.0001211908109575,Tuesday,0,1,0,0,0,0,0,0.2154247614586175,0.1950936136057289,0.0036727769630349916,-5.606807237365696,0.6168905209939703,0.0009322947851245249,-6.97786150023672,4.2486810045261336e-05
2023-12-27,0.9989099706357636,1.0001792512869174,0.9976164296880125,0.9988967476221992,257108881.28696167,5288159938.899039,-0.0002965285825815,-0.0002965725558748,Wednesday,0,0,1,0,0,0,0,0.2651393289950485,0.2351822576124162,0.0018141703951989564,-6.3121269982943975,-0.7053197609287016,0.0008787601019311738,-7.036998619108976,-0.05913711887225581
2023-12-28,0.9988385531178472,1.000848776966839,0.9966358460602992,0.9995946476484744,335402182.33360285,5280835185.135563,0.0006986708365368,0.0006984268796916,Thursday,0,0,0,1,0,0,0,0.304514183464776,0.2658306982567159,0.0029454374273559024,-5.827497940699269,0.48462905759512864,0.0008605364806447519,-7.057954548505032,-0.02095592939605595
2023-12-29,0.9979745200520288,1.00070205368192,0.9974530561087118,0.9987020791559734,311197337.0413859,5268893030.030864,-0.0008929304439562,-0.0008933293438226,Friday,0,0,0,0,1,0,0,-0.0721666302938421,-0.0749031208247905,0.0022544599186471587,-6.094844838639013,-0.26734689793974376,0.0008651666135638996,-7.052588452743758,0.0053660957612740035
2023-12-30,0.9993543955654896,0.9998691037390968,0.9978819547403728,0.998707403348285,245804380.3077496,5245481358.260886,5.331111672557398e-06,5.33109746223207e-06,Saturday,0,0,0,0,0,1,1,-0.2101334071664621,-0.2358912176121499,0.0013478921910738619,-6.6092132466385225,-0.5143684079995099,0.000822664258569369,-7.1029623887961115,-0.05037393605235341
2023-12-31,0.9982066614335978,1.0002942401867951,0.997790923292199,0.9992540212175092,209366689.6484961,5241816466.546101,0.0005473253401262,0.000547175612243,Sunday,0,0,0,0,0,0,1,-0.1482385733469564,-0.1604488070299697,0.0016475681475129982,-6.408454928247033,0.2007583183914896,0.0008282962685222096,-7.096139655353651,0.006822733442460205
2024-01-01,0.9992696979031868,1.0006216511956565,0.9980672763409456,0.9985725366541276,252050103.0952361,5238601536.031327,-0.000681993315925,-0.0006822259791556,Monday,1,0,0,0,0,0,0,0.2038691709669804,0.18554067899493,0.0017545776024385392,-6.345527133404161,0.0629277948428717,0.0008326854285170139,-7.0908546239544945,0.005285031399156814
2024-01-02,0.9996661360297512,1.0012031611128605,0.9974570560478372,0.9992465088976148,299617797.79612607,5274819595.216796,0.0006749356894446,0.0006747080227866,Tuesday,0,1,0,0,0,0,0,0.1887231709757195,0.1728797655171782,0.0026377988673331704,-5.93781047197088,0.4077166614332812,0.000828150670479887,-7.09631545095479,-0.005460827000295154
2024-01-03,0.9991819931368604,1.0067080238701538,0.9937569656655756,1.0000479479444744,335082884.5921545,5287821619.697112,0.0008020433794095,0.0008017219144927,Wednesday,0,0,1,0,0,0,0,0.1183677573792212,0.1118702628429445,0.009139935292397459,-4.695101973147544,1.242708498823336,0.0008161539526516714,-7.110907553330351,-0.014592102375561744
2024-01-04,1.0003136322446156,1.0012602707964489,0.9984164683101374,1.000073092851925,359063999.7174591,5288688750.573117,2.514370186190717e-05,2.514338576433408e-05,Thursday,0,0,0,1,0,0,0,0.0715677112380512,0.0691227268775564,0.0020056363477678977,-6.2117938881452535,-1.5166919149977094,0.0008101915162681328,-7.118239898408082,-0.007332345077730729
2024-01-05,0.999741006190609,1.0014925139654838,0.997010823459702,1.0014925139654838,331175376.04097515,5273075825.122842,0.0014193173716041,0.0014183110927436,Friday,0,0,0,0,1,0,0,-0.0776703420516369,-0.0808525727483514,0.002978967955437054,-5.81617836212756,0.3956155260176937,0.0008502397231147953,-7.069992221048229,0.04824767735985347
2024-01-06,1.0003855135232207,1.0010250549621826,0.9985835586445077,0.9997879504894004,288517041.294762,5267796284.884192,-0.0017020231827136,-0.0017034732697923,Saturday,0,0,0,0,0,1,1,-0.1288088965314111,-0.1378939192284418,0.001686329524253204,-6.385200991137303,-0.5690226290097433,0.0008767659101038166,-7.03927052242621,0.03072169862201868
2024-01-07,1.0001366922650656,1.0001366922650656,0.9958526934629252,0.9981324781204568,210879601.1582184,5257356804.888477,-0.0016558234855033,-0.0016571958763781,Sunday,0,0,0,0,0,0,1,-0.2690913499879741,-0.313466792825055,0.0027674679207394088,-5.889822484870738,0.4953785062665652,0.0009002346724406049,-7.012855081472368,0.026415440953842406
2024-01-08,0.9971876439637016,1.0027708121962842,0.9961650623166804,0.9982390923090462,203106446.59062824,5277918805.359341,0.0001068136654467,0.0001068079612733,Monday,1,0,0,0,0,0,0,-0.0368606281731258,-0.0375571509405704,0.004627346453147426,-5.375771695450728,0.5140507894200095,0.0008766883799583197,-7.039358953754003,-0.02650387228163531
2024-01-09,1.0007062866195184,1.0038339519136488,0.9984128812570612,0.9989880467785036,209427840.09144625,5310166254.32159,0.0007502756355945,0.0007499943195308,Tuesday,0,1,0,0,0,0,0,0.0311235492862476,0.0306490322745032,0.0036769948419855506,-5.605659479441917,-0.22988778399118814,0.0008802325569716522,-7.035324416119031,0.004034537634971969
2024-01-10,1.0007169601219044,1.0050286704387617,0.995706632478036,1.0050286704387617,268096000.06383744,5308564349.542066,0.0060467426809935,0.0060285344957419,Wednesday,0,0,1,0,0,0,0,0.2801354392366071,0.2469658842374404,0.006023156750067769,-5.112143780011359,0.4935156994305574,0.0014065093351643704,-6.5666442928972195,0.4686801232218114
2024-01-11,0.9996545183469564,1.0019464458187255,0.9966808326860812,0.9989476808358204,275915572.3452949,5306166577.4757,-0.0060505633140659,-0.0060689421446275,Thursday,0,0,0,1,0,0,0,0.0291670606036476,0.0287497960586876,0.0036998898643090454,-5.599452226177947,-0.48730844616658775,0.00178542986539695,-6.328096071792573,0.23854822110464635
2024-01-12,0.998425654766144,1.0021054757464485,0.9972574691472358,0.9975386319295454,255467723.8238491,5279179734.351304,-0.0014105332374324,-0.0014115289758976,Friday,0,0,0,0,1,0,0,-0.0741090774530707,-0.0769988455000206,0.0033843684217709307,-5.6885879714825345,-0.08913574530458757,0.0018015246243045472,-6.319121959090999,0.008974112701574555
2024-01-13,1.0006927088101103,1.001331069232698,0.9974510747751292,0.9998693675032756,319062136.0808323,5250438155.688246,0.0023364865270649,0.0023337611867411,Saturday,0,0,0,0,0,1,1,0.2489332558536161,0.2222897916480151,0.002697156741591071,-5.915557119497673,-0.22696914801513834,0.0018433937741797809,-6.29614696376759,0.022974995323408187
2024-01-14,0.9991566680381712,1.0025580528407745,0.9972933487751308,1.0024370216234395,160613122.74089736,5244906238.582999,0.0025679895830545,0.0025646979318849,Sunday,0,0,0,0,0,0,1,-0.4966086395779439,-0.6863873588794176,0.003116164641546963,-5.771152314902552,0.14440480459512095,0.0018972514018474056,-6.267349070796664,0.028797892970926497
2024-01-15,0.9948974526194804,1.0010387002262688,0.9948974526194804,1.0010387002262688,207181800.8891651,5211549043.861971,-0.0013949219422344,-0.0013958957515442,Monday,1,0,0,0,0,0,0,0.2899431712276261,0.2545981640912874,0.002075067988594197,-6.177761360248691,-0.40660904534613884,0.0019131640418221377,-6.258996841117248,0.00835222967941629
2024-01-16,1.00055199347103,1.0015619010799566,0.997789142217252,0.9994064000175388,210264959.67955104,5201525272.540966,-0.0016306064973922,-0.0016319373831309,Tuesday,0,1,0,0,0,0,0,0.0148814170798492,0.0147717752053377,0.002571867904827509,-5.963122832857441,0.21463852739124967,0.0019152429571314983,-6.257910793832166,0.0010860472850815484
2024-01-17,0.9983963220262624,1.0007640090411234,0.996632302386104,0.9984182487074916,218293680.66634217,5198635968.830121,-0.0009887382250401,-0.000989227349116,Wednesday,0,0,1,0,0,0,0,0.0381838276764092,0.0374728670178569,0.0029253384923863604,-5.834345081101038,0.12877775175640327,0.0019137693776083552,-6.258680485578793,-0.0007696917466271103
2024-01-18,1.0003093864601456,1.0003093864601456,0.9950197622577488,0.9963600639607436,136578680.89074993,5175963645.023968,-0.0020614454407383,-0.0020635731439899,Thursday,0,0,0,1,0,0,0,-0.3743351595252639,-0.4689404498617067,0.002830279105829318,-5.867379948222058,-0.033034867121020106,0.001938703412410339,-6.245735873466775,0.012944612112018028
2024-01-19,0.99849434745144,1.000414750418016,0.9963960475488798,0.998907316785224,155200952.33409652,5172382316.061402,0.0025565585340248,0.0025532960974795,Friday,0,0,0,0,1,0,0,0.136348303570472,0.1278198785608708,0.002834567192537244,-5.865866019228722,0.0015139289933356892,0.0019794490459632995,-6.224936732611578,0.020799140855197074
2024-01-20,0.9988997500747664,1.0009731089747491,0.9979265755638178,0.9989921658492292,226848715.38863805,5166124544.03993,8.494187857022162e-05,8.493827121312977e-05,Saturday,0,0,0,0,0,1,1,0.4616451250911624,0.3795625993675015,0.002154644833320136,-6.140129379533472,-0.27426336030474996,0.001976010481265802,-6.226675375386216,-0.0017386427746375333
2024-01-21,0.9997395407314896,1.00093447813593,0.9981470285508546,1.00093447813593,80482609.79390037,5169169098.731325,0.0019442717902091,0.0019423841401525,Sunday,0,0,0,0,0,0,1,-0.6452146107328962,-1.0362422095888235,0.0018268291175045012,-6.305173537704202,-0.16504415817072982,0.0020071755611052286,-6.2110267386013565,0.01564863678485917
2024-01-22,0.9998934028943396,1.0019272036472349,0.997132380195492,1.0007464258511116,137291943.26363328,5162768704.547581,-0.000187876718133,-0.0001878943691744,Monday,1,0,0,0,0,0,0,0.7058584906131906,0.5340684975711882,0.003350391217334423,-5.698678158669709,0.6064953790344934,0.0020014325873237257,-6.213892061176195,-0.0028653225748387356
2024-01-23,0.996854645075059,1.003085303712961,0.996854645075059,1.0002686991618928,247753613.2545952,5155839337.068735,-0.0004773703676359,-0.0004774843451443,Tuesday,0,1,0,0,0,0,0,0.8045750345222309,0.5903251261271598,0.0038595724249430472,-5.557198872381072,0.1414792862886367,0.0019956904585927268,-6.2167651939845125,-0.002873132808317358
2024-01-24,1.0007176799703317,1.0021319598399872,0.996721545267131,0.9988873860737008,158592849.70535272,5171672136.631111,-0.0013809420302258,-0.0013818964094006,Wednesday,0,0,1,0,0,0,0,-0.3598767435840363,-0.4460945330211933,0.003654937849116368,-5.611676190270698,-0.054477317889626065,0.0020083026009291662,-6.21046539083252,0.0062998031519923
2024-01-25,0.99784354172654,1.0010065684482998,0.9976617387853128,0.9993885970094504,181444981.3596527,5196698222.951585,0.0005017692111617,0.0005016433670858,Thursday,0,0,0,1,0,0,0,0.1440930766850876,0.1346122503867137,0.002162565994311979,-6.136459802022977,-0.5247836117522793,0.002010268132713033,-6.209487166448338,0.000978224384182269
2024-01-26,0.999746247906403,1.001381948392892,0.9967473605797096,0.9992412994165714,209989874.5592711,5222060183.070691,-0.0001473877061632,-0.0001473985687986,Friday,0,0,0,0,1,0,0,0.157319827672929,0.1461068384244572,0.0032651592844855793,-5.72444673199637,0.4120130700266076,0.002009718968904459,-6.2097603831518295,-0.00027321670349156335
2024-01-27,1.0007696836366728,1.001572689630805,0.9979102680513324,1.0007312184946666,190302669.7777477,5228012738.55502,0.0014910503388572,0.0014899398270496,Saturday,0,0,0,0,0,1,1,-0.0937531146339465,-0.0984435096566167,0.0025902855451148963,-5.955987160268563,-0.23154042827219357,0.0020240325310394995,-6.202663455038108,0.0070969281137216456
2024-01-28,0.9987779248942168,1.0031079532673508,0.995958068213869,0.9974960472062548,139220959.09103113,5225038047.418585,-0.0032328073998513,-0.0032380442111409,Sunday,0,0,0,0,0,0,1,-0.2684235105391548,-0.3125534987652182,0.004994737339543469,-5.299370452940225,0.6566167073283387,0.002102285451581631,-6.164730215756101,0.037933239282007314
2024-01-29,0.9983067793230916,1.0011681388719362,0.9967047011207044,0.9993287493628212,136646853.45132226,5222328633.599984,0.0018373026757343,0.0018356168997112,Monday,1,0,0,0,0,0,0,-0.018489354307822,-0.0186624189747961,0.003094831810818506,-5.7780217165455925,-0.4786512636053679,0.0021288305442179493,-6.152182490311868,0.012547725444232327
2024-01-30,1.0014792125895535,1.0014792125895535,0.9965068112008628,0.9978670532323364,158789334.20225072,5201585180.53661,-0.0014626779539934,-0.0014637487116351,Tuesday,0,1,0,0,0,0,0,0.1620416437822791,0.1501784958101683,0.002709947505258698,-5.910826015031391,-0.1328042984857989,0.002143212104296093,-6.145449591981957,0.006732898329911308
2024-01-31,0.9994614512494644,1.0023098305355278,0.9960688763057408,0.998185550522329,151060943.03776053,4933402650.357528,0.0003191780798463,0.0003191271533591,Wednesday,0,0,1,0,0,0,0,-0.0486707196255795,-0.0498950299157211,0.004344669673466794,-5.4388055476733665,0.47202046735802483,0.0021403827817582446,-6.146770595963217,-0.0013210039812596719
2024-02-01,0.9980755382180048,1.0011168831392012,0.9972931935091554,1.0009004306038891,138395328.44442278,4881981517.276268,0.0027198150485543,0.0027161230444689,Thursday,0,0,0,1,0,0,0,-0.0838444030511033,-0.0875690630688108,0.002058192639590072,-6.185927040707988,-0.747121493034621,0.002193621412566423,-6.122201487822382,0.024569108140834572
2024-02-02,0.9992984715982982,1.0006057922234428,0.9969860039744204,0.9992134688799028,110881867.10474592,4880346454.50668,-0.0016854440985388,-0.0016868660574229,Friday,0,0,0,0,1,0,0,-0.1988033963930061,-0.2216489143320178,0.0025621198792513053,-5.966920285325416,0.21900675538257186,0.0022102941442079973,-6.11462967538239,0.007571812439992165
2024-02-03,0.9989221074375036,0.9996926706522606,0.9981820891144844,0.9991700146641204,113730537.77686724,4876546093.078885,-4.348842077872561e-05,-4.348936642751314e-05,Saturday,0,0,0,0,0,1,1,0.0256910417050453,0.0253665724577028,0.0010580978725907408,-6.851282442649941,-0.8843621573245253,0.002210303638664075,-6.11462537982937,4.29555301995066e-06
2024-02-04,0.9996932153635676,1.0001182579743406,0.9983366375105204,0.9985246251302976,118684905.4422496,4882328710.768603,-0.0006459256426342,-0.0006461343424766,Sunday,0,0,0,0,0,0,1,0.0435623339362252,0.0426401811954218,0.0010300851114850118,-6.87811384764475,-0.02683140499480885,0.0021982504292086284,-6.120093494455038,-0.005468114625667653
2024-02-05,0.999338874849535,1.000887215910791,0.9980621124998732,0.9997321399933916,73450945.55335855,4870648475.942672,0.0012092990324965,0.001208568419382,Monday,1,0,0,0,0,0,0,-0.3811264770388283,-0.479854351954706,0.001983685265134721,-6.222798919228398,0.6553149284163515,0.002187296389982454,-6.1250890229297745,-0.004995528474736943
2024-02-06,0.9997771650693014,1.0014233428331922,0.9978305298242512,0.9992329571777742,116631119.28194274,4867343394.497467,-0.0004993165625551,-0.0004994412625816,Tuesday,0,1,0,0,0,0,0,0.5878777108079007,0.4623983515522847,0.002518822293055556,-5.983963830723633,0.2388350885047652,0.0021681874790631978,-6.1338637235608795,-0.00877470063110497
2024-02-07,1.0002794781115931,1.0027045219752062,0.9975531637393784,1.001314518275674,144406931.93650043,4865861397.073801,0.0020831589700354,0.0020809922030131,Wednesday,0,0,1,0,0,0,0,0.2381509568420823,0.2136191028886476,0.003584927421420441,-5.631017050206494,0.3529467805171391,0.002201137803799077,-6.118780868766147,0.01508285479473237
2024-02-08,1.0012444397675555,1.0022219260998428,0.9985302743829508,0.9989499811382878,138373428.5041965,4864468582.977694,-0.0023614329905632,-0.002364225570641,Thursday,0,0,0,1,0,0,0,-0.0417812590531112,-0.0426791962325321,0.002185353567272654,-6.125977647839904,-0.49496059763341016,0.0022388784395238836,-6.101780235146732,0.017000633619415062
2024-02-09,0.9991411361323528,1.003028513432448,0.9984714629415526,1.0008446600625096,104766607.13423766,4870678971.66591,0.0018966704639833,0.0018948740556632,Friday,0,0,0,0,1,0,0,-0.2428704826731934,-0.2782209472774194,0.003040853965167534,-5.795616893417136,0.33036075442276847,0.00198010622214586,-6.224604788166257,-0.12282455301952488
2024-02-10,0.9993252035309104,1.001244245879094,0.99876713315245,1.000282203620924,106543011.00980306,4894821670.195858,-0.0005619817580386,-0.0005621397289741,Saturday,0,0,0,0,0,1,1,0.0169558213648102,0.0168136759702764,0.001647448207535146,-6.408527729086229,-0.6129108356690933,0.0016442684477651222,-6.410459706283568,-0.18585491811731103
2024-02-11,1.0004074815042208,1.0011860073624832,0.996307084050604,0.9983702166734366,181187236.81063747,4907255256.656558,-0.0019114475300732,-0.0019132766771541,Sunday,0,0,0,0,0,0,1,0.7006018047862979,0.5309821912334267,0.003213507399699869,-5.7403922904638565,0.6681354386223726,0.0016610917639012905,-6.400280203699214,0.010179502584353628
2024-02-12,0.9998713924238458,1.0020933539277708,0.9975110112422164,0.9975110112422164,144962172.3285406,4897788626.950132,-0.0008606080358477,-0.0008609785715493,Monday,1,0,0,0,0,0,0,-0.1999316569961075,-0.2230581262081724,0.0028888193385194255,-5.846907393714576,-0.10651510325071989,0.0016131916425412582,-6.429540675649657,-0.029260471950443012
2024-02-13,0.9988333351350006,1.0014776558927383,0.9975922890877902,0.9991490584274172,149197534.6143261,4877818067.029281,0.0016421344393591,0.001640787610848,Tuesday,0,1,0,0,0,0,0,0.0292170172242349,0.0287983357079545,0.0027416231556564308,-5.899205141402035,-0.05229774768745887,0.0015725364518196544,-6.4550653888509375,-0.025524713201280136
2024-02-14,1.0004972270405887,1.009069054068576,0.99631078227752,1.0000518423474136,143143572.7886376,4880081550.717391,0.0009035527906289,0.0009031448325288,Wednesday,0,0,1,0,0,0,0,-0.0405768221394401,-0.0414230315020504,0.008993122967126952,-4.711295108494076,1.1879100329079595,0.0015604836046173931,-6.462759502801814,-0.007694113950876158
2024-02-15,0.9991803483330473,1.0006647634486487,0.9959156564237602,0.9959156564237602,112702218.20053832,4879874056.800177,-0.0041359715051817,-0.0041445482923948,Thursday,0,0,0,1,0,0,0,-0.2126630905954001,-0.2390990288991051,0.0026792224375391267,-5.92222866180334,-1.210933553309264,0.0017084821073487361,-6.372149959189119,0.09060954361269502
2024-02-16,0.9986109073365086,1.0005125420309593,0.997741005014303,0.999722173987227,202582151.3589037,4900262954.715675,0.0038221284492458,0.0038148426751797,Friday,0,0,0,0,1,0,0,0.7974992381998749,0.5863963868020569,0.0018356452913769463,-6.300359201866455,-0.37813054006311564,0.0018361353183798525,-6.300092286678487,0.07205767251063122
2024-02-17,0.9994762963532514,1.0009763971385537,0.999152841239407,1.0009763971385537,134507433.05543733,4900174414.209073,0.0012545717039809,0.001253785386493,Saturday,0,0,0,0,0,1,1,-0.3360351237600499,-0.4095260281338018,0.0008908299847931469,-7.023356962625397,-0.7229977607589415,0.001811587065686176,-6.313551986026087,-0.013459699347599496
2024-02-18,0.9999587795959066,1.00098567100672,0.9984648963253504,1.0001153675728778,85351571.65831308,4914840413.188527,-0.0008601896789347,-0.0008605598543725,Sunday,0,0,0,0,0,0,1,-0.3654508920474649,-0.4548405985223421,0.0017802896001561357,-6.330979231194888,0.6923777314305086,0.0017576183999795205,-6.343795568139203,-0.030243582113116396
2024-02-19,0.9998579775928728,1.001985151061605,0.9967541223564044,1.0003185382508302,97864445.59938686,4937469475.442132,0.0002031472413481,0.0002031266097414,Monday,1,0,0,0,0,0,0,0.1466039077893774,0.1368044496403385,0.0036901536257493545,-5.602087188801925,0.728892042392963,0.0017579412116456514,-6.343611920752898,0.00018364738630527455
2024-02-20,0.9996708717306992,1.0014055874593482,0.9978023940802024,1.0003160667068285,140956053.4363618,4943703713.229277,-2.4707569711290844e-06,-2.4707600234541173e-06,Tuesday,0,1,0,0,0,0,0,0.4403193373553931,0.3648648510546963,0.0025171119122588967,-5.984643101259225,-0.3825559124572999,0.0017218001148488417,-6.364384957037645,-0.020773036284746915
2024-02-21,1.000157981571559,1.0017342112121814,0.9963491174658412,1.000519540035091,174713673.12596545,4924891389.860213,0.0002034090374378,0.0002033883526245,Wednesday,0,0,1,0,0,0,0,0.2394903863057176,0.214700316356307,0.0038048724983124646,-5.571472797214824,0.41317030404440125,0.0017218587978579082,-6.364350875259769,3.408177787633804e-05
2024-02-22,1.0003870984274157,1.001154372389282,0.9966526466397808,0.9996883136342978,167609027.04206768,4920818814.941155,-0.0008307947696494,-0.0008311400708869,Thursday,0,0,0,1,0,0,0,-0.0406645110069631,-0.0415144331661563,0.00315696783382471,-5.758143258300536,-0.18667046108571217,0.0017263326650291213,-6.361755967332073,0.0025949079276958997
2024-02-23,0.9994829653704788,1.0009232984598253,0.9968910119882048,0.9989221810074675,145270740.89552358,4922618901.614395,-0.000766371494376,-0.0007666653071325,Friday,0,0,0,0,1,0,0,-0.1332761518920904,-0.1430348672311149,0.0028329863807260817,-5.866423865513445,-0.108280607212909,0.0017135233887835004,-6.369203567029607,-0.0074475996975342795
2024-02-24,0.9992491122822396,0.9996420283667204,0.9976670092799208,0.9992820511361306,116634469.6821936,4933985027.19201,0.0003602584220325,0.0003601935445485,Saturday,0,0,0,0,0,1,1,-0.1971234609034226,-0.2195543264244486,0.0013982813266023243,-6.572511420363841,-0.706087554850396,0.0017123372471472623,-6.369896030506489,-0.0006924634768816773
2024-02-25,0.998952187402642,1.0014331846782436,0.998059396847231,1.0014331846782436,117161942.95455676,4948170255.307677,0.0021526790555952,0.0021503653618687,Sunday,0,0,0,0,0,0,1,0.0045224475560305,0.0045122520177167,0.0018213345398488527,-6.308185782946663,0.26432563741717807,0.0017565620806040112,-6.344396743527411,0.025499286979077773
2024-02-26,1.0006786497922102,1.002435502066488,0.9964008198548158,1.0016544277711108,137602039.87413895,4959131248.426375,0.0002209264644432,0.0002209020637856,Monday,1,0,0,0,0,0,0,0.1744602078467598,0.1608086444635005,0.004226471609383382,-5.466387768905589,0.8417980140410739,0.0017358397326561472,-6.356263986904255,-0.011867243376844527
2024-02-27,0.9989691952249988,1.0034533802429009,0.9931620507968,0.9971532001105188,338262350.7653123,4972192620.541216,-0.0044937930046474,-0.0045039204442324,Tuesday,0,1,0,0,0,0,0,1.4582655248040814,0.8994560300468092,0.007201213029412864,-4.933505790843324,0.5328819780622647,0.0018275170439579528,-6.30479704000465,0.051466946899605404
2024-02-28,0.9993630251003272,1.0050236077108872,0.9958256431160446,0.999633294813602,355125387.41851467,5007680545.784142,0.0024871751931481,0.0024840872919684,Wednesday,0,0,1,0,0,0,0,0.0498519466179137,0.0486491510065086,0.006499055684540362,-5.036098391936088,-0.10259260109276358,0.001852887446215752,-6.291010074907583,0.013786965097066783
2024-02-29,0.9998124691508986,1.0036414681507408,0.996713104848416,1.0021621669453995,294282822.06911314,4993308935.331974,0.0025297998225128,0.002526605265534,Thursday,0,0,0,1,0,0,0,-0.1713269946473825,-0.1879296463498544,0.004675920690639119,-5.365329196457317,-0.3292308045212291,0.001890651832281913,-6.2708336245644345,0.020176450343148744
2024-03-01,0.9971608826312944,1.001155843743638,0.9971608826312944,0.9992710725414914,233996430.0548582,5011562977.689202,-0.0028848568617594,-0.0028890260816482,Friday,0,0,0,0,1,0,0,-0.2048586852279692,-0.2292354256940246,0.0025034060249896975,-5.990103064350511,-0.624773867893194,0.001961985049958002,-6.233798537665141,0.03703508689929347
2024-03-02,0.9985613221659668,1.0024779260575538,0.997126432316646,0.998353379754662,306176972.79205567,5010163802.804957,-0.0009183622062584,-0.0009187841591862,Saturday,0,0,0,0,0,1,1,0.3084685639019169,0.268857418169028,0.003782621175874178,-5.577338076893111,0.4127649874574004,0.0019056792317197354,-6.262916781869211,-0.029118244204069832
2024-03-03,0.9982499768221812,1.0020239397581032,0.9981915113709456,1.001313681752925,258669910.3409073,5009522482.933704,0.0029651845311431,0.0029607970424938,Sunday,0,0,0,0,0,0,1,-0.1551621012446727,-0.1686105058203146,0.0019273638149264222,-6.251602108757553,-0.6742640318644426,0.0019567762779411123,-6.236456915988581,0.02645986588062943
2024-03-04,1.0008687960202955,1.0028128534914502,0.9955436756067186,0.997092263236114,262905377.80454764,4998518731.445835,-0.0042158801919301,-0.0042247920712565,Monday,1,0,0,0,0,0,0,0.0163740245553041,0.0162414158162726,0.004576408064773569,-5.3868408538862695,0.8647612548712837,0.0021033004126669724,-6.164247542883493,0.07220937310508813
2024-03-05,0.9989014865420768,1.002206941796334,0.9966860750088092,1.0009668689816604,372560935.3016712,4858928582.987376,0.0038859049341846,0.0038783743081659,Tuesday,0,1,0,0,0,0,0,0.4170913444708806,0.3486064219130775,0.0036890205559962828,-5.602394288142331,-0.21555343425606122,0.002216156405908402,-6.111980932304196,0.05226661057929771
2024-03-06,1.0001881554473533,1.002634831839689,0.9973207506857258,1.0013030299072772,893883996.2697183,4798561293.707855,0.0003358362159966,0.0003357798356373,Wednesday,0,0,1,0,0,0,0,1.3992960924524191,0.8751753995230729,0.0036933718084034375,-5.601215468947617,0.0011788191947141868,0.0022059962748318383,-6.116576046805091,-0.004595114500895114
2024-03-07,1.0015204318979445,1.0038217491726302,0.9974072379229548,1.0038217491726302,946646368.9153666,4764140453.074608,0.0025154415697576,0.0025122831420636,Thursday,0,0,0,1,0,0,0,0.0590259730186824,0.0573495923040481,0.00430266227214682,-5.448521314809018,0.15269415413859821,0.0022513308060514363,-6.0962337682586725,0.020342278546418235
2024-03-08,1.003728015923153,1.003728015923153,0.9954379840294754,1.0002026843158331,554892460.8109002,4420698389.383379,-0.0036052863566464,-0.0036118010644747,Friday,0,0,0,0,1,0,0,-0.413833423935618,-0.5341512703036677,0.005441446325366729,-5.213710384817498,0.23481092999152064,0.0023149462940395657,-6.068368790832022,0.02786497742665084
2024-03-09,1.000871446309592,1.0050423862804183,1.000822507055851,1.001677032763432,442937375.1923418,4432298409.062606,0.0014740496808476,0.001472964336054,Saturday,0,0,0,0,0,1,1,-0.2017599688684744,-0.2253459358692032,0.0029328604514050334,-5.831777068910058,-0.6180666840925602,0.0022901917802885694,-6.079119718071657,-0.01075092723963511
2024-03-10,1.0015071578815913,1.0032849286462897,1.0002181820083034,1.0006975334372683,287446522.75611234,4475757408.035051,-0.0009778594238717,-0.0009783378403062,Sunday,0,0,0,0,0,0,1,-0.351044777760533,-0.4323915596668375,0.00210556150466168,-6.163173099360925,-0.3313960304508674,0.002270946564452727,-6.087558545658777,-0.008438827587120556
2024-03-11,1.0003865057005716,1.001858615454505,0.9977823267789326,0.9996194128693704,519699318.4081411,4566240577.828893,-0.0010773690669494,-0.0010779498461825,Monday,1,0,0,0,0,0,0,0.8079861026848691,0.5922135753723395,0.0028431962952542053,-5.862826403584501,0.30034669577642426,0.0022771467801760395,-6.084832031889395,0.002726513769382599
2024-03-12,0.9989904136122174,1.0009428131666194,0.9949171540755792,0.9986399225013864,672736937.4571978,4578649378.966253,-0.0009798632913423,-0.0009803436712072,Tuesday,0,1,0,0,0,0,0,0.2944733880310191,0.2581039622778018,0.004264061591853317,-5.457533147604408,0.4052932559800926,0.002257302001832551,-6.093584983349038,-0.008752951459642944
2024-03-13,0.999901892566734,1.0009705730744862,0.9978230761559777,1.0009705730744862,532505441.638821,4587408686.358021,0.0023338247556357,0.0023311056164817,Wednesday,0,0,1,0,0,0,0,-0.2084492288299524,-0.2337612562097171,0.0021256913723074577,-6.153658177847038,-0.6961250302426292,0.0022916888904535213,-6.078466226492188,0.01511875685684938
2024-03-14,0.999473959108317,1.0011809146751924,0.996869583284508,0.9983636884905333,492013214.8420073,4604158177.709586,-0.0026043568653031,-0.0026077541023377,Thursday,0,0,0,1,0,0,0,-0.0760409633978503,-0.0790875410048315,0.0029723300682265356,-5.818409098997647,0.33524907884939026,0.002321374137540016,-6.065595967980924,0.012870258511264332
2024-03-15,0.9992312857869738,1.0022110519056475,0.9968364262566464,0.999384834348714,745145700.7015996,4620790600.431544,0.0010228195095163,0.0010222967860459,Friday,0,0,0,0,1,0,0,0.5144831037533757,0.4150741951029331,0.0038010547424329687,-5.572476686965352,0.2459324120322952,0.0023230207110816288,-6.064886909572125,0.0007090584087992013
2024-03-16,0.9984036093094444,0.9993155061920488,0.9966441952002508,0.99780514070528,958043690.1433928,4704788871.781342,-0.0015806660148723,-0.0015819165853942,Saturday,0,0,0,0,0,1,1,0.285713236003827,0.2513136118391049,0.0018556755729545304,-6.2895064589519345,-0.7170297719865824,0.00221523464715425,-6.112396945585989,-0.04751003601386383
2024-03-17,0.9984955140152318,1.000532684993351,0.9974433280906054,1.000532684993351,760387906.9962647,4703486556.260588,0.0027335440325984,0.0027298146957677,Sunday,0,0,0,0,0,0,1,-0.2063118677996245,-0.2310646754975688,0.0017824244186609578,-6.329780808448043,-0.04027434949610864,0.002161147842354733,-6.137115789935995,-0.02471884435000682
2024-03-18,0.9992686304016832,1.0010556215261408,0.9963313467786834,0.9992270042735836,287013747.542707,4720055013.498719,-0.0013049855735357,-0.0013058378087264,Monday,1,0,0,0,0,0,0,-0.6225429877278191,-0.974298591552962,0.003344842955219834,-5.700335535616246,0.6294452728317967,0.0021621750968469342,-6.136640574678666,0.00047521525732907577
2024-03-19,0.9989825565360676,1.0016199414185594,0.9965493506973988,0.9991274945994284,652650210.5509225,4726510328.896118,-9.95866542132795e-05,-9.959161329336972e-05,Tuesday,0,1,0,0,0,0,0,1.273933622130102,0.8215112049859085,0.003587608824566867,-5.6302693639824355,0.0700661716338109,0.0021565357227834358,-6.139252176846206,-0.0026116021675397505
2024-03-20,0.9999985790364956,1.000360786217339,0.995036573294881,0.9995376590652284,675563487.7022381,4685090360.138937,0.0004105226490282,0.0004104384076601,Wednesday,0,0,1,0,0,0,0,0.0351080514200305,0.0345058187755678,0.00376258500748851,-5.582649055809941,0.04762030817249485,0.0021575185513001563,-6.138796536526784,0.00045564031942202377
2024-03-21,0.9990529913362444,1.0012175577917843,0.9983368578536856,0.9998222368067812,462537150.21395546,4697587092.570997,0.0002847093743509,0.0002846688523282,Thursday,0,0,0,1,0,0,0,-0.3153313365303962,-0.37882026070601,0.0019804617204679134,-6.224425269305246,-0.6417762134953051,0.0021581444130468544,-6.138506494530337,0.0002900419964468881
2024-03-22,0.9990928944616312,1.0002992539525477,0.9962700386064456,0.999275527394782,539596805.1155021,4722968284.500432,-0.000546806614089,-0.0005469561673459,Friday,0,0,0,0,1,0,0,0.166602087780195,0.1540953249639447,0.002851723042568027,-5.859831891044568,0.36459337826067806,0.0021601343588920183,-6.137584856029853,0.0009216385004844341
2024-03-23,0.9991965433467932,1.0001169692739065,0.9972458777586728,0.9995582255231524,630443051.7775599,4801766120.736401,0.0002829030839046,0.0002828630743729,Saturday,0,0,0,0,0,1,1,0.1683594969444117,0.1556006255286828,0.002020367299283981,-6.2044759527696325,-0.3446440617250648,0.002155416673989701,-6.139771221917156,-0.0021863658873035874
2024-03-24,0.9984303513005688,1.003161478532836,0.99796159931431,1.003161478532836,590439816.2989848,4886197446.312106,0.0036048455384354,0.0035983636555446,Sunday,0,0,0,0,0,0,1,-0.0634525757176391,-0.0655551184630547,0.002207109585780064,-6.11607149921117,0.08840445355846249,0.0022489632904945964,-6.097285928728393,0.04248529318876315
2024-03-25,0.997833034165985,1.003278277351693,0.997833034165985,0.9998739353836372,357473072.303499,4873534977.671463,-0.0032771824073696,-0.003282564130778,Monday,1,0,0,0,0,0,0,-0.3945647592938023,-0.5018076734738945,0.0036326612278259935,-5.617789778693803,0.4982817205173671,0.0023265178869066993,-6.063382598376137,0.033903330352256233
2024-03-26,0.999589352830147,1.001808533200396,0.9975664908027438,0.9980927922249184,366160536.12411386,4796922127.45708,-0.0017813677261577,-0.0017829562484208,Tuesday,0,1,0,0,0,0,0,0.0243024286126902,0.0240118234549932,0.0028523542029520116,-5.859610589558142,-0.24182081086433893,0.002316142095073634,-6.0678523674947105,-0.004469769118573552
2024-03-27,0.9995819236705804,0.9995819236705804,0.9935350937891496,0.9986982785114829,536232990.2346318,4801895045.099506,0.0006066432813474,0.0006064593476963,Wednesday,0,0,1,0,0,0,0,0.4644751067681147,0.3814968893727441,0.00425517653674211,-5.459619028571365,0.399991560986777,0.0023184364081264334,-6.06686228253288,0.0009900849618302843
2024-03-28,0.9974907876534436,0.999801891163114,0.9948281858521713,0.9975834565073982,989168571.7227691,4819101400.386449,-0.0011162750833477,-0.0011168985824194,Thursday,0,0,0,1,0,0,0,0.8446619095366603,0.6122960138371338,0.0035259436258377763,-5.6476071832687635,-0.1879881546973987,0.002177281060031998,-6.129678400776336,-0.06281611824345568
2024-03-29,0.9977414009074382,1.0011716885024462,0.9975139245057144,0.9996365908470318,662757013.1095624,4872097483.873343,0.0020581078467578,0.0020559928442417,Friday,0,0,0,0,1,0,0,-0.3299857758771262,-0.4004563367883392,0.002303761780613343,-6.073211935325017,-0.4256047520562536,0.0021623521246756272,-6.1365587031492606,-0.006880302372924696
2024-03-30,0.9989335251062372,1.0009292963099532,0.9983421851170128,0.9985805845839052,427064959.8686837,4903420181.540458,-0.0010563901649817,-0.0010569485383467,Saturday,0,0,0,0,0,1,1,-0.3556236276324634,-0.4394722944478475,0.0018168037579706848,-6.310676498719162,-0.2374645633941448,0.0021213706840748437,-6.155692850129125,-0.019134146979864042
2024-03-31,0.998351669961294,0.9998689790729416,0.996379455807908,0.9998689790729416,246217872.9966725,4908424391.790066,0.0012902258555058,0.0012893942293735,Sunday,0,0,0,0,0,0,1,-0.4234650553574309,-0.550719325945141,0.0022848155240287795,-6.081469991361708,0.2292065073574543,0.002068191425342951,-6.18108076117357,-0.025387911044445488
2024-04-01,0.9987928403140964,0.9999397187315934,0.996947915723939,0.998451608396478,187231281.1554172,4918595244.707844,-0.0014175564060181,-0.0014185620896214,Monday,1,0,0,0,0,0,0,-0.2395707148442976,-0.2738721562797648,0.002108152536170753,-6.161943290308613,-0.08047329894690503,0.002077583750632794,-6.176549718866578,0.0045310423069917505
2024-04-02,0.9981169769745925,1.0013140431643968,0.9975179162494856,1.0000045725966296,321527406.4092737,4962623486.304633,0.0015553725259109,0.0015541641868464,Tuesday,0,1,0,0,0,0,0,0.7172739748673715,0.5407381352124591,0.0024155262760215193,-6.025838095940998,0.13610519436761503,0.0020259955118380585,-6.2016940884404,-0.02514436957382138
2024-04-03,0.9989880349709728,1.0012533567659283,0.9973298253963268,0.9991517616416372,530644284.2203321,4959168179.520965,-0.0008528070554496,-0.000853170902262,Wednesday,0,0,1,0,0,0,0,0.6503858571386372,0.501009113384478,0.002774456967503387,-5.887300238319181,0.13853785762181658,0.0018798826821795152,-6.276545907183436,-0.0748518187430367
2024-04-04,0.998931458780188,0.9995217122364944,0.9943436128014196,0.9990579471619624,940358060.8184632,4937242166.277013,-9.3894124272631e-05,-9.389853260186376e-05,Thursday,0,0,0,1,0,0,0,0.7721062654997173,0.5721688196284388,0.003671899813613785,-5.607046090470346,0.28025414784883473,0.0017415108060047262,-6.353002263179062,-0.07645635599562528
2024-04-05,1.0001658928159798,1.0014973103889793,0.9972397655390074,0.9986874457403992,967025704.3608332,5010045164.781529,-0.0003708507825953,-0.0003709195647526,Friday,0,0,0,0,1,0,0,0.0283590311536854,0.0279643581536816,0.0028687096249754296,-5.853892958337099,-0.24684686786675236,0.0017417484495800242,-6.352865814205138,0.0001364489739232866
2024-04-06,1.000555971779477,1.0029572095886543,0.9991341580892856,0.9995670435431712,687650658.0388837,5081410743.521481,0.0008807538399762,0.0008803662039041,Saturday,0,0,0,0,0,1,1,-0.2889013653536807,-0.3409441321531225,0.002629615606467482,-5.940917600711172,-0.08702464237407348,0.001687938663138288,-6.384247220471961,-0.03138140626682251
2024-04-07,1.0001892990823578,1.002082804838251,0.9992319644357592,1.0004569212140335,616746894.9854221,5113575302.919825,0.0008902631160268,0.0008898670668601,Sunday,0,0,0,0,0,0,1,-0.1031101508077845,-0.1088222235805864,0.0020076514501844007,-6.210789672804966,-0.2698720720937935,0.001562272536860473,-6.461613763360289,-0.07736654288832767
2024-04-08,1.000820041552792,1.0019406360571614,0.998085819710724,0.9981825276459024,543809383.6449678,4995497057.814449,-0.0022733548240849,-0.0022759428181929,Monday,1,0,0,0,0,0,0,-0.1182616595778376,-0.125859933177489,0.0021770833827778205,-6.129769195773819,0.08102047703114668,0.0015940635303028816,-6.441468843509417,0.02014491985087119
2024-04-09,0.9986140404839692,1.0004088236183923,0.9970626911603464,0.999618415822875,487692520.627115,4841528179.567645,0.0014385026157079,0.0014374689619772,Tuesday,0,1,0,0,0,0,0,-0.1031921564900566,-0.1089136611541116,0.002285196265169858,-6.08130336547122,0.04846583030259932,0.00160561855418323,-6.434246204630112,0.007222638879305521
2024-04-10,0.999318754021551,1.0006003882777426,0.9982175602178348,0.9985463357584848,356975814.8606836,4826909988.226151,-0.0010724893093407,-0.0010730648375354,Wednesday,0,0,1,0,0,0,0,-0.2680309831250747,-0.3120170925902237,0.0016159605718089319,-6.427825717813971,-0.34652235234275164,0.0016055094780244824,-6.434314140980015,-6.793634990298614e-05
2024-04-11,1.000250236403284,1.0011117056685337,0.995710475180132,0.9995427055138002,335141144.85631907,4857625329.955915,0.0009978202509335,0.0009973227592176,Thursday,0,0,0,1,0,0,0,-0.0611656843276229,-0.0631162629758404,0.0037999687103459612,-5.572762446403181,0.8550632714107902,0.0016058580208429677,-6.434097072818257,0.00021706816175814936
2024-04-12,0.9993713050486814,1.0004516435300377,0.997560363294736,1.0000805628757865,322744505.54876566,4894799387.458774,0.0005381034337195,0.0005379587079827,Friday,0,0,0,0,1,0,0,-0.0369893088264887,-0.0376907653001431,0.001998411269499988,-6.215402779347459,-0.6426403329442776,0.0015515448824690043,-6.468504146057904,-0.03440707323964709
2024-04-13,0.9993294702157806,1.0035471283692556,0.9953213806280736,1.0035471283692556,730579142.8377309,4968208139.930804,0.0034662862394814,0.0034602925159817,Saturday,0,0,0,0,0,1,1,1.2636454851354322,0.8169765602420744,0.005197904440333695,-5.259499726861472,0.9559030524859864,0.0016061547093121978,-6.4339123360223605,0.03459181003554335
2024-04-14,1.0018424003512945,1.0018424003512945,0.9984506805827544,0.9994867390321408,796191223.4653778,5148234699.204149,-0.0040460375226352,-0.0040542448781117,Sunday,0,0,0,0,0,0,1,0.0898083134057114,0.0860018215151842,0.001899855221311257,-6.265977595022922,-1.0064778681614497,0.001758633933107434,-6.343217945682138,0.09069439034022242
2024-04-15,1.0005896549097475,1.0005896549097475,0.9971874760840228,0.9997861750546094,511778734.85373855,5040585378.266354,0.0002995897902142,0.0002995449221541,Monday,1,0,0,0,0,0,0,-0.3572163071250017,-0.4419470143344797,0.0023560597480246927,-6.050764653571786,0.2152129414511359,0.0017356177228636375,-6.35639189271653,-0.013173947034392341
2024-04-16,0.998798160918857,1.001183209043607,0.998242535355624,0.9988299726643306,495990130.0898638,5038943385.382424,-0.0009564068939307,-0.0009568645428264,Tuesday,0,1,0,0,0,0,0,-0.0308504509637099,-0.0313363456287559,0.002079874823117867,-6.175447568273205,-0.12468291470141857,0.001671673491620895,-6.393930063520318,-0.03753817080378763
2024-04-17,1.0006092292109194,1.0033777868993006,0.9982524213420106,0.9998148857268748,786552736.3760698,5084914405.346281,0.0009860667876404,0.0009855809431428,Wednesday,0,0,1,0,0,0,0,0.5858233635285479,0.4611037447079981,0.0035874386322671935,-5.6303168040309455,0.5451307642422591,0.0016643409635691312,-6.398326051582421,-0.004395988062102951
2024-04-18,0.9993195905812524,1.0014864389057296,0.998482417898218,1.000071925517652,446907920.89969134,5032209570.98075,0.0002570873813207,0.0002570543400228,Thursday,0,0,0,1,0,0,0,-0.4318144223122836,-0.56530719234157,0.0020720616906857873,-6.17921118153112,-0.5488943775001749,0.0016649032377760266,-6.397988272688332,0.0003377788940888138
2024-04-19,0.9992222685265252,1.002611019096271,0.9987127497039668,1.0009801033269037,702637547.8808585,5072664029.260277,0.0009081124927905,0.0009077004081013,Friday,0,0,0,0,1,0,0,0.5722199473805385,0.4524885998562099,0.002528798291198651,-5.9800110727991544,0.19920010873196592,0.0016714519045737614,-6.394062626329784,0.003925646358547752
2024-04-20,1.000981123038716,1.0020912195587033,0.9978406866077696,0.9978406866077696,1026599388.1561503,5131428313.038222,-0.0031363427791419,-0.0031412714101047,Saturday,0,0,0,0,0,1,1,0.4610653689834176,0.3791658743983168,0.002284708288430279,-6.081516926492335,-0.10150585369318055,0.001766343622624176,-6.338843618930597,0.05521900739918717
2024-04-21,0.999280915233753,1.0022639085286942,0.9991304616982956,1.0001085358809898,512943667.2750248,5159445114.622044,0.0022727568675615,0.0022701780622645,Sunday,0,0,0,0,0,0,1,-0.5003468020799134,-0.6938410253744233,0.002153522256796342,-6.1406505183499185,-0.05913359185758349,0.0018115706001601871,-6.3135610750735465,0.025282543857050754
2024-04-22,0.9998821220652938,1.0022738886756155,0.9982188849650292,1.0001647603947454,282773219.5729957,5197979254.062054,5.621841204073164e-05,5.621683184502923e-05,Monday,1,0,0,0,0,0,0,-0.4487246112712386,-0.595520796630842,0.002861230983944991,-5.856503332785117,0.2841471855648017,0.001810863422001424,-6.313951518716368,-0.0003904436428214808
2024-04-23,0.9993729950694552,1.0008436598683372,0.9993173525723216,0.9998301719242488,420911808.1934953,5251669302.52712,-0.0003345333526493,-0.0003345893214139,Tuesday,0,1,0,0,0,0,0,0.4885136889168535,0.3977780978820979,0.0010410647838678144,-6.867511258943857,-1.0110079261587401,0.0016885942774069118,-6.383858884691794,-0.06990736597542568
2024-04-24,0.9996986142558814,1.0019322420337309,0.9961540331778488,0.9995893131633068,449486397.3808322,5234284885.367438,-0.0002408996724698,-0.0002409286934568,Wednesday,0,0,1,0,0,0,0,0.0678873546218048,0.0656822617747566,0.0040891707161465705,-5.499413088374158,1.3680981705696986,0.00157927555515603,-6.450789046485754,-0.06693016179396061
2024-04-25,0.999262565332701,1.0016999935833,0.9980135920473352,0.9988087406549911,479544754.5922736,5206022117.510273,-0.0007808932108782,-0.0007811982668027,Thursday,0,0,0,1,0,0,0,0.0668726737596334,0.0647316341397114,0.002591722678822627,-5.955432497411049,-0.456019409036891,0.0015519307987329244,-6.468255446660485,-0.017466400174730445
2024-04-26,0.999725131623468,1.0013314286391213,0.9988152104025396,0.9992316161683796,604014879.4122876,5208633505.443592,0.0004233798686135,0.0004232902686459,Friday,0,0,0,0,1,0,0,0.259558932983936,0.2307616064931153,0.0017524363498455852,-6.3467482593467235,-0.3913157619356742,0.0015499038446819477,-6.469562385664341,-0.0013069390038564777
2024-04-27,0.9994649117087572,1.000640817639728,0.9989431505987664,0.9992684270945366,626405593.0076395,5259980991.690131,3.683923282782331e-05,3.683855427995038e-05,Saturday,0,0,0,0,0,1,1,0.0370698046662993,0.0363992410284775,0.0011944474960875059,-6.73007154688399,-0.38332328753726674,0.0015364456001701616,-6.478283582051317,-0.00872119638697555
2024-04-28,0.9992712475513876,0.9996299881931956,0.998082062224599,0.9993055843267354,454855076.9420064,5297705639.813175,3.718443532418903e-05,3.718374400021144e-05,Sunday,0,0,0,0,0,0,1,-0.2738649175240377,-0.3200192174486262,0.0010955946089981315,-6.81645804118062,-0.08638649429662948,0.0014899018818221134,-6.509045012319148,-0.03076143026783118
2024-04-29,0.9996094556897838,1.0016482298895506,0.9977851384318576,1.0002813376135362,737440686.4892018,5281646010.628347,0.0009764313360243,0.000975954937036,Monday,1,0,0,0,0,0,0,0.621265154270719,0.4832068038805251,0.0027002933407653264,-5.914394867145366,0.9020631740352538,0.0014880588737246922,-6.510282777678741,-0.0012377653595931903
2024-04-30,0.9992656267318408,1.0006195913299856,0.9943653420927592,0.999480198470155,586665872.2853861,5274518487.255329,-0.0008009138161995,-0.0008012347190251,Tuesday,0,1,0,0,0,0,0,-0.2044568695031223,-0.2287302145761457,0.004431545074403192,-5.419006980472731,0.4953878866726349,0.0014765840753391312,-6.518023916078977,-0.007741138400235492
2024-05-01,0.9992068756365176,1.0017033075827295,0.9979178979797908,0.9993665205656856,871653944.3167099,5228501342.740427,-0.000113737025149,-0.0001137434936949,Wednesday,0,0,1,0,0,0,0,0.4857757805497336,0.3959370469900684,0.0026753570616899636,-5.9236724265363705,-0.5046654460636395,0.0014538412926519914,-6.533546058062192,-0.01552214198321522
2024-05-02,0.9982546740422182,1.002395543343533,0.9978796010029992,1.002395543343533,614311721.440547,5227859745.049047,0.003030942817789,0.0030263587709268,Thursday,0,0,0,1,0,0,0,-0.2952343926784999,-0.3498900033352957,0.0018906801604037457,-6.27081864141993,-0.34714621488355935,0.0015291943000295945,-6.483014283568794,0.05053177449339774
2024-05-03,0.9994735711066884,1.0031229447080088,0.9988366021767487,0.9997209804491008,541726837.307715,5298250012.07654,-0.002668171174735,-0.0026717370878339,Friday,0,0,0,0,1,0,0,-0.1181564368699038,-0.1257406047722171,0.0030240295640630117,-5.801165044236776,0.4696535971831537,0.0015975328342513093,-6.439294818401859,0.04371946516693548
2024-05-04,1.0002669570347826,1.000869400168202,0.9969417638355714,0.9997783955948102,744894131.6055549,5375040415.532802,5.74311701286856e-05,5.742952102217419e-05,Saturday,0,0,0,0,0,1,1,0.3750364211371635,0.3184802188674864,0.0027636737869377037,-5.891194402133872,-0.09002935789709543,0.0015974752570936293,-6.4393308603498225,-3.604194796391624e-05
2024-05-05,1.0001112259160114,1.0002548662555095,0.99895776749609,0.9998665288548876,558106493.8629817,5441012874.735423,8.815279512508489e-05,8.814890989576825e-05,Sunday,0,0,0,0,0,0,1,-0.2507572953219119,-0.288692309665483,0.000904856371977682,-7.007734331856355,-1.1165399297224834,0.0015961203465235138,-6.44017937770742,-0.0008485173575971672
2024-05-06,1.000425879880566,1.001148614188818,0.998522052587872,0.9993035223896392,607653350.0561103,5406596156.162705,-0.000563081620397,-0.0005632402103882,Monday,1,0,0,0,0,0,0,0.0887767061267927,0.08505477804727,0.0017215724335951253,-6.36451720020962,0.6432171316467352,0.0015913327716017569,-6.443183392727958,-0.0030040150205383753
2024-05-07,0.999325417131526,1.0007067180504994,0.9984002444913724,0.9995376070754708,647666121.646785,5382985359.741899,0.0002342478342034,0.0002342204024633,Tuesday,0,1,0,0,0,0,0,0.0658480227040301,0.0637707477600359,0.001626307770033795,-6.421443005304217,-0.05692580509459688,0.0015835950187201668,-6.4480576882789435,-0.004874295550985508
2024-05-08,0.999504441337702,1.0008058843942125,0.9977196269450374,0.9977196269450374,577808214.588595,5406296223.549856,-0.0018188211404597,-0.0018204772039904,Wednesday,0,0,1,0,0,0,0,-0.107860986893318,-0.1141333142545852,0.001880303585683195,-6.276322033430673,0.14512097187354378,0.001563835211246426,-6.460614006063338,-0.012556317784394366
2024-05-09,0.9979018494084196,1.0018426160796807,0.9979018494084196,0.9991903419651388,646765903.3532007,5433416709.206171,0.0014740764643517,0.0014729910801356,Thursday,0,0,0,1,0,0,0,0.1193435590279798,0.1127424054678275,0.002669012097909299,-5.926046875820192,0.350275157610481,0.0015649366626537516,-6.459909926956762,0.0007040791065762164
2024-05-10,0.9991085676647432,1.0025487248138012,0.998798617542902,1.0011626389473816,634245185.8290447,5445445484.062355,0.0019738951623209,0.0019719495910801,Friday,0,0,0,0,1,0,0,-0.0193589635125189,-0.0195488022952403,0.002322237809145799,-6.065223985297763,-0.13917710947757111,0.0015938205648455951,-6.44162127405614,0.01828865290062165
2024-05-11,0.9995345926455912,1.0000318541291595,0.9983296072902876,0.9995950558569802,613618603.3702025,5472221329.28838,-0.0015657626737345,-0.0015669897611621,Saturday,0,0,0,0,0,1,1,-0.0325214647579553,-0.0330620401206449,0.001204070711764646,-6.722047203118555,-0.6568232178207918,0.00160902376213317,-6.432127642819181,0.009493631236958677
2024-05-12,0.9996946425263482,1.0013240726893062,0.9986884755054186,0.9986884755054186,670514970.4428301,5471820254.279535,-0.0009069476146861,-0.0009073591405144,Sunday,0,0,0,0,0,0,1,0.0927226892407324,0.0886724617614626,0.0017554030647438626,-6.3450567819129065,0.3769904212056483,0.0016145445699603754,-6.428702362101537,0.0034252807176446964
2024-05-13,0.9996325708240498,1.0005835455866785,0.9978339466747038,0.9992615135197064,614482764.5979899,5475678739.028058,0.000573790554655,0.0005736259997983,Monday,1,0,0,0,0,0,0,-0.0835659281519615,-0.0872651489891598,0.0019320703527413484,-6.2491631293924055,0.09589365252050097,0.001489497091226226,-6.509316738665327,-0.08061437656379056
2024-05-14,0.999434008857333,1.0006268814516064,0.9981288123102672,0.9981288123102672,735969571.2364478,5457903602.6735,-0.0011335383121576,-0.0011341812526212,Tuesday,0,1,0,0,0,0,0,0.1977058001259606,0.1804078936797789,0.001569837560004782,-6.456783129939896,-0.2076200005474904,0.0013090392548894285,-6.638461804047618,-0.12914506538229098
2024-05-15,1.000008279902889,1.0007293281218863,0.9977334421373704,0.999416807767566,756551814.6718051,5452817652.465452,0.0012904100567117,0.0012895781932075,Wednesday,0,0,1,0,0,0,0,0.0279661608845847,0.0275822490637361,0.002087908284958838,-6.171592534754611,0.2851905951852851,0.0013289193339107296,-6.623389197924812,0.015072606122806143
2024-05-16,0.9996312995151948,1.000859370109065,0.9985957169152824,0.9993028569950704,569121982.3099947,5461768882.724702,-0.0001140172664798,-0.0001140237669425,Thursday,0,0,0,1,0,0,0,-0.2477422282611511,-0.2846762322008585,0.0015880006282114733,-6.445279520558107,-0.27368698580349626,0.0013175508788071083,-6.631980660603996,-0.00859146267918387
2024-05-17,0.9999222783792032,1.001612470026696,0.9977708911247952,0.999747858876584,488302216.3902774,5446305325.399514,0.000445312327888,0.0004452132057791,Friday,0,0,0,0,1,0,0,-0.1420078092778635,-0.1531602812580473,0.002715083573933745,-5.908932543773965,0.5363469767841424,0.0013077341033313479,-6.63945933152718,-0.007478670923184438
2024-05-18,0.9993973885078948,1.000877109238516,0.9989041145599316,1.0000297957462403,556609860.5775198,5457916325.000385,0.0002820079754639,0.0002819682186891,Saturday,0,0,0,0,0,1,1,0.1398880486191511,0.1309300546185202,0.001338730165966792,-6.616033751649661,-0.707101207875696,0.0013079052424022862,-6.63932847321794,0.00013085830924008945
2024-05-19,1.0015467300252838,1.001985155526723,0.9971607314250576,0.9989327652761538,528691595.51635575,5508249340.01772,-0.0010969977842189,-0.0010975999266944,Sunday,0,0,0,0,0,0,1,-0.0501576904013107,-0.0514592980615146,0.0030015514060163294,-5.808625988643649,0.8074077630060117,0.001312748887656658,-6.635631952784956,0.003696520432984407
2024-05-20,0.999899588494224,1.0031184899941683,0.998817680219024,1.001342016497726,565120204.8229802,5451559132.550999,0.002411825205179,0.0024089214227753,Monday,1,0,0,0,0,0,0,0.0689033259003215,0.0666331938097353,0.0029030851366008354,-5.841981267259501,-0.03335527861585241,0.0012600873727706132,-6.676574216954157,-0.04094226416920144
2024-05-21,0.9989201957768729,1.001162290378593,0.9973397361667936,1.001162290378593,754195617.361435,5368113014.264296,-0.0001794852469704,-0.0001795013563749,Tuesday,0,1,0,0,0,0,0,0.334575566268563,0.2886133134137104,0.0023184468909389104,-6.066857761042129,-0.2248764937826273,0.0011904217447755202,-6.733447627271771,-0.05687341031761406
2024-05-22,1.0002931846638854,1.0011202356480575,0.9985701391860294,0.9997752503550764,468503020.8202082,5333692522.609821,-0.0013854297518458,-0.0013863903469717,Wednesday,0,0,1,0,0,0,0,-0.3788043711268527,-0.4761092243177655,0.0017745105844698635,-6.334230621133684,-0.26737286009155525,0.0012169913143352808,-6.711373601949396,0.022074025322375235
2024-05-23,1.0005404980539316,1.001729183473535,0.9962201169305038,0.9993221160878156,392610359.4760727,5301507267.3592415,-0.0004532361319204,-0.0004533388744617,Thursday,0,0,0,1,0,0,0,-0.1619896947756498,-0.1767248811719073,0.0038252628520392767,-5.566128094577321,0.7681025265563628,0.00121827202622019,-6.710321796190527,0.0010518057588688734
2024-05-24,0.9986164936884546,1.00282362523824,0.9981389579170789,0.999983817596903,417275007.4545556,5299374749.341044,0.0006621503701706,0.000661931245338,Friday,0,0,0,0,1,0,0,0.0628222037019021,0.0609278263882493,0.003199893881524275,-5.744637631749992,-0.17850953717267082,0.0012234610501134795,-6.706071510395414,0.004250285795113662
2024-05-25,0.9996584984475888,1.0005643694512028,0.998495548910966,0.9991635869721108,307987252.4785105,5308744631.218834,-0.0008202438983095,-0.0008205804824025,Saturday,0,0,0,0,0,1,1,-0.2619082212536953,-0.3036871006690506,0.001430836981425942,-6.549495704236088,-0.8048580724860965,0.0012243200811115221,-6.70536962490218,0.0007018854932336893
2024-05-26,0.9999428053704122,1.0006288468712825,0.9984940754836142,1.000261309652913,188338293.2230728,5294593281.239801,0.0010986415989484,0.0010980385339281,Sunday,0,0,0,0,0,0,1,-0.3884867256439001,-0.4918186162309965,0.0014971460825422426,-6.504194594777056,0.04530110945903232,0.001238215164404641,-6.694084319817455,0.011285305084724584
2024-05-27,0.9998270122471936,1.0019661486265374,0.9988163300226094,0.9988163300226094,230284057.83738256,5298714235.494116,-0.0014446021418192,-0.0014456465854849,Monday,1,0,0,0,0,0,0,0.2227150087031324,0.2010738031422585,0.0021358090071587482,-6.14890977800623,0.35528481677082624,0.0012660152812649496,-6.671880884823562,0.022203434993893545
2024-05-28,0.999678346808918,1.000302619025933,0.998187355046119,0.9991974803750469,266724657.10058084,5331206980.200505,0.0003816020433193,0.0003815292517773,Tuesday,0,1,0,0,0,0,0,0.1582419538956152,0.1469032985135569,0.0014666731797694948,-6.524758585983963,-0.3758488079777331,0.001267911967383579,-6.670383851730868,0.001497033092693556
2024-05-29,0.9993567826442512,1.0007587166581804,0.9972987028968447,1.000200795135046,261782963.79447195,5312471239.1350975,0.0010041205864756,0.0010036167946165,Wednesday,0,0,1,0,0,0,0,-0.0185273208702463,-0.018701101486205,0.0023921127094052004,-6.035578324687276,0.4891802612966867,0.0012686315638296554,-6.669816468237128,0.0005673834937400812
2024-05-30,1.0005271568519514,1.001415018871833,0.999115101456632,1.0005365759872804,326211184.5362127,5330799878.645646,0.0003357134426082,0.0003356571034593,Thursday,0,0,0,1,0,0,0,0.246113115261098,0.220029198958322,0.0016258464385056097,-6.4217267135798375,-0.3861483888925612,0.0012616585639344978,-6.675328103026241,-0.005511634789113096
2024-05-31,0.999139160498293,1.000892730886484,0.9976555982382304,0.9998854729575714,330177850.1562306,5337403718.244954,-0.000650753850819,-0.0006509656830116,Friday,0,0,0,0,1,0,0,0.0121598087620984,0.0120864721947426,0.0022431603282459718,-6.099869546620097,0.32185716695974076,0.0012670739086122615,-6.671045045790989,0.00428305723525213
2024-06-01,0.999001298535679,1.0004865817679804,0.997912634494294,0.99825893624813,276660929.8879786,5309101397.543725,-0.0016267230132168,-0.0016280475637438,Saturday,0,0,0,0,0,1,1,-0.1620851315220852,-0.1768387725890614,0.0017619429899225056,-6.341338107313668,-0.24146856069357092,0.0011783601622031802,-6.743631500071647,-0.0725864542806578
2024-06-02,0.9994712039495458,1.0000350379508038,0.9988084310887698,0.9997504126276712,218281859.09705505,5313428584.99692,0.0014940776640044,0.0014929626404544,Sunday,0,0,0,0,0,0,1,-0.2110130650343781,-0.2370055172522971,0.0008503029971790913,-7.069917804729755,-0.7285796974160874,0.0011067480673171977,-6.806329232622175,-0.0626977325505278
2024-06-03,0.9998067057693678,1.0004657799718963,0.9984798384060574,0.9984798384060574,340612702.6834191,5267138926.245577,-0.0012708914200638,-0.0012716996874506,Monday,1,0,0,0,0,0,0,0.5604260660615497,0.4449589032413916,0.0011370119293685212,-6.779351572299983,0.2905662324297724,0.0011307911755416746,-6.784837735905678,0.021491496716496528
2024-06-04,1.0011403548131743,1.0012278461032953,0.9978795581647402,1.0001060965554982,330650984.6652172,5256960930.524967,0.0016287340884488,0.0016274091395479,Tuesday,0,1,0,0,0,0,0,-0.0292464665578275,-0.0296826704674587,0.002279875564855631,-6.083634414322862,0.6957171579771204,0.0011690644515688017,-6.751551464078063,0.03328627182761501
2024-06-05,1.0001880404974586,1.000688334231276,0.9982392889672088,0.9993521403765208,314305291.98894054,5277171710.612478,-0.0007538761953098,-0.0007541605028662,Wednesday,0,0,1,0,0,0,0,-0.0494348828049813,-0.0506986110414654,0.001652904608438884,-6.405221169951875,-0.3215867556290126,0.0011726447215182887,-6.748493635394334,0.003057828683728836
2024-06-06,0.9992901725919564,1.000161904686634,0.9981731390866202,0.9997164753183552,270333089.1208788,5298599780.906561,0.0003645711327511,0.0003645046928432,Thursday,0,0,0,1,0,0,0,-0.139902839655684,-0.1507099189714671,0.0013822516857119906,-6.584041453204931,-0.17882028325305654,0.0011737528666818497,-6.747549085117329,0.0009445502770049075
2024-06-07,0.9987007279852336,1.000273471788507,0.9966840656774651,1.0000478728881397,249076678.5598512,5270219855.450003,0.0003314915558223,0.0003314366246357,Friday,0,0,0,0,1,0,0,-0.0786304430218043,-0.0818940669890393,0.0023999272996523685,-6.032316833898556,0.5517246193063752,0.0011273358971075275,-6.787898042982895,-0.04034895786556536
2024-06-08,0.9995809658023824,1.0021170741915175,0.998485512637504,0.999565501814718,320486890.8676756,5263886291.5488615,-0.0004823479820306,-0.0004824643492396,Saturday,0,0,0,0,0,1,1,0.2866997131996245,0.2520805783127108,0.0025671131543173317,-5.9649732976917065,0.06734353620684974,0.0010983268468196697,-6.8139673054919685,-0.02606926250907371
2024-06-09,1.000095146027126,1.0004199305675492,0.9984957907181076,0.9984957907181076,360583698.5711841,5265247138.417121,-0.0010701760861778,-0.001070749133483,Sunday,0,0,0,0,0,0,1,0.1251121616704875,0.1178827299493978,0.0009293309522168815,-6.981045636932208,-1.0160723392405018,0.001055897318089197,-6.853364335083815,-0.03939702959184643
2024-06-10,0.9991599766251684,1.000122784397408,0.9979489154732256,0.9993027861978212,428547972.5136754,5270959669.599352,0.0008082111985001,0.0008078847716988,Monday,1,0,0,0,0,0,0,0.1884840446526015,0.1726785829510539,0.0015360753145417174,-6.478524612553966,0.5025210243782423,0.0010270474718530906,-6.8810671252937885,-0.02770279020997357
2024-06-11,1.0000958495371364,1.003422072576134,0.9977828462381092,1.0006214661757988,338149188.17896855,5290608796.05564,0.0013196000213258,0.0013187301144196,Tuesday,0,1,0,0,0,0,0,-0.2109420418079848,-0.2369155030495971,0.0039717418528370215,-5.52855052664414,0.949974085909826,0.001041802025146762,-6.866803348762999,0.014263776530789585
2024-06-12,1.0002061378955371,1.0041514651179175,0.9987649832116904,0.9995286978665504,296432478.1905879,5292827067.102288,-0.0010920896124932,-0.0010926863768738,Wednesday,0,0,1,0,0,0,0,-0.1233677662011766,-0.1316677202853621,0.003779896746632741,-5.578058585429345,-0.04950805878520548,0.001055548206992585,-6.853695019532593,0.013108329230405502
2024-06-13,1.0000694602192786,1.0012110710603193,0.9988165823001148,0.9997220557084638,318052674.8651325,5278040389.9564495,0.0001934490148467,0.0001934303059988,Thursday,0,0,0,1,0,0,0,0.0729346420018259,0.0703975503318974,0.001679309420005008,-6.389372629595922,-0.8113140441665765,0.0010356400386240905,-6.872735648586198,-0.019040629053604263
2024-06-14,1.000261326999356,1.001147874257633,0.9968075808680492,0.9993355616226824,332755302.46122086,5235089150.630522,-0.0003866015394723,-0.0003866762891136,Friday,0,0,0,0,1,0,0,0.0462270207358666,0.0451903791259789,0.0030178115380771957,-5.803223366551454,0.5861492630444678,0.0010109898668170976,-6.896825361924698,-0.024089713338500296
2024-06-15,1.0004213327818547,1.0008943919090787,0.9979942687506328,0.9993259190798744,384608413.5328984,5227822195.61675,-9.648953943286465e-06,-9.649000494742012e-06,Saturday,0,0,0,0,0,1,1,0.1558295560976688,0.1448183165573384,0.0019355610643884903,-6.247358038773112,-0.4441346722216579,0.0010107770444562005,-6.89703589298097,-0.00021053105627188984
2024-06-16,0.999217809845082,1.0007997132290198,0.9981176866383494,0.9993050864463312,311121830.0472659,5235484124.258596,-2.084668589641403e-05,-2.084690319159039e-05,Sunday,0,0,0,0,0,0,1,-0.1910685801452096,-0.2120411370190655,0.0018967307881556557,-6.267623512620028,-0.020265473846915683,0.001007510575672549,-6.90027276725307,-0.0032368742721002874
2024-06-17,0.9987610593203408,0.999842460534368,0.998346748778003,0.9987047825379082,342837390.34491485,5242414421.224503,-0.0006007213578366,-0.000600901863204,Monday,1,0,0,0,0,0,0,0.1019393601947851,0.0970716821702047,0.0010580070795430908,-6.851368254128823,-0.5837447415087951,0.0010121578232603233,-6.895670768437823,0.004601998815247477
2024-06-18,0.999787861916023,1.0000525365125097,0.9981699065134962,0.9991981236759384,559695182.4535372,5264060940.198322,0.0004939809507835,0.0004938589823587,Tuesday,0,1,0,0,0,0,0,0.6325383351286467,0.4901360643605176,0.001280943825931134,-6.660158108761191,0.1912101453676316,0.0009962107352528228,-6.911551741180762,-0.015880972742939647
2024-06-19,0.9993228080068202,1.0001879985201416,0.9972276826540069,0.9983588250869324,555919136.7360166,5256564698.922938,-0.0008399721427801,-0.0008403251170534,Wednesday,0,0,1,0,0,0,0,-0.006746611076707,-0.006769472339267,0.0020083038669588683,-6.2104647604348395,0.44969334832635166,0.0009069420920917743,-7.00543195543115,-0.09388021425038762
2024-06-20,0.9971390129989048,0.9998072899834992,0.9970144804561843,0.9989228535207464,491862685.5876626,5218323492.763464,0.0005649556248124,0.0005647960974644,Thursday,0,0,0,1,0,0,0,-0.1152262027251849,-0.1224232629441527,0.0016365341090124684,-6.415174621580624,-0.20470986114578427,0.0009121968473051694,-6.999654749836947,0.005777205594203139
2024-06-21,0.9986091489033768,1.0013820715645612,0.9979323617582818,1.000149481209446,450484183.6090112,5175290536.380545,0.0012279503711185,0.001227197056687,Friday,0,0,0,0,1,0,0,-0.0841261254230205,-0.0878766152982007,0.0022442530566218546,-6.099382527349188,0.31579209423143606,0.0009045630081015112,-7.00805859485693,-0.008403845019983258
2024-06-22,0.9991259499077432,0.9998527250014028,0.9988805791312676,0.9992703493913272,377452994.5863851,5188670036.353901,-0.0008790004240722,-0.0008793869714785,Saturday,0,0,0,0,0,1,1,-0.1621170990678155,-0.1768769246218636,0.0006819570064622804,-7.2905439424858285,-1.1911614151366408,0.0009149650699940694,-6.996624668287302,0.011433926569628383
2024-06-23,0.999554902844924,0.9996980444184153,0.9986824207141232,0.9993474310267902,259284136.2783827,5209198431.303476,7.713791919283786e-05,7.713494421653716e-05,Sunday,0,0,0,0,0,0,1,-0.3130690708587236,-0.3755215316377241,0.0007070615186802614,-7.254392882161149,0.03615106032467974,0.0009070580504271697,-7.00530410722118,-0.008679438933878458
2024-06-24,0.9983912199330324,1.0010279063431995,0.99696611064673,0.9988432968717124,349090638.02884793,5185474764.092608,-0.0005044633522096,-0.0005045906366552,Monday,1,0,0,0,0,0,0,0.3463632717353895,0.2974070846568089,0.0028612095766274003,-5.856510814668892,1.3978820674922572,0.0008993310215162217,-7.013859380457807,-0.008555273236626526
2024-06-25,0.999340913573356,1.0012291628752288,0.9985473470263626,1.0001676201483876,464373950.8437538,5183084577.410146,0.0013258568994984,0.0013249787273741,Tuesday,0,1,0,0,0,0,0,0.3302389129248981,0.2853585598795661,0.0018255782522765781,-6.305858491571712,-0.4493476769028204,0.0009094644686818949,-7.0026546276390516,0.011204752818755104
2024-06-26,0.9999491661685712,1.0005879995193867,0.9982962552848968,1.0001139940990509,365067197.6381267,5189756646.175616,-5.361706203677041e-05,-5.361849948282246e-05,Wednesday,0,0,1,0,0,0,0,-0.2138508265271764,-0.2406087164270566,0.0016181737533336703,-6.42645707838981,-0.12059858681809832,0.0008703782604363821,-7.046582658695215,-0.043928031056163164
2024-06-27,1.0005461175343298,1.0005461175343298,0.9978345703212114,0.9990174989297904,388923343.0804356,5175684318.164804,-0.0010963701895284,-0.0010969716429753,Thursday,0,0,0,1,0,0,0,0.0653472719451402,0.0633008229536494,0.0016670843394342772,-6.396679082951432,0.029777995438378113,0.0008904031241098619,-7.02383624935022,0.022746409344994944
2024-06-28,1.0004335852390704,1.000991813410553,0.9984404472011316,0.9991166893247736,431578643.0007688,5166104854.608336,9.928794549596276e-05,9.928301677414143e-05,Friday,0,0,0,0,1,0,0,0.1096753400875487,0.1040674861341373,0.001608218871645368,-6.432628003280742,-0.035948920329309964,0.0008715339379454582,-7.045255751771072,-0.021419502420852332
2024-06-29,0.9994558325091104,1.0005140264119,0.9989952075137312,0.9993511737812176,382153511.4577232,5148236240.04275,0.0002346917621829,0.0002346642263795,Saturday,0,0,0,0,0,1,1,-0.114521727023822,-0.1216273585072763,0.001072257347455304,-6.837989182219296,-0.40536117893855383,0.0008704317656152249,-7.0465211871066336,-0.001265435335561449
2024-06-30,0.9978546165045736,1.002583020857148,0.9978546165045736,1.0005500897942328,348739862.91626185,5138737618.735392,0.0011996944062004,0.001198975347909,Sunday,0,0,0,0,0,0,1,-0.087435147237049,-0.0914961245299092,0.0028918709232663036,-5.8458516080238905,0.9921375741954055,0.000889631558983753,-7.024703159620855,0.021818027485778657
2024-07-01,1.0007358220928635,1.0007358220928635,0.998724669800169,1.0001859533409565,405951032.7210579,5162558910.53217,-0.0003639362556562,-0.0003640024965274,Monday,1,0,0,0,0,0,0,0.1640511334906769,0.1519062774600925,0.0013808580531632728,-6.585050195382113,-0.7391985873582225,0.0008411359039985144,-7.080757312951155,-0.05605415333030006
2024-07-02,0.9995619224015916,1.0004165858921743,0.9984614433733968,0.9995269162941957,527822821.3784092,5160953794.452674,-0.0006589145194045,-0.0006591316989836,Tuesday,0,1,0,0,0,0,0,0.3002130277645909,0.2625281185539008,0.0013830996948716915,-6.583428142945529,0.0016220524365841982,0.0008047940817516486,-7.124924112334147,-0.044166799382992394
2024-07-03,0.9994053342171092,1.0005821909073662,0.9970210726399162,0.9984912827571292,486434222.4919142,5163891554.294266,-0.001036123710311,-0.0010366608575486,Wednesday,0,0,1,0,0,0,0,-0.0784138108663219,-0.0816589749018449,0.0024561340741401216,-6.009166679739313,0.5742614632062155,0.0007934786503993207,-7.139083923968695,-0.014159811634547381
2024-07-04,1.0012516274873455,1.003784000395203,0.9978173139604076,0.9997518052398068,585796556.9528232,5157385271.935864,0.0012624271282539,0.0012616309371452,Thursday,0,0,0,1,0,0,0,0.2042667433057932,0.1858708699447585,0.00411147457013906,-5.493973538629229,0.5151931411100845,0.0007709626703730789,-7.167870602728633,-0.028786678759938233
2024-07-05,0.9964542394335116,1.0007404220747491,0.9964542394335116,1.0006561736422088,1098543657.5316503,5187346111.01128,0.0009045929176243,0.000904184020023,Friday,0,0,0,0,1,0,0,0.8752989318442188,0.6287680770316285,0.0015398865833219845,-6.4760465124622035,-0.9820729738329748,0.0007763223954699322,-7.160942665980058,0.006927936748574837
2024-07-06,0.998831767108023,1.0006302492429304,0.99860417458282,0.9997487768051628,1036760350.1637636,5236298393.452929,-0.0009068018175946,-0.0009072132110831,Saturday,0,0,0,0,0,1,1,-0.0562411033410445,-0.0578845515399393,0.0013148246009883925,-6.634052005527539,-0.1580054930653354,0.0007910007583330585,-7.142211631495362,0.01873103448469582
2024-07-07,1.0001642104551085,1.0001642104551085,0.9978111765341604,0.9986065956866342,822453299.3194565,5331695806.575996,-0.0011424681330229,-0.0011431212472293,Sunday,0,0,0,0,0,0,1,-0.2067083784699673,-0.2315643802703129,0.0013548555158175441,-6.604060460728854,0.029991544798685155,0.000815829678716119,-7.111304951850272,0.030906679645090307
2024-07-08,0.9996420088490928,1.0031771956541469,0.997102134344992,1.0003794458397717,474252630.24216574,5263133615.316872,0.0017753238971132,0.0017737498723039,Monday,1,0,0,0,0,0,0,-0.4233683169189196,-0.5505515471759457,0.0042706062123959556,-5.455999491702258,1.148060969026596,0.0008733223670068284,-7.04320580681849,0.06809914503178227
2024-07-09,0.9998739916094964,1.0020745041505663,0.9967908723052112,0.9999769067818532,127120807.77400257,5268537282.455825,-0.0004023863740828,-0.0004024673532038,Tuesday,0,1,0,0,0,0,0,-0.7319555028949626,-1.316602278279375,0.0037376739785156305,-5.589291791913103,-0.13329230021084548,0.0008543269273717285,-7.065196618495728,-0.021990811677238042
2024-07-10,0.9996737336204172,1.0015322582639985,0.9974074255424386,0.999898321000503,149215146.33686385,5287106654.598175,-7.858759619072675e-05,-7.859068435765974e-05,Wednesday,0,0,1,0,0,0,0,0.1738058383183101,0.160251322990956,0.0029149067311457803,-5.8379174558679745,-0.24862566395487118,0.0008416201371223944,-7.080181789077923,-0.01498517058219484
2024-07-11,0.9996631148994076,1.0004416033899064,0.9969820852227786,1.000232158597208,171643084.37782097,5284910069.898362,0.0003338715444296,0.000333815821728,Thursday,0,0,0,1,0,0,0,0.1503060419236828,0.1400280303825027,0.002423735224067949,-6.022445447736279,-0.18452799186830493,0.0008087463043595387,-7.120025281730499,-0.039843492652576806
2024-07-12,1.0002787583427972,1.0002787583427972,0.9985477105100876,1.0000957128835606,321353303.14356625,5298743308.387782,-0.0001364140439543,-0.0001364233491963,Friday,0,0,0,0,1,0,0,0.8722181805833957,0.6271239207209822,0.0012194612181143586,-6.709346142278217,-0.6869006945419374,0.0007841506096079734,-7.150909451971692,-0.030884170241192166
2024-07-13,0.9997637013226894,1.000611032988607,0.998786994637048,0.999607394753356,152789707.07847092,5318680227.195176,-0.0004882713963412,-0.0004883906396364,Saturday,0,0,0,0,0,1,1,-0.5245429078094419,-0.7434786383121488,0.0012865134910560482,-6.655819439662365,0.05352670261585146,0.0007884135017037349,-7.1454878573836735,0.005421594588018053
2024-07-14,1.0015761873599738,1.0015761873599738,0.9981785890773608,0.9994438443550812,132306128.9089154,5365289994.161356,-0.0001636146342387,-0.0001636280205731,Sunday,0,0,0,0,0,0,1,-0.1340638617694017,-0.1439441165215598,0.0020046486075793193,-6.212286491648271,0.44353294801409415,0.0007858144621265329,-7.148789846674158,-0.0033019892904846415
2024-07-15,0.996536430759484,1.0006185410611128,0.996536430759484,0.9999584202351818,147189125.11452353,5360832171.576003,0.0005148622236326,0.0005147297275541,Monday,1,0,0,0,0,0,0,0.1124890912336658,0.1065999293775227,0.001953502648984956,-6.238131287450127,-0.025844795801855724,0.0007914119166787447,-7.141691971407408,0.007097875266750542
2024-07-16,1.0009608252255084,1.0027210232244936,0.9981405303041078,0.9982745076020528,236843736.7328234,5342404705.927369,-0.0016839826527316,-0.0016854021453434,Tuesday,0,1,0,0,0,0,0,0.6091116551480433,0.475682259728156,0.0027733930424040914,-5.887683783335877,0.35044750411424985,0.0008491197491910705,-7.071310334259862,0.07038163714754564
2024-07-17,1.0001020474966813,1.0012666946690736,0.9976574384289744,0.9989679284517272,160910371.45069972,5337897616.49061,0.0006946194101862,0.0006943782737826,Wednesday,0,0,1,0,0,0,0,-0.3206053338357092,-0.3865530740896935,0.002454194016569346,-6.0099568744619,-0.12227309112602303,0.0008514929749541577,-7.068519308096201,0.0027910261636607814
2024-07-18,0.9986592199222356,1.0005119953399972,0.9981962883453468,0.9993438949168216,186790333.76835927,5317157590.074515,0.0003763548902686,0.0003762840865312,Thursday,0,0,0,1,0,0,0,0.1608346440589054,0.1491392671277618,0.0015821723795221094,-6.448956452537248,-0.4389995780753475,0.0008494881127520013,-7.07087661017915,-0.00235730208294882
2024-07-19,0.9991258621689292,1.000296306353646,0.9978654071617726,0.9997618915883104,170005837.06296802,5302182726.7135935,0.0004182711012845,0.0004181836503121,Friday,0,0,0,0,1,0,0,-0.089857415888586,-0.0941540059084663,0.001674405679657473,-6.39229699478289,0.05665945775435777,0.0008390000570966656,-7.083299783443834,-0.012423173264683562
2024-07-20,0.9996813879365454,1.000788885441911,0.9979200667563726,1.0002190067314003,135399935.917823,5393591147.7903385,0.0004572240119731,0.0004571195169251,Saturday,0,0,0,0,0,1,1,-0.2035571351137045,-0.2275998849277415,0.0020021789513171547,-6.213519215811518,0.17877777897137204,0.0008368113386598174,-7.085911914721734,-0.002612131277900609
2024-07-21,0.9991041917054968,1.0010392212556474,0.9986025041559138,1.0010392212556474,87140453.60323638,5465291177.201195,0.0008200349310771,0.0008196988861329,Sunday,0,0,0,0,0,0,1,-0.3564217515130604,-0.4407116610681237,0.0012343627146090626,-6.697200462646088,-0.48368124683457037,0.000820030286905619,-7.10616928313731,-0.020257368415576238
2024-07-22,1.000438649180093,1.001508077148649,0.997214713275289,0.9997112607402864,128207144.78629725,5376540778.463006,-0.0013265819032497,-0.0013274625919794,Monday,1,0,0,0,0,0,0,0.4712701103214782,0.386126048366546,0.0030039877402801177,-5.807814626220361,0.8893858364257268,0.0008398874057628972,-7.0822427158696355,0.023926567267674947
2024-07-23,1.000054739270843,1.0012677860040826,0.9963096293777284,0.9990506709323324,183451999.25555933,5341821710.314821,-0.0006607806012556,-0.0006609990129772,Tuesday,0,1,0,0,0,0,0,0.4309030870420463,0.3583057743410744,0.003454236290064871,-5.668153891040258,0.13966073518010358,0.0008483964389032491,-7.072162532709184,0.010080183160451561
2024-07-24,0.9993884378876928,1.0010789767484063,0.9982720248963936,0.9982720248963936,180946181.0349436,5307484370.756678,-0.0007793859296567,-0.0007796898087734,Wednesday,0,0,1,0,0,0,0,-0.0136592581753495,-0.0137534041346323,0.0018599610808047568,-6.287199715774461,-0.6190458247342034,0.0008553089113222278,-7.0640478544884875,0.008114678220696447
2024-07-25,0.9995488740397592,1.0013802365521935,0.997861467858672,1.000508799836175,244367188.692114,5265125582.022683,0.0022406467215323,0.0022381402160975,Thursday,0,0,0,1,0,0,0,0.3504965249580083,0.3004723210950629,0.0024165353621174107,-6.025420433176683,0.26177928259777783,0.0009165206492042884,-6.99492596043719,0.06912189405129787
2024-07-26,1.0010631509759538,1.0023270528277215,0.997713412178528,1.0004982214921323,209459347.019683,5266326095.284134,-1.0572964520116912e-05,-1.0573020414300262e-05,Friday,0,0,0,0,1,0,0,-0.1428499540354105,-0.1541422929037409,0.0032433555689509665,-5.731146815684169,0.29427361749251446,0.0009164704006460402,-6.994980787282378,-5.482684518831604e-05
2024-07-27,1.000246945179237,1.0011192019841162,0.9969101370078406,0.9989501325120392,138951861.94054335,5257066935.946924,-0.0015473180729739,-0.0015485164058776,Saturday,0,0,0,0,0,1,1,-0.3366165610767134,-0.4104021167191575,0.0028680063048966893,-5.854138157887107,-0.12299134220293784,0.0009379427155853664,-6.9718216816274605,0.02315910565491741
2024-07-28,1.0003017988912322,1.0011428676284286,0.9986790213833836,1.0006376038950884,153660434.45753112,5281602378.466378,0.0016892448663134,0.0016878196969519,Sunday,0,0,0,0,0,0,1,0.1058537274101549,0.1006176406559808,0.0017298246518124155,-6.359735232943315,-0.5055970750562082,0.0009870996968153482,-6.920739513687325,0.05108216794013565
2024-07-29,1.000745169751593,1.0031988804671037,0.999189368238155,1.000624198457675,135311095.91099814,5262367156.93385,-1.339689550072798e-05,-1.3396985239933991e-05,Monday,1,0,0,0,0,0,0,-0.11941485530294,-0.1271686553268955,0.002830778626965463,-5.867203471965846,0.4925317609774691,0.0009861725089736213,-6.921679260273977,-0.0009397465866518573
2024-07-30,0.9993655477236806,1.0001019812321768,0.9991737454341332,0.9991924866534744,152800801.80881694,5238330108.468327,-0.0014308186893814,-0.0014318432879021,Tuesday,0,1,0,0,0,0,0,0.1292555187737358,0.1215585826548571,0.0006477166323335582,-7.342057253035229,-1.474853781069383,0.0009964724421658066,-6.911289073319203,0.010390186954773561
2024-07-31,0.9988089470674651,1.0011667975292804,0.9970525308822374,0.9989522650777768,109904135.3775476,5289283450.611982,-0.0002404157145958,-0.0002404446190866,Wednesday,0,0,1,0,0,0,0,-0.2807358726097607,-0.3295266349078004,0.0029104566168781532,-5.839445297091748,1.5026119559434807,0.0009952225151064814,-6.912544212535028,-0.0012551392158250962
2024-08-01,0.9996098570082907,1.0016800890098398,0.9990072241049728,0.9996711303238236,149960913.18476993,5275436643.262587,0.0007196192162304,0.0007193604144739,Thursday,0,0,0,1,0,0,0,0.3644701600137017,0.3107661921207555,0.0018889686086558577,-6.2717243085702155,-0.43227901147846737,0.0009966119346156955,-6.91114909685685,0.0013951156781786267
2024-08-02,0.9998577284014466,1.001196788423649,0.9972417190511674,0.9994913200634488,187923745.77994385,5272869532.509433,-0.0001798694139707,-0.0001798855924138,Friday,0,0,0,0,1,0,0,0.2531515165448421,0.2256615916239563,0.0027895588844966024,-5.881871801564117,0.38985250700609875,0.0009790259366557123,-6.928952422775798,-0.01780332591894851
2024-08-03,0.999580531722299,1.0013870889374592,0.9973904503807128,1.0002782973722106,212909343.0889156,5246386251.865456,0.0007873778320675,0.0007870680127615,Saturday,0,0,0,0,0,1,1,0.1329560413202359,0.1248301828114905,0.00279432443240528,-5.880164907349016,0.0017068942151006183,0.0009623325304434065,-6.9461505012856195,-0.017198078509821357
2024-08-04,1.0004101071039224,1.001817881192939,0.9983674879712194,1.000552872572619,145219562.2289181,5275007346.111609,0.0002744988081113,0.0002744611402065,Sunday,0,0,0,0,0,0,1,-0.3179277145753474,-0.382619636396528,0.002437960080809364,-6.016593621802242,-0.1364287144532259,0.0009493909828570242,-6.959689849620173,-0.013539348334553836
2024-08-05,0.9990703872418046,1.0043437229932286,0.9962429594085154,1.001799904894998,777697315.217601,5192398423.413745,0.001246343253378,0.0012455672123674,Monday,1,0,0,0,0,0,0,4.355320614392647,1.6780905740762055,0.005469625764468257,-5.208545080890875,0.8080485409113667,0.0009620931871024376,-6.946399243900126,0.013290605720047033
2024-08-06,1.0019594602534123,1.0019682103274026,0.9969897740550352,0.9995177685241072,637188853.7584854,5247957479.389457,-0.0022780361225227,-0.0022806347941391,Tuesday,0,1,0,0,0,0,0,-0.1806724270609073,-0.1992713081359308,0.003178954558018337,-5.751202891582081,-0.5426578106912059,0.0010273471970474672,-6.8807753359886075,0.06562390791151884
2024-08-07,1.000106406185363,1.0016077638178973,0.9959215738705454,0.9997680150234698,400832156.1940173,5243841775.586277,0.0002503672343234,0.0002503358976778,Wednesday,0,0,1,0,0,0,0,-0.3709366480130783,-0.4635233087733105,0.0040202290766526115,-5.516416393732804,0.23478649784927708,0.0009760421328099632,-6.932004803620263,-0.05122946763165537
2024-08-08,0.9998821981297324,1.0018394340202827,0.9968422113705246,1.000036196503811,206414319.35797763,5233258455.447767,0.0002682437088517,0.0002682077379405,Thursday,0,0,0,1,0,0,0,-0.4850355287910942,-0.6636573686420508,0.003534612386116965,-5.6451516359661555,-0.12873524223335142,0.000974503339671085,-6.933582611961387,-0.0015778083411239763
2024-08-09,0.9969963589727514,1.0026075895745223,0.9969963589727514,0.9989246605126442,190023561.6668524,5223318757.577318,-0.0011114957589062,-0.0011121139284215,Friday,0,0,0,0,1,0,0,-0.0794070767091466,-0.0827373346903997,0.0037824621281473793,-5.577380124738569,0.06777151122758696,0.0009953278130851201,-6.912438414678782,0.02114419728260497
2024-08-10,0.9982610082736272,1.001084196789271,0.9981915445583428,0.999490845612583,112977549.43565828,5229002927.946075,0.0005667945965497,0.000566634029162,Saturday,0,0,0,0,0,1,1,-0.405455047549685,-0.519958951832148,0.0018976748886052473,-6.267125885033786,-0.6897457602952173,0.000998832064383075,-6.90892389716738,0.003514517511401749
2024-08-11,1.0001329771900065,1.0011260846354757,0.9975645848520684,1.0007904761017352,82871793.62761912,5224209380.764371,0.0013002925388032,0.0012994478905739,Sunday,0,0,0,0,0,0,1,-0.2664755604845603,-0.3098943629147133,0.0024866891838589917,-5.996803098304399,0.2703227867293867,0.0010263189607411477,-6.881776702630737,0.02714719453664305
2024-08-12,0.9989033431518356,1.0005989047932589,0.9975865228259309,0.999551170168978,114164001.18707404,5212522786.413416,-0.0012383270648064,-0.001239094425327,Monday,1,0,0,0,0,0,0,0.3775978072836836,0.3203412629970338,0.0020935861503767372,-6.168876821989584,-0.1720737236851848,0.0010471667783961268,-6.861667068092466,0.020109634538271415
2024-08-13,1.0004811825015734,1.0012250145514592,0.9980100752839488,0.9986219247927228,156990371.2097268,5208105152.06376,-0.0009296626365792,-0.0009300950409023,Tuesday,0,1,0,0,0,0,0,0.3751302475153761,0.3185484520980891,0.0019583984972543073,-6.235628232979942,-0.0667514109903582,0.0010604252371775212,-6.849085284155583,0.012581783936882474
2024-08-14,0.9999508906557464,1.0005256427168965,0.9958143759491378,0.9975791917625624,129239939.23031206,5206968107.893238,-0.001044171977675,-0.0010447175050171,Wednesday,0,0,1,0,0,0,0,-0.1767651848045021,-0.1945138028450624,0.00299341300784314,-5.811341068370838,0.42428716460910376,0.001073336518869258,-6.836983240207721,0.012102043947861851
2024-08-15,0.9991056672653782,1.0020153922514556,0.9970970227703164,0.999018189617338,129418793.26473086,5239423703.03546,0.0014424898460774,0.0014414504570181,Thursday,0,0,0,1,0,0,0,0.0013838913534311,0.0013829346583318,0.003478937922520365,-5.661028226455183,0.15031284191565497,0.0010614257315934522,-6.848142244795323,-0.011159004587601551
2024-08-16,0.998413829771268,1.0018482898358096,0.998413829771268,1.0003554612747745,152601029.13872972,5238746636.00337,0.0013385858949661,0.0013376907875634,Friday,0,0,0,0,1,0,0,0.1791257304229283,0.1647732574495166,0.002106685848284715,-6.162639254334492,-0.5016110278793082,0.001081757720359039,-6.829168041968604,0.018974202826719022
2024-08-17,0.9995547147382452,1.0005022351622863,0.9990149154393688,0.9996627918703168,111320812.83701377,5259198504.351628,-0.0006924232747976,-0.0006926631105117,Saturday,0,0,0,0,0,1,1,-0.2705107333462874,-0.3154106244192276,0.001049799472618787,-6.859156111509711,-0.6965168571752196,0.0010869557709121788,-6.82437436080412,0.004793681164484198
2024-08-18,0.999600879027826,1.000879202358987,0.9983773244800996,0.9997224847238192,91692588.21140984,5257666519.724337,5.971298920770529e-05,5.971120645813375e-05,Sunday,0,0,0,0,0,0,1,-0.1763212478006414,-0.1939746889250584,0.0017681378641320861,-6.337828340356494,0.5213277711532172,0.0010843258012910911,-6.826796866425619,-0.0024225056214994822
2024-08-19,0.997708217759296,1.0012916730084342,0.9956272836816304,0.99973555044632,110072094.31436312,5231981402.951552,1.306934944489413e-05,1.3069264041690782e-05,Monday,1,0,0,0,0,0,0,0.2004470204350303,0.1826940044559045,0.003807954149088392,-5.570663202806077,0.7671651375504167,0.0010811118636736249,-6.829765264019696,-0.0029683975940768548
2024-08-20,0.9990011871959232,1.0008617464303275,0.9960951979266924,0.999048885674896,110695306.7212791,5192640810.47469,-0.0006868464076499,-0.0006870823947078,Tuesday,0,1,0,0,0,0,0,0.0056618565386437,0.0056458884731566,0.0033754708045189864,-5.691220466751279,-0.1205572639452015,0.0010780269292626791,-6.832622826044193,-0.002857562024496829
2024-08-21,0.9989104708784724,1.0012741824385,0.9982158074250626,1.0012741824385,91067245.38284948,5177966015.547402,0.0022274152901944,0.0022249382782977,Wednesday,0,0,1,0,0,0,0,-0.177316111403452,-0.1951832485695151,0.0015878731228024866,-6.445359816828709,-0.7541393500774305,0.00112623939455747,-6.7888711656832035,0.04375166036098932
2024-08-22,1.0002979030575057,1.0026728578501427,0.9990187990691228,0.9990923940789256,102479727.35344186,5169169355.280982,-0.0021790119008771,-0.002181389401672,Thursday,0,0,0,1,0,0,0,0.1253192838172929,0.1180668032281511,0.002470441802416093,-6.003358276962176,0.4420015398665331,0.0011884723421570146,-6.735086542653135,0.0537846230300687
2024-08-23,1.000422708441491,1.0021896280833764,0.9976710034812734,1.0001018641141115,115106892.51733758,5153243334.048054,0.0010103870684718,0.0010098769710261,Friday,0,0,0,0,1,0,0,0.1232162251988233,0.1161961996968471,0.0031891530456471663,-5.74799990036945,0.2553583765927261,0.0011942351881834828,-6.730249308380718,0.004837234272416779
2024-08-24,0.999995543973658,1.001437493177085,0.9990564723806232,0.9993195713780912,120136549.56352346,5162006978.610796,-0.0007822130565802,-0.000782519144841,Saturday,0,0,0,0,0,1,1,0.0436955332229849,0.0427678120828519,0.0016299076952287586,-6.419231894460944,-0.6712319940914941,0.0011312087211768785,-6.784468553183299,-0.05421924480258067
2024-08-25,1.001093967013101,1.001093967013101,0.9994065629009729,0.9998088964624974,77210441.85453908,5164712539.100668,0.0004896582619025,0.0004895384184157,Sunday,0,0,0,0,0,0,1,-0.3573109754270639,-0.4420943038116477,0.0008863414251537755,-7.028408325885597,-0.609176431424653,0.0011347324383651437,-6.781358392962356,0.0031101602209426815
2024-08-26,0.9995016188174316,1.0008799077210646,0.9982174149423636,0.9990949061690364,92900321.23058116,5233969163.43382,-0.0007141267656121,-0.0007143818755919,Monday,1,0,0,0,0,0,0,0.2032092939657188,0.1849923985567096,0.0018664541284509955,-6.283714836150053,0.7446934897355444,0.0011066611888204576,-6.806407734595132,-0.02504934163277639
2024-08-27,0.9994041308019542,1.0026678549922912,0.9981828210084523,0.9982194093352336,109576929.54518837,5338398397.364228,-0.0008762899584383,-0.0008766741249278,Tuesday,0,1,0,0,0,0,0,0.1795107712621939,0.1650997518817116,0.0030831425512321538,-5.781805893316325,0.5019089428337278,0.0010748766099285439,-6.835549405452227,-0.029141670857094404
2024-08-28,0.9994394376984844,1.0020152821630848,0.998907201713091,0.999477292928946,175516906.68868557,5356907990.40278,0.0012601273647345,0.0012593340706113,Wednesday,0,0,1,0,0,0,0,0.6017687976583086,0.4711085171686515,0.002196607166740193,-6.120841305963893,-0.33903541264756765,0.0010991896199675664,-6.813182079801725,0.022367325650502146
2024-08-29,1.0001770357045243,1.001279132818477,0.9973053387591572,1.000106937245644,119186204.3805395,5352597741.518759,0.0006299736083574,0.000629775258283,Thursday,0,0,0,1,0,0,0,-0.3209417449913235,-0.3870483598036818,0.002811553134594006,-5.87401823139086,0.2468230745730331,0.0010738245712431868,-6.836528637723928,-0.023346557922203637
2024-08-30,1.0002326927992524,1.0043145954126993,0.9982628374614722,0.9996400159488396,83280194.85036848,5347373569.48399,-0.0004668713708658,-0.0004669803892373,Friday,0,0,0,0,1,0,0,-0.3012597784851825,-0.3584762488650348,0.0042578377696969325,-5.458993813354824,0.41502441803603585,0.0010763090225899025,-6.834217662759817,0.0023109749641117006
2024-08-31,1.0010111926184444,1.0010111926184444,0.9989778962055232,0.9995315257176816,70250721.96420366,5344450366.28356,-0.000108529299975,-0.0001085351897056,Saturday,0,0,0,0,0,1,1,-0.1564534390148245,-0.1701401787742462,0.0011053828789753491,-6.8075635072183065,-1.3485696938634826,0.001068449559638409,-6.841546691021815,-0.007329028261998438
2024-09-01,1.000118623700633,1.0008327017123722,0.9976689430608428,0.9976689430608428,56310878.13855307,5342885613.830377,-0.0018634556378813,-0.0018651940312869,Sunday,0,0,0,0,0,0,1,-0.1984299013005681,-0.2211828513689412,0.0016397966366993003,-6.413183046847537,0.3943804603707699,0.0011209240799854305,-6.793601862443887,0.047944828577928256
2024-09-02,1.0002012855356202,1.0015897198343142,0.9992884579325828,1.0015897198343142,105805861.34354028,5342710919.75852,0.0039299376819754,0.0039222356492943,Monday,1,0,0,0,0,0,0,0.8789595339501663,0.6307181842495415,0.0013792151834118517,-6.586240649261142,-0.17305760241360524,0.0013223537124463366,-6.628342014757352,0.165259847686535
2024-09-03,1.0005720142726695,1.0011582804445538,0.999412013333757,1.0002977419792871,91641118.9709378,5349697510.578569,-0.0012899272321214,-0.0012907599043882,Tuesday,0,1,0,0,0,0,0,-0.1338748363534518,-0.1437258500935812,0.0012226292029503942,-6.7067516547147905,-0.12051100545364868,0.0013422532353957535,-6.6134055582374165,0.014936456519935248
2024-09-04,1.0005199137791878,1.0017250364819017,0.9893200938015244,0.9999801542344176,105440944.8623761,5368577546.373667,-0.0003174932138116,-0.0003175436254526,Wednesday,0,0,1,0,0,0,0,0.150585523686312,0.1402709638333276,0.00880479859061041,-4.7324584117293895,1.974293242985401,0.0013241186844017159,-6.627008184698021,-0.013602626460604839
2024-09-05,1.000548288245458,1.0016542772702712,0.998096494025896,0.998096494025896,86838764.09311514,5311224726.691224,-0.0018836975919424,-0.0018854739813888,Thursday,0,0,0,1,0,0,0,-0.1764227434943887,-0.1940979189431484,0.002001304564608189,-6.213956028761736,-1.4814976170323462,0.0013032322098243297,-6.642907785033185,-0.01589960033516391
2024-09-06,1.000120570097877,1.000832238427659,0.9976092395623224,1.0005594351787872,78667693.81030604,5193752406.997141,0.00246763831717,0.002464598697166,Friday,0,0,0,0,1,0,0,-0.0940947325556988,-0.0988205397258295,0.0022644256145483536,-6.090434144017862,0.12352188474387393,0.0013779695746292122,-6.587144186003645,0.05576359902954042
2024-09-07,1.0003624046219703,1.0007727936738573,0.9995037470240824,1.000558555022197,148825762.21245337,5107480621.029353,-8.79664475039732e-07,-8.796648619447533e-07,Saturday,0,0,0,0,0,1,1,0.8918282080484239,0.637543667378456,0.000888914107798331,-7.025509943767855,-0.9350757997499937,0.0013770992440783328,-6.587775989154202,-0.0006318031505569977
2024-09-08,1.0000953713833964,1.000801639028636,0.9997139484350932,1.000762320477393,62953207.99861564,5118617556.388423,0.0002036517045136,0.0002036309703202,Sunday,0,0,0,0,0,0,1,-0.5770006008183718,-0.8603845203112692,0.0006477237457711858,-7.342046270765805,-0.31653632699794976,0.0013625556627592371,-6.598393178860078,-0.010617189705875774
2024-09-09,0.9990038859391676,1.0021262506350448,0.9990038859391676,1.0007619450270435,69052076.58181415,5095624895.553414,-3.751643540272909e-07,-3.751644244014549e-07,Monday,1,0,0,0,0,0,0,0.096879393077675,0.092469232749133,0.001916991476934101,-6.256998260972279,1.0850480097935264,0.0013586226363645141,-6.601283859808619,-0.002890680948541835
2024-09-10,0.9999303145562748,1.0003688431080495,0.9987895902536826,0.9998644574032224,78190863.67711498,5069026336.332674,-0.0008968043082382,-0.0008972066778043,Tuesday,0,1,0,0,0,0,0,0.1323463036549381,0.1242918549530699,0.001116420465201387,-6.797627725046453,-0.5406294640741747,0.0013477398245908044,-6.609326293584347,-0.008042433775727886
2024-09-11,0.999689867072462,1.0008120136331444,0.998100456547584,0.9992878984998655,101140718.401174,5087369421.045141,-0.0005766370622416,-0.0005768033813326,Wednesday,0,0,1,0,0,0,0,0.2935106947894734,0.2573599907114078,0.001902050456107651,-6.264822787288794,0.5328049377576596,0.0013327843810294526,-6.62048500553584,-0.011158711951492428
2024-09-12,1.0007920152109973,1.0010873235202669,0.9989839914006372,0.9997293209725818,170248009.0680621,5101783952.138034,0.000441737034321,0.00044163949724,Thursday,0,0,0,1,0,0,0,0.6832786216998628,0.520743452130481,0.0013326006814243277,-6.62062284648648,-0.3558000591976862,0.0013243790349932957,-6.626811582231263,-0.006326576695423469
2024-09-13,1.000416322272162,1.001117513629174,0.9994568344207146,1.0009972578515496,52331500.36255053,5112407746.109621,0.0012682801758121,0.0012674765878879,Friday,0,0,0,0,1,0,0,-0.6926160802172474,-1.1796577596468134,0.0011171176281797634,-6.797003457206041,-0.17638061071956113,0.0013308450584177457,-6.621941156249344,0.004870425981919446
2024-09-14,1.0001352132742405,1.0014501549429196,0.9992485635137244,1.0000843489552789,65994022.48010518,5147322363.538472,-0.0009119993977106,-0.0009124155221841,Saturday,0,0,0,0,0,1,1,0.2610764457907999,0.231965678294203,0.001555896112685744,-6.46570362108099,0.33129983612505143,0.001315157528594107,-6.633798826919405,-0.011857670670060827
2024-09-15,0.9997816812650951,1.0006351718530602,0.9991456062842377,0.9991456062842377,36151715.06205957,5144557421.484645,-0.0009386634957559,-0.0009391043162114,Sunday,0,0,0,0,0,0,1,-0.4521971278086889,-0.6018397790283301,0.0009763131041342846,-6.93172721958132,-0.46602359850033004,0.00130360628033835,-6.642620793324263,-0.00882196640485855
2024-09-16,0.9997936010782486,1.0010960547585517,0.9959834177655998,1.0000618844165805,51486313.45353931,5130408670.506695,0.0009170616640656,0.0009166414199247,Monday,1,0,0,0,0,0,0,0.4241734690914587,0.3535916237527559,0.0036166326254619473,-5.6222119000227435,1.3095153195585763,0.0013082065246255463,-6.639098144966381,0.0035226483578822965
2024-09-17,1.0006778813149992,1.0018631543188807,0.9987932929490484,0.9991555805132692,68157043.24383435,5159742820.321713,-0.0009062478206935,-0.0009066587115145,Tuesday,0,1,0,0,0,0,0,0.3237895407939533,0.2804984877755321,0.001952842091745762,-6.238469484557311,-0.6162575845345675,0.0013185926073301785,-6.63119031775447,0.007907827211910856
2024-09-18,0.9995784685354592,1.0014912465755816,0.998396176855152,1.000495350145419,66534987.85377447,5193170208.218404,0.0013409019158572,0.0013400037097311,Wednesday,0,0,1,0,0,0,0,-0.0237987933874553,-0.0240865594997937,0.0021131853465687187,-6.159558826935937,0.07891065762137384,0.0013410944915702805,-6.614269213652519,0.016921104101951023
2024-09-19,1.0035611790944547,1.0035611790944547,0.9978043818963832,1.0003032255154334,87908644.3353205,5280638288.636352,-0.0001920295081409,-0.0001920479481676,Thursday,0,0,0,1,0,0,0,0.3212393534739861,0.2785702002504401,0.003530354961671034,-5.646356857378144,0.5132019695577927,0.0013356750260558948,-6.618318477426435,-0.00404926377391579
2024-09-20,0.9995180625206196,1.0025794681459954,0.9983395891090266,1.0005508224499,81299485.89660577,5309871493.496824,0.000247521879517,0.0002474912510306,Friday,0,0,0,0,1,0,0,-0.0751821221756602,-0.0781584496934153,0.0029271262976936605,-5.833734123008323,-0.18737726563017887,0.0012732076923265478,-6.666215820847799,-0.04789734342136409
2024-09-21,1.000922890354785,1.001287198596139,0.9996742388436684,1.000231674070031,81054262.87728395,5332928837.356304,-0.0003189726825545,-0.000319023565161,Saturday,0,0,0,0,0,1,1,-0.0030162923740219,-0.0030208505520373,0.0010560395727957235,-6.853229620161835,-1.0194954971535113,0.0012107167456701824,-6.716542742951021,-0.050326922103222316
2024-09-22,1.0000707786314404,1.0003517009880036,0.998089235214407,0.998089235214407,61573966.96216415,5341536057.205771,-0.0021419426230587,-0.0021442398631161,Sunday,0,0,0,0,0,0,1,-0.2403364761285035,-0.274879675484428,0.0010216588057862359,-6.886327692465014,-0.03309807230317929,0.001259007072277637,-6.677431906558709,0.03911083639231183
2024-09-23,0.9993173690266128,1.0007107785887974,0.997418846906042,0.999207332015451,55045281.293160245,5343677365.304104,0.0011202373110494,0.0011196103134466,Monday,1,0,0,0,0,0,0,-0.1060299667392818,-0.1120830242130225,0.0023289227969080007,-6.062349437230476,0.8239782552345378,0.0012674667028274222,-6.670735092802638,0.006696813756071229
2024-09-24,0.999950437748959,1.0013598022727443,0.9979496774062478,1.0013598022727443,71883588.35744496,5366921317.695802,0.0021541778050724,0.0021518608908313,Tuesday,0,1,0,0,0,0,0,0.3058991918781781,0.2668918394203697,0.0022477118517804243,-6.097842534979406,-0.035493097748929614,0.0013239462818114495,-6.627138394940375,0.043596697862263056
2024-09-25,0.9998515162912496,1.0010445291369745,0.9990596025701282,0.9991516546273812,66052175.33307196,5391832468.636105,-0.0022051490786342,-0.0022075840000988,Wednesday,0,0,1,0,0,0,0,-0.0811230095439307,-0.0846030171021544,0.0013343030820242498,-6.619346159375016,-0.5215036243956099,0.0013777771755862033,-6.587283820781991,0.039854574158384004
2024-09-26,1.000249687439894,1.0008630873295368,0.9987281941447292,1.0002834615661849,86958351.18813889,5429111284.490311,0.0011327679172243,0.0011321268197446,Thursday,0,0,0,1,0,0,0,0.3165100278627661,0.2749843169877059,0.0015097607385873139,-6.495804091976712,0.12354206739830342,0.0013839707605492245,-6.582798548780624,0.004485272001367058
2024-09-27,1.0002820024527035,1.0015317727940167,0.9981531642793944,0.9999687408262944,110275305.07264648,5455622742.339916,-0.0003146315539374,-0.0003146810608293,Friday,0,0,0,0,1,0,0,0.2681393283787103,0.2375507304034729,0.0023814719390330566,-6.040036520688828,0.45576757128788437,0.0013659472153088274,-6.595907160374568,-0.013108611593944275
2024-09-28,0.9999583275466556,1.0002525092547017,0.9994090847681816,1.0000558103949382,78642228.50275473,5469043063.626982,8.707229045157305e-05,8.706849987972507e-05,Saturday,0,0,0,0,0,1,1,-0.2868554890784723,-0.3380711989903361,0.0005934071140874014,-7.429629861491514,-1.3895933408026861,0.0013611920988362135,-6.599394419911956,-0.0034872595373878212
2024-09-29,0.9995879103377312,1.0005606545099712,0.9991979844051944,0.9999214181203104,40973854.28930984,5479703631.873198,-0.0001343847745604,-0.0001343938050032,Sunday,0,0,0,0,0,0,1,-0.478984064040421,-0.6519746504420805,0.0009411013224057582,-6.968459748930231,0.46117011256128304,0.0013587409479479534,-6.601196781594871,-0.0018023616829152544
2024-09-30,0.99888717900798,1.0007532643581454,0.998276024042858,1.0001705876437263,131584171.22915514,5481909825.797519,0.0002491891051641,0.0002491580627159,Monday,1,0,0,0,0,0,0,2.211417952044744,1.1667125692170766,0.0015602767247062117,-6.46289208581983,0.5055676631104005,0.0013593577988855253,-6.60074289746069,0.0004538841341812372
2024-10-01,1.0001328545290544,1.00124501921626,0.9990895881998824,1.0000211029925683,172635198.83762676,5635356317.834984,-0.0001494591552728,-0.0001494703254054,Tuesday,0,1,0,0,0,0,0,0.3119754239815124,0.2715339586250482,0.001522282067849932,-6.487544709611137,-0.024652623791306283,0.0013162953235698479,-6.6329340612476875,-0.03219116378699738
2024-10-02,0.9993580792979966,1.0025699026800738,0.9984194405421104,1.0001325425428822,110077767.43626437,5873848724.298347,0.0001114371986554,0.000111430989992,Wednesday,0,0,1,0,0,0,0,-0.3623677663800255,-0.4499935981729717,0.002893589938606853,-5.845257354451987,0.6422873551591497,0.0011046490504905626,-6.808227595824423,-0.1752935345767357
2024-10-03,0.99909912454424,1.0013551865934522,0.9982131630453488,1.001025848739851,103565371.3318142,5859878393.471854,0.0008931878115849,0.0008927891567163,Thursday,0,0,0,1,0,0,0,-0.0591617749535198,-0.0609840722991346,0.001872016650752381,-6.2807390063336115,-0.43548165188162447,0.0010914592233956797,-6.82023974099032,-0.012012145165896548
2024-10-04,1.0001741361681864,1.0010829678010866,0.999144101648168,0.9996904102517754,125101537.24661122,5855783687.306909,-0.0013340699341146,-0.0013349605976356,Friday,0,0,0,0,1,0,0,0.2079475565804429,0.1889226851434474,0.0013374505108451307,-6.6169900811159605,-0.33625107478234906,0.0011168375431434218,-6.797254209809679,0.02298553118064106
2024-10-05,1.0003544354662568,1.000473740590244,0.9990706581177552,1.0002002760703137,65870661.6136168,5868039278.704489,0.0005100237166522,0.0005098936987626,Saturday,0,0,0,0,0,1,1,-0.4734624125060371,-0.6414325587047497,0.0009877215726545733,-6.920109708986115,-0.3031196278701547,0.001066532737156291,-6.843342324643724,-0.04608811483404551
2024-10-06,0.9996552136205488,1.00091330603203,0.9986307786246348,1.00091330603203,43462605.57611544,5871346768.114242,0.0007128871874719,0.0007126332041014,Sunday,0,0,0,0,0,0,1,-0.3401826471539366,-0.4157922203727484,0.0014124722744251,-6.562413723861917,0.35769598512419787,0.0009756768885974868,-6.93237908312744,-0.08903675848371595
2024-10-07,0.9999321062884328,1.0012307070975413,0.9990317453690682,0.9994901549412948,73607052.98439239,5881047166.391137,-0.0014218525042665,-0.001422864295731,Monday,1,0,0,0,0,0,0,0.6935720260830984,0.5268399232736077,0.0015302251035350072,-6.482340427906365,0.08007329595555213,0.00100966832439427,-6.898133393750169,0.03424568937727113
2024-10-08,0.999438850678656,1.002643173036189,0.9989457004856408,1.000163708895589,75456097.7731905,5850120122.624318,0.0006738975376239,0.0006736705706409,Tuesday,0,1,0,0,0,0,0,0.0251204838915393,0.0248101509425071,0.002573280362929013,-5.962573788179433,0.5197666397269325,0.0010164524947782537,-6.891436660096894,0.006696733653274833
2024-10-09,0.9998246946525502,1.000809586652452,0.9988853085323136,1.0003929943215926,106351277.14309593,5800863536.360031,0.0002292478960836,0.0002292216228,Wednesday,0,0,1,0,0,0,0,0.4094457609346777,0.3431965497636318,0.0013142515244688926,-6.634487958311886,-0.6719141701324531,0.0010173136624764718,-6.890589790119621,0.0008468699772734567
2024-10-10,0.9996700753280982,1.0013285375224337,0.9946974723352738,1.0000491865366838,79026479.48818853,5790802868.182608,-0.0003436727234799,-0.0003437317924843,Thursday,0,0,0,1,0,0,0,-0.2569296616733789,-0.2969645707415829,0.004692309730700538,-5.3618303378588665,1.2726576204530193,0.001005998415477656,-6.901774782377743,-0.011184992258121973
2024-10-11,0.9994420124788754,1.000969915609297,0.9994420124788754,1.0005133250226272,135062291.25020108,5836691369.256979,0.0004641156577016,0.0004640079893422,Friday,0,0,0,0,1,0,0,0.7090764023011777,0.5359531089862413,0.0008505232289003086,-7.0696588344492275,-1.707828496590361,0.0010040515529885787,-6.903711911432657,-0.0019371290549141662
2024-10-12,1.0007988957539853,1.0010426540702169,0.9996188340861116,0.999692152263142,75115601.85420208,5900608654.791302,-0.00082075144723,-0.0008210884481076,Saturday,0,0,0,0,0,1,1,-0.4438447537140367,-0.5867078037674042,0.000734866875193355,-7.215821197341953,-0.1461623628927251,0.0010119737550262301,-6.895852642221697,0.00785926921096003
2024-10-13,0.9998350748815392,1.0004606426633862,0.999245638748832,0.999245638748832,43426748.71184267,5905214304.052885,-0.0004466510148141,-0.0004467507930904,Sunday,0,0,0,0,0,0,1,-0.4218677925774575,-0.5479527039001121,0.000777173499495055,-7.159846938449608,0.055974258892344864,0.0009885311628225588,-6.919290390486268,-0.023437748264571567
2024-10-14,0.9997431676776378,1.001252833458154,0.9986049817227493,1.0000889405193505,57459421.82207863,5889369180.468592,0.0008439384049496,0.0008435824891672,Monday,1,0,0,0,0,0,0,0.323134324500079,0.2800034102133489,0.001860072397961672,-6.287139868379224,0.8727070700703834,0.000986491174602298,-6.921356178712632,-0.0020657882263632743
2024-10-15,1.0002309054098015,1.001304354953114,0.996747438509754,0.9996252096137476,81748892.454246,5878078095.525668,-0.0004636896648033,-0.0004637972020998,Tuesday,0,1,0,0,0,0,0,0.4227238956106969,0.3525732704928125,0.003203326072181208,-5.7435656114194575,0.5435742569597668,0.0009751604321853126,-6.932908554671518,-0.011552375958886252
2024-10-16,0.9996155627558976,1.0035342467792356,0.9982713260940084,1.000745197208276,68626801.58889976,5884411651.145094,0.0011204075124926,0.0011197803244227,Wednesday,0,0,1,0,0,0,0,-0.1605170476491841,-0.1749691095786321,0.0036512321762533634,-5.612690585820732,0.13087502559872544,0.0009822052151025264,-6.925710294759576,0.0071982599119415625
2024-10-17,0.9999572426305574,1.001608808743611,0.998518767769818,1.0009320142776916,57501396.47512759,5884174896.314984,0.0001866779575228,0.000186660535361,Thursday,0,0,0,1,0,0,0,-0.1621145799627602,-0.1768739181143126,0.0020992503975068148,-6.166174951544033,-0.5534843657233006,0.000968755639528258,-6.939498155865137,-0.01378786110556085
2024-10-18,0.999798551599861,1.0016774370532964,0.9990500710571888,0.9992738744924824,52532608.62452988,5868340487.526915,-0.001656595814258,-0.0016579694863932,Friday,0,0,0,0,1,0,0,-0.086411603112056,-0.0903751405901756,0.0018282724610241261,-6.304383768356545,-0.1382088168125124,0.00098501907848278,-6.922849547961712,0.016648607903425372
2024-10-19,1.000521578874383,1.000521578874383,0.9993244144324036,0.9993244144324036,39102057.15875969,5875053033.68087,5.057666492769286e-05,5.057538597129864e-05,Saturday,0,0,0,0,0,1,1,-0.2556612324692144,-0.2952590150788545,0.000403718178985813,-7.814793500190796,-1.510409731834251,0.0009844381308564242,-6.923439505073195,-0.0005899571114831303
2024-10-20,0.9999859437034264,1.001725640782679,0.999316003450544,1.001242190711067,28439797.016566128,5875651280.69544,0.0019190727765343,0.0019172337088674,Sunday,0,0,0,0,0,0,1,-0.2726777289210982,-0.3183856107052927,0.0015136948214059043,-6.493201715351171,1.321591784839625,0.0010438404440590758,-6.864848632562631,0.05859087251056394
2024-10-21,0.999853058093858,1.000868172871188,0.9975311301016538,0.9997877993883796,60148081.04427611,5842120019.422755,-0.0014525869326925,-0.0014536429598624,Monday,1,0,0,0,0,0,0,1.1149265238862278,0.7490200714154519,0.0023611893535711143,-6.048589823513921,0.44461189183725036,0.0010754749028411116,-6.83499294486943,0.029855687693200572
2024-10-22,0.9996645804215212,1.001206877485482,0.9986182624711264,1.001206877485482,103088917.41971922,5837974660.316892,0.0014193792902559,0.0014183729236358,Tuesday,0,1,0,0,0,0,0,0.7139186426219244,0.538782352667416,0.001559802114987115,-6.463196315133986,-0.4146064916200656,0.0010346240083424826,-6.873717195229651,-0.03872425036022076
2024-10-23,1.0001249828890155,1.0015163965983338,0.9977283103797552,1.0002661377134825,67410339.88473296,5847698133.672472,-0.0009396057829349,-0.0009400474891567,Wednesday,0,0,1,0,0,0,0,-0.346095181014691,-0.4247934748361455,0.002678160590357194,-5.922625066984866,0.5405712481491207,0.0010286490685530835,-6.879508921548665,-0.0057917263190141455
2024-10-24,0.9992614822530984,1.0029114898298792,0.9972503029204598,0.999870739938443,58631506.0336312,5769047183.999616,-0.000395292572778,-0.0003953707214821,Thursday,0,0,0,1,0,0,0,-0.1302297817532587,-0.1395262191763026,0.003984783157835517,-5.5252723828163415,0.3973526841685242,0.0009534040748981127,-6.955471741132919,-0.07596281958425344
2024-10-25,1.0002777777442122,1.0014533931434926,0.9972036934413564,1.0011011381548276,68757306.65310204,4109281732.065205,0.0012305572782942,0.0012298007632464,Friday,0,0,0,0,1,0,0,0.1727023797352682,0.1593108117616394,0.0029632115765465604,-5.821481606748123,-0.29620922393178173,0.0008927179976670309,-7.021239819046787,-0.06576807791386852
2024-10-26,1.0000425969430833,1.0013425570827683,0.9988886476562762,1.0006020065696826,158699948.46665058,3256762984.0828485,-0.0004985825768463,-0.000498706910468,Saturday,0,0,0,0,0,1,1,1.3081175833040093,0.8364322933204256,0.001699804111301475,-6.377242263205488,-0.5557606564573652,0.0008732193337934921,-7.043323792221768,-0.022083973174980898
2024-10-27,0.9992090463670052,1.0016790958728994,0.999108844469819,1.0016790958728994,33473197.98908356,3288663979.0305843,0.0010764412784953,0.0010758623310137,Sunday,0,0,0,0,0,0,1,-0.7890787091457836,-1.5562702442256793,0.0009724969634879869,-6.935643604853939,-0.5584013416484508,0.0008931930685761074,-7.020707798243219,0.022615993978549298
2024-10-28,0.9998183700307086,1.001491973191107,0.9981567890837676,1.0001466026817427,41800489.29785651,3280095074.091072,-0.001529924301576,-0.0015310958308135,Monday,1,0,0,0,0,0,0,0.248774894812521,0.2221629865677137,0.002349908787191919,-6.053378765540236,0.8822648393137031,0.0009357793410135971,-6.974130856059667,0.04657694218355157
2024-10-29,1.0005126224732277,1.003141847844787,0.9967403146376406,0.9995786553841102,73145490.61620535,3266954848.237228,-0.0005678640472404,-0.0005680253430941,Tuesday,0,1,0,0,0,0,0,0.749871636549388,0.5595424347019332,0.004489480661721078,-5.406018249458711,0.647360516081525,0.0009411886163713272,-6.968366995987304,0.005763860072363514
2024-10-30,0.9998523499113344,1.0029583828475224,0.9989072160800976,1.0013152584776557,75498154.46366052,3298832499.4811683,0.0017373351103402,0.0017358276893751,Wednesday,0,0,1,0,0,0,0,0.0321641679840472,0.0316577319118082,0.0027138470456501574,-5.909388076692551,-0.5033698272338398,0.0009920701987022585,-6.915716688362288,0.05265030762501599
2024-10-31,1.0004248619726244,1.001313258217298,0.9970071611425728,0.9989179171448838,70218899.01078011,3306203673.1674204,-0.0023941923509851,-0.0023970630123509,Thursday,0,0,0,1,0,0,0,-0.0699256225583828,-0.0724907202890503,0.0028998361756824996,-5.843101034729359,0.06628704196319202,0.0010839690660038555,-6.82712591326868,0.08859077509360791
2024-11-01,1.0005761655473904,1.0015094598489926,0.9971171854447084,0.999740790237286,85286849.39358881,3287780768.071212,0.000823764473816,0.000823425366079,Friday,0,0,0,0,1,0,0,0.2145853978783609,0.1944027822440463,0.003064284344691169,-5.787941229617455,0.05515980511190399,0.0010941553903897725,-6.817772546321389,0.009353366947291164
2024-11-02,1.000630025187142,1.000711732607963,0.9985562862419076,1.0002657686675025,54264564.4943428,3297532956.3714767,0.0005251145450331,0.0005249767206373,Saturday,0,0,0,0,0,1,1,-0.363740542883485,-0.4521488473905186,0.0015078026683971798,-6.497101874459376,-0.709160644841921,0.0010861830513075096,-6.825085516142504,-0.0073129698211156224
2024-11-03,0.9992198605250896,1.0020850117410869,0.9987297794107284,1.000512193006028,39705835.09541236,3299037841.420048,0.0002463588640584,0.0002463285226966,Sunday,0,0,0,0,0,0,1,-0.268291647313381,-0.3123732697047748,0.0022313419230256142,-6.105152115290266,0.3919497591691101,0.00105943957783168,-6.850015210828164,-0.02492969468565942
2024-11-04,0.9982789706170316,1.0029811362725998,0.9975195095798548,1.0029811362725998,60029373.47743818,3311838309.205998,0.0024676793384736,0.0024646396174923,Monday,1,0,0,0,0,0,0,0.5118526869712916,0.4133358437590121,0.0025252536534493943,-5.98141376448862,0.12373835080164586,0.0011472695619362209,-6.770370453680879,0.07964475714728447
2024-11-05,1.0005992483464254,1.0019746352281715,0.9928534238792728,0.9988631207009612,56974461.32516403,3312142961.8468475,-0.0041057756947877,-0.0041142275339857,Tuesday,0,1,0,0,0,0,0,-0.0508902887920749,-0.0522308798804152,0.006375722731779029,-5.055257824672677,0.9261559398159429,0.0013651110522612934,-6.596519496686532,0.1738509569943476
2024-11-06,1.0005215364697548,1.0024740471186138,0.9955227292018102,1.001104886598287,95440613.19915916,3337637759.0192823,0.0022443174153357,0.0022418026968534,Wednesday,0,0,1,0,0,0,0,0.675147267377598,0.5159010822346674,0.00490691714262176,-5.317109407563752,-0.261851582891075,0.001401273017387299,-6.570374157388248,0.026145339298283332
2024-11-07,1.0000899470083449,1.0024894048173405,0.9970076637985698,0.999269757495471,140345820.4363645,3341944113.461709,-0.0018331037310702,-0.0018347859217824,Thursday,0,0,0,1,0,0,0,0.4705041777497816,0.3856053200481908,0.003843480972474341,-5.561376819759908,-0.2442674121961561,0.0014354974679967735,-6.5462438222523085,0.024130335135939873
2024-11-08,0.9992782285936066,1.0012067530321074,0.9988144921496708,1.000809522184909,213745075.2994628,3293044068.7088275,0.0015408899127471,0.0015397039600109,Friday,0,0,0,0,1,0,0,0.5229885338578995,0.4206745452293327,0.0013984530414007793,-6.572388623718844,-1.0110118039589358,0.0014621643221707176,-6.527837528504841,0.018406293747467828
2024-11-09,1.0000276640733845,1.0008286919347384,0.9994776473113944,0.9997733821923211,75024676.20946246,3316170869.473921,-0.0010353018927374,-0.0010358381879256,Saturday,0,0,0,0,0,1,1,-0.6489992758693934,-1.046966992468238,0.0009420186098464036,-6.967485527907464,-0.39509690418862053,0.0014730076301824229,-6.5204489614862595,0.007388567018581149
2024-11-10,0.9987916915223752,1.0016531811905596,0.9977026137802696,1.0006944720234143,76933708.88128477,3321175087.805052,0.0009212986137652,0.0009208744786807,Sunday,0,0,0,0,0,0,1,0.0254453970116772,0.0251270518778859,0.0025316426046777816,-5.978886936054084,0.9885985918533802,0.0014801492126199213,-6.515612376950257,0.004836584536002775
2024-11-11,1.0003444269464303,1.0021888889509645,0.9975254248059818,1.0000801766792804,108720922.96773233,3312398046.1278605,-0.000613869029267,-0.0006140575240042,Monday,1,0,0,0,0,0,0,0.4131766757208848,0.3458401317819388,0.0032939539711639245,-5.715666620862897,0.2632203151911874,0.0014767998188848707,-6.5178778168559495,-0.0022654399056927232
2024-11-12,0.9960362467798964,1.0045795216071074,0.995572833526066,0.9957161782775876,207523294.7177323,3275915934.057524,-0.0043636485388434,-0.0043731970407909,Tuesday,0,1,0,0,0,0,0,0.908770538853169,0.6464593378612052,0.006365114497479483,-5.0569230585282,0.6587435623346964,0.0016768362794084082,-6.3908464279740365,0.127031388881913
2024-11-13,0.9985353168616828,1.0032441866005324,0.9938435613502866,1.001648660137462,162716997.79448465,3251878353.395724,0.0059580048906471,0.0059403261647118,Wednesday,0,0,1,0,0,0,0,-0.2159097222516248,-0.2432311150717493,0.006369604527849627,-5.0562178948654175,0.0007051636627828373,0.0019910570121197523,-6.2190896193930465,0.17175680858098996
2024-11-14,1.0013192442114054,1.002687305926646,0.9973954010479454,0.9973954010479454,174165796.7099523,3266959716.044976,-0.0042462584524725,-0.0042552994104682,Thursday,0,0,0,1,0,0,0,0.0703601902115214,0.0679952181937795,0.002836506642258487,-5.865182039491073,-0.8089641446256559,0.0021355850563986164,-6.149014638741159,0.07007498065188766
2024-11-15,0.9996440852565508,1.0032379902248365,0.9966279166662196,0.9966279166662196,231777671.9789213,3289200315.519707,-0.0007694885909033,-0.0007697847992114,Friday,0,0,0,0,1,0,0,0.3307875389845525,0.2857709015660112,0.004280450532501361,-5.453697010325239,0.41148502916583407,0.002130417538539689,-6.151437290988258,-0.002422652247099144
2024-11-16,1.0023160676608514,1.0023160676608514,0.9983486102191136,0.9999300082414307,290019081.84050286,3294465657.7433057,0.0033132641781266,0.0033077874123499,Saturday,0,0,0,0,0,1,1,0.2512813653028591,0.2241681185082291,0.00238134391236645,-6.040090281602805,-0.5863932712775659,0.0022140986282259754,-6.112909898160363,0.03852739282789486
2024-11-17,1.0011650395725524,1.0017706616027815,0.9978905877888864,0.9980867907840648,106452234.29652336,3309380596.350665,-0.0018433464764274,-0.001845047530286,Sunday,0,0,0,0,0,0,1,-0.6329474818658063,-1.0022503399824754,0.001966451907410303,-6.231524422323166,-0.1914341407203608,0.0022190262101243717,-6.11068682341853,0.002223074741833031
2024-11-18,1.0001131249360382,1.004721211514018,0.9951750620669578,0.9989971661794322,152750381.7043798,3311906538.698088,0.0009121204726618,0.000911704743561,Monday,1,0,0,0,0,0,0,0.4349194520322856,0.3611087166482273,0.0067147894950887735,-5.003442797958656,1.2280816243645098,0.0022252413150512717,-6.107889913042063,0.002796910376466677
2024-11-19,0.999680208807328,1.003125608634286,0.9989474004489134,0.9995262633407196,111642101.0783014,3363932609.4751506,0.0005296282904494,0.000529488086888,Tuesday,0,1,0,0,0,0,0,-0.2691206409266845,-0.3135068683196305,0.002949831922033377,-5.826007085835485,-0.8225642878768289,0.0021996631548646434,-6.11945104176578,-0.011561128723716507
2024-11-20,0.99955863458467,1.0025187968796152,0.9988211366665214,0.9997271000325731,152528831.1292093,3413899076.88264,0.0002009318806515,0.0002009116965448,Wednesday,0,0,1,0,0,0,0,0.3662303885004059,0.3120554061515392,0.002610792773831429,-5.948101359005637,-0.12209427317015198,0.0021839019170674253,-6.126642131875615,-0.0071910901098348745
2024-11-21,1.000207463812806,1.004434026266968,0.9965283001258552,1.0010190029215116,150325261.1934527,3436217488.3831263,0.0012922555454346,0.0012914213018638,Thursday,0,0,0,1,0,0,0,-0.0144469076399723,-0.0145522803143315,0.005564748553119839,-5.191303478901704,0.7567978801039335,0.002181274969137146,-6.127845724910163,-0.0012035930345479784
2024-11-22,0.9997436144551266,1.0016814544448087,0.9975684746112536,0.999534094960844,154415993.37530854,3428076262.9024606,-0.0014833963754272,-0.0014844976970963,Friday,0,0,0,0,1,0,0,0.0272125399908105,0.0268488618140225,0.0029064933114461323,-5.84080797206545,-0.6495044931637466,0.002191337938797073,-6.123242990738505,0.004602734171657907
2024-11-23,0.9988658076155694,1.0012429093804052,0.9988658076155694,0.9991187252687084,136480692.17755544,3433685421.6465645,-0.0004155633051735,-0.0004156496755329,Saturday,0,0,0,0,0,1,1,-0.1161492459797302,-0.1234670608917444,0.0016733923108098359,-6.392902389063831,-0.552094416998381,0.0021914630235355514,-6.123185910921471,5.7079817033844904e-05
2024-11-24,1.0002018192624602,1.0022153387753607,0.9984803401929916,1.000929717732812,105199552.7176246,3480796647.591076,0.0018125898537399,0.0018109490951334,Sunday,0,0,0,0,0,0,1,-0.229198276773358,-0.2603241068104834,0.002601121324686681,-5.951812648202993,0.4410897408608383,0.0022048615392173004,-6.117090566060713,0.006095344860757912
2024-11-25,1.000809169128966,1.002746101743172,0.9963156775539476,1.002567902064488,123970923.76773976,3489130089.611396,0.0016366626973436,0.0016353248245166,Monday,1,0,0,0,0,0,0,0.1784358446893881,0.1641880038039578,0.004416321219671573,-5.422448232690906,0.5293644155120871,0.0022231210111966627,-6.108843209495759,0.008247356564954345
2024-11-26,1.0012730102634178,1.002352314147312,0.9959027100703892,1.0008057215080377,221149502.23033968,3456074460.847754,-0.0017576670396305,-0.0017592135487727,Tuesday,0,1,0,0,0,0,0,0.7838820225673606,0.5787919011231847,0.004555327227650061,-5.391457911629878,0.030990321061027615,0.002237598142857749,-6.102352246047485,0.00649096344827349
2024-11-27,1.000380984668338,1.0036219211086512,0.9978278274673704,1.000930200299846,167221394.12773147,3392550289.1826577,0.0001243785773132,0.0001243708429393,Wednesday,0,0,1,0,0,0,0,-0.2438536264324893,-0.2795203057136892,0.004079850138511974,-5.501695021997526,-0.11023711036764805,0.0022201845053287225,-6.110164976043002,-0.007812729995516854
2024-11-28,0.9999087361054876,1.002921453614879,0.9977522765291578,0.999918363546854,156884372.30221415,3500780069.066496,-0.0010108964168418,-0.0010114077172348,Thursday,0,0,0,1,0,0,0,-0.0618163834803423,-0.0638095959138225,0.0036539325197502493,-5.611951288698148,-0.11025626670062216,0.0022254353125560045,-6.107802736407548,0.002362239635454344
2024-11-29,1.000387380581717,1.0022954486402191,0.997707738391368,1.000404924818842,99088890.53685328,3503691223.227424,0.0004866009963673,0.0004864826444943,Friday,0,0,0,0,1,0,0,-0.368395404317433,-0.4594917203722659,0.003243983235540554,-5.730953310578158,-0.11900202188000986,0.002204544076124964,-6.117234559660114,-0.009431823252565863
2024-11-30,0.9991839402355824,1.0017406261016122,0.9991839402355824,0.999400439356927,85604458.41979012,3524633373.5580487,-0.0010040788854541,-0.0010045833103414,Saturday,0,0,0,0,0,1,1,-0.1360841971688845,-0.1462799653536325,0.0018019914481175075,-6.318862865580001,-0.5879095550018425,0.00216843810187245,-6.133748139310012,-0.016513579649898524
2024-12-01,1.000464205102081,1.001243691366598,0.9988654723730184,0.9988654723730184,70018376.8844296,3529154576.7691154,-0.000535287921479,-0.0005354312392049,Sunday,0,0,0,0,0,0,1,-0.1820709087245076,-0.2009796316190766,0.001356335694696107,-6.602968557642207,-0.28410569206220604,0.0021654281434085963,-6.135137180308262,-0.0013890409982497687
2024-12-02,0.9996676674120356,1.0013794019463258,0.9979610516641324,0.9999450335614402,131124540.81648718,3518817182.265128,0.0010807873715537,0.0010802037413646,Monday,1,0,0,0,0,0,0,0.8727160875625226,0.6273898303185396,0.0024117827765588497,-6.027389063642593,0.575579493999614,0.002172276922905449,-6.131979388303834,0.003157792004428117
2024-12-03,1.000566287402051,1.0025264187527094,0.9954848772076984,0.9990563044925224,188939519.5156375,3569014842.3144627,-0.0008887779218748,-0.0008891731191511,Tuesday,0,1,0,0,0,0,0,0.4409165388808809,0.3652793964509727,0.004894908945235046,-5.319559604758978,0.7078294588836149,0.0021778702286741358,-6.129407839040738,0.0025715492630959957
2024-12-04,0.9999438464381104,1.0018007660549373,0.9980578404945176,0.999511665270554,163829155.10033992,3569227356.8112206,0.0004557909058617,0.0004556870647388,Wednesday,0,0,1,0,0,0,0,-0.1329015998329524,-0.142602813639304,0.0026331656202623326,-5.939568498713445,-0.6200088939544672,0.0021325005998061816,-6.150459997329461,-0.021052158288723533
2024-12-05,0.999165653956552,1.0033557041308645,0.9981076486078466,0.9987181087948808,166267243.21178448,3548033293.476469,-0.0007939441861926,-0.0007942595267976,Thursday,0,0,0,1,0,0,0,0.0148818939458688,0.0147722450788614,0.003697761368577904,-5.600027677959295,0.3395408207541504,0.0020010892387207057,-6.214063627313138,-0.06360362998367641
2024-12-06,1.0003731021676383,1.0029232980554723,0.9980388244302008,0.9996397059128,217186047.15957725,3477386474.388203,0.000922780021513,0.0009223545217706,Friday,0,0,0,0,1,0,0,0.3062467565119513,0.2671579536748497,0.0034219652522406176,-5.677540257789109,-0.07751257982981397,0.001966009518219803,-6.231749415854943,-0.01768578854180536
2024-12-07,0.9998551542599792,1.00067753951652,0.9987983191112704,1.000230807401049,125437367.0644196,3487268761.6883454,0.0005913145353797,0.0005911397778276,Saturday,0,0,0,0,0,1,1,-0.422442791768043,-0.5489477796189732,0.001308493107034361,-6.638879103845655,-0.9613388460565462,0.0019402646694895783,-6.244930887640348,-0.013181471785404852
2024-12-08,0.9998653394205882,1.0012333168631289,0.9985874207746294,1.0006141278361145,92468558.39336625,3486689475.564721,0.0003832319822876,0.0003831585676674,Sunday,0,0,0,0,0,0,1,-0.2628308409416939,-0.304937889305339,0.0018123270675005857,-6.313143586821526,0.3257355170241292,0.0019210668202293982,-6.25487461171457,-0.009943724074221727
2024-12-09,1.0022545955019224,1.0022545955019224,0.9977075530992168,1.0004924675157818,155706941.4387708,3418913946.8763924,-0.0001215856511997,-0.0001215930433342,Monday,1,0,0,0,0,0,0,0.6838906558528257,0.521106982508228,0.0030235792025736165,-5.80131398293556,0.5118296038859658,0.0019118643252962193,-6.259676426443784,-0.004801814729214371
2024-12-10,0.9995869970411252,1.002287481411625,0.995396488353856,1.001130416259883,173931355.89159787,3438569124.2382126,0.0006376347297099,0.0006374315270604,Tuesday,0,1,0,0,0,0,0,0.1170430443526084,0.1106850550228363,0.004783159777038917,-5.342653909648751,0.4586600732868087,0.0019080100025630202,-6.261694463536335,-0.002018037092550884
2024-12-11,0.9997642761080664,1.003335400112254,0.9977881047322594,1.0010706726819585,136641801.97478768,3437939702.408994,-5.967611906931847e-05,-5.967789975975554e-05,Wednesday,0,0,1,0,0,0,0,-0.2143923602829311,-0.2412977972983955,0.0038354037528042137,-5.563480568660454,-0.22082665901170273,0.0019047446014741687,-6.263407346858947,-0.00171288332261188
2024-12-12,0.9995248847462246,1.0026583139553522,0.9974090962168676,0.999498391992992,128379716.2920976,3427081013.7396364,-0.0015705990914249,-0.0015718337751427,Thursday,0,0,0,1,0,0,0,-0.0604652863419831,-0.0623705117340307,0.003711604320259875,-5.596291064497384,-0.03281049583693019,0.0017529724181557713,-6.346442407247956,-0.0830350603890091
2024-12-13,0.999904977300392,1.0020959649689305,0.9976865305642248,0.9995935172382916,123862655.16916873,3427490910.2080665,9.517298483086024e-05,9.51684561696746e-05,Friday,0,0,0,0,1,0,0,-0.0351851620598021,-0.0358190738362263,0.0031122676663970384,-5.772403665311698,-0.17611260081431368,0.0013773035377908636,-6.587627649402115,-0.2411852421541587
2024-12-14,1.0004547464526343,1.001029681589519,0.9989711834645888,0.9997918655251408,114953030.40165643,3435251966.261793,0.0001984289447947,0.0001984092603755,Saturday,0,0,0,0,0,1,1,-0.0719314853645252,-0.07464971849511,0.0013960683111891433,-6.574095342322583,-0.8016916770108855,0.001137845101031018,-6.778619067629476,-0.19099141822736154
2024-12-15,0.999748966767028,1.0013811346650396,0.9992376324937946,0.9996845220005024,110333629.2077086,3429083777.773386,-0.0001073658711775,-0.0001073716353052,Sunday,0,0,0,0,0,0,1,-0.0401851188942755,-0.0410148452963077,0.0015146869188257474,-6.492546515617165,0.08154882670541852,0.0011293022071051928,-6.786155352835432,-0.007536285205955728
2024-12-16,0.9998041985034868,1.0015192418897938,0.9987863706100668,1.000666828763074,142391409.87293488,3411925991.286563,0.0009826167565403,0.0009821343047128,Monday,1,0,0,0,0,0,0,0.2905531241510772,0.255070904886074,0.001856296877033742,-6.28917170211126,0.20337481350590458,0.0009709588813190984,-6.93722643730585,-0.15107108447041817
2024-12-17,1.0005724694098497,1.0006594956827153,0.9991922190230343,0.9994645368168168,146339003.03843063,3457063429.8676167,-0.0012014907576614,-0.0012022131263526,Tuesday,0,1,0,0,0,0,0,0.0277235345096902,0.0273461955615323,0.0007761738813341448,-7.161133988997651,-0.871962286886391,0.00093673102664769,-6.9731143749416225,-0.03588793763577236
2024-12-18,1.000181512791676,1.0020376415931929,0.9965496812688944,0.997514150818275,89111127.50010057,3457002035.51735,-0.0019514309179529,-0.0019533374399677,Wednesday,0,0,1,0,0,0,0,-0.3910637242984445,-0.4960416543472087,0.003510763963704325,-5.651921611710429,1.5092123772872226,0.0009884039677426264,-6.91941906954927,0.053695305392352566
2024-12-19,0.9986682462712592,1.0040853251393216,0.9979446563900378,0.9979446563900378,162621105.1903747,3435363402.48327,0.0004315784106017,0.000431485307426,Thursday,0,0,0,1,0,0,0,0.8249247849567516,0.6015387724628182,0.0043142630590718885,-5.445828754878916,0.20609285683151235,0.0009868146404779573,-6.921028337101784,-0.0016092675525136713
2024-12-20,0.9994630987487052,1.0036720774485772,0.997927188280004,1.0001237657592426,245288936.95448315,3420540901.994203,0.0021835974121926,0.0021812168282248,Friday,0,0,0,0,1,0,0,0.5083462670317742,0.4110138632747117,0.004038183650458857,-5.511960279576206,-0.06613152469728956,0.0010635073323955308,-6.846183028758628,0.07484530834315528
2024-12-21,1.0009020612162516,1.002883872533076,0.9992305355757868,1.0009744843411508,218736404.4199933,3394561237.920695,0.0008506133051067,0.0008502517386302,Saturday,0,0,0,0,0,1,1,-0.1082500208291784,-0.1145694781007797,0.002580182137684813,-5.959895286538526,-0.4479350069623198,0.001048595797911153,-6.8603033451663595,-0.01412031640773126
2024-12-22,1.0004285174550578,1.001372024877193,0.994859430009983,0.9990169061744312,210066609.3249939,3401581388.1110578,-0.0019556723945945,-0.0019575872187718,Sunday,0,0,0,0,0,0,1,-0.0396358124199236,-0.0404427043972693,0.0045295769557077556,-5.397126731109037,0.5627685554294883,0.0010741664788464639,-6.836210286671069,0.024093058495290975
2024-12-23,1.0000612292805693,1.0020655042908326,0.9969098378252526,1.0009414224104598,142456189.57283378,3407404512.9184203,0.0019264100778817,0.001924556929555,Monday,1,0,0,0,0,0,0,-0.3218522923248601,-0.3883901568413988,0.003606266507346671,-5.625082250291188,-0.2279555191821503,0.0011276252842537407,-6.787641375905702,0.048568910765366624
2024-12-24,1.0004012369509208,1.0020078344530128,0.9973861763433772,1.0013404775209578,132976684.07422468,3400229315.955369,0.0003986797844144,0.0003986003327456,Tuesday,0,1,0,0,0,0,0,-0.0665433037836695,-0.0688607057037364,0.0032165492454301,-5.739446156977007,-0.11436390668581975,0.0010805169912400008,-6.8303156567915995,-0.04267428088589753
2024-12-25,1.0002445195606533,1.001088963752163,0.998066610961342,1.0000155734859506,119641699.12008268,3410638130.697324,-0.0013231304084373,-0.0013240065183666,Wednesday,0,0,1,0,0,0,0,-0.100280624734925,-0.1056723695402217,0.0021332912360594886,-6.150089310576435,-0.4106431535994277,0.0010662115961000628,-6.8436434775326545,-0.013327820741054985
2024-12-26,0.9999248474776664,1.0021157906409666,0.995632275782368,0.9999292495531126,118765564.81019464,3473169074.093248,-8.63225884943919e-05,-8.632631450346145e-05,Thursday,0,0,0,1,0,0,0,-0.0073229845140252,-0.0073499291893376,0.004589720476524287,-5.383936155124785,0.7661531554516499,0.0010168060279151512,-6.891088909787217,-0.04744543225456255
2024-12-27,1.000162677757557,1.0022355139984218,0.998861751610964,1.0000271707140191,86705616.58279553,3434929476.51023,9.79280893627088e-05,9.792329472038323e-05,Friday,0,0,0,0,1,0,0,-0.2699431293795955,-0.3146328429146758,0.002382816755723381,-6.039471980287437,-0.6555358251626515,0.001016709657296731,-6.891183692059312,-9.478227209491763e-05
2024-12-28,0.9999887726573482,1.00078459005965,0.9995357318652622,0.999956438837162,113967368.81386328,3439942800.246168,-7.072995507373392e-05,-7.073245655496008e-05,Saturday,0,0,0,0,0,1,1,0.3144173734700957,0.2733935054488315,0.0008827060548714984,-7.032518306471981,-0.9930463261845439,0.0009998835486718987,-6.907871737091221,-0.016688045031909127
2024-12-29,1.0009883570578868,1.0009883570578868,0.9989030249768592,1.0001387248275428,115402167.35146365,3383797397.774373,0.0001822939313165,0.0001822773177968,Sunday,0,0,0,0,0,0,1,0.0125895556994366,0.0125109661605977,0.0013769533359108304,-6.587881948037267,0.44463635843471394,0.0009964867114740385,-6.911274753599498,-0.0034030165082770125
2024-12-30,0.9997525711605773,1.0016879759730486,0.9984330789518272,1.0001287744928242,160829651.31403047,3330558272.6329823,-9.948954551641798e-06,-9.94900404281839e-06,Monday,1,0,0,0,0,0,0,0.3936449808972384,0.3319226033584486,0.00228951242542046,-6.079416398749088,0.5084655492881787,0.0009794638727316637,-6.928505204637464,-0.01723045103796572
2024-12-31,0.9999027815415938,1.0021616828274935,0.9988727367949298,0.999804639647004,148590740.43307152,3398591463.872739,-0.0003240931108943,-0.0003241456404165,Tuesday,0,1,0,0,0,0,0,-0.0760985973728294,-0.0791499201475137,0.0023236351941357484,-6.064622425577512,0.014793973171576269,0.0009763685800604844,-6.931670399335948,-0.003165194698484086
2025-01-01,0.9995535300351926,1.0018373055409735,0.9990113359715784,1.0001172142365513,109819543.15333974,3342378384.3932223,0.0003126356661615,0.000312586805815,Wednesday,0,0,1,0,0,0,0,-0.260926065559214,-0.3023573164336812,0.001966440754788612,-6.231530093783157,-0.16690766820564473,0.0009579446489262196,-6.950720559401422,-0.019050160065473776
