Date,Open,High,Low,Close,Volume,Market Cap,Returns,Log Returns,VolChange,LogVolChange,GarmanKlass,LogGarmanKlass,Delta_LogGK,Log Returns_Weekly,LogVolChange_Weekly,Delta_LogGK_Weekly,Log Returns_Monthly,LogVolChange_Monthly,Delta_LogGK_Monthly
2020-01-01,1.0012300064566917,1.004000064972745,0.999500900710292,1.0024852336638896,217590879.21407503,520471810.3675404,,,,,0.0030788867090886,-5.783187205426474,,,,,,,
2020-01-02,1.0025434849754082,1.004175412633593,0.991363364863994,1.0013947663426932,238163826.488118,520500533.024933,-0.001087763973551,-0.0010883560181575,0.0945487575046857,0.0903421847315339,0.0090518614125941,-4.7047848614700944,1.0784023439563797,,,,,,
2020-01-03,1.0010294043202252,1.0090557063597154,0.9944602759938737,0.9999824522307011,309675233.2987656,518755087.65466857,-0.0014103470074545,-0.0014113424828825,0.3002614119244313,0.2625653303481084,0.0102820495509095,-4.577355666170632,0.1274291952994621,,,,,,
2020-01-04,1.0002329273462434,1.0016909936399638,0.9981091225348816,1.0001411213705966,262757742.04340288,518486323.0789331,0.0001586719242339,0.0001586593371755,-0.1515054683436634,-0.1642916390471423,0.0025323786949508,-5.978596222317028,-1.4012405561463952,,,,,,
2020-01-05,1.0012167763310522,1.0020648453706682,0.9985077630343452,0.9988821505752946,231880691.71729887,518173515.3594405,-0.001258793152687,-0.0012595860982938,-0.1175114768683149,-0.1250094952091823,0.0020536619401026,-6.1881307671449,-0.2095345448278722,,,,,,
2020-01-06,1.0005001016376387,1.0014603818357382,0.9959987740655982,0.9983640728676884,276811376.9354622,516576895.1448667,-0.0005186574885814,-0.000518792037902,0.1937663929040771,0.1771133449941828,0.0036315428250249,-5.618097700333046,0.5700330668118534,,,,,,
2020-01-07,0.9995427434685225,1.0008777759516012,0.9955486246533428,1.0002433197440406,333835051.29630136,499907806.7319653,0.0018823262248954,0.0018805568688759,0.2060019172338212,0.1873106880498504,0.0037498318696483,-5.586044274765361,0.0320534255676854,-0.0009859604718843583,,,,,
2020-01-08,0.9991398120540472,1.0018755758701714,0.9960510425341764,1.0013108006191305,364901056.5195975,476077336.38598514,0.0010672211991009,0.0010666521234075,0.0930579491358529,0.0889792262115299,0.0038959023051268,-5.547829969202379,0.038214305562982,-0.0012303135219255473,0.07579869525508443,-0.0006706303055699081,,,
2020-01-09,0.9970529027334484,1.0013353600576431,0.9958940171962626,0.9984131077703152,295733784.0867584,463613110.4411864,-0.0028938995235281,-0.0028980949467981,-0.1895507595745325,-0.2101665672500472,0.0037586332974376,-5.583699872380956,-0.0358699031785771,-0.0026170275237263306,0.028128529078141895,-0.20472712011190275,,,
2020-01-10,1.0004192458659895,1.0033476209005312,0.996366042608637,0.9976559758416084,288377460.2256695,456104473.9067541,-0.0007583353251418,-0.0007586230068231,-0.0248748173422443,-0.0251894237564046,0.0046285087761102,-5.375520541356346,0.2081793310246098,-0.002579675906501982,-0.010314052458436862,-0.6559033738601494,,,
2020-01-11,1.0028003486908554,1.0028003486908554,0.9925559184155076,0.9925559184155076,304371822.76133233,452190454.8867539,-0.005112040171762,-0.0051251513514597,0.0554632894094651,0.0539798074166578,0.0034625190741999,-5.66575889868963,-0.2902383573332834,-0.008687963693762946,0.020054643699790375,0.025144441658253136,,,
2020-01-12,0.995188864534568,1.0015607328906952,0.995188864534568,0.99733777238971,252831622.6111435,448971394.66409504,0.0048177174559957,0.004806149394808,-0.1693330206541594,-0.1855263113234226,0.0043092223464935,-5.446997821193842,0.2187610774957873,-0.0031657542687639918,0.009946465922393344,0.3109947919343945,,,
2020-01-13,0.997788783909938,1.0009653624828845,0.9972510599472028,0.9991745733272868,261056449.7969394,448291037.7058068,0.0018417039727429,0.001840010115385,0.0325308483996313,0.0320129227913614,0.0024831944491919,-5.998209463322615,-0.5512116421287727,-0.0003684064197632945,-0.007470419452118904,0.03380412325240911,,,
2020-01-14,1.0001037570535696,1.0065004427017668,0.996122886890981,0.9991498595770631,337845303.0326068,439922652.128355,-2.4734166464313034e-05,-2.473447235885242e-05,0.29414654683076,0.2578514406947033,0.0073044543631414,-4.91927093018431,1.078938533138305,1.0056122651841008e-05,0.001906818200762217,0.25518576743975174,,,
2020-01-15,0.9910905764243392,1.0043289975556,0.9910905764243392,1.0011973232476945,464121261.75806576,434339566.48628384,0.0020492057833025,0.0020471090251021,0.3737685786718532,0.3175577507001889,0.0069475121317792,-4.969371650141265,-0.0501007199569549,0.004148055536682032,0.04605581831223304,0.0719262890891752,,,
2020-01-16,1.0020688278278749,1.002136760019925,0.9971197413715636,0.9994228442496708,496088061.7780515,448795115.4484829,-0.0017723569138875,-0.0017739293966778,0.0688759655157733,0.0666075967944966,0.0031454959171764,-5.761783716943767,-0.7924120668025019,-0.0009964803758192205,0.08699471842071915,0.0271179115154494,,,
2020-01-17,0.9995986130541092,1.0014194028738703,0.9942935618302818,1.0001079536622728,436089816.52672726,446407294.7762019,0.0006855050557867,0.0006852702045177,-0.1209427314906185,-0.1289052315314461,0.0050396399414123,-5.290420639646794,0.4713630772969726,-0.0026884871834924255,0.05961397136322688,-0.010255110296593983,,,
2020-01-18,0.9976836377938598,0.9998960162688992,0.9975013647853134,0.9998960162688992,387041746.3916077,444520040.1399885,-0.0002119145164254,-0.0002119369734792,-0.1124724042532496,-0.119315664316813,0.000989599755392,-6.91820998406467,-1.6277893444178757,0.004718757095502121,0.0318755717873529,-0.025636732767838843,,,
2020-01-19,0.997857578119156,1.0009077471556118,0.9966701089960174,0.9966701089960174,363505854.3436543,444255298.5604973,-0.0032262427496404,-0.0032314582915375,-0.0608096988693821,-0.0627371566964878,0.0029073876216349,-5.840500325518804,1.0777096585458654,-0.0011217829910769137,0.041142348587936084,0.03545954204598445,,,
2020-01-20,0.9989727077548424,1.001500223840641,0.998230810298901,1.0007909031952646,318723672.92238563,468921832.0304979,0.004134561839522,0.0041260380254666,-0.1231952137390669,-0.1314709040202866,0.0020170899451172,-6.206099427490575,-0.3655991019717701,0.0006868389249665563,0.020784859483001128,0.001280144657188842,,,
2020-01-21,0.9993678027793242,1.0017158375086763,0.9972024933862544,0.9999134228356958,300662358.6133165,443049546.9093679,-0.0008767869060032,-0.0008771715084685,-0.0566676273006786,-0.0583365953534239,0.0031750771814565,-5.752423337812766,0.4536760896778089,0.00886276890098288,-0.013352187991031883,-0.36134855153026013,,,
2020-01-22,1.0007996730111155,1.0021711824466402,0.999486110774856,1.0007546075822162,278322045.2988028,446810744.937337,0.0008412575802161,0.0008409039213895,-0.0743036588203104,-0.0772090234071254,0.0018968550689997,-6.267557991053444,-0.5151346532406782,-0.0013123677415068662,-0.06952895483033217,-0.31911696357771024,,,
2020-01-23,1.0020371073585843,1.0028995905189055,0.9976447076748588,1.0007352179059177,265767606.6529372,457241086.25284594,-1.9375055734571767e-05,-1.937524343338858e-05,-0.0451075969651894,-0.0461566118280636,0.0036258134213092,-5.619676623762338,0.6478813672911059,0.001136415288826293,-0.09349397475174115,0.09210986873243598,,,
2020-01-24,1.001919710404959,1.003319666111907,0.9996727573765732,1.001047134308928,290358935.4231682,449067058.2002204,0.0003116872449666,0.0003116386805883,0.092529443598988,0.0884955982871349,0.0025173163677909,-5.984561878319575,-0.3648852545572367,0.0033656355693471754,-0.06401615782947445,-0.36282560349986337,,,
2020-01-25,1.0001963033587784,1.0030967089085898,1.0000720083112564,1.0018330811806555,277527252.98645395,449345786.8935124,0.0007851247406747,0.0007848166914729,-0.0441924834102775,-0.0451987286822237,0.00187807109375,-6.277510042815652,-0.2929481644960772,0.003976123287457366,-0.05095688359872952,-0.051369220307787344,,,
2020-01-26,1.000973337037125,1.0042943400218616,1.0007430371896515,1.001635945293446,231401167.30584607,449358281.2471297,-0.0001967751823259,-0.0001967945451022,-0.1662038058758117,-0.1817662780407148,0.0024708465749766,-6.00319444415967,0.2743155986559822,0.002662428864084219,-0.06513721914052795,0.16755101633439828,,,
2020-01-27,1.0022528387064973,1.0085337546437865,0.9999255220162628,1.0020298781820207,285736042.157831,448128547.7182493,0.000393289488487,0.0003932121704477,0.2348081277402105,0.2109155958563152,0.0060597621447805,-5.106084729707429,0.8971097144522409,0.0026602179046426883,-0.016949566947058514,0.5023596639416086,,,
2020-01-28,0.9996215373184674,1.002039693308838,0.9967743922583836,0.9997729421259354,424396773.49738073,446359584.4430285,-0.0022523640314798,-0.0022549044186463,0.4852756071386968,0.3956003490670135,0.0037241582467261,-5.592914426719829,-0.4868296970124,-0.0010264370986148423,0.06214681063969607,0.05621598051980925,,,
2020-01-29,1.0014877025756126,1.0025111754108855,0.9970952373003724,1.0025111754108855,415824947.6285705,446340186.9377833,0.0027388551635809,0.0027351113340906,-0.0201976697376167,-0.0204044314763641,0.0037774342949694,-5.578710257755688,0.0142041689641407,0.000472992409526292,0.06481343064408307,0.0023388631101219914,,,
2020-01-30,1.0001636905354216,1.0090939285560447,0.9995874452295732,1.0080901180760882,245488736.8674796,444410232.4178712,0.0055649680542624,0.0055495408277577,-0.4096344188402115,-0.5270133048888225,0.0045526011667415,-5.392056524370743,0.1866537333849454,0.006139698390464017,-0.009298575935780207,-0.06033708337616428,0.00682831788776507,,
2020-01-31,1.0062396869166752,1.0070613843160596,0.9986766182828876,1.0012416781953757,322286006.88000906,440945903.8148113,-0.0067934798267663,-0.0068166605557051,0.3128341894316169,0.2721883035926659,0.0050372414270465,-5.290896682645304,0.1011598417254386,0.0010446238567414963,0.014600849104557057,0.10442259977754098,-0.0012993478413888366,0.01100994692572499,0.05689925347315228
2020-02-01,0.9996890781364636,1.003209082825475,0.9983417309451448,1.0013048937183997,292961453.8897239,439984711.04795104,6.313712703009955e-05,6.313513396558522e-05,-0.0909892218845326,-0.0953983277622278,0.003289330583103,-5.717071205089152,-0.4261745224438478,0.00033117943272042153,0.006982635286803429,0.0025206833154456376,0.00027516823757410677,0.005714660174540143,0.001926221327548383
2020-02-02,1.0023096987964448,1.0031596206574909,0.9989364336235051,1.0021981232618191,302506101.2696731,438568975.65922,0.0008920654927615,0.0008916678388112,0.0325798744279237,0.0320604030816526,0.0029823197017193,-5.815053857883439,-0.097982652794287,-5.459394690111477e-05,0.03155366151979422,0.0002732439183397162,0.0019628107004327836,-0.0007457904846503993,-0.0045232026528267966
2020-02-03,1.00024376420655,1.0036792926546174,0.9869977907087126,1.0011622797423243,324511168.077848,437315979.513342,-0.0010335716017143,-0.0010341061051724,0.072742555326374,0.0702185050624559,0.0118373841465643,-4.436492607502896,1.3785612503805424,0.0015401391347491093,0.016796433064538263,0.5872655685991752,-5.443184054095381e-05,0.006405919877508381,0.21151813740699943
2020-02-04,1.0026180114227468,1.0030499238269297,0.998799502388434,1.001969745111038,323810489.4264656,435833400.3012906,0.000806527957607,0.0008062028887068,-0.0021591819336533,-0.0021615163278244,0.0029756995498076,-5.817276124833778,-1.3807835173308811,0.000481210664378222,-0.04416886739491588,0.0016902526842201837,0.0014678310783569045,0.009460856300769649,-0.0016984200052414522
2020-02-05,1.00273121489608,1.0034770984181545,0.9970964764083392,0.9990569132074736,353223286.00514084,434132696.9427845,-0.0029071056464301,-0.0029113394855191,0.090833365623119,0.0869419597348336,0.0038908575837245,-5.549125687108191,0.2681504377255868,-0.0011072089182589757,-0.028507919165146944,-0.0007844922971056434,-0.0004861706735466994,0.007796296878854747,0.0015144562627558145
2020-02-06,1.001082460883741,1.004230406123875,0.9992188632270111,1.0012207430875428,413110199.69111526,426748046.9768867,0.0021658724858049,0.0021635303652058,0.1695440704469943,0.156613989484729,0.003536560505876,-5.644600632663548,-0.0954749455553569,-0.005000302084673163,0.07457942744468227,-0.11895434905592328,0.0020805567064333453,0.008024700464513757,-0.003236615197928394
2020-02-07,1.0029044181798552,1.0029044181798552,0.9999012818611064,1.0004504331275887,599858573.0923051,425514767.9715093,-0.0007693707559219,-0.0007696668734945,0.4520546177286897,0.3729795312107851,0.0014759052909839,-6.518483720862624,-0.8738830881990758,0.0007613019228006614,0.11244153295111659,-0.1270018817494183,0.0034017802218665135,0.023412396882239506,-0.005780618870776522
2020-02-08,1.001261065445297,1.001836090579477,0.998434807211012,0.9990848091569984,563116491.152919,423077446.9871925,-0.0013650091252609,-0.0013659415988702,-0.0612512408549543,-0.0632073977208625,0.0019884452557478,-6.220402224121516,0.2980814967411076,-0.0032226454280981174,0.09849457682287266,-0.012825368175559682,-0.0013347678928270772,0.025993170788979114,0.0077975722127092695
2020-02-09,0.9984599841537491,1.0014943454768674,0.9968690602365428,1.0014035031862225,586485382.1351455,421841358.4072946,0.0023208180206248,0.0023181290820369,0.0414992125952149,0.0406612256890454,0.0027141783143404,-5.9092660180547645,0.3111362060667515,0.0011587846953235008,0.09403595953249777,0.011838876486295113,-0.0013939158229812126,0.028205141203127226,-0.00012756175690409322
2020-02-10,1.0033065252109237,1.0033065252109237,0.9895135183690036,0.9998346105968297,605006754.9327251,423784032.5681647,-0.0015666937297512,-0.0015679222777126,0.0315802803646205,0.0310918792593896,0.0095483702251121,-4.651384796109387,1.257881221945378,-0.002779993481897379,0.0849374500639577,-0.1712317194833295,0.004657343151780133,0.027660729756025404,-0.015858862743822755
2020-02-11,1.0001784533238118,1.0014197732577723,0.9958299836575766,0.9962249768126112,707901873.1413674,419464092.4563122,-0.0036102308781487,-0.0036167634892076,0.1700726766597573,0.1570658636837074,0.003099427295964,-5.776537927795577,-1.12515313168619,-0.0065096584767059896,0.10571495662118835,-0.06749391153291562,-0.001568502132469201,0.04046627781948331,0.015449868430025937
2020-02-12,0.995919465137012,1.0022972445001417,0.9952953401146308,0.9984982378263184,664117968.5855726,430626122.8371936,0.0022818751452913,0.002279275621976,-0.061850245375818,-0.0638456896016502,0.00468928212736,-5.362475772768304,0.4140621550272723,-0.0025847663941339716,0.07807251007974614,0.06939882646804918,-0.0016066426199161808,0.03452315411350071,-9.581417609005882e-05
2020-02-13,0.9977829759090974,1.000963567906862,0.9935196313447496,0.999627023630552,594707756.8630999,429527993.2532043,0.0011304835216243,0.0011298450063034,-0.1045148829059713,-0.1103896772799715,0.005151973414546,-5.268375450413505,0.0941003223547989,-0.0032732544489388945,0.04293343932778271,-0.07446789408656063,0.008576303870872172,0.02139491602854804,-0.05956901568386197
2020-02-14,0.998755130552872,1.0018929866560091,0.9974141620198448,0.9974141620198448,871988724.9588169,429780235.9510306,-0.0022136872637459,-0.0022161410914036,0.4662474381674262,0.3827063737836305,0.0030560791035156,-5.790622523354607,-0.5222470729411013,-0.0038494580039592587,0.06107221412403163,-0.008722564358911278,-0.004655877784410932,0.03305924690395301,0.04422609666940591
2020-02-15,0.9975556725490528,1.0008539517590465,0.994407338461146,1.0008539517590465,841198539.3835925,429602830.2218591,0.0034487075381361,0.0034427743835245,-0.0353103024086447,-0.0359487862538066,0.0040828074913097,-5.500970416590498,0.2896521067641089,0.002394790239207961,0.05877865487977729,0.019104560782531976,0.0012550548728804036,0.02714348621626428,0.016138406855442433
2020-02-16,0.9989666509277682,1.0014819576148344,0.9965094800589922,0.9982843507626796,815013990.1128885,429362366.6595476,-0.0025674085533164,-0.0025707099986396,-0.0311276684929712,-0.0316224286022611,0.0034939029965523,-5.656735830519918,-0.1557654139294202,-0.005018193325786815,0.045845106691992044,-0.041833273894928524,0.0006019264741730107,0.028978190499255874,0.0009572403126343332
2020-02-17,0.9971721948568072,1.0024534467934243,0.9965880964480978,0.999111459534158,895791419.6153628,428773583.2749757,0.0008285302387505,0.0008281871970394,0.0991117091024238,0.0945023163909195,0.003969835524812,-5.529030614659651,0.1277052158602671,-0.0010673728548245738,0.05545109352053146,-0.38790054842541455,0.0012557846978498547,0.03763124692369857,-0.0009586879806260384
2020-02-18,0.996999050274613,1.0032525531526448,0.996999050274613,0.9976708853091972,840590365.4611127,429837953.0150333,-0.0014418553718045,-0.0014428958455231,-0.0616226645461198,-0.0636031342641683,0.0044014845210418,-5.425813403815648,0.1032172108440026,0.0017570516654834374,0.024316192299195905,0.07808516086310657,-0.0013040110259442124,0.03404706532097279,-9.753573992288267e-05
2020-02-19,0.9967976970890868,1.004692091801919,0.994286569333658,0.9995200351221332,625019674.271872,427581736.0485947,0.0018534667495713,0.0018517511995582,-0.2564515369754299,-0.29632133292702,0.0071638197060954,-4.938711961753701,0.487101442061947,0.0017394052293541434,-0.007103825578948175,0.1404934997275591,0.00015231704372471285,0.021263170605404724,0.001323542894773766
2020-02-20,0.9994394664468532,1.0026478082743362,0.9988127742214264,1.000273573361926,874402533.0573044,429948607.0911565,0.0007539000853551,0.0007536160454353,0.3990000140010878,0.3357577056912696,0.0026597361988431,-5.9295283344737655,-0.9908163727200644,0.0015191808883145475,0.04974121441338397,-0.07035946511246483,-0.000525817495451208,0.03865206287128231,-0.0001996460494364527
2020-02-21,0.999119679217406,1.0005575850597173,0.997098869398088,0.997098869398088,919430793.7448202,424612187.01249415,-0.0031738356869388,-0.0031788829857835,0.0514960318448265,0.0502139423492422,0.0021004590884394,-6.165599344602644,-0.2360710101288781,-0.0004580273419224293,0.008197059108070448,0.007545577924250146,-0.004940382307184156,0.04149364425608226,-0.019395909025843316
2020-02-22,0.9977407138744784,1.0001472836401697,0.9977407138744784,0.9982581797668756,868252668.6103926,424913820.8504012,0.0011626834653692,0.0011620080724104,-0.0556628356180897,-0.0572720109463035,0.0016727414368392,-6.393291419525778,-0.2276920749231346,-0.0007094556203392206,0.004644514480901307,-0.0010488396237899877,-0.0036612090815938496,0.03748452377528366,0.008937343566548961
2020-02-23,0.9969663155663556,0.9982025861301692,0.9955268871040815,0.9976470276268016,905197643.8909208,425476427.9773934,-0.0006122185146699,-0.0006124059969488,0.0425509492987303,0.0416705457256089,0.0018499390672133,-6.292602577075734,0.1006888424500438,0.0004760659749118254,0.015328289257045213,0.0009886933127658537,-0.002552029056559795,0.03685739332882321,0.005517549293641011
2020-02-24,0.995418224575776,1.0006917386955585,0.995418224575776,1.0006917386955585,1009930608.2562772,426099022.6229261,0.0030518920865225,0.0030472445173873,0.1157017642193256,0.1094835918825081,0.0017817126285424,-6.330180226382076,-0.0375776493063417,0.003696961158511433,0.019069048626995766,-0.050441909676755436,-0.0002813640971591212,0.04220252644651623,0.005096555490579746
2020-02-25,0.9995671633136128,1.0023278577538102,0.9984918573131258,1.0023278577538102,995769045.823744,426824896.2950551,0.0016349880737343,0.0016336529358252,-0.0140223123418193,-0.0141215537854629,0.0021006882251558,-6.1654902616786105,0.1646899647034656,0.005532593745950653,0.02535563828288545,-0.07181882075787627,7.484762023331651e-05,0.04222382489611576,5.7975307834468026e-05
2020-02-26,0.9997876939560304,1.004730385111366,0.999136313672258,0.999136313672258,984347571.6551436,428293416.7134731,-0.0031841318754767,-0.0031892120101223,-0.0114700032266539,-0.0115362910824234,0.0039271481148722,-5.539841787043238,0.6256484746353728,-0.0003033688088646108,0.05635650165427464,0.011056476689782713,-0.0004855252030663965,0.037091563524960236,-0.00018138936167577668
2020-02-27,1.0008340730147045,1.0026858089641475,0.9971139887010202,1.0009402471509157,1105188306.1299262,430242789.35562617,0.0018054928581541,0.0018038649151221,0.1227622619839385,0.1157919543101193,0.0039397248682877,-5.536644388494371,0.0031973985488669,0.0018205138879380898,0.03458989038243132,-0.014578254557350512,-0.0005467916470218758,0.034868282062060274,-4.9862020579105604e-05
2020-02-28,1.0000603650717106,1.003468757947099,0.998271683828656,1.0005991938191872,921546303.8503008,442612120.3383712,-0.0003407329585349,-0.0003407910211991,-0.1661635408744873,-0.181717988027619,0.0036564046867466,-5.611274940392787,-0.0746305518984158,0.0028608565372745735,0.00031160049810097235,-0.022873892343664437,0.0004353372346607544,0.025136704986582714,8.629469735232931e-05
2020-02-29,0.998910480530481,1.0021693286822202,0.997993682108459,1.0008695597327957,943421978.9957384,444948618.48291016,0.0002702040090363,0.0002701675105076,0.0237380097495254,0.0234606440281794,0.0026895529378668,-5.918380293281696,-0.3071053528889091,0.003907477266825225,0.011009385840214492,-0.035257860785096184,-0.005351118786451521,0.03368441399850397,-0.12342270363013341
2020-03-01,0.9982092764410632,1.00718170741598,0.9982092764410632,1.0030876665573225,833893656.8076186,445605431.7253575,0.0022161797238782,0.0022137276197945,-0.1160968523382414,-0.1234077838153886,0.0055547496338409,-5.193101927321923,0.725278365959773,0.0076752134335994265,-0.010440300207790187,0.10553141187834747,0.003393879714311578,0.023990446033700152,0.023029707520693776
2020-03-02,1.001477181135357,1.003148214928223,0.9991655433380436,1.0003834684193684,851098596.3430331,443815321.5755208,-0.0026958741774136,-0.0026995145904061,0.0206320546930167,0.0204220968490325,0.0027297086662795,-5.9035603911283205,-0.7104584638063978,0.0008163253013694822,-0.023655540373880513,0.040974638105636174,-0.0019236406281231547,0.02553213568775803,0.007476993332089954
2020-03-03,0.9991617440763004,1.005154113319322,0.9970532796233162,1.0004305928953905,930714490.410802,458036628.8086938,4.710641220073697e-05,4.710530272854379e-05,0.0935448541565682,0.0894245791837568,0.0056672412103969,-5.17305283866361,0.7305075524647107,0.0006428288009613432,-0.009852742891283128,0.007034392923052302,0.00018676571599003062,0.02797872032884996,0.003467484631536344
2020-03-04,0.998980076242651,1.002093191062893,0.9981297634455368,1.0014296339595143,862310719.3395414,468765559.1954539,0.0009986110692921,0.0009981127889561,-0.0734959773120844,-0.0763368914551222,0.0023528070827291,-6.0521461603885305,-0.8790933217249206,0.000594887636727409,-0.01874893507893205,0.00022503786152761052,-0.001185977394562039,0.023345540450858238,-0.1360939285252627
2020-03-05,1.0010205156491911,1.0013237102976182,0.9978112917167904,0.998879353791186,718133729.6898108,467143149.2669296,-0.0025466394061507,-0.0025498876081212,-0.1671984197994874,-0.1829598642281918,0.0020982660145627,-6.16664398268791,-0.1144978222993797,-0.0011816378521047406,-0.06190248305646051,-0.003968030325553151,-0.003848766508284198,0.016777530048823763,-0.016873539734498344
2020-03-06,0.9991611240882706,1.0005464269823918,0.996417543419774,0.9989846984717392,905874637.0664952,463014631.8355536,0.0001054628671155,0.0001054573062983,0.2614288949465957,0.2322451220300773,0.0029219438145934,-5.835506194245945,0.331137788441965,7.429613132099608e-05,-0.0025889544359820604,0.06648431558641299,-0.0020976927413900543,0.023050157348958322,0.013154614388607655
2020-03-07,0.9980077888973728,1.0003646104496864,0.9973782140565808,1.0003646104496864,1194694025.160529,464885889.6067657,0.0013813144285974,0.0013803612914425,0.3188293128829846,0.2767444589042634,0.0015232066520815,-6.486937526761338,-0.6514313325153926,0.0021568728164916232,0.04072327933796416,-0.015794358000198017,-0.00253566451105572,0.031717358935893,-0.0025366343424337856
2020-03-08,1.0003389083796503,1.0034969615374412,0.9985971304745124,1.0034969615374412,1251296357.2785645,465545046.2217053,0.0031312094160815,0.0031263173891914,0.0473780992672412,0.0462899930277242,0.0028532826024353,-5.85928515717498,0.6276523695863583,0.0020147702080911523,0.06418431224071242,-0.2128942922759327,0.0022305904145188946,0.025688289266980746,0.0018189070005378838
2020-03-09,1.0016348577022216,1.006901858780683,0.9991843547792024,1.0004836449174712,1366897529.024527,462818613.8546894,-0.0030028158883045,-0.0030073333856759,0.0923851260922574,0.088363494717556,0.0053934157404334,-5.222576376699028,0.6367087804759519,0.001322135455624433,0.07401502482646194,0.19630247320061045,0.0020247308884857353,0.030812418172232015,0.0010926143876499594
2020-03-10,1.0030834610133113,1.0032983586202049,0.997793627975014,1.0005360218244077,1360185850.5525458,458312722.5357816,5.235158735739098e-05,5.235021706086615e-05,-0.0049101548063892,-0.004922249223048,0.0035548255284129,-5.639449294733548,-0.4168729180345201,0.0015563224495374142,0.05770454105267575,-0.002412277804194396,-0.002765192460808794,0.028788621376548917,-0.00443860484728642
2020-03-11,1.0002135691883285,1.0026099252814873,0.999173203694762,1.0020507759399215,1324206374.6666918,458770559.191243,0.0015139426092343,0.0015127977534739,-0.0264518821977438,-0.0268080277568156,0.002143384990375,-6.145368928427495,-0.5059196336939475,0.0010286806924016214,0.05855610631188313,0.004868965294004823,0.0018702385665878203,0.026037237404228364,-0.2569333595544254
2020-03-12,0.9998873300030592,1.009948603776306,0.9878378032349516,1.0060716749595486,1247150327.9152625,472391087.2930511,0.0040126699326743,0.0040046406447677,-0.0581903608271215,-0.059952106384457,0.0151762660180423,-4.188022517638902,1.9573464107885936,0.00689254457929392,0.06310576791612021,0.7137997907983555,0.010142199577186931,0.019087163733960466,0.40174450438581655
2020-03-13,1.0304141624183796,1.0601983741721746,0.9834570735273466,1.000712487614292,1172619300.5010383,509154672.4043756,-0.0053268444770319,-0.0053410826987775,-0.0597610614742893,-0.0616212460979031,0.0499233587826384,-2.997266273878328,1.1907562437605743,0.002706432110231919,0.030370555870661065,1.2605300835147708,0.002931719242721772,0.017671099448207883,1.3099925707342424
2020-03-14,0.9983030550442132,1.006045802593566,0.9955789530344594,0.9983916575511664,536479972.2660872,564190077.1065855,-0.0023191776777549,-0.0023218711355159,-0.542494335512933,-0.7819660129507138,0.007395034315783,-4.906946542426754,-1.9096802685484264,-0.0019484881832041224,-0.07668152540224327,0.00024159439602655652,-0.0003639922792692718,-0.002007733492906283,0.0005793812225758366
2020-03-15,1.0039544686054684,1.0149887529286985,0.9996561460308088,1.0149887529286985,564059578.7262732,564692658.0188379,0.0166238321925096,0.0164871687939588,0.0514084549022211,0.0501306509366193,0.0083480715193856,-4.7857247225559645,0.1212218198707892,0.013244008796820394,-0.08687935774416289,-0.011888329345544957,0.017324851270236266,-0.010685155030284221,-0.02096206063089978
2020-03-16,1.002856289449908,1.024079482786375,0.9972889263122964,1.0082736688551128,681859009.4422866,607871770.1562431,-0.0066159196879863,-0.0066379018932918,0.2088421775976596,0.1896630234901616,0.0184431280344764,-3.9930634421336624,0.7926612804223021,0.005160912783543073,-0.09483251875140652,0.010322377259456506,0.009273513026117109,-0.00557424108868787,0.015051917837583861
2020-03-17,1.0077333283010212,1.0089870200495838,0.9954520064213952,0.998210387663754,651377049.6209817,606741404.9050386,-0.0099807041502785,-0.0100308452861493,-0.044704197494196,-0.045734245617425,0.0075080581779954,-4.891778411487231,-0.8987149693535681,-0.002004761991184763,-0.10861735753530866,0.0015507220887203133,0.0010405953321676012,-0.0057571043383326526,0.005845110987247715
2020-03-18,0.9988529729185704,1.010302743964353,0.9889206490711714,0.997320713021124,433851031.3191026,629672421.9857843,-0.000891269669826,-0.0008916670867928,-0.3339479314299628,-0.406387430461634,0.0150957491221952,-4.193342089880477,0.6984363216067537,-0.002570206347620031,-0.15562846245449435,-0.00017713351144310607,0.0003225789115871359,-0.016433231289056494,6.697734562566282e-05
2020-03-19,0.9985604671250208,1.0010877631442063,0.989297165819084,0.9975524667271534,807637955.671644,627938198.9308143,0.0002323763088478,0.0002323493136553,0.8615559198189773,0.62141265407228,0.0083540343392823,-4.785010702395805,-0.5916686125153285,-0.03241135423519726,-0.08678362621899183,-0.07714876033698692,0.0007569078768562082,-0.001182644762412366,-3.208212702965341e-05
2020-03-20,0.9961854943476488,1.003298081421271,0.9911331499805748,1.003298081421271,1006465159.75523,649154629.2429309,0.005759711780342,0.0057431880580042,0.2461835810059698,0.2200857457932122,0.0074064792077103,-4.905400093249101,-0.1203893908532958,0.004991041077165598,-0.03487465215832941,-0.6961651670260931,0.003853345390167622,0.013605008147557385,-0.0009778059002263362
2020-03-21,1.0037029706564846,1.0054062037117626,0.9948071435197016,0.9980209989981654,898245290.7273179,668633825.1727589,-0.0052597353875432,-0.0052736164910653,-0.107524704634814,-0.1137564459745453,0.0066112840461682,-5.01897738586496,-0.1135772926158589,-0.005927632058349441,0.07443166126376255,-0.0032994657676184147,-0.0011002533192172072,0.0008442839325013551,0.0009341703154253089
2020-03-22,0.9998061430535424,1.0040439733592632,0.994400739986432,0.9973975732769388,893218647.450382,668807707.0473958,-0.0006246619278076,-0.0006248571103559,-0.0055960697248585,-0.0056117863848167,0.0066574650588342,-5.012016488681358,0.0069608971836023,-0.005458036928232528,0.06322273135881318,0.0017277825107582245,-0.00034397675903749856,-0.0009282241156931548,7.474177876076737e-05
2020-03-23,0.992741048232832,1.003391793963037,0.992741048232832,0.9994688679258068,600533619.4093182,670745675.5482028,0.0020766991061176,0.0020745457472658,-0.3276745608440987,-0.3970127712286731,0.0062704108110192,-5.071913406384889,-0.0598969177035311,-0.008234852566135865,-0.015252643867633253,-0.5417981871446931,0.0025070222072713436,-0.009530131943567,-0.0004221433673037289
2020-03-24,1.0043425493303528,1.0043425493303528,0.9948805865490604,0.999933196487859,679407567.3397442,677650008.0195904,0.0004645753129017,0.0004644674312025,0.131339770799187,0.1234025682861216,0.0061091189603271,-5.097972712541722,-0.0260593061568332,0.0010808796768673442,0.005283461893696995,0.059811706258101616,0.0045254981854535425,-0.008108773763698451,-0.0009730557485720936
2020-03-25,0.9921192569789374,1.0030340486511178,0.9921192569789374,1.0018172192991266,645641697.8361461,690439695.9529525,0.0018841486790166,0.0018823758973345,-0.0496989894236976,-0.0509764913367237,0.0048274466211653,-5.333437600964513,-0.2354648884227907,0.0032561401516023815,0.039042880894843535,-0.2958895036341582,0.002248500540964357,-0.013222891115407975,0.0010572416295602238
2020-03-26,0.9996855783966336,1.0019279343438008,0.9970899353631713,0.998588793463678,643337935.0489225,687685701.9512882,-0.0032225697195613,-0.003227773379806,-0.0035681753439168,-0.0035745564653883,0.0033539788917795,-5.697607909047698,-0.3641703080831853,0.0024095962069905314,-0.030154610469846688,-0.11707472540008901,-0.0011998746419784358,-0.012961062563856984,0.00024753412186040435
2020-03-27,1.0019116755635595,1.0019116755635595,0.9953216765059266,1.000719865670061,866257593.5794866,688636613.1764584,0.0021340838394463,0.0021318099171153,0.3465047627163664,0.297512170371591,0.0046072927064429,-5.380114859895143,0.3174930491525556,-0.00297652484776268,-0.02647205478379533,-0.08071531865979331,-0.00011411867805314204,-0.00438074353007778,9.762824122994118e-05
2020-03-28,0.9996400113481668,1.002852036344922,0.9977937734578516,1.0000902489910646,770470022.4098927,688284826.4538784,-0.0006291637656008,-0.0006293617721795,-0.1105763134194154,-0.1171815691704627,0.0035646149818728,-5.636699230422891,-0.2565843705277482,0.000284120658013651,-0.02475069960639331,-0.06339510149804539,2.9881669056500873e-05,-0.01252224420935022,8.299918015097774e-07
2020-03-29,1.0000504230172231,1.0132715594355377,0.9820040879661296,0.9994118017770236,659665608.7412815,693716583.9558249,-0.0006783859903898,-0.0006786161982849,-0.1438140491463052,-0.1552676941261976,0.0221600492016576,-3.8094641968141096,1.827235033608781,0.0066970548734588495,-0.0468871091543015,0.9221531605238242,0.000501742147898959,-0.009907815366933193,0.019469950591344265
2020-03-30,0.9971307824656744,1.008449217990988,0.9966099285272574,1.0020944507154688,609499137.0193212,694763385.2411053,0.0026842277964651,0.002680631690774,-0.0760483357889215,-0.0790955201686168,0.0077593713200722,-4.858853963523548,-1.0493897667094385,-0.0022408872599363346,0.0018410460445750232,0.015975131087135885,0.0038845892324009825,-0.012777486196871024,-0.0009774708783361064
2020-03-31,0.9961179531386763,1.0027605767534948,0.9961179531386763,0.9980895648781274,762490353.0652672,691953850.8016334,-0.0039965153329428,-0.0040045227419551,0.2510113743460413,0.2239523236465109,0.0045361645587528,-5.395673434830064,-0.536819471306516,0.005999697863592248,0.016901503181408373,-0.01237940129177284,-0.0033883535071462224,-0.0027535498150008664,0.00023792466312810845
2020-04-01,0.9976921690131064,1.0023728833628456,0.9975292429073096,1.001727409935543,685292428.1636239,692449406.8515282,0.0036448082270652,0.0036381820095397,-0.1012444611152153,-0.1067442070898936,0.0023319207588847,-6.061062990966265,-0.6653895561362013,0.0020403907231453825,0.007966534983161466,0.01271813554792578,0.00256452713560285,-0.006423436896071166,0.00032311749383318045
2020-04-02,0.999788086347042,1.002227104226892,0.9902460594415136,1.000726470170577,956686464.338942,693475311.8758612,-0.0009992137132701,-0.0009997132600896,0.3960266085276498,0.3336300647084231,0.0084839710478276,-4.769576654847088,1.2914863361191768,-0.001183644218384009,0.06081958270724641,0.001088456304063623,0.0017466506523652666,0.001008900221421527,0.00023218817508219303
2020-04-03,0.9989931497550032,1.000805207199729,0.9957972501775274,0.9983892162885264,970618729.640453,693942617.0980693,-0.0023355571694352,-0.0023382888372207,0.0145630421468729,0.0144580194539639,0.003527225262013,-5.647243761887604,-0.8776671070405158,-0.0012520289550648244,0.01946174530825573,-6.556815453739873e-05,-0.002632077695465285,0.004196364723970447,-0.0002553096733697302
2020-04-04,0.9987412470719592,0.9999026642239084,0.9962582400446142,0.9962582400446142,695560754.3893924,702998198.1969407,-0.0021344143237383,-0.0021366954324565,-0.2833841619282893,-0.333215372664606,0.0020671020296884,-6.181607638258121,-0.5343638763705165,-0.003799199596849606,-0.013930954896149927,-0.005091050955621679,-0.0029095498857972194,-0.0008731324527637696,-0.00010129270241909794
2020-04-05,0.9958950742678851,1.001474996536282,0.993675898986376,0.9994308824052532,658608721.5265034,701434056.8489187,0.0031845582130363,0.003179498247188,-0.0531255287617942,-0.0545887487128565,0.0050704235750489,-5.284330919494211,0.8972767187639095,0.0023040620258255955,-0.00019794545747942038,-0.5432609985127521,0.001424918591106488,-0.009614601812362622,0.0004237754115461456
2020-04-06,0.9992229988942504,0.9998686542820792,0.9915885743297288,0.9986609065574672,718628343.4878608,694634749.7637378,-0.0007704143041217,-0.0007707112257332,0.0911309249325542,0.0872147041720985,0.0058696409595919,-5.137961812329345,0.1463691071648662,0.002549610734014143,0.020234828621280343,-0.381831551650202,-0.0016788417925471253,-0.018775610754104832,-5.188124225163904e-05
2020-04-07,1.000384040020735,1.0044746369308788,0.9955193135297252,0.9990786527609352,819286088.2776674,688309764.7689825,0.0004183063547646,0.0004182188890522,0.1400692662653193,0.1310890204424563,0.0062802128708892,-5.070351402438096,0.0676104098912491,0.0013887261928470787,0.010371311607151767,0.14001396854517534,-0.0025552947174292575,-0.017348682187886766,-0.00024436663074167697
2020-04-08,1.0008718951001905,1.0024699223595543,0.996258984221414,0.999597204297724,751900919.5713984,699664361.9552354,0.0005190297434098,0.0005188950940619,-0.0822486426541533,-0.0858287776132642,0.0043226345691198,-5.443890208648546,-0.3735388062104503,-0.00019094073642637212,0.01202771135634606,0.003604574793672377,-0.003481593743352632,-0.025228097574004238,-0.0003684503277696649
2020-04-09,0.9989606121520718,1.0021964426324892,0.9964281906261772,0.9995814624401268,680781152.5103664,712460588.859708,-1.5748200904885934e-05,-1.5748324909103703e-05,-0.0945866206701434,-0.0993636668309496,0.0040632802497828,-5.50576468828272,-0.0618744796341736,0.0005887322880280673,-0.05079099714445334,-0.10051659141605107,-0.0006321715568402988,-0.0286307222718456,0.0007720325182254406
2020-04-10,0.998312082336984,1.002336618276514,0.9950443878087836,0.9983374998732631,709208624.5615371,711664830.1262598,-0.0012444834299216,-0.0012452584424856,0.0417571372919842,0.0409088425491607,0.0051631454296375,-5.2662093058195945,0.2395553824631253,-0.0004043377906998839,-0.050625779766512835,0.00042481116503712,-0.0015512072689682361,-0.026642918249823566,-0.0001320756860572203
2020-04-11,0.999548625633391,1.0017309209857543,0.9982810063817532,0.9999441715430472,688532636.6835412,710743811.0106195,0.001609347209724,0.0016080535982307,-0.0291536046826541,-0.0295870154626673,0.0024270202422009,-6.021091011851796,-0.7548817060322017,0.004057544052114518,-0.0013971124086005204,-0.03930369832119851,-0.030016650871970033,-0.024831454328584357,-0.06295589137183732
2020-04-12,0.9989379913557268,1.001106677732231,0.994562406646016,0.994562406646016,583407348.7956945,716677630.3939778,-0.0053820653694359,-0.0053966008606912,-0.1526801814278612,-0.1656770657855534,0.0037500290420718,-5.5859916944773165,0.4350993173744797,-0.004675127748543819,-0.015072676751312741,-0.013715391580733538,-0.0037540444783027544,-0.026877292366066285,-0.5422195536007055
2020-04-13,0.9940377343686848,1.002613706531057,0.9940377343686848,0.9972056660209208,723961763.0919662,717527507.5981859,0.0026577109261736,0.0026541854575595,0.2409198557173006,0.21585292373199,0.0057433965669211,-5.159704507260205,0.4262871872171114,-0.003182211714791825,0.0010764991504466082,-0.19583959700940312,-0.006744915665192654,0.008630719024992572,-0.006982976842784261
2020-04-14,0.9975305600520998,1.001183251014174,0.9970169390657584,1.001183251014174,646189275.6579235,735013527.4739892,0.0039887308393711,0.0039807969429703,-0.1074262362999454,-0.1136461203401115,0.0018799201903545,-6.276525954980456,-1.116821447720251,0.00031103630396785414,-0.03554336610756437,-0.15875336455369826,-0.0016696664817494526,0.0037575012164978716,0.009473315984671604
2020-04-15,0.99835964253072,1.0025378391360256,0.9972004650802064,0.999146450136862,676963893.1936742,736184097.985599,-0.0020343936789282,-0.0020364658686587,0.047624772949717,0.0465254807083255,0.0037427045720794,-5.587946781286127,0.688579173694329,0.00018601404182338422,-0.01578813324464079,0.0003255196967293372,-0.008557493735577378,-0.00022356035395176832,-0.3205915445852603
2020-04-16,0.996746874652066,1.0084995373512384,0.9924366872536416,0.9968864258182342,868123704.7033567,734076554.3779789,-0.002261955010017,-0.0022645170945264,0.2823781496053781,0.2487162834947603,0.0113527462686384,-4.478295602328228,1.1096511789578989,-0.001429087637702557,0.0390125740769065,0.6225277979628547,-0.001970746018303301,0.009851260399589279,0.02812683519574577
2020-04-17,0.9978532615547344,1.0000956598636437,0.9978532615547344,0.999457048663,828508501.9949707,732415207.718964,0.002578651668023,0.0025753326503131,-0.0456331309625082,-0.0467071227181019,0.0012341244278754,-6.697393525619932,-2.219097923291703,-9.162252176923707e-05,0.024072789225819236,0.0030572284849910147,0.0008974712094104856,0.017691916883098457,0.0012126409534980453
2020-04-18,0.9984240142267456,1.0010089775770248,0.9970486213004688,0.998229074211569,701824674.5423982,729883770.8321073,-0.0012286415439999,-0.001229396942828,-0.1529058870820634,-0.1659434772583848,0.0028004923450219,-5.8779600397507465,0.819433485869185,-0.0007099227562420759,0.0026465877987078557,-0.0007432281266090968,0.0020493037017766357,-0.004712828461293839,-0.001337210016076007
2020-04-19,0.9971819019639636,1.001099906144635,0.9971819019639636,0.99847654883604,800479765.6685814,728977633.4949043,0.0002479136611668,0.0002478829356532,0.1405694252492733,0.1315276335325817,0.0026529814235527,-5.9320712059043,-0.0541111661535529,0.004455498108945604,0.0422586998208736,-0.029913571480443935,-0.005220744334438838,-0.009238601822936232,-0.009179490433769644
2020-04-20,0.9983800801361205,1.0033689186401709,0.997388841289036,1.0018438228665505,729931747.7286873,730461803.5982267,0.0033724117350937,0.0033667379073818,-0.0881321689386746,-0.0922602214919052,0.0036378130501893,-5.616372588279921,0.3156986176243785,0.004314619155456392,0.0011373487685446548,0.001964708206707577,0.00203600085089889,-0.007612873830069589,0.00920092941055728
2020-04-21,1.0010328124925767,1.0010328124925767,0.9977287244612948,0.9987902278676652,469492879.76792073,732709179.2096924,-0.0030479750727494,-0.0030526296091182,-0.3567989319154407,-0.4412979005395315,0.0018767481640579,-6.278214699767707,-0.6618421114877862,0.0004311998313185916,-0.03422246689065389,0.028425969689855002,0.006074921655510704,-0.019425850853121318,-0.013092872126950539
2020-04-22,0.998616799103481,1.0009224844569895,0.9976970774748412,0.9993253692838188,415974590.0596818,725869086.6266766,0.0005357895994797,0.0005356461154814,-0.1139916961779996,-0.1210289561613813,0.002239302323361,-6.101590924415044,0.1766237753526631,0.0025835698821402397,-0.05279249010865783,-0.009825035577264885,-0.00500800605317688,-0.008580596726670109,0.004765529763093745
2020-04-23,0.9978745950565968,1.0023123415970443,0.9950805196500848,0.9954110632135408,369905495.1594581,725466775.6830262,-0.0039169485640929,-0.0039246398980623,-0.110749781359515,-0.1173766222829421,0.0048844573065979,-5.321697093497467,0.7798938309175769,-0.002450452288646182,-0.10924179799923905,-0.6852236084946304,0.003312461914244321,-0.014556852655729813,0.0056269032552735965
2020-04-24,0.9977480047256464,1.0011037715227098,0.9926856716943652,0.997875978448778,401438482.3293672,738167788.6872755,0.0024762787217569,0.002473217795699,0.0852460630689357,0.0818067475189617,0.005970540580005,-5.120917806262398,0.2007792872350693,-0.00054905153909318,-0.10419200338633416,0.28890840143116137,-0.0018118094400430503,-0.011637096371512001,0.0030406204247550583
2020-04-25,0.998120873637984,1.001615791414977,0.9977392879682704,0.9993367043513672,346597994.5688925,754214169.0667636,0.0014638351199314,0.0014627647577307,-0.1366099419324724,-0.1468887107897764,0.0026355292059494,-5.938671279981434,-0.8177534737190362,0.0021585606237362275,-0.09578459467450173,-0.01494256694022944,-0.002573366363751962,-0.01432536418921515,-0.0013182320302731476
2020-04-26,0.9998694729080656,1.0027967971173914,0.991096049754379,0.9958442575550824,327087728.6772683,754759583.7445891,-0.0034947648586085,-0.0035008858143453,-0.0562907639321211,-0.0579371729222312,0.0079113523045073,-4.839456550435872,1.0992147295455617,-0.002543168188108329,-0.14382463362226972,0.13870043973983037,-0.0038043480775573233,-0.02656596890591345,-0.0031127405467743507
2020-04-27,1.001349765793362,1.0022332890127468,0.9979135112105556,0.9979135112105556,378680886.6027566,753628888.717709,0.0020778888262642,0.0020757330011371,0.1577349236980834,0.1464654442236132,0.0021827102849144,-6.127187924415661,-1.2877313739797884,-0.0031209480484270242,-0.12190978656981954,-0.0587683495241329,-0.0021390902857482586,-0.019756818554359512,0.0039209749314190745
2020-04-28,0.9986823188195452,1.0020661217278612,0.995863387265125,0.9995848783507156,364963343.6428386,751527104.8004725,0.0016748617203634,0.0016734607035937,-0.0362245453764028,-0.0368969423925889,0.0043545087488814,-5.436543476674814,0.6906444477408469,0.0009689505657999778,-0.03934754759034931,0.02544940949796004,0.0024581337933326946,-0.01512254827184023,-0.5452576433972887
2020-04-29,0.9994799509913562,1.0050153812849814,0.99422211082422,0.9949804941480416,439368719.1114905,731081470.9395539,-0.0046062963760227,-0.0046169380508885,0.2038708181648694,0.18554204724723,0.0071013247615008,-4.947473926213012,0.4890695504618021,-0.002904479065020796,0.008941588239700593,0.15811745848775693,-0.0011425443236341582,-0.008835448768795828,0.005531944754842755
2020-04-30,0.9981958274950103,1.002995742121618,0.9898252014596954,0.9975329163361608,583697875.6394085,725567510.941451,0.0025652987200566,0.0025620139576935,0.3284921075396225,0.2840445453191074,0.009337539776649,-4.6737124686501765,0.2737614575628351,-0.00021559710018605874,0.07821065144425177,0.10497402102504072,-0.0001596337961598545,-0.009370203380751008,0.024492024568909976
2020-05-01,0.9986108447826212,1.00409027590763,0.995062257806531,1.0035003841613477,471979772.1284448,725637939.3316267,0.005982226478405,0.0059644040049791,-0.1913971391254126,-0.2124473837226266,0.0056188726247966,-5.1816242357695135,-0.5079117671193369,0.0053751662105394424,0.024519371840018067,-0.050517114484925685,0.0037062081854839298,-0.011295440339420537,-0.015396499574920064
2020-05-02,0.9973813912137331,1.001317263359593,0.9973813912137331,0.9993769475588452,414561091.8391403,712834949.5090258,-0.0041090533372825,-0.0041175186946415,-0.1216549599792563,-0.1297157784667431,0.0024924557321249,-5.994486816717314,-0.812862580947801,-0.0004927110076499098,0.02306783968721504,0.05019005860599535,0.00038411084020600347,-0.029294565700794806,0.015261502327222232
2020-05-03,0.9992169585403312,1.002494437352323,0.9945396611385886,0.9993462346158551,453215050.8552522,710859521.5821644,-3.073209069415217e-05,-3.07325629345267e-05,0.0932406821986819,0.0891463882456963,0.0056326859329973,-5.179168875461952,0.8153179412553628,-0.0020028348603039884,0.041448791254435235,-0.006321264943177418,0.0006055666410290781,-0.02878250954456618,-0.0002424949409380872
2020-05-04,1.0000801583336454,1.0031561289514463,0.9965245934600012,1.000482415700811,508895089.9717608,711121478.891059,0.0011369243667511,0.0011362785576876,0.1228556708596415,0.115875146445692,0.0046833047511489,-5.363751274846638,-0.184582399384686,0.001800849461445331,0.04106242067401311,0.0012951971390489092,0.004595673443300311,-0.01059074080742306,-0.023512012116932546
2020-05-05,0.9994980599431068,1.0066733273712063,0.9972391530700389,0.9983144967846604,493923884.93562776,713127395.6233113,-0.0021668735823127,-0.0021692246497982,-0.0294190400559059,-0.0298604589929506,0.0066171413121962,-5.018091828249119,0.3456594465975184,-0.0011667409930013295,0.03907017474941199,0.10634508303278167,-0.0009096221464652076,-0.00943767560312736,0.02300189676658526
2020-05-06,1.0027353121203195,1.0027353121203195,0.9966005871092956,0.9989916199917046,475388669.6750599,713762323.4509187,0.0006782664272881,0.0006780365085732,-0.0375264607075713,-0.0382487048423299,0.0036640642562154,-5.609182295147317,-0.5910904668981978,0.0007969132189480178,0.010645390387480802,0.0009874486391527881,-0.0013928550616996245,-0.014104443737828376,-0.0012341218532530007
2020-05-07,0.9902590523189618,1.0033642602202946,0.9902590523189618,1.0019720181618816,462821599.3518002,716948883.5549343,0.0029834065777265,0.0029789650520477,-0.0264353593699437,-0.0267910561379621,0.0057457348085042,-5.159297471856219,0.4498848232910983,0.003360197274584379,-0.03618119821443955,-0.04184887099771295,0.0010985610661375603,-0.02103604419506766,0.0008136105197262822
2020-05-08,0.9996850398559134,1.0020388205123,0.9960523667658384,0.9993647273997728,510675087.3858517,721063197.6365533,-0.0026021592567943,-0.0026055507579548,0.103395105373371,0.0983918858968992,0.0042324346231872,-5.464977890458499,-0.3056804186022805,0.0019865688680333967,0.011725515533331787,0.010731542266182004,0.0004044539146969192,-0.014490733373435205,0.001155376531741581
2020-05-09,0.9958660723562558,1.0024619469335223,0.9945086982671492,0.999013425528752,498989469.1229573,724373551.1326711,-0.0003515251853392,-0.0003515869848003,-0.0228826871557669,-0.0231485595886349,0.0052798866021217,-5.243850658365474,0.2211272320930248,-0.00020371325939762453,0.025116146460263167,0.005613393126793653,0.0007022823448970339,-0.011060903843919334,-0.00036475455917095445
2020-05-10,0.9980518561448016,1.004583404694387,0.9949850461813936,1.0015551097585542,537411895.596716,740004322.2326581,0.0025441942669157,0.0025409632836875,0.0770004756639282,0.0741798398305404,0.0064297787555509,-5.046815149481511,0.197035508883963,0.001473746706383881,0.02443437493808176,-0.0030546884598523505,0.0020053780942046085,-0.010566423281101578,-0.003921220255840296
2020-05-11,1.0009524586031848,1.0090462687123405,0.9930702416246928,0.9981721971374472,473818499.77888334,746033078.4421476,-0.0033776599890968,-0.0033833771600009,-0.1183326910678478,-0.1259404948906429,0.0111518534121528,-4.496149569584718,0.5506655798967932,-0.001327409261506297,-0.010106960831311795,0.13502790781438723,-0.0007669023574410279,-0.0133650068369775,0.03243721220542639
2020-05-12,0.9968589434492248,1.0028380674477757,0.9968589434492248,0.9983431088147816,433872182.3680812,747510576.0030948,0.0001712246422256,0.0001712099849596,-0.0843072134782493,-0.0880743564557191,0.0041261942835221,-5.490399777821182,-0.9942502082364636,-0.004389843309483894,-0.017544021545756294,-0.01960117732661182,0.004321845557053325,-0.009414560108869097,-0.019282853835565383
2020-05-13,0.9984829877834488,1.0018071317069797,0.9968277641488906,0.999695875290102,267054808.7729486,752380813.6812974,0.0013550115820666,0.0013540943823235,-0.384485063514883,-0.4852960664138655,0.0034416173556601,-5.671813756559004,-0.1814139787378224,0.009484530108617155,-0.06336746083432132,-0.08801645286514592,0.0021683230785056336,-0.029328061284349616,0.014963041311585101
2020-05-14,0.9992437824780578,1.0042324411540031,0.9962090694211216,1.0008052188977,300020381.26319474,758773625.1088105,0.0011096810890371,0.0011090658480829,0.1234412240757425,0.1163964962554026,0.0055885251631495,-5.187039861482639,0.4847738950763656,0.0011199046373368566,-0.052473678597429796,-0.05585811626915671,0.002446599211569231,-0.022807138216645484,-0.0013563181841105276
2020-05-15,0.9981332857302604,1.0041066722843253,0.9963438215723984,1.0041066722843253,462131995.2047062,726802396.3753067,0.0032987971328342,0.003293368037951,0.5403353374159539,0.4320001442899072,0.0040453549524214,-5.5101859814139145,-0.3231461199312759,0.008240758865440774,-0.016194497706596422,-0.11342364123496296,0.007356691184860288,-0.014420189920329562,-0.05368832141446234
2020-05-16,1.000514119291526,1.0027014796331857,0.9967671866830377,0.999213774812558,395969875.6405704,726319928.4419085,-0.0048728861253715,-0.0048847973454,-0.1431671475913036,-0.154512417436273,0.0041187398339986,-5.492208027941404,0.0179779534725108,0.0011635095310570914,-0.035262728749842154,0.11327203322235224,0.0013625115667365488,-0.03244266996881606,0.058036512696160614
2020-05-17,0.997223872438163,1.0027203522297692,0.996072522502044,0.996072522502044,285534049.2311015,726224939.1662225,-0.0031437239854937,-0.0031486758666975,-0.2788995658591807,-0.3269768530060484,0.0046484574231402,-5.371219851378833,0.1209881765625704,-0.004887215593559545,-0.09184533139493922,-0.035546520288234795,-0.002357981346107191,-0.038658399771573926,-0.0038981092362240233
2020-05-18,1.0005186775938009,1.0010493722905724,0.998116517043912,0.998590861130626,318998992.2862362,725622239.0435427,0.0025282683456182,0.002525077652026,0.117201234477116,0.1108266600624202,0.0016933640325952,-6.3810381767388,-1.0098183253599666,0.001735867384201618,-0.060947624677400114,-0.6511614338826002,0.001411943711017449,-0.02818335651677728,0.0037543011694847195
2020-05-19,0.998573387540663,1.002271599864329,0.9974204619337952,0.999978633186262,419010866.6509347,726143944.937787,0.0013897303787306,0.0013887655972219,0.3135178379339778,0.2727089105110671,0.0033176064669663,-5.7085116997434335,0.6725264769953663,0.0014967970026111578,-0.006050669223530036,0.0046260550842669446,0.0015998663107401282,-0.028896468852380508,-0.0005939132572247985
2020-05-20,0.9993991193056524,1.0013904604545665,0.9903722168913054,0.9977995300143784,436470897.7046088,727478569.8229582,-0.00217914973337,-0.0021815275351691,0.0416696378144758,0.0408248468180841,0.0077597700865866,-4.858802573243112,0.8497091265003212,-0.0014463909785349936,0.06689718349731066,0.5416254649471304,-0.003235174085885007,-0.022812344927693573,-0.00837152610704095
2020-05-21,0.999438009604905,1.0023730923400107,0.995511505910892,0.9997252673868268,474982083.2786912,732623192.4837186,0.0019299842448519,0.0019281242180896,0.0882331119362411,0.0845553827782741,0.0048537453825551,-5.328004628233775,-0.4692020549906628,0.001593688393035646,0.06468862787741614,-0.01005044500947605,0.0011093880428379532,0.00043151752618442174,0.00976480708256755
2020-05-22,0.9990136427302024,1.0025672537338108,0.996448360980326,0.9997782072880846,445664578.94597965,738736205.3199135,5.295444957220674e-05,5.2953047534837855e-05,-0.0617233899231305,-0.0637104799763037,0.0043026617485807,-5.448521436493234,-0.1205168082594587,-0.0007358044890389177,-0.005913200077998226,-0.1018750155176118,0.0019058495104406275,0.002330768951470219,-0.0025208373963510056
2020-05-23,0.9986945016284816,1.0013667184159247,0.9966278347197404,0.9988412040553925,294102418.8376666,730561391.1628716,-0.0009372110992835,-0.0009376505562032,-0.3400812343371906,-0.415638533865994,0.003353023923753,-5.697892676494253,-0.249371240001019,0.0016205202828438018,-0.03737733620093664,-0.005287096855714601,0.0010950669613786226,-0.005961614690871642,0.0025538916155252167
2020-05-24,0.9996301406382356,1.0082559733765313,0.9938257289777646,0.9999254110061558,268875023.7320743,731152889.2756412,0.0010854647829519,0.001084876092018,-0.0857775845751096,-0.089681394215437,0.0101916377868181,-4.586187719753813,1.1117049567404402,-0.0005931349028137992,-0.0062476991179494235,0.37385472531540564,0.0018063023591428887,-0.010511790501766427,-0.002165169260939237
2020-05-25,0.9972145045337484,1.003002554860808,0.9972145045337484,1.0004212664850334,290886933.2450464,737761382.4928318,0.0004958924669977,0.0004957695529614,0.0818666948214061,0.0786879702662135,0.0035728723630812,-5.634385423198234,-1.048197703444421,0.0018488088169729042,-0.010632301314036141,-0.0037151420016030556,0.0005517133885565772,-0.0044508713803814715,0.0031011074337099487
2020-05-26,0.9984167638196216,1.0013818026083543,0.9974588713191016,0.9988579525642894,270617012.8020466,739140135.9310611,-0.0015626556263009,-0.0015638778460425,-0.0696831590779094,-0.0722300616926724,0.0027619280549332,-5.8918262725119614,-0.2574408493137277,-0.0005416387733203678,-0.05807801971392834,0.003785676833667928,-0.002491555747205482,-0.004531870278551509,-0.006207582174132753
2020-05-27,0.9999543465724609,1.0023070771236895,0.9983184917109428,0.999379709477247,275788975.42177457,737966317.6676136,0.0005223534653933,0.0005222170863118,0.019111742333477,0.0189314070444728,0.002796750214682,-5.879297173475983,0.0125290990359783,-5.8334611623676274e-05,-0.06694071221935616,-0.21595472063793775,0.0006980671031680606,-0.008310424372602654,0.006016401906649982
2020-05-28,1.0009183384151248,1.0055737325721712,0.9980405263392702,0.9990915903102636,300043755.70300484,740069961.697673,-0.0002882979954976,-0.0002883395613538,0.0879468812853614,0.0842923248938878,0.0051945676583934,-5.2601418805325535,0.6191552929434296,7.802149637739591e-05,-0.07836665941570331,-4.9902098959719865e-06,-0.0003886382628343154,-0.005279215863446041,0.0003514055236895075
2020-05-29,0.9987329129829876,1.0015815107952155,0.9960604842206798,1.0003010972216808,319430409.69008166,744968427.4883535,0.0012106066382178,0.001209874444874,0.0646127560350446,0.0626111236827118,0.0037849771726567,-5.5767154231130815,-0.316573542580528,0.0016074031779187284,-0.06062468526833342,-0.0048148638058727045,0.0021068538854159,-0.009827219721721292,-0.004499558652487856
2020-05-30,0.9995545855703174,1.001614817569605,0.9988123784771108,1.001407875407755,291840477.1793708,746010804.0516948,0.0011064450385471,0.0011058333793721,-0.0863722791373532,-0.0903320980903564,0.0016123390249185,-6.430069343785535,-0.8533539206724532,0.0017768130569893817,-0.001120542307532446,-0.0010772490470403184,0.002797006268376513,-0.02432486971003911,-0.027021057768366497
2020-05-31,1.0015957888673344,1.001739874074372,0.9969619693473896,1.0014692733005466,303095806.1277896,744313878.2427412,6.131157373467921e-05,6.13096942569644e-05,0.0385667165062268,0.0378416054156665,0.0033797778002992,-5.689945311204582,0.7401240325809528,0.0042575771526763345,0.016819869882297667,-0.49473031279304003,0.00409023831403743,-0.014350714080354265,-0.010009761579253151
2020-06-01,1.0027976722856158,1.0042388718625324,0.9977360262774162,0.9999282251528254,292920855.23564386,730806880.2494948,-0.0015387872487013,-0.0015399723977506,-0.0335700814278369,-0.0341464934933795,0.0042343783613738,-5.464518747632445,0.225426563572137,0.0015127134001063631,0.0009908423111149034,0.07432648463599278,0.0007115707736561565,-0.010465327618472742,0.01808541521230289
2020-06-02,0.9993749786393998,1.0013343081873125,0.9654484818129412,0.9994816515629024,383860187.8012976,737233491.4810191,-0.000446605644975,-0.0004467054029788,0.3104570089162701,0.2703759381430877,0.0258064529936908,-3.657130702293836,1.8073880453386093,-0.00047282835640242933,0.05367350602038101,1.4646907363346666,-0.000598637947228781,-0.006016345487307007,0.8549331582135338
2020-06-03,1.0001876406592345,1.0044315419682048,0.9986784994504913,1.0002037463087547,288971800.51418453,739846377.0727128,0.000722469236652,0.0007222083813855,-0.2471951775739539,-0.2839492847457706,0.0040616981879949,-5.506154119915072,-1.8490234176212368,-0.0007141914450890655,0.0060650699553157494,-6.67557893141435e-05,0.0007057916262674816,-0.019320699296301314,-2.7682267011108763e-05
2020-06-04,1.001518690950732,1.0029613178549202,0.9963571574948434,0.9998804395437946,241256372.52100635,737201517.8514373,-0.0003232409058188,-0.000323293159421,-0.1651213990717271,-0.1804689528110102,0.0045592961444161,-5.390587021664406,0.1155670982506658,0.0011483228463920587,-0.027334886820671755,-0.028512931207063996,-0.0028511455660907435,-0.022668158694997942,-0.0015136250076297486
2020-06-05,0.9986518820959562,1.0023264352294288,0.9960008599852854,0.999248568705115,246789458.5531472,739761765.0356272,-0.0006319463944787,-0.0006321461567652,0.022934465831194,0.0226754241464393,0.0044611958449365,-5.412338422222305,-0.0217514005578989,-0.00030620010473646116,-0.03484238289942709,0.0003020785601655085,0.009036987312921442,-0.02096123744999545,-0.014826418233688798
2020-06-06,0.9987293328259728,1.002394083834611,0.9974689370535136,1.00165688505458,227477344.29282355,740747009.3979684,0.0024101273946139,0.002407227695746,-0.0782534001798326,-0.0814849307055332,0.0029699763919302,-5.819201275044168,-0.4068628528218632,6.0996985612379286e-05,-0.03192010585737748,2.2197717764349534e-05,0.0019705236893040774,-0.022048774236335333,0.015669212330127635
2020-06-07,1.0002442521799482,1.0096661425781002,0.998470263593828,0.9991543929790084,217698836.3868252,739616654.1296655,-0.0024983525924999,-0.0025014786831414,-0.0429867331904966,-0.0439380247104305,0.0078555192427519,-4.846538905989913,0.9726623690542552,-0.003639730832612164,-0.04398821239727724,0.1208224130686717,0.0032965311963155212,-0.028145388856710696,0.012480382861607353
2020-06-08,0.9999637824334988,1.0024424631471165,0.9983571724768276,1.0007427338783508,244776733.72332945,739802700.6924955,0.0015896851482648,0.0015884229363321,0.124382370553373,0.1172338809459759,0.0028467401989174,-5.861580729181937,-1.015041823192024,0.0013676749559224425,-0.025679607130619786,0.002197887017361122,0.002692502143663991,-0.025080310306403675,0.0006992607378153437
2020-06-09,1.002108355464714,1.002153072027047,0.9996696276592008,1.0013861412560534,234000383.2351698,743373987.7302775,0.0006429298519201,0.0006427232610671,-0.0440252238202514,-0.0450237510280363,0.0016962758378376,-6.379320114602439,-0.5177393854205024,0.0011975583921842645,-0.08443536072702074,-1.192399592919061,0.00043317614681203964,-0.030781669331656047,0.0013622360393097388
2020-06-10,1.000316340614444,1.0012221012814533,0.99915221759914,0.9996939920455438,233546333.35835823,745233774.8732995,-0.0016898068994515,-0.0016912362335562,-0.0019403809110656,-0.0019422658888836,0.0014113086091613,-6.563237913399019,-0.1839177987965792,-0.0018235936903269294,-0.03312730572672962,-0.003973933895606407,0.0028399452389909685,-0.02506667130019835,-0.0015198269287424182
2020-06-11,0.9995916526273748,1.0034318039140235,0.9884490224410152,1.000467996576483,279678002.00771314,735883209.2346424,0.0007742414549831,0.0007739418846843,0.1975268375486312,0.1802584613659005,0.0106238590623473,-4.544652952304861,2.0185849610941577,0.001816914532752017,0.02308045665952818,0.4478754343351481,0.0019860511448629692,-0.01642393601723313,0.0007956155126023212
2020-06-12,0.9982637860950204,1.0031620892338524,0.9982637860950204,1.000882741544999,303624240.7738709,734201042.4034711,0.0004145509600859,0.0004144650575764,0.0856207445500034,0.0821519381897786,0.0030541473877261,-5.7912548127980745,-1.2466018604932136,0.002153827313900991,0.03319348026932545,-0.0011535770471420292,0.0016388557564623596,0.003919650558628973,0.0002427348520264161
2020-06-13,1.0013446752756106,1.0015022713144162,0.9969906061733936,1.001112046824154,225255245.4362007,734417644.3668077,0.0002291030403831,0.0002290768002893,-0.2581117869176881,-0.2985567033878447,0.0031893727517482,-5.747931011065525,0.0433238017325496,0.000867206602865028,-0.0012772954410209536,0.0033443479288628453,0.0029798877102327984,-0.008030081303967762,-0.0011957436600744664
2020-06-14,1.0002185103907448,1.0014315182176892,0.9993299658852272,0.9993299658852272,215436208.7778676,742599289.7607126,-0.0017801013828372,-0.0017816876460562,-0.0435907125683968,-0.044569332621609,0.00137893457348,-6.586444126198574,-0.8385131151330487,-0.0006340404655773491,-0.0013022705302425663,-0.3448426333394634,-0.0011842458654329603,-0.026963062825611672,0.001443151727845482
2020-06-15,0.9993044843285964,1.006922706692586,0.9968933035207166,0.9977751726706328,273398737.9116663,745983496.8964242,-0.0015558356775753,-0.0015570472467345,0.2690472946150051,0.2382664572379328,0.0070141155486841,-4.959830653392982,1.626613472805592,-0.004333441937079178,0.016349926623927757,0.1867739562154398,0.0005526822159185534,-0.01367191201864415,0.00021137235352552963
2020-06-16,0.9999180219877268,1.0037584274425473,0.9975177045175636,0.9995344247822658,314111275.17314154,754090845.3226374,0.0017631748712731,0.001761622303158,0.1489126744785094,0.1388159946541849,0.004403605059618,-5.425331741795567,-0.4655010884025854,-0.0007819742208285336,0.0443901862190863,0.020927570484825075,-0.0009842267585993172,0.00320433054174174,-0.00012778700682991584
2020-06-17,1.0001322391071168,1.001523404610407,0.9968983922520648,1.0010057489072868,280289369.43811256,772845867.097784,0.001472009456144,0.0014709271122413,-0.1076749178022532,-0.1139247708692308,0.0032276760049669,-5.735992903820377,-0.3106611620248101,0.0014136742498316644,0.025018697704080495,-0.00156720966887125,0.002432874520467417,-0.004342934404679255,-0.0009547807656464791
2020-06-18,0.9996688851969788,1.0025467948276598,0.998300510282542,1.0015750021264995,282579675.92807835,806929855.5447975,0.0005686812686482,0.000568519630733,0.0081712213865159,0.0081380177108011,0.0027579134061985,-5.893280897421367,-0.1572879936009901,0.003311485982633853,0.0015326469363579065,-0.6569803053526222,0.0021748244069493424,-0.015458732914584772,0.00022950185804493373
2020-06-19,0.9994161772595028,1.0034592059648464,0.998688587077322,1.0029876354255507,299369282.8083413,849280483.1821003,0.0014104118973137,0.0014094182006916,0.0594154792807399,0.0577173213871663,0.002537627021285,-5.976525878217792,-0.083244980796425,0.0016394093026842948,-0.0022482475604554963,0.0336979103401811,0.0035453296830259408,-0.015779231623493928,-0.0015151117568117378
2020-06-20,1.001880380447541,1.0023300824835495,0.99927546729715,1.000230812451231,321666223.5058984,910967551.9326552,-0.0027486111263476,-0.0027523954940036,0.074479721127006,0.0718365640763644,0.0018997216064983,-6.266047926440877,-0.2895220482230849,1.2299297308556418e-05,0.049741361342256596,0.010469023800933286,0.0012176298583772714,-0.017945362866903736,0.002141351472930264
2020-06-21,1.001870134493398,1.0021129754888385,0.9996176951179944,0.9998124917719096,280398168.1705729,931987373.2271216,-0.0004182241479805,-0.0004183116280912,-0.1282946492968317,-0.1373038127441795,0.0012145173851128,-6.713408494998818,-0.4473605685579409,0.0005082318446806523,0.032172803029514085,-0.0009961368562185768,0.0011188254669532507,-0.01971177333098595,4.4490660342955124e-05
2020-06-22,1.000628973785195,1.003951667157942,0.9994251726050988,0.9997130149378236,285972225.08956486,933207317.597488,-9.949549030907612e-05,-9.950044031371018e-05,0.0198790775109527,0.0196840688085497,0.0031442203525653,-5.762189320177312,0.9512191748215066,-0.000205044877615744,0.00610928987078907,-0.34988214703025644,8.290152633814494e-05,-0.0009798105933001011,0.0002398530891047912
2020-06-23,0.999796238580518,1.0017556542467907,0.9987951752116604,0.9997738321861828,277258140.2085748,948033857.4698496,6.0834707011236944e-05,6.083285665549189e-05,-0.0304717875250328,-0.0309457046970755,0.0020927535865157,-6.169274574644326,-0.407085254467014,-0.00035842375791103067,-0.018013127188645228,-0.0006725328381289586,0.002563188784423659,0.0010102761930461668,-0.001265796015020193
2020-06-24,1.0011494640240444,1.0028487953649423,0.9966842252102992,1.0028487953649423,274710760.16103697,943314723.6855228,0.003075658793785,0.0030709386312069,-0.0091877556620031,-0.0092302234114021,0.0042307083095273,-5.465385850881139,0.7038887237631863,0.0031759148712240323,-0.002755219134300546,-0.048852387530947894,0.0044292360608113104,-0.0019503586905926795,-0.0025261200819111096
2020-06-25,1.0002933968920178,1.0037826859297374,0.9984090001129412,0.9998754148876716,289974414.652119,940486949.4952704,-0.0029649339870709,-0.0029693381112908,0.0555626378891542,0.0540739308269654,0.0037867200777884,-5.576255049406955,-0.1108691985258154,0.0004594003576561013,0.0036505517735534454,0.07832442657939698,-7.893840400954027e-05,0.0023334717574527986,0.0037920396434674153
2020-06-26,0.998841382471868,1.0034930850915151,0.998841382471868,1.0009450137684146,268219716.51255304,943549867.218368,0.0010697321534434,0.0010691603977173,-0.0750228193948246,-0.0779862113900385,0.0030139962478754,-5.804488423677279,-0.2282333742703244,-0.0009340472213226452,-0.01546855840435768,-0.0048792126905192745,2.665052363571865e-05,-0.0009118013174251871,1.063472622409023e-06
2020-06-27,1.0009024503400223,1.0060822965098672,0.997978181530284,1.0060822965098672,268568164.2875586,968767896.0691652,0.0051324325220538,0.0051193064834387,0.0012991132029225,0.0012982700854898,0.0047342521704679,-5.352931501360575,0.4515569223167039,0.004195486038420479,-0.02693239271161474,0.1786141062636153,0.0073317644579766,-0.003800526599363252,-0.010462941088356548
2020-06-28,1.001305080740149,1.0032920271274093,1.0001849993948333,1.0011896703119565,251842208.33742404,984003184.5311608,-0.0048630476998585,-0.0048749107924744,-0.0622782525043658,-0.0643020184445281,0.0021920188485729,-6.122932311131804,-0.7700008097712283,0.0005601871508964514,-0.014789792406926239,0.08247256959514626,0.001634476871138985,-0.008210089288439804,0.009948219908325395
2020-06-29,1.0022383123571668,1.0057700954831912,0.9995505288756328,1.0001619834298954,223408354.2826155,984159767.3090051,-0.0010264657262603,-0.0010269929029873,-0.112903449515151,-0.1198014519933682,0.0041925824176382,-5.474438406108738,0.6484939050230656,0.0003657524936564807,-0.03318878612282816,0.0007911247356897633,-0.001432546637245725,-0.008381849257546037,0.00011940434007273737
2020-06-30,1.0000263163427443,1.0020986371723066,0.9984080981635666,0.99991913279786,236355024.32215035,987476668.103057,-0.000242811300628,-0.0002428407840646,0.0579506978649377,0.0563337329788088,0.0026080964019833,-5.949134671650215,-0.4746962655414766,-0.0012296743681552936,-0.02230932020515297,-0.006088889996874514,-0.00287463655639345,-0.008242921954469296,-0.0011988256536961117
2020-07-01,0.9997359752411183,1.000970229625911,0.99877378735043,0.9994916669213516,256365118.0706412,990458379.861579,-0.0004275004472735,-0.0004275918516409,0.084661173613205,0.0812676558379826,0.0015458733688973,-6.472166241034885,-0.5230315693846705,-0.0008018161832758535,-0.010170043244592364,-0.14591562548261106,0.00011675444416813962,-0.004543838740495687,0.001591653548072447
2020-07-02,1.0002537209131896,1.0014562811159906,0.9969644750766636,1.0012367919943614,292244459.8319001,1001049786.3821266,0.0017460126289849,0.0017444901208893,0.1399540703169002,0.1309879723990711,0.0031195152063896,-5.770077671801303,0.7020885692335819,0.002395317041491621,0.0012640380322430644,0.09469491209672842,0.0010484047402519322,-0.0114792830995043,-0.7469628769902568
2020-07-03,0.99958701868302,1.0011249640238655,0.9993314779354828,1.0004456662666252,400342337.4758609,1019583914.1309724,-0.0007901484784237,-0.0007904608102692,0.3698885436738099,0.3147293815479169,0.0011501160950198,-6.767892389511175,-0.997814717709872,-0.0004564763896280757,0.07094657513863822,0.026510594410463995,-0.0010719719189721286,0.0139373482129308,-4.287968060268099e-05
2020-07-04,1.000065129331199,1.0009809129047085,0.9990219050581104,1.0003045398357382,256162915.6730953,1038232255.9231468,-0.0001410635636153,-0.0001410735140155,-0.3601403306775144,-0.4465063933544895,0.0013772140319033,-6.587692637833175,0.1801997516779998,-0.00099973638961358,-0.006451267869746147,-0.038731155171099374,0.0016535209054068143,0.0018508101680083655,-0.0013619848239825316
2020-07-05,1.000395668169025,1.0004115308308186,0.9962960664209662,1.0002828682854592,236053355.75356823,1037784719.3459872,-2.1664952437938645e-05,-2.16651871264104e-05,-0.0785030099563282,-0.0817557682436579,0.0029140327218924,-5.838217342070903,0.7494752957622719,-0.0019529827820431874,-0.008271546318606937,0.06179134369862638,0.001554303441852931,-0.0013326592288791517,0.00027378670132982563
2020-07-06,1.0003764713209629,1.002524147508232,0.9997535432256426,0.9997535432256426,255551738.1359784,1045630924.0563424,-0.0005291753728862,-0.0005293154355878,0.0826015894591467,0.0793670235665708,0.0019182084937635,-6.256363604693799,-0.418146262622896,-0.00027280314629460513,0.016767909419954208,-0.40188291281094557,-0.0004907095050599837,0.003481096988956267,0.0018670483492888579
2020-07-07,1.0007447261254512,1.0008006077459808,0.998263711073516,0.9994163351017082,323971827.90108305,1045660971.396103,-0.0003372912516482,-0.0003373481471364,0.2677347853869751,0.237231674348623,0.0015935446834044,-6.441794383455473,-0.185430778761674,-0.0003197756774009997,0.044327931672000886,-0.0002773630016514872,-0.0005476170745824983,0.013068689198313166,-0.13722792035157738
2020-07-08,1.0001943576914964,1.000822824907987,0.9987735469952442,0.9994651256207522,301983590.176455,1053753503.769165,4.881901298814384e-05,4.881782137891124e-05,-0.0678708326803699,-0.0702838823547993,0.0013766357037017,-6.588112652188068,-0.1463182687325943,-0.0007887062070586755,0.02232461201669622,-0.0052080587829301805,-0.0026411534779706997,0.006964808846138482,-0.00758334370343583
2020-07-09,0.9990555343397974,1.0010604870712694,0.9968265091023024,1.0005526286333692,371271707.946017,1070935527.7760175,0.0010880850014067,0.0010874934659766,0.229443320840962,0.2065614822548223,0.0028488845625892,-5.860827742858963,0.7272849093291045,0.0009655426076498459,0.037532353395178575,-0.003134193993521883,0.00023618540109854872,0.016517252903778257,0.007858460834225589
2020-07-10,1.000181298673226,1.0016429642468696,0.9981064711619648,0.9999810010963818,284858434.4475496,1099950293.9736414,-0.0005713118137206,-0.0005714750744996,-0.2327494167991706,-0.2649418253641973,0.0024978944352548,-5.992307127877553,-0.13147938501859,-8.412629447596526e-05,-0.0553332126400754,0.009290037051635558,0.0003894316850179009,0.00610477614043603,-0.00010803742369791536
2020-07-11,1.0002075868075042,1.000531982999098,0.9988672822556516,1.0001686251421826,260538940.43314067,1108800698.8857844,0.0001876276105197,0.000187610010661,-0.0853739650067718,-0.0892400021746711,0.001177226191734,-6.744594292672983,-0.7522871647954297,-0.00022697898645511605,0.0021535122554112718,-0.00044232711660097124,0.001906333797747917,-0.0022726839102951146,-0.5693858843663655
2020-07-12,1.0001581489151523,1.0020768751891915,0.9993509402231804,1.0018411062022807,242267311.55010217,1109090756.3204482,0.0016721990852894,0.0016708025170756,-0.0701301266239214,-0.0727106237256967,0.0016180638972307,-6.42652496963567,0.3180693230373128,0.0014630129702212196,0.003050041263218617,-0.11489345559185349,0.000495641434182709,-0.007320898019656852,0.011785748862563672
2020-07-13,1.0001052736115932,1.0006401145298398,0.9984964858384656,0.9996782269209,276030478.7314439,1107128485.1562054,-0.0021589045088992,-0.0021612383028022,0.1393632800286361,0.1304695800818233,0.0014930155487993,-6.50695734601223,-0.0804323763765602,-0.0010662738137177802,0.009986385792949193,-0.07158030668095527,-0.0005403113799916834,0.006062144836132433,-0.00015910081552217292
2020-07-14,1.0001828632036152,1.0008232344973995,0.9981866280878464,0.9990662387541,295975837.8699365,1103084859.0013592,-0.0006121851515012,-0.0006123726133426,0.0722578145361183,0.0697665323678883,0.0017312659173116,-6.358902393955885,0.148054952056345,-0.0011285362789949067,-0.01367731406276107,-0.00197966476607192,-0.00023843981787093513,0.009541020728271121,0.0008077113805873282
2020-07-15,0.9991970022695054,1.0015594977407365,0.9991970022695054,1.0006983216290812,270276133.1998382,1102438965.4150326,0.0016336082750796,0.0016322753884936,-0.0868304144522492,-0.0908336702383916,0.0013848471442142,-6.582165510621802,-0.2232631166659171,0.0016429898649051179,-0.015719865685774437,-0.02113688113991241,0.0007800592886398724,-0.0003682239412619026,-0.08424069173362803
2020-07-16,1.00011531607154,1.0016556568925905,0.9997990828104976,1.0009587953677033,279017830.0876302,1107597846.3982522,0.0002602919711087,0.0002602581010309,0.0323435768608117,0.0318315349674414,0.001202660888062,-6.723218770287894,-0.1410532596660916,0.0007770537764091548,-0.047195224300839556,-0.2558033678236331,0.0008261056527199113,-0.004147642491499681,-0.0003005876216777281
2020-07-17,0.9999022085779932,1.0016980758459957,0.9991747752299208,0.9997815760204896,289076208.00644505,1103132662.7857635,-0.0011760917159244,-0.0011767838545188,0.0360492299565795,0.0354146619713945,0.0017818883893952,-6.330081584108648,0.3931371861792456,-0.00042601310184621624,0.0022070184593303566,-0.010068230061581751,0.00011272179612934171,0.0010401190245623582,0.002715472224028126
2020-07-18,0.9998198168568274,1.0016400654815658,0.999416361951779,0.9996044410217098,272963243.4186673,1105539548.9575236,-0.0001771736977639,-0.0001771893948776,-0.0557395044680345,-0.057353202246721,0.0015658517147843,-6.459325376328389,-0.1292437922197402,-0.0005537736433106135,0.006473053785502003,-0.0032363382066886714,0.0001883559989745635,-0.0011383759518217573,-9.208618490230691e-05
2020-07-19,0.999009847442852,1.0010972982266595,0.997941570390076,0.99962395737187,311721292.4503807,1124305160.5509932,1.9524073082699545e-05,1.9523882490465428e-05,0.1419899930345816,0.1327723485286849,0.0021995962733797,-6.119481447558373,0.3398439287700157,-0.00048138142060462054,0.03543337325634255,-0.03316186214616135,-0.0022547280952311195,0.0014619720287107896,-0.020845194876908835
2020-07-20,0.9988742065519164,1.00031538363459,0.9983525248989604,0.9997578213102646,320546388.6961739,1122189848.5731812,0.0001339142958782,0.0001339053301593,0.0283108547908961,0.0279175092518454,0.001275521506488,-6.664400159303003,-0.5449187117446304,-0.00042505450590727393,0.02206776269480315,0.0014131072702197045,-0.0021105959887673495,-0.00013245450747945142,0.002645885487907229
2020-07-21,0.9994170230973684,1.0010634214384049,0.9986521662738502,0.9998037129282248,351729689.98718417,1112364737.2874026,4.5902734624236885e-05,4.590168112595274e-05,0.0972817114485322,0.092835950010264,0.0016882234088885,-6.384078540328726,0.280321618974277,0.000607013967264981,0.02696903299384701,-0.005217417328620577,-0.0008250824026907978,0.008402281375136766,0.01558279231763482
2020-07-22,0.9996013552977296,1.0018401921169071,0.997818708585333,0.9999789975405652,292651346.9647662,1117315017.3084793,0.0001753190251985,0.0001753036586142,-0.1679651866311614,-0.1838809960449295,0.0028344014566097,-5.865924490509055,0.5181540498196711,-0.00013631210314236553,0.010621993246598294,0.07789448146064437,0.0001827795016707907,0.0007831442729155924,0.002624887117907093
2020-07-23,1.0002026387248748,1.0004753764324734,0.9972882342867636,0.9984033154984674,351790485.408439,1118197940.0823777,-0.0015757151359909,-0.0015769578807319,0.202080527074399,0.1840538281072708,0.0019590622790821,-6.235289349263099,-0.3693648587540439,-0.0015001643568217887,0.03378665668040526,0.08083418979531576,-0.0027467644568083412,0.00869775331879552,-0.03133899016837205
2020-07-24,0.9982749978376576,0.99961115710759,0.9952040641959452,0.9952040641959452,355004084.7377213,1109661942.6539862,-0.0032043676667128,-0.0032095126466627,0.0091349807984466,0.0090935092313348,0.0024687920149114,-6.004026310761353,0.231263038501746,-0.004627273829278967,0.029653433764366355,0.18717578901320575,-0.005100827066950827,0.00928616487449574,0.044593676414153904
2020-07-25,0.9986472195721422,1.0005214010362649,0.9980704334321894,0.999777140734462,407172374.3543012,1108429451.1169448,0.0045951144122502,0.00458458910503,0.1469512376318771,0.137107324280914,0.0015855250300455,-6.446839677263718,-0.4428133665023646,0.0007677589796599495,0.057777414577095954,0.22944037919544336,0.0009364051419574968,0.013401357065323083,0.09034097979171651
2020-07-26,0.9980878035218292,1.000609552193093,0.9973710625966942,0.999762958735062,471723414.04367286,1135463643.9537754,-1.418516069440212e-05,-1.4185261304745535e-05,0.1585349197418843,0.1471562066387755,0.0020416145915285,-6.194014317734842,0.2528253595288756,0.0008893582658846482,0.0647846659546154,-0.0017838603932158748,-0.0011391127401978141,0.022851911581064144,-0.0013849881320959767
2020-07-27,0.9979284338943224,1.007408819071112,0.9962664037463408,1.007408819071112,497731553.92222106,1179875907.4478114,0.0076476731501671,0.007618577944124,0.0551342992615166,0.0536680567045573,0.0052264010725215,-5.254032369225456,0.939981948509386,0.007964655480204138,0.06716090661559448,0.41334257332747715,0.0060772787179563855,0.025123250123090912,0.012028690450033963
2020-07-28,1.0056628737536304,1.0056628737536304,0.9923497227302048,0.997808905804886,534911995.06772286,1165214125.346881,-0.0095293123154088,-0.0095750067346407,0.0746997871694343,0.0720413548277632,0.0080655305986112,-4.820155779288674,0.4338765899367818,-0.0017947739719825029,0.06499509455444041,0.4062180275181051,-0.004429309221987528,0.030186220234533323,0.2836436319487827
2020-07-29,0.9986373550245994,1.0018270707920909,0.9968031137214164,0.9994925230570868,457615072.0989825,1166942203.2117724,0.0016873143168056,0.0016858924012581,-0.1445040000625788,-0.1560738613622563,0.0035148825832267,-5.650749158764859,-0.8305933794761851,-0.0007102239493391681,0.05512186560177312,0.004656113114927862,-0.0005339217493930384,0.024304564434459053,0.03409245817522244
2020-07-30,0.998506437352798,1.0035575830502528,0.9976615627904476,0.9996715272556684,422519178.1781224,1164507549.1162694,0.0001790950852078,0.0001790790495976,-0.0766930463192192,-0.0797935388978084,0.0041030635536134,-5.496021376094542,0.1547277826703172,0.0013979649884599803,0.022733724158197077,-0.0024794585399181557,-6.446708376527022e-05,0.01890626168006193,0.000478619499761912
2020-07-31,0.9982203765395122,1.001250066902119,0.9982203765395122,1.0000205125123187,436485283.20524544,1130113494.645951,0.0003490999264612,0.0003490390052599,0.033054369478195,0.0325198213547732,0.0018270089780831,-6.305075087486049,-0.8090537113915071,0.0013742085632817678,0.02556477663037171,0.00011288912772045023,-0.00023317642954210464,0.017958394770797526,-8.55220510898036e-05
2020-08-01,0.9968652292511374,1.0019393345109735,0.9966306039270644,1.0003994729091168,448982633.42298985,1081640034.266493,0.0003789526235278,0.000378880839117,0.0286317791197276,0.0282295493896157,0.0030451860975337,-5.794193263913125,0.510881823572924,0.002313420200906788,0.012868578779787754,-0.005971771352462518,0.0008124597583066874,0.015368963433367355,-0.001032760852099912
2020-08-02,0.9981547884080192,1.002875403223617,0.9969155314492404,1.0015562933480218,611820535.9249569,1100087136.273624,0.0011563585050089,0.0011556904374803,0.3626819622409678,0.3094547889068191,0.0036459618018739,-5.614135079501912,0.1800581844112132,0.0036287983451883605,0.041951175314018485,-0.013744961537783595,0.0014899563681610912,0.020369095441090224,-0.002669478949646198
2020-08-03,0.9964325475957028,1.0015732768959078,0.9964325475957028,0.9975339042588864,476278041.24861145,1097402399.812619,-0.0040161387990376,-0.0040242251423103,-0.2215396292173012,-0.2504371935860414,0.0035733159634955,-5.634261272981468,-0.0201261934795562,-0.008116041524504316,-0.006311103645252558,-0.26823817968548447,-0.0028647314767895637,0.02076933698382888,-0.010379684243789988
2020-08-04,0.9990557182949704,1.00196782208954,0.996789750700162,1.0000773387411377,436178787.5108015,1084577901.011036,0.002549722341659,0.0025464773144244,-0.084192950892058,-0.0879495815754633,0.0036082426491611,-5.624534425949716,0.0097268470317519,0.0014409099709664418,-0.02956966857892951,-0.47337003405558065,-0.0002990647227645246,0.018515947413053624,0.014022189943816876
2020-08-05,1.0007506483886597,1.0016299648160607,0.997095065684466,0.9991065875505952,367517533.7199351,1082278784.326159,-0.0009706761196732,-0.0009711475308209,-0.1574153896449309,-0.171281194076996,0.0030416335280275,-5.795360563136094,-0.1708261371863777,0.0006008673435464868,-0.027768267205541264,0.013298463972331476,-0.0016382607347221582,0.010211633728101077,-0.004439200881019012
2020-08-06,1.002617641715972,1.002617641715972,0.9976710177401944,0.9976710177401944,392159334.9779365,1078389088.0728576,-0.0014368535132175,-0.0014378867771112,0.0670493214529992,0.0648971956683573,0.0016677774894917,-6.396263383529371,-0.6009028203932774,-0.0005504896857268103,-0.009533396153312168,-0.10037373459778909,-0.0025260373637680245,0.006168208318740653,-0.006394507044151787
2020-08-07,0.9990026616975858,1.001667977738729,0.9978439136760742,0.9991944611717882,380792960.9157834,1095695034.3449557,0.0015269997870084,0.0015258351083256,-0.0289840711372906,-0.0294124062293728,0.0027020519539634,-5.913743811663228,0.4825195718661437,0.0023338309861757243,-0.01772797508837698,-0.05057917747769558,0.0001390484999640456,0.007081978743599393,0.010953115007833247
2020-08-08,0.9994061463244752,1.0011893208114602,0.9977482811609446,0.9982581382242028,388515416.56416994,1130089620.6803694,-0.0009370778001384,-0.0009375171320203,0.0202799327745306,0.0200770335399411,0.0023273130569462,-6.063040871288564,-0.1492970596253364,0.00010353551101306199,-0.019610581753266132,0.053305552173067206,-0.001924662821583098,0.0015428916629360856,-0.006315450582830451
2020-08-09,1.000803083719112,1.000803083719112,0.9977401996674858,0.9995304224303406,385073921.5241999,1146592962.1844163,0.0012745042163153,0.0012736927252426,-0.0088580655830979,-0.0088975314798932,0.0020179240349809,-6.205686001475364,-0.1426451301867999,0.003104143081486374,-0.07716587079190518,-0.14869290907433186,-0.0006772531200771967,0.008920027792274965,0.005566676017640937
2020-08-10,1.0003280476396583,1.003801208181203,0.997112961777059,0.999951996517056,430074691.7035525,1142435611.2562778,0.0004217721414525,0.0004216832205849,0.1168626792518965,0.1105235754230501,0.0047213813139382,-5.355653870940601,0.8500321305347631,0.0008967231847115014,-0.01648147227776775,0.2263628894513552,-0.0002061410460790203,0.014911288494889874,0.0007093309336028142
2020-08-11,1.0006886047731527,1.0022121576330072,0.9971324268911194,1.000804094374074,486364383.6725214,1122371330.3949304,0.0008521387626465,0.0008517758985369,0.1308835257103875,0.1229992083740481,0.0035923812895743,-5.628939984516882,-0.2732861135762814,5.340447032004526e-05,0.017889369484962003,-0.03833660774088976,0.0006985031926732828,0.02108607262591633,-0.0007591966222957325
2020-08-12,0.9999900521164788,1.003090605285856,0.9985140081309796,0.9998454479378096,487321145.7179095,1139474113.1689124,-0.00095787621339,-0.0009583352699798,0.0019671712763249,0.0019652389286672,0.0032323047517891,-5.734559850754522,-0.1056198662376397,-0.0027687856655090083,0.041454735088020556,-0.07374063293949717,-0.0003374104927685908,0.017899875019672606,0.0006376566079611123
2020-08-13,0.9985314360686786,1.0026798097827787,0.9965406003294732,0.9982760867792316,479517209.9663464,1165879653.5198293,-0.0015696037440734,-0.0015708368625373,-0.0160139485432477,-0.0161435573791838,0.0043398728768215,-5.4399102223537525,0.2946496284007693,-0.0007275648939431891,0.02917990444191787,0.14958720998405006,-0.0009220805632596791,0.015293167553235065,-0.0012560850055258754
2020-08-14,0.9983460445735834,1.0007706103992733,0.997883951277889,0.999250737666836,593173253.2876842,1194958315.4095783,0.0009763340026995,0.0009758576986531,0.2370218231152006,0.2127067352233674,0.0019634373202329,-6.23305860692434,-0.7931483845705873,-0.00015551309401547292,0.06757991754810533,0.003718083949304507,-0.0008648525936280665,0.026349760111500586,0.00017462222251474202
2020-08-15,0.9988251439337914,1.0018637249723896,0.996468109177932,0.9985757114711932,457312753.7458379,1202832075.2306533,-0.000675532346585,-0.0006757606213711,-0.2290401645536688,-0.2601190008790843,0.0038153141505647,-5.568732271485309,0.6643263354390312,-0.0022280652117722443,0.020947217848785726,-0.026858799022436486,-0.0013275075879466266,0.014257474679137516,-0.0017347198683115295
2020-08-16,0.998784906939842,1.001310483076112,0.9983765620699652,0.9991409519063756,393786165.39105,1201973308.1709578,0.0005660466489312,0.0005658865049566,-0.1389127852535123,-0.1495594849730013,0.0020630628130733,-6.183563597914305,-0.6148313264289964,-0.0011874111306856797,0.002621649598552267,0.026771900123215175,-0.000679217908784316,0.00827942593944897,0.002223845971214722
2020-08-17,1.0002597233424158,1.00078962694262,0.9958875024404514,0.9991327597602851,451633591.3165682,1215022223.789944,-8.199189588720124e-06,-8.199223202258815e-06,0.146900604971921,0.1370631778726552,0.0034006728580844,-5.683781967502929,0.499781630411376,-0.0015559843037616056,0.0064580136339635885,-0.025344833866093097,0.00012302657192231112,0.013971106156233759,0.0007604713007109964
2020-08-18,0.9984933639128688,1.0007192681242634,0.9963837484122832,0.9997094346566976,495763204.2922868,1231083593.9131694,0.0005771754461847,0.0005770089445009,0.0977110955079212,0.0932271896202575,0.0029754647103022,-5.817355047039685,-0.133573079536756,-0.00028065963258913217,0.0028024344308548166,0.017753075912080085,0.0008358200639527963,0.014189916690035886,-0.0011653074079136516
2020-08-19,0.9987581046647624,1.0033674778572663,0.9952809825086284,0.999741115711992,473534022.2370651,1258700312.5424497,3.1690263386563444e-05,3.168976126077499e-05,-0.0448383055917883,-0.0458746393168705,0.0056891523010907,-5.16919402241873,0.648161024620955,0.0012107255239065472,-0.004113583456092584,0.10771250896106643,0.00032422909540895395,0.011644231005188743,0.0010120302335190345
2020-08-20,1.0000318687377916,1.0023020053628362,0.998521641483086,0.9995102302623988,481059719.1353684,1292922720.8275342,-0.0002309452376866,-0.0002309719096446,0.0158926213215906,0.0157676558953544,0.0026522724765957,-5.932338468121905,-0.7631444457031753,0.0011654350067610104,0.00046107103161929786,0.0006456324725023777,-9.116553178139764e-05,0.009738931333373557,0.00016489915116402187
2020-08-21,1.000533284337835,1.001715600099966,0.9982621194639114,1.0011662706728877,416676049.31258434,1309357886.0600042,0.0016568518864024,0.001655480821541,-0.1338371667004335,-0.143682358880699,0.0024101648202713,-6.02806014366397,-0.0957216755420642,0.0023411378581862253,-0.054186501846501756,-0.025349237836155503,0.0009629729111450034,0.009251169566962147,-0.0015675100182503954
2020-08-22,1.0001085133101293,1.001453646588171,0.9983688807224792,1.0011622497101034,437521395.8438525,1337951184.0326824,-4.01627871615684e-06,-4.016286781425798e-06,0.0500277051336595,0.0488165496629122,0.0020809518934939,-6.174929848851801,-0.1468697051878313,0.0023774067050693955,-0.006263366432673223,-0.001080565307005621,0.00288806651256501,0.006345122514645141,-0.01282809436545218
2020-08-23,0.9998691280120308,1.0018935508796132,0.9987063439188184,1.0003813503202883,344056720.66441864,1350308953.2326565,-0.0007799928433589,-0.000780297196049,-0.2136230960754902,-0.2403190799541847,0.0022304214365289,-6.105564726374984,0.0693651224768174,0.00012158800458872586,-0.015913200906563674,0.034420235543631605,0.0017349738860777707,-0.0008079983674278424,0.009257223143995574
2020-08-24,0.998890936300689,1.0019158827622487,0.998890936300689,0.9997434931130904,362115903.3493018,1358995834.1483235,-0.0006376140528746,-0.0006378174151638,0.0524889694059995,0.0511578061451327,0.0020713052202638,-6.179576329222155,-0.0740116028471717,0.001251232414139858,-0.029299461999499954,-0.009235100147027886,0.001657487269421923,-0.0033323988933204873,0.0004520848152997914
2020-08-25,0.9993505129094096,1.0015563305408353,0.9971902458380588,1.0003969949459648,394044142.0414159,1364952871.8562677,0.0006536695036039,0.0006534559547491,0.0881713241445674,0.0844986030817563,0.0030199650396912,-5.802510023923546,0.3770663052986096,0.0016395832906258786,-0.03436946946856523,-0.006793518939551824,0.0024706309309721034,-0.005771403240323991,-0.005803895462311637
2020-08-26,0.99962992764174,1.0022301023398998,0.9981919035887205,0.9988742316127576,380177982.2377873,1384273226.356593,-0.0015221590437598,-0.0015233187047788,-0.0351893565319675,-0.0358234212831332,0.002815878719814,-5.872480909861661,-0.0699708859381154,-0.001158270770451935,-0.032618293227944406,-0.4631882210786582,-0.0067733025011889846,-0.008797817918825501,-0.22316384073180195
2020-08-27,0.9992269442164834,1.0026495469427172,0.99687860651973,0.999592759590392,372520018.7408847,1405301642.0329542,0.0007193377853729,0.0007190791859543,-0.0201431010071299,-0.0203487394155341,0.0040753004535481,-5.502810804075232,0.3696701057864295,-0.0009404655467796802,-0.03931135769378358,0.1311401047871712,0.0009562508658116608,-0.012282304751945361,-0.34043090279343335
2020-08-28,1.0006996838443123,1.0027656280898063,0.9991292711165712,1.0001400899976145,387313139.6133043,1434227383.8848329,0.0005475533930905,0.0005474035404304,0.0397109420385519,0.0389427341731581,0.0025452279591372,-5.973535061620697,-0.4707242575454655,3.1572762941121475e-05,-0.010905833194470915,0.030206947485059032,0.0016347593096433335,-0.005364344929361664,-0.009528208257956194
2020-08-29,1.0004783239457786,1.001249306685354,0.9977399479657336,0.9999124697803194,394426742.8628415,1441312922.7681167,-0.0002275883344458,-0.0002276142366008,0.0183665425258729,0.018199914742081,0.0024577227319953,-6.008520076481103,-0.034985014860406,4.3346501781266204e-05,-0.016224518580038705,-9.828605529449419e-06,0.001693674820880312,-0.002151648553461172,-0.0010741563973475365
2020-08-30,0.998789230209464,1.0019085563221708,0.997488720963432,0.9989100302600332,371235455.2235685,1471644522.571643,-0.0010025272717185,-0.0010030301383035,-0.0587974524012879,-0.0605969153766302,0.0031253389940018,-5.768212523596516,0.2403075528845875,1.9114976581112862e-05,0.010263016907302358,1.686451882232376e-05,0.002049130246153598,-0.005015535170379337,-0.0073491076542380185
2020-08-31,1.0020267925715236,1.0027333703149202,0.9969943862629798,0.9969943862629798,401914272.816552,1475167553.530186,-0.0019177342693763,-0.0019195754760803,0.0826397833539573,0.0794023026770609,0.0025845639911136,-5.958198454062775,-0.1899859304662596,-0.002360441566357195,0.014840816117491329,-0.06628265244915355,-0.001163223573069137,-0.0036336688696145814,0.015590877529716884
2020-09-01,0.9977022736192503,1.0044569076740129,0.9977022736192503,1.0020075421124917,486551255.1939772,1486007819.6190183,0.0050282688835416,0.0050156693577775,0.2105846646955396,0.1911034368712937,0.0039498531812029,-5.534076870075616,0.4241215839871595,0.002375670544653866,0.03366801772540029,0.27844725778730073,0.005579360629939143,-0.00973559462901008,-0.0870690861697625
2020-09-02,0.996900434061218,1.0031159712169837,0.994099962663718,1.0001291041331757,648039677.6147127,1525304061.8638148,-0.0018746744913273,-0.0018764338927654,0.3319042355699066,0.2866096743158245,0.0060596455368301,-5.106103972883899,0.4279728971917169,0.000902450545179087,0.09154451944767672,0.3503593133191574,0.0010738236198139484,0.013324875726862473,0.28563116857767046
2020-09-03,0.9981104491070278,1.0040629883234762,0.9955597509843566,1.0020480644028982,663067425.7601492,1546531526.7537036,0.0019187125560011,0.0019168741782349,0.0231895494435623,0.0229247576294398,0.0054934609243912,-5.204196816911125,-0.0980928440272261,0.001346530798499304,0.09065216372611928,-0.0036257056234338947,0.0012956031851205484,0.017333653386064185,-0.0019091085321694123
2020-09-04,0.9966594224256516,1.0082205432702438,0.9966594224256516,1.000350240170707,718374054.6595472,1599807046.396984,-0.001694354085902,-0.0016957911272535,0.0834102637993319,0.0801137178900961,0.0078248551149869,-4.850450058383955,0.3537467585271701,-0.00012803073441042254,0.09417230214565109,0.3146333936138799,-0.0022640428079822726,0.026226535674176432,0.3041213064480841
2020-09-05,1.00129394101989,1.009444950815083,0.9994729465503772,1.0054168878093457,700606121.2688957,1674098055.9329684,0.0050648737164036,0.005052090389311,-0.0247335399648753,-0.0250445529781223,0.006538969318145,-5.0299757225465935,-0.1795256641626386,0.006613772604711662,0.0798452157915186,0.004822577038491538,0.006400105215432084,0.02250161683119245,0.020164223796881764
2020-09-06,1.0043113229674396,1.0050323324551549,0.9992894783139348,1.0005819240145153,728416895.7534692,1731987177.1869214,-0.0048089144447981,-0.0048205144778527,0.0396953061646168,0.0389276953860534,0.0033275634253025,-5.705514946929233,-0.6755392243826392,-0.0014429866361328164,0.08574081990318305,0.07431675975773722,0.001175784838853803,0.024767200241313958,0.07015576244603583
2020-09-07,0.9997996193437562,1.0027475414558995,0.9979767705229,0.9999638766123068,524559747.32202566,1751976189.1287017,-0.0006176879547541,-0.0006178788025525,-0.2798632893057419,-0.328314209031948,0.0033706835517408,-5.6926397208415125,0.0128752260877202,0.002264246164483952,0.02782333252743996,-0.005072540780854062,-0.0008388854600844063,0.009528181089432763,0.0011212564812641546
2020-09-08,1.001053969225253,1.003932144384777,0.9959082504379496,1.0033842093668908,539271080.6963086,1805151229.180071,0.0034204563130535,0.0034146198574663,0.028045105346697,0.0276590428668127,0.0054871314938269,-5.205349656580276,0.4872900642612361,0.006482875359889371,0.011726139165233462,-0.06595791656996397,0.003050501973511586,0.010690917539232458,-0.014399370214305485
2020-09-09,1.0030929982097003,1.0030929982097003,0.9984827252859364,1.00086176794577,550038117.6537238,1815823032.0730777,-0.0025139337429999,-0.0025170989803427,0.0199659083211225,0.0197692035230258,0.0029487417373638,-5.826376729327239,-0.6210270727469629,0.0027527351832367197,-0.02190882126738103,-0.0417228587351719,0.00017302904329522868,0.008239060926449326,0.015509965697723338
2020-09-10,1.0036885636920891,1.0036885636920891,0.9991572314754742,1.0022760459515752,622696593.8434807,1840254552.558369,0.001413060275754,0.0014120628455913,0.1320971653740894,0.1240718112334881,0.0030775324736381,-5.783627148007431,0.0427495813198079,0.005619629443732309,-0.009166611647298595,-0.08195144992126302,0.002283407615557979,0.009281591235517084,-0.008608919306901441
2020-09-11,1.0023440524210958,1.0040191728179264,0.9991246802128976,1.0040191728179264,577033421.5537021,1882728702.4145088,0.0017391684390664,0.0017376578368442,-0.0733313346198524,-0.0761592040828387,0.0032959701348625,-5.715054728000668,0.0685724200067632,0.0027180129197508602,-0.032771551963367784,0.05594639389675393,0.005480760847637248,0.006061011763687674,-0.04341407101415484
2020-09-12,1.0004693914743394,1.0027261854787215,0.9994674186927162,1.000673445385497,522075416.35770565,1947369336.4522169,-0.0033323342053708,-0.0033378987964895,-0.0952423259089885,-0.1000881345725866,0.0022982809357532,-6.075593854741754,-0.3605391267410862,-0.0036288371178336766,-0.04299130020238806,-0.4416236277473322,0.0023285434436466166,0.002862459683491636,0.04306526461024074
2020-09-13,1.000697105084959,1.0022466316682597,0.9982180021541134,1.0019647689962217,514578421.175546,1994329191.608588,0.0012904545600558,0.0012896226391971,-0.0143599850658798,-0.014464087459124,0.0027371637603438,-5.900833018655043,0.174760836086711,0.002163242097238033,-0.05405136085714091,-0.08022215547614842,0.003138388112727954,-0.00529270166164153,-0.007476843813967626
2020-09-14,0.9999309527276912,1.0053435304535965,0.9989535430907086,1.0016957367084691,606020680.3673182,2004170616.9901671,-0.000268504737968,-0.000268540791819,0.1777032526604474,0.1635661457367724,0.004373501430648,-5.4321913479870005,0.4686416706680427,0.0006408863806406996,0.020936586746682195,0.17705621661136828,0.0029101324545736914,0.009990703832549741,0.002343563158503592
2020-09-15,1.0017804344404644,1.0030980438518668,0.9988110508331096,1.000531519199512,724457578.3625463,2051719703.4859,-0.0011622466446573,-0.001162922577073,0.1954337563586803,0.1785090955559789,0.0029275446026015,-5.833591226877791,-0.4013998788907909,-0.0025568467378960197,0.04602511379681573,-0.33272737778682426,0.0002716883730687706,0.02186424867237946,0.01401876217555209
2020-09-16,0.9989849807010084,1.0007824119539157,0.9958808700136288,0.9994994338461696,614498796.9136755,2078662341.162776,-0.0010315370715839,-0.0010320694721077,-0.1517808422922497,-0.1646162358871754,0.0034569344196725,-5.66737308852269,0.1662181383551013,-0.0041824691020379,0.015536261099885706,0.2555096998654838,0.0010070807256760132,0.010595568853489112,-0.001550945877894172
2020-09-17,0.9977240595470926,1.0039457626573565,0.9966511421528804,0.9988162189720712,587153341.4183109,2095936436.5367527,-0.0006835570396166,-0.0006837907712485,-0.0445004215349279,-0.0455209564687595,0.0051115292047371,-5.276256662247937,0.3911164262747526,-0.0035257916660220356,-0.008536737384090998,0.02511451085458738,5.818487616456355e-05,0.0058967868252644,0.001666907354223035
2020-09-18,1.0027322756683617,1.0027322756683617,0.998240185487,1.0011722664797102,579633957.2115256,2148353353.905324,0.0023588398575102,0.0023560621620086,-0.0128065084133247,-0.0128892186539261,0.0030237772814942,-5.801248473676696,-0.5249918114287588,0.0007022985672459127,0.0006270706043842722,0.054667317146837036,0.0011397116818743405,0.006802575600097782,-0.0021374493941745953
2020-09-19,0.9996909333585448,1.001832789339265,0.9977975846206644,0.9999868850776812,628217990.1173639,2226556458.657,-0.0011839934461999,-0.0011846949201886,0.0838184725055861,0.0804904282061264,0.0028479159683757,-5.861167791353757,-0.0599193176770604,-0.0007099772283910129,0.025264425880575203,-4.704319532766732e-05,-0.0005462572005963999,0.009359070767988698,0.0016515334279976202
2020-09-20,0.9994806985310624,1.0028437164436497,0.9984553695212068,1.0002682728964507,589564812.8428189,2306746528.2957864,0.0002813915091972,0.0002813519260319,-0.0615282877641308,-0.0635025648740144,0.0030621333138065,-5.788643444547259,0.0725243468064977,0.00033728657389326576,0.01747142505724497,0.0016903727918267109,0.00015972949472588615,0.010884747896678704,0.00044948506700048796
2020-09-21,0.999810209343748,1.002577181186064,0.9989129699464068,1.0003280952749745,530155563.9711052,2352345447.481151,5.980633410529457e-05,5.980454577779686e-05,-0.1007679691487158,-0.1062141789788267,0.0025689788548006,-5.964246791794968,-0.1756033472477085,-0.0014508098823619562,-0.017677983509337025,-0.17130237862485043,0.00045892201594463803,0.005783687853885056,-0.0003048401192566885
2020-09-22,1.0042211930121456,1.0042211930121456,0.999538884914854,0.9998511638231458,518565826.9275193,2399037483.3527365,-0.000476775024196,-0.0004768887175467,-0.021861011807126,-0.0221035043280194,0.0018904355095893,-6.270948048100943,-0.306701256305975,0.0008666875258680636,-0.0496138457453732,0.0419124554857877,0.0009608319115013446,0.010805575798052303,-0.0011753220436574452
2020-09-23,1.000069939521557,1.0032696347207513,0.9938837780361996,1.0032696347207513,478865028.1373924,2427479598.6090302,0.0034189797654824,0.003413148342063,-0.0765588411896566,-0.0796481967919834,0.0063428481590268,-5.060427374969912,1.2105206731310307,0.00554283542982436,-0.03408236290834665,0.09454039233989331,0.003913999186706604,0.007164444078256338,-0.009519948218115637
2020-09-24,1.0006725606027966,1.008240770982057,0.998549784478189,1.000132864409511,611293739.2346585,2469689893.3747315,-0.003126547642512,-0.0031314455041887,0.2765470504546232,0.2441588159740033,0.0068211917628232,-4.987721077110948,0.0727062978589643,-0.0025956942045915715,0.006151651183788687,0.43896848519868215,0.0005029964357512603,0.013196667116226024,0.024735448338940813
2020-09-25,0.999041975773406,1.0020627770978798,0.9973059603115332,0.9973059603115332,512099614.6947222,2510116439.091283,-0.0028265285529307,-0.0028305307280482,-0.1622691648439383,-0.1770584291933113,0.0031862803507868,-5.748901076768326,-0.7611799996573785,-0.0023885607318382364,-0.017305704852336845,0.001985266345206682,-0.0019243203990062792,0.007929318504267258,-0.005557036717855901
2020-09-26,1.0005667964789835,1.0019541979454485,0.9982213535726692,0.9992979598379118,457944434.91079694,2515399363.515172,0.0019973805488502,0.0019953884365516,-0.1057512605554463,-0.1117713104670913,0.0025187019082808,-5.984011625938092,-0.2351105491697662,-0.00018285035503509692,-0.045010344623943155,0.010768157407061274,-0.001401725887369329,0.0051012074994183365,0.0028074539839053614
2020-09-27,0.9997795751782184,1.0014352232258976,0.9987558465202444,1.00088945527046,398641349.46480834,2557877226.0384173,0.0015926135111956,0.0015913466472024,-0.12949843021357,-0.1386857164596893,0.0017644591095956,-6.339911089050217,-0.3558994631121246,0.0010788686083006245,-0.05300214002731707,-0.0021279261166453622,0.0004108503541767823,0.0006745257505791358,0.002884449285963875
2020-09-28,1.0016937365844634,1.0018771384514369,0.99811804126411,0.9999468040034984,406710201.6749876,2577240320.022288,-0.0009418135659214,-0.0009422573509817,0.0202408812357575,0.0200387574895232,0.0024266241340133,-6.021254232787557,0.3186568562626597,-0.004265506181008451,-0.03582826369385472,-0.03320251550226416,0.0011583059530059492,0.0007308912090948638,-0.0018817590301321019
2020-09-29,1.001129524919023,1.0016808187950892,0.9988504142124608,1.0010454133824884,377128489.136094,2542026143.869123,0.0010986678237197,0.001098064729919,-0.0727341296507068,-0.0755149472568367,0.0020001865749242,-6.214514815311048,-0.1932605825234912,0.000974930242557442,-0.04269293021501852,0.03360501052025189,-0.0009798740800665555,0.000350458179134705,0.0006128869860875241
2020-09-30,0.9994173058084368,1.0028686270000864,0.9987946068877672,1.0017696066691475,356729915.84050965,2538597605.5602026,0.0007234369959421,0.0007231754415363,-0.0540891867976145,-0.0556069921734366,0.0024799394892387,-5.999521118603433,0.2149936967076149,0.0010957082247251902,-0.03839248383485483,-0.27612807264188266,0.004068412964638963,-0.002690254196487274,-0.025680278770053633
2020-10-01,1.0000862343110837,1.0023273841276454,0.998133267792637,1.001164174718822,401824703.8137585,2517278738.14234,-0.0006043624664742,-0.0006045451670849,0.1264115678860258,0.1190369761540861,0.0028884226280995,-5.847044729288463,0.1524763893149705,0.002121981018020568,-0.06948484263689991,-0.7289255729502093,0.004267877135493226,-0.005064169808353114,-0.0028181506426365743
2020-10-02,1.0011366980410676,1.002943558996056,0.998689884910126,1.001231833924302,480935228.8178864,2557144635.026785,6.75805299354959e-05,6.757824647436049e-05,0.1968782014975236,0.1797166682637338,0.0030047714245603,-5.807553778926207,0.0394909503622562,0.0006644399288567061,-0.010763158080933977,-0.09034731212168534,0.003122414185657673,-0.010063762110508634,0.014184652342408732
2020-10-03,1.000389459754559,1.0020642847293937,0.9992067002032452,0.9992067002032452,386296025.7712565,2623190952.041375,-0.0020226421618251,-0.002024690464938,-0.1967815983853961,-0.2191286199303631,0.0018807186009959,-6.2761013406009765,-0.4685475616747698,-0.0005731655066487806,-0.0251933643929938,0.0019002506185685775,0.002552555135623854,-0.01689445282307034,0.005314363581501169
2020-10-04,1.0003257490059798,1.0018320281230917,0.9994662655446128,1.000783603939711,337310678.1498964,2644295144.2101235,0.0015781556870517,0.0015769117079885,-0.1268077959734604,-0.1355995823964331,0.0016473917842074,-6.408561978596301,-0.1324606379953241,-0.0009090067477954274,-0.02208134738989287,-0.008428349266979218,-0.0005098075172132224,-0.02373767912857261,0.010122369068637838
2020-10-05,1.001913929289982,1.001913929289982,0.999039791694422,1.0013138834565367,361833621.05454695,2647063184.5200977,0.0005298643130624,0.0005297239845351,0.0727013536575704,0.0701800965367087,0.0019969385074783,-6.21614001747205,0.1924219611242508,0.00018413358126718522,-0.016471883089696604,0.010179033920431735,-0.0029890347737729474,-0.02158703991798916,-0.09659407694651811
2020-10-06,1.0001756581745982,1.002641420424613,0.9991300972417017,1.0017236371715876,389857068.9556089,2670802446.3606324,0.0004092160528488,0.000409132346795,0.077448435608026,0.0745956862664522,0.0022868981422126,-6.080558902662809,0.1355811148092405,0.002305017437567167,0.004699636456468426,-0.09719150174495361,0.0019225541488966714,-0.02204933636886608,0.010076602587612449
2020-10-07,1.001201408942794,1.0017363095535317,0.9994570954510834,1.0003323000296578,457031449.4964872,2692644919.2994723,-0.0013889431079597,-0.0013899085835356,0.1723051494765306,0.1589720237129114,0.0015175549813871,-6.490654804130378,-0.4100959014675691,0.00024601423711193953,0.036280211323145295,0.09674594802971281,-0.000721169359417302,-0.004456665562731388,0.00601249376108548
2020-10-08,0.9995574609660768,1.00430415890058,0.9995574609660768,1.000391963324676,409579187.0101748,2762535592.917424,5.964347548959026e-05,5.964169688822698e-05,-0.1038271272985494,-0.1096219463345345,0.0033095631366589,-5.710939081186152,0.7797157229442266,-0.0007441659618822054,0.0027508270896916542,0.14775628030386478,-0.0026963382039927025,-0.008615384205931775,-0.012865811409355388
2020-10-09,0.9989916951376951,1.0014032169879794,0.9989916951376951,0.9995040530546928,476607159.59338665,2816808932.992316,-0.0008875623780826,-0.0008879564947894,0.1636508267729599,0.1515623273079708,0.0016748177764548,-6.392050909799414,-0.681111828613262,-0.000885453902464194,-0.0015344070448897185,-0.059437970776130555,-0.004177847590816499,-0.004911104315745263,-0.020060026766051564
2020-10-10,1.0000642863406428,1.005260933748381,0.9983500097324064,0.9995360432287088,524834152.6212109,2825655202.394252,3.2006047317345576e-05,3.200553513474173e-05,0.1011881421776557,0.0963897261368529,0.0048669077647799,-5.325296499454839,1.0667544103445747,-0.0007897603938270014,0.047983053514467855,0.2686876797889024,-0.002805373848417152,-0.006582813247860031,0.018900467778498076
2020-10-11,0.9993307140068768,1.0010401612518167,0.9984497072847,1.0010401612518167,419498488.5944457,2861250172.7120247,0.0015048161927699,0.0015036850914738,-0.2007027620071615,-0.2240223898886769,0.0014928250688542,-6.507084934835468,-1.1817884353806285,-0.0008724794020180323,0.027414583644372215,-0.001128804223649027,0.0005703393143158814,-0.010688617159548386,0.01439178598962787
2020-10-12,0.999263047580803,1.0015432259906127,0.9982809725134272,1.000442157638389,409208084.441177,2853581253.2980604,-0.0005973822395695,-0.0005975607434331,-0.0245302532262924,-0.024836132445803,0.0021874346088019,-6.125025833298414,0.3820591015370533,0.0002664171669978326,0.015467357481242061,0.015626983690212093,-0.00025480230456546084,-0.007728819955062249,0.0004893233119860341
2020-10-13,1.0005209153633077,1.0027516950831428,0.9984312528815684,1.0004897196042324,470438048.8386149,2822239625.863653,4.75409452511677e-05,4.753981521624516e-05,0.1496303878772453,0.1394404888686423,0.0030531513272119,-5.7915809997326,0.3334448335658138,-0.0007110880978593874,0.025771621454019566,-0.0034745814295771282,0.0005586493869032364,-0.0030389252931364297,-0.00046450796976404973
2020-10-14,1.0009324555289192,1.0012230269777975,0.9980043799582984,1.0004724241498566,415551982.771082,2772979673.3356466,-1.728698859859712e-05,-1.728713802030656e-05,-0.1166701252227192,-0.1240565640241184,0.0022588096854228,-6.092917292312692,-0.3013362925800917,0.0009149495759214797,-0.0131831039198822,0.03684025596222895,-0.0013065387531501999,-0.01322011564185388,-0.002629720899985699
2020-10-15,1.0000330053777948,1.0043406500867131,0.9979964635360395,0.9984361038924474,444958642.2748369,2752116047.8940263,-0.0020353587048034,-0.0020374328622461,0.0707652970578036,0.0683736237132363,0.0043693177953474,-5.433148392965688,0.6597688993470046,-0.0005563067259262608,0.01125524968652769,0.005015855568781369,-0.0005495854896195631,-0.01972155332018133,0.002648607190598007
2020-10-16,0.999576798549556,1.004174453525389,0.9934892224072874,1.001072366573332,443579416.78646,2737284439.229694,0.002640391979624,0.0026369122685759,-0.0030996711993853,-0.003104485130467,0.0075072170602478,-4.891890446429661,0.5412579465360263,0.0010075077246665238,-0.010503157242492733,0.4844074373051326,0.003350326340849672,-0.01225462788124787,0.0075075893764324775
2020-10-17,1.0001695000858473,1.001828793002263,0.999066553286738,0.9995765595246224,383238526.67440766,2709889934.458635,-0.0014942047135211,-0.0014953221506426,-0.1360317630362468,-0.1462192736272826,0.0019172188784019,-6.25687964386628,-1.3649891974366186,0.0002459799133663173,-0.046322666331811035,-0.07830785744622482,-0.003152079940020334,-0.014819564035420285,0.002381854585518539
2020-10-18,1.0008329454467315,1.0010334906401477,0.999048266570862,1.0008016251469367,318358451.1211997,2715749712.67954,0.0012255845844333,0.0012248341687159,-0.169294241151096,-0.1854796276356758,0.0014035737167219,-6.568733640049016,-0.3118539961827355,0.0015385281192218515,-0.03445278531000895,-0.007610821677452861,0.0011104184294971392,-0.019315003743439974,0.0157897171325434
2020-10-19,1.0010191316456212,1.001986641762319,0.9960083439460296,0.9990148525881124,370134254.9974132,2737826263.8377905,-0.0017853413842747,-0.0017869370056393,0.1626336718685137,0.1506878384224875,0.004044041065799,-5.510510823127936,1.05822281692108,-0.0015064127225337275,-0.013634756812589188,0.00032503251134752276,-0.000466196635890681,-0.019452476049494294,0.0018107624696623859
2020-10-20,1.0008267147556,1.0032101634928243,0.997215708465737,1.000477066209276,436183102.70844537,2742354761.8104067,0.0014636555376283,0.0014625854379063,0.1784456499750171,0.1641963243628414,0.0042322617352964,-5.4650187396239,0.0454920835040359,-0.00045506861295090074,-0.01210808348214698,0.006805555797597229,0.0006667611181487836,-0.011742650017207978,-0.0004045364434528409
2020-10-21,0.9990438336137628,1.0049823526303794,0.9950854549596588,1.0033201446203055,553271299.5665646,2789288994.4024267,0.0028417227211432,0.0028376926602031,0.2684381768369042,0.2377863616498764,0.0064748990203462,-5.039822266831463,0.4251964727924369,0.003281640276444869,0.04781397234875229,0.025334019390476747,-0.0008976636599753989,0.001778551209639545,-0.0006437667810157421
2020-10-22,0.9953303688334906,1.0078317933807992,0.9953303688334906,1.000351488073384,678033469.3097116,2805629318.199893,-0.0029588327941377,-0.0029632187936523,0.2254990812660737,0.2033481743048628,0.0082533004654835,-4.797142102214532,0.2426801646169307,0.0007747173413729096,0.0760493449294728,0.25141130946472057,0.0002814892400192284,0.012184189079164298,0.0012940065209035012
2020-10-23,0.9945055342045818,1.0012455841149777,0.9940065049070174,1.0000498436893583,580284135.5056944,2776008973.815665,-0.0003015383968754,-0.000301583868719,-0.1441659419903463,-0.1556787790985401,0.0037931243072563,-5.574565244005549,-0.7774231417910169,-0.00011964327512778513,0.04205429730455634,-0.03589153744493334,-0.0006224920880685366,0.007672442610026309,-0.0005486009012702908
2020-10-24,0.9999173261345246,1.0029217569257547,0.997986616523044,0.9985495800217962,437243045.8718517,2783240465.648301,-0.001500188892613,-0.0015013153026626,-0.2465018098576624,-0.2830286628529937,0.0033827560735258,-5.689064495381776,-0.1144992513762268,-0.0022840715956443745,0.016137935899756428,-0.010646850277739262,-0.0004929894303507559,-0.013203485222259559,-0.02768028159346425
2020-10-25,0.9986697456735424,1.000089208853525,0.997905456361579,0.999154583179146,382379087.2942557,2805495337.757961,0.0006058819406209,0.0006056984682626,-0.1254770295275906,-0.1340767178902817,0.0015159732746521,-6.49169762077474,-0.8026331253929646,-0.001864387070726598,0.01879964230422715,0.0035882072091926176,-0.0014124102977265745,-0.00995524027185013,-0.003307930625529032
2020-10-26,0.9989087739579944,1.002137749275893,0.9961039517756384,0.9985420607501068,4337482825.331707,2797110373.958909,-0.0006130407039621,-0.0006132286902472,10.34341016404447,2.4286369730258044,0.0042642039333755,-5.4574997664856335,1.0341978542891068,-0.002285376292625568,0.7673861091401726,-0.003600538422310784,-0.001238553958541293,0.26176197494864795,0.000872386267761982
2020-10-27,0.998803656605262,1.000940853298801,0.9972755750474503,0.9976148692585756,1181664237.1497436,2799496255.3591094,-0.0009285452541024,-0.0009289766192956,-0.7275691259804871,-1.300370370382246,0.0024862152462542,-5.996993706273178,-0.5394939397875449,-0.001431355891821646,0.09592303240517452,0.006522760130305727,-0.004080283526972067,0.045435541065057095,-0.029434425726715396
2020-10-28,1.0000609801800464,1.001873817997432,0.9970708444757768,1.000917579163196,518637761.3880594,2815224263.161795,0.0033106061330812,0.0033051381415177,-0.5610954913562842,-0.8234734097416783,0.0033560889503172,-5.69697898586632,0.3000147204068586,0.005597726399362352,-0.004258381226126318,-0.06367812787919203,-0.00021172904092689405,0.006329280242713509,0.0322428615017909
2020-10-29,0.9999040644754488,1.0027218082298606,0.9969225950868588,1.00002182716296,502360050.283757,2857151511.2507424,-0.0008949308303535,-0.0008953315200266,-0.031385510882851,-0.0318885903006605,0.0041007504705117,-5.496585280433705,0.2003937054326146,0.005531442817301997,-0.021883767315152625,-0.5442858710415814,0.0006046909485512097,0.007034431761869797,-0.0006037017923032906
2020-10-30,0.9975395665582024,1.0023663481782366,0.9975395665582024,0.9998630846469316,463949984.4150566,2890289099.491124,-0.0001587390512052,-0.0001587516515818,-0.0764592364520319,-0.0795403400376584,0.0030917828333687,-5.779007385727196,-0.2824221052934907,-5.424744368314655e-05,-0.014759956134930974,-0.09346287880269344,-0.00022315531995014968,0.0059836298293980406,0.0005943568010797762
2020-10-31,0.9960534456979084,1.0048853328025509,0.9958911208534842,0.998508969823647,393416550.0347389,2894561570.52584,-0.0013543002477811,-0.0013552181411908,-0.1520280994712081,-0.1649077799081264,0.0061705074121426,-5.087974205849392,0.6910331798778042,-0.00016100296783170105,-0.005617497251439119,0.27607164232094217,-0.0026281953570234085,-0.0004679421988740273,-0.013065901401990487
2020-11-01,0.9963846969031056,1.0008461707418246,0.996338482909077,0.9966229331205888,354502057.06776327,2934156964.5979,-0.0018888530399394,-0.0018906391723581,-0.0989142245376801,-0.1041548256139162,0.0031884547892185,-5.748218871635636,-0.6602446657862444,-0.0022909601777476047,-0.003589651369182434,-0.02560885562128501,-0.0037721659751740635,-0.007062964367626989,-0.014337868039181245
2020-11-02,1.0003480820139754,1.0003480820139754,0.9938906212839084,0.9978421585661392,404591768.1806648,2932030660.810776,0.0012233568032924,0.0012226091120916,0.1412959674401179,0.1321644302671516,0.0043058093120314,-5.447790165267777,0.3004287063678594,-0.0009631133435281867,-0.7079319514090514,0.22460029370426682,-0.0024858688895798764,0.0010251513726196038,0.015740990504133023
2020-11-03,0.9966334188364452,1.0018340917816553,0.9966334188364452,0.9984024588462664,445273272.4383712,2944368241.562794,0.0005615119338435,0.0005613543450068,0.1005495105366074,0.0958096101015286,0.0035113210814552,-5.651762935833253,-0.2039727705654765,-0.0016597969041121337,-0.21420462384825711,-0.005901586397400571,-0.0035109186442377825,0.006028080508666989,-0.011975359580103095
2020-11-04,0.9992731705329224,1.0053947724424188,0.9955686618094792,0.9972254505035036,448776599.7245158,2912490892.532772,-0.0011788916707226,-0.0011795871101271,0.0078678139987158,0.0078370241439451,0.0068267885921104,-4.986900907465999,0.6648620283672546,-0.0026824655667504254,-0.022922829889161278,0.03247000453701521,-0.0029540484419159248,0.004828175819969971,0.007048420075459028
2020-11-05,1.0005311019162484,1.004705084961263,0.9971913954568008,0.9989321229111666,534707943.78530526,2887794949.922186,0.0017114208294637,0.0017099580175893,0.1914791103492004,0.1751954851740136,0.0052140569209177,-5.25639704659184,-0.2694961391258417,0.001395017606454688,0.010679342555555138,0.01573199732162678,-0.002269135504400214,0.007992542722035978,0.006906875176825089
2020-11-06,0.9981222492249988,1.0019929460179704,0.9952763388675818,0.9993342032178074,670112071.431615,2871394684.122849,0.0004025101379951,0.0004024291525205,0.253230065534012,0.2257242708183434,0.0046956841904375,-5.361111449476399,-0.1047144028845581,0.0032883439746391892,0.06550705333404849,-0.02686875020904189,-0.00022338154007846313,0.011642408337134924,0.009682653291376297
2020-11-07,0.9986879287452408,1.0004698187292316,0.9957064207764796,1.0001295770810683,579300843.3594531,2890680048.223638,0.0007959037734321,0.0007955872099821,-0.1355164784274882,-0.1456230352636961,0.0032534171456955,-5.728049405560496,-0.3669379560840973,0.003751422785824404,0.05559636545563862,-0.010252831420755726,0.00113838223030205,0.009177325049375185,-0.002348807247080309
2020-11-08,0.9982514358316577,1.0055823651213438,0.9972071485721472,1.000049375230981,569049746.4016078,2894137006.669306,-8.019145911219994e-05,-8.019467461916249e-05,-0.0176956361713503,-0.0178540758509857,0.0058072410839599,-5.148649677359629,0.5793997282008672,-0.00029864743542121046,0.060547582100468844,0.058659689631586076,-1.4910262300263567e-05,0.004963424224889934,0.0024422228166738336
2020-11-09,0.9983252767198444,1.0038792252069653,0.9949621314955712,0.9989464272246208,607186153.7231059,2875443028.688062,-0.0011028935507363,-0.0011035021853757,0.0670177037467358,0.0648675642595099,0.0062971789055147,-5.067653538649217,0.0809961387104118,0.0023181326756061154,0.05399352326938356,-0.11516965339015695,-0.00038461810833356075,0.004400987166807369,-0.00027781155440997907
2020-11-10,0.9979479297144408,1.0006038837136677,0.9978279682194634,0.9986269441658566,639074660.7830249,2848107063.529114,-0.0003198200124222,-0.0003198711657492,0.0525185017220617,0.0511858652532063,0.0019183822873834,-6.256273006748956,-1.1886194680997395,-0.0006469056033860959,0.04905724559604252,0.017325845763055625,-0.0006367752369431916,0.011640608030539568,-0.000484774160132595
2020-11-11,0.9987163888946126,1.0004116482880123,0.9973539348779146,0.9998694247020782,522170139.0456113,2842181786.2083,0.0012441888770178,0.0012434155154424,-0.1829278000072426,-0.2020278159425584,0.0020422961801791,-6.1936805255953695,0.0625924811535867,-0.0006615447551598274,0.017967496815572304,-6.583057362874456e-05,-0.000651363557616908,0.005936194182272203,-3.538906352673621e-05
2020-11-12,0.9967571914623184,1.0008265514827042,0.9893773683874496,1.0008265514827042,528612670.3057314,2824350080.919679,0.0009572517740614,0.0009567939007587,0.0123379925016304,0.0122624997902094,0.0077316066485847,-4.862438592108515,1.3312419334868544,0.002705726036191576,-0.0014799550298114639,0.4160375718654761,-0.00010581098518142871,0.003043404350716372,0.2549258264896803
2020-11-13,0.997167093914106,1.000664200133909,0.997167093914106,0.9996408867253824,604390603.1309998,2810973894.327817,-0.0011846855537207,-0.0011853878483716,0.1433524716337977,0.1339647114079497,0.0019381997828107,-6.245995683720999,-1.3835570916124835,0.0009537550026823981,-0.01609811255489646,0.009498004784911807,-0.0003921826043604208,0.009815739101451726,-0.00016132976798299836
2020-11-14,0.9982873411052524,1.0015212084375569,0.9970800940726404,0.9979861285594732,616901620.7359716,2812958324.347665,-0.001655352625011,-0.0016567242350421,0.0207002186006191,0.0204888805946475,0.0031369427667193,-5.7645065945306095,0.4814890891903891,-0.0002658073152004327,0.009241798586902661,0.0012296820077457582,-0.001592610980822277,0.00885447411351592,-0.002703060987883532
2020-11-15,0.9987054059985996,1.0013371175717058,0.9977280045846396,1.000488655786684,639931595.1024393,2832269801.5283337,0.0025075771652487,0.0025044384395984,0.0373316807613386,0.0366517245503705,0.0022999034527182,-6.074888134007116,-0.3103815394765066,0.002164663630180205,0.017192960804528923,-0.11871246973259009,0.00031905071099450505,0.01001649721509068,0.0027619079706049376
2020-11-16,0.9982321508811826,1.0025494704827935,0.997963777753918,0.9994335379482112,516823073.0979163,2829830089.0455127,-0.0010546025008579,-0.0010551589853564,-0.1923776274631602,-0.2136606904298366,0.0031543742414525,-5.758965141344499,0.3159229926626175,0.0014875561146143325,-0.02197053930486703,-0.09179950494641886,-0.0013992212922158667,0.0067576376867855,-0.002104153870804204
2020-11-17,1.000393916838109,1.0010084937814148,0.9968901814982,0.9985920572954708,575946980.2605087,2824731157.331074,-0.0008419575897641,-0.0008423122351338,0.1143987376728261,0.1083150107412758,0.0026912200773931,-5.91776062782661,-0.158795486482111,-0.0001244991473795714,-0.01564014904136357,0.004876656387373224,-0.002427547470694615,0.01290309048968652,-0.004490754790373863
2020-11-18,0.9996669466249868,1.0048531914902723,0.993620462794674,0.9988978286071896,780461305.0620859,2798338570.79877,0.0003062024271922,0.0003061555567966,0.3550922772597447,0.3038695533115806,0.0079344812627493,-4.836537300455202,1.0812233273714078,0.0021452986055530954,0.06250123405212804,0.15262669702099885,-0.0019291524455496353,0.020216278383117015,0.00248290776114235
2020-11-19,0.9964705884642182,1.0024746191074372,0.9961620274768171,0.9974474692889884,656166923.915186,2802167334.10366,-0.001451959626565,-0.00145301474139,-0.159257583099539,-0.1734699478488076,0.0044250242321929,-5.420479524335439,-0.5839422238802374,0.0002811323870801651,0.029481872635425788,-0.31538884830290925,-0.0015991701668401376,0.010672342607357166,0.001326276750014621
2020-11-20,0.9993240675725972,1.0004791735132177,0.9954716412745128,0.9994280976381158,605190440.1970623,2804163460.439924,0.0019856969014511,0.0019837280113407,-0.0776882861055533,-0.0808720280790091,0.0035474608676424,-5.641523179958518,-0.2210436556230783,0.001142061211252495,0.00018215282562294988,-0.0037613972972829757,0.004108501994166824,0.002502289912047928,-0.016564972280042056
2020-11-21,1.0003884652012152,1.0008215133035652,0.996343256135122,0.996343256135122,658125047.4413058,2819254020.508213,-0.003086606740679,-0.003091380136192,0.0874676857536065,0.0838517692896678,0.0019271686303086,-6.251703384136973,-0.6101802041784552,-0.0023680133844571675,0.009343475109492516,-0.013438965100556644,0.0018461697959412061,-0.0009587643763637743,-0.11441160088547075
2020-11-22,0.9960327406389304,1.0037426186188056,0.9949755805801856,0.9958266167477012,726801280.498354,2875595875.631415,-0.0005185355390719,-0.0005186700251171,0.1043513437515428,0.0992581433770983,0.0062019135943426,-5.082897390303114,1.1688059938338586,-0.002412702513530117,0.01940814466169627,-0.0006767280622943517,-0.004099438838579168,0.007034662369608924,-0.02020785233612976
2020-11-23,0.9992966347315916,1.0008848936232069,0.9957987650230006,0.9979180303276264,763317771.0428666,2880574300.738778,0.0021001784294092,0.0020979761376229,0.0502427438205308,0.0490213220413741,0.0034987410084182,-5.655352087079119,-0.5724546967760045,-0.002477979257344165,0.05310472571336078,-0.0010129336907320763,-0.0007530000839138484,0.015480302543355862,0.024390666847692977
2020-11-24,0.998096826877845,1.000823337201272,0.9939992444618522,0.999354310060412,810333332.6499124,2868035746.8442936,0.0014392762623138,0.0014382414969907,0.0615936945144244,0.0597712644123662,0.0047741943196878,-5.344530048146936,0.3108220389321827,-0.00031278963750704135,0.04800770537464771,0.018832518166109757,0.00044592337551911,0.019960021501102432,0.0005394299872980568
2020-11-25,0.9957145515463034,1.000631887182032,0.9927218680208092,0.996548854784621,793280670.5876276,2863397560.852531,-0.002807267900432,-0.0028112156669876,-0.0210440091443849,-0.0212685906228112,0.0055877113808197,-5.187185488738833,0.1573445594081031,7.854044847186445e-05,0.002560389414508535,-0.017766710061268398,-0.0022600545693407486,-0.17872570490635908,-0.007240963515789289
2020-11-26,0.9991836163186216,1.005000621385495,0.9849546654302012,1.0026372101827252,1041531386.156652,2894433077.2880483,0.0061094399625998,0.0060908529998097,0.3129418436291042,0.2722703015972118,0.0140843286760892,-4.26269254111917,0.9244929476196626,0.0033098998184281202,0.0740584239236739,0.5910208305331741,0.002572760524877884,-0.007767508873211426,0.24509272075849076
2020-11-27,0.9995527973094492,1.0063421328932811,0.9975432079632708,0.9996451494901708,936164831.3135804,2905078327.513739,-0.00298419075431,-0.0029886523298782,-0.1011650308800429,-0.1066558329747986,0.0062094904614484,-5.081676437699683,-0.8189838965805123,-0.0007433032523131658,0.059501804746968645,0.07418128374623478,-0.00025897335751139426,0.02296768942407823,0.04172293216149914
2020-11-28,0.9995269476609204,1.003278239151804,0.997601392676436,0.997601392676436,596036299.7926931,2916899396.545068,-0.002044482299321,-0.0020465751062148,-0.3633212017200385,-0.4514899919011215,0.00382920416883,-5.565098286197899,-0.4834218484982164,0.0015736612199908381,-0.010895718790486342,-0.0016146035642723433,6.197669188962416e-05,0.005081365881814293,5.2929811261037685e-05
2020-11-29,0.9985830937660258,1.0016396444484787,0.9974190558269056,0.9974190558269056,536937655.252048,2976946780.4834914,-0.000182775255597,-0.0001827919610296,-0.0991527605972995,-0.1044195813612663,0.0028964769377815,-5.84426012955786,-0.2791618433599607,-0.0018806678056036408,-0.03407462451743015,-0.0008922394217600882,0.0013700819465238797,0.003941317418714618,-0.0015706031117064256
2020-11-30,1.0003120416621254,1.0031068555680631,0.99430892644643,0.9980158363698464,632179187.5742642,2966846943.39153,0.0005983247858103,0.0005981458609022,0.1773791265906059,0.1632908890623193,0.0060631936141289,-5.105518618684954,0.7387415108729058,-8.114823329790713e-05,-0.024232115503060925,0.002964043127318128,0.0016357194086291946,0.012785666736284895,-0.0006709438828558234
2020-12-01,0.9926936960548248,1.00351467156075,0.9863746389385264,0.9993903683323732,844246130.4531659,2971271696.7911963,0.0013772646810159,0.0013763171219418,0.3354538508181899,0.2892711972375244,0.0114425777533504,-4.470413990322968,0.6351046283619857,0.0036848397381451497,0.006323001423293562,-0.011491874233788835,-0.0009578390160553465,0.025724960002612818,0.0014761683100177336
2020-12-02,1.00057560202877,1.0027142277370789,0.9961177199888878,1.0019702195716802,820888628.6767888,2976435606.023208,0.0025814249577089,0.0025780988032186,-0.0276666968717279,-0.0280566288470386,0.0045861894258735,-5.3847057901501,-0.914291799827132,0.0027849983386643174,0.0051181120462686636,0.004962120703527084,0.005340542083566018,0.02135838236626242,-0.023695562920627466
2020-12-03,0.9995526316247624,1.0023962629212926,0.9964925872335396,0.9994529604152794,672912321.3263758,2972091939.3883686,-0.0025123093553387,-0.0025154705001128,-0.1802635609521595,-0.1987724061842825,0.0041764019422278,-5.478305182500103,-0.0935993923500024,-9.988654996822843e-05,-0.07059630932650762,-0.06289161935185206,0.00017990447021038665,0.011489076338271786,0.02443706296617343
2020-12-04,0.9991994041785172,1.0014796170393336,0.995166147380732,1.0012914776520645,614679105.8571454,2975913442.8183417,0.0018395235289725,0.0018378336775959,-0.0865390833599941,-0.0905146882720045,0.0042786922584301,-5.454107863173215,0.0241973193268876,0.001763808675767842,-0.06592068895827552,-0.15533380278662445,0.0007596834805900671,0.008290816343968999,-0.0004562468035196332
2020-12-05,1.0013206518677038,1.0019266509994735,0.9984925343878326,0.9998076896391718,640622044.8019845,3032433623.208976,-0.0014818742054731,-0.0014829732669683,0.0422056625931066,0.0413392967857457,0.0022384965218581,-6.101950834066852,-0.6478429708936364,0.0012255821399887433,0.009406002953738835,0.0021068585537014073,0.0016871871042142125,0.005257229734219493,-0.0019052495144693538
2020-12-06,1.001122118127782,1.0023405759395876,0.9980262691185228,0.9999598331102816,503774082.2843265,3052469701.335866,0.0001521727355033,0.0001521611584071,-0.2136173171498611,-0.2403117311824109,0.0029634361582405,-5.82140581965762,0.2805450144092312,-0.0003521606836809386,-0.006987889484136645,0.0017974305727168627,0.0012727650774838467,-0.008268902239670695,0.001030701165769976
2020-12-07,0.9994243713773676,1.0016046250307098,0.9986943804858164,1.0007773743212294,510447854.329827,3076474220.0198407,0.0008175740503544,0.0008172400187418,0.0132475494079384,0.0131605679770334,0.0018778943297674,-6.277604167208598,-0.4561983475509779,0.008110198031319071,-0.026076877916043628,-0.09374117156131767,0.002527167013385158,-0.003442892126855668,-0.004017109613886127
2020-12-08,1.0001278908290332,1.0021647450078288,0.9991092246391968,1.0015037734750354,573568824.1023341,3071066199.888674,0.0007258349083867,0.0007255716176256,0.1236580176350812,0.1165894504035659,0.0019829483227736,-6.223170489908286,0.0544336773003122,0.0009272075064742437,-0.06054247831644943,-0.7360994560400362,0.0031787711367932655,0.00022633363898449943,-0.00315593227439237
2020-12-09,1.0040382170538396,1.0067101155155649,0.9980532618192992,0.9988555812135752,730943623.2599196,3089084324.6593285,-0.0026442159596378,-0.0026477180735844,0.2743782307273856,0.2424583974899198,0.0051910816539959,-5.260813192344369,0.9623572975639174,-0.0006976056593219155,-0.020957587750157103,0.4273135149540508,0.0009091045329991666,0.006178445898925133,0.024737332381006283
2020-12-10,0.9996530427531488,1.0018464605676898,0.9986755061111252,0.9992614441053091,615529831.8756155,3091138545.980115,0.0004063279010173,0.0004062453721908,-0.1578969809868136,-0.1718529218520512,0.0022283534158769,-6.1064923447763055,-0.8456791524319369,6.20877080131769e-05,-0.013603575992931383,0.0014041014980490374,0.0005456068783301068,-0.0011725112200515753,0.0004283452541793409
2020-12-11,1.000210669634479,1.0034746862136272,0.998656373099762,0.9995161345850044,668761173.6044046,3114984169.723154,0.0002548787218776,0.0002548462458144,0.0864805229124068,0.0829435941039719,0.003375948186219,-5.691079050050138,0.4154132947261679,-0.0018037630896996794,0.012826145964314861,-0.30315233084000237,0.002764095320280618,0.007277834752965617,-0.005980954261183058
2020-12-12,1.002633166680088,1.004013843141076,0.9988331814738836,0.9993419796240948,576812090.2257255,3178372546.493446,-0.0001742392692659,-0.0001742544506909,-0.1374916592168523,-0.1479104596501663,0.0030340568564146,-5.7978546584770445,-0.1067756084269069,-0.0017797259901430249,-0.015150778053005354,0.00045848642117096716,0.0021786893925067213,0.002381441747836277,0.002365514163710003
2020-12-13,0.998778332440003,1.0011174981449456,0.9986025696979052,0.9997463326513754,569276436.3028351,3229116654.3724093,0.000404619275008,0.0004045374387034,-0.0130643134056733,-0.0131504021637628,0.0016735648831932,-6.392799267109407,-0.5949446086323622,0.00032209483276477184,0.015549506290248871,0.01290968510207069,0.0014604276440418151,-0.0017343632248163487,0.0021272786723081083
2020-12-14,0.9971765820253148,1.0018417871498106,0.9971765820253148,0.9998123928316732,542850647.7993932,3277883864.6139126,6.607694186056001e-05,6.607475887559998e-05,-0.0464199584213675,-0.0475319124426865,0.0028637243489421,-5.855632281393502,0.5371669857159045,-0.0003155074204512297,0.00760357528638167,0.0970154994652983,0.0011078079433997038,-0.0036674250878085957,0.0007349271723811057
2020-12-15,1.0001634142988771,1.0020120335622922,0.9974285640504684,0.9997939829760708,557221056.4072561,3283791629.707479,-1.8413310071352385e-05,-1.8413479598427315e-05,0.0264721220580976,0.0261277988597375,0.003233773055773,-5.734105694756766,0.1215265866367358,-0.00423612358810381,-0.0038289084097513637,-0.08267857295373382,0.0015633753598455103,-0.004112260390215283,-0.0009877999694820616
2020-12-16,0.9984281777001484,1.0071816636712916,0.9967930411748266,1.0039364265939072,649044973.3969399,3287461878.0373588,0.0041432972075963,0.0041347373874945,0.1647890292978671,0.152539979887313,0.0064850583169497,-5.038254468663614,0.6958512260931524,0.004275716589585766,-0.019405823232030883,0.09852543683191772,0.0035348598659031686,0.006565833885289862,0.013402543781909415
2020-12-17,0.9976351588813638,1.0127966107412227,0.9825469811928242,0.9998284735027528,961265050.8568176,3291193414.556292,-0.0040918458403702,-0.0041002403487425,0.4810453670502916,0.3927481675310688,0.0213977873915186,-3.844467755219437,1.1937867134441769,-0.0003821886563469032,0.07947800502774882,1.1435266390136705,0.00016156764000695842,0.018891748331594016,0.3163795814120798
2020-12-18,0.997095219004132,1.0023369888008216,0.997095219004132,0.9998705830449652,1060272483.5550884,3275413120.3842745,4.211676635379469e-05,4.21158794676924e-05,0.1029970169101863,0.0980310357438517,0.0032804574045082,-5.719772413714712,-1.875304658495275,-0.0027591313005893574,0.08297754595968954,-0.003147294676077106,0.0034062292724413913,0.013498562740785758,-0.004887503034736174
2020-12-19,0.9976346507791308,1.0029265785603323,0.9974037193887212,0.9994570365389156,810657424.9671896,3339828386.2790003,-0.0004136000329064,-0.0004136855889915,-0.2354253858884848,-0.2684356597992378,0.003736224001857,-5.589679802742424,0.1300926109722882,0.0006793034850128543,0.046464630899784254,0.003014757087248743,0.00013305005359620008,0.007375539778191609,0.00489103296945137
2020-12-20,0.9997133561923872,1.0022361439216023,0.9919153400264972,0.9978351960901968,768562825.1316451,3381025298.7916,-0.0016227215272156,-0.0016240395658592,-0.0519264963708291,-0.0533232442590258,0.0072254632212055,-4.930143933377162,0.6595358693652615,0.0006602608526257831,0.037962198463191044,1.0721151198822554e-05,-0.0025555402531259423,0.00774084010567222,-0.00274391927243256
2020-12-21,1.00216092516928,1.0217484079650228,0.9954852022126582,1.0011275619076008,826964798.183303,3362513699.5712576,0.0032995086065359,0.0032940771721107,0.0759885478999773,0.0732398184673188,0.0184021088486531,-3.995290009594732,0.93485392378243,0.0009635257389135354,0.05174455263406941,0.25475263512438584,0.005102076497503548,0.007937424410908278,0.2509416865962306
2020-12-22,0.9982115433271838,1.0045173243504728,0.9982115433271838,1.0015138873602931,974538788.2519684,3365839655.1011486,0.0003858903374474,0.00038581590092,0.1784525658079516,0.1642021929513857,0.0039513968052002,-5.533686141008783,-1.5383961314140504,0.003085801496560447,0.07145652517784029,-0.002174701645403232,0.002216355333858666,0.011533664233390084,0.0053721597095433005
2020-12-23,1.0006537969193874,1.0062444948884273,0.997683338676443,0.997683338676443,1063638299.3624294,3432332177.951952,-0.0038247584304061,-0.0038320915231089,0.0914273625478561,0.0874863465092815,0.0057523410289149,-5.158148371566562,0.3755377694422206,4.82928366048544e-05,0.0662679892633058,0.0024084796335679393,-0.0004143624778466798,0.013805659351724842,0.001197987965429359
2020-12-24,1.001354417443815,1.00468555095831,0.9993531296191616,1.001920149464706,1022220792.7223506,3488170133.7120323,0.0042466488353747,0.0042376572692369,-0.0389394652908845,-0.039717880623069,0.0037465916353886,-5.586908749527034,-0.4287603779604723,0.004827316394143088,0.009383104461420544,-0.28817070897613783,0.006212965640891437,0.00962699672745515,-0.00979521273699513
2020-12-25,1.002660919211548,1.0033019193370694,0.9960928402276436,1.0016631022060758,814454297.1746804,3553414934.109221,-0.0002565546353845,-0.0002565875511549,-0.2032501168307799,-0.2272144723188783,0.0050614640862104,-5.286099492434113,0.3008092570929213,0.004029871861478799,-0.03839013695881377,0.0031622195497988947,0.0024784378870372427,0.0009569388949728364,0.008285812784396995
2020-12-26,0.9993181640431468,1.0024314783013253,0.9945095931997844,0.9945095931997844,843022734.1383871,3566158317.2371154,-0.007141631742785,-0.0071672552634742,0.0350767833908052,0.0344756108166436,0.0047420680633066,-5.351281938150768,-0.0651824457166547,-0.005218849582651179,0.005139630032338971,-0.004931949515880607,-0.005058231764956543,-0.00900772568392938,-0.004946831246066541
2020-12-27,1.000779082577738,1.0086240251540002,0.9985286841947716,1.0086240251540002,1069877844.5803628,3601163045.2570963,0.0141923537497545,0.0140925851566668,0.2690972630457391,0.2383058312212543,0.0052004082418147,-5.259018148435054,0.0922637897157141,0.006428456947619277,0.04662233869242982,-0.10250330417865605,0.009060214939850398,0.006076405048236921,-0.014659731734535164
2020-12-28,1.005549753257832,1.007345725101781,0.9990821028694156,1.001744839031072,1263600731.338433,3663199857.785531,-0.0068203671054513,-0.0068437321083789,0.1810700985532174,0.1664208907062846,0.0053266993434712,-5.235023492761858,0.0239946556731958,0.003533376438687146,0.06392248354004337,-0.653495504085146,0.0031612295626606596,0.029796221212365026,0.01863071661933713
2020-12-29,1.000358057994011,1.0066114848733607,0.9999640438556756,1.0017953706906515,1172620419.3241153,3693759778.1714745,5.04436435415645e-05,5.044237130376165e-05,-0.0720008383644645,-0.0747244496063279,0.0045992946294169,-5.381852328676177,-0.1468288359143192,0.0011401776518478344,0.027703968710955706,0.022358305325746564,0.0014817679518875203,0.02757106855964153,0.0019741243524955543
2020-12-30,1.0060092362986972,1.0060092362986972,0.9984303945549424,0.9984303945549424,2299975142.5378537,3718886386.255837,-0.0033589455832574,-0.0033645995053344,0.9613978271532512,0.6736573961714778,0.0025499573953527,-5.971678627656192,-0.5898262989800145,-0.00292433961406618,0.15746732297637323,-0.01438179658969041,0.005762287142811225,0.06891782946768288,-0.007896817989474503
2020-12-31,1.0006530822797923,1.0028880116984151,0.9977443730248524,1.0001546881758363,1245714250.2882535,3794636755.2683096,0.0017270043363037,0.0017255147790496,-0.4583792549541647,-0.6131892548572182,0.0036227516253177,-5.620521424396351,0.3511572032598407,-0.002502709020866961,0.02599657555658652,0.0045828411639528,-0.00042076022060971247,0.01590385153186702,0.008406591352574821
2021-01-01,1.000914732028954,1.0026325121827455,0.9979438659377058,0.9997379914454164,1078762434.4661958,3989887580.895381,-0.0004166322823321,-0.0004167190976756,-0.1340209568794976,-0.1438945703424226,0.0032327773410004,-5.734413653318724,-0.1138922289223725,0.0004200256278835628,0.029896536859439493,0.01199071083219927,0.00018542558950290284,0.010083657811293278,3.600659804581241e-05
2021-01-02,0.9982202178928424,1.0014960789588956,0.9949431428705956,0.9997662671693672,1424807573.8368871,4119083386.296647,2.828313437386321e-05,2.8282734413559604e-05,0.3207797456739629,0.2782222786136831,0.004541154830824,-5.394573931252032,0.3398397220666913,-0.001012539400848991,0.06281809921338422,-0.03320056375820535,0.0005671563190606522,0.028833951024182625,-7.251322722678921e-05
2021-01-03,1.0026570969649813,1.00708195706855,0.9951154121547012,1.0035173928916752,3502340683.9980745,4179389706.2284055,0.0037520026885169,0.0037449814833365,1.4581148699024429,0.8993947431285519,0.0084356141655104,-4.775292754074616,0.6192811771774167,-0.0020231887852087097,0.22678915164716784,-0.10574152778392953,0.0021914407588699662,0.10359921326162436,-0.0011323478647051743
2021-01-04,0.999750212170688,1.0178718456004352,0.9849338300477924,1.0010660004782874,4664128442.747329,4277153846.536904,-0.0024428001255902,-0.0024457886296878,0.3317175179608806,0.2864694760244685,0.0232457950287114,-3.7616310222858815,1.013661731788733,0.000707438796695617,0.24971942379821854,0.986773672678321,-5.6056320570326076e-05,0.12850207381440626,0.0012127458277730874
2021-01-05,0.9631149965232426,1.005747555724074,0.9631149965232426,1.0052676504098772,1973512280.41334,4349371858.586769,0.0041971757402432,0.0041883921670357,-0.5768743711417015,-0.8600861490932491,0.0151394354430313,-4.190452320767739,-0.4288212984818567,-0.00073742797655251,0.05073621274604179,0.519503477057258,0.005829619230669679,0.04310683757710976,0.4087252026206274
2021-01-06,0.9976254607168704,1.0071367701538698,0.9958184447324834,1.0030234740170283,1712731119.102181,4314107360.767379,-0.0022324168015691,-0.0022349123587313,-0.1321406326676315,-0.1417255966506561,0.0072536835440254,-4.926245864103986,-0.7357935433362472,0.002366043397180146,-0.036947968864744496,-0.0006390382312431164,0.002891029859846834,0.03393104315103912,0.0028477650526013143
2021-01-07,1.0002919012787677,1.0051894400923094,0.9953552832505282,0.99829656837297,1976921760.2793765,4469730081.264183,-0.0047126570479227,-0.004723796627941,0.1542510895205109,0.1434517263252529,0.0068402939166945,-4.984924577993892,-0.0586787138899058,-0.002619198032961928,0.045801204002291485,-0.00015969067115628732,-0.005734969456148395,0.03820218563027211,-0.0027257957332866845
2021-01-08,1.0031355637252355,1.0055779265886786,0.9957767917419728,1.0015339125448302,2400712925.413289,4565702081.34548,0.0032428681760736,0.0032376214190375,0.2143692146289202,0.1942247770652765,0.0068542352922518,-4.982888526931346,0.0020360510625465,0.0033141051037126803,0.07782768749585145,-0.0005220676704951188,0.001879754753084013,0.043631463915684066,0.003260122967700063
2021-01-09,1.003357278310254,1.003357278310254,0.996048218168378,1.0025288631599396,1887156433.7578905,4654722294.769286,0.0009934267853011,0.0009929336634721,-0.213918326601665,-0.2406945817752201,0.0051442935215155,-5.269867232726914,-0.2869787057955681,-0.00012790215747223992,0.025850726635798793,0.0013874355077407863,0.0023150235193659828,0.03199606210064232,-0.00020214846708022094
2021-01-10,0.9998262154480692,1.009470765018302,0.9960090290743642,1.0065116544890331,1599565263.3264778,4796211868.338956,0.0039727448011221,0.0039648742886334,-0.1523939220336562,-0.165339281818111,0.0085417039267175,-4.762794768048893,0.5070724646780205,0.0067403642862347915,-0.1109585443213561,-0.005770844062981784,0.0038608392842891712,0.022788099544943208,-0.0010582947342250293
2021-01-11,0.9964222426373588,1.016167072109006,0.9903053263958738,1.003739276480634,2619484876.0207124,4759012538.609334,-0.0027544420335663,-0.0027582424893855,0.6376230067494688,0.493245804331637,0.0176527361158615,-4.036864486888602,0.7259302811602915,0.04131476220519689,-0.1347869507459727,-0.33187400351724117,0.004954717169497498,0.048260072062227266,-0.001071259505247557
2021-01-12,0.998078673993192,1.0087433325913089,0.991814326339516,1.0016967943830084,2713029136.1521683,4782676890.621874,-0.002034873144336,-0.0020369463115918,0.0357109372868607,0.0350880868416337,0.0117543413230289,-4.443532632330454,-0.4066681454418521,0.004072719426162515,0.05087237417320267,-0.43520841724209625,0.004522767791377742,0.04826189446081486,0.00045506114139604037
2021-01-13,0.9944302759692564,1.00626024544628,0.9944302759692564,1.00626024544628,1873721755.147457,4773836401.962495,0.0045557209415671,0.0045453750549996,-0.3093617277531649,-0.3701390767277038,0.0039877669344088,-5.524523870313295,-1.0809912379828406,0.005948872824891167,0.0107399028377273,-0.011269565668580839,0.0060773305605543474,0.028830513724468432,-0.001834259181176634
2021-01-14,1.0062333685600957,1.0062333685600957,0.995699734916455,0.9992564009909604,1715833524.6041484,4784370356.654379,-0.0069602714476842,-0.0069846071246837,-0.0842645019782476,-0.0880277136246894,0.0060556782649127,-5.1067588909239205,0.417764979389374,-0.003874533713143485,-0.017476174115085286,0.012202178285796172,0.0008291832925977948,0.024439447833458416,0.0040258235027739175
2021-01-15,1.0020252498321411,1.0105653590669237,0.9950549614014952,1.0006228170121134,1846333568.5726693,4834576860.714982,0.0013674328428598,0.0013664987580052,0.0760563551750324,0.0733028350660715,0.0109022940798503,-4.5187820458505925,0.587976845073328,-0.002729032091311283,-0.038152670912289466,0.004454971635531102,0.002990264913756282,0.02464300905024075,-0.0009139264752602294
2021-01-16,1.003037397942785,1.003037397942785,0.9938917639007372,1.001149867305485,2294255489.85175,4985054661.383822,0.0005267222417988,0.0005265835723302,0.2426007569289616,0.2172065677966042,0.0063702500564922,-5.056116554832226,-0.5373345089816333,0.0013230063686370107,0.02815790378124916,0.003329335047207671,0.004058214774387574,0.026740054312686112,-0.000834920845223408
2021-01-17,0.9979553504927658,1.009670332706968,0.9960523058842528,0.9982855496856208,1620352961.0229838,5074965340.335886,-0.0028610278175168,-0.0028651283806875,-0.2937347352156984,-0.3477643829011839,0.0095998707825421,-4.6460056407508,0.4101109140814261,0.0018682511768404258,0.0014167684277701653,-0.001014470602025419,0.0006522294121908785,0.011025435494921965,0.0017778451954231222
2021-01-18,0.9988321181325444,1.0109770135590277,0.9912218700646388,1.0004833474779151,1406567994.073125,5098714714.843029,0.0022015722785795,0.0021991523694163,-0.1319372828589698,-0.141491312161265,0.0139162904898358,-4.2746951473891945,0.3713104933616051,0.0024064048243697816,-0.08621913160406436,-0.27098623604404803,0.0007699156009513297,0.011598808525452142,-1.8513769189265616e-05
2021-01-19,0.9996842878450236,1.002323306353092,0.9957702588621524,0.999950893305057,1776986404.6232097,5124082861.948399,-0.0005321969368109,-0.0005323386038661,0.2633490966031659,0.2337662078706766,0.0046351801271327,-5.374080218339121,-1.0993850709499269,0.005536184878918457,-0.07202292434176982,-0.025588442588387217,-0.0022077016293110072,0.019326605864240065,-0.000473807998738085
2021-01-20,0.9986559270307328,1.002599213514185,0.9954230307815845,1.0008082749091054,1987697234.307185,5216764004.949451,0.0008574237092928,0.0008570563315681,0.1185776262191797,0.1120579016133079,0.0048999503321671,-5.318530210209337,0.0555500081297841,-0.0054060730441575664,0.009052172221721833,0.0015014115399845096,0.0025980063017037964,0.021792843926803585,-0.06679755464505499
2021-01-21,0.9980491718442628,1.0070479091369728,0.9960917236744928,0.9960917236744928,1906289432.159521,5353837759.727072,-0.0047127420434657,-0.0047238820259391,-0.0409558361014869,-0.0418181531272434,0.0076382825423332,-4.874582499198508,0.4439477110108294,-0.005939135373534431,0.014945902826529078,-0.006409070242097137,-0.004569516882378276,0.017156434196515136,-0.0017914747083298543
2021-01-22,0.9976265060625796,1.0106377061676384,0.9956651386178575,0.999209317449541,3145097697.234576,5419957256.139864,0.0031298259999066,0.0031249382903099,0.6498531881759861,0.5006863070907747,0.0105080455847687,-4.555614069066929,0.3189684301315783,-0.0038237896739982185,0.09636580924549776,0.021555456138782958,-0.0021444963526479335,0.037295070633511784,0.002063582444267631
2021-01-23,0.9989277381835916,1.0044954920494054,0.9922427339748694,0.9994890364942858,1581086061.6986265,5522563982.481151,0.0002799403887252,0.0002799012127257,-0.4972855491615268,-0.6877329622506414,0.0086712443802703,-4.747742971352574,-0.1921289022856447,0.0015356485646444078,-0.05176301651087556,0.012373297744817435,-0.003168479325772529,0.009781187176411521,-0.0006885855348945924
2021-01-24,1.0011438175934344,1.0018269374324864,0.9964351162569216,1.0018269374324864,1342286102.3913171,5589699790.087748,0.0023390961309599,0.0023363647041557,-0.1510353959168779,-0.1637377848436395,0.0037922952156557,-5.574783845389798,-0.8270408740372241,0.002993834985030365,-0.020931583184065516,-0.006626085669904747,0.0025073391248094136,0.009151012434990946,0.00047505308974038485
2021-01-25,0.9978709834856694,1.0030818135447357,0.9962273267635284,1.001560131899634,1489873020.9668806,5591016570.178356,-0.00026631898473,-0.0002663544539284,0.109951908399136,0.1043166886191105,0.0042717698398753,-5.4557270552093104,0.1190567901804877,0.0018746781607264717,0.006316911580707796,-0.06675014405053314,0.0007801369077346599,0.011101429066311397,0.0007179723558516926
2021-01-26,1.0027055551083377,1.0033731958839558,0.9966152845174224,1.0014703118360038,1624600196.9912145,5493010827.448725,-8.968015076638025e-05,-8.968417227153558e-05,0.0904286299089436,0.0865708573916494,0.0047167950367191,-5.356625727665806,0.0991013275435044,0.0028142090314319155,-0.011585683028513927,-0.00511037719581342,-0.004065178132233054,0.00942311636473292,-0.002015245344517691
2021-01-27,0.9966156387176516,1.008565156378583,0.9952146515142622,1.0006824308152098,1584826562.476606,5460707934.782776,-0.0007867242907575,-0.0007870339207186,-0.0244821061749653,-0.0247867758529318,0.0090762636505186,-4.70209266328872,0.6545330643770857,0.0026349315645714166,-0.03129227763526288,0.0011377659121043493,0.0003242041586405533,0.005416366866668909,0.002078861372404983
2021-01-28,0.997449066015776,1.0031132686572115,0.9963227711022632,0.9964434410644164,1682000859.7543302,5562366907.843801,-0.0042360989063634,-0.0042450965923845,0.0613154143036762,0.0595090956636561,0.0047618866481826,-5.347111334606356,-0.6450186713176356,-0.001186583388089,-0.01785512279495194,0.006397822749216964,-0.009554151374028095,0.008529249880758982,-0.011653869798241345
2021-01-29,0.99779426557651,1.003304316922886,0.988881203807172,0.9971604710644464,2114986789.728791,5737963499.089339,0.0007195892616485,0.0007193304814319,0.25742313237444,0.229064493786976,0.0102312461404025,-4.582308894081061,0.7648024405252949,-0.0017707309453838052,-0.08636579322407556,0.06893427619191161,-0.003496437160131964,-0.0030891058527906523,0.010120305088759718
2021-01-30,0.9931150649096137,1.0006283032213832,0.9931150649096137,0.9967393867872476,1988069768.861624,5835271399.317266,-0.000422283363027,-0.0004223725497553,-0.0600084225034057,-0.0618843638682356,0.0048245132773258,-5.334045424445061,-0.751736530364,-0.00440910452801181,0.03501849720595018,-0.016587062999752433,-0.004180254512088517,0.012339260086477566,-0.0006656872438162154
2021-01-31,0.9947029897596572,1.0025879066649368,0.9932835405982108,1.000001800091967,1195664735.2716908,5844673360.241467,0.0032730855707778,0.0032677406858692,-0.3985800931139691,-0.5084619080675984,0.0057062820598036,-5.166187595270306,0.1678578291747552,0.0021330861822209395,-0.012475037795663724,0.015169599140662626,0.0017831678914179705,0.0019293212180251373,0.0018106639638721944
2021-02-01,0.9996427894882176,1.006490118793396,0.992815496743298,0.9968748103751054,1344466508.7780514,5896966951.947329,-0.0031269840880027,-0.0031318833186226,0.1244510849210154,0.1172949920678302,0.0095181672099643,-4.654552968674943,0.5116346265953631,-0.0058319849106047055,-0.012527304351031887,-0.030474277594084498,-0.00578365635186169,-0.001325525202378941,-0.0038420819938935757
2021-02-02,0.9993209349248272,1.0046401042538855,0.9933810774265937,0.998370325173768,1549529060.8609045,5940195704.009299,0.0015002032181954,0.00149907903754,0.1525233620502966,0.1419537664426939,0.0079473209839676,-4.834920390256203,-0.18036742158126,0.0017590969965243287,-0.006529606109637598,0.03193283138092706,-0.0013811851592480263,-0.03277143162526741,0.004002885282327284
2021-02-03,0.9974322468079644,1.0041920573502456,0.9949296135071444,0.9997760086914792,1773390462.9024546,5994169927.140465,0.001407978064118,0.0014069877924151,0.1444706057446736,0.1349421770266486,0.0063880209117763,-5.053330775031673,-0.2184103847754706,0.0023301767618074867,0.016320834518189997,-0.11405741257578761,0.03735844304151484,-0.050572550983371656,-0.26556918111726135
2021-02-04,1.002102157305735,1.0024465057246343,0.989480073303278,0.9992944877430372,1998241010.457796,6136702458.45467,-0.0004816288291136,-0.0004817448495321,0.1267913368538902,0.1193740687174426,0.0090392742584915,-4.706176388941072,0.347154386090601,0.0015024093908993206,0.026787476390708775,0.003971732963517383,0.0016716017245400527,0.0004436490697052875,-0.44444840546600606
2021-02-05,0.9974601138903628,1.0017949186695614,0.9965286633031536,0.999991129472882,1770208892.9687786,6261103094.654033,0.0006971335661205,0.0006968906813915,-0.1141164235423111,-0.121169740557885,0.0033777394476394,-5.690548595708891,-0.9843722067678184,0.0068998750417061895,-0.02924047231047311,-0.09977927955438215,-0.0003007292503395054,0.0010304278631672048,0.0014119187978187675
2021-02-06,1.0036076805500869,1.0036076805500869,0.9964818383560652,0.9969017833142476,1931052576.0432177,6363474293.162305,-0.0030893735630064,-0.0030941555289047,0.0908614139909169,0.0869676721929296,0.0028326981592918,-5.866525608359315,-0.1759770126504243,0.0022080630431066894,-0.004919075453059918,0.06115791377153634,-0.006233684192595118,-0.0008222302834077766,-0.02063615730364532
2021-02-07,1.0005846939887308,1.0005846939887308,0.9924529375965288,0.9981271371195708,1948127629.3415065,6460454858.17234,0.0012291620155893,0.001228407214411,0.008842355464643,0.0088034907751349,0.0055640304188491,-5.191432537853003,0.6750930705063123,-0.0015173445543003453,0.06304763427996463,0.0034544262020137495,-0.005226274114357267,-0.008149291326041919,0.0062348058812506935
2021-02-08,0.9973576249533008,1.0103345220048598,0.9939925043371892,1.0000553144497122,1902857494.670324,6523855182.4045725,0.0019317953178847,0.0019299318008793,-0.02323776635029,-0.0235120202728611,0.0114079876899564,-4.473441494381914,0.7179910434710886,0.0007346086642175215,0.044344378345513746,0.20444227701818818,0.00022911257414031592,0.0002838295217486575,0.014421138043152038
2021-02-09,1.0022510075876712,1.005768138269156,0.994436563408143,1.0009157935638848,2475009203.339875,6542414390.92761,0.0008604315198765,0.0008600615608774,0.3006802717870778,0.2628874135911819,0.0079689408887182,-4.832203682247664,-0.3587621878657501,0.003486430005326244,0.06942423565964262,-0.010432486241483296,0.004499547323908779,0.015699352661027177,-0.010642077211155065
2021-02-10,1.0001387192253808,1.002722804384668,0.9921752534125556,0.9991974046192772,2122208831.527052,6697646871.3495455,-0.001716816694928,-0.0017182921136341,-0.1425450747159811,-0.1537866665900943,0.0074544505223862,-4.898944039399186,-0.0667403571515219,-0.0029028684975478006,0.02496450895899116,0.003372571829145521,0.0011202564883876305,-0.008887401020096775,-0.1987344093908483
2021-02-11,0.995959138336277,1.008765069706639,0.9958054702087132,0.9982668688473034,1970304998.83834,6821295127.774484,-0.0009312832155807,-0.0009317171292131,-0.0715781738498413,-0.0742690954332094,0.0090291886473667,-4.707292766380021,0.1916512730191657,0.0008084823303617413,-0.001976548697921743,-0.13297067122746853,0.0038506580175892238,-0.013422937688687853,-0.010875321061631915
2021-02-12,0.9965166158348714,0.9999275292345629,0.9961609469041592,0.99637944576715,2089604198.256382,6974173853.172923,-0.0018906999110697,-0.0018924895402701,0.0605485950085793,0.0587863167059902,0.0026672262997563,-5.926716185579808,-1.2194234191997877,-0.007228312782451201,0.02236838505515948,-0.06469243845966499,-0.009841145777325132,0.003920160465540334,-0.07128968494583177
2021-02-13,0.9995314343728025,0.9997531633274256,0.9954511190894983,0.9960911026757888,2343941194.3542805,7110910900.155695,-0.0002893908466158,-0.0002894327282271,0.1217153929486376,0.1148591144496601,0.0021693630268613,-6.133321690528496,-0.2066055049486879,-0.0045010801523433725,0.028193840305707596,0.04108452666353024,-0.0059397588089900605,0.011319035633128749,0.05444091172874366
2021-02-14,0.9957431280215662,1.003063880845399,0.9930253361511616,0.9971381636321368,2009876808.99388,7303934221.473707,0.0010511698714457,0.0010506177792576,-0.1425225113006429,-0.1537603525322861,0.0070588606829135,-4.953471616857413,1.1798500736710835,-0.00022006696961280516,0.004148999958278665,0.024319214642101628,-0.005898733620506124,0.0029262859375869255,0.00040673909241739636
2021-02-15,0.9966298678426466,1.0030123556890682,0.9826257109845776,0.99677683701654,2053116402.9191487,7448936832.462602,-0.0003623636410431,-0.0003624293106119,0.02151355432919,0.021285404232235,0.0145200219173441,-4.232226760127665,0.721244856729748,-0.005476846427559363,0.010024741239892165,0.35281590428735754,-0.0011816259052011503,-0.004317712649161365,0.28008858548670634
2021-02-16,0.9993443427345468,1.0105408315643551,0.9980550395011192,1.0016012408343196,1971012773.4875083,7442785552.59976,0.0048400039393166,0.0048283287769828,-0.0399897586492925,-0.040811326503505,0.0086785939963605,-4.746895745416484,-0.5146689852888198,0.0014612506103270945,-0.03402936174777693,0.08089078682118211,0.00276852458801177,0.006272595007970949,-0.0030059246266160855
2021-02-17,1.001484644454658,1.0030316357663214,0.9979122257453166,0.9990278142619048,2044594662.64458,7354104514.848597,-0.0025693124843486,-0.0025726188322446,0.0373320204449389,0.0366520520093222,0.0032804558399301,-5.719772890653828,-0.9728771452373436,0.0030763893887498484,-0.005344878039604595,-0.0036285951501873193,-0.0006568966146082511,0.011313052564268844,-0.008409540022164208
2021-02-18,1.0005771764568328,1.002918096410169,0.9946165096377646,1.0010163719798366,2139403000.579209,7293421729.678245,0.0019904928466891,0.0019885144407031,0.0463702364418772,0.0453272575489464,0.0058710548252076,-5.137720963635452,0.5820519270183757,0.004505321097292268,0.011608423160229364,-0.005412559205266287,0.002360832869071829,0.006369581465786922,-0.0025214713599432947
2021-02-19,1.0020460348463045,1.0180036698148414,0.9969909842059536,1.0034349085434375,2087066887.7859583,7437757717.69451,0.002416080926646,0.0024131668958696,-0.0244629519445759,-0.024767141110743,0.0147230331901082,-4.218342127798056,0.9193788358373968,0.0038976981577886283,-0.0001731919396732451,0.23860253515608632,0.005381756218799692,0.0017393878579987643,0.2235145112343213
2021-02-20,0.9974547370760528,1.0082785237077163,0.9971392066898044,1.0072715967551864,2350015486.3184285,7655765654.604167,0.003823554651211,0.0038162634457641,0.1259895406665265,0.1186622407458718,0.0049654766534089,-5.305245983392268,-1.0869038555942128,0.011511244418372741,0.0004145694641266573,-0.03797311284317084,0.009621601304287922,0.0077303690965528915,-0.02041013981564177
2021-02-21,1.0087647084211564,1.0087647084211564,0.9994372131917256,0.9994372131917256,2292357599.432559,7823776821.037934,-0.0077778263466361,-0.0078082313973902,-0.0245351093307888,-0.0248411106797255,0.0031324329047343,-5.765945290502648,-0.4606993071103797,0.0028128786119425413,0.01909185852887063,0.04023704283849883,0.0005098918681711837,-0.014909323379413308,0.029353808115587743
2021-02-22,1.002718565148058,1.0137454739804133,0.9871914456311636,1.0041801296706527,2456184763.680235,7861380806.00816,0.0047455872328192,0.0047343624318999,0.071466670072867,0.0690284295894304,0.0187469986102913,-3.976721613496743,1.789223677005905,0.004827289502364747,0.026625898936000425,-0.14765485180003202,0.0030282532671984178,0.015297266627495532,-0.002759286471569311
2021-02-23,1.0055739997226143,1.010051110395182,0.9858595296904964,1.003578471494249,4067589300.77445,8077314777.242741,-0.0005991536365104,-0.0005993332007784,0.6560599841356234,0.5044412776111765,0.0170973994414624,-4.068828906485416,-0.0921072929886723,0.0020885405392404356,0.12810132471552294,0.050972019794534695,0.005703370090783293,0.04619389760777182,-0.00730649414277007
2021-02-24,1.0059974877120352,1.0094491399821512,0.9950538501691027,1.0024354238798714,3815813334.39528,8196526630.951298,-0.0011389718361293,-0.0011396209574851,-0.061898079614683,-0.0638966787514669,0.009914150601426,-4.613792188715795,-0.5449632822303796,0.0018554530868581732,0.09674273840951741,0.0003459754462071807,-0.00026943864090478843,0.03780429329409074,0.010123647813046865
2021-02-25,1.0052273955238509,1.0099146473929257,0.997072058959905,1.0010384726785673,2511066462.788231,8408564478.910425,-0.0013935572985811,-0.0013945292025942,-0.3419315247541641,-0.4184462873481267,0.0086694308553497,-4.747952135632811,-0.1341599469170162,-0.0010060107288814568,0.019164164899226677,0.0009136192967527101,0.004428035026090081,0.014040067813141377,-0.006068748268483137
2021-02-26,0.9926747771808678,1.0121399677814016,0.9926747771808678,0.9968074362479812,2516400938.612293,8599855177.931416,-0.004226647172975,-0.0042356046952384,0.0021243865517357,0.0021221332333403,0.0134863777424023,-4.306075159095951,0.4418769765368608,-0.0006491632438922696,0.021690127292657735,-0.1398304489621851,-0.0006434776962804116,0.014545112084523026,0.005963297738755813
2021-02-27,1.007008110584309,1.007008110584309,0.997755671847154,1.000385081439523,2159179790.858916,8864348857.083607,0.003589103633705,0.0035826781711028,-0.1419571667901109,-0.1531012585841963,0.0050775073708257,-5.282934812846442,-0.9768596537504912,-0.008341514019844605,-0.009583060144134237,-0.03558914376160072,0.002593177953446291,0.00736927891220418,-0.001952804623479576
2021-02-28,1.0113626814537473,1.0113626814537473,0.9926029710837476,1.0009311281490687,1973655723.45286,8970179155.7112,0.0005458365180335,0.0005456876034675,-0.0859233993350108,-0.089840902872311,0.0115651918590478,-4.459755393808335,0.823179419038107,-0.001784181615310943,-0.016211655978903394,0.034215403641819186,0.007839440526329214,-0.0021769816755075055,-0.01726484231681935
2021-03-01,1.0201029198170994,1.0201029198170994,0.9951528441219054,1.001551022705884,2347614196.844752,9071871417.11629,0.0006193178924922,0.0006191261943102,0.1894750279636718,0.1735120568151335,0.0132839505792114,-4.321198695798901,0.1385566980094337,-0.004008701360509168,-0.00558331040375748,0.1984588218431389,0.006860910250944799,0.005528933495885013,0.06280316551152998
2021-03-02,1.0050941898482533,1.0063821574723877,0.9951684115663754,1.0023033571744475,2007157675.376031,8947508363.989216,0.000751169387787,0.0007508874012667,-0.1450223473372679,-0.156679947623531,0.0077324877352895,-4.86232463953116,-0.5411259437322586,-0.0036788658565502282,-0.11233518015952626,-0.22439737756655953,0.002657982840393612,0.012367592107295877,0.011198364660576221
2021-03-03,1.0062972144128313,1.0062972144128313,0.9932907620459236,1.0010123154353074,1974789958.3482764,8871258282.75065,-0.0012880748427098,-0.0012889051241631,-0.0161261456560409,-0.016257586952716,0.0085971083643698,-4.756329368964093,0.1059952705670665,-0.004201976730415703,-0.11230442738540702,-0.002167364977200048,0.001691099133868988,0.009502023042589514,0.0011625958936631875
2021-03-04,0.9969030471028,1.01392248016851,0.9952361712822636,1.0005118084755271,1896075192.2019773,8822693998.377539,-0.0005000008012515,-0.0005001258433346,-0.0398598168952289,-0.0406759811132616,0.01296021408556,-4.34587106924691,0.4104582997171828,0.007863861555218562,-0.04051247715105433,-0.023838630328773203,0.0030827330707655764,0.005185914735221786,-0.0018379863510227246
2021-03-05,1.0086935788626126,1.0115282740885354,0.9938871955304788,1.0033628097272778,2047422160.073836,8830989679.671585,0.002849542831578,0.00284549058062,0.0798211845681575,0.0767954575836299,0.0119969286669513,-4.423104606374219,-0.0772335371273085,-0.003626499782003804,-0.03203596877120418,0.0262066408646211,0.0012572172621458282,0.004081810529516616,0.002191124272024947
2021-03-06,1.0048379080116916,1.0123937141727326,0.9985493426370692,1.0025147522770237,1488722620.463678,8952665143.889969,-0.0008452151525175,-0.0008455725482429,-0.2728795020905751,-0.3186630684025958,0.009629461799602,-4.642927942625677,-0.2198233362514585,-0.008787015494304764,-0.047658302869930225,-0.03477385970814284,0.0050547126710255,-0.007602838087549912,-0.006658761922402334
2021-03-07,1.0013555550568745,1.0144697208344884,0.9951938135003552,1.002078710373746,1229230060.234501,9121067543.747066,-0.0004349481165112,-0.00043504273388,-0.1743055131038147,-0.1915304444658874,0.013557577202803,-4.300809684793352,0.3421182578323254,-0.01782697114266908,-0.05572145069312384,-0.19644123174277706,-0.001524635635397151,-0.008136050865612532,0.006453428340909451
2021-03-08,1.000821440154701,1.0052073982258436,0.9933006230019578,1.003871851431349,1353024520.2247431,9162866631.955511,0.0017894213688405,0.0017878222617895,0.1007089429350807,0.095954465784877,0.0082106966291775,-4.8023175078169125,-0.5015078230235606,-0.0012168832549929872,-0.07964926898325686,-0.021963327299316937,0.0032798519847272154,-0.008767031472608267,-0.002333536180994411
2021-03-09,1.003006282456184,1.003006282456184,0.9949576005999464,1.0014108676950535,1538394101.6229043,9122212367.50349,-0.0024514919237813,-0.0024545017501571,0.1370038595955161,0.1283966093057475,0.0056105363096302,-5.1831089651522335,-0.380791457335321,-0.004867596449111052,-0.039859209692021835,-0.019710221310647036,0.004055745638042965,-0.006261367677655727,-0.0015811564638421594
2021-03-10,1.0017895864080708,1.006407180146781,0.99625282374978,1.0060564057888313,1498425261.8865178,9141549354.107853,0.0046389930882919,0.0046282661219439,-0.0259808846733239,-0.0263243499401114,0.0066664496558867,-5.010667846243059,0.1724411189091741,0.009139897858272308,-0.04220172690718371,-0.057877595974903606,0.0037896616126523934,-0.00621904302637688,0.0005805052819423118
2021-03-11,0.9976534890848447,1.0072691122503965,0.9929348376937072,0.9997108593227464,1530239356.8853145,9239824100.910025,-0.0063073466155304,-0.0063273219647932,0.0212316862295438,0.0210094343307137,0.0100537985558078,-4.59980475013609,0.4108630961069694,-0.008945189789553616,-0.03366375834585966,0.02362081734706134,-0.00042789209123727075,-0.014680433763935241,0.00392502673753814
2021-03-12,1.0003712206509063,1.0103762611985212,0.99507682675446,1.0035272140058455,1637849691.3486395,9346890140.473894,0.0038174584656252,0.0038101904620523,0.0703225505076261,0.0679600521197199,0.0106100235188142,-4.545956109693838,0.0538486404422515,-0.0013052349670445913,-0.03908381161549812,0.0706666757283907,0.007570055981482512,-0.007610683648326955,-0.016004835807352347
2021-03-13,1.0013004938797547,1.0092729984763091,0.998646074173171,1.0020713308531248,1861129041.5687523,9431319201.960629,-0.0014507659905994,-0.0014518193705076,0.1363246892553735,0.1277990974672653,0.0074695067756256,-4.896926309376664,-0.3509701996828251,0.000714551483500266,0.03559955919675417,0.0010029468035011035,0.005558653878814454,-0.0017234991180323789,0.007462565442265756
2021-03-14,0.9984177856355008,1.0053385542973416,0.9975111380297472,1.0025160077065995,1901627164.9406672,9451394738.388596,0.0004437576844915,0.0004436592531689,0.0217599760507627,0.0215266071050796,0.0049056579882823,-5.317366048522833,-0.4204397391461691,0.0016917449008523266,0.061232442000857645,-0.21202882513719334,0.002981523296610137,-0.002974465197031151,0.006135728713652977
2021-03-15,0.9941177596937985,1.0072295200672583,0.9933376756494467,1.0032604044122948,1686461532.3547444,9505313137.171892,0.0007425284982711,0.0007422529603738,-0.1131481693955692,-0.1200773561680097,0.0080040760145165,-4.827804365239707,0.4895616832831253,0.0002533281932388067,0.02902834444457625,0.0035777823747320525,0.007521059071803727,-0.010473813959709588,-0.013387814177789004
2021-03-16,0.999532705958448,1.0069875514775288,0.995486677873056,1.0048187796517185,1870289862.135553,9547404134.262749,0.001553310817979,0.0015521056785397,0.109002385322205,0.103460859242567,0.0074314114284219,-4.902039474844791,-0.0742351096050839,0.003019219490939763,0.028080836769735384,-0.011668613117123527,0.008183030341303734,-0.0022378425958144987,-0.0029673538072385597
2021-03-17,1.0061237229622233,1.0272110906663658,1.0004011039843603,1.00385934600226,1616084640.9306276,9567966192.135536,-0.000954832521931,-0.0009552886648867,-0.1359175528624564,-0.1460870898030377,0.0186479408172959,-3.9820195509293934,0.920019923915397,0.006201186118466877,0.009768515094254582,0.6659907432800289,0.004507790134939321,-0.0070390064847636324,0.1073914913574332
2021-03-18,1.0110834783514284,1.0110834783514284,0.9978727828971284,1.004253919891397,1610007692.9339929,9696958244.897123,0.0003930569463821,0.0003929797197362,-0.0037602906696367,-0.0037673783359661,0.0082911158643319,-4.792570715234329,-0.8105511643049348,0.0038737457864308172,0.006568797537326532,-0.00413940009995839,0.002761354092329584,-0.005852093032636674,0.0029234349272386773
2021-03-19,0.9959824477736416,1.0063312181725514,0.9959824477736416,1.0021651774690217,1465246647.7568817,9842171658.498505,-0.002079894716867,-0.0020820607017518,-0.0899132630312506,-0.0942153686631867,0.0062154458070385,-5.08071782577324,-0.2881471105389108,0.0008631878802036686,-0.0142683193074582,0.004926086190273349,0.00158582689568064,-0.009463727313089976,0.001171978828851561
2021-03-20,1.0004913221937346,1.010296082409366,0.9998072553827696,1.0044521993674205,1310672818.5181315,10039649328.768152,0.0022820807884931,0.0022794807969729,-0.1054933853459991,-0.1114829812546668,0.0069589217302438,-4.967730740453285,0.112987085319955,0.006025785034741447,-0.046913349921638314,-0.01237675765519164,0.0023983730795081697,-0.0136950284107904,-0.0007421333132509034
2021-03-21,1.003723821264281,1.0080536107172775,0.9901960482788869,1.002255420232388,1198521692.1777267,10076408656.86792,-0.0021870419880767,-0.0021894370571204,-0.0855675991413361,-0.0894517331193935,0.0126058023983845,-4.373598063217588,0.594132677235697,0.00815248941583971,-0.06331358454395897,0.08346625413910136,0.004801388202615306,-0.014894876366252419,-0.003984915956545265
2021-03-22,1.0037714831149225,1.0069450578806594,0.9942650209782466,0.994487605695334,1247503531.0126712,10183739898.547089,-0.0077503342763193,-0.0077805242062141,0.0408685459384083,0.0400555049430297,0.0068515142955056,-4.983285586101962,-0.6096875228843741,-0.005060240358677089,-0.04166156554368072,0.012036540444388066,-0.014254164950653877,-0.018795508659515292,-0.04349193226274206
2021-03-23,1.0015369136322658,1.0036550804213225,0.997876139008523,1.0022889713970569,1700912294.9155033,10303212277.736406,0.0078446082757042,0.007813999308898,0.3634528902172915,0.3100203720775703,0.0040564743813078,-5.507441061616164,-0.5241554755142017,-0.003818693474634845,-0.016551438722672174,0.003198540389813598,-0.0004285208406898156,-0.010230403417143208,0.04875271118628355
2021-03-24,0.9941791643737417,1.006573512439756,0.9941791643737417,0.9942518812122692,1635147606.7197185,10320296335.909216,-0.0080187355285223,-0.008051058497113,-0.038664361703054,-0.0394316715746206,0.0087608246634023,-4.73746523880689,0.7699758228092737,-0.01678720951448545,0.0018765573077708098,-0.9062426346388444,-0.011323225277311387,-0.014377476619184648,-0.030190502166612898
2021-03-25,1.0006360078504466,1.0051121737444113,0.998178038722888,1.0011937471948027,2050954597.84398,10446451169.32932,0.0069819993441395,0.0069577380494858,0.2542932450963342,0.2265722626368242,0.0048828735177308,-5.32202139681215,-0.5845561580052596,0.005218679515203791,0.04245210864266724,0.28142643726666705,-0.0047865391251335,-0.03621709151265762,-0.08934819097516655
2021-03-26,0.9977457417607848,1.0057581322457505,0.9970828750503008,1.000692724385249,1678656520.293206,10662446892.373468,-0.0005004254281026,-0.000500550682696,-0.1815242901730462,-0.2003115590597396,0.0058449747874053,-5.142172997599421,0.1798483992127284,0.0002012830279541621,0.019916350893197432,0.026715819093507065,-0.004521295557531846,-0.03986939691567315,0.0007169996974831783
2021-03-27,1.0051407053671022,1.0051407053671022,0.9971718662245252,1.0002059816881157,1613435588.650763,10836035032.156649,-0.0004864057520077,-0.0004865240856592,-0.0388530535306002,-0.0396279717436284,0.0047245575262771,-5.354981367653775,-0.2128083700543541,-0.003510944529697297,0.027591476485223865,-0.1322730141498969,0.007558144485777752,-0.01723152669646666,-0.010760912813609469
2021-03-28,0.9987584235187102,1.0024829083734212,0.996834696636172,1.0017357182098672,1285512808.54471,10930711849.3176,0.0015294214889314,0.001528253115025,-0.2032450395991815,-0.227208099910763,0.0035411279235711,-5.643309980108103,-0.2883286124543271,-0.0020301753121902627,0.007788920976892655,-0.3318460877640126,-0.005249454317039618,-0.02412233134993258,0.008691884992761967
2021-03-29,1.0005066652617398,1.0078475294969174,0.9938365110303023,1.000261301365852,1323203164.753397,10909869160.605734,-0.0014718621061552,-0.0014729463592296,0.0293193159633742,0.0288977254904657,0.0098979388901731,-4.615428736428552,1.02788124367955,-0.0012744665566366117,0.0067288980116302355,0.09945565907570941,-0.011037343840327233,-0.016721274490773652,-0.02825400104424247
2021-03-30,1.0019695853989534,1.0052436791573944,0.9977185799287674,1.0010171026091652,1560644361.08746,10810665557.43779,0.0007556038030076,0.0007553184781734,0.1794442476097875,0.1650433509313824,0.00528022042317,-5.243787435322832,-0.6283586988942798,0.006854428429828902,-0.012504337240311969,-0.09920166408987008,-0.018886938276638232,-0.00836543529049294,-0.07824598062334553
2021-03-31,1.0020288141314917,1.0072395391433806,0.9902616209267212,0.9983176637507508,1417054011.5452793,10875549428.199856,-0.002696696041834,-0.0027003386767984,-0.0920070921488651,-0.0965187111479833,0.0117972103571313,-4.43989218587246,0.8038952494503722,-0.0023195586491984023,-0.01975816778213968,0.32471154282784465,-0.006765011327550117,-0.019108720468924645,0.10116537131758374
2021-04-01,1.0002559912611213,1.0023362880654427,0.9957166159169908,1.0015297371333391,1533979018.6340213,10840989855.565992,0.0032174862763825,0.0032123212433962,0.0825127384955757,0.0792849484886188,0.0046181485623161,-5.37776139829528,-0.9378692124228198,0.0037853711816275473,-0.04845637959004634,-0.011437391835208643,-0.004748901528114781,-0.009858418958920367,0.006790931251873911
2021-04-02,0.9993223872381668,1.0028449839696705,0.99461884502645,1.0019939221542855,1486374345.103717,10905654179.46844,0.0004634760244612,0.0004633686526235,-0.0310334580538755,-0.031525196122863,0.0055827985591625,-5.188065094414914,0.1896963038803658,-0.0031356001216156703,-0.018639135609625157,0.005780416725256643,0.005093695309948367,-0.010278843648993785,-0.000987061051207938
2021-04-03,1.003217783791054,1.0034974169379616,0.9951991027168317,0.9963287397101404,1593206846.1417274,10842069843.54266,-0.0056539089897521,-0.005669952835392,0.0718745593194127,0.0694090402415061,0.0040168086461026,-5.517267560760875,-0.3292024663459614,-0.002435668029469148,-0.0019812510224568314,0.004958820088228677,-0.012334023208476368,-0.006427432039725289,-0.03815646894830671
2021-04-04,0.9954684047379396,1.0032150175964856,0.9954684047379396,0.9996163554738566,1418012957.52909,10959729909.81071,0.0032997299311798,0.0032942977688694,-0.1099630528433297,-0.1164923034584395,0.004833803344713,-5.3321216792178445,0.1851458815430309,-0.0008902550867669232,0.012906593521513798,0.006461954741599385,-0.005209961079150547,-0.01349085113814752,0.03780757101920873
2021-04-05,0.9999518195039208,1.0042190227495031,0.994699756058668,1.0008183679862577,1205090340.7715926,11010630355.622255,0.0012024738349056,0.0012017514422913,-0.1501556213763507,-0.1627020302318686,0.0067132767917922,-5.003668102670538,0.3284535765473064,-0.0011496150029649838,-0.011497061800582742,-0.03566252206323295,-0.0005366038158066918,-0.006139417778680212,0.007763684860364162
2021-04-06,0.999116695246782,1.002578695808969,0.9984867227469773,0.9992304462393936,1366932118.6802416,11001772888.900532,-0.0015866233051449,-0.0015878833248619,0.1342984608150002,0.1260143636349235,0.0028910596235812,-5.846132192299895,-0.8424640896293569,-0.0027966088865672245,-0.019146829752347827,-0.008795648698916025,-0.001590952976485413,0.0029853646020150393,-0.0006438852282473206
2021-04-07,0.999491542931037,1.0038929569813877,0.9936599556659486,1.0010201816822315,1548215720.7975078,10964255948.8509,0.0017911138011992,0.0017895116696561,0.1326207787789006,0.1245342206169551,0.0071822160628286,-4.936147299694715,0.9099848926051796,0.0007637031496044741,0.013004219736110656,-0.4665876482673674,-0.00198211097481671,0.004216510190371281,-0.0004015964942851724
2021-04-08,0.998614824789892,1.0040966920098753,0.9984643143194498,1.0011820827605191,1620527102.2679577,11079058221.949566,0.0001617360781034,0.000161723000234,0.0467062699978277,0.0456483481137717,0.0036434687112112,-5.61481910845461,-0.6786718087598951,0.0018592270959118075,0.008489247524767762,-0.010075569030701281,-0.0006066023554214532,0.0017689320529328256,0.001022526223070308
2021-04-09,1.0012364189413716,1.0023973022137895,0.997884736222066,1.0002060956863013,1397538792.8976085,11164613993.643816,-0.0009748347388787,-0.0009753101992847,-0.1376023326350253,-0.1480387836490416,0.0031255884749638,-5.768132701533814,-0.1533135930792033,-0.0030065433523415942,-0.0087145990650761,-0.020174892336041417,0.00255534273770752,-0.002173272358763967,-0.0017707623963438834
2021-04-10,1.0012366370700765,1.002176598537538,0.9947383767492458,1.0010019285851128,1534424429.6826978,11185837361.51751,0.0007956689148804,0.000795352538179,0.0979476473073603,0.0934426619026679,0.0052657512643106,-5.246531453298069,0.5216012482357444,0.005543321054667456,-0.0058084793588832895,-0.0871590247590861,0.0006302752241140534,9.024780740674032e-05,0.0017623626836642536
2021-04-11,1.0005862052699754,1.002294390320414,0.9988905804050414,0.9998040782958832,1319546611.566542,11199485058.227964,-0.0011966513300556,-0.0011973678889629,-0.1400380585445907,-0.1508671448354432,0.0023558227689953,-6.050865241406359,-0.8043337881082895,-0.00014775924248445343,-0.00980601042661533,0.11935452137539926,-0.0014955898693241015,-0.006887309320564583,-0.0005279946382188427
2021-04-12,1.0017476148725126,1.0025676241681365,0.9914271251993532,1.0015829028606271,1416280341.9877448,11138955010.8171,0.001779173143378,0.0017775922896382,0.0733083087579318,0.0707457557946099,0.0079006680484647,-4.84080795998762,1.210057281418739,0.0024653464870970734,0.020915073900965808,0.16869972280537482,0.0031651187778791814,-0.009705621167174883,-0.0022395834871336007
2021-04-13,1.0001568131189005,1.0022872615857994,0.9974777785652263,1.0009342745153231,1695871698.1788633,11041861049.538418,-0.0006476032522634,-0.0006478130378263,0.1974124386974918,0.1801629275439276,0.0033667619987814,-5.693803827734203,-0.852995867746583,0.001442424729622962,0.03172928635848038,0.00976775939201957,0.006833447178271395,-0.004521192947457564,-0.010693904719754066
2021-04-14,0.9999591810279712,1.0047780737711385,0.994104178523053,0.9998532201141414,3006309355.577564,11341224666.234972,-0.001080045342343,-0.0010806290116111,0.7727221692572221,0.5725163138866453,0.0075515887783429,-4.885997303641774,0.8078065240924293,0.0012393447930469533,0.12965786409386482,0.05372718676869326,0.000320612598357603,0.028653050573026917,0.013545946888391835
2021-04-15,0.9999282376835286,1.003608794740231,0.9970892286068442,1.0004897629723326,2094147235.7730367,11542431360.905106,0.0006366363035952,0.0006364337366734,-0.3034159202918374,-0.3615667755919582,0.0045952086901348,-5.382741107419097,-0.4967438037773233,-0.000746012127346519,0.03873946321876076,0.0021241101725637535,-0.005615406089824612,0.0047793968091447425,-0.009097168809054423
2021-04-16,1.0003032105146283,1.0048517632207763,0.9969320877981308,0.998270644542604,2300311153.285916,11803642045.885317,-0.0022180321197249,-0.0022204955963546,0.0984476707230068,0.0938979746782689,0.0054504037709757,-5.212065586633682,0.1706755207854149,-0.0029667255830169315,0.06992682182298182,-0.01248670034854893,-0.012753359228916867,0.0144683370152201,-0.7251989977786795
2021-04-17,0.9963257685482976,1.0048545392693304,0.9963257685482976,1.0020957554476686,2363515027.6680927,12139375440.529173,0.0038317373409464,0.0038244149344863,0.027476228288461,0.0271055316349404,0.0048421398025527,-5.330398547989094,-0.1183329613554118,0.0015075288969410038,0.06017811071578194,0.014487784753126398,0.006119206685772959,0.015694796596818605,0.09489855195417807
2021-04-18,1.00089168573409,1.0101680772910402,0.9857500942666584,1.0010330303505544,3500534159.0968385,12482178141.46099,-0.0010605025431321,-0.0010610652738409,0.4810712511316499,0.3927656442780679,0.0173020727704924,-4.056928971332185,1.2734695766569084,-0.0007135924285923811,0.14291709058283075,0.6027844303277501,0.0005412956073784295,0.041201482657623245,0.23904697124570262
2021-04-19,1.000143766783842,1.0054234868013796,0.9865322621333832,1.0011715045526794,3294714608.3599744,12648579513.571692,0.000138331301692,0.0001383217347997,-0.0587966125689706,-0.0605960230799138,0.013397261005504,-4.31270499549265,-0.2557760241604647,0.0010140180516752411,0.10858508721014459,-0.0003351928532566717,-0.002546086129813958,0.03859352019411233,-0.009177816694379004
2021-04-20,0.9975623228465864,1.0029652992499871,0.9864304798127896,1.0025993501380772,2585043218.5047174,12893472893.976212,0.0014261748151089,0.0014251587937087,-0.2153969233191076,-0.2425773238775234,0.011329974374484,-4.480303465684932,-0.1675984701922814,0.002636797475538221,0.04755826900711568,-0.003842151347538625,-0.0011684112336233165,0.026112833617037978,0.003318438940673296
2021-04-21,0.9985144878625531,1.0021208579938878,0.9933705291699432,0.9940326548934326,2290635007.4481664,13022557014.095844,-0.0085444851360264,-0.0085811985301053,-0.1138890866307633,-0.1209131518223103,0.0055353595135523,-5.196598762166232,-0.7162952964813005,-0.005913455968203284,-0.038099266188662995,-0.01858015006828495,-0.007520954648945411,0.01920575100081834,-0.037013307237952375
2021-04-22,1.0002317560040774,1.007566440341637,0.9904017219724188,0.99607594985767,2975940344.9118147,13068429118.608252,0.0020555612073493,0.0020534514320975,0.2991770121539783,0.261730996421739,0.0118711630301096,-4.433643094527695,0.7629556676385372,-0.004234933983225643,0.04673890396802349,0.011379056161646695,0.001906073291444174,0.022985156136293483,0.03554534874252813
2021-04-23,1.0025994493687589,1.0099477843764433,0.994811348370563,0.9987520587325474,3704726578.477571,13112941446.223255,0.0026866514298029,0.0026830488330222,0.2448927562717497,0.2190493866656844,0.0104070433247758,-4.565272459293292,-0.1316293647655966,0.002432277425199136,0.07020432389436593,0.007875569790436465,-0.0018845262777624147,0.03621925144395988,5.294119081789006e-05
2021-04-24,1.0011830450633254,1.0053654438328286,0.9971681396055904,1.0001805272422848,2556402764.130769,13405906686.441784,0.0014302533819556,0.0014292315437963,-0.3099618257978696,-0.3710083579905757,0.0057554841510178,-5.157602113323687,-0.5923296540303955,-0.0007107774693322659,0.00926836738198844,0.003505456888476921,0.0024373138534635754,0.008649943187680975,-0.0015508723389343615
2021-04-25,0.9983083850815774,1.0037345972306555,0.9800678331303946,0.9975213757078424,1445349101.639176,13561203934.731125,-0.0026586715717954,-0.0026622121158803,-0.4346160464543914,-0.5702502148370805,0.01686524748307,-4.082500136216867,1.0751019771068204,-0.0026254576170656294,-0.10346964158924976,0.20221984846090857,-0.00760923821828356,-0.0039833908018032105,0.19087820135338918
2021-04-26,0.9995893452719632,1.005690402966415,0.9962160321823018,0.9986965402529188,2193669767.5281467,13664654290.254698,0.00117808457412,0.0011773911770216,0.517743889722073,0.4172249491412532,0.0066699800281456,-5.010138413340097,-0.92763827712323,0.0011363431360002253,-0.060177012496890114,0.0024076648330773054,-6.196211372343074e-05,0.009877483451244728,0.02505840786109159
2021-04-27,1.0003851319007058,1.0044505509777448,0.995146170835907,1.0044505509777448,2075484070.0896027,13821729038.30873,0.0057615206350558,0.0057449865522827,-0.0538757926046986,-0.0553814210909803,0.0060786548549554,-5.1029718484427296,-0.0928334351026327,0.005927293167164153,-0.02912473795133863,-0.014725030869453981,0.0039341396123921315,0.013292952938705582,-0.006575168011388133
2021-04-28,0.9985809680430195,1.003872163507386,0.9976666712805916,1.0021050761464494,2031654159.2720344,13862509230.56779,-0.0023350824279128,-0.0023378129844299,-0.0211179220545287,-0.0213440952432972,0.0037987306968823,-5.5730882951855,-0.4701164467427707,0.0018711344253939046,-0.015134112723753645,0.013776601126314958,0.00013521526947303495,0.011772744847558414,0.006569070554784062
2021-04-29,1.000601652273028,1.0068340866919427,0.9953207024056816,1.0012616501670035,1861951427.64996,14214354842.31932,-0.000841654233196,-0.0008420086229832,-0.0835293402903183,-0.0872252256248756,0.0081221871704794,-4.813155805107981,0.7599324900775191,-0.001335221688588657,-0.06784368734869872,0.000737625940200104,-0.0007659039122505959,0.004965290680413403,-0.0002399768730123597
2021-04-30,0.9989062553254248,1.0196315244842362,0.9963389268434314,0.9994829725543536,1837409130.9519715,14619441380.277866,-0.0017764363714052,-0.0017780161056381,-0.0131809543114475,-0.0132685940586342,0.0163366650995541,-4.114343304654883,0.6988125004530978,-0.0016995069673777104,-0.1251880168391395,0.27597631617439156,-0.0007731196513733467,0.006886170599766928,0.26878935773427104
2021-05-01,1.0006250508530372,1.006976992695778,0.9964629909355868,0.9987679014782432,1839830336.208125,14723643205.79992,-0.0007154409787321,-0.0007156970287622,0.0013177278894327,0.0013168604479883,0.0073314624388563,-4.915580268815217,-0.8012369641603332,0.00046018913535540273,-0.05253271983113805,0.0006606758626972464,-0.000555015734062324,0.004980756739023207,7.146340043551191e-05
2021-05-02,0.9998394290815192,1.0026075226753397,0.9979877522807092,0.9995427485661892,1461166389.002179,14709957884.890808,0.0007758029536182,0.0007755021740605,-0.2058146013541495,-0.2304383454378114,0.0032604915807334,-5.725877303335422,-0.8102970345202056,-4.6616935345176903e-05,0.0011898731560719966,-0.48737915240750196,-0.0036699738089703317,-0.0004095721662409346,-0.003257155319984495
2021-05-03,0.9995728726863572,1.0029557480707307,0.9954582614909564,1.000526738834329,1742330723.5872986,14622070872.41624,0.0009844404049266,0.0009839561612511,0.1924245840181999,0.1759886998670459,0.005272533239189,-5.245244341375348,0.4806329619600742,0.00014154239967378754,-0.0345213576613439,-1.1678092889155778e-05,0.005068494221110885,0.0024204895978314767,-0.0030436958914199508
2021-05-04,1.0005111834449931,1.004561152746838,0.9887433258292222,0.9995735151628746,2976718312.212501,14745520182.060345,-0.0009527218358651,-0.0009531759637747,0.7084691625500996,0.5355977429810509,0.0112075576753614,-4.491166935808153,0.7540774055671946,0.0009934639286720514,0.06778565805680259,0.2351217179669849,-0.00037839415085287733,0.024955386540309377,0.00634151851102116
2021-05-05,0.9925838588469664,1.00737542251073,0.9925838588469664,0.9988433658484868,3097098011.568298,14945990516.253534,-0.0007304608448622,-0.0007307277613745,0.0404404067599941,0.0396440915544522,0.0097024411309544,-4.635377762149623,-0.1442108263414692,-0.0017587749218869874,0.07462577008042359,-0.0008612761767734511,-0.00027360847228404835,0.02947804265038556,1.6852155547031344e-05
2021-05-06,1.00044951372441,1.001409031975935,0.9956921960163698,1.0013286740904654,2581550570.973131,15056157125.786116,0.0024881861630701,0.0024850957531609,-0.1664614547778246,-0.1820753328429492,0.0040113118740684,-5.518636940525239,-0.8832591783756163,0.002422135433917616,0.047424854876123135,-0.0011363348992188271,0.0018363785612292266,0.018476174088061015,-0.000814001513398388
2021-05-07,0.9970996598410437,1.0108442586817998,0.9967228969266674,0.9978326030845756,2406861983.2066083,15054041610.69614,-0.0034914320306121,-0.0034975413036438,-0.0676680866649352,-0.0700663975080117,0.009937347953852,-4.6114550993600405,0.9071818411651984,-0.0027946047096214298,0.03599775408359207,-0.3342187295450967,-0.0007836136673794402,0.012858355645363417,0.0006809880866329721
2021-05-08,1.002232752316804,1.00318822751697,0.9969444276392776,1.0015523758874574,2157015335.854333,15293373192.358454,0.0037278525389758,0.0037209213170745,-0.1038059718818651,-0.1095983402116188,0.0043945323015941,-5.427394169527124,-0.8159390701670839,0.0017117560089387096,0.019502714624838546,0.0038902837493557385,0.00031551699262813806,0.00795086782092369,0.0001269235341454511
2021-05-09,0.9992965772689476,1.002365174385572,0.99211922261505,1.0013084149585385,2646432201.9694777,15493404394.206287,-0.0002435827968584,-0.0002436124679662,0.2268954040242372,0.2044869168011676,0.007156733104491,-4.939701672455038,0.4876924970720866,0.001734778288098418,0.06968670914535124,-6.301695315080735e-05,7.168666534624888e-05,0.0182676020799164,2.3287304195207525e-05
2021-05-10,0.9992296222656204,1.0034746949491142,0.9947301430386426,1.000709324140044,2719290157.708732,15707253771.451733,-0.0005983079833792,-0.0005984870410253,0.0275306337661072,0.0271584808281168,0.0061202092150201,-5.096158997581398,-0.1564573251263601,0.00019801985333184463,0.05399925548721285,0.0023535499472782107,0.0001230391697924375,0.01702792670288389,-2.466426652691922e-06
2021-05-11,0.9990277428398572,1.0025668165967263,0.995310088617717,0.9965915647339616,3539939906.9072814,15753007956.91854,-0.0041148406502766,-0.0041233299030165,0.3017882247218615,0.2637388767333547,0.0049074994760755,-5.3169907385736215,-0.2208317409922235,0.004029520234620811,0.02985509335022485,-0.1856963574805892,-0.005160346784916838,0.031149327359170087,-0.006607869891043894
2021-05-12,1.0018008648423171,1.0018008648423171,0.9911226255947791,0.9911226255947791,2628433043.037332,15765512198.838345,-0.0054876434165308,-0.0055027558447667,-0.2574921856982313,-0.2977218840485161,0.0036135508791244,-5.623064367051318,-0.3060736284776961,-0.00936642578258939,-0.024780190692030857,-0.025315463788485815,-0.009073813884215633,0.01660424418634676,-0.014120008435039466
2021-05-13,0.9903801200955846,1.0045970185348712,0.9802205495625445,0.9981604440624022,4994365962.08603,15912140831.174574,0.0071008554197817,0.0070757630607201,0.9001305646023618,0.641922602023176,0.0166746780019075,-4.093863997597326,1.5292003694539913,0.0010633042972476026,0.12148196675045142,0.5410453307732319,-0.001800430193341161,0.04383524726886634,0.01993144486029097
2021-05-14,1.0058820331884666,1.0058820331884666,0.9939143447530816,1.0009762304661705,4348083091.489804,16150352226.162556,0.0028209757464523,0.0028170042615931,-0.1294023857086933,-0.13857539017173,0.007899086473359,-4.841008162479214,-0.7471441648818873,-0.0012545091662678645,0.08804239522017454,-0.17476065015219833,0.0010475191546159281,0.017295850488341813,0.0005294461748079904
2021-05-15,1.000080026957766,1.009712828881711,0.996599606476359,1.0008862307786472,3552174104.120113,16404340697.055494,-8.991191277474275e-05,-8.99159550930757e-05,-0.1830482469222972,-0.2021752396263379,0.0092298280161835,-4.685314863773848,0.1556932987053656,0.0015895085569148555,0.058807156757314516,0.13702722870051032,0.0005826737524031195,0.018461323693141907,0.00018697446902704584
2021-05-16,1.004758809924604,1.0050841199690737,0.9860429702830076,1.0050841199690737,3677819182.99927,16508716917.50413,0.0041941721859442,0.0041854011620186,0.0353713177328283,0.0347601234724788,0.0135230408718791,-4.303360317098147,0.3819545466757006,0.005841914097828321,0.04135330828762207,-0.0141203528088103,0.008752237489824583,0.017134160967824386,-0.019176271087092633
2021-05-17,1.0109887312805184,1.0109887312805184,0.9895519119278566,0.9895519119278566,4726125648.8464365,16617846437.73621,-0.0154536398820975,-0.0155742919985511,0.2850348028780116,0.2507858019321795,0.0072268757701686,-4.929948456510977,-0.6265881394128296,-0.009530322419806931,0.07587039901150305,0.01879995325275674,-0.011394340947054401,0.028720632478517416,-0.013834238757850503
2021-05-18,1.00158809071858,1.0039774651932964,0.9834865092082116,0.9994940659132118,3725008424.990524,16871909439.808475,0.0100471272557958,0.0099969904138966,-0.2118261972362642,-0.2380366515615406,0.0145230650951643,-4.232017197154551,0.6979312593564257,-0.00230530734402736,0.006715266245766571,0.03599644310147454,-0.0006498185650109099,0.002686354128520918,0.03299009438712419
2021-05-19,1.0017199118044835,1.0361937546193278,0.988341273296564,1.003340511933558,5375123130.948081,17158573124.042591,0.0038483930535715,0.0038410069327567,0.4429828117668632,0.3667123682633166,0.0334178781755055,-3.398664247492155,0.8333529496623964,0.013001394672785693,0.09470142928383041,0.5665084782047578,0.005775597943789922,0.02455942515963372,0.3374971539104439
2021-05-20,0.9966865371407988,1.0075472106872188,0.9848854322998826,0.9970887419723352,8829895457.515642,17956359662.612934,-0.0062309553804171,-0.0062504488001656,0.6427336160312662,0.4963616932451252,0.0160838972505066,-4.129936678272249,-0.731272430780094,-0.008780305551568007,0.11882616331443074,-0.051180676976497974,-0.0014288873774943144,0.07029366034627671,0.003918193882002541
2021-05-21,0.9966054290755558,1.0218846904752634,0.9781390694759972,1.009075300072542,5672390481.973218,18813783769.44973,0.0120215559514755,0.0119498709857325,-0.3575925661560224,-0.4425325444302735,0.0299565115833338,-3.508008562915569,0.6219281153566798,0.008954343247921112,0.03795425937395791,0.10097699437839536,0.008802637850897943,0.03609932482988043,0.025931733086196118
2021-05-22,0.9997359780539984,1.0078372427203606,0.9918312570060092,0.99791356536675,6462858229.752337,19682991879.78489,-0.0110613496386143,-0.0111229812739984,0.1393535494940299,0.1304610397186853,0.011263114992397,-4.486222052220223,-0.9782134893046536,-0.006836136854326001,0.07867820342269027,0.003944790349586835,-0.004684690914099945,0.035905680470254,0.006529285426655207
2021-05-23,1.0117285981988722,1.0117285981988722,0.992454905370296,1.0059555355677656,4820657460.094605,20146122449.88889,0.0080587843277388,0.0080264857342161,-0.2540982195923339,-0.2931613490984545,0.0131272436090759,-4.333065543469427,0.1531565087507953,-0.004990922400050114,0.029275132418955963,0.002557177195440019,0.004755525646965507,0.011223949859246574,-7.81067479338482e-05
2021-05-24,1.0013578344793177,1.0162984775157051,0.9950207658622638,0.9978692504111534,6866334463.6224575,20641482422.6798,-0.0080384121073983,-0.0080708943294336,0.4243564328023641,0.3537200856032251,0.0148034294232063,-4.212896407270274,0.120169136199153,-0.0037198539015131787,0.0526201768475012,0.001292383866759117,-0.00043997555097298474,0.04220338262594936,0.002612298918688083
2021-05-25,1.007365824170303,1.007365824170303,0.9947102244186772,1.0014334325361176,5370954712.56945,20852058141.72277,0.0035717927208356,0.003565429017932,-0.2177842863576576,-0.2456247278285723,0.0081511984418847,-4.809590314455855,-0.596693907185581,-0.00028602829746251417,0.03866452195660486,0.0016009784421635587,0.0018431452221979638,0.036949054658432345,-0.00037241404201227013
2021-05-26,1.0001671117598514,1.0039158104616417,0.9941750655097836,1.0017911608143937,3970292198.647126,21174387548.218044,0.0003572162329052,0.0003571524463767,-0.2607846442354847,-0.3021659853794718,0.0068202372933183,-4.987861013990362,-0.1782706995345071,0.005108523132479301,-0.03290622837029744,-0.28126719691224267,0.0014045008423425273,0.016283673022080336,0.0001656372629441627
2021-05-27,0.9996993852391354,1.007507852747619,0.9932056847288656,1.0015012806999226,3771071296.4169807,21795206873.555817,-0.0002893618209162,-0.0002894036941257,-0.0501778942864784,-0.05148056906602,0.0100475778708993,-4.600423681394828,0.3874373325955345,0.004900500456952281,-0.12836439158549595,0.000424460796554893,0.0029201946409896135,0.015297489698909317,-0.0007626109064124975
2021-05-28,0.9986646767397496,1.005059655621248,0.9815948709570206,1.0007960281044068,3334122663.627004,22015159252.719845,-0.0007041954005519,-0.000704443462596,-0.1158685684901094,-0.1231495492173893,0.016651706993607,-4.09524254567216,0.5051811357226681,0.0010597682480039442,-0.0654011862655679,-0.2260307479046535,0.00019424008920916635,0.011593903303023012,0.0009874978402599766
2021-05-29,1.0078987296740003,1.0078987296740003,0.9953386933649404,1.006224298020172,3708980601.075786,22203943861.41012,0.0054239522972996,0.005409295642151,0.1124307577337286,0.1065474928819091,0.0088066253247129,-4.732250962960014,-0.6370084172878538,-0.005455344215446253,-0.08294732478231026,-0.009256143457735622,0.007299350334003916,0.016214196120127866,-0.0062254559526842
2021-05-30,0.9962843772448616,1.0089386799935425,0.9947236060813328,0.9985550975900536,4858448564.72277,22360604397.28525,-0.0076217603224333,-0.007650954372276,0.309914795271127,0.2699620933199864,0.0099330971425516,-4.611882952017054,0.1203680109429594,-0.002802860743771324,0.0011861128844365965,0.007095315421680848,-0.002070802878167453,0.025966368969342568,0.005731300431397024
2021-05-31,0.9961074761976132,1.0122834975373372,0.992029745876789,1.0028414939783263,3255601592.69962,22528041590.90748,0.0042925987745872,0.0042834118535948,-0.329909219099577,-0.4003420818943639,0.0136639474953164,-4.292994484499188,0.3188884675178665,-0.004501364402133906,-0.12020278721144706,-0.12676895732464954,0.0029980483769129385,0.011940599937243945,-0.0005469914629463446
2021-06-01,1.0054390756432532,1.0061502064339465,0.9954632411776788,1.0018823880311944,2882200099.185407,22697841665.35888,-0.0009563883753224,-0.0009568460064899,-0.1146950825775273,-0.1218231538538767,0.0072224378738593,-4.930562727411055,-0.6375682429118674,0.0017135207608153203,-0.09215567137441738,0.007129632575401779,0.0023078371175487733,0.01184330381243015,0.00042625415399655253
2021-06-02,1.0022774075391947,1.007246548892358,0.9983434051330428,0.9995696307800154,2527248118.9936094,22697819997.637745,-0.0023084119242019,-0.0023110804144486,-0.1231531357909943,-0.1314229150732577,0.0060486172177493,-5.107925592112674,-0.1773628647016192,-0.00012980190085732534,-0.057601333572133484,0.0011913377527910107,-0.0009415146906410202,0.006482087861314767,0.0005162609879749702
2021-06-03,0.9980672301665288,1.0042572661088998,0.9965614819526052,0.9997741356618084,2639899932.631272,22811219044.07713,0.0002045929322938,0.000204572006014,0.0445748926632982,0.0436100013715465,0.0053348566605235,-5.233493262345017,-0.1255676702323427,0.0011103257494346113,-0.04759299681982654,-0.000495881673005627,0.007217887599678522,-0.002776404139911648,-0.005987700950190966
2021-06-04,1.001550389732694,1.0030380940069696,0.9917195533332188,1.0014735209293837,3323692132.813062,22793618158.06415,0.0016997691848172,0.0016983262120921,0.2590220150883646,0.2303352410795946,0.0080243946879269,-4.825269041106625,0.4082242212383917,-0.006395261646107584,-0.0004495669270809799,-0.4439488569971166,0.001023023639327131,0.0018686704916177632,0.005969089977704289
2021-06-05,1.0003615886944697,1.0073174782803174,0.988591597016676,1.0017695690274977,2700117700.633084,22921703493.013023,0.000295612506898,0.0002955688221298,-0.1876149797460951,-0.2077808883258848,0.0132398998460915,-4.3245202929964845,0.5007487481101407,0.005490548013112646,-0.04446699972670132,0.1609511498198808,0.004672559480573752,0.0009764064530308758,-0.0024218014186327963
2021-06-06,0.9999272010477146,1.0087008193964306,0.9973331080152904,1.0008340800382902,2154914579.3352323,22968923263.12629,-0.0009338365010584,-0.000934272798005,-0.2019182797735151,-0.2255442804766421,0.0079942628369748,-4.829031139952203,-0.5045108469557187,0.004733851777075291,-0.1299390208225617,0.00552883474184096,-0.0013965310425397299,-0.0020759405985586454,0.0023167524897047542
2021-06-07,1.003039120569114,1.010132570166289,0.9798975601119048,0.999209560248424,2100099272.1292088,23084353465.95605,-0.0016231659395572,-0.0016244847006294,-0.0254373457452468,-0.0257664683560185,0.0213562116628812,-3.846412637226367,0.9826185027258364,-0.006215089602983834,-0.061137571456512774,0.2485851415056568,-8.708206489347318e-05,-0.0004695617521157658,0.00022579471535788542
2021-06-08,0.9952776285196064,1.0094227188833742,0.9919402336813984,1.0022263469919557,3516993855.949688,23108756679.631508,0.0030191732180602,0.0030146246675414,0.6746798128185365,0.5156219904780455,0.0115723566846462,-4.459136069266342,-0.6127234320399753,-5.094582350833586e-05,0.03404857700919095,0.016423675015064365,0.0029945469815426044,0.0071582036169317576,-0.0010422067003870161
2021-06-09,0.9992215085484548,1.0092297227309452,0.996369470638904,1.0022887174952608,3723504082.8703,23257320940.05392,6.223195338295184e-05,6.22300170552748e-05,0.0587178241927432,0.0570585761494786,0.0088659757837247,-4.725534274027239,-0.2663982047608968,0.004220742414066075,0.061173931480574595,-0.007506925492038352,0.003258832479513704,0.008194015360434292,-0.00019247903291530477
2021-06-10,1.0017006731647482,1.009593454930386,0.997145220987406,1.0023300172042422,3441537492.611196,23265759908.123493,4.120540145824414e-05,4.1204552539009433e-05,-0.0757261396747944,-0.0787468656206587,0.0087640955874381,-4.737091950480673,-0.0115576764534344,0.0007781178040225728,0.038995017805973475,0.007254678443854079,0.000528061693935827,-0.0007999666730640342,0.0012031636209473007
2021-06-11,0.9952045609138293,1.0086863816252896,0.9952045609138293,1.0013898293848422,2733215717.427307,23379074641.81805,-0.0009380022580012,-0.0009384424574127,-0.2058155044670061,-0.2304394825946663,0.0087006131736183,-4.744361776078934,-0.0072698255982608,0.0010273411288955947,-0.02857482944626355,-0.00018835135364181355,0.011055314320579194,0.0008518131877046642,-0.014375141875767383
2021-06-12,0.9991957442786374,1.0214850381603575,0.998865850737086,1.0039220231745292,2783515879.842154,23584027094.09108,0.002528679356812,0.0025254876266097,0.0184032903418955,0.0182359991492963,0.0155597237520765,-4.163069514112077,0.5812922619668575,0.003987153694795145,0.0040857319738378806,0.31005148649108216,-0.0019504494769990895,-0.018128413852398495,0.013965295849560189
2021-06-13,1.000028133735662,1.0147785519822417,0.9990515323597065,1.001454275952166,2159552559.7735405,23678081565.469963,-0.0024581064718152,-0.0024611325755358,-0.2241637364411216,-0.2538137816311258,0.0110089616651172,-4.509045641040252,-0.3459761269281758,-0.001581292260616464,0.00022672848136195967,0.003007908323402919,0.0013731957612216552,-0.018275022994604484,0.00022308704459739204
2021-06-14,1.0067974593233198,1.0067974593233198,0.9980930964141472,1.0058091999205174,2755321549.618324,23766357944.726406,0.0043485999040853,0.0043391720655724,0.2758761240371283,0.2436330987342819,0.0061095240182129,-5.097906410925968,-0.5888607698857156,0.010525948688178707,0.03152485303008845,-0.3997337461088968,0.0010448689985454106,-0.00673782900854647,9.228480576428666e-05
2021-06-15,1.0053508645710785,1.0063930340263036,0.997978492074018,1.002028396072989,2707822037.4617424,23802993735.75069,-0.003758967255248,-0.0037660499272534,-0.017239190163907,-0.0173895151618345,0.0055691540751766,-5.190512108178647,-0.0926056972526794,0.0028051362886957537,-0.03907830568432402,-0.07088053208926626,-0.0089024522086485,-0.008263605543373131,-0.009168254936707143
2021-06-16,1.0030578923887703,1.0065511195227816,0.9943121171865216,1.0030852547100304,2522445195.669745,23882491138.736904,0.0010547192486594,0.0010541634231049,-0.0684597581478309,-0.070915888744093,0.0086506390894459,-4.750122077594635,0.4403900305840125,0.0013812764207594326,-0.060974149559022806,0.03732072748637316,0.0014936740424269957,-0.019031343413139723,0.009035815999018038
2021-06-17,1.000570206109849,1.0056706617364777,0.9975110846402536,1.000494207949599,3093671214.0520725,23951612780.517696,-0.0025830773089973,-0.0025864192093545,0.2264572563808107,0.2041297340323337,0.0057603664335561,-5.1567541893609725,-0.4066321117663376,0.005301059964988449,-0.018377478869265218,-0.014145805748108309,-0.0012243485808089423,-0.005519750136066648,8.509900231956635e-05
2021-06-18,1.005282515050326,1.0075226777484876,0.9891995072054338,1.0007452474966108,2509563435.929211,23983950195.156933,0.0002509155425558,0.0002508840685158,-0.1888073223391442,-0.2092496727381573,0.0126698648434593,-4.368528952151976,0.7882252372089962,0.0015495492460914908,-0.011996264022609893,0.18922380542584083,0.004063934471272002,-0.02544368158654109,-0.27915217779615986
2021-06-19,1.0006396313201371,1.0063859237386583,0.9967927173403606,1.0019483015856416,2566119386.1072297,24264650354.80121,0.0012021581836538,0.0012014361700963,0.0225361707810656,0.0222859831561525,0.0067238176075299,-5.002099189394103,-0.6335702372421261,0.001918272767767257,-0.011800289395868191,-0.23082206734956046,0.005346751659967187,-0.05797925933356041,-0.0024585491108317648
2021-06-20,1.0020332226806954,1.01167052045859,0.996675848992327,1.0002055036324713,2202735526.7194147,24421605733.443413,-0.0017394090597411,-0.0017409235881908,-0.1416083216373902,-0.1526947820712016,0.010497819586507,-4.556587701810551,0.4455114875835511,-0.0065689782395811115,0.002355081933774983,-0.1600014659604172,0.0004695393254238518,-0.03362440281147627,-0.04553388412286541
2021-06-21,1.0062031082758829,1.0102620786904897,0.9885647636213564,0.993739510698693,3540148294.780239,24567745258.57105,-0.0064646644217568,-0.0064856508605503,0.6071599390112277,0.4744686082567286,0.0132540254924694,-4.323453961938637,0.2331337398719144,-0.011616767900445238,0.041863334513546846,-0.04629887663442922,-0.017940519640727612,-0.029228555573538983,-0.07765557986167337
2021-06-22,0.9995282981708384,1.0159818324928704,0.9914098438046768,0.9994614016850564,4275127371.993835,25152892504.569366,0.0057579384987322,0.0057414249299407,0.2076125111191764,0.188645279114183,0.0173118557274778,-4.056363710024357,0.2670902519142801,-0.0035919699563022123,0.07869626164412935,0.2708982555504842,-0.0018956568668359332,-0.005551465351256724,0.07690072838465367
2021-06-23,1.0041915205808332,1.0234107788243252,0.9954118088261564,1.004457526547759,3929808503.521858,25340765917.315983,0.0049988172172326,0.0049863646120705,-0.0807739368735876,-0.0842231987085566,0.0196142384352998,-3.931499525702711,0.124864184321646,0.0038775775968365304,0.0657468771523888,0.23795256365404827,-0.0028912077667227754,-0.03042415921154884,0.043407930895982716
2021-06-24,1.0051699021475065,1.0082030021186534,0.9921372935830712,1.001068248212332,2727059266.168315,25521876870.18961,-0.0033742375818275,-0.0033799431597225,-0.3060579761776306,-0.3653668611257736,0.0110705295240375,-4.503468699255878,-0.5719691735531671,-0.004200933468747244,-0.016714812333056273,-0.0008497987203539559,0.0009005802429937812,-0.028207399568564995,0.0015474800318910908
2021-06-25,1.0001707846175036,1.0063652474689797,0.988694065712282,1.0022400726581682,2199123087.758735,25563832384.565464,0.001170573982272,0.0011698893947362,-0.1935917509968026,-0.2151651522987054,0.0124606463933168,-4.385179889495157,0.1182888097607213,0.0015981405927539473,-0.014375586178591249,0.004890415564243078,0.0025382273905061627,-0.019351458341869687,-0.0011541133251902203
2021-06-26,1.004869069917349,1.017060110062688,0.9889032842910032,1.0092705437396343,2396173027.834314,25768383319.726727,0.0070147575149532,0.006990268559483,0.0896038703665307,0.0858142085053068,0.0196652693154635,-3.928901178024912,0.4562787114702442,0.007196677514477405,-0.007958139795590569,-0.01613297204375952,0.010564051594267031,-0.015284381210229014,-0.02205469584005515
2021-06-27,1.004215771267567,1.0073964343049264,0.9989579621388086,1.0056128057753035,2078048568.6731143,25814092173.186413,-0.0036241402139587,-0.0036307233203172,-0.1327635590025498,-0.1424436277342323,0.0058849450796868,-5.135357870567166,-1.2064566925422535,-0.0005868355184954704,-0.005879305322789463,0.01684491467762017,-0.002270585333684401,-0.01417063211107461,0.02231869292228872
2021-06-28,1.0041659414561184,1.0075174913120049,0.9967320448059318,1.00423861268272,2153452869.368155,25977093444.97167,-0.0013665230640375,-0.0013674576081608,0.0362861108406085,0.0356432744747836,0.0076102328047116,-4.8782615156301325,0.2570963549370333,0.0047014681824385125,-0.06782796307160055,-0.010892694261722013,0.007952197895244996,-0.017831951526911638,-0.012054739003026338
2021-06-29,1.0030728097699193,1.0043337353725488,0.999569415986672,1.0032073757382003,2354945441.8055325,25433254180.707302,-0.0010268843793657,-0.0010274119863551,0.0935672079493885,0.0894450205623294,0.0033612931956282,-5.6954294994029215,-0.817167983772789,-0.0009805175476434891,-0.10223333982813543,0.006909048947658203,0.007102362470857342,-0.029384088069555503,0.0026804096351442652
2021-06-30,0.9975853305041112,1.0091397272891114,0.9938712605984076,0.998891806659368,3109850530.4312315,25233698394.35284,-0.0043017716807122,-0.0043110509215205,0.3205616041987429,0.2780571038431245,0.0107496824780433,-4.532879061770893,1.1625504376320288,-0.006265391926632511,-0.0470552866018501,-0.21790834696977912,-0.006533145130092884,-0.0017375982317666683,0.00161912642261397
2021-07-01,1.0026719487931834,1.007009578643541,0.9911691133075706,1.0012200342254192,2240977574.2368875,25207431735.40558,0.0023308105547861,0.0023280984293478,-0.2793937996993896,-0.3276624763468345,0.0111751098900329,-4.49406630497086,0.0388127568000324,0.001048520552972731,-0.02897752442413193,0.01878945055887682,-0.001055527588810842,-0.00768051801775016,0.008583271873444875
2021-07-02,1.0049284501172215,1.0069338229952065,0.9981771431429608,1.0038178836452782,1924725102.4386115,25268592125.482075,0.0025946838167985,0.0025913234362388,-0.1411225509054763,-0.1521290341204538,0.0061378092359163,-5.093287402460069,-0.5992210974892087,-0.0010466403101459993,-0.01673669794063315,-0.00751440850649665,0.005745254067946912,-0.0072711349500771405,-0.0065725004534855636
2021-07-03,1.005748800303603,1.0145445039143168,1.0004593993904234,1.0026458148256765,1577836063.6543894,25542231807.63869,-0.0011676110165974,-0.0011682932054129,-0.1802278353125422,-0.1987288252728538,0.0096973251967626,-4.635905184410689,0.4573822180493803,-0.0015645889811561613,-0.05164481071026117,-0.18720812888563643,0.0010931316999515629,-0.012946948557694071,0.0065559586418202365
2021-07-04,1.0041835133125807,1.005534180979935,1.0003701399534384,1.0054882664669034,1502479503.917127,25584941469.126663,0.0028349508861422,0.0028309399915501,-0.0477594355162164,-0.0489375823269819,0.0035502160082486,-5.640746829951968,-1.004841645541279,0.0013159728637928297,-0.03799078198388983,0.0005106673872825596,0.005111737473787457,-0.022599037637274222,-0.005131235741813178
2021-07-05,1.0011073333747749,1.0051323218949888,0.999956918523076,1.0036621282257945,1837414907.9059267,25571607068.82082,-0.0018161706128362,-0.0018178218502725,0.2229217790429665,0.2012428963954862,0.0032886481788448,-5.717278686531509,-0.0765318565795416,0.0005873406214826331,-0.02149087400282923,0.0009874149284412326,0.0037282405628050173,-0.010886011265846207,0.0025233491684772957
2021-07-06,1.0016088688419935,1.0051871068709144,0.9971505556201888,0.999823617176572,2151539219.016811,25639661222.92638,-0.003824505220704,-0.0038318373412548,0.1709599229652962,0.1578238594059047,0.0055667458247032,-5.190944628322077,0.5263340582094322,0.0022411911310976605,-0.014080172842692917,-0.0033385558075629262,-0.0032109101583257843,-4.282555767787244e-05,0.0007382546980299054
2021-07-07,1.0021562368909738,1.0036565062789524,0.9988737053040776,0.9988737053040776,2088016708.522337,25795933843.20793,-0.0009500794501903,-0.0009505310617383,-0.0295242168643813,-0.0299688296616118,0.002692712470754,-5.917206239975057,-0.7262616116529799,-0.003795314926361367,-0.07389805838423769,-0.006763278135414552,0.0036066276631586815,-0.00015331497189308152,-0.22859090479986177
2021-07-08,1.0007460872885712,1.0042313273640446,0.9953933532871388,1.000680382777964,1933162620.476941,25919744945.02944,0.0018087146195688,0.0018070808649819,-0.074163241804221,-0.0770573469219404,0.0062504718706194,-5.075098318784647,0.8421079211904097,-0.0042361936408838435,-0.023375128097057996,-0.2105545827091202,0.0014589460559109443,-0.020303412780926067,0.0035191045184377323
2021-07-09,1.0034025538713038,1.0052248572912512,0.9986979786720428,0.9997245716754772,2113457824.101498,26052630145.302586,-0.0009551612272375,-0.0009556176844058,0.0932643750271124,0.0891680601173008,0.0040009479578475,-5.521223956477919,-0.4461256376932718,-0.006007805271338165,0.014396841881168854,-0.020484045535677176,-0.0019746949195358784,-0.02107085841474543,-0.0005711463179807197
2021-07-10,1.0017759407961788,1.0048676545131974,1.0004466593651025,1.0030579151398376,1986811087.113648,26136808902.47264,0.0033342618145053,0.0033287154887634,-0.0599239481117593,-0.0617945007267369,0.003014813604059,-5.804217273580101,-0.2829933171021821,-0.0011215375238611107,0.03050378173209012,-0.5961278078186574,0.00786022332281127,-0.019427662177339045,-0.01903706364154667
2021-07-11,1.001600179864947,1.0068080247668325,1.001410993512699,1.0057072431373342,1310053933.827155,26167762741.67257,0.002641251275234,0.0026377693009164,-0.3406248121303047,-0.4164625773968814,0.0028242541049982,-5.869510982875679,-0.0652937092955774,0.0045842977944128,-0.014236408307947812,0.055747028621760286,0.00649559783631456,-0.01937850100701155,0.006524430115369739
2021-07-12,1.0011482162067769,1.0050641124635251,0.9975900952771132,1.0027924725840294,1323663485.5827703,26155429407.38099,-0.0028982296520129,-0.0029024376520378,0.0103885431005552,0.0103349530157436,0.005178461624832,-5.2632472504422685,0.6062637324334101,0.0011810048767631996,-0.03903319815326256,0.06253900719850769,0.002760447535856084,-0.020276131690806665,0.011310526496789652
2021-07-13,1.0039191696145673,1.0049437715058291,0.9988449959322134,1.004015098492399,1899928858.399087,26569485510.28122,0.0012192212664092,0.0012184786197335,0.4353564022071696,0.3614131822818102,0.0043039351048295,-5.44822553411051,-0.1849782836682418,0.001853143946986145,-0.01968707157680427,-0.006147739663215468,-0.002767401263567892,-0.003649413368048471,-1.2434423691143337e-05
2021-07-14,1.0029333552525157,1.0051237547299228,0.9986831906421808,1.0028541235232642,2148197631.608922,26592219391.151745,-0.0011563321815359,-0.0011570012494192,0.1306726681434959,0.1228127371573916,0.0045452647127472,-5.393669310420083,0.0545562236904277,0.002104249142278091,0.004744198532375066,-0.003023216906846926,-0.002486541313300794,-0.008586416430528487,0.00047711726892085693
2021-07-15,1.001863193350782,1.0059072040949038,1.000595720667166,1.0049276838610182,2085969382.251085,26465905903.09224,0.0020676589836108,0.002065524318774,-0.0289676556952678,-0.0293955009420533,0.0032266831907215,-5.736300545283496,-0.342631234863413,0.0015188042825198334,0.011945936189611928,-0.2121626227146347,0.0018623560196755775,-0.008871826028357788,0.0008765057640660601
2021-07-16,1.0038034667866484,1.0047336323752651,0.99852407082897,1.000053579107013,1917663615.7820413,26412174881.944862,-0.0048502044796679,-0.0048620048931563,-0.0806846773021259,-0.0841261004629363,0.0037156071237821,-5.595213189189813,0.1410873560936822,-0.0017207880062211512,-0.015332435861960647,-0.003061510891567032,-0.0005164659324126753,-0.008704438671145454,0.0010318220953124957
2021-07-17,0.9989245857086442,1.0064539118883424,0.998167772861056,1.001558114082666,1806804683.9866345,26583940558.964592,0.0015044543683311,0.0015033238106308,-0.0578093732827055,-0.0595476610597857,0.0056119943773082,-5.182849118647586,0.4123640705422273,-4.199945896875059e-05,-0.01430658074912472,0.013699107528498011,-0.0037117100276428242,-0.018777524756664832,-0.004368559017492668
2021-07-18,1.0018179396780988,1.0050488653232423,0.998039967742263,1.0034755024553474,1420650269.7237744,26669070565.423115,0.0019144055104955,0.0019125753716459,-0.2137222787195943,-0.24044521399868,0.0048405655848107,-5.330723708714917,-0.1478745900673308,0.0023219193432641775,0.008814213899334788,-0.06633791735276606,0.0028300500107680962,-0.01616919204428413,0.0018696626593692756
2021-07-19,1.005060200137228,1.005060200137228,0.9991922965087984,1.0018317129713878,1528330395.9253583,26724607588.11845,-0.0016380962763291,-0.0016394394230372,0.0757963648734749,0.0730611918528532,0.0036255302346136,-5.619754729754592,-0.2890310210396754,-0.0020814722455976455,0.016109242909461585,-0.04929228280578268,-0.0002011210500284671,-0.015657248625679188,0.0025717437412562383
2021-07-20,1.0009049846933598,1.0039220825772257,0.9974459564046636,1.0027969253617868,2257658836.318889,26800342976.340385,0.0009634476308761,0.0009629838130929,0.4772060035827163,0.3901524681517792,0.0044231187162553,-5.420910239792487,0.1988444899621049,-0.0001360401169169161,0.02754822972610782,0.09275577974286975,-0.0033909269495912228,0.0008348071575596805,-0.003701989045270082
2021-07-21,1.0031523570444618,1.010286643968504,0.9990373875924404,1.003697053530187,2148873727.3350563,26907599627.723923,0.0008976175989725,0.0008972149812087,-0.0481849193659422,-0.0493845060898446,0.0079104049094128,-4.839576308953568,0.5813339308389196,0.0018287764661843217,5.13531525854205e-05,0.3447363267457826,0.004162049340712304,-0.02136446503711298,-0.005717758992342059
2021-07-22,1.0055895436675368,1.0055895436675368,0.9999059430440578,1.0009101175019983,2380625161.2144494,26955068911.24745,-0.0027766705286087,-0.0027805326290646,0.1078478604542303,0.1024192688378439,0.0027675494122998,-5.88979303905132,-1.0502167300977518,-0.0028865482992815957,0.022133376177336572,-0.012110082314910287,-0.0032730570320791182,-0.029846035554232486,0.0021634613472061304
2021-07-23,1.0025618296127687,1.0061494187065805,0.9995475048098192,1.0025298741770383,1720586891.880023,26980884137.11717,0.0016182838465879,0.0016169758362483,-0.2772541767968692,-0.3246976771364436,0.004654973156533,-5.369819134857698,0.5199739041936216,0.0036026723966467097,-0.014749235800792349,-0.01155319501224028,-0.0026299046532990947,-0.035967879795428814,-0.198763407997812
2021-07-24,1.000762093751346,1.0067702814002082,0.997079300531748,1.0028130374812427,1729568171.281942,27035408682.99854,0.0002824487444195,0.0002824088632823,0.0052198929587945,0.0052063165420113,0.0067200396996563,-5.002661216777573,0.3671579180801254,0.0009927990699702836,-0.005840245585979176,0.057756121013770034,0.002638318260240531,-0.016673775567785043,-2.1543890404984722e-05
2021-07-25,1.0023801822467209,1.003029158851387,0.9983414546804612,1.0002903465319932,1675460937.6076007,27054746923.70499,-0.0025156144315651,-0.0025187839061156,-0.0312836663930033,-0.03178345132414,0.0030478959257726,-5.793303786828393,-0.7906425700508208,-0.004757135961529402,0.019139568236198556,-0.05101534564682719,-0.0045669499452326515,-0.008865956572762457,-0.014464243087735973
2021-07-26,1.0051684494475783,1.0101667995813974,0.976901529894645,0.9958656312159954,2881910839.9719605,27186654544.907845,-0.0044234309881509,-0.0044332433057692,0.7200704446664425,0.5423652461880994,0.0229613151082953,-3.773944430935249,2.019359355893145,-0.005047514357777918,0.09595048166485753,0.9819459337598375,-0.008349848716599086,0.008226505270872764,0.28879708462597486
2021-07-27,0.994179960993384,1.0068751294316731,0.994179960993384,1.0009112033114953,3803902867.207569,27255768828.51776,0.0050665189533041,0.0050537273339471,0.3199238555362729,0.2775740497346311,0.007931685427634,-4.836889727755227,-1.0629452968199784,-0.0022366103666247917,0.09940495218058132,0.007078345065745673,-0.003246499529253204,0.02869371619125971,0.016347902277344506
2021-07-28,1.001895024650613,1.0181676180128914,0.9884656584884032,1.0018920666419504,3011177546.214238,27246710843.136395,0.0009799703782014,0.0009794905207021,-0.2083978872928654,-0.2336963963498415,0.020934558607936,-3.866353963662793,0.970535764092434,-0.0036837011982782447,0.051424379820989685,0.20666407167960532,-0.0011778194005888263,0.013959820981980897,0.0926436475281136
2021-07-29,1.0007159596576658,1.004438789240356,0.9961827284471804,1.0005636231924515,2605138449.9427376,27319786081.43069,-0.0013259346926974,-0.0013268145219188,-0.1348439572359284,-0.144845392060664,0.0058353689967815,-5.143817776720117,-1.277463813057324,-0.001995089304387589,0.012966219633145926,0.002172568949086351,0.002981053928362392,0.004035549692567031,-0.001696290297966918
2021-07-30,0.9973742767593872,1.0092036736830503,0.9905338098013178,1.0018082719013233,2355031390.9865394,27259732446.637783,0.0012439475911592,0.0012431745293868,-0.0960052848483717,-0.1009317646782566,0.0129126641429261,-4.349546732677108,0.7942710440430094,0.0010448354405871588,0.03575729742400213,0.0006526249880880464,-0.0008617465379714356,-0.012224928443842487,0.0018418353812212906
2021-07-31,1.005691764791312,1.005691764791312,0.9982396249825632,1.0018859827009576,2440033809.297891,27326552956.15687,7.757053102275258e-05,7.756752258468742e-05,0.0360939640281159,0.0354578385932353,0.0047016669924101,-5.359838153913733,-1.0102914212366256,-0.0004931476312096322,0.03858052018141933,0.00019153122228354746,-0.003032138594891139,0.0032384195884738176,-0.0019114395206707435
2021-08-01,0.9989643793664992,1.007448229195926,0.997470259938757,1.0026207992429153,2049709512.9754577,27375866538.18942,0.0007334332994426,0.0007331644686785,-0.1599667573601152,-0.174313813356539,0.0066618653995147,-5.011355743630489,0.3484824102832444,-0.002537767919237485,0.019739718768359893,-0.0014005740661389154,-0.0031149680722612184,0.0020280081854799903,-0.00011539192260379139
2021-08-02,0.9990360482442092,1.0088830002060625,0.9941237223357536,1.0063589943066746,2533631835.5235686,27410408518.88801,0.0037284236139745,0.0037214902709346,0.2360931241645192,0.2119556993725219,0.0093803627542078,-4.669136843555303,0.3422189000751858,0.012175902643738962,-0.018357302508444917,-0.40324100573442934,0.00216407445738714,0.015374319147070992,0.001136483890258777
2021-08-03,0.9998084367758248,1.0069152425139367,0.9975665613118662,1.0027627648139157,2570809371.3882422,27477649257.16896,-0.0035735055910506,-0.0035799058141933,0.0146736141152847,0.0145669983334652,0.0063357246417087,-5.061551084740665,-0.3924142411853619,0.0008657240373485356,-0.0678451827883535,0.0696887968741926,0.0016522346605513066,0.016909274226346582,0.000441538461681823
2021-08-04,0.999071489545436,1.0044631691808084,0.999071489545436,1.00152863502739,2576780169.1034093,27523812740.601788,-0.0012307295701737,-0.0012314875397787,0.0023225361559744,0.0023198432376706,0.0034861230046286,-5.658965047185919,-0.5974139624452546,0.0008117643733519873,-0.025041026728747084,-0.4613040929915364,-8.010814483928988e-05,0.01153730325658131,0.0006149692854457989
2021-08-05,1.0000894211422362,1.0078022324432383,0.993389889503554,0.9993786747034344,2784338051.261301,27606733069.7436,-0.002146678835495,-0.0021489862532877,0.0805493167972151,0.0774695384935187,0.010175581383596,-4.5877644108488616,1.071200636337058,0.0020076580989529993,0.010406131055130885,-0.0037550342986811813,-0.0027754339476374684,0.009769781311916859,-0.0017398839580446968
2021-08-06,0.9985326970241558,1.005068413064709,0.99047109065137,0.9970192754959336,2985899212.601109,27643888554.82365,-0.0023608660733139,-0.0023636573116473,0.0723910522461528,0.0698907836728638,0.0103020781163857,-4.575409645224732,0.0123547656241296,-0.008660803611492946,0.035796181065695265,-0.10290089837953431,-0.0037309848145736717,0.013700628123878289,-0.0014098868974028456
2021-08-07,1.0002919417077172,1.0176370119148952,0.9944264256969292,0.9978519451022548,3080098373.632304,27585239840.519604,0.0008351589851731,0.0008348104339581,0.0315480042439662,0.0310605907341943,0.0162439172164305,-4.12003676542627,0.4553728797984622,-0.001114208017732598,0.035054043789795486,0.47763851674688196,-0.0055471435591479485,0.017232214905742893,-0.003841335927959655
2021-08-08,1.0008474611131115,1.0032234046225783,0.9944639736523418,1.001021597263546,3100210886.1589456,27660662113.602104,0.003176475404842,0.003171441064997,0.0065298279752419,0.0065086010040871,0.0062001202857268,-5.083186586195601,-0.9631498207693312,0.001985492444259284,0.0549951681659806,-0.0014288943145066568,-0.0007532898897354582,0.014591554805392093,0.006864486046225693
2021-08-09,1.0005290532301807,1.0058485307217195,0.9950064797434404,1.0013472512804795,3019281333.63772,27739074811.29941,0.0003253216692065,0.0003252687635862,-0.0261045314312454,-0.0264513028969914,0.0076464268588672,-4.873516817530512,0.2096697686650888,0.0015379261265292819,0.02443691169438722,0.0008348340570289992,-0.0002525563895276035,0.015043030034064486,0.0001136747268537519
2021-08-10,0.99995025271186,1.0049672084337156,0.9957724553410204,0.9990246067978968,3386790127.426176,27911830167.575127,-0.0023195195069568,-0.0023222137593821,0.1217206193056776,0.1148637736929026,0.0064737750156745,-5.039995876063018,-0.1664790585325057,-4.6927420191228105e-05,0.039759904279804914,0.001248360859240183,-0.0021234267183228707,0.02958935926539752,-0.001004151753827287
2021-08-11,1.0004276023507046,1.0021002568727575,0.9963229784122564,1.0000774891957465,2656996421.883146,27995707213.612915,0.0010539103748647,0.0010533554012197,-0.2154824119844839,-0.242686287665184,0.0040825951949016,-5.501022415595641,-0.4610265395326234,-1.1930950790327483e-05,0.003824651419336078,1.0868352009474336e-06,-0.003834023482927641,0.018545988979223438,-0.0023097196281458565
2021-08-12,0.9997230957568616,1.003602058048842,0.9941835307189514,1.0002188654614692,2704672704.486113,27894347978.71158,0.0001413653114383,0.0001413553203043,0.0179436758778834,0.017784588383409,0.0066602115156085,-5.011604035833769,0.4894183797618723,0.0016872220329576955,-0.0037983346812922036,-0.0015042035731056558,-0.0027102198470355787,0.011029374126611202,0.0016679382826989553
2021-08-13,1.0008518780822764,1.0077422101875082,0.9972904713950252,0.997773011674301,2592737136.485032,27852724748.468544,-0.0024453185913863,-0.0024483132658445,-0.0413859938821502,-0.0422667813495239,0.0071189652346126,-4.944992896337323,0.0666111394964463,-0.0025213708529554036,-0.018959679604105162,-0.15184039331484867,-0.0040909315109874346,0.006040854198239742,-0.002130670895975406
2021-08-14,1.0012317454712487,1.0038965940243991,0.9905149689555528,1.0024865945576809,2229613878.718439,27680905334.12598,0.0047241034065155,0.0047129798488188,-0.1400540196137578,-0.150885705211804,0.0094569067455149,-4.661009931892491,0.2839829644448315,0.001636405876199674,-0.042286263362814935,-0.30073673272795176,-0.001312743798569784,0.0019442120942692043,0.0034019595774608113
2021-08-15,1.000157256888688,1.0045733088532318,0.996713219661201,1.002212137356718,2032977895.8090448,27656644759.330456,-0.0002737764299819,-0.0002738139135903,-0.0881928412745702,-0.092326760032224,0.0054059070433466,-5.220263026365124,-0.5592530944726333,0.0016807808524411715,-0.055725147289169996,-0.00019263380126766094,0.0032856871475198195,0.0015580351884665333,-0.0020531342437384303
2021-08-16,0.9987487633867012,1.0020883140336765,0.9950847384386156,1.0004850827716,2400728799.48149,27500385683.61862,-0.0017232425359295,-0.0017247290263161,0.1808927211803721,0.1662706958160883,0.0048403739437106,-5.330763300140835,-0.1105002737757105,0.0005347136825634805,-0.03377843892741694,0.0033124511785436184,-0.0013313240687552544,0.007986407577611487,0.0020420391456914544
2021-08-17,0.9998537871704816,1.0025174534153254,0.9964813066985704,1.00091090626608,2723695857.743788,27442820244.26387,0.0004256170349887,0.0004255264857504,0.1345287557395287,0.12621737153578,0.0042195430860676,-5.468028430239905,-0.1372651300990703,0.0004829806878641921,-0.037524653910676165,6.845201057892325e-05,-0.004136948708388762,0.017301535611643715,-0.0034769642759271413
2021-08-18,0.9970110061263184,1.0060392641351283,0.9970110061263184,1.0021966704050174,3298026740.840623,27536606208.05009,0.0012845939942187,0.0012837696092782,0.2108645432873663,0.191334603060657,0.0054986429900464,-5.203253946268809,0.2647744839710961,0.002471203840211941,0.03629843489289897,-0.00769505751578059,0.0012896858104102062,0.02302831176207576,0.0035016111501566805
2021-08-19,0.9990774536956712,1.005340257880623,0.9990774536956712,1.0021190942768317,2823676449.2744923,27473296634.85755,-7.740609251316588e-05,-7.740908851935205e-05,-0.1438285159098573,-0.1552845910231388,0.0039944422429012,-5.52285132330274,-0.3195973770339311,0.0012653367234160596,0.006595969061908846,0.005913623887228603,-0.0010305466209029532,0.0072548099395746135,0.00013576741722509666
2021-08-20,1.0040721381651878,1.0132121665171523,0.9965752095422464,1.0016654519831154,2577235017.4745703,27145722492.11786,-0.0004526830157284,-0.0004527855076168,-0.08727679542153,-0.0913226156798628,0.0116116795777434,-4.455743827263214,1.067107496039526,0.000433079160724499,-0.0008567686584903811,0.27497735215237995,-0.003909913480875275,0.005455652296554092,-0.0032220700611036435
2021-08-21,1.0001057853321054,1.0024024987085502,0.9978508368362043,0.9990507268982388,2094280400.6393728,26994909121.970005,-0.0026103776262822,-0.0026137906026901,-0.1873925402846823,-0.2075071154124172,0.0031505331248584,-5.760183594478267,-1.3044397672150527,-0.0011069684719310852,-0.0075109308416791976,-0.22842230844977696,-0.0035082776677559826,-0.003643615378177145,0.0006765614540187315
2021-08-22,0.9984787221063346,1.0034374276773788,0.9955431692601128,1.0034374276773788,2201618077.7416005,26965646638.223373,0.0043908689128921,0.0043812571736407,0.0512527725845393,0.0499825697184648,0.0046595500627949,-5.368836388554414,0.3913472059238527,0.004683553290248799,0.009350815639788124,-0.025245602937243206,0.0026697297214727874,0.006113357379241791,0.001174219457013681
2021-08-23,0.9993897894544812,1.0019332297613026,0.995791571079474,1.0011389521087788,2126180445.1254573,26962028454.73856,-0.002290601790607,-0.0022932292319366,-0.0342646317173805,-0.0348654281768507,0.0042097289436591,-5.470357017289533,-0.1015206287351189,0.0012845275145491391,-0.015268261808650152,-0.0012078156443502408,-0.0012390501048454086,0.005012529801405208,0.0012644376995645246
2021-08-24,0.9999110622531404,1.0056188924015024,0.9953650146358456,1.0014008994336647,2274517131.592375,26944652521.291573,0.0002616493188425,0.0002616150946292,0.0697667438372873,0.0674406282953926,0.0071877629356983,-4.935375291169752,0.5349817261197813,0.004393388926702079,-0.02549375154078959,-0.011999040411937223,-0.0037552197669225604,0.007523771332053286,-0.002845850583820919
2021-08-25,0.9993957172855016,1.0044537680039245,0.9981009837081868,1.0017068620537029,2508530653.6347966,27021619433.150925,0.0003055345967946,0.0003054879306048,0.1028849239216722,0.0979294047485245,0.0042504750367453,-5.460724528940149,-0.5253492377703974,0.002628379132202318,-0.04644714697606389,0.01566227380537999,0.0075424484557238625,-0.004682771917057238,-0.3572070555350533
2021-08-26,1.0001325384001063,1.004047759185787,0.9977881571862628,1.0008616283978686,2391899348.942646,27033024587.15035,-0.0008437934168697,-0.0008441496109185,-0.0464938726274501,-0.0476094277719075,0.0043989064722381,-5.426399297983155,0.0343252309569948,-0.003202612041326108,-0.02634521853437377,-0.004183337705278234,-0.0010319739473917387,-0.017909687110137185,0.025252656254929118
2021-08-27,0.9991142245382794,1.003519628312846,0.9991142245382794,1.0007398902679696,2313668563.2247577,27123287329.22985,-0.0001216333271701,-0.0001216407251032,-0.0327065542086755,-0.0332533695931607,0.0029423240066168,-5.828555531453987,-0.4021562334708326,0.0006338369468732887,-0.016429655412732558,-0.5391921747075914,2.3913203287234065e-05,-0.008966904654720054,-0.08952719377902074
2021-08-28,1.000356702604832,1.0033817757871466,0.9979242335932064,1.0018606724823431,1823969602.895055,27143804276.597294,0.0011199535716253,0.0011193268914821,-0.2116547582109891,-0.237819160974867,0.003741816601691,-5.588184063103341,0.2403714683506459,0.003381379787365552,-0.01713522484844887,-0.04244266060491508,0.004488120073658258,-0.010138787138576077,-0.010742481215879618
2021-08-29,1.0021766260109704,1.0073239391854332,0.9949289885814856,1.000669776845913,1553505890.715453,27202664122.50101,-0.001188683885035,-0.0011893909300818,-0.1482830151063453,-0.160500984690805,0.008704709043162,-4.743891130426031,0.8442929326773099,0.0012799494452523062,-0.042321431867964776,0.22878003023773363,-0.005006075255222217,-0.010510958709144091,-0.0026580672698539587
2021-08-30,1.0005177460006254,1.0037642040210153,0.9983558109024218,0.9997998572379156,1810660697.761166,27290256109.60212,-0.0008693373459717,-0.0008697154388249,0.1655319162821344,0.15317756331619,0.0037941340511674,-5.574299075682456,-0.8304079452564244,-0.00011122109126423297,-0.0212701063492986,0.004114359177810556,0.0008359944657551177,-0.00833154437200534,0.013031959521061065
2021-08-31,1.000671547697575,1.0043175643113116,0.99854135444283,1.0011304023462946,2751209130.129763,27503855582.76747,0.0013308114606604,0.0013299267159538,0.5194504047785211,0.4183486936702882,0.0040686133019159,-5.5044530496431445,0.0698460260393112,0.0017342292895181784,0.03196308769490841,-0.0076057962484537,0.0020941805787036277,0.009281925741241537,-0.0019504568749146856
2021-09-01,1.00183031590069,1.0063428899828817,1.000084804391185,1.0003278724358926,2852932955.33556,27477054090.507725,-0.0008016237530307,-0.0008019452251627,0.0369742249296034,0.0363070735186275,0.0043112137873566,-5.446535793317853,0.0579172563252914,0.00019528907980288532,0.022473233305650098,0.007540854140233755,0.0005194002722245831,0.0041964836347503365,0.0021769846501138446
2021-09-02,1.000414966711279,1.0013129567760266,0.9962589697981314,1.0013129567760266,2814500985.0300465,27466629441.69336,0.0009847614639939,0.0009842769045143,-0.0134710387195177,-0.0135625963422002,0.0035343384600192,-5.645229137169318,-0.1986933438514651,0.0021982635946041352,0.02690325101554336,-0.012232041090571855,0.002241037389400633,0.0031909621062951032,-0.002514580334175509
2021-09-03,0.9992924016241524,1.0073483209536278,0.9907954014167226,0.9999493095761682,2735318407.7184644,27584737439.815685,-0.0013618591376756,-0.0013627873106206,-0.0281337891628902,-0.0285371271670864,0.0117087015886302,-4.447422988081256,1.1978061490880627,-0.000407330710216988,0.0261401478065153,0.3034324435869955,-0.00014010885303892686,0.0020704878639996593,0.0026465854733142002
2021-09-04,1.000896245369024,1.0021494550095142,0.9989207838404492,1.0003859082733562,2377012391.11079,27644146507.749725,0.0004366208296828,0.0004365255385448,-0.1309924342250664,-0.1404034474543758,0.0022596714034669,-6.092535872965111,-1.6451128848838552,-0.0017884267624637118,0.03328157615989369,-0.004287603233146697,0.0018542143489494918,-0.005328284626145319,-0.0018069964785434323
2021-09-05,1.00022503031919,1.0036013411148357,0.9974650434852068,1.0006974400804822,1959205946.8264625,27735211365.95772,0.0003114116308013,0.0003113631522637,-0.1757695693328229,-0.1933051392991884,0.0043267772211123,-5.442932304825781,0.6496035681393293,0.00017958496576449387,0.02372905123890945,0.004475747007545827,0.0004052978811447358,-0.013557654946733777,9.1837701543529e-05
2021-09-06,0.9999039440836904,1.000925644940878,0.9975826869845053,1.0005846733711476,1860586355.8764868,27776481500.377235,-0.0001126881161257,-0.0001126944659085,-0.0503365106203972,-0.0516475788445592,0.002327470784814,-6.062973101066264,-0.6200407962404828,-8.681979405459478e-05,0.0028815802461537032,3.477715046074081e-05,-0.0002625997044278815,-0.01634639618793088,-0.17588242757277994
2021-09-07,1.001264167047179,1.0094751413285508,0.99820548248582,1.001710301179049,3099459641.49882,27948879905.50395,0.0011249700678592,0.0011243377632039,0.6658509999868958,0.5103361039628576,0.0079336200115898,-4.836645851711017,1.226327249355247,-0.0001198026341583648,0.019872418237312672,0.11981409228167372,0.0011799269486079337,-1.0152522225581606e-05,-0.0009969652732051415
2021-09-08,1.001676267131938,1.0080249509286263,0.9977626487209352,1.0028164529690404,5251969967.456177,28452136647.94044,0.0011042631673943,0.0011036539172965,0.6944792237773607,0.5273754510145064,0.0072010382130598,-4.933530067097089,-0.0968842153860718,0.0023976135603610404,0.12711389588159605,-0.006390396588542124,0.00286224272234296,0.029727047677333474,-0.005154942638840865
2021-09-09,1.0006606733049996,1.0087010237825784,1.0006606733049996,1.0031653254206634,3483064289.316871,28812517077.4991,0.0003478926283968,0.0003478321277878,-0.3368080337664394,-0.4106907888750127,0.0054414498404336,-5.213709738837448,-0.2801796717403588,0.0038681751662916378,0.032723766151907085,-0.010442866923103367,0.0027328153696808905,0.0012621765360023574,0.0005514848760439506
2021-09-10,1.002367718306522,1.0057838027599706,0.9980414820477618,0.9982283581346416,2838952850.738223,29087879773.793663,-0.0049213894867743,-0.0049335394033873,-0.1849266579874059,-0.2044771795906475,0.0048210766379053,-5.33475800700271,-0.1210482681652624,-0.0026690570597873065,0.004978023607794313,-0.44777784162658296,-0.0014962704906367071,0.0023811488704481576,0.003964577461453622
2021-09-11,1.0019331800993752,1.0064852802994713,1.0003893287914962,1.0028752818583144,2833134303.5380626,29283906048.486336,0.0046551710195414,0.0046443692207722,-0.0020495399205546,-0.0020516431016914,0.0042558352840582,-5.459464229745715,-0.1247062227430051,0.0026461511382727845,0.021619723420677417,0.0003413175709807703,0.002019640701858814,0.0016776878296766995,-0.001391460640293829
2021-09-12,1.0029064010116684,1.0054519902995689,0.9999852295657,1.0054519902995689,1849223198.9977856,29294502089.011948,0.0025693209194266,0.0025660258572744,-0.3472871382452831,-0.4266179680736218,0.0035184493492362,-5.649734912217284,-0.1902706824715689,0.0055332425291873015,-0.005170467670879475,-0.08287324950614039,0.004206194504058439,-0.00974940307383676,-0.01041602542592468
2021-09-13,1.0005441913326998,1.0181134878072993,0.9981297701286614,1.0054414764793704,2452345230.940482,29386043675.695686,-1.0456809772962927e-05,-1.0456864445779376e-05,0.3261488565953356,0.2822791453388212,0.0136847943352467,-4.291469965082748,1.3582649471345365,0.0041633564739579805,0.027509704592766582,0.6083751902301975,0.005269480609647298,0.002930572841101764,0.1815247662266346
2021-09-14,1.0017432990693662,1.009302008136721,0.9969482088186072,1.0038812711983849,2782131925.617589,29396359229.56632,-0.0015517614077834,-0.0015529666364964,0.1344780867376624,0.1261727097031878,0.0086069475092548,-4.755185551944423,-0.4637155868616744,0.0021988947340207507,-0.014657779998387355,0.052096428931937666,0.005125778561689641,0.00979439275205607,0.0008027030846968763
2021-09-15,1.0022745084882008,1.0033466499009356,0.9989694304205476,1.0013464006391772,2038483290.2885368,29295579332.94596,-0.0025250700774421,-0.0025282634436718,-0.267294526360023,-0.311011467337808,0.0030374923378692,-5.79672299283082,-1.0415374408863975,0.000685039898129028,-0.16196417686655806,0.003839264301197076,0.0014917185742548715,-0.004723998109689376,0.012748108400992386
2021-09-16,1.0015432011920689,1.0032754539029844,0.996404752584126,1.0022283949075583,2227792755.7082534,29288172720.845203,0.0008808083474591,0.0008804206634202,0.0928678033916681,0.0888052534730281,0.0048404880629944,-5.330739723875883,0.465983268954937,-0.00013900396021890998,-0.07115141375106049,0.026019195867715617,0.005219385555198863,-0.006503410520608099,-0.013268319575317378
2021-09-17,1.001423880841963,1.0050037028673315,0.9998781553376748,1.004825594417973,2336505125.577524,29311045058.54525,0.0025914247926033,0.0025880728410136,0.0487982419328361,0.0476449772005363,0.0029376036115656,-5.830161128111538,-0.4994214042356546,0.002882674647574513,-0.029961845773794238,-0.006942307492375122,0.005736960671108007,-0.01273145461298597,-0.0030572160510873303
2021-09-18,1.0044184626737127,1.006065066140102,0.999818293813619,1.0019660944789492,2090160622.8474288,29427266027.70446,-0.0028457674196485,-0.0028498243142322,-0.1054328963516419,-0.111415360794133,0.0041338195990184,-5.488553457035052,0.3416076710764857,-0.0009380213492686182,-0.04601801175552822,0.006226155509257758,-0.002099705205734142,-0.009822616867207756,0.01518135992059566
2021-09-19,1.0036836055801563,1.0055617210816914,1.0003878471495926,1.003656169307524,1566483288.1924992,29476549738.66,0.0016867585019968,0.0016853375225498,-0.2505440629445613,-0.2884077529536109,0.0036475989498119,-5.613686149816882,-0.1251326927818299,0.0031054584530556192,-0.018083958667535427,-0.007352331203497542,0.0035437220301183666,-0.0136951686007869,-0.004293460951150241
2021-09-20,1.0040905512963785,1.0061527317834038,0.9967099447015202,0.9999025341235016,2895591963.21882,29416444882.93368,-0.0037399612524798,-0.0037469723939556,0.848466552464741,0.6143564048109036,0.0061406814154852,-5.092819563260149,0.5208665865567328,-0.0018392519138585842,0.028206254758131877,-0.5162208291345811,0.001424965585172856,0.010872725909869985,0.005539531238756279
2021-09-21,0.9969577900291045,1.0044015691132184,0.9969577900291045,1.001467194043118,4546368461.248379,29529482693.10255,0.0015648124354319,0.0015635893921755,0.570099834161202,0.4511392059762533,0.0044497138437721,-5.414915489641933,-0.3220959263817837,-0.0008058069438261903,0.10499011639717892,-0.2730786009474091,0.0020765155653170147,0.031152475814220537,-0.0011952678627311641
2021-09-22,1.001718296648162,1.0063522132848706,0.9968777498743592,0.9968777498743592,4248331396.8244376,29966707734.78859,-0.0045827204286444,-0.0045932532836471,-0.065554973593606,-0.0678024805623122,0.0059728383792506,-5.120533024153115,0.2943824654888178,-0.004669146198799525,0.11764116190278529,-0.07076446911621481,-0.0030381928160218554,0.027382028128347002,-0.0025867715256620016
2021-09-23,1.0002303416409948,1.0067399654105602,0.9984462090962144,1.00025856724956,3048380115.890825,30234491271.27192,0.0033914061936151,0.0033856683448874,-0.282452372202074,-0.3319159533452606,0.0058494103816948,-5.141414412271844,-0.0208813881187284,-0.0011643342580766297,0.04038568937536624,0.09624451297760661,0.0008629991936942062,0.00980146401563431,0.004454418717965591
2021-09-24,1.0028361518206994,1.0072254767309412,0.9956076177182006,1.0012575232775824,2999814968.6986485,30450947250.395668,0.0009986977974796,0.0009981994306186,-0.0159314604300861,-0.016059730321148,0.0081448939683663,-4.8103640550157705,0.331050357256073,-0.003151996668740914,0.031493599188245014,0.12316326165156166,0.0011242036397601232,0.006172939579254688,-0.00027133342319274334
2021-09-25,1.002408398550797,1.0127593771176964,0.9995817519893774,1.0032523715069217,3244593477.246201,30810447959.2515,0.0019923428118764,0.0019903607291586,0.0815978689024743,0.0784394559851636,0.0092461922209156,-4.683543464002568,0.1268205910132023,-0.0004297437335268288,0.05255235215542342,0.4159258531163017,0.004133261979205549,0.010624379011058949,-0.008341091368425424
2021-09-26,1.0016692188911682,1.0073039861826274,0.9952476377468956,1.0025635490491118,3049240100.6745577,31016045846.497963,-0.0006865894139629,-0.0006868252244174,-0.0602088914810512,-0.0620976533935587,0.0084962794036991,-4.768126928523877,-0.0845834645213088,-0.0015219389746874202,0.06368389482926418,0.018245866472698324,0.002203629760587719,0.009075238214350634,0.006459306954735844
2021-09-27,1.0028247545804183,1.003966472573561,0.9980741387300288,1.0038086380380615,3236694553.475443,31222192933.628014,0.001241905303789,0.0012411347772786,0.0614757928571831,0.0596601972446981,0.004117408599444,-5.492531294229533,-0.7244043657056558,0.006848250437823549,0.014093709189936021,-0.06045362783202801,0.0016271429470748465,0.017202074438330328,0.001157725885624572
2021-09-28,0.9972713173740116,1.0039113400941568,0.9972713173740116,1.0023905563797018,4425812212.486725,31297972682.794346,-0.0014127011908677,-0.0014136999939795,0.3673864306208478,0.3129012029591037,0.0034484969098794,-5.669816821170056,-0.1772855269405235,0.0006708814800537403,-0.004958490397562798,0.06283155850378375,0.0018700915290595773,0.034087943658946074,-0.00044510215316861945
2021-09-29,0.9978067961139944,1.0084755707728978,0.9978067961139944,1.0034871022917111,4113965447.9951982,31372362634.116123,0.0010939308087356,0.0010933329024341,-0.0704609119229461,-0.07306641990542,0.0066414230413024,-5.014429025006471,0.655387796163585,0.003250721331471032,-0.005555612785482111,-0.01302888770625632,0.00280971413758323,0.026519721893077275,-0.0023099255034852995
2021-09-30,1.0045952995570209,1.010079966467075,0.9994347398618773,1.0060429112533993,3911737458.7307625,31529304023.39029,0.0025469275647402,0.0025436896414024,-0.0491564627415587,-0.0504057544114502,0.0074380926954601,-4.901140821139584,0.1132882038668876,0.0031925885588813584,0.03517067300319354,0.0004884718575297597,0.004196083175678225,0.01310024934021925,-0.005140284717632948
2021-10-01,1.0021724386856592,1.0090047933830504,0.9986266303609516,0.999861035278526,2827487827.442183,31799717366.11963,-0.0061447438332142,-0.006163700467271,-0.2771785281419129,-0.3245930142054491,0.0071683908923226,-4.938074071827252,-0.0369332506876682,-0.0025444773851229494,-0.006921993210518451,0.00482325609503409,-0.0005538550143700797,-0.00028539663477999966,0.009119553602424446
2021-10-02,1.003318494821816,1.003318494821816,0.9996118381727228,1.0030346536593664,2641672412.109205,32042016086.783123,0.0031740594631295,0.0031690327702644,-0.0657174943529541,-0.067976417914837,0.0026112556084299,-5.947924097300712,-1.00985002547346,0.0013622310986120371,-0.024602160107239257,-0.15973161908132028,0.0037379072340371633,-0.0019406314391687829,-0.0071894948278963255
2021-10-03,1.000865325095144,1.0051772983412457,0.9949133133653152,1.0017166046522108,2012429733.8539083,32217600611.87709,-0.0013140612862646,-0.0013149254218977,-0.2381986030405968,-0.2720693911779558,0.0072382061766668,-4.928381868937237,1.0195422283634752,-0.0011056394880460804,-0.043776045614908554,0.023676613525204004,0.000819288989447787,-0.00815813188144432,-0.15859280831775813
2021-10-04,1.0017906890260833,1.005000180907897,0.9978249077258616,1.0019472126869071,2062216282.1617785,32362894682.78783,0.0002302128502464,0.0002301863553345,0.0247395213210879,0.0244384547546028,0.0050656187243602,-5.28527899190881,-0.3568971229715734,0.0046777315923764665,-0.05201992532180455,-0.036295701716324125,0.0017203143220704592,-0.0035735274930033256,-0.0016679678485767013
2021-10-05,1.0007175894528113,1.006150546308362,1.000124017038132,1.0010556240382062,2383038789.891341,32396019233.57126,-0.0008898559099834,-0.0008902520667861,0.1555717072475304,0.1445952061391718,0.0042428957406707,-5.462509285142396,-0.1772302932335856,0.003250679738934376,-0.09747291387698098,0.020203744643630728,0.0011511277889244486,0.00480832770526618,0.001191917825099864
2021-10-06,1.000648115372914,1.0073974459104098,0.9987485841574032,1.0012195323868711,2610361125.0409145,32474380136.88644,0.0001637355055292,0.0001637221023344,0.0953917897240517,0.0911120981084758,0.0060866373251658,-5.101659513114023,0.3608497720283727,-0.003365984041629426,-0.07834973910316734,-0.001336984000084307,-4.457929952465553e-05,0.008449877575216647,0.000962833352816439
2021-10-07,1.0018520378038926,1.0055669898233457,0.99830563138612,0.9985326438398268,2894076551.751421,32634743887.1262,-0.0026836157906736,-0.0026872231428064,0.1086881903001293,0.1031775058950516,0.0046912029148386,-5.36206624437039,-0.2604067312563671,-0.003638516134301923,-0.056740663369485134,-0.08004583119752517,-0.0031432975457717934,-0.0023075530007723444,-0.007233677955372997
2021-10-08,1.0018494408485523,1.005907236621695,0.999442591289458,1.0019073641558058,2494579809.16245,32888993391.94223,0.0033796795095268,0.003373981228034,-0.1380394524627228,-0.1485457778840945,0.0045588738012981,-5.390679659358328,-0.0286134149879373,-0.0014074533226644584,-0.019283037169582684,-0.0987113528830692,0.0012450922900420426,-0.03150722406380524,0.006106809858432705
2021-10-09,1.0026877337469593,1.0035081606478944,0.999566977440255,1.0026397713437745,1940730735.3863208,32976173154.81345,0.0007310128802036,0.0007307458204295,-0.2220209879603262,-0.2510557319803848,0.0027824037508619,-5.884440066298043,-0.4937604069397157,0.0017713423497157717,-0.04185861258958212,-0.0029106094973441188,0.00027137358870366827,-0.018066208520970406,0.0010747708401366296
2021-10-10,1.0022408839705776,1.0076540320822762,0.998985459336778,0.9997899501391792,1601707936.968312,33124274153.27389,-0.0028423181346336,-0.0028463651913237,-0.1746882203885553,-0.1919940493586839,0.0059167999437917,-5.129959526271233,0.75448054002681,-0.001999159578293165,-0.025366970809145073,-0.2491699831320986,-0.0021413858358405426,-0.014732228889958066,-0.00329132013825717
2021-10-11,1.0009516153413305,1.0055349923609378,0.9999257895223662,1.002296789590713,2287946578.6324177,33274859161.573463,0.0025073661234391,0.0025042279256466,0.4284418062902326,0.3565842042251719,0.0038664416905686,-5.55542065470428,-0.4254611284330467,0.0015768238926599527,0.014021113922968453,-0.045233320039675284,-0.0006080295928047851,-0.006561238365321742,0.003076016714534724
2021-10-12,1.0061372445556045,1.0061372445556045,0.9961251995769403,1.0037355789229585,2548104626.4687505,33269164342.96392,0.0014354923084538,0.0014344629743197,0.1137080954013525,0.1076950743151218,0.0069138876395678,-4.9742231887620205,0.5811974659422594,0.003080713538734374,0.010129948264840039,0.19343355766433223,0.003184575661289512,0.008403162819476506,-0.0071589774883129564
2021-10-13,1.0013218239043915,1.007281178637412,0.997431509747214,1.004410192881131,2899478276.9793625,32988671612.953583,0.0006721032633878,0.0006718775031399,0.1378960843525321,0.1291810172575241,0.0066796337382995,-5.008692122532652,-0.0344689337706318,0.0025501715822579584,0.01749929644869752,0.009141938798093996,0.002658715191470807,0.0053394023601498475,-0.2610185127588833
2021-10-14,1.003041574177871,1.0078389918921646,1.0000611609889447,1.0029396946871991,3021143362.7882333,32890213888.6556,-0.0014640414885813,-0.0014651142444887,0.0419610268422565,0.0411045403689834,0.0054777816010013,-5.207055077318387,-0.1983629547857344,0.0010876494957008426,0.007595111920981168,0.031810623967442275,0.0006634565248388862,0.002842485510022641,0.008176575617555137
2021-10-15,1.0013608362328688,1.0092325144982173,0.999918469858204,1.0015794163287677,3178029063.8180704,32948484049.768623,-0.0013562912761725,-0.0013572118716766,0.0519292473711165,0.0506258567031259,0.0065546704628643,-5.027577435667197,0.1794776416511894,-0.0011059578870200994,0.0398904749273008,0.11229343067723807,3.6158681836092695e-05,0.013442252268092147,0.0005366657946472841
2021-10-16,1.0052069403859871,1.0070498723505008,0.9978262364117392,1.0035343807969346,2990962772.4486623,32885364617.693832,0.0019518816344417,0.001949979188648,-0.0588623601650349,-0.0606658803429058,0.0064234264706377,-5.047803585489278,-0.020226149822081,0.0012897726164943432,0.0583554650057998,-0.001001991022700821,0.0021052814663195148,0.008902486087503547,-0.005444933663676821
2021-10-17,1.0024479734992968,1.0053032587258333,0.996728779161456,1.0046982332387246,1979672330.201222,32852486149.86245,0.0011597534315324,0.0011590814370365,-0.338115355885727,-0.4126639918328693,0.0058944506367194,-5.133743940731577,-0.0859403552422986,0.003736068145744062,0.020195024223777835,-0.028817316098457724,0.0002785010620731003,-0.004152641815103664,0.005351726592095929
2021-10-18,1.002153190024478,1.0063188110018368,0.9967966075389222,0.9997277562387552,2412428563.49892,32853927567.544216,-0.0049472337419632,-0.0049595118145477,0.218599930248917,0.1977026015935526,0.0065519271608584,-5.027996049578267,0.1057478911533102,-0.006390769198278765,0.006562906009719427,-0.06947420811877336,-0.003949118546419003,0.003751146756599155,-0.019338616762731853
2021-10-19,1.0007212704949022,1.0087363363499904,0.9980851970819472,1.000142760676618,2745750001.088702,32638982195.899685,0.0004151174509989,0.0004150313135871,0.1381684177650184,0.1294203192751362,0.0074973529462033,-4.8932052612442565,0.1347907883340102,-0.0011782005769680227,0.010332523149784834,0.05115860823121299,-0.003939457249574905,0.01360775426122629,9.682958576018308e-05
2021-10-20,0.9995761477245784,1.0067699147799023,0.9977612402936732,1.0021981384270866,2620863565.274668,32341146036.03923,0.002055084365234,0.0020529755680364,-0.0454835421158211,-0.0465503935509668,0.0061436472709572,-5.092336695110763,-0.1991314338665066,-0.0008412318938451205,-0.014596467233573662,0.0017002007358311033,0.005242572953693882,-0.0031536323259437893,-0.015436196447092598
2021-10-21,1.0029755004465868,1.0050330314173344,0.9974157573486322,0.9984712230876452,3804934235.008975,32417996799.480145,-0.0037187410318788,-0.0037256727394629,0.4517864590216529,0.3727948387977284,0.004595079943939,-5.382769125297751,-0.2904324301869883,-0.0028898578185630355,0.04053091871481129,-0.019438200417941864,-0.003246768749559122,-0.008560966185740426,0.021720235282397304
2021-10-22,1.004366828141295,1.005654885328896,0.9965396314865602,0.9971515393174148,3732983123.3768086,32445795550.467625,-0.0013217043613429,-0.0013225785829455,-0.0189099488159738,-0.0190910283350802,0.0046231126456511,-5.376687067919637,0.0060820573781148,-0.008045956413231047,0.027735450954615715,-0.20955316708422167,-0.0030828403835217295,-0.005993937500409885,0.0012999901088397436
2021-10-23,1.0025130191702647,1.0061227227367202,0.9996205069882796,1.0061227227367202,2494428573.1380506,32583645479.90885,0.0089968104802269,0.0089565802963339,-0.3317868067719464,-0.4031480048245079,0.0040035535536111,-5.520572923842883,-0.1438858559232461,0.003659072936146629,-0.024779254979609533,0.17000076403955422,0.003271917498819954,-0.006483245037717467,-0.0015056925985721392
2021-10-24,1.0055854367397377,1.0070178149575146,0.9981946220466968,0.9996718600665648,1925002061.3095453,32672258007.66056,-0.0064116061831985,-0.0064322488123678,-0.2282793413932687,-0.2591326356206685,0.0050283759836282,-5.292658213080838,0.2279147107620449,-0.002479069016155849,-0.002766194279722356,0.019925977236238346,-0.0027336967902810024,-0.012700389739887186,0.0040403072470684975
2021-10-25,1.0048651642812485,1.008381181810012,0.9996792986683156,1.0043657316337486,2234081512.238878,32661219914.18652,0.0046954123194697,0.0046844232564068,0.160560581799622,0.1489031485577709,0.0061207056937115,-5.096077879675533,0.1965803334053051,0.0036352189689363087,-0.009077533962692286,-0.019437871972733056,0.00268840217959624,-0.012089517532015037,-0.16448657278936274
2021-10-26,1.0048044650685304,1.0081746267562737,0.9922068909108592,0.9922068909108592,2462259334.325548,32635641694.932537,-0.0121059892227817,-0.0121798635300859,0.1021349582979194,0.0972491699273159,0.0081210432539002,-4.813296653516979,0.2827812261585531,-0.007399691930615522,-0.014600914496675443,0.23210563502863213,-0.010644406515250173,-0.007090191023099379,0.017360516734763465
2021-10-27,1.0036554240163662,1.0061740073863203,0.9969610433220786,0.9993815871295946,4210292005.0868406,32558885364.024925,0.0072310485690629,0.0072050298902875,0.7099303661448424,0.5364526481326998,0.0059390775151361,-5.126201458150088,-0.3129048046331082,-0.0035896865733980564,0.07923856999824963,0.06883577075372482,0.0021138081001252198,0.011732856801433655,0.15509809965746513
2021-10-28,0.9992165611765436,1.0098847098723005,0.9983670479885944,1.001980152535093,4841968017.018318,32804640643.0798,0.0026001733861857,0.0025967987838017,0.1500314018999851,0.1397892480023437,0.0079271040723891,-4.837467496363907,0.288733961786181,-0.0023791265966975755,0.048508698095602654,0.10048972085547891,0.004173807097271192,0.004973414097602102,-0.01612711480505702
2021-10-29,1.0024520918035835,1.0099517166125758,0.9999952633845988,1.0025401963446283,4906137431.846261,32849833916.77949,0.0005589370289604,0.0005587808818408,0.013252754789458,0.0131657052883961,0.0070052784833523,-4.961091345043703,-0.123623848679796,2.7108681360585207e-05,0.05218079819461252,0.010809742828362445,-0.0020477979037864746,0.00939931046645981,0.016463583352524402
2021-10-30,1.002420400820661,1.0035928762534063,1.0007044717964535,1.001436427205486,3174578144.2057056,33053570391.006413,-0.0011009724529417,-0.0011015789683248,-0.3529373792916642,-0.4353122029076363,0.0019444803644181,-6.242760502430171,-1.2816691573864682,-0.004134499498065269,0.02905058186337328,-0.021468788194497712,-0.0007346858219772264,-0.008743709632131669,-0.0026934559914586487
2021-10-31,1.0019077885261063,1.002542861832688,0.997338964215309,1.0022403371348587,2781689389.668794,33233062579.1562,0.000802756827626,0.0008024347906973,-0.1237609334815142,-0.1321163182935101,0.0036741520785143,-5.606432899873761,0.6363276025564097,-0.002615536294344686,0.035429388746266,0.012987872323051874,-0.001075169447676474,-0.0005457623783087229,-0.0007591640114128495
2021-11-01,0.9987027221834408,1.002437390618396,0.991968392811622,1.002390715934514,2644144126.048312,33176961158.533367,0.0001500426535268,0.0001500313982536,-0.0494466650846516,-0.0507110061446295,0.0070611930641663,-4.953141252495377,0.6532916473783841,-0.0024050977407555937,0.016524473361563707,0.014981847682131288,0.0015229118025281575,2.946206992149314e-05,0.012110723600889273
2021-11-02,1.0000875892450931,1.005281219837368,0.9977764960659848,0.998920636665416,2762964393.171668,33289547784.92126,-0.0034618030813093,-0.0034678089864428,0.0449371371071718,0.0439567277290324,0.0052486401189391,-5.24978626089533,-0.2966450083999525,-0.004728705457590034,0.011946430653257067,-0.02053114880369744,-0.0028690339206001027,0.008906232021345772,-0.0071656525679966165
2021-11-03,1.0035341391346773,1.0082625346222058,0.9946802472535226,1.0024576118637565,3167986664.922333,33475199768.290787,0.0035407970048026,0.0035345431411814,0.1465897543781702,0.1367921057973906,0.0095669343046375,-4.64944246918148,0.6003437917138497,0.0032383427465229888,-0.04203357675850938,0.014791966205105034,0.0017372647658877585,0.012978793428896296,0.0063239820187286355
2021-11-04,1.0008430284983136,1.0045591711837245,0.996422007034196,1.001212218019924,3341322346.487324,33760049112.841667,-0.0012423406527054,-0.0012431129975973,0.0547147762597166,0.0532703761195369,0.0057464842216441,-5.159167050892427,-0.5097245817109473,-0.0012376064551702353,-0.06379979534289149,0.010873575148227843,0.0005635784400452568,0.01111303652583473,0.003244638223576679
2021-11-05,1.005208377382135,1.005208377382135,0.99604117741168,1.0023220550009635,3002403161.4942284,33841840633.82767,0.001108493245552,0.0011078793205602,-0.1014326514618967,-0.1069536189309001,0.0062267840533977,-5.07889528276851,0.0802717681239171,-9.811317108670699e-05,-0.08727476932070033,-0.09597754727053331,0.00046903830098904485,0.004511079439751597,0.00011690241205641883
2021-11-06,1.0029088025440336,1.006339349169705,0.999552294793,1.004036437806724,2559546159.0180383,34203224257.628525,0.001710411137026,0.0017089500497,-0.1475008447086067,-0.1595830606854918,0.0047338489257287,-5.353016681004398,-0.2741213982358879,0.002122342238320128,-0.029905222353292515,-0.006584255956211926,0.0021805805086207424,-0.0038480396826798824,-0.0054595545952222935
2021-11-07,1.0049622562464278,1.0080678191685686,1.0001619879157395,1.0030888353470655,2597658818.1226263,34406253745.297066,-0.0009437928983219,-0.0009442385512641,0.01489039725668,0.0147806236648221,0.0054452605205778,-5.213009677905639,0.1400070030987592,0.004382194705767776,-0.00912492437342749,-0.02215910129535903,0.00039994644631229234,0.0011872774400885078,0.005531437412582996
2021-11-08,1.0051436740479285,1.0083628522136894,0.9994042536699828,1.000985365965222,2929913039.973259,34414108368.92828,-0.0020969921184655,-0.0020991938850346,0.1279052582012132,0.120362158592058,0.0057602094221893,-5.15678144691629,0.0562282309893484,0.0008972954014768907,0.014133979994394252,-0.1490035708661308,-0.0012534961238557935,0.011322428258509376,-0.0016924178059953832
2021-11-09,0.9998691728335264,1.0055519966400146,0.9998691728335264,1.0050728416469994,3100011239.744684,34454499016.2825,0.0040834519871686,0.0040751373244345,0.0580557161426804,0.0564329938100933,0.0023772798105309,-6.0417983817007626,-0.8850169347844723,0.001532109395252672,0.016417398737480937,-0.0032127620288546765,0.0041088552927920855,0.016909456375458376,-0.018739321675752763
2021-11-10,1.0017160232374094,1.0156169221257734,0.99592212428296,1.0052573954237969,3254792890.842965,34622995231.12898,0.0001836222899975,0.0001836054334883,0.0499293838402432,0.0487229084223323,0.0136720536193749,-4.292401411338113,1.7493969703626495,0.004400950219403397,0.004185002854310227,0.3449931517321012,-0.0008748648031949648,0.010761720597322721,0.2911397886550775
2021-11-11,1.0043595373467469,1.0064399497790246,1.0009434891521731,1.0035449628924664,4902591897.284195,34544018388.29348,-0.0017034766808241,-0.001704929247068,0.5062684667516473,0.409635378265755,0.0038393220772822,-5.562459470342367,-1.2700580590042545,-0.001656166375961689,0.07242564696744225,0.01713104638478402,0.002217743257460626,0.025732741413264648,-0.002901629685873708
2021-11-12,1.000880157189138,1.0080319678270455,1.000672609853853,1.001233738295921,3577092591.472094,34571667978.32189,-0.0023030603331253,-0.002305716455498,-0.2703670494267257,-0.3152136787236173,0.0051766719110343,-5.263592917412062,0.2988665529303054,-0.0016716022977653832,0.025391608016484213,-5.203546373966361e-05,-0.0018039800829511155,0.007284733180274117,0.0011646603504731345
2021-11-13,1.005971346840448,1.005971346840448,0.9991488843179712,1.0031880072796375,3043239151.243825,34547939775.887245,0.0019518608981781,0.0019499584927801,-0.1492422761158023,-0.161627886730554,0.0044932253658879,-5.405184490817998,-0.1415915734059361,-0.0017670484730991872,0.02088248961272754,-0.00033260392560663377,0.001823025224574078,0.00023665097186764683,-4.82928601375221e-05
2021-11-14,1.0030881695173135,1.0078548605071729,0.9995961831376644,1.0032818394745018,1935688619.3190129,34575798073.70315,9.35340077665714e-05,9.352963373401202e-05,-0.3639380531339894,-0.4524593196524372,0.0058168867584348,-5.1469900815913165,0.2581944092266814,-0.0018540245522822238,-0.02869058605068986,-0.0003193750828627273,-0.001916965153414444,-0.013393470795101337,-0.0002456964689807606
2021-11-15,1.0097600789669372,1.0097600789669372,1.0010645404549512,1.0050400865469262,2949104657.7259502,34542178833.450165,0.0017524956629788,0.0017509618342118,0.5235429026614122,0.4210384796387966,0.0053777940274315,-5.225477020970493,-0.078486939379176,0.005158263552032528,0.0008434791873632719,-0.024073933850582208,0.0025824457338411294,-0.0004544043134089293,-0.002098877858485615
2021-11-16,1.0028818674055455,1.0070368834660792,0.997255885147109,1.003102746883959,4824136903.8018055,34525006302.973305,-0.0019276242698172,-0.0019294845284509,0.6357971193608605,0.4921302203200351,0.0069000945783492,-4.976220160465724,0.2492568605047687,0.0013833907467072225,0.07301256707481585,0.0256171039593589,0.0009470680654555098,0.030418648721870056,0.004038182857353689
2021-11-17,1.003335750277569,1.010062325622329,0.9980552224675132,1.00583330198964,4739602254.825181,34586541885.3614,0.0027221090901834,0.0027184108610359,-0.0175232690660176,-0.0176786190469332,0.008313704485045,-4.7898499830406704,0.1863701774250534,0.001466292067213324,0.05887015491605041,-0.4315199075168499,0.005095343655176723,0.024216448872021346,-0.01777772818188339
2021-11-18,1.0057577845187218,1.0085922867902612,0.9960050690057456,0.998401892075554,4185735146.309479,34516094265.334915,-0.0073883116609739,-0.007415740420567,-0.1168594069158089,-0.1242708689867633,0.0076185681013871,-4.87716684014527,-0.0873168571045992,-0.002479156338971537,-0.02798980109981386,0.08670779502219528,-0.0011754441348560025,0.014695916053575786,0.017439859475558706
2021-11-19,1.000767548215305,1.0061753950549253,0.9953997295597088,1.0041771240956177,5372242191.624558,34494935728.83917,0.0057844762373773,0.0057678103926107,0.2834644342849095,0.2495630109995983,0.0073142754978306,-4.917927292773932,-0.0407604526286622,-0.0017851648743962237,0.0686694327514985,0.04890988804023966,0.0011973417246847833,0.027492744068332797,-3.6229681726673846e-05
2021-11-20,1.005508176482435,1.0064210731478715,0.9994125522485474,1.0053940167393811,3331585637.0953965,34586388359.59134,0.0012118306766442,0.0012110970025158,-0.3798519280665695,-0.4777970037582358,0.0049408758169968,-5.31021267260642,-0.3922853798324883,0.002296110217859671,0.010603442405461294,-0.0038256954139797017,0.0010221999200993941,-0.004676356275716387,0.0002709947095409504
2021-11-21,1.0063141945917666,1.0074547940967082,1.0014185148324284,1.0024731158007578,2745758973.4522786,35967775798.06098,-0.0029052300789457,-0.0029094584514339,-0.17584019366642,-0.1933908281513242,0.0035225348650587,-5.648574416423874,-0.3383617438174537,-0.0072426943748091005,0.029201027367893317,-0.09545488919394618,-3.980413511714333e-05,-0.00982402897682988,0.000726586096297055
2021-11-22,1.0035953239974291,1.0035953239974291,0.9956405229229222,1.0020264106467869,3694041294.481999,36304329518.024574,-0.0004456031258395,-0.0004457024364155,0.3453625500993746,0.2966635307078865,0.0055424199387284,-5.195324061552701,0.453250354871173,-0.0008533625403588332,0.02612070227482377,0.10375381138431639,-0.0035455357826337866,0.011924986134935978,-0.008824594231162664
2021-11-23,0.9999017290703516,1.0035308971895405,0.9974289872117104,1.000661525029175,4325914700.811839,36630305818.23124,-0.0013621253922148,-0.001363053928291,0.1710520689830148,0.1579025490266948,0.0042867275067657,-5.452231656072346,-0.256907594519645,-0.0026688926863510077,-0.017394041188076415,-0.011719206154711337,-0.00419206129790153,0.02344793866150141,-0.0035559779144973547
2021-11-24,1.0012366070029162,1.0041894313080812,0.9971593583567594,1.0003910202677844,4072608162.731732,36937533993.8235,-0.0002703259340193,-0.0002703624786607,-0.0585556016702246,-0.0603399891027829,0.0049398493516478,-5.310420443865153,0.1418112122071928,-0.005350327992167924,-0.023770228780175984,-0.16012065416700327,-0.004402016621226768,0.017591022868167272,-0.0012888379758715374
2021-11-25,0.9999580024462168,1.002972355931252,0.9977164911774457,0.998732643558676,3888985608.3677983,37293626174.27299,-0.0016577285036649,-0.0016591040559659,-0.0450872136544477,-0.0461352658699986,0.0036361831836869,-5.616820723384008,-0.3064002795188552,-0.0020354140174991247,-0.010759886109759975,-0.03252986000877289,-0.004916919407584362,0.013440817205495392,-0.0034436441883602953
2021-11-26,0.9979628377563338,1.0036863250051442,0.9904544587826758,0.9987734489502098,4514092210.204699,37546854269.22077,4.085717213420104e-05,4.085633750267735e-05,0.1607376999523679,0.1490557512236859,0.0093703922570207,-4.670200320532188,0.9466204028518206,-0.006720365834455523,-0.031783581389596804,0.2932143617931464,-0.00044355800714997515,0.002838841325374375,0.07980637820278513
2021-11-27,0.9999429300274963,1.0025602067809516,0.9952994614045696,1.0021826153043545,4151665907.4658346,38109176159.37032,0.0034133530058573,0.0034075407389432,-0.0802877490892968,-0.0836944286112588,0.0049479629194056,-5.308779318537047,-0.6385789980048591,-0.004114106723598405,0.03039478903916759,0.041085154203713614,-0.00026885347230272985,-0.006462170951134993,7.640223791849365e-05
2021-11-28,0.999736893024412,1.0059418342322883,0.9987952564502308,1.0038433342250102,2740330447.76318,38303536347.13966,0.0016571021042419,0.0016557306254612,-0.3399443720085199,-0.4154311626778571,0.0043503648420174,-5.437495565670435,-0.1287162471333882,0.0002470912152926142,-0.00019819115829733391,-0.06945199637919064,0.0014184911166817045,-0.020550281973331863,-0.0011921206197076373
2021-11-29,1.0004934014057925,1.0050010344152758,0.9966700380534692,0.9990602918932237,3660802603.556324,38442319672.134186,-0.0047647298823567,-0.0047761173944613,0.335898233201944,0.2896038994601266,0.0058182046307416,-5.146763547519803,0.2907320181506323,-0.0008418741506852656,-0.0012143755052385075,-0.001040610810112419,-0.0028461209180725955,0.004650446938736508,-0.0037601085199243656
2021-11-30,0.9992091016130024,1.0042261086863862,0.9901518741440672,0.9990639428254682,3719368735.4368544,38579965702.49008,3.654366282246357e-06,3.654359605066162e-06,0.0159981671296987,0.0158715451484608,0.0099797978379921,-4.607192445578148,0.5395711019416547,-0.002172338583863741,-0.022423146620681678,0.013303757286039719,0.000361624460244202,0.008907730639677425,0.017023887453658126
2021-12-01,0.9977658019593204,1.0040424396588907,0.9951675144400756,1.003052413430754,4158598824.193962,38766781114.04822,0.0039922075397955,0.0039842598248712,0.1180926442092917,0.111624237318753,0.0053503571140981,-5.230591970003204,-0.6233995244250563,0.00308976271094352,0.0032097054955819715,-0.0076180870806288326,0.0029601788658591157,0.014221465359042895,-0.005198932078546825
2021-12-02,1.0007834225567176,1.0022486627034943,0.99856403564009,1.0000607082409407,4088107141.981476,38989923513.06459,-0.0029826010582842,-0.0029870578769682,-0.016950825312213,-0.0170961349714473,0.0025653737892366,-5.965651084178613,-0.7350591141754084,0.002099946479347367,0.0073931402219464815,0.008102207539349315,-0.003467202341768175,0.012279959800444828,-0.001976917958053548
2021-12-03,0.9981847390456268,1.003113999870807,0.9956251980547592,1.000444101957349,3650669879.395522,39078751889.84686,0.000383370442663,0.0003832969749911,-0.1070023968045835,-0.1131713821009348,0.0051090208119176,-5.276747515062271,0.6889035691163414,0.000501074974317554,-0.03246080513876137,0.006464556390270992,-0.0003986699761144752,0.004435770567560837,0.007158973734483709
2021-12-04,0.9985681955358644,1.003567686372032,0.9842895061620226,0.998959496597904,7440218090.770405,39468885475.29645,-0.0014839463359724,-0.0014850484748147,1.03804187630418,0.7119894823343673,0.0137132694873249,-4.289391339197706,0.9873561758645656,-0.0007779035072529374,0.11837249526646687,0.3185921889594203,-0.00623590579922612,0.03689559194931036,0.19469575825722707
2021-12-05,0.999132144612245,1.004093620966487,0.9945414680357318,1.004093620966487,5518394631.026229,40372101451.106895,0.005139472006691,0.0051263099983576,-0.2583020331256417,-0.2988131714131831,0.0060171659226361,-5.113138907482411,-0.8237475682847055,0.003591985173461295,0.09012003140090386,-0.05508715037541201,0.0011806847328255717,0.021991030904995768,0.01499248442170753
2021-12-06,1.001201788493352,1.011914776219741,0.9913781305563216,1.011914776219741,4983444195.792806,40789608457.47253,0.0077892689386132,0.0077590892007375,-0.096939503424738,-0.1019657327092652,0.012901150791619,-4.350438762940724,0.7627001445416868,0.012635565409674017,0.04021036782205911,0.20845600726349556,0.006894369265449254,0.020738301471336484,-0.01851449596365784
2021-12-07,1.0009222152041022,1.0022574034640992,0.9950731952825816,1.000006730798464,4702860871.600766,40833435440.63145,-0.0117678343088954,-0.0118376233217292,-0.0563030934366471,-0.0579502379475564,0.005054919912127,-5.287393269933507,-0.9369545069927828,0.0022434283606125424,0.028885306927108445,0.08522673956678606,-0.005123759769197021,0.01766911067428012,0.008624313422918473
2021-12-08,1.0024941353205297,1.0063492518313837,0.9881460942269634,1.0012602178720715,3301013016.122864,40982837169.57404,0.0012534786366955,0.0012526936882248,-0.2980840585659808,-0.3539416236728986,0.0128847409637352,-4.351711538786893,0.935681731146614,0.00047630862258940326,-0.025140515006132347,0.0024296674747072977,0.0013902601891308606,0.0030825571887334036,0.009677877815316815
2021-12-09,1.000099566894019,1.0053776151950955,0.9925666995199784,1.0022668919812392,3268679981.9488835,40078421319.00225,0.0010054070772003,0.0010049019940193,-0.0097948823637042,-0.0098431677826763,0.0089677605303198,-4.714119296253926,-0.3624077574670323,0.004081236995180177,-0.024627159017548195,-0.008355075255159772,0.0005497739062757687,0.0013979190909232386,0.0006422139371187185
2021-12-10,0.9985747046642346,1.0059683781220967,0.9909472572221816,0.9968071536122204,4603783153.520606,41167687509.28159,-0.0054473897249326,-0.0054622808554884,0.408453314164972,0.3424921620021891,0.0105810024337415,-4.548695109049596,0.1654241872043291,-0.0017651239218026613,0.028588052231992123,0.0068960963252084895,-0.007548016489742623,0.011110608727598503,-0.1533923549065772
2021-12-11,0.9961241561275024,1.0025416988660558,0.995642224692079,1.0025416988660558,4260590142.306574,41449397388.68851,0.0057529134226761,0.005736428609835,-0.0745458679893699,-0.077470708422957,0.0028131853907037,-5.873437846667817,-1.3247427376182204,0.0034067064046685975,-0.09873878423837468,-0.15873452545617805,0.0016587041344744956,-0.00527228902268817,0.028194415634648085
2021-12-12,0.997664222186558,1.003237596699309,0.995970913439138,0.9986690116222678,2394656227.9164715,41571839329.54904,-0.003862868994046,-0.0038703491419132,-0.437951986008195,-0.576167998588616,0.0051021610701174,-5.278091089765256,0.5953467569025603,-0.0025329418531291705,-0.10753375645096952,0.003592819291751148,-0.007285463935474171,-0.009783830891535672,-0.026115428196665125
2021-12-13,0.999231581126135,1.0046905232952397,0.9967028066847072,0.9990324828170194,2841461029.1643243,41222469332.45384,0.0003639556154457,0.0003638893996666,0.186584110086067,0.1710786836235233,0.0056429073986829,-5.177355850074326,0.1007352396909304,-0.0018897757547660491,-0.0810449459065481,-0.2637578891515906,-0.004051396446067514,-0.0016791754554930094,0.019159510597031915
2021-12-14,0.9986617281453704,1.0039149123117763,0.9963849443514304,1.0039149123117763,3858002020.7422857,41688531000.95567,0.004887157904005,0.0048752545145579,0.3577529239867587,0.3058310714836261,0.0042082283114303,-5.470713548499948,-0.2933576984256216,0.001416238857573101,-0.03386447949139537,0.0018267663650375354,-0.0058054880727445015,0.015883900724219302,-0.008943728377329485
2021-12-15,1.001547113540312,1.0061210532478524,0.9963305506841952,0.999419862575372,3661511032.8502207,41759698016.67028,-0.0044775206357412,-0.0044875747541697,-0.0509307633421767,-0.0522735255436741,0.0067870523599547,-4.9927385465481615,0.4779750019517861,-0.0006798677070203511,0.014590337996114755,-0.18176586618435753,-0.003458028556048387,0.005823057965095302,0.011222961386783581
2021-12-16,1.0007977497475815,1.0018527467602325,0.9975363022306878,1.0004420773476854,4513570736.784414,41755226095.60294,0.0010228081415946,0.0010222854297396,0.2327071245422212,0.2092126651824047,0.0030451211760512,-5.794214583521373,-0.8014760369732112,0.001868291695625961,0.0488076351588731,-0.005099433131468878,-0.0028882193440099868,-0.0025343338139798277,0.0018421065853058138
2021-12-17,1.0004251063497358,1.0045892590794196,0.9933349780927988,1.0040745431124398,3448067170.0888944,41880195144.75314,0.0036308606435113,0.0036242849810743,-0.2360666595987841,-0.2692747444059365,0.0076381062279358,-4.874605582454644,0.9196090010667292,0.007949639061165944,-0.04523109413648285,-0.3437961265415792,-0.0016750071900919455,-0.010608841680308956,0.0028070980929277844
2021-12-18,0.9996285944709378,1.00437649597971,0.9979334820177478,1.0006978456735425,3941130123.724378,41973074560.62734,-0.003362994771713,-0.003368662348886,0.1429969108237447,0.1336536821176344,0.0045018872013578,-5.403258592040749,-0.5286530095861055,0.003036112290257297,-0.012872220866540829,0.15499880641939434,-6.965150834320525e-05,-0.002021956630116506,0.001414157283917028
2021-12-19,1.0004683284416795,1.0028811570989733,0.998283544676602,0.9999588471115386,2601173277.596149,42088726079.94105,-0.0007384832146875,-0.0007387560277368,-0.3399930487100909,-0.4155049117596917,0.0032336558326521,-5.734141945057448,-0.3308833530166986,0.0007275605237125776,0.008340243461884,0.021005104617136894,-0.005534215690539094,-0.0231963803711821,-0.01568334521245296
2021-12-20,0.9987582573206192,1.0096064512435774,0.9948498603060324,1.0018044524115024,2856118925.533004,42125715633.05728,0.0018456812550786,0.0018439800783293,0.0980117895769177,0.0935010803492914,0.0102379828443951,-4.581650666627471,1.1524912784299763,0.003141994483211122,0.0005893274685249139,0.22591681731626778,-0.0044915172402958045,-0.004034740582298468,0.005409383922062805
2021-12-21,1.003180148839972,1.008806237212015,1.0002093629742022,1.0041980795783985,3296761051.364013,42408010119.33687,0.0023893157603105,0.0023864658840095,0.1542800343122188,0.1434768026964663,0.0060187474079209,-5.112876113085274,-0.5312254464578023,0.0026433742339759623,-0.02281663459899974,0.00432786872312807,0.0006004159571434185,0.004674226715778218,0.010094611780259388
2021-12-22,1.002035591208254,1.0129358005158156,0.9971602228356016,1.0066219856380076,2632145156.330789,41413588598.8397,0.0024137728491044,0.0024108643787386,-0.2015966230728926,-0.2251413243757071,0.0107301817277961,-4.534694786062059,0.5781813270232146,0.005802724891431659,-0.0432507771656887,0.15955505937865233,0.006698432364365222,-0.00902781954056664,0.014451749225748323
2021-12-23,1.0022051215043384,1.0067157158873905,1.0013909143638198,1.0027430779552473,2769150106.125614,42567289097.86626,-0.0038533905856446,-0.0038608340229477,0.0520506817282866,0.0507412897028664,0.0037351505269082,-5.589967159493723,-1.0552723734316638,0.0023143065652339017,-0.07785701524026578,0.029834019015472002,0.0015034795486341796,-0.013384085131704637,0.02045447142366319
2021-12-24,1.0042718462659916,1.0068321844811443,0.9974682062351355,1.00070753067946,2935362900.0315847,42638365744.04857,-0.002029978885457,-0.0020320420852356,0.060023035059852,0.0582906390763966,0.0062266737931317,-5.07891299034296,0.5110541691507633,0.0010787550148073316,-0.02408513668853729,-0.07713472340746463,0.0007492789333344588,-0.009891807304658329,0.0007985336893021611
2021-12-25,1.0021360508859674,1.004765256660435,0.9990678282217222,1.0009241194409804,2210280218.2579484,42493579354.18537,0.0002164356266745,0.0002164122078633,-0.2470163678112285,-0.2837117882195914,0.0039500316733989,-5.534031681519242,-0.4551186911762821,0.0004554738953499361,-0.08588107854406246,0.0011399111432544018,0.002962932786569742,-0.014782633133940237,-0.0038740821892737642
2021-12-26,0.9970194182176196,1.0041119786417807,0.9970194182176196,1.0036193803923972,1883483362.011544,42498786312.44558,0.0026927725079919,0.0026891534914384,-0.1478531335289116,-0.1599963885210926,0.0028823282895965,-5.849156877553238,-0.3151251960339962,0.004855360477572393,-0.03789305416897193,-0.028627239860801623,0.003669917797987536,-0.023613758935653095,-0.0022242623330659406
2021-12-27,1.0005073348112838,1.0039246879670054,0.9975632507606204,1.0001781543135104,1810360081.4160025,42218641915.79116,-0.0034288158898857,-0.0034347077510158,-0.0388234279475909,-0.0395971490618829,0.0044902309884372,-5.405851133464969,0.4433057440882688,-0.002996964415878775,-0.057919530268694785,-0.11402488592776905,0.0004412800402159546,-0.021496326692062695,0.006270519591624613
2021-12-28,0.9999943110111515,1.0034784616268684,0.989983281261128,1.0009938271799474,2538001133.774213,42166831949.17484,0.0008155275766814,0.0008151952147552,0.4019316708469809,0.337851050511008,0.009553821908458,-4.65081400470956,0.7550371287554087,-0.0010401885390944477,-0.04422872113251941,0.38283919371214914,0.0005000539373278532,-0.0018795298072440403,-2.597376631241488e-05
2021-12-29,0.9999649206617852,1.0115168326356203,0.9998215084249356,1.001439309635597,2902982367.810776,42161037875.28484,0.0004450401626396,0.0004449411616383,0.143806568554919,0.1343617952303764,0.008172171228449,-4.807020649181041,-0.1562066444714807,-0.0007644189698836024,0.016012756943510453,-0.06280341144545787,0.0022294861344411806,-0.0070713024652739875,-0.0022211366112401265
2021-12-30,1.0065599460345735,1.0065599460345735,0.996927617790072,1.0014903754991016,2794277756.1432147,42303511034.599815,5.0992469551980335e-05,5.099116948020056e-05,-0.0374458394487386,-0.0381649437007252,0.0060317197367309,-5.110723112099448,-0.3037024629184071,-0.002773481841144264,0.0014727103263787455,-0.005971153767021065,0.0037259635765894933,-0.008700455518273031,-0.004220497296726133
2021-12-31,1.0032391820770392,1.0052792344760124,0.9934041883610376,1.0021321020754073,2405532321.269169,42391298174.35544,0.0006407715860332,0.0006405663795761,-0.1391219731178797,-0.1498024490704631,0.0083744864556881,-4.782565521874881,0.328157590224567,-3.940401442052386e-06,-0.031521697067940835,0.006458870839339603,0.0013467165299174352,-0.016698116644302985,0.005707018083281223
2022-01-01,1.0003087635261825,1.0068156469473712,0.9984658470042872,0.9985784295668956,2314558684.2221274,42445719185.66491,-0.0035461118361063,-0.0035524141943393,-0.0378185053855536,-0.0385521822708339,0.0057895354666052,-5.151703220908552,-0.3691376990336712,0.001562450739429774,0.006282970065704774,-0.0020408012115602503,0.0003943287141496723,-0.017181805285350293,0.0007790074129641056
2022-01-02,1.0039204800405133,1.0044981118318546,0.9971435353730468,1.00104507385279,1771606046.4105618,42498913182.64639,0.0024701557863255,0.0024671099662568,-0.2345814956055176,-0.2673325301729184,0.0048808530360004,-5.322435271934133,-0.1707320510255803,0.0005373219827933037,-0.006742361616808523,0.0017998909643637262,0.0024773586189120508,-0.018531968035912172,-0.0028160119258928695
2022-01-03,0.99988544290796,1.0050500613593158,0.9975857749374992,1.001471859521576,1896625988.67374,42648255282.945885,0.0004263401118824,0.00042624925476,0.0705687037569555,0.0681900061166114,0.0051782123875797,-5.263295381193915,0.0591398907402176,0.0014764664030734109,0.005202880190989134,-0.0015810540575689203,0.002339009590308437,-0.05676353010607471,-0.14710745869823505
2022-01-04,1.000829366732089,1.0063343079884697,0.9919127471794568,1.0011960527687316,2498239502.200897,42669754282.35321,-0.0002754014006705,-0.0002754393306003,0.3172019771530441,0.275509772546158,0.0102041667919819,-4.584959133091162,0.6783362481027533,0.0012304180209515168,-0.0023947458840893887,-0.09455166379232782,-5.728856176548467e-06,-0.03233661932123866,0.0034543126809678526
2022-01-05,0.9998077875815132,1.00509659936841,0.9926714087463102,0.993468974625091,2680987835.933014,42664800882.38821,-0.0077178471911389,-0.0077477839045673,0.0731508462543799,0.0705990374156772,0.0078575282311306,-4.846283196409323,-0.2613240633181615,-0.013090969062985526,-0.01347661292685487,-0.7226995779405962,-0.0074742360620473096,-0.025374402845535826,-0.036447442613075864
2022-01-06,1.00154495565859,1.005003028089742,0.9962951209893874,1.001127512808624,4800601459.453041,42997460633.1344,0.0077088851077842,0.0076793234805752,0.7906091908031272,0.5825558920111387,0.0061480074399615,-5.091627243163132,-0.245344046753809,-0.0021070695846976653,0.11566721743763964,0.4446104322983384,-0.0013641524836906988,0.0010903457000921435,0.03527517137361791
2022-01-07,1.000597733788647,1.013998238904679,0.9821185943697912,1.0020163756243068,3833173806.429688,42436750041.27296,0.0008878617401983,0.0008874678241083,-0.2015221761678124,-0.2250480839955227,0.0225709157945491,-3.7910931132315513,1.300534129931581,0.0017056295990238843,0.07485117015649934,0.7684554381797133,0.001914783529993975,0.005915754923133676,0.25383977840077776
2022-01-08,1.002736585191235,1.009117444974697,0.991951576088674,1.007598194014303,3431584566.8526006,41164464845.12453,0.0055705859961805,0.0055551276634206,-0.1047667702684052,-0.1106710027765708,0.0117535870289676,-4.443596805919061,-0.6525036926875094,0.0036566581450758074,0.05489287336948934,-0.003985018768593029,0.00899578516632121,0.0018039515546064422,-0.030223056912483948
2022-01-09,0.9994029448446836,1.00547388300772,0.998616679990458,1.0003581824322083,3105033052.5014844,43666401926.75531,-0.0071854154017985,-0.0072113548307847,-0.0951605615392496,-0.099997767087772,0.0048023277945312,-5.338654521428021,-0.8950577155089601,0.0004726819543993528,0.06181095472868847,0.005002929265012668,0.004241492720002223,-0.0167207180021407,0.024755804149152016
2022-01-10,1.0005933470813582,1.0107021162067025,0.9993822862639914,0.9993822862639914,2686426953.13037,43736451027.71179,-0.0009755467445112,-0.0009760228999364,-0.134815344085911,-0.1448123197876233,0.0079286058073259,-4.837278071235327,0.5013764501926934,-0.0014469275972844265,0.03488697278091735,-0.000708585135032358,0.0017206053980430667,-0.017868399867207785,0.005735152051903558
2022-01-11,1.0012671701899318,1.007666121234181,0.9953727932392444,1.0012856725994572,3773288170.5269423,44009808779.836205,0.0019045628100746,0.0019027514298861,0.4045750122221274,0.3397347746244995,0.0086796088287612,-4.746778817136292,0.0904992540990354,0.0014770777238053436,0.05387260766733348,-3.3427219145121256e-05,0.00205356108912151,0.015666204239394688,-0.000477000306409181
2022-01-12,0.9998590606997352,1.0069904867805226,0.9972982157707396,1.001012091269585,2963342722.50532,44382446709.25658,-0.0002732300454894,-0.0002732673796189,-0.2146524228782963,-0.2416288857915024,0.0068012403162292,-4.990650283987356,-0.2438714668510639,-0.0005321839918607017,0.011547311805383487,0.0007193735875667961,0.0023507475906717366,0.0013732773507548757,-0.0004973259643312744
2022-01-13,1.0014087269363197,1.0057392917670718,0.991570638317296,1.0041184413896935,3026383362.8399925,44863808204.81586,0.0031032093889782,0.0030984043728034,0.0212734895143602,0.021050367676018,0.0098908306970992,-4.616147143234823,0.374503140752533,0.0035124286063676095,-0.07487646006501336,-0.004585019611048846,0.0025640658302307946,-0.009407778958490098,-0.0003987112423362582
2022-01-14,1.0002214839508157,1.0067829168152491,0.9926904470384736,1.0045569698486214,2841809187.237147,45124822438.28237,0.0004367298127907,0.0004366344740832,-0.0609883658062536,-0.0629274098679388,0.0095983357541527,-4.646165554479165,-0.0300184112443417,0.001813770738085409,-0.04441621425539566,-0.5125661241805859,0.003749186583030977,-0.009360396963135287,-0.0028546413105865476
2022-01-15,1.000857632264594,1.0085478533236103,0.9976506804387574,1.0009213778783272,2204497997.173908,45323769583.43435,-0.0036190998414376,-0.0036256646271314,-0.2242624849428554,-0.2539410698119755,0.007681630893504,-4.868923398441883,-0.222757843962718,0.0015181871340029986,-0.05785849339760318,0.0010479463507309106,0.0004959376526494161,-0.026848947678598023,0.005256527658242138
2022-01-16,0.999356452723887,1.003234683747009,0.9982055636714644,1.0019971613463796,1797051998.1024678,45425814959.96403,0.0010747931773948,0.0010742160007344,-0.1848248442927924,-0.2043522738540211,0.0031524213809201,-5.7595844290816345,-0.8906610306397518,0.0014019985504358662,-0.06559701973744225,0.00036051348686161333,0.0023666441881930126,-0.019649147358759222,-0.002031683240785398
2022-01-17,0.9997303949357126,1.0029312988831725,0.999296107337496,1.0011300570388704,2198890819.257082,45506069721.71623,-0.0008653760119879,-0.000865750665969,0.2236100132767007,0.2018055167170772,0.0024158869277171,-6.025688801446355,-0.2661043723647207,-0.00013694900233707542,-0.025595145262542474,-0.11633451131368133,0.0006612001949034636,-0.02116222915880428,0.001959272773904175
2022-01-18,1.0025079759189224,1.0053075383476262,0.9961556484323328,1.0022604873779255,2578073089.706187,45601421705.403046,0.0011291543302562,0.0011285173149861,0.1724425183498721,0.1590891952750232,0.0064648565438361,-5.041374456666352,0.9843143447800032,0.0023988855531734323,-0.06566712928863083,-0.007748183300487099,0.0035004506006733977,-0.0002836182200915971,-0.0044946215207422036
2022-01-19,0.9996010732058876,1.0031285114681625,0.9981629507177436,1.0013059088464378,2911764512.123217,45833764625.0833,-0.0009524255854733,-0.0009528794309135,0.1294344306022214,0.1217170035385284,0.0033452663981821,-5.700208947860954,-0.658834491194602,-0.00010267872230535936,-0.002933205443518716,0.007759190778867442,-0.0018700459726754574,0.0006830658823560043,0.00333455668937388
2022-01-20,1.001073302461132,1.0048016272745133,0.9913829568459304,0.9913829568459304,2733731515.305449,46239945371.398834,-0.0099100104302183,-0.0099594414291897,-0.0611426494404071,-0.0630917276512914,0.0073367344917315,-4.914861427484241,0.7853475203767131,-0.008875843966937599,-0.016807735996735573,-0.10458223831342295,-0.010687906739836016,-0.0069329702280747085,-0.043902587321681175
2022-01-21,1.0002063531447871,1.006508840470669,0.97467622522215,0.97467622522215,4782358409.138606,43071635516.2636,-0.0168519455659521,-0.0169955552891248,0.7493884759214393,0.5592662845356182,0.0160673483290421,-4.130966120374892,0.7838953071093488,-0.026507204537376403,0.10651313484074265,0.4909631065039237,-0.027852633621388394,0.026222223247575727,0.017264740300214854
2022-01-22,1.0011727265120092,1.0150126320332242,0.9864448042869732,1.0052708161315482,7441662413.091794,43150794906.44588,0.0313894913179246,0.0309069138276526,0.5560653921026759,0.4421604506460698,0.0200268743333659,-3.910680190739177,0.2202859296357151,0.0059007284400030705,0.2411237635491652,0.47610958232798506,0.0009942261655233062,0.05471683934559479,0.26629534742460503
2022-01-23,1.004079740013202,1.0067229323800222,0.9967508730074124,1.0022597067895718,4880108653.846465,44535596358.58223,-0.0029953215528166,-0.0029998165065509,-0.344217947153703,-0.4219267817556173,0.0069482368354537,-4.969267344331354,-1.058587153592177,0.0025267989061717516,0.1187867532590019,0.006745004192644899,0.0001233847190982336,0.021919841936330897,0.00022869012810788902
2022-01-24,1.0041580096386546,1.0226511718780151,0.996622907913682,1.0015372027143912,4774450519.192033,47924564595.44979,-0.0007208751088028,-0.0007211350642018,-0.0216507750439436,-0.0218885919533077,0.018157592764388,-4.008666471622538,0.9606008727088158,-0.0009688137680847328,0.08944414302540338,0.1709931631544701,0.004521054990107607,0.028186126555343805,0.16621981755450932
2022-01-25,1.0009858720550606,1.0085590736931145,0.990238076605925,1.002403274878575,5265722188.853011,48312202622.05927,0.0008647428790828,0.0008643692043656,0.1028959600033962,0.0979394112562466,0.012933193001553,-4.347958171475266,-0.339291699852728,0.0027993980186435726,0.08552086858532348,-0.0011559104241003482,0.001893185471579992,0.036003532603306354,0.0028317852522641296
2022-01-26,1.0027546097262403,1.0067180571175416,0.9948455828960512,0.9973141039394794,3829650104.499521,48757787199.40826,-0.005076969585631,-0.0050899011831708,-0.2727208221112588,-0.3184448615608501,0.0076769891480194,-4.869527846707852,-0.5215696752325858,-0.003762236434955954,0.027608380545586897,-0.0010610293981390129,-0.0026838205460707463,0.020892970087842855,-0.0006066008435166026
2022-01-27,0.9987469010390714,1.0071928184051788,0.9944075060374438,1.0071928184051788,4411617886.704101,49188395851.186165,0.0099053191233109,0.0098565830167105,0.1519636954615817,0.1414680474208458,0.0073627828652478,-4.911317311014389,-0.0417894643065368,0.006960741608703511,0.048578297453158115,-0.005799648199027896,0.0072021534191180295,0.019002919391812867,-0.007548851899958464
2022-01-28,1.0025949195069366,1.0042874119229412,0.967950536730296,0.9989051546472494,4808923747.233988,49591273301.439285,-0.0082284778112818,-0.0082625185993511,0.0900589921278773,0.0862318159947881,0.0259577255600457,-3.651286004233905,1.2600313067804838,-0.0022674845391548945,0.0007504576337247215,0.14214485411309585,-0.007633968359602705,0.018967234539896793,0.13587887068972382
2022-01-29,1.0003506015743404,1.0054172324076722,0.9964605624787012,0.9992173034983882,3995512490.681075,49703346483.12494,0.0003124909804366,0.0003124421652994,-0.1691462163484653,-0.1853014518926633,0.0062880784700393,-5.069099744601145,-1.4178137403672395,-0.004854443408100796,-0.1023821853205149,-0.00236378617743771,-0.004016950196590826,0.01177203142124128,0.005438631441364361
2022-01-30,1.0031210946007587,1.0037781047119896,0.998057476348935,1.0022488669952243,2133955505.1895504,49788702988.642624,0.0030339381496118,0.003029345047045,-0.4659119424187318,-0.6271945517791748,0.0040050687624812,-5.520194529450343,-0.4510947848491984,-0.0019030469261653179,-0.08982471522832114,0.002558288609452397,0.0019376262100676738,-0.0026493396351057186,0.0015867287560156207
2022-01-31,1.0007130267720787,1.003698587563244,0.99823231997119,1.000912554902196,2218854648.3389544,49879050793.957504,-0.001333313647971,-0.0013342033014923,0.039784870370042,0.0390138363423283,0.0038595277841197,-5.557210438709292,-0.0370159092589483,-7.32476252642344e-05,-0.0915244586736037,-0.29044164444853093,-0.0030006762087935114,-0.0009353059646990403,-0.0006721465623904521
2022-02-01,1.0010944390928285,1.0032301000487007,0.9978342097555142,1.0014459616654388,2762439586.4850564,50040336034.96575,0.0005329204440789,0.0005327784924094,0.2449844736576287,0.21912305888118,0.003807202676212,-5.57086056522317,-0.0136501265138786,-0.0013059054721976963,-0.09858535552016079,-0.03395724195184435,0.001559480923724429,0.009641220578092913,0.0008413210563276152
2022-02-02,1.000651388187225,1.003195621086579,0.9999368981131778,1.0001857778393286,2542288870.197404,50312127914.64577,-0.0012583642796006,-0.0012591566847567,-0.0796943098284271,-0.0830493922035196,0.0022824061099173,-6.082525081098106,-0.5116645158749362,0.0014396453307071685,-0.054754768284091426,-8.989274602644315e-05,-0.0006432624127796599,0.006232913423506403,0.0002580742424478366
2022-02-03,1.000890816162074,1.0033070836244418,0.9985671378299874,0.9985671378299874,2964095597.585401,50639713436.1544,-0.001618339357752,-0.0016196502834297,0.1659161287030472,0.1535071545547487,0.0030208671590566,-5.802211350051322,0.2803137310467845,-0.0040254482150575656,-0.06537466378427936,-0.04926635692705794,-0.0012416588050058633,0.004473141200801223,-0.00014421632626815395
2022-02-04,1.0018205292737077,1.0021236260172144,0.9998234741647816,1.0003799697926,3470996067.3427835,50902276964.18601,0.0018154332282074,0.0018137873210263,0.1710135361930673,0.1578696440646255,0.0013565863893924,-6.602783742384466,-0.8005723923331445,2.9357494389091386e-05,-0.0644786968458888,-1.4411564869369093,-0.0011638658200266313,0.007540204246271998,2.3929561648206032e-05
2022-02-05,1.0109247319384798,1.0109247319384798,0.9996626454060388,1.0016263986237517,5649295015.1770735,51010941316.82687,0.0012459554057346,0.0012451798474386,0.6275717130102898,0.4870891574234017,0.0054560666368427,-5.211027145017986,1.3917565973664807,-0.0014911566259784143,0.07911270873387721,0.3709881049080579,0.0010275222528368408,0.008037474498973296,3.820423092548708e-05
2022-02-06,0.9984807416998642,1.003017336611813,0.9984807416998642,1.0019062275219202,3758109413.270768,51094225923.36657,0.0002793745238274,0.000279335506032,-0.3347648860301248,-0.4076147459701507,0.0023966577136479,-6.033680131537085,-0.822652986519099,0.0011916402865688222,0.07204292617695884,0.0018425101276369205,-0.0008284345834965757,-0.0007082919887224648,4.724247485965449e-05
2022-02-07,1.0016139883433286,1.0042633966055108,0.998903401105993,0.9998952668415768,2099706751.7264872,51193630765.82327,-0.0020071346250808,-0.0020091516191534,-0.4412864233510795,-0.5821183223846481,0.0036304361302072,-5.6184024918597295,0.4152776396773552,-0.001198579274301464,-0.0051122274586745675,-3.796225681984566e-05,0.0004924948203989832,-0.012651466916629772,5.6730455527898016e-05
2022-02-08,0.9991344731335492,1.0029838716164277,0.9991344731335492,1.0018371663131311,3241657920.9723787,51517987952.61301,0.0019421028741222,0.0019402194305019,0.5438622170962304,0.4342872099886949,0.0021387642226895,-6.147527082779036,-0.5291245909193067,0.001184304661154419,0.02040466376456962,-0.051240626178587156,0.0012423096665995419,0.0013051875871070706,-0.0001663134654341647
2022-02-09,1.0009916193889916,1.004403849947629,0.9986537898646874,0.9997749844006864,3106719248.2945147,51724139761.53876,-0.0020584002887753,-0.0020605217063006,-0.0416264380657991,-0.0425176376293632,0.0039887214497443,-5.5242845380923695,0.6232425446866667,-0.001115460539957974,0.023510821392836334,0.00040134483787923614,-0.0014914089265049846,0.00400443618405788,-8.708816448699253e-05
2022-02-10,1.0008004941539883,1.005726937742108,0.9948048276422936,1.0020777720759884,3515218109.777085,52000035544.39639,0.0023033059550718,0.0023006574120674,0.1314888243303036,0.123534309180375,0.0076803201897888,-4.86909404131286,0.6551904967795092,0.0002567423741219087,0.02243517297345221,0.26370116060001436,0.0022165657260869542,-0.0024569239590768177,-0.00034402404293665256
2022-02-11,1.001947437320527,1.00237105748208,0.983593508780702,1.002169516403551,4116728999.619011,52029675475.62116,9.155409901207e-05,9.154990819133632e-05,0.1711162354816358,0.1579573414158793,0.0133712589346994,-4.3146477311419,0.5544463101709605,-0.008698321744536842,0.025661809196900975,0.493215241906964,0.000759430789713058,0.010934174623667303,0.0005547033566526416
2022-02-12,1.0003195478548763,1.003280186708435,1.00006694467277,1.0011469581125143,3081196053.3522406,52345140071.58457,-0.0010203446366101,-0.0010208655425647,-0.2515426559199318,-0.2897410652833455,0.0022093352223386,-6.115063613074859,-1.8004158819329588,0.0026667144018225728,-0.10620466084947822,-0.17342627089266038,0.000924841431705744,0.0005166637436175847,-3.561877049973461e-05
2022-02-13,1.0008991098205666,1.001803382601454,0.9996258726931874,1.000674121693679,2017202272.0933647,52403147902.55347,-0.0004722947165786,-0.0004724062828577,-0.345318429218837,-0.4236063130359695,0.0015322755605537,-6.481001354025245,-0.3659377409503861,-0.0009387926881912037,-0.07899776230539146,0.004890404171147722,-0.00018337013246606711,-0.007801076421742437,0.00010504854953286014
2022-02-14,1.0002074574583553,1.0029424855055695,0.999086925003928,1.0009765067488643,2191770119.481627,52424616184.81055,0.0003021813481831,0.0003021357005952,0.0865395849505481,0.082997953507221,0.0026813116649441,-5.921449176971838,0.5595521770534067,0.001841931927411803,0.004337613658584871,-0.001965614112109826,0.0016197847178560819,-0.0001208884716703551,-0.0003311952315279143
2022-02-15,0.9999529954104832,1.0013024451440555,0.998075579497968,1.0005164279089782,2786697750.739479,52535019986.881424,-0.0004596300080812,-0.0004597356703316,0.271437057184883,0.2401478018508659,0.0022554391419941,-6.094410583526334,-0.1729614065544957,-0.00047483345328857754,-0.021621328738120837,0.0024776780344435423,0.0007859360202441993,0.009356246227110177,0.00025652880713922244
2022-02-16,1.000037253691459,1.0027005255796402,0.999637412201568,1.0003924054734477,2724178919.92335,52584763617.47404,-0.0001239584199429,-0.0001239661034228,-0.022434736885096,-0.0226902240163818,0.0021521354018567,-6.141294719583521,-0.0468841360571872,-0.000407845426868466,-0.01854860498104216,4.613890675742027e-05,-0.002112507693233383,0.004930809111051815,-0.0004918146212768981
2022-02-17,0.998353257684174,1.001750758897644,0.9981137386011134,1.000843891285118,3026275367.949642,52673686938.88891,0.0004513087156601,0.0004512069065121,0.1108944958853115,0.1051655429486632,0.0020534505092444,-6.188233725542576,-0.0469390059590546,-0.0011020081137041661,-0.02422003309141374,-0.1169909493144985,0.0012425417956414707,0.004188077100810261,0.00037338635670591813
2022-02-18,0.999304330820244,1.0023180116690316,0.9990937267694396,1.001015511917538,3392849038.3606486,52589324418.29558,0.0001714759253808,0.0001714612250647,0.1211303089908064,0.1143373808586269,0.0020149248022534,-6.207173403260795,-0.0189396777182189,0.0006954998237975635,-0.03697060374189931,-1.3434505744767948,-5.773024972230319e-05,0.004475902241605212,0.00019696682989289727
2022-02-19,1.0007035124134895,1.002761652382109,0.9992334491726214,1.0009887805662263,2598771483.1114874,52612351725.244026,-2.670423284489853e-05,-2.670458940927232e-05,-0.2340444700813574,-0.2666311658632967,0.0024860289483311,-5.99706864141954,0.2101047618412543,8.958618127438337e-05,-0.025420287434329225,-0.0600926912215094,0.0007819601878172281,-0.0012536173703701081,-7.774160388773765e-05
2022-02-20,1.0024519527252072,1.0037248244837178,0.9999328317545092,1.0001742213497224,2188996990.6903224,52685033331.69849,-0.0008137545917777,-0.0008140858697771,-0.1576800788696301,-0.1715953830674466,0.0022725600278352,-6.086848317372504,-0.0897796759529638,-3.322976708698203e-05,0.009126603035998215,0.1487909221078283,-0.0009978332304672708,-0.024399597022831898,-4.9122552005620435e-05
2022-02-21,1.0016246907237534,1.004483784091334,0.9989493408319966,1.004483784091334,3073814910.029402,52687377412.759056,0.0043088120545597,0.0042995557036245,0.4042115741146099,0.3394759880642719,0.0034819723838735,-5.660156368778006,0.426691948594498,0.004520767572837222,0.045590280935730476,-0.11776890451576882,0.00040232143891206855,-0.04249033375900879,0.00010659929383916023
2022-02-22,1.001661979592078,1.0028987354252994,0.9958538991380927,1.0005015647584072,4272626368.143363,52733757920.44147,-0.0039644436236759,-0.003972322861723,0.390007691810726,0.3293092808040709,0.0049322409760688,-5.311961835167868,0.3481945336101386,0.00046418601928966964,0.07239397089974275,0.5411068512290145,-0.0036479499879206565,-0.006055218689812847,-0.0016832763838054987
2022-02-23,0.9993877363462866,1.003016520956088,0.9982631632143272,1.000002462281305,3062656511.396808,52820054897.25997,-0.0004988522703837,-0.0004989767385734,-0.2831911223897487,-0.3329460323391662,0.0033371753464755,-5.702630534451488,-0.3906686992836201,0.0016505619645912405,0.01578255855984878,-0.013219999403109028,-0.0009829241241005907,-0.01726260720828421,-0.23395558212061163
2022-02-24,1.0004966672036024,1.0029310687044262,0.9928862654342112,0.9996269274935172,5419448569.319546,53041193520.32428,-0.0003755338631178,-0.0003756043936172,0.769525426423957,0.5707113899705352,0.0070971397016948,-4.948063435020536,0.7545670994309512,0.0003227691544990951,0.10500223585238189,0.31109042135330256,-0.0031239648570608397,0.0015624922560171228,-0.0018039981604891508
2022-02-25,1.0011146401326076,1.0033919645128024,0.9983475120779306,1.0005014720546803,6104995066.11372,53283802179.87776,0.0008748709514618,0.0008744884749331,0.1264974633535918,0.119113229093212,0.0035434726426757,-5.642648060168264,-0.6945846251477272,-0.00020191870504399754,0.10702578519502381,0.00018170428514796555,0.0017552311055337813,0.022845839335204232,0.001370735619300234
2022-02-26,1.0017688201964297,1.003240563508985,0.9998506206813236,1.003240563508985,3961426922.22095,53370205482.56904,0.0027377185649506,0.0027339778392942,-0.3511170968492377,-0.4325030051350585,0.0022125997491312,-6.113587097745363,-0.4709390375770992,0.0007863726050063862,0.04973741429958167,-0.0016576464915081246,0.0006437656824931244,-0.004478962318980706,0.0005462351814520261
2022-02-27,1.0025797638859042,1.0049154087156684,0.9991709208515568,1.0024682408282966,2538531070.374342,53403199609.69447,-0.0007698280041499,-0.0007701244738914,-0.3591877067995666,-0.4450186992665056,0.0040531054112953,-5.508271923459191,0.6053151742861722,0.0008418273834304202,0.012369222068819852,0.03620910871479399,0.0021146595970221896,-0.022899054298360255,-0.4627586144300211
2022-02-28,1.0019103025056375,1.0037843130788449,0.9973368871467708,1.0010763021812907,4087698344.187504,53486503300.29957,-0.0013885114663141,-0.0013894763416238,0.6102613010699591,0.4763964646285629,0.0045269880887447,-5.397698441690435,0.110573481768756,-0.0005848766489493007,0.03503703164201255,0.000979229218143196,-0.002040510712408089,0.0009400666738450525,0.00015914324162213944
2022-03-01,1.0005005774506812,1.0019124519444895,0.9986441067256578,1.0004513718000232,4835845810.304093,53549039883.13538,-0.0006242584904925,-0.0006244534209528,0.1830241380654755,0.1680739889009166,0.0023102259557279,-6.070409942899675,-0.6727115012092408,0.0010637211260606091,0.018945690388733283,-0.002111062538777908,-0.000261502726845768,0.027167228016633516,0.0021105442757543003
2022-03-02,0.999670187748089,1.0020102511525633,0.998404855748859,0.9998384737512056,4604820254.380314,53602984323.46416,-0.0006126215287354,-0.0006128092579793,-0.0477735570955377,-0.0489524122812597,0.002546725280295,-5.97294694891403,0.097462993985645,-0.0006580832008345515,0.05011052765352986,0.0018681846747359288,-0.0012553799265418969,0.02339195185239973,-0.000775914886728124
2022-03-03,1.000719021124416,1.0034584846544483,0.997851171858421,1.0034584846544483,3710645371.7138906,53541590860.76418,0.0036205957244885,0.0036140571454035,-0.1941823639730223,-0.2158978201067637,0.0035796023339708,-5.632503564635776,0.3404433842782541,0.002338498467311985,-0.05567868723492353,-0.501385039487718,0.0028013417238152913,0.009146346898706526,-0.00324076129267592
2022-03-04,0.9993073172499785,1.005516642217707,0.9975582241264456,1.0013798993828047,3566236133.9242587,53221778239.91914,-0.0020714212928892,-0.0020735696532612,-0.0389175529654377,-0.0396950807318477,0.0054692928139963,-5.208605955367558,0.4238976092682183,-0.0003883094796811607,-0.08890526611020988,0.11346401023872854,0.0004885285757421813,0.009783895150572874,0.003929100166241373
2022-03-05,1.0012360738385535,1.002512562764435,0.9984033365171509,1.0019857379407666,3218362616.784141,52929362050.20003,0.0006050037137108,0.0006048207727469,-0.0975464058116982,-0.1026380092790496,0.0028668393973169,-5.854545111328022,-0.6459391559604644,-0.00059267303760785,-0.027590424677843117,-0.001164127346506838,0.0001648948505016723,0.00241477655528044,0.0001087601368547908
2022-03-06,1.001521541191244,1.0042507311018831,0.999697059744759,1.0020092394746356,1936933039.231126,52980802748.045296,2.345495846811652e-05,2.34546834048792e-05,-0.3981619631269044,-0.5077669116105813,0.0031993172512468,-5.744817850926094,0.1097272604019279,9.874345452089537e-05,-0.02290912530656186,0.0019814603762995375,-0.008858264492943758,-0.014658346958949409,-0.042058982572924286
2022-03-07,0.9999293398593808,1.0031890399916747,0.9984695777404988,1.0009346052086014,2967115448.233824,52662797912.07248,-0.0010724793980917,-0.0010730549156453,0.5318626860800686,0.4264844368053078,0.0032753959484764,-5.721316516904621,0.0235013340214731,0.00043371653349996383,-0.04412415994953989,-0.028638450631996548,0.002454582280335203,-0.02615676558124136,-0.17100173231809102
2022-03-08,1.000518372969867,1.003516248815371,0.997367053244395,0.9994966223544076,3651126679.5418286,52561119657.12959,-0.0014366401628147,-0.0014376731197369,0.2305307101262819,0.2074455479745852,0.004299588083703,-5.449236055358871,0.2720804615457499,-0.00017363773071900573,-0.04886895780608924,0.02480919299938833,-0.0021161916465578905,-0.0010576251554326177,0.0012165105211163763
2022-03-09,1.000084905602014,1.002331947996596,0.9979171041202596,1.0010501201094004,3728238695.008432,52430526847.72888,0.0015542801448726,0.0015530735016342,0.0211200602539158,0.0209001231154137,0.0030632579668083,-5.788276234368213,-0.3390401790093413,0.000330806366412327,-0.03776059131844889,-0.00046283515223244365,0.001915470770084174,0.015979731124925678,0.0006353021789680113
2022-03-10,0.999974133310604,1.0013964683384604,0.998262419689301,0.9997277814274848,3403681230.214573,52383078259.255394,-0.0013209515241565,-0.0013218247496982,-0.087053831941714,-0.0910783617264732,0.0022111904670797,-6.114224235597865,-0.3259480012296523,0.00042066713484422303,-0.01356757850038548,-0.00039455138290112046,-0.001263383689982841,0.0015759523847904688,0.0016236733335341924
2022-03-11,1.0003230850131173,1.0027375907777727,0.9941703723242616,1.000656849304543,2999550698.9635053,52559586545.73348,0.0009293208554548,0.0009288893041743,-0.1187333665866209,-0.1263950502384615,0.0060638118695983,-5.105416655266074,1.0088075803317906,-0.0005786768547687726,-0.02554116067031842,0.21461555970963175,-0.00014354025596555634,-0.0010421183670530354,0.0012305828002308061
2022-03-12,0.9997283561050168,1.0020789020752014,0.9985120573569471,1.0002071695653816,2755928926.516728,52411785771.98434,-0.0004493845612247,-0.0004494855647274,-0.0812194214723428,-0.0847079462577576,0.0025037727723191,-5.989956575740864,-0.8845399204747899,-0.0013132367115438201,-0.021336886666194488,-0.005316351969478106,-0.001738395414040833,-0.0074146781816537555,-0.011833789322046151
2022-03-13,1.0003452289175847,1.001736543339258,0.999459895482958,0.9995652441038372,1754067273.154977,52414951945.50112,-0.0006417925016707,-0.0006419985386383,-0.363529568459526,-0.4518173168312512,0.0015340905106761,-6.479817574729372,-0.4898609989885081,-0.00036418779274327546,-0.008564735569144943,-0.06928380383340649,-0.000754347240242155,-0.02343017732036401,-0.5550952209370896
2022-03-14,1.0010941313432664,1.002057534940768,0.9993019227178552,0.9996127401966391,2729392577.547105,52461661139.37464,4.751675098968455e-05,4.7515622104632736e-05,0.5560364299128879,0.442141838022547,0.0017159300603288,-6.367800036131068,0.1120175385983044,-0.0009055734688149961,-0.011244836586172369,-0.0030459748415321286,-0.0012860406712515366,-0.003536222166562908,-0.002636911757527116
2022-03-15,1.0007202201479637,1.001222095454359,0.9976290080725032,1.0003969172113636,2895877186.823629,52431411088.39448,0.0007844808126096,0.0007841732683681,0.0609969451247438,0.0592089803861778,0.0025342144348097,-5.977871577613104,0.3899284585179643,0.00031193646282741676,-0.036587895907405965,-0.08348267747140081,0.00018940251853249304,0.008808896748160322,0.003927771160035398
2022-03-16,0.9998504694718322,1.001295644016585,0.9977155789814712,0.9977155789814712,3534849536.7772737,52318418258.3992,-0.0026802743828586,-0.0026838727494203,0.2206489808549194,0.1993826688295367,0.0021563527749893,-6.139337014557293,-0.1614654369441899,-0.0022611672649108924,-0.009588013731640643,-0.02706159472792713,-0.0022400285945882547,0.013316457911361823,-0.012193588987612358
2022-03-17,0.999926767465406,1.001822377545992,0.9989857876662506,1.0006897874150755,3921558574.5862746,52496836968.27385,0.0029810183345444,0.0029765839099372,0.1093990094304167,0.1038184357509265,0.0019481055664338,-6.240897883015637,-0.1015608684583435,0.0003665167886884026,0.025472066569275142,0.026867070517155867,0.0006522966235243079,0.011115405039667792,0.011250606465648794
2022-03-18,1.0006617430101563,1.002597725956068,0.9975858569780978,0.999620986751352,3450798422.021944,52760398582.799416,-0.0010680639266683,-0.0010686347134047,-0.1200441466347332,-0.1278835393986511,0.003484086230297,-5.659549469925873,0.5813484130897644,-0.00010740429545400759,0.021677891888792544,-0.5372494129035132,0.001269014593994712,0.007052546426177031,-0.0028787812538197954
2022-03-19,1.000180956940051,1.0005492655211012,0.9981861360768528,0.9981861360768528,3376299863.7168984,52886682886.35212,-0.0014353947081106,-0.0014364258739661,-0.0215887887943898,-0.0218252359609961,0.0011207265680769,-6.793778082506731,-1.1342286125808585,-0.0021606803060826543,0.029055613692293036,-0.07734171165563719,-0.0011195996964463906,0.0033796576641833553,0.000868835835267312
2022-03-20,0.9998901531646284,1.0007486226077618,0.9983862746648792,0.9998620540716966,2378638072.686743,52952870112.73492,0.0016789634059941,0.001677555522571,-0.29548968732056,-0.3502523094546715,0.0016710646082416,-6.394294365698819,0.3994837168079117,-0.0012314886615317209,0.028423626229148624,0.0536305572774074,-0.0008412205083514996,-0.00982427397792307,0.0013259253976567464
2022-03-21,0.9995387480920084,1.0026317469157446,0.9983861555596636,1.0005951502279815,2605045006.27807,52973000439.28971,0.0007331972978668,0.0007329286400394,0.0951834313051223,0.0909218664126568,0.002927856190665,-5.833484799299284,0.5608095663995352,-0.00012498771757452068,-0.005594895404005484,0.030399661340610784,-0.0018539783975561415,6.106684314488575e-05,-0.006665872915940341
2022-03-22,0.9990389697376056,1.001772173350357,0.998441217695218,0.9992557710880968,3235200126.856761,52908569318.95087,-0.0013385824822151,-0.0013394791840415,0.2418979783689105,0.2166408371171635,0.0023512276555843,-6.052817680601259,-0.219332881301975,-0.0005949642787484356,0.015194268526457222,-0.005163709726040189,-0.0023678783292820525,0.010131989464909452,-0.005362503842630595
2022-03-23,0.9994123570756523,1.00146398715088,0.9984140004587952,0.999589398723176,3040852831.6528053,52534604860.1124,0.000333876115337,0.0003338203911098,-0.0600727273687327,-0.0619527762524698,0.0021539879696457,-6.140434285386229,-0.0876166047849702,-0.0003374503803832579,-0.022197632183477367,0.0036697932906584185,-0.002071285628928004,-0.0003176610749306974,0.0032610777908352873
2022-03-24,0.998884668090607,1.001096138012502,0.997692318308448,0.9986977050818072,3472136649.2421203,52397693469.31886,-0.0008920599223118,-0.0008924580445479,0.141829888345796,0.1326321407212714,0.0024055133884727,-6.029991931064863,0.1104423543213659,-0.001964667795954151,-0.020631859610546144,-0.0605691640635202,-0.0006906924775130621,-0.007745598884302041,0.009326383510702918
2022-03-25,1.0002616763821996,1.0002616763821996,0.9957806950296084,0.9992690716235396,3640664697.71176,52410955918.40834,0.0005721115997614,0.0005719480063129,0.0485372741612646,0.0473961207148517,0.0031142738029057,-5.771759283004768,0.2582326480600949,-0.0009121362041641468,0.008768279898827558,0.36214944331999366,-0.001227739540115931,0.0055988638880357655,-0.0025028134888316345
2022-03-26,0.9991693696620064,0.9999459740546742,0.998237244771522,0.9995808528685644,2860671839.5289025,51881206147.65522,0.000312009301477,0.0003119606366972,-0.2142446291945261,-0.2411097680679109,0.001181966968513,-6.74057530580915,-0.9688160228043818,-0.0003093821291709784,-0.02399386738290943,0.006096485178006539,-0.0015332543806756461,-0.025026855189501873,-0.11130512411641735
2022-03-27,0.9988006983717904,1.000868628577198,0.9988006983717904,1.000868628577198,1976739160.7050009,51979310182.29024,0.0012883157024645,0.0012874865358657,-0.3089947845851023,-0.3696079076092345,0.0006974271399516,-7.268112508575712,-0.5275372027665615,0.0013296098550929323,-0.019109270533292033,-0.013954510977958634,-0.0008990061385416799,-0.041746487878821625,0.00467169448048832
2022-03-28,1.0006601158714568,1.002162519354054,0.997053287828377,1.0017375915299862,3548746600.1173525,52078985948.10502,0.0008682088018119,0.0008678321265562,0.7952528440078546,0.5851458721918865,0.0035517636533936,-5.640310995088094,1.6278015134876176,0.002697576012326925,0.04430591116966198,-0.1300805387933064,-0.0008403583426590171,-0.004270618607353782,0.0003073877441153172
2022-03-29,1.000243370681053,1.002463324888849,0.9987815257041665,1.0004369138655094,4055423277.591812,51915581677.59172,-0.0012984215382096,-0.0012992652178354,0.1427762347014871,0.1334605954822653,0.0025990282875694,-5.95261763936143,-0.3123066442733355,0.001024634100561945,0.036975976339245875,0.11086690753901696,-0.0014716617517704887,0.015608660847870937,-0.004416284678777416
2022-03-30,1.00109088899508,1.012365835904481,0.9985320515276618,1.0073021990231454,3984311921.545165,52042434000.07381,0.0068622869293275,0.0068388486042899,-0.0175348788965068,-0.0176904360179823,0.0089373534744071,-4.717515765568328,1.2351018737931012,0.008391621405620836,0.04090658063742936,0.802026574942114,0.00677521484714391,-0.0010561334051146787,0.4183790048763534
2022-03-31,1.0078603676093456,1.008450562737535,1.0003389052671705,1.0064576537556964,3859849761.1515336,51931472672.65858,-0.0008384229363025,-0.0008387746093935,-0.031238056368178,-0.0317363694803128,0.0056447555897111,-5.177028379091772,-0.4595126135234437,0.00617525029042831,0.016337128704631,0.054061853367128876,0.006766759093268221,-0.010025542620294203,0.00015070101316183582
2022-04-01,1.007539870387988,1.007539870387988,0.9964165762644392,1.0072047982322356,4656696393.717609,51625238991.58842,0.0007423506331847,0.0007420752272435,0.2064449866899347,0.1876780076044276,0.0078471859353966,-4.8476002910242855,0.3294280880674867,0.00800994317110075,0.041587973162641845,-0.0917131630757897,0.006460204916008932,0.0005354143968361313,0.005307339155991464
2022-04-02,1.005591108743445,1.0079946339450372,0.9966179683793138,1.0062781752798415,4224622057.692075,51943554642.96673,-0.0009199945770913,-0.0009204180318395,-0.0927855929384724,-0.0973764653350042,0.0080148588414802,-4.826458104868569,0.0211421861557168,0.007458571002658867,0.05324111564864609,0.016002979844505383,0.006951472402299548,0.005289327873178706,-0.008652868694690063
2022-04-03,1.003268137530022,1.003268137530022,0.999408591464888,1.001270638420248,3465284257.1413445,51675342493.00423,-0.0049762948085412,-0.0049887177943148,-0.1797410017230177,-0.1981351370371451,0.0024277201733136,-6.020802662297465,-1.194344557428896,0.0006099337516141857,0.05504193955496817,0.09285842608352102,3.452131419738722e-05,-0.0010366890330573142,0.060234212146600186
2022-04-04,1.0006242293551315,1.0022042020367434,0.9976512089794162,1.0002171604080414,3410703012.04482,51664987525.05788,-0.0010521411212744,-0.001052695010291,-0.015750870937656,-0.0158762340331099,0.0032097430404471,-5.741564394749283,0.2792382675481812,-2.620423907966042e-05,-0.004978875748928857,0.0005691620323338142,-0.0013032479881412585,0.0019742446621258125,-0.0019971924415207454
2022-04-05,1.0004016879143842,1.0004016879143842,0.9985946288273844,0.9988734018062194,3863888748.6614656,51481027287.25424,-0.0013434668540117,-0.0013443701146968,0.1328716499256108,0.1247556922445421,0.0008552576818604,-7.064107752141118,-1.3225433573918348,-0.0022175276906236338,-0.006949473607640755,-0.0075891826133620555,-0.001056570645399278,0.019566708939354527,0.0006858801829068284
2022-04-06,0.9991281002794736,0.9991281002794736,0.9950148129181172,0.9970526033081692,4989749098.768575,51207174350.97823,-0.001822852119956,-0.0018245155366307,0.291380115562885,0.2557115035099022,0.0026151380767671,-5.9464383810362245,1.1176693711048935,-0.010781384675930927,0.03595333215052321,-0.5070211795003781,-0.0034699874802063247,0.020134546602474046,-0.013031371562688854
2022-04-07,1.0014919605140231,1.0021351354647776,0.9953573254071648,0.9961006262880554,5124080920.726907,50945793257.11618,-0.0009547911684451,-0.0009552472718782,0.0269215584389772,0.0265655487099734,0.0034310177409667,-5.674898344333209,0.2715400367030156,-0.011418583732852509,0.04344686037956791,-0.1462963765927725,-0.003991898088810179,0.014411720548231699,-0.0047288795262367955
2022-04-08,0.9965315374775506,1.0018795310099204,0.9965315374775506,1.0018795310099204,3768132394.6787415,51057072996.33536,0.0058015270439091,0.0057847629927027,-0.2646227776308828,-0.307371683712514,0.0018047958376862,-6.317307802909724,-0.6424094585765152,-0.003697769610386787,-0.030338327962358136,0.4252847588187345,0.0019036339255746105,0.00038745480087598594,0.0147990663697799
2022-04-09,0.9983373652753,0.9995975736632828,0.9968636369927972,0.9969046503611416,3567595614.67536,50875512698.48345,-0.0049655477478055,-0.0049779170438989,-0.0532191438619763,-0.0546876210883147,0.0017186470634316,-6.366217888709954,-0.0489100858002302,-0.006362958917745522,-0.023040070223309783,-0.7245747357534551,-0.0034231829746622323,0.0015903923304669831,-0.009680425440191875
2022-04-10,1.0013035144964793,1.0013035144964793,0.996221154605985,0.9965742769970564,2108080545.2610192,50884331308.766624,-0.0003313991603566,-0.0003314540851934,-0.4091032804868924,-0.5261140323245317,0.0020710238854912,-6.179712163322181,0.1865057253877733,-0.004055638832491474,-0.04934343916237083,0.028515347449658,-0.0031599234305932588,-0.008680250101619436,-0.04706550001661025
2022-04-11,0.9976990544944814,1.002439266452728,0.9953347119007538,0.9964889913869898,3859143726.211661,50799825337.72491,-8.55787792592988e-05,-8.558244133196051e-05,0.8306433949533119,0.6046674870045817,0.0049724138238582,-5.303849877932676,0.8758622853895046,-0.00391879392818617,0.016574641865730655,0.051849042549397595,-0.003862356008587684,0.010730982312686876,-0.006587856731063546
2022-04-12,0.9964207666007672,1.002968969049724,0.99517515576866,1.0004613949884735,5017972094.401687,50657099306.0432,0.0039863998858178,0.0039784752473301,0.3002812153170551,0.2625805605484648,0.0049093670980027,-5.316610246094553,-0.0127603681618762,0.0013335686247103323,0.04143371205057278,0.17853459271237693,-0.0006322446392778322,0.031089960916290238,0.019146632397086805
2022-04-13,0.9957089061421188,1.000607359033746,0.9957089061421188,0.9990389702717914,4544376946.897714,50577689133.42423,-0.0014217687197199,-0.0014227803918891,-0.0943797890052717,-0.0991352539877247,0.0027812670127128,-5.884848695137984,-0.5682384490434309,-0.0024523404600593763,-0.01578691064689508,-0.049199446564841764,-0.0016814527272490888,0.016879187848786614,-0.0031508731599370066
2022-04-14,1.0000578524126749,1.002067065372391,0.9964233983409014,0.9997827311902292,5727132142.198966,50304815234.22719,0.0007444763823731,0.0007441993972952,0.2602678451022153,0.2313242738503698,0.0039900372167978,-5.523954720605603,0.36089397453238,0.0032571991676117592,0.021316885991907952,-0.03262200216848665,-6.775070708613524e-05,0.025774405740452977,0.00366188096621034
2022-04-15,0.9996673839927938,1.0007776019268857,0.9981399936890488,1.000422228680075,7662870434.027552,50191274334.52002,0.0006396364628988,0.0006394319826872,0.3379943475663105,0.291171737157734,0.0018061488544682,-6.316558405197664,-0.7926036845920601,0.0020861580023930253,0.1277031698101041,0.04391464286823954,0.0004953747828562645,0.0364277667721602,-0.00031135349248501143
2022-04-16,0.9997161046239984,1.0011566207911713,0.9977184575145164,0.9979447130826768,4467678339.837401,50073979594.70553,-0.0024764699607553,-0.0024795414845608,-0.4169706537124339,-0.539517757213131,0.0021684518010271,-6.133741821808318,0.1828165833893456,-0.003360067576957535,0.027328928787774487,-0.048933129825110555,-0.002718926072727567,0.004721355968943186,-0.009330419209296004
2022-04-17,0.9992966435291823,0.9997828273696132,0.998044990580139,0.9990770930526076,2863793400.9854984,50037510639.70325,0.0011347121289242,0.0011340688297101,-0.3589974068970855,-0.4447217766672869,0.0012225685698286,-6.706801248348864,-0.5730594265405458,0.0013802636600975856,0.02238240568492955,0.06510900327485025,-0.0011042736575404752,-0.005075718788997818,0.0080690592579451
2022-04-18,0.9998454945463386,1.0006812646473109,0.997164873479512,0.9988550399576605,4141495411.8880086,49931794271.46955,-0.0002222582186012,-0.0002222829216194,0.4461571880369663,0.3689098232483224,0.002411722653339,-6.027413992906465,0.679387255442399,0.0024400381708170036,0.00823568149805709,-0.02705506151257442,-0.0010357631408638946,0.006611414327132081,0.0001900698235077769
2022-04-19,0.9991704090642644,1.0007120531542184,0.9957207916254724,0.9999372943158636,4638634634.60732,49852545563.52847,0.0010834949165887,0.001082908359621,0.1200385786477733,0.1133631299350063,0.0035033645526078,-5.654031471495327,0.3733825214111377,0.004237619373965487,-0.011080301976900131,-0.37370714883166833,0.00039865066715523005,0.019275362044879785,0.0011831199707517115
2022-04-20,0.9994108244555708,1.000499181170586,0.9979092781336028,0.999908097721534,4580073568.588626,49804478419.30511,-2.9198425236853787e-05,-2.919885151916981e-05,-0.0126246343227356,-0.0127050021446518,0.001806532169933,-6.316346199656347,-0.6623147281610198,-0.00014975724102777641,0.0010479334048589806,0.20750329552231062,0.0008695858463137752,0.01654593899626633,-0.0007728967957820743
2022-04-21,0.9988019643947053,1.0005627398044816,0.997191289479896,0.999476786244436,4667820754.375583,49841895060.276665,-0.0004313511192486,-0.0004314441779042,0.0191584664466419,0.0189772538737812,0.0023494509863755,-6.053573600939036,0.2627725987173104,-0.00019067934346389374,-0.031574829895550494,-0.15466021422946596,6.446497447970847e-05,0.011832847929497348,0.0009729819665320605
2022-04-22,0.998851982144865,1.0012745883559084,0.998851982144865,1.000061485776803,5000881440.670415,49874216280.28117,0.000585005615352,0.0005848345662735,0.0713525012678826,0.0689218701497732,0.0015389664104494,-6.476644249932469,-0.4230706489934324,0.0003454195685525919,-0.08404671769912397,0.020392811025874202,0.001177438241522555,0.015965483811413606,-0.0017897824801913487
2022-04-23,0.9994630211970946,1.001287174403545,0.9994630211970946,1.001287174403545,3656689241.400851,49903372752.67213,0.0012256132689578,0.0012248628181277,-0.2687910551803368,-0.3130560258485531,0.0006148788576347,-7.394085289016523,-0.9174410390840544,0.0019899506467853535,-0.027075339960603628,-0.04806656180556956,0.0010247045538512697,0.0014902321706067312,0.00043611014839495255
2022-04-24,1.001052106042258,1.001052106042258,0.9992292259002212,1.0009386758840426,2918161692.8515663,49927282854.1116,-0.0003480505177847,-0.000348111101424,-0.2019661775432576,-0.2256042983995004,0.0012868641219214,-6.6555469333144615,0.7385383557020617,0.001092752994192577,0.0018382220250359183,0.03674843460772603,0.0017692111058561831,-0.00584680867741838,-0.0027032223751009
2022-04-25,0.9992038359791782,1.0013152380850017,0.9983603344943472,1.0006261336586562,4282225154.8647146,49913815969.23956,-0.0003122491246633,-0.0003122978845716,0.4674393010348285,0.3835189097078309,0.0018935603530185,-6.269296437341861,0.3862504959726003,0.0014558729554908882,0.004742516343583247,-0.0067057106310626224,0.0018259590846822057,0.01147147424594408,-0.0002659253980556997
2022-04-26,0.9993783877309742,1.001801747335601,0.9971193679326172,0.9978447757618104,5086670381.288542,49810362473.48986,-0.0027796174847802,-0.002783487795113,0.187856826143286,0.1721506969633247,0.0031722445777458,-5.753315872965778,0.5159805643760835,-0.0015682008998073502,0.014950498916245891,-0.19739632175928978,-0.002817448167160639,0.02464650460562723,-0.00603879306450672
2022-04-27,0.9977012626051524,1.0019826246627594,0.996514349534794,0.9969976736172184,4914114132.001119,49424225768.27546,-0.0008489317829472,-0.0008492923296007,-0.0339232221380366,-0.034511967739634,0.003844650872203,-5.561072480614493,0.1922433923512843,-0.00180808858230962,0.011002930405478395,0.1565869879262891,-0.0032501834771642645,0.010631694919247536,-0.003476973548829143
2022-04-28,0.9979000196870036,1.000369815060285,0.9977806961730734,0.9985701114600528,4407715581.891046,49441666435.57656,0.0015771730310356,0.0015759305998318,-0.1030498145764184,-0.108754953110283,0.0017843516395998,-6.328700156848416,-0.7676276762339223,-0.0002822344737106125,-0.008557125730739301,0.043026340917928785,-0.0025212062141794942,0.002724944395300355,0.005559661689918727
2022-04-29,0.997952308324613,1.0029493406665189,0.9954890897683878,1.0007864008433367,4872011962.198455,49314613824.30312,0.0022194629679466,0.0022170035983278,0.1053371914955121,0.10015043909539,0.0049764211794882,-5.303044284947088,1.0256558719013276,0.0013232148198637354,-0.004266921937070123,0.2994025635188393,-0.007043544064528097,0.006833519269605404,-0.36530600476749875
2022-04-30,0.9971677332586978,0.9991139724143632,0.9971677332586978,0.9976977834825485,4573942755.967493,49270724677.095,-0.0030861903780722,-0.0030909624845457,-0.0611799003252981,-0.0631314052699275,0.0013386173548761,-6.616118022436235,-1.3130737374891472,-0.003356423658928894,0.02998155902245969,-0.07260074224503121,-0.00981645833411722,0.005463400261088935,-0.20728427090812396
2022-05-01,0.997960362064765,1.001961022192582,0.996954529057593,0.9986553915509,4582672542.989971,49184999757.16781,0.0009598177766907,0.0009593574461405,0.0019085912282326,0.0019067721821701,0.0035155230503216,-5.6505669595775005,0.9655510628587348,-0.0005490321184770671,0.05221199542464916,0.08279068532418421,-0.006921049758213752,-0.0005649587912870402,0.1683538956450752
2022-05-02,0.9979273240526196,1.0010890728022963,0.996979022128338,0.9982633502561716,4132979077.6781073,49218579382.60911,-0.0003925691465196,-0.0003926462219593,-0.0981290853957592,-0.1032838793556094,0.0029015235073033,-5.842519332590331,-0.19195237301283,-0.0011163539181224427,-0.004571835624172849,-0.0066185501762259236,-0.005000968243632776,-0.0006998725371154535,-0.49244999037919523
2022-05-03,0.9983558256459452,1.0028493287945233,0.9974580267393776,0.9990199858531336,4683196209.742557,49009957250.1544,0.0007579518939242,0.0007576647934505,0.1331284581226477,0.1249823543680117,0.0037891724176661,-5.57560764318655,0.2669116894037806,0.0013208888729320687,-0.012465237021405784,-0.003527715437040335,-0.001604529279734726,0.009261364864890709,0.11374776884759363
2022-05-04,0.9984317940780596,1.0038416406561743,0.9972751657959352,1.000359685853134,4391317257.409774,48996219496.89497,0.0013410142129002,0.0013401158563901,-0.0623247327809115,-0.0643515869105015,0.0044830669850814,-5.40744787189917,0.1681597712873799,0.002461809545121907,-0.01638629497117705,0.09006015475933538,-4.1986077707297805e-05,0.0073950475017454664,0.1195954560662873
2022-05-05,0.9999476710243104,1.0011263631385612,0.9971016719542908,0.9999182492166652,5121338709.108861,48796598110.53937,-0.0004412779150455,-0.0004413753067969,0.1662420200834433,0.1537866307838259,0.0028483552150982,-5.861013568807391,-0.4535656969082211,0.001968036937294635,0.022301196109072663,0.012807853149779724,0.0007905259210620072,0.009403404830901962,-0.0030957324158640276
2022-05-06,0.9992701838558246,1.0040549532338066,0.9955571998010504,0.9990163950579356,6405925408.686246,48731021525.073456,-0.0009019278920412,-0.0009023348737329,0.2508302560212638,0.223807535644828,0.0060079468878138,-5.1146722048034094,0.7463413640039818,0.0018521961992586252,0.046315916330936346,0.020308890605333474,-0.002474937645551373,0.010485581475329298,-0.0220208141851721
2022-05-07,0.9970394902574796,0.9995758282109162,0.9968586004861985,0.9993652112720702,5059606633.681263,48481828579.889046,0.0003491596492912,0.0003490987072461,-0.2101677258338684,-0.2359346672443914,0.0012680196300451,-6.670298941978808,-1.5556267371753982,0.0014067305378044983,0.014228311064410804,0.007994335916419182,0.002839501292070604,-0.00047499600493594585,-0.010192482653460289
2022-05-08,0.997254303235518,1.0031492548492913,0.997254303235518,0.9988652596779888,5632325268.647809,48604037301.89449,-0.0005002691593046,-0.0005003943356702,0.113194300749394,0.1072336309559845,0.0040449860852379,-5.510277168468217,1.160021773510591,0.000939442285585919,0.030076671704435398,0.005953645273484298,0.0005286338084946099,0.01364367436221059,0.03974411447044979
2022-05-09,0.9994690175097511,1.0026842433064844,0.9919054375840866,0.9993800894756398,6604775912.89439,48612733085.21604,0.0005154146594477,0.0005152818789348,0.1726552707564141,0.1592706396549668,0.0076423149427524,-4.874054718721764,0.6362224497464526,0.0010254247437735135,0.06744569788027732,0.3613153067449719,-0.001922768407360326,0.021837413354958812,0.30679316724717065
2022-05-10,0.9992029244053588,1.005983638519811,0.9938065485404064,1.000426079864086,11323033546.816498,48462368713.95229,0.0010466392111083,0.001046091866171,0.7143705851868092,0.5390460075328438,0.0085778784226594,-4.7585686661448685,0.1154860525768954,0.0019954259617449258,0.16143885543802838,0.1413201804428228,0.0027295858661559287,0.06347944738774913,0.14140177900246176
2022-05-11,0.9994516064611406,1.0137029625352862,0.9909943933476608,1.0050124992787626,11306304343.824764,48607127209.7808,0.0045844660659981,0.0045739894091584,-0.0014774488587854,-0.0014785413625621,0.0156448747138403,-4.157611909957255,0.6009567561876139,0.005052308871893429,0.14432478741697352,0.4629552504165737,0.008585632707653206,0.04851126409175066,0.4306447939031157
2022-05-12,1.0048828843985924,1.025564082732227,0.9980380056879024,1.006401068801,24732231286.63847,49346648458.02542,0.0013816440325209,0.0013806904406532,1.187472628944986,0.7827468266890586,0.0192151518764362,-3.952056150940555,0.2055557590166996,0.007110751557271332,0.3229089365283109,0.4170845202936846,0.010680995991833916,0.11809832826911304,0.43422811384924076
2022-05-13,1.0015781331315323,1.006375248593238,0.9990529818509064,1.0035954576009567,16552913625.233252,50166096619.04946,-0.0027877665147811,-0.0027916595728262,-0.3307149107013274,-0.4015451671773791,0.0050099043344175,-5.296338458994312,-1.3442823080537574,0.006553910114806182,0.13346932554434332,0.0025792198585570247,0.0035311586555336946,0.06564891292520514,0.03484813563580724
2022-05-14,1.0023746383006948,1.0058150600803368,0.9944605510359182,1.0017741263789908,8300448966.788844,51055188185.653366,-0.0018148061633516,-0.0018164549191402,-0.4985505781812548,-0.6902525304673397,0.0080191852512955,-4.825918451878307,0.4704200071160054,0.004522027579564317,0.039130662636900126,0.0075515076576677664,0.002105225811861576,0.013524248792940341,0.002655357322329799
2022-05-15,1.006853723878678,1.006853723878678,1.0001353075798676,1.0045419775860276,8495944281.620955,51272110136.56517,0.002762949385648,0.0027591394571405,0.0235523783851105,0.023279300564644,0.0045133931708163,-5.400706042318332,-0.5747875904400246,0.00506281744419569,0.033346020367723384,-0.0017291931903025137,0.004815629614744892,0.004339376424145058,-0.006219603612781732
2022-05-16,1.0031404255289675,1.0044543486217632,1.0002494822859007,1.0030261660415354,10360185117.579613,51418644828.38953,-0.0015089578915704,-0.0015100975151032,0.2194271494919661,0.1983811988754838,0.0029654723591821,-5.82071894752402,-0.4200129052056889,0.003818989846014775,0.042110357574983937,0.003678274821084404,0.0037252003597462754,0.030167184755633514,0.0030975938973485384
2022-05-17,1.002742488708371,1.0039733140243146,1.00038146963824,1.000523401183899,7646617215.253069,52207481607.47261,-0.0024952139259871,-0.0024983321604434,-0.2619227235353202,-0.303706749206695,0.0021275888634755,-6.152765929422844,-0.3320469818988236,0.0010718082188682747,-0.04120608484520005,0.004437360600704654,0.000677781648134162,0.023834115005865186,0.00442931258399204
2022-05-18,1.0026620340112518,1.0034522082735051,1.000057986263026,1.0007536248415618,5446878285.560793,52306194982.59363,0.0002301032213642,0.0002300767516784,-0.2876747805950522,-0.3392207030301127,0.0020828139613051,-6.174035433555533,-0.0212695041326886,-0.004117660774870753,-0.06939894973747585,-0.1139680934361742,0.0015832762456825427,0.006407597013836863,-0.0006733254319604143
2022-05-19,1.0022252145704416,1.0071158298474694,0.9998473554234388,0.9998473554234388,6860235413.46269,52516313742.22495,-0.0009055869453048,-0.0009059972368844,0.2594802111970422,0.2306991050531506,0.0049043794185379,-5.317626714144916,0.8564087194106165,-0.0017295454159391088,-0.24742801173221096,-0.8904635041679585,0.000436692948613171,0.010811423106929396,0.0007616219879702513
2022-05-20,0.99973091344789,1.0041373223838466,0.9975986379387448,1.0001990040563409,6177806176.6368885,52874662309.63919,0.0003517023183534,0.0003516404855904,-0.0994760668834463,-0.1047785371329035,0.0046103840183015,-5.379444124292919,-0.0618174101480031,-0.002172839045025665,-0.17789371565891443,-0.004258334022302357,0.0013977380813022344,0.007703737372040109,-0.000579635892347774
2022-05-21,1.0016744736661014,1.00241739629924,1.000740960438076,1.000740960438076,4309808400.955001,53096557157.96431,0.0005418485516752,0.0005417018047561,-0.3023723506810956,-0.3600697722546555,0.0010319729262495,-6.876282846521156,-1.4968387222282369,-0.006089657816675295,-0.07784047127832139,-0.46622650261596554,0.0018893633948255317,-0.001721065036903724,-0.0005319124915876827
2022-05-22,1.0023092234707742,1.0037102870422574,1.0005013137568366,1.0025113417307985,2947857605.7609253,53213121872.774284,0.0017690704814836,0.0017675075193547,-0.3160119124767319,-0.3798147774129,0.0022608499111612,-6.09201446950788,0.7842683770132757,-0.0006273111106005142,-0.11939523143531261,0.18952777618173577,0.003045316609426748,-0.009927065576878391,-0.00188208938862644
2022-05-23,1.0021534362831073,1.0034808452857036,1.0004925127627122,1.0012876342855352,4141405275.584783,53284956166.02071,-0.00122064199608,-0.0012213875863156,0.4048864733124615,0.3399564976082199,0.0020393151234679,-6.195141251284088,-0.1031267817762078,-0.0014519289522888547,-0.15332080572048667,-0.007426513725389938,0.0002352530288642441,0.002352668447986872,0.0030381130814385315
2022-05-24,1.0014203259322454,1.0028625306548784,0.9971487734743336,1.0017314892961562,5398618734.194083,53316880794.70454,0.0004432842226576,0.0004431860012321,0.3035717045180459,0.2651079620982958,0.0040356078131183,-5.512598353383176,0.6825428979009125,-0.0009285050775994223,-0.06176661839552722,0.05214814106287502,0.0025264731244074817,0.01195352559617291,-0.002083395274438793
2022-05-25,1.0006413008595887,1.0038602031456696,0.9998833527525884,1.0022428016085336,4356831497.320271,53489763594.960464,0.0005104285108743,0.0005102982865535,-0.1929729229210576,-0.2143980585130591,0.0026249288819869,-5.942701475881971,-0.430103122498795,1.7547836084651138e-05,-0.031382037617177616,0.0033768181534679087,0.0028620958332748903,0.000357329910258386,-0.0005970537469646153
2022-05-26,1.001131921283036,1.003144676219608,1.000251658106124,1.0021556656832338,5436783519.332798,53434101515.20387,-8.694093403316394e-05,-8.694471361523774e-05,0.2478755542133697,0.221442548800063,0.0019408958678229,-6.244605624960353,-0.301904149078382,0.0024224683320181947,-0.04252182704681218,-0.402306518630299,0.004454729117263558,0.0016751767133378337,-0.0038642352314925965
2022-05-27,1.0021207542120438,1.0061213523165,0.9994843949956056,1.003090027730365,6858107790.471232,53452251125.491394,0.0009323522074728,0.0009319178371233,0.261427416796036,0.2322439502229056,0.0046412043132068,-5.372781396161225,0.8718242287991274,0.001412190108642209,0.020547892293741654,0.2879966775663494,0.005187451770186368,0.009250667016019065,-0.002357451239905828
2022-05-28,1.0004119104567086,1.0035993520807642,1.0004119104567086,1.0030011879655945,4945753957.819221,53674165836.944885,-8.856609308682817e-05,-8.85700152948353e-05,-0.2788456949173455,-0.3269021492239839,0.0015743389818027,-6.453919788894224,-1.0811383927329985,0.0006901320796402047,0.018833686508909153,0.0073955821920614895,0.00504648445386121,0.0025452558068970177,0.0004822849655439221
2022-05-29,1.0031259533578143,1.0042966073742388,1.001792614994643,1.0039851485061502,3389828694.968067,53847112543.27029,0.0009810163261636,0.0009805354441239,-0.3145981939500327,-0.377750034514509,0.0016831035645601,-6.387115829980342,0.0668039589138818,0.0018261078730493299,0.012883249910952799,-0.014018061632376622,0.0068135140336820395,-0.0070273662971303,-0.007052136439964052
2022-05-30,1.0039959984900884,1.0039959984900884,0.9999262041727076,1.001201693090582,4513953045.163803,53782677918.125885,-0.0027724069621046,-0.0027762572002176,0.331616860717596,0.2863938886373658,0.0022909866729778,-6.078772692647814,0.3083431373325282,-0.0002183465880782012,0.010732142715667692,0.016086553234058165,0.003242692464764304,-0.0002854672605892006,0.012023439202563324
2022-05-31,1.0012503278993103,1.002689809265892,0.997874566151132,1.002203794601675,5964524444.956286,53977410286.77923,0.0010008987379952,0.0010003981728355,0.3213527888480383,0.278656051844642,0.0033521363025075,-5.698157434149785,0.3806152584980289,0.0015602744941307603,0.01608505940383509,-0.09856254831520328,0.004276196721051674,0.006555092611549185,-0.0025775078717482636
2022-06-01,1.0006978334672612,1.0035991827902249,0.9999115583076128,1.000499975015863,5340190880.618257,54038425828.78863,-0.0017000729741691,-0.0017015197381967,-0.1046744916714991,-0.1105679303723806,0.0026000750166937,-5.952214981796403,-0.2540575476466182,-0.0006314310731541207,0.027349557121439716,0.011800395357940197,0.002145377562107528,0.005691695258263962,0.004529740285369233
2022-06-02,1.0009465927290742,1.0039659020723184,0.9993880064347592,1.002437138160736,5720066473.046217,54116415068.45319,0.0019361950956993,0.0019343230859695,0.0711352086320893,0.0687190287187263,0.0030964820249159,-5.777488642571214,0.174726339225189,0.00031566456875407086,0.007741959563677625,0.0017103066314465565,0.004003609999877449,0.004862849778991318,-0.0037797544447522036
2022-06-03,0.998762380823288,1.0024401920929622,0.998762380823288,1.0017924482665097,4241047905.5491166,54118121354.523445,-0.000643122515801,-0.0006433294077955,-0.2585666747871638,-0.2991700402429929,0.0017917340796834,-6.324571368474508,-0.5470827259032944,0.0013790181032880342,-0.07391200668849862,-0.26678722504468055,0.0018431740930719043,-0.0007032893314793398,0.004176819487804462
2022-06-04,1.000697897621939,1.001171424531889,0.9990712149139018,1.001171424531889,3368986817.8651285,54088001788.19244,-0.0006199125734031,-0.0006201047986484,-0.2056239653749152,-0.2301983346001356,0.0014554898104276,-6.532412795539846,-0.2078414270653379,-0.001950338774119079,-0.04732085761672877,-0.018867241879380714,0.0019008215391481775,-0.008238066806669053,-7.107564813990663e-05
2022-06-05,1.0013500391358292,1.002669682074255,0.9998337340338854,1.0018075191380738,2734215178.84482,54149965397.953705,0.0006353503412086,0.0006351485916305,-0.1884161836592025,-0.2087676116669476,0.0019825906800717,-6.223350865238151,0.309061930301695,-0.0021821481527982745,-0.020354549541572453,-0.06251600096098553,0.004770788261139771,-0.017484518298434892,-0.0063459535419614355
2022-06-06,1.0008107585344377,1.0034598570533646,0.9976010158500236,1.0019994081506771,3751207705.124301,54068254694.04474,0.0001915427953349,0.0001915244533558,0.371950435411287,0.3162334028576187,0.0040743900875329,-5.503034215262312,0.7203166499758389,0.0007478651041854479,-0.024214081669317267,0.08555214713867532,0.00474688509839404,-0.0063051602342092394,7.587549346732558e-05
2022-06-07,1.001435458436979,1.0027588796272429,0.9980319101255952,1.0019591908973398,4719945570.411046,53824749057.44381,-4.013700308624912e-05,-4.013780859731144e-05,0.258246927772997,0.2297194250047486,0.0033253168585577,-5.706190313607836,-0.2031560983455236,0.001259684091211594,-0.04081427242870461,-0.010018558097692143,0.0024883976972878367,-0.0044203937005207194,0.005420003798206174
2022-06-08,1.0020084453743354,1.0020084453743354,0.9992042711208428,1.0019319296294995,5408648108.198677,53887053549.57311,-2.7207962248310125e-05,-2.720833239162889e-05,0.1459132372426179,0.1362019062140854,0.0019810818573786,-6.224112190878317,-0.5179218772704806,0.000983920860818934,0.0022887833897513588,0.006056624308011571,0.0027274592818186064,-0.005824885568774363,-0.000411517996604438
2022-06-09,1.00070856363376,1.0020192609177292,0.9987051832094,1.000906168416106,3422607732.6642604,53788673206.03978,-0.0010237833360323,-0.0010243077601536,-0.3671971878747085,-0.4575964185984733,0.0023393438912454,-6.057884777285346,0.1662274135929706,0.002144143753169092,-0.07982801372059711,-0.12793513330958106,0.0014543020549616786,-0.03934979402629679,0.0017547331693057444
2022-06-10,1.000853988277428,1.001645526889113,0.9994034752754924,0.9999396938025696,3474373868.026957,53861207289.132416,-0.0009655996176602,-0.0009660661092913,0.0151247643335394,0.0150115254652965,0.0014792243540322,-6.516237413700044,-0.4583526364146983,-0.0007579622205627925,-0.02812293259877663,0.048160701403028305,-0.0049313097997470785,-0.040599410623585186,-0.11670018403567228
2022-06-11,1.0016130260459266,1.0016130260459266,0.9986833257903284,1.00069032283912,4338080907.368428,53891119304.294464,0.0007506743068632,0.000750392691831,0.2485935803540788,0.2220177821571001,0.0019905222475585,-6.219358238716958,0.2968791749830863,-0.0006590439764528973,0.035417941427727584,0.0015972234341115055,-0.0008868045121000116,-0.11417174114606965,-0.8820380632336557
2022-06-12,0.9987240358690772,1.00263385826158,0.998090358223011,1.002185814254625,5735098206.695272,53956401256.25504,0.0014944597558033,0.0014933441621573,0.3220357870582695,0.2791728114551325,0.0023851926254587,-6.038475392511681,0.1808828462052769,0.0013729987907919558,0.10233562343155,-0.016784037444643296,-0.00018839446461955676,-0.06630383556630903,0.0018176516707777424
2022-06-13,1.0009021543138066,1.0065700641439268,0.9714622037169598,1.001974618241379,10588925154.480717,54255561401.61873,-0.0002107353848379,-0.0002107575926592,0.8463371982225145,0.6132037836587929,0.0250945195507326,-3.685105801277373,2.353369591234308,0.0005382420940104602,0.2001977168214495,1.8237627166858421,-0.004857672633684643,0.014397681408141239,1.040447560133916
2022-06-14,1.00381995630208,1.00381995630208,0.9979898915712944,1.001931578872483,12053507236.79172,54178691500.092,-4.295455005787208e-05,-4.295547263097665e-05,0.1383126295581815,0.1295470163926243,0.0039489974782931,-5.534293535246299,-1.849187733968925,-7.671537167786801e-05,0.17780116678543934,8.699743593076903e-05,-0.00120578891959545,0.02197833626994239,0.006633677091127943
2022-06-15,1.0011796491117764,1.0068682062992311,0.9969306256794236,1.0010027992635144,8490689092.644752,54343168615.36935,-0.000926989056492,-0.0009274189765554,-0.2955835238785887,-0.350385512342023,0.0070128069131362,-4.960017242511904,0.5742762927343952,0.0002939840751542347,0.06621600637888037,0.008283115292350818,-0.0017364381515234976,-0.011489350107375174,-0.0004648625645780058
2022-06-16,1.0048526592784148,1.0059811602078716,0.9989596562290036,1.0044036043752247,8960719821.380692,54531884758.73612,0.0033973982032942,0.0033916400840819,0.0553583724014949,0.0538803987267105,0.0049449402697526,-5.30939039289798,-0.3493731503860759,0.003540313043393091,0.10897063973967747,-0.0037665625082698995,0.0017354398060156102,0.008089833702321414,1.032494198138778e-06
2022-06-17,1.0017181307111942,1.0038044487761713,0.9982273434269604,1.000686871953378,5665328290.816968,54957830360.1648,-0.0037004371605762,-0.0037073007155,-0.3677596885353749,-0.4584857174488418,0.0038872543113577,-5.550052203124697,-0.240661810226717,-0.0009250903518736304,0.0400323758979475,0.003534574473353924,-0.0015361062823539301,0.0013384932757780632,0.00019421863113811
2022-06-18,1.000134453274533,1.005837185553004,0.9926655387753076,1.0004323388341307,5311603309.912931,55348283933.29764,-0.0002543584075909,-0.0002543907621772,-0.062436802025647,-0.064471112236959,0.0093190356521316,-4.675696126439432,0.8743560766852649,0.0017090242689022583,0.01728625764603109,-0.0006231869679345081,0.0007013681650176965,-0.009527721419754442,-0.0062919875156493
2022-06-19,1.0024814394704002,1.0093274047606022,0.9995549704996902,0.9995549704996902,7342109695.059254,55714062250.25088,-0.0008769891779617,-0.0008773739579525,0.3822774907449944,0.3237324944410957,0.0066353649248088,-5.015341612739217,-0.3396454862997853,-0.0013468761725145583,0.027896772945638304,0.06632559654337822,-0.0021182018534342748,0.007171653983988335,0.0648853445625992
2022-06-20,1.003033670833965,1.0045932819040977,0.9969181798009124,1.0032634702507273,5445620449.811572,56016638807.17248,0.0037101508776282,0.0037032852443111,-0.2583030387742492,-0.2988145272875877,0.0054211756464831,-5.217442578106695,-0.2021009653674781,-0.0005545221073029121,-0.09217106094582661,-0.8316055742891373,0.0009515953771696238,0.006946944542868039,0.0009475499340525495
2022-06-21,1.002762724140082,1.0036771798240638,0.9999962797509524,1.0016150861358917,5113409713.156962,55884541780.2862,-0.0016430221608921,-0.001644373402085,-0.0610051214028521,-0.0629452538918917,0.0024986301084872,-5.992012653896177,-0.774570075789482,0.0004348294144305155,-0.1395869134629102,0.0001652095580215729,-0.000537337675630209,0.013112872142482246,0.00016301649270200613
2022-06-22,0.9996692814201203,1.0038163690425816,0.9952441218306032,1.0014459336173989,4500820879.844306,55947008673.90822,-0.0001688797631287,-0.0001688940249216,-0.1198004595126508,-0.1276066466601003,0.0059631139572112,-5.122162458305805,0.8698501955903719,-0.0033960338179357175,-0.09005537805077424,-0.016079581847457725,2.557103853818892e-05,0.002159795968388778,7.61187891624715e-05
2022-06-23,1.000125278662655,1.00418576891012,0.9979552133284446,1.0011660028426113,4781396276.308031,55884296791.91962,-0.0002795265978827,-0.000279565672724,0.0623387164150888,0.0604728139789976,0.0043532388456231,-5.4368351487182505,-0.3146726904124453,-0.000551332823820504,-0.10392769569680382,0.015919293566340365,0.0005242282751877191,-0.003711883901925006,-7.24413694426218e-05
2022-06-24,1.0007748304574358,1.0043959101419222,0.9996652277672736,1.00289181859693,5162408918.13918,55866042710.086525,0.0017238057918653,0.0017223217438902,0.0796864806456387,0.076670703293693,0.0030691223190093,-5.786363647830764,-0.3495284991125134,0.002753201096641455,-0.013266744536672093,-0.010257298705639961,0.00175636418998953,0.004841884196672197,-0.0007430889014150566
2022-06-25,1.004488587946321,1.0063775907943018,0.9999879430631584,1.0041246771331365,4473145485.451194,55986592989.88261,0.0012293036131567,0.0012285486381357,-0.1335158534741636,-0.143311465982498,0.0044982096065048,-5.404075826596371,0.3822878212343932,0.0016378281880722334,-0.022517054901662448,-0.16402270943365682,0.0019976853840640097,-0.005794657274350357,-0.0002398042318092486
2022-06-26,1.003277301251872,1.003277301251872,0.99891384743105,1.0006994362497756,3093737969.801886,55940739285.97881,-0.0034111709047328,-0.0034170022130395,-0.3083752853860443,-0.3687117903951348,0.0026347996110932,-5.93894814880164,-0.5348723222052696,-0.0023298867816893727,-0.12260342101235011,-0.2455281999271577,0.00028736611335385067,-0.022963705532099254,0.0010336885417521202
2022-06-27,1.0013309387999794,1.001977613165175,0.9978258424888072,1.0004087843696543,3610658595.3861856,55786349227.08868,-0.000290448729751,-0.0002904909181525,0.1670861044568043,0.1545101333219418,0.0028796522110566,-5.850085752176155,0.0888623966254851,-0.0023502139920898,-0.057987318548782696,-0.00030746215586408,-0.0027123768835574935,-0.008272812879411617,-0.0019257569339004021
2022-06-28,1.00090010780692,1.0031081155838937,0.9991501003510836,1.0013271163389794,4611249353.629906,55645129055.448784,0.0009179567229646,0.0009175356583517,0.2771213981632898,0.2446086376559541,0.0027829885414563,-5.884229913781999,-0.0341441616058437,0.0016570097777682995,-0.01647301919286548,0.00890073216934617,-0.0026617991955153347,0.007571095986101284,7.209081250980631e-05
2022-06-29,1.0005882342703143,1.0026084945452696,0.9971318854604592,1.0013345704629224,4721905164.713401,55645129055.448784,7.444244564336344e-06,7.444216856085288e-06,0.0239969263419659,0.0237135249936372,0.0038452351084466,-5.5609205313538,0.3233093824281994,0.0012084098993560446,0.007285972749063063,-0.18476394707781907,8.413382496860446e-05,0.0012833205170323936,0.0018736146313980129
2022-06-30,1.0006791030269764,1.004942753751489,0.999578190971872,1.0029012515992486,5329398556.672811,55670289765.07084,0.0015645930766197,0.0015633703760584,0.128654297527867,0.1210260359111942,0.0035247427963629,-5.647947810950806,-0.0870272795970068,0.002122520660066629,0.01783415243723141,-0.014192490281593528,0.002199460996650163,-0.003924686016372192,-0.0012779145551711224
2022-07-01,0.987916159084029,1.0052273789374753,0.987916159084029,1.0025783995561652,5704766895.963061,55765121998.944725,-0.0003219180777455,-0.0003219699044928,0.070433527404375,0.0680637322147978,0.0081875075569304,-4.805145755037322,0.8428020559134843,-0.0019034630919595977,0.0173427469664702,0.7129154693492561,0.0016289361941565314,0.0022547376043569045,0.0005782301068641971
2022-07-02,1.0030235900859663,1.0030235900859663,0.9989889478252748,1.001722350420258,4475231609.775002,55784578432.97554,-0.000853847575697,-0.0008542123111721,-0.2155276996608103,-0.2427440161141371,0.0027334676302306,-5.902184281575827,-1.0970385265385048,-0.0015510737291779245,6.612979780129535e-05,-0.06274510387832954,0.0029592545354881674,-0.0077197883054012095,-0.0016175489400818144
2022-07-03,1.0012426825312657,1.0042490946413665,0.9994217848878544,1.001418987375891,3799979477.98153,55864898824.62019,-0.0003028414452763,-0.0003028873110071,-0.1508865217877338,-0.1635624405752248,0.0034054185597901,-5.68238742188682,0.2197968596890067,8.792767865569983e-05,0.0221400887613612,0.0030794321540161818,0.0007203273600403619,-0.0027496281551471213,0.0021819939294847046
2022-07-04,1.001872010353588,1.0060446745160287,1.0002489188361123,1.0010595322220497,4000477762.437878,55951365204.00679,-0.0003589458142622,-0.0003590102507309,0.052762991384061,0.0514181284103176,0.0040541365617937,-5.508017545828082,0.174369876058738,0.0001592683611389217,0.01201376551377109,0.04570399904154332,-0.0002901573384117745,0.003934392743659032,0.00011486502467539239
2022-07-05,1.0019073878881266,1.003705305053295,1.0007163687435283,1.001359089297064,5133259216.925887,55916689890.80084,0.0002992400205705,0.0002991952572053,0.2831615426347715,0.2493269877891517,0.0020812105144557,-6.174805576448783,-0.666788030620701,0.0007701052428024837,0.01586495848785674,-0.0006637014186026136,0.000547736523881024,0.014807284215180516,-5.7028583532847676e-05
2022-07-06,1.001305385503481,1.0026673398021275,0.9989465368258146,1.000944690392563,4948499356.336275,55845766814.19771,-0.0004138364637924,-0.0004139221177337,-0.0359927003063479,-0.0366564121039415,0.0026193321455813,-5.944835899969907,0.2299696764788761,0.00026537191256246443,0.006809090598135725,0.0006110581416924887,-0.0004901846979752369,0.00730865953376636,1.578462326401464e-05
2022-07-07,1.0010750828780794,1.0048896435031416,0.9997828268799358,1.0014067409291236,4386391171.404355,55617562850.36724,0.0004616144538209,0.0004615079426457,-0.1135916455586019,-0.1205775378965776,0.0035967684113239,-5.62771950018236,0.3171163997875474,0.01356319645777594,-0.028647288816589622,-0.28082858850759607,-0.0006006787483866315,-0.0020307630885234573,-3.185128683735883e-05
2022-07-08,1.0017517473851727,1.0028636184068087,0.9992597601143568,1.000533475589236,5148809354.721789,55482762184.02133,-0.0008720386074866,-0.0008724190543454,0.1738144532771657,0.1602586623029278,0.0024306623134037,-6.019591501810289,-0.3918720016279291,-0.0024856948888808236,-0.017281956709879864,-0.7123131546532004,-0.0001749793793444858,-0.00158482625356271,8.725031309264608e-05
2022-07-09,1.0037098167785827,1.0037098167785827,0.9968610259750932,1.000181886289326,5039217136.312836,55453846634.297806,-0.0003514018356088,-0.0003514635917018,-0.0212849633495267,-0.0215147547668099,0.0043186204182339,-5.444819275359465,0.5747722264508237,-0.0010600412903879642,0.017529332282801846,0.30347748725476986,-0.0006717540868893359,0.00981958151612261,-0.00011115019289231753
2022-07-10,1.0003520891920836,1.0034512197301668,0.9981597451912128,1.0011885411052994,3796388895.487384,55432998415.45651,0.001006471752561,0.0010059655994574,-0.246631214176022,-0.2832004156629519,0.00370236880946,-5.59878244541157,-0.1539631700521049,-0.0006824249764346196,-0.00011063319673354499,0.0030446796676457666,-0.0004238911671984296,0.001944514356178928,7.176334080627456e-05
2022-07-11,1.0000207508656718,1.0038571122609792,0.9993370069606466,1.00334537734766,3966262298.612997,55451594953.86053,0.0021542757970236,0.0021519586721394,0.0447460488907063,0.0437738404681514,0.0024346911245108,-6.0179353787436805,-0.4191529333321107,0.0014342228879650112,-0.0010548629730280368,-0.1441970980288323,0.004616572887894131,-0.0022455953073539092,-0.005615505758191919
2022-07-12,1.000042306630681,1.0022850568713686,0.9945115238842837,1.0017104658977027,4539400660.482434,55439758763.36669,-0.0016294602904127,-0.0016307893047453,0.1445033935526312,0.1349708255023149,0.0054072315608321,-5.220018043379047,0.7979173353646338,0.0004044704882997389,-0.01848818115453099,0.26978252573969375,0.0008072570996845056,-0.007255778967216742,0.0054907765968210676
2022-07-13,1.0015175895819546,1.004752665848211,0.9983673998584384,0.9983673998584384,4329947759.912418,55361009639.04179,-0.0033373576028962,-0.0033429390023246,-0.046141091354504,-0.0472395129728973,0.0040606129100225,-5.506421353702525,-0.286403310323478,-0.002708439675795931,-0.019627410767864006,-0.026423543824729556,-0.005446613081739669,-0.03886463837530485,-0.6038689814513916
2022-07-14,1.001283866302982,1.004101022655748,0.9990215038101152,1.002385557816365,4993563283.265106,55403443854.79197,0.0040247287306218,0.0040166511760015,0.1532617851643805,0.1425942624925707,0.0035204378950798,-5.649169895098103,-0.1427485413955782,0.0006325020253626083,0.019269782154168524,0.012317435445390323,0.0012037630180807596,-0.045731107948167704,0.024349954543148478
2022-07-15,1.001560508760777,1.0035428733374654,0.9973679469861478,1.0014904525189907,5079557709.389985,55181424514.5044,-0.0008929750537549,-0.0008933739934914,0.0172210546350881,0.0170744529704581,0.0043641420393505,-5.434333663568814,0.2148362315292891,-0.0022136094831287146,-0.0021791671271031987,-0.01689290321389869,-0.0033515801828554403,-0.022868278075144133,-0.008309681741987873
2022-07-16,0.999588010813798,1.002600133582264,0.99732700529422,0.9997047122000096,4542482084.754045,54838024206.101456,-0.0017830827188513,-0.0017846743030747,-0.1057327537874235,-0.1117506153565394,0.0037281032311728,-5.591855691776931,-0.1575220282081169,-0.0006473586292465445,-0.015771711265195165,0.016822711172670424,-0.0020119878190907894,-0.030419218329207354,0.006115719392770558
2022-07-17,1.0001129965966735,1.002334855410906,0.9981451183999648,1.0010115868458915,5433533564.545086,54843316402.12612,0.0013072606640074,0.0013064069427287,0.196159602430064,0.179116093473081,0.0029088131699835,-5.840010126356766,-0.2481544345798356,0.000990324886335963,0.05106628484233866,-0.0020778758385668894,0.0008766313002097251,-0.0016217235330238111,0.002766866025741166
2022-07-18,1.000044918965864,1.0027165363464854,0.9929303164267532,1.001067372556393,6119820454.26658,54760627538.51202,5.572933543884773e-05,5.572778261712505e-05,0.1263058158321972,0.1189430877199039,0.0069059080965182,-4.975377987876085,0.8646321384806814,0.0010244975835478748,0.06343296213177396,0.14509285279241801,-0.0014115624638781055,0.005643227252527083,-0.001030867460238838
2022-07-19,1.000184435553639,1.0050197588158356,0.9938533666141632,1.0020000850003612,9347777696.956308,54833831785.88376,0.0009317179537939,0.0009312841740406,0.5274594682658182,0.4236058770247002,0.0078195328928437,-4.851130458581888,0.1242475292941964,0.0004816482867662726,0.12859724706199316,0.024497891149342088,-0.0010309910465595817,0.013868157951034021,-0.14628647089648972
2022-07-20,0.9993341037940848,1.0024227247079314,0.9957504319935332,0.9979755948102764,7905101667.184961,54847148534.685295,-0.0040164569348148,-0.0040245445609681,-0.1543335835041402,-0.1676303038777413,0.0046460505065439,-5.371737773719276,-0.5206073151373873,-0.0033094999189645755,0.08592330540291115,-0.029144699319195944,-0.004785371899775501,0.01674763600578899,-0.02529601765836542
2022-07-21,0.9950448335639164,1.0028091945591942,0.9950448335639164,1.001098134230512,7168606109.369304,54876857834.336006,0.0031288735280439,0.0031239887897665,-0.0931671202753711,-0.0977971019361592,0.0039997665262547,-5.521519288002059,-0.1497815142827834,-0.0004617607100430195,0.04887681865843163,0.02919424395727166,0.001428305001497328,0.01378273433434174,0.024191056157768287
2022-07-22,0.9991857773275262,1.004052747455883,0.9982762787512696,0.9998809368745648,5797311551.267521,55016959621.02042,-0.0012158621760721,-0.0012166019361794,-0.1912916593798497,-0.2123169453189168,0.0040568767052732,-5.507341885835039,0.0141774021670206,0.00029300386305191375,0.015618683968877889,0.0003362173694831938,-0.0002443410299505439,0.008597925011351037,0.0022369339636938435
2022-07-23,1.0003411188831726,1.0053574750010743,0.9974550783245172,1.00164252479409,5158137993.290767,55066890172.950905,0.001761797684664,0.0017602475395508,-0.1102534428802616,-0.1168186240910457,0.005521201961126,-5.199159695815668,0.3081821900193704,0.0015281871125001098,0.013205327234025788,0.02174423429557404,0.0008666468942526357,0.0024846352827374574,-0.0007798146027768738
2022-07-24,1.0011930931041426,1.0040072630757877,0.9990932704615726,1.0006692645405948,4380119332.552124,55109211633.33523,-0.0009716642708389,-0.0009721366425825,-0.1508332390003172,-0.1634996914644433,0.0034540644801617,-5.668203631174299,-0.4690439353586306,0.0006241227259191514,-0.022702115459900085,0.004892065333260476,-0.0038095035958633397,-0.005166166511173742,-0.015780095375077074
2022-07-25,1.0001659232988218,1.002615180592186,0.9988492230960456,1.0016484724186836,5030641464.704415,55104712828.09892,0.0009785529672867,0.0009780744964458,0.1485169884111941,0.138471534862776,0.0024966664436858,-5.992798859432548,-0.3245952282582491,0.001462696631909103,-0.0240277185019373,-0.08294915846761164,-0.0016248274254637245,0.0036843815053018147,-0.004498377433625578
2022-07-26,0.9999868125860182,1.0035900488813936,0.9993100655299252,1.0015459159079223,5839051236.51966,55099195496.29096,-0.0001023877274166,-0.0001023929693978,0.1606971551216967,0.1490208203871933,0.0028627055979815,-5.855988088058651,0.1368107713738968,0.002210840223270768,-0.08158030103566816,-0.12173651860854484,0.00021466832397930868,0.017947824148798475,0.0030400202243114904
2022-07-27,1.0002475469751442,1.0016560464631103,0.994843761696676,1.0009644603359509,6292143985.524283,55121470640.88512,-0.0005805580780031,-0.0005807266670978,0.0775969811963299,0.0747335446961455,0.0048048852335356,-5.338122121645204,0.5178659664134475,0.005931479523363453,-0.0398584618160811,-0.10365166131343528,6.429259009540636e-05,0.017224955948861975,4.901057598072356e-05
2022-07-28,1.000709278443295,1.0073946706497088,0.9954208156874952,1.0021762616045673,8585787090.385128,54818886750.27134,0.0012106336604695,0.0012099014344517,0.3645248916963126,0.3108063033570027,0.0084058295290156,-4.778829822284169,0.5592922993610348,0.002988451309154168,0.035104408143897814,0.29479924331133844,0.0015858356490055057,0.02499740360569902,0.06860312729402374
2022-07-29,1.0024974943680691,1.002584269845701,0.9982969459072244,1.0014422854826768,8486095907.844483,54686930763.465775,-0.000732382266484,-0.0007326505893941,-0.0116111873601296,-0.0116791235882841,0.0029587280754288,-5.822995807242496,-1.044165984958327,0.001100185672610214,0.06339471834185417,0.019461946821714093,0.0007623738471050205,0.023111852077409623,0.0019655580411352958
2022-07-30,1.0038217168717587,1.0091725271364425,0.9966133202765208,1.0004394058489123,6584646449.922172,54533466707.72024,-0.0010014352782008,-0.0010019370495313,-0.2240664586602923,-0.2536884050699249,0.0086031443825311,-4.7556275166718125,1.0673682905706832,-0.000753072595737429,0.03206976056634048,0.13350367341973168,0.012596753400141197,0.007589872087674365,-0.07065809913971499
2022-07-31,1.00075693153629,1.002132572893906,0.9995146852422292,1.0007505488472992,6031974697.583645,54480605117.30579,0.0003110063403819,0.000310957987935,-0.0839333981773704,-0.087666207537857,0.0018495995311186,-6.292786132990432,-1.537158616318619,0.0005843577912940576,0.03589470471139222,0.0004269715678537622,-0.0022687609042351307,0.00196903704604523,-0.12146934908944207
2022-08-01,0.99998736371559,1.002094384940203,0.996500541647086,0.9995980623796612,6787669888.039485,54445991215.633804,-0.0011516221189841,-0.0011522857452833,0.1252815584187654,0.1180332784930466,0.0039508303194907,-5.533829514693585,0.7589566182968461,-0.00038883091797899024,0.03681686655888683,0.0003597795020295891,-0.001643929459323731,0.013806114701040428,0.003629053171643193
2022-08-02,1.001107250649658,1.003079736232357,0.9980199022190974,0.9983897582221508,9284515803.333364,54496040457.65605,-0.0012087900156927,-0.0012095211916285,0.3678502279101048,0.3132403306848567,0.0031516373119703,-5.759833179606344,-0.2260036649127581,-0.0018590559509914862,0.0684840876279722,-0.006285820266235476,-0.0034817999364565,0.03200214034505677,-0.01413100297342229
2022-08-03,1.00305276496716,1.0069698983145563,0.998571433435115,1.0011758980948566,7717939766.442109,54439227634.87708,0.0027906334673015,0.0027867468787442,-0.1687299661150684,-0.1848005863882921,0.0058067083707316,-5.148741414150944,0.6110917654553996,0.0004661802439830957,0.027022889621481028,-0.03526971990308958,-0.0007303638654521989,0.021123217930281157,0.01732889934546389
2022-08-04,1.0020473944640365,1.0043909349765523,0.99676602469742,1.0011102937947902,6788893627.180625,54323442871.55164,-6.55272467018353e-05,-6.552939370565747e-05,-0.1203748885552348,-0.1282594719996637,0.0053570651880029,-5.2293389934056265,-0.0805975792546824,-0.0013847029374972034,-0.03417767448226172,-0.08652459744041163,-0.00019485635407772372,0.009265857184661996,0.0007276069508712624
2022-08-05,1.001893826843124,1.0032498403123675,0.9994855361149428,1.0015630757699785,6091179520.400846,54272107604.66959,0.0004522798117199,0.0004521775640344,-0.1027728736220506,-0.1084462423103575,0.0026501991989634,-5.933120472388907,-0.7037814789832808,-0.002252577226192186,-0.04744775546348734,-0.007768346897553791,0.0004873500481854287,0.006345366877731351,-0.00029290696565276164
2022-08-06,1.0009442670435926,1.0015794232280473,0.9989850347869842,1.0003556810967718,5404592341.659664,54330368880.71703,-0.0012055103691582,-0.0012062375812832,-0.1127182635878049,-0.1195927186816656,0.0017971864506498,-6.321532919940993,-0.3884124475520858,-0.00040102735084745426,-0.02423387238049557,-0.177986949425617,-0.0013945970079407754,0.005620403087807091,-0.002513324729341626
2022-08-07,1.0006356558982374,1.0016191684558973,0.999291562424914,1.0010240508083317,3444703796.990216,54305687930.512695,0.0006681320696126,0.0006679089687498,-0.3626339269961659,-0.4504111055823916,0.0016273401128038,-6.4208084296882735,-0.0992755097472803,0.001036163190243537,-0.055282135004052435,-0.003242343280171589,-0.0026794255541910165,-0.0094244358860891,-0.00778489607670263
2022-08-08,0.9995124440691248,1.0025292994133927,0.9989678822158624,1.0009047876750308,4519997667.600782,54255956264.90704,-0.0001191411267337,-0.0001191482246015,0.3121585872056971,0.2716735576117625,0.0023630085091042,-6.047819679808699,0.3729887498795747,-0.0002022594983864018,-0.05110131834476661,-0.022159068307956886,0.0005523513781642119,-0.0028892503801785097,0.010198978099931644
2022-08-09,1.001381805291511,1.0078904605331185,1.0004690352324357,1.0004690352324357,49478710478.18416,54260222164.74175,-0.0004353585355578,-0.0004354533315996,9.946623011079447,2.3930310078825365,0.0051950942608026,-5.26004051007146,0.7877791697372389,-0.0025791894720198607,0.6571605504036881,0.06476245257531943,0.0004481746194183022,0.22679414525261166,0.00015305360506623344
2022-08-10,1.0029526303272511,1.0029526303272511,0.9945248358999316,0.9999862205361204,34422446299.52523,54012711256.40938,-0.0004825883453785,-0.0004827048286111,-0.3042978289682274,-0.3628336254137818,0.0056758055572633,-5.171542777271952,0.0884977327995075,-0.002059080967194918,0.27764790578127574,0.19669844134557213,-5.608529459790989e-05,0.12688156689988261,0.00029019592057366594
2022-08-11,0.9997811796797684,1.0047743867500023,0.9975957140448748,0.9975957140448748,8900631475.727646,53973474836.62168,-0.0023905394315973,-0.002393401332886,-0.74142943246162,-1.3525866337451895,0.0048842642093352,-5.32173662728138,-0.1501938500094279,-0.004299216705680844,0.018989927274009943,-0.03248468985309394,-0.003923620098306332,0.016919681125791897,-0.023110485393249114
2022-08-12,1.0001629170214106,1.003853214568877,0.9971259078539144,1.0022760166813738,6843494760.185792,53838618036.30109,0.0046915825425133,0.0046806113705269,-0.2311225581186843,-0.262823695544077,0.0045700851896,-5.38822343319942,-0.0664868059180401,0.0013296089749054746,0.0066790535755281155,0.03791359893492263,0.0009903876274576916,0.009622988117868658,0.021673788860962162
2022-08-13,1.0020237017639395,1.003085228952805,0.9992249637660164,1.001642499444664,6880230086.83107,53890579253.05132,-0.0006320786152376,-0.0006322784611421,0.0053679191601048,0.0053535632334371,0.0027161976739546,-5.9085222906548,-0.52029885745538,0.001005698063081305,0.012972548229441827,0.0016495651538157574,8.18595854706495e-05,0.007162653440651923,0.001431479537628455
2022-08-14,1.00165727726575,1.0026999647300745,0.9994707842863692,0.9994707842863692,4919360374.996785,53754921781.686,-0.0021681539666087,-0.0021705078153733,-0.2850006013007381,-0.3354735772685363,0.0018324342870518,-6.302109984572591,-0.3935876939177909,-4.1680972777308556e-05,0.012797953240738735,0.0021934078017338265,-0.00011728172062832304,-0.0006061934236392119,-1.0350728775421203e-05
2022-08-15,0.999482617987884,1.004669497801275,0.9988131822076448,0.999082990435705,6026539581.086572,53588481927.223206,-0.0003879991859302,-0.0003880744770902,0.2250656836846416,0.2029944618936265,0.0041263745286756,-5.490356095627755,0.8117538889448364,-0.002298281751917484,0.012907700578882242,-0.011578734251805223,-0.0010304204878211587,0.00560171921839725,-0.0015401891490158803
2022-08-16,1.0019113537335504,1.0025079004177369,0.998040537795804,1.0011067178511508,6612046495.918753,53533144317.782776,0.0020255848961687,0.0020235361652021,0.0971547447675793,0.0927202331201851,0.0031183133611844,-5.770463012695807,-0.2801069170680517,-0.00184217398531932,-0.45399084515128507,-0.2649463068497191,0.0010611879333826514,0.004426165486929534,-9.473055705999656e-05
2022-08-17,1.0011369166024615,1.0023985385730765,0.9980573495408858,1.0001177656710336,6305296859.903647,53427702118.43052,-0.0009878588990391,-0.0009883471532186,-0.0463925406762406,-0.0475031604242133,0.0030029930692588,-5.80814579792272,-0.037682785226913,0.0003366030020922497,-0.4730185631908128,-0.28215340342609707,-6.665981029183417e-05,0.0006948167906557501,-0.05732469446034294
2022-08-18,1.0011136140421322,1.0011136140421322,0.99838561410192,1.0005313495941413,5560928179.682122,53098063005.40297,0.0004135352228546,0.0004134497407301,-0.1180545019149027,-0.1256250184389575,0.0018952861472942,-6.268385450636614,-0.4602396527138941,0.0003683047260575434,-0.07455193845657604,-0.013929505205715564,0.001197326491197852,-0.014282575976391598,-0.047748453395803914
2022-08-19,1.0002788438794517,1.0042296733144829,0.996402505427874,0.9989436591202698,6319990502.35949,52756358232.60568,-0.0015868473032009,-0.0015881076789084,0.13649921346777,0.1279526722449068,0.0054702874756217,-5.208424108970939,1.0599613416656748,-0.0030785560389171734,-0.01220699058165664,0.03613247950874143,0.003910584779479751,-0.006039543924131863,-0.025830268471138673
2022-08-20,1.0020189088327711,1.0033904311142692,0.998421736963336,0.999530324222328,6315287479.629151,52458122573.24664,0.0005872854757142,0.0005871130910886,-0.0007441502844953,-0.0007444273017551,0.0031516710430264,-5.759822476954919,-0.55139836798398,-0.002125691607061956,-0.013342592351872185,0.030481687126807877,0.00034476822190745613,-0.0032664565510884813,0.02821272402886521
2022-08-21,0.9994600489165906,1.0037825624962422,0.9984019048856831,1.0011489487047631,5368163637.939284,52494177266.46557,0.0016193850683765,0.0016180752782224,-0.149973195162524,-0.1624873948920829,0.0036528137903813,-5.612257506905319,0.1475649700495998,0.0016658050687061857,0.010614157999640383,0.010291139815409522,0.0008072284529799618,-0.0016467956335617373,-0.0009640501888199537
2022-08-22,1.0025644540283143,1.0040588737445353,0.9986670108516756,1.0000673110747451,4932610088.50321,52439049852.68753,-0.0010803963100769,-0.0010809803588777,-0.0811364143890503,-0.0846176054997711,0.0034776601042469,-5.661395595184239,-0.0491380882789194,-0.001842220611780952,-0.026071446042749358,-0.060382065721023004,-0.001125073124713793,-0.0008665203809670174,-0.001113694823948741
2022-08-23,1.0016507651404432,1.0043411490577463,0.9988726081514092,1.0004577254057154,6643138495.28879,52309715993.71697,0.0003903880535307,0.0003903118719408,0.3467795702669529,0.297716239097774,0.003788922472541,-5.575673608347652,0.0857219868365861,-0.0006786501208180181,0.0007504730619949385,0.033137255976709135,0.0002917111463235231,0.008661095234238303,0.002138790918142064
2022-08-24,1.0006712733814105,1.0028457370916053,0.9992268225113132,1.0004109681609972,7062015936.883048,52343240649.7488,-4.673585253123225e-05,-4.673694468521679e-05,0.0630541485611537,0.0611460374426458,0.002551193533838,-5.971193976828672,-0.3955203684810193,-0.0007021106972628336,0.018093529938632003,-0.0001998705725902994,0.0004240712376485816,0.007711159113583221,-0.00017128322743165114
2022-08-25,1.0002403797553,1.0038433419842252,0.999697835415406,1.0004347131937992,7404978151.688548,52228288239.60333,2.373527835830557e-05,2.373499668104332e-05,0.0485643501615875,0.0474219430212296,0.0029236468154063,-5.834923532554819,0.1362704442738529,0.00015581372367050151,0.04276793036174453,0.0028840529083913324,0.0001871023929459473,0.005903983261475787,0.00026181426955673714
2022-08-26,1.0007480243833322,1.0027063065768318,0.9981351269390552,1.0002186648951603,7517258073.247338,52220486098.72522,-0.000215954420403,-0.0002159777419165,0.0151627620309975,0.0150489563187781,0.0032141793562717,-5.740183208534436,0.0947403240203828,-0.0017982325837295043,0.02681922303357709,-0.2805591709674191,-0.0004903860327403328,0.004594842403346178,-0.00037148043008006226
2022-08-27,1.0025074832123686,1.003615806309066,0.9983414272650216,0.9983414272650216,8445337463.488115,52223294625.73141,-0.0018768272339083,-0.0018785906809437,0.123459828197685,0.1164130560606723,0.0026802149472909,-5.921858283462533,-0.1816750749280968,-0.001119852779976419,0.046005090152629435,0.02084729214809755,-0.004154330501458624,-0.0005256920975078572,-0.031767113516392165
2022-08-28,0.9996317307120736,1.0019638378550972,0.99928038463656,0.99928038463656,6567219797.916773,52229261744.983055,0.0009405172878687,0.0009400752786075,-0.2223851531914554,-0.2515239329001947,0.0018836803431613,-6.274527786458391,-0.352669502995858,-0.0032810458377979597,0.024995681749114596,-0.10920865541554825,-0.0045343070755803575,-0.007210022966017249,-0.006403620349102468
2022-08-29,1.003886902342166,1.003886902342166,0.999570363947198,0.999570363947198,7359354420.801456,52243712235.399536,0.0002901881344778,0.0002901460380449,0.1206194778399165,0.1138816376149049,0.0014530387419051,-6.53409823135978,-0.2595704449013887,-0.0020791324980883514,0.048753231639299344,0.07650942343118228,-0.001186373580907387,0.0029171630632625067,-0.05541424997110411
2022-08-30,1.001497848866154,1.0040584538769155,0.9951144713549804,1.001828491057411,7233952850.026081,52252198200.67816,0.0022590977000316,0.0022565497754413,-0.0170397515332219,-0.0171865986488053,0.0063236821547371,-5.06345362105973,1.4706446103000497,0.0011557732244162602,0.011518164195521763,0.4060982824728141,0.0018394577668753307,0.004509271779937762,-0.004328382417718046
2022-08-31,1.00007388821404,1.0021272726832886,0.9958039762876418,0.999921189310219,4921625424.487506,52394624015.99772,-0.0019038206281982,-0.0019056351981333,-0.3196492254618771,-0.3851467689052285,0.0044748841316118,-5.409274819967761,-0.3458211989080313,-0.0003191646642221867,-0.04237359642852567,0.005995366396084556,-0.0011854518952865564,-0.007009292393625799,0.004333149984369733
2022-09-01,0.9984481799203784,1.003734129453832,0.9965399040776056,0.9998314010700908,4367318303.413742,52234313620.0905,-8.979531695907372e-05,-8.97993487999097e-05,-0.1126268403759077,-0.1194896865798387,0.0050131029975051,-5.295700194830627,0.1135746251371339,-0.0009163578968380829,-0.06339704506308053,-0.0035763198117777506,-0.0032167278861202557,-0.01870893380544203,-0.019891895599217335
2022-09-02,1.001079908391908,1.0027767500082188,0.9986450942781672,0.9986450942781672,4442322025.382031,51946968677.13796,-0.0011865068357065,-0.0011872112922255,0.0171738620264207,0.0170280582333406,0.0024964939757551,-5.992867941102752,-0.6971677462721244,-0.0038601691582507464,-0.06854969579104875,-0.07355278953134992,-0.0034011258449096224,-0.012660176200480322,-0.0027770635650243847
2022-09-03,1.000301699028177,1.0023654082187368,0.9988789286652124,1.0006179206927803,4497026105.892418,51879791619.78297,0.0019755030349788,0.0019735542949307,0.0123142987378728,0.0122390945231803,0.0024559385034016,-6.009246308342298,-0.0163783672395467,0.0009860669741124726,-0.09552778744794566,0.0729072809023048,-0.0012743059555789008,-0.008954287124026905,0.022192082706366634
2022-09-04,1.0009214363099288,1.0028869458195055,0.999567620433345,1.0011446652584726,5658673608.890731,51889624824.45271,0.0005264192803258,0.0005262807703039,0.2583146007260699,0.2297732070818589,0.0023401417761634,-6.057543763343884,-0.0482974550015855,-0.002735357226121352,-0.02333627889290213,-0.032757079995141325,0.00020018912478454357,-0.0016988234454373696,0.0034454110171768804
2022-09-05,0.9998091495292158,1.0024572136337542,0.9963234260890136,1.00095181733403,5833020584.558318,51877606342.636345,-0.000192627430515,-0.0001926459855614,0.0308105728864902,0.0303454567152306,0.0042814431199548,-5.453465148660469,0.6040786146834147,-0.0005453635663097651,-0.040473470985094906,0.03603354518946755,0.0003159106885410285,0.0016828203955583376,-0.00012949558394215188
2022-09-06,0.9990258180019856,1.003375017380315,0.994727488707002,0.9999964669054532,7126732361.408266,51789448796.85654,-0.0009544419741613,-0.0009548977439293,0.2217910528680071,0.2003178582962627,0.0060907376428072,-5.100986080981536,0.3524790676789333,-7.741858522861844e-05,-0.002905680462873761,0.008745770074665593,0.0004841417241264776,0.014347040164071956,-0.0002919540798371756
2022-09-07,0.9992219495097244,1.0012044688970676,0.9955380597331628,1.0012044688970676,6507114914.7745,51685557851.14948,0.0012080062596147,0.0012072772071273,-0.0869427130432224,-0.0909566545102863,0.0038195507679264,-5.567622463298333,-0.4666363823167971,0.0027567695058616187,0.04212929341636951,-0.037477989075261675,-0.00017710737079622017,0.007658133876528694,0.0004403293209849224
2022-09-08,0.9998429780634436,1.001969766346832,0.9990846458734992,1.0016027445953162,5749024217.293219,51718201408.16373,0.0003977965646591,0.0003977174645821,-0.1165018149226203,-0.1238660414662846,0.0017213482765931,-6.36464741349138,-0.7970249501930464,0.000522135860623322,0.035320589069062436,-0.0044105284511104514,-0.001346818304818136,-0.18378557729757716,-0.27054297285897544
2022-09-09,1.0000748707670692,1.003959533900694,0.9977616131364536,1.002516362873598,6576824809.079525,51708088798.12983,0.0009121563246623,0.0009117405628893,0.1439897555651723,0.1345219379919619,0.0041082252757695,-5.49476415011131,0.8698832633800695,0.0022115486076336416,0.052224242692687994,0.04387993005321178,0.0027320463987016903,-0.13750832888353415,-0.042759179435253536
2022-09-10,1.0002860314498283,1.0012336873783874,0.9962425030251642,1.0008143199830817,6654893926.195345,51694203743.58035,-0.0016977706834007,-0.0016992135293597,0.0118703355163183,0.0118004356961538,0.0035184963816596,-5.649721544934037,-0.1549573948227269,-0.00010702344364151858,0.05016158889320721,0.02259123658176687,0.0006510848525770138,-0.011959890959150954,0.017296621249450972
2022-09-11,1.0012463448530924,1.0056443412003382,0.99756979895661,1.0035011531576452,5405147182.231349,51665159332.353546,0.0026846470128534,0.0026810497848149,-0.1877936384597621,-0.2080008312806357,0.0055263232655307,-5.198232555181639,0.4514889897523977,0.0036859070743185366,-0.005764663229054889,0.12072454627719953,0.0014733815513255752,-0.007735893042283948,0.0876222867760541
2022-09-12,1.0019219682723317,1.0042686586196514,0.9979816805620814,1.0020880047756997,6179105104.374569,51583652093.12299,-0.0014082179950654,-0.0014092104658791,0.1431890559220101,0.133821774391415,0.0044393885517881,-5.417238625582604,-0.2190060704009644,0.0030604847450852227,0.00786098832960036,0.014782239983162526,0.00042992242621302094,-0.003792680623146083,0.00648927240907593
2022-09-13,1.0002646667471946,1.0080406050930026,0.9968169737556656,0.9996212208010204,6376076314.238026,51461301066.880165,-0.0024616440501464,-0.0024646788773271,0.031876980005407,0.0313794545327229,0.007907051512656,-4.8400003210978175,0.5772383044847862,0.0003995023747103392,-0.017129488826700623,0.16496215808332249,0.0001386649464317343,0.007863950644743767,0.19780730952571002
2022-09-14,0.9995226874138818,1.003771494852976,0.9969217866610476,1.0006481164891805,6750930689.9058485,51225197964.99917,0.0010272848022745,0.0010267575063332,0.0587907605231698,0.0571274649662531,0.0047910317872286,-5.3410094863236495,-0.5010091652258319,0.0008049408181842685,0.005595957846512789,-0.0597596260578781,-0.001261622868844508,0.0038876578342836865,-0.0034487495834678583
2022-09-15,0.9998178171422611,1.0038298543937896,0.9982262773784502,1.0002271050698566,6943084052.83706,50673055245.75374,-0.0004207387316143,-0.0004208272669888,0.0284632403675131,0.0280656884585502,0.0039500860827712,-5.534017907199931,-0.1930084208762812,0.0001522113210106823,0.026962254826113252,0.001744495632642007,-0.000909191516811397,0.0017715912135827239,0.0016809179335544044
2022-09-16,1.001442386327948,1.0034416648116011,0.998090258129675,1.0002879150197896,7518578477.404191,50335297423.16806,6.079614282072932e-05,6.079429481013928e-05,0.0828874344869805,0.0796310240083491,0.0037125422152997,-5.59603840379347,-0.0620204965935391,1.8830295821641956e-06,0.020763912342754764,6.456507596830363e-05,-0.0008251208537607823,0.006466336841064901,0.00031970719849905294
2022-09-17,0.9988865630299611,1.0018048937406248,0.9988865630299611,1.000963581890618,6294382211.631211,50254281975.55442,0.0006754723921811,0.0006752443633838,-0.1628228353873133,-0.1777195646868654,0.0016089321032549,-6.432184609963571,-0.8361462061701008,-0.00028245086649246286,-0.007897762538263464,-0.05045074525745452,0.0006843129338753405,0.00388885265774519,0.0004656725903871006
2022-09-18,0.9999214285975652,1.0026069884019722,0.9991218919867848,1.0024178018521113,3366699321.909888,50214306257.42137,0.0014528200504024,0.0014517657283896,-0.4651263287302987,-0.6257246884366945,0.0019133097103994,-6.258920703876093,0.1732639060874774,0.0004947600175225429,-0.04586936602735747,-0.0005089695022926222,0.0003980100967814326,-0.01575167051623083,0.0006781492790848276
2022-09-19,1.0008645076426284,1.0020733680349836,0.9953109966971968,0.9993131399126816,5018103749.33945,50112944078.831024,-0.0030971735873938,-0.0031019797557663,0.4905114088099618,0.399119288457558,0.0046899238583335,-5.3623389315526415,0.8965817723234517,-0.0009517278129084194,-0.027097245169944273,0.12524727568858918,-0.0001469991742881449,-0.006997863156044559,0.00029909894147728266
2022-09-20,0.9990802945011168,1.0026255196978051,0.9962984924616608,1.0002267872945845,4860483613.535051,50179835177.32226,0.0009142753611572,0.0009138576660121,-0.0314102983273605,-0.0319141812472719,0.0044191865228818,-5.421799644427678,-0.0594607128750368,0.000704188118265169,-0.03651551354947813,-0.4000247852416523,-0.0023344098447050576,-0.0027521491449888913,-0.012006630265777751
2022-09-21,0.9995619225022266,1.0078793717085186,0.9968596937033646,0.9996270016945402,4603490088.477956,50051253163.80012,-0.0005996496071321,-0.000599829468864,-0.0528740647003607,-0.0543232112166204,0.0077736420591715,-4.857016490939695,0.5647831534879835,-0.00019086843157910174,-0.05413417182029079,0.3894398391928,-0.0020224720119044527,-0.0017882250455976134,0.0030334933053248747
2022-09-22,0.9974472348553092,1.0035453001477666,0.9974472348553092,1.0000066697887375,5919056414.337936,49950358715.84983,0.0003798097625951,0.0003797376531252,0.2857758571377622,0.2513623160191962,0.0040047366014743,-5.5202774680467215,-0.6632609771070266,-0.001434677321497501,-0.02688405964954299,-0.004985711241245916,-0.0006643784117158666,-0.003945486253929431,0.008054763633311701
2022-09-23,1.0018414698014015,1.0066438821048054,0.9974535557481587,0.9978202408768536,4931654452.234813,49871573392.80171,-0.0021864143289622,-0.0021888080224782,-0.1668174609235528,-0.182502526276207,0.005984188403868,-5.118634554201977,0.4016429138447446,-0.0010680809544921805,-0.07132021969078295,0.0022686253072707885,-0.0024224891246991454,-0.01169933213476071,-0.012027164170288707
2022-09-24,1.0012685355772415,1.0027510232395465,0.9979411844964948,0.9982905930585207,4532293824.076592,49756170342.732254,0.000471379675816,0.0004712686113176,-0.0809790369593407,-0.0844463461786023,0.002851681456129,-5.85984647406738,-0.7412119198654032,-0.0016322951553368683,-0.051666208010185954,-0.003772911558232117,-0.002458614397197644,-0.015995854823419364,-0.00039567061972789475
2022-09-25,1.0000044761828473,1.0031194756499504,0.9990815641863796,0.9998329269889624,3236570580.2122893,49665332943.36823,0.0015449749212965,0.0015437826753782,-0.285886858654468,-0.3367138679279612,0.0028501056638017,-5.860399210370699,-0.0005527363033186,-0.0010312211404145814,-0.003923478717009488,0.003963772040905589,-0.002671431691006512,-0.02432101502499151,-0.0024568080490796618
2022-09-26,1.0009776478360517,1.0031673442290776,0.9985155882423996,1.00123515791037,3920742038.559573,49456645779.917046,0.0014024652354973,0.0014014826996699,0.2113877764724687,0.1917666250997916,0.0032826378465118,-5.7191079583014055,0.1412912520692932,0.0021545244178601194,-0.033713224403978614,-0.09331694008262303,0.001602732846095779,-0.026366513449591622,0.010199524084465672
2022-09-27,0.9994644524677198,1.0058420442686062,0.9947618245271284,0.9988954060021836,4245720267.210327,49261537449.755,-0.0023368655102659,-0.0023396002417696,0.0828869192246442,0.0796305481856158,0.0078246114507209,-4.850481198648702,0.8686267596527033,-0.0006670310296338873,-0.019395664481155706,0.13797250896098134,-0.004984572366211459,-0.013802996688717428,-0.051835771222549454
2022-09-28,1.000209568550222,1.008617046943985,0.993926568865277,1.0003664650807778,4471614200.835426,49029028254.75309,0.0014726857984879,0.0014716024602381,0.0532050911054307,0.0518379825681654,0.0103742703193874,-4.568426546000144,0.2820546526485579,0.002922426954246521,-0.004210120347277524,0.098738002532607,-0.0011303302606004279,-0.017439947297386738,0.15374861723504196
2022-09-29,1.002618513026295,1.0047002475561768,0.996331043785572,1.000308083623214,10586890036.411526,48709851651.872826,-5.836007063564352e-05,-5.836177365082487e-05,1.3675767990972003,0.8618669844525791,0.0057384712409804,-5.160562438447911,-0.5921358924477671,-0.0015317401992980038,0.1391827402544763,0.011337510051659727,0.00023415069075914937,0.02022118629000147,0.0021995700405295082
2022-09-30,0.9981912743895732,1.0078457050550518,0.9948293646133584,0.9987597893521716,3783026503.173827,47787415292.61677,-0.0015478174138455,-0.0015490165207109,-0.6426687638992328,-1.02909209515771,0.009184962984141,-4.690187590356804,0.4703748480911072,-0.00250871201128572,-0.032494793574748826,-0.007195159409919327,0.00031204505401118105,-0.0068210106381449975,-7.636737767313662e-05
2022-10-01,1.0010459242505183,1.0010507689936463,0.9986154232520288,0.9996986065809722,3423258056.4694886,47269633345.16528,0.000939983005733,0.0009395414983588,-0.0951006942199599,-0.0999316058039932,0.0015052383529526,-6.498804019266237,-1.808616428909433,-0.0003059150199815465,-0.03240961477181159,0.011255247392140788,-0.0013807645574503695,-0.00569108263542617,-0.0032581628342969182
2022-10-02,1.0000528458047389,1.0019138575939537,0.9993098964492172,0.9999034658006628,2495003075.524049,47267935327.45556,0.0002049209815258,0.0002048999880894,-0.27116126381158,-0.3163027838061061,0.0018378099055273,-6.299180685028817,0.1996233342374207,-0.001073709108717811,-0.02227219612066733,-0.001905080987748775,-0.0003981923852398063,-0.011842343517518117,0.0031483179604840927
2022-10-03,1.0011613897000489,1.0024881376313528,0.9981470157506774,1.00014587631591,3623094155.068299,47297691218.54398,0.0002424339184112,0.0002424045360576,0.4521401559023354,0.3730384378477966,0.0030031424483872,-5.808096055745588,0.4910846292832289,0.0006815566660756898,-0.009080941573675005,0.0012387829745215129,-0.0007751463710975602,-0.005360629325608102,-0.0007947654565576556
2022-10-04,0.9989839432394044,1.0032658291624896,0.9989839432394044,1.0014277699513956,3268763485.2094574,47088368703.42748,0.0012817066648393,0.0012808859800286,-0.0977978089151154,-0.102916625408613,0.0026154536092836,-5.946317732155239,-0.1382216764096515,0.0012172050632225572,-0.030399132765602133,-0.0018314917909689754,0.0016176203420760957,-0.014807980693092304,-0.003638383359954922
2022-10-05,0.9995600846035014,1.0017423788880016,0.998944404010864,1.000090480202452,3297073420.8722086,46658431840.57201,-0.0013353831290383,-0.001336275547658,0.0086607476468849,0.0086234585184622,0.0019501127589849,-6.239868082957824,-0.2935503508025849,-0.002524614584674485,-0.03781439606771997,-0.13318494734999575,0.0010651329310637522,-0.01595637472832223,0.002677764362014834
2022-10-06,0.999224726121024,1.0026236141047824,0.998465865845403,1.0003754268743854,3675486626.436481,46361647833.11977,0.0002849208922335,0.0002848803099844,0.1147724534032872,0.1086503064201885,0.0028499735441225,-5.860445567508683,0.3794225154491411,0.0021857197490311804,-0.25718337759479937,0.0037447486083026504,0.001153709748000421,-0.02213281296869596,-0.00035424786153370746
2022-10-07,1.0006977725438464,1.006522289472447,0.9986165434032876,1.0001892723002332,3673361212.2686296,46209713105.249695,-0.00018608471295,-0.0001861020288583,-0.0005782674197652,-0.0005784346808538,0.0055669526934901,-5.190907467483458,0.6695381000252247,-0.0008561232623580611,-0.004664458493063961,-0.43495462070417457,0.0003462886562825681,-0.018546366739073505,0.0021790075057639413
2022-10-08,0.9990039198682438,1.0006302967908995,0.9990039198682438,0.9996430553028276,2824730273.9980764,46078174851.86787,-0.0005461136332221,-0.0005462628075855,-0.2310230029751001,-0.2626942227653737,0.0010793621858411,-6.8313849809659954,-1.6404775134825371,-0.00040985282554279145,-0.02584820542301003,0.003141492530884804,-0.0004318763814874812,-0.019506537616596376,-0.00011957956843033912
2022-10-09,1.0000809102245338,1.0016058971146111,0.997328946284202,0.998647856074506,2055509043.7334225,46068594365.482,-0.0009955545862518,-0.0009960504798724,-0.2723167012954872,-0.3178893546901711,0.0028916450559708,-5.845929715284735,0.98545526568126,-0.002513774705714303,-0.019414806727496625,0.06466823398258725,-0.0016390494475986275,-0.030928973834583928,-0.004509378872792347
2022-10-10,0.9999914499065982,1.0031079183250478,0.9976211037420591,0.9984530153274912,2491281377.5509176,46064949794.99473,-0.0001951045564556,-0.0001951235918256,0.2120021486385686,0.1922736604496508,0.0037584540106346,-5.58374757351723,0.2621821417675054,-0.0005316091926104296,-0.05180578924107948,0.028568946724698563,-0.002793751298882849,-0.029353704414340598,-0.009361596810430584
2022-10-11,0.9999781138167858,1.0063182211983164,0.9982377235892376,0.9997665134064349,3343494913.133158,46042117091.02453,0.0013155331886225,0.0013146686329887,0.3420783951831321,0.2942194535222383,0.0056993017103787,-5.167411618597323,0.4163359549199068,0.00020649833186083035,0.003504643001623009,0.0011026461250009945,-0.0021536375102685027,-0.014860058418559419,0.005812731141594973
2022-10-12,1.0008735810575131,1.0012912532536498,0.9987433003458418,0.999269468258254,2917609133.7105336,45908157729.30463,-0.0004971612286626,-0.0004972848542825,-0.1273774270598578,-0.1362521500274639,0.0015006868463491,-6.5018323781110015,-1.3344207595136783,4.477584910016984e-05,-0.017924083742158814,0.0001864848407757691,-0.000995430439215699,-0.023968846615463946,0.006611783709164598
2022-10-13,0.9993623291719542,1.0020805894311502,0.994974958597796,1.0004944290651605,3300569429.990483,45787479940.74928,0.0012258563338691,0.0012251055854706,0.131258259324446,0.1233305170656299,0.0049824231402947,-5.3018389319281125,1.199993446182889,-0.00020322233838632168,-0.018030542532613936,0.22904352479198486,0.000971733411416583,-0.02314074934022159,8.394214337048567e-05
2022-10-14,1.0004894044828418,1.0013914913508708,0.998744497729633,0.998744497729633,4535349355.007298,45250885985.20903,-0.0017490665461901,-0.0017505979490257,0.3741111802699985,0.3178071077536085,0.0015250452141328,-6.485731220750554,-1.1838922888224417,-0.0002597145243953271,0.04097952429160401,-0.017811742933378838,-0.0010740916185895573,-0.01700870349619521,-0.0003771934539376076
2022-10-15,1.0000148795155566,1.00206732130366,0.9987892921819777,1.0000595212349224,3079479311.2667084,45019437664.06386,0.0013166765957446,0.001315810537245,-0.3210050493978423,-0.3871415879722147,0.0023167602121282,-6.067585529552836,0.4181456911977186,-2.1387487874251588e-05,0.011796302931323055,0.00020142829277691732,-0.0013818276243881616,-0.030370575880382944,-0.0013637077949493204
2022-10-16,1.000174007403016,1.0035249027273851,0.9993594146351092,1.0035249027273851,2274127097.1448536,45005878866.7525,0.0034651752409531,0.0034591853545768,-0.2615222031774529,-0.3031642426995738,0.0020806697810122,-6.17506542700098,-0.1074798974481447,0.0035272549481349825,0.010013459881125897,-0.038870986018507914,0.004632762119672341,-0.04275863308638961,-0.03663960245423592
2022-10-17,1.000404655668149,1.0021872184345364,0.9982189861964796,0.9994448295322506,2760742584.895018,44958713371.84434,-0.0040657418505966,-0.0040740294501153,0.213979020064932,0.1939034108281186,0.0027412266186992,-5.899349787698832,0.275715639302148,-0.0005334382092142411,0.01220586728140205,0.03801624128006953,-0.0004767501426052879,-0.029876900658038608,0.03966980143561205
2022-10-18,1.000670928027687,1.0052181769328998,0.9981438924998368,1.0018147688025054,3063297182.5897584,44681492417.71774,0.0023712557214028,0.0023684487310735,0.109591745116014,0.1039921504774859,0.0049431647879266,-5.309749507578638,0.5896002801201945,0.0009399243914807759,-0.01269530281956932,-0.10386793833870644,0.0009489899280122426,-0.0026073649516646924,-0.0012106480770315287
2022-10-19,0.9982146617148656,1.002283762565111,0.9982146617148656,1.0000151544921878,2855392089.014449,44507536290.33112,-0.0017963543424985,-0.0017979697217794,-0.0678697107015725,-0.0702826786824312,0.0026495639982214,-5.933360181493412,-0.623610673914774,0.0006530286039199354,-0.0028409543495229173,0.0016910218496875018,0.0009352830648376467,-0.018785420811106235,4.649460691652507e-05
2022-10-20,0.9998169746316634,1.002496435466926,0.9982990899528822,1.0005657892307775,2593680615.9367085,44274211651.08767,0.0005506263941263,0.0005504748550385,-0.0916551790153875,-0.0961312136773377,0.002930077751749,-5.832726319872138,0.100633861621274,7.634446887105618e-05,-0.03285780000397054,-0.3702095666684473,0.0010038027141518514,-0.020075843126630133,-0.00023923049141494346
2022-10-21,0.9989879275636953,1.002349492286445,0.9986502493342604,1.000198207754469,2627709872.954068,43906903093.59758,-0.0003673736202703,-0.0003674411184907,0.0131200645169142,0.0130347419518676,0.0025038136929478,-5.989940232287189,-0.1572139124150515,0.000183308709049614,-0.0944692455234275,-0.00021516594284953783,0.002754217119303295,-0.017833313925574856,-0.011989604038277868
2022-10-22,0.9990341380827902,1.0017803995308447,0.998735984344649,1.0003413832822572,2344905724.6793804,43916815610.15325,0.000143147154912,0.0001431369103357,-0.1076238100657435,-0.1138674977139731,0.0019928120211308,-6.21820856175288,-0.2282683294656902,0.00016733275875911756,-0.038897690562766485,4.340560881033184e-05,-0.001498451350254814,-0.03309103129473456,0.00975548451416497
2022-10-23,0.9995501903468564,1.0009140677026165,0.993381633964586,0.9997555924183787,1744952018.5751865,43933724771.07118,-0.0005855909529168,-0.0005857624782646,-0.2558540839360294,-0.295518139636896,0.0053399681846933,-5.232535583950371,0.9856729778025084,-0.0006490112711459909,-0.028989557890216844,0.5161686396444205,-0.0015121691197961945,-0.030456582777144803,0.03691447878977261
2022-10-24,1.0013627229950774,1.00137533630703,0.9991232971654512,1.0004095405196036,2754684990.4392943,43893997181.23952,0.000654107970172,0.0006538941347962,0.578659448005103,0.4565760362712377,0.0014779137523405,-6.51712381246152,-1.284588228511149,-0.00026124637532427017,-0.00033676406190252806,0.0009731253266807016,0.0004049805079453726,-0.017401206251481227,0.003554008987811663
2022-10-25,0.9997577077333938,1.0024317251642645,0.996659669723343,1.0015189289333069,3031835401.484854,43793293660.62901,0.0011089342601902,0.0011083198467809,0.1006105641870005,0.0958650841682354,0.0039340604906633,-5.538083182757441,0.9790406297040796,0.0033047104285114965,-0.0017509031628932803,-0.31305998415057434,0.0005406062779004919,-0.0020237604763551076,-0.00021401040124668924
2022-10-26,0.9997724365831456,1.005035175467738,0.9961166467256066,0.9993123477816964,5122030063.192037,43823663343.388885,-0.0022032345948375,-0.0022056652870905,0.6894156129595626,0.5243826779872494,0.0062962678325328,-5.067798228661795,0.4702849540956455,-0.0005048466400119002,0.11889607369551669,0.297033326840598,-0.0001521977704543887,0.011816392009677656,0.00044894008115914374
2022-10-27,0.9998929966974234,1.0025123371357754,0.996748261086877,0.9992680011012118,4587689367.34978,43862898151.537445,-4.437719656225081e-05,-4.437818125917034e-05,-0.104322053804826,-0.1101743656694963,0.0040587741555158,-5.506874283098143,-0.4390760544363479,0.000280317986633245,0.0940517948172257,0.000501128168081344,-0.0009418135345952181,0.003338382657574357,-0.0014426410071060047
2022-10-28,1.0000770371590273,1.0027472005992268,0.998505168473788,1.0003592414376623,4483261492.330801,43905168779.81745,0.0010920397083142,0.001091443866701,-0.0227626298681388,-0.023025698279145,0.0029925636003707,-5.8116248675012585,-0.3047505844031155,0.0013255055883032397,0.08022557095126004,-0.00479148387263173,-0.002255913768133006,0.00011350757036510117,-0.05958776027461887
2022-10-29,0.9992887543887072,1.0007212360426505,0.9971254491450688,0.9996650329379242,5517317267.005721,43716711542.36308,-0.0006939592008371,-0.0006942001019801,0.2306481066169809,0.2075409465616277,0.0025345705920233,-5.977731047994167,-0.1661061804929087,0.00011488767177895057,0.12381185599112499,0.004977202852638918,0.0014753401536079969,-0.05066426589790041,0.0054575901734015275
2022-10-30,0.999306828214749,1.0010509419540048,0.997989764724022,0.9990399682299956,3804158173.0346913,43692138380.60379,-0.000625274154175,-0.0006254697195845,-0.3105058148850611,-0.3717970152652143,0.0021592482628157,-6.137995144335541,-0.1602640963413737,-0.0023222882264253386,0.07286937262717785,-0.2957481695617812,-0.0020058705485071927,0.00021660337932161156,-0.10034006100043857
2022-10-31,0.9997639113790654,1.000680057937879,0.9952077508547084,1.0000765318502691,3755546736.745584,43546244717.43951,0.0010375597105589,0.0010370218175144,-0.0127785002825812,-0.0128608475861731,0.0038726155419978,-5.553825149579196,0.584169994756345,0.00031885054597618486,0.0335875354700228,0.12402888307824345,2.368451340806572e-05,0.0033998632074201396,0.009080590769745989
2022-11-01,0.9997317399932018,1.0023299151175975,0.9979289308329102,1.0006961932264782,4076171848.063747,43445452910.046425,0.0006196139560066,0.0006194220745369,0.0853737508259595,0.0819243984833117,0.0030533081302724,-5.791529643275846,-0.2377044936966497,0.0009235403097308007,0.033883861118059855,-0.003017111647876547,-0.00046476481235432926,0.016021471457605685,-0.000482145061138084
2022-11-02,1.0008921802625608,1.0009400966393338,0.998325795069451,1.00034105240145,4225690111.072625,42902599350.46801,-0.0003548937504029,-0.0003549567400935,0.0366810499120398,0.0360243119400045,0.0018173087401921,-6.31039858645038,-0.5188689431745344,0.00044800328413819186,-0.029011673120415082,-0.2618255048879954,0.0013575675524815528,0.006038985713452405,-0.0036561156397993955
2022-11-03,0.9999636819924006,1.0008221773246462,0.9982792968478106,0.9998527593169872,5616445715.335259,42445000529.60397,-0.000488126607711,-0.000488245780286,0.3291191657945813,0.2845164414710292,0.0017975753878511,-6.321316528858502,-0.0109179424081222,-0.00022428571580402286,0.03322709960800907,0.0010217449925198352,0.0002927606636779193,0.023185792998109633,0.003947763943715543
2022-11-04,1.000323736026297,1.003728649559836,0.9981948281207408,0.9986151653890152,3651704718.240944,42260960236.588135,-0.0012377761789821,-0.0012385428566322,-0.3498192801418424,-0.4305049241847736,0.0037620984570708,-5.582778376975566,0.7385381518829366,-0.0006742957141692253,-0.026771768587099842,0.11980176350652272,-0.0006102198214323518,0.0034560817313931125,-0.0006418618840049461
2022-11-05,1.0001707818134749,1.0014056500023063,0.9916862790651154,0.9995168450744116,3934548303.8603945,42055056210.30071,0.0009029300942422,0.0009025226980797,0.0774552181633401,0.074601981262799,0.0068845176771276,-4.978480203412631,0.6042981735629347,0.00021014045735196843,-0.05302647274971406,0.34998402369498116,-0.0011808008963097585,0.0025171734500624154,0.12058360444415861
2022-11-06,1.0003775318154926,1.000888393330882,0.9973752024319544,0.9997406818827091,2383491939.29819,42104469175.60794,0.0002239450084313,0.000223919936491,-0.3942145946055309,-0.501229472137657,0.0024546575580607,-6.00976801501657,-1.0312878116039397,-2.3235251807440134e-05,-0.05011521980577882,0.00011566949031571738,0.0007372248031981997,-0.012596258228420254,-0.01227985740305293
2022-11-07,0.9995037950600164,1.00265411476939,0.9982208723782326,0.9982208723782326,3261117182.839385,42696460994.37239,-0.0015202037208432,-0.0015213604029299,0.3682098643050617,0.313503217014036,0.0030300183035939,-5.79918661868902,0.2105813963275506,-0.0015124161540274724,-0.01804774541030696,-0.006100682718842343,-0.0018616191004557474,0.004279333256960172,-0.0053000662121105435
2022-11-08,1.0011511492862395,1.0037329461200026,0.9888553964938992,0.999704282717246,4775307434.722647,43088350178.07604,0.0014860542191219,0.0014849511332459,0.4643164188797681,0.3813885253003188,0.0105210139623313,-4.554380692065205,1.2448059266238145,-0.0011875435220445572,0.025425648985336835,0.21649920368068098,-0.0002872108857775151,0.026266130138406396,0.18446857060084998
2022-11-09,0.9996330070121936,1.0133465906494008,0.9912607556561124,1.0093553229806205,9465771699.266092,42828465453.794464,0.0096538950869975,0.0096075939939146,0.9822329407396304,0.684223957124829,0.0143737067157282,-4.242354663947563,0.3120260281176419,0.009348151645297348,0.17241025738813676,0.4362874406585293,0.00933371940090339,0.06436202900954768,0.2752072671280654
2022-11-10,0.9940326847381576,1.0181544423104796,0.9940326847381576,1.0060124760875104,10217513393.517466,43293834610.095695,-0.003311863341879,-0.00331735970009,0.0794168418735112,0.076420934076336,0.0152317323876047,-4.184374370178541,0.0579802937690221,0.005670789642996352,0.1301979636898558,0.2219169956554281,0.0051212735704348625,0.05962323278596671,0.22448096350878366
2022-11-11,1.001457180874154,1.0064246507240533,0.9963301651607622,1.0028650727025614,7951170587.829201,43847911465.32302,-0.003128592795578,-0.0031334970736824,-0.2218096241621913,-0.2507840857173479,0.0070744409666962,-4.951266853882663,-0.7668924837041216,0.002690208972489518,0.10802544845194717,0.011497116393114126,0.003498850430971092,0.04150998229182079,0.0064492469018366805
2022-11-12,1.004295742091467,1.00678229043356,0.9992903552558482,1.0011864532875534,4431864689.040753,44096841537.24052,-0.0016738237881636,-0.0016752261963417,-0.4426148150028907,-0.5844987430512185,0.0049174147181374,-5.314972350375604,-0.3637054964929413,0.0008082894397805257,0.011774399612637154,0.0029938373667093288,0.0006964652445416182,0.009096905352958373,0.005357929235008108
2022-11-13,0.9999935729472234,1.0035131616221142,0.999675661678586,1.0006431531122053,2596713306.939333,44152178250.60961,-0.0005426563389507,-0.0005428036301899,-0.4140810947228234,-0.5345738858804909,0.0026789740706828,-5.922321367196324,-0.6073490168207201,0.0011392744682740348,0.005006047373914413,-0.00029232969512982265,0.0006280669730211765,-0.01563982325708224,4.10647778510409e-05
2022-11-14,1.0017814671950347,1.0243368023519577,0.9998126972492264,1.002625537101174,3877334745.094929,44200636205.28588,0.0019811098320146,0.0019791500219038,0.4931701296147419,0.4009014635819792,0.0171271100880096,-4.067092685606332,1.855228681589992,0.0014716091778418088,0.014328364673609428,0.18832551138921527,0.0024481041342988394,0.006466293905624809,0.18672304461722744
2022-11-15,1.0019549578405895,1.0042684989111244,0.9992917018484794,1.002140429454074,3713063695.167741,44341487202.33796,-0.0004838373142803,-0.0004839544013226,-0.0423670022648938,-0.0432906665443592,0.0035109967411377,-5.651855309982627,-1.5847626243762951,0.0025052023446736783,-0.02482901446919783,-0.07298908196876219,0.0017335681813358229,0.011557328334781403,0.0009313822157461793
2022-11-16,1.001354557351623,1.0043498761093586,1.000130938091213,1.0020429442772771,3049189561.6409025,44485702572.782936,-9.727696232164627e-05,-9.728169403220564e-05,-0.1787941678433413,-0.1969814918695689,0.0029457707461826,-5.827384782645005,-0.1755294726623777,0.00802605114025353,-0.16470889099939967,-0.11504260112081965,0.0013701572483293383,0.002300778740497833,0.00035113830067468044
2022-11-17,1.0033944464728666,1.0033944464728666,0.9993541925240016,1.000536340790242,3134007239.113305,44391451654.574844,-0.0015035318552358,-0.0015046632935002,0.0278164659027491,0.0274366159796254,0.0022352347358575,-6.103409029202236,-0.2760242465572311,-0.0009199232054312835,-0.22022262560885508,-0.052033043618529895,0.0023231309118837812,0.0005632072441059677,-0.0010965151770965242
2022-11-18,1.001052631835963,1.0024948593330156,0.9987586185567886,1.0024948593330156,2394888907.725318,44108559976.0367,0.001957468672479,0.0019555553271459,-0.2358381059761379,-0.2689756090913284,0.0024840220483669,-5.997876238796146,0.1055327904060901,-0.0017947893921771375,-0.2147284284699147,-0.09343776368707557,0.0026747944575970842,-0.003673625345928855,-0.0005484690748396304
2022-11-19,1.0012481025491031,1.0030429450572964,0.9849353382825626,1.0030429450572964,1962897702.375215,44439888670.04665,0.0005467217304688,0.0005465723325938,-0.1803804777568622,-0.1989150436683452,0.0128336108167988,-4.355687704502038,1.6421885342941085,0.003044751744097892,-0.11253560491372383,0.43861102733384083,0.0040509095980951005,-0.00505402185145698,0.1048596593687674
2022-11-20,1.0010569378048046,1.0057598583574603,1.0005508722951963,1.0020999560585993,1689718427.2298338,44506272595.84584,-0.0009401282401156,-0.0009405704378397,-0.1391714274334414,-0.1498598970881348,0.0036142349959813,-5.622875065134871,-1.2671873606328328,0.0003178719684214423,-0.044742993146829946,0.0023076393464616096,0.003064082895224455,-0.007563020111074792,0.0017743440187447668
2022-11-21,1.0021721496774831,1.0076018843862315,0.9998606338454288,1.0076018843862315,5179106507.267207,44610444089.68613,0.0054903987315517,0.0054753814346586,2.0650707382992577,1.1200706485017056,0.0042968741792895,-5.449867455676963,0.1730076094579073,0.005620086270097162,0.06360939545948341,-0.5687518940978857,0.008023046515338908,0.022679641526391237,-0.014065540763223527
2022-11-22,1.001184756167642,1.0057286757748938,1.0004310160519327,1.0013217318668597,3592865073.192769,44192424380.92874,-0.006232771709431,-0.0062522765192755,-0.3062770444764283,-0.3656825977104367,0.0037335500060218,-5.590395753706018,-0.1405282980290545,-3.2781618220469734e-05,-0.005706701093995292,0.024142244248345435,-4.0936182556390404e-05,0.014514961745227595,0.016427918022986265
2022-11-23,1.0021189974786515,1.00288701523375,0.9998135299356504,1.0013946370639182,3377669519.4620504,44114244374.83507,7.28089631316653e-05,7.280631268775907e-05,-0.0598952505442924,-0.0617639743353935,0.0021233126065762,-6.15477785953788,-0.5643821058318625,-0.0019950328826775637,0.015518868721688506,-0.002978100624764224,0.0016359870850185,0.004846305252591776,-0.0006720162135120944
2022-11-24,0.9985839993072596,1.004473816645383,0.9985839993072596,1.000260652533418,3305149665.2853928,43858510123.33466,-0.0011324052361865,-0.0011330468914509,-0.0214703817998771,-0.0217042236208395,0.004025538924863,-5.515096482698759,0.6396813768391212,-0.0007914596381010093,0.007991106958847638,0.002511249530691373,0.00048820788278558026,0.0021187694295328185,0.0006125909178731348
2022-11-25,1.0005338605936227,1.003263217478366,0.9996054867193646,1.001659463113481,2540442655.8270955,44089081600.69382,0.0013984460715517,0.0013974691565134,-0.2313683454308162,-0.2631434169880581,0.0024863642096852,-5.996933792326168,-0.4818373096274086,0.00041076340936953477,0.006746410653860835,0.0003417310967535059,0.0017650967537998605,-0.02019416774271221,-0.0007230008017873324
2022-11-26,1.001763582250903,1.0022090247782407,0.9993614671919456,1.0006610445097976,2165472354.1560016,43972889518.92802,-0.0009967645097466,-0.0009972616098458,-0.1476003801191939,-0.1596998246977016,0.0018919563551017,-6.270143876746581,-0.2732100844204135,-0.0003955535231901665,0.009314214051435954,-0.9291656562583528,0.0005837919242980342,-0.01932566375838718,0.0006972706066128431
2022-11-27,1.0010005904109218,1.0017838062060826,0.9992239974256236,1.0017838062060826,2172022560.990417,44179184124.3809,0.0011220199911299,0.0011213909971515,0.0030248397407817,0.0030202741175882,0.0017426157637853,-6.352367982078452,-0.0822241053318713,-0.0003875768577862802,0.02183290527963777,2.990046685980019e-05,0.0024937157797164894,-0.018795089390156505,-0.0014781931086145228
2022-11-28,1.0029774510521925,1.0029774510521925,0.99803679832772,0.9989659982301003,2184150034.3225684,44206015245.22596,-0.0028127905028269,-0.0028167538317873,0.0055834932610558,0.0055679633432014,0.0024471611209804,-6.012826652398077,0.3395413296803751,-0.0022185916164080117,-0.14399296626923075,-0.19046674145553943,-0.0003411245786293728,-0.02774308521705393,0.0015345521438172582
2022-11-29,1.0008839649697794,1.0028370243317182,0.9997250971314464,1.0000709325349306,2709712470.878744,43792797027.504616,0.0011060779914311,0.0011054667378574,0.2406256110144846,0.2156157773986749,0.0021388234554773,-6.14749938829686,-0.1346727358987829,-0.002045825550664198,-0.046745569066224846,-0.18486146733908448,0.0003070465135774574,-0.00927990825277547,5.54609599712208e-06
2022-11-30,1.0008899526100097,1.0045397424109157,0.9989354251325928,0.9997480398746348,2572309519.6373715,43357913401.24969,-0.0003228697583254,-0.0003229218919877,-0.0507075760686939,-0.0520383888158897,0.0038918429883941,-5.548872457611356,0.5986269306855041,0.0011650122964649207,-0.04462089130689151,0.03830215239501733,1.6304122299671497e-05,-0.010130617709798173,2.360435916815007e-05
2022-12-01,0.9983405506891262,1.0049876922345131,0.9983405506891262,1.0039273000403015,2622337576.824012,43263321710.77957,0.0041803134379645,0.0041716002020093,0.0194486926261086,0.019261983749408,0.003160595844537,-5.756994710760422,-0.2081222531490656,0.0033858901886052646,-0.03945611626395262,-0.022614338113409183,0.0030278258230459934,-0.012589591184383409,-0.0023070160137144136
2022-12-02,0.9999044307905844,1.004063780447476,0.9993700953521306,1.0000145214754963,2249342304.7914267,43176561130.32024,-0.0038974720227731,-0.0039050869592983,-0.1422377024716743,-0.1534282603853186,0.0033125473112574,-5.710037805128022,0.0469569056323999,-0.0017475075956271623,-0.017306307542916954,0.07648382780760521,5.084003717487399e-05,-0.01737255541560856,0.002306433804136976
2022-12-03,1.004321338580331,1.0044744761462363,0.9994254551285876,1.0044744761462363,1850941574.6858213,43284154426.10217,0.0044598899065579,0.0044499740689998,-0.1771187645637366,-0.1949433956001256,0.0035619960389653,-5.637434206140722,0.0726035989872997,0.0034644052850501877,-0.019042180225543603,-0.08179703977192077,0.004140811803963967,-0.033958973377504975,-0.00432296772143248
2022-12-04,1.0019715042263817,1.0043800135072118,0.9993216931982,1.0013254163502177,1600183126.520186,43357912481.75307,-0.0031350321693591,-0.0031399566777321,-0.1354761552688118,-0.1455763921325336,0.0035475921493235,-5.641486173418674,-0.0040519672779515,-0.001648488462459643,-0.03557719677708704,0.08462461341215644,0.0011537715294073947,-0.01899859308018037,0.003989279506550147
2022-12-05,0.9999498302809045,1.0028736940247085,0.9985147538764466,1.0002158240854422,1824528903.6341927,43327276346.02168,-0.0011081235397178,-0.0011087379625537,0.1402000642275718,0.1312037419454356,0.003075663503038,-5.784234627653666,-0.1427484542349919,-0.0006677737040598382,-0.02304011874975842,-0.026480005753345637,-0.00016165976951355369,-0.019924303322966352,0.00032777561357066887
2022-12-06,1.0003845987553883,1.00191506303452,0.9984972038113163,1.0013610783013018,1855951352.344056,43150318943.75638,0.0011450070957503,0.0011443520750802,0.0172222257741569,0.0170756042820528,0.0023389721271061,-6.058043708036748,-0.2738090803830824,0.00047059603687387255,-0.056923384014911704,0.001980528505206358,0.001856480964249989,-0.005044070071253515,-0.000859516249087644
2022-12-07,0.999912530565624,1.001813549884347,0.9981812288869188,1.0002662727596974,1979344621.3587253,43027211341.13581,-0.0010933174509455,-0.0010939155584571,0.0664851850016565,0.0643683676013322,0.0025590226893552,-5.968129855350938,0.08991385268581,0.001927065037426046,-0.04153270431635292,-0.006357727820245351,-0.0008842499065431968,-0.012362711448272279,0.0006697258847361276
2022-12-08,1.0009206651134583,1.0017580474478565,0.9983300652832476,0.9990748869632692,1805632975.9339693,42840556966.70504,-0.0011910686472924,-0.0011917785332916,-0.0877622034840559,-0.091854581101241,0.0021351704844384,-6.149208783293579,-0.1810789279426412,-0.0008299674414504348,-0.06018376454890628,-0.05285260394906022,-0.0005584808716803767,-0.0292437884146608,0.0001180359260173347
2022-12-09,0.9998919845983476,1.001971328983178,0.9988706911762444,1.0009281738037454,2016354665.068366,42821961554.84335,0.0018550029278678,0.0018532845346914,0.1167023929796144,0.110380050370165,0.0020948795468136,-6.168259222815319,-0.0190504395217399,-0.0033842850919361582,-0.017854711712072202,-0.12003041108940415,0.006912934152623214,-0.07735750367582028,-0.012066428650401306
2022-12-10,1.0003997452653393,1.001237833294118,0.9993822287198844,1.0001546724922634,1518445011.5146508,42724197967.71893,-0.000772784033586,-0.0007730827850908,-0.2469355526483398,-0.2836044673922366,0.001302835328308,-6.643212367714573,-0.4749531448992536,-0.001814902830746569,-0.02604554406334003,0.07738373319956615,-0.001301459684652306,-0.09862793207637921,0.01171929709473618
2022-12-11,1.0004039279741432,1.0024988451906034,0.9993684038986664,1.0002703965418975,1052867772.2901824,42766060741.21629,0.0001157061530749,0.0001156994596343,-0.3066144876461839,-0.3661691395840202,0.0022099365761833,-6.11479146242387,0.5284209052907025,0.00032053096897910786,-0.044407798591851844,-0.2450994546767431,-0.004016181738909724,-0.08577380003483626,-0.003640776308149629
2022-12-12,1.0002236757070613,1.0018461788122823,0.9983441578594002,0.9997770431487504,1744801334.121024,42749100866.839325,-0.0004932200281571,-0.0004933417011645,0.6571894211613658,0.505123047638923,0.0024604598594537,-6.007407011770671,0.1073844506531989,-0.0006075065260677505,-0.006636654170236511,-0.0889720223688295,-0.00021655463639309568,-0.03550886629248495,0.004054449423752882
2022-12-13,0.997340359066997,1.0024537252755767,0.997340359066997,1.0016048082247924,2858276434.601642,42785679517.70273,0.0018281726796662,0.00182650360592,0.6381672679322841,0.4935780973920505,0.00245837398179,-6.008255130595634,-0.0008481188249627,0.0016909951561466425,0.08039280246496006,0.14274486318543378,-0.0001763603683101151,0.003512416074084257,3.965254545157393e-06
2022-12-14,0.9995815812383494,1.0014376611183704,0.9987340453757542,0.9992551243780164,3270280107.0370235,45151866979.51804,-0.0023459190965151,-0.0023486750757654,0.144144095878117,0.1346568429609884,0.0019007706660846,-6.265495861319978,-0.2572407307243436,-0.001665394740948154,0.09484509173372402,0.0013582060490548997,-0.0026982025770583354,-0.008170860562344728,-0.5500887937315193
2022-12-15,1.0006145145477712,1.0015616019939877,0.998098135557518,1.0008107243943796,2863952654.8934865,45129961560.81024,0.0015567596086449,0.0015555491145414,-0.1242485165931802,-0.1326729230357844,0.0024464265204423,-6.013126882248842,0.2523689790711358,0.0009184171706085849,0.07155881741187287,0.029574514224091075,-0.0005432448315591227,-0.011542075542887886,0.005242118000385432
2022-12-16,1.000296979080249,1.0062322943242408,0.9987167219259112,1.0005635091927063,2447550706.6771283,45043088403.11276,-0.000247014940635,-0.0002470454538504,-0.1453941452226432,-0.1571149048977664,0.0052986325395266,-5.240306503124795,0.7728203791240471,0.00016368509253518522,0.027748244878626593,0.5549046104297304,-0.002825347862554556,-0.00825954921293004,-0.005772216347478043
2022-12-17,1.0005397983571247,1.002181203181518,0.9982484658972788,0.999785546016327,2887245975.6256914,44928268647.35517,-0.0007775250338751,-0.0007778274632387,0.1796470519483157,0.165215285217322,0.0027404779606809,-5.899622935590023,-0.6593164324652285,-0.0006183233994171487,0.08330563363056953,-0.0017467078043269524,-0.0012665551897658041,-0.0034074692056194067,0.004794001032343509
2022-12-18,0.999555190407386,1.0011310463793823,0.999555190407386,1.0005334202157783,1418187300.6162992,44973468692.76033,0.0007480346184551,0.0007477549800041,-0.5088096710191221,-0.7109235908998712,0.0009333726787235,-6.976705995582367,-1.0770830599923435,0.00030962730240743534,0.021108204426322885,0.0014078165453010882,-0.0007140463188045576,-0.013602142144325313,0.000817871740496301
2022-12-19,0.9993305908456668,1.0011310453648667,0.9986165457990236,1.000291682345143,1235654179.838425,44976532196.260666,-0.0002416089915148,-0.0002416381836693,-0.1287087542657807,-0.1377789771565333,0.0016748736386746,-6.392017556148015,0.5846884394343519,0.0029548238757616694,-0.029542378039149497,-0.04428297694151695,-0.0007647398251879064,-0.010249579560856148,-0.8005095472104244
2022-12-20,1.0008374550169357,1.0037627745995117,0.9991041822743671,0.999923658566678,2162346069.391618,44571469618.91154,-0.0003679164637281,-0.0003679841615955,0.7499605509968557,0.5595932453938305,0.0032400489589309,-5.732166838510922,0.6598507176370925,0.0003421619757288818,-0.04184598639712789,-0.045385308099045396,-0.0022461383185311745,0.006673029436885969,-0.016793666003266594
2022-12-21,0.9997955012206042,1.0012361363723932,0.9997741208101067,1.0011579798145234,2050831310.9461744,44421950486.3742,0.0012344154848928,0.0012336542205115,-0.0515711892855422,-0.0529485470211087,0.0005926656201781,-7.430880196288756,-1.6987133577778335,0.0005429840620103108,-0.07783259990659985,-0.0010448254151214087,-2.6745024854077552e-05,-0.04501941175007218,-0.12362473900636584
2022-12-22,1.0010080370820476,1.0016233337787657,0.9989384399362652,0.9999749483641532,1739170246.1881578,44315449445.34672,-0.0011816631083431,-0.0011823618226781,-0.1519681619324546,-0.1648370990040524,0.0017861778910462,-6.327677198438471,1.1032029978502855,-0.00032198694033503387,-0.07759204409168419,-0.017629215956260325,-0.0021418075196456767,-0.027665547266899182,-0.02301025246418309
2022-12-23,1.0006202209766946,1.0013463639421087,0.999684006661712,1.000296075985425,3495418822.5767274,44214249990.6013,0.0003211356662453,0.000321084113224,1.009819815074369,0.6980450738110916,0.0011574727401906,-6.761516322872419,-0.4338391244339483,-0.00024362055481963213,0.07247373247540878,-0.368966306776505,0.001713036332695193,0.0017803036203822842,0.008414583633035377
2022-12-24,1.0010483173830622,1.0010483173830622,0.9998055792093576,1.0000950877853787,1472582700.172473,44189665191.46647,-0.0002009287098804,-0.000200948898758,-0.5787106567427233,-0.8644354052202998,0.0006487959519632,-7.340392294449966,-0.5788759715775473,0.0005399918145684606,-0.09913660997565898,-0.07279178892535043,-0.0004386348759319057,-0.02807312719390964,0.013654926824829161
2022-12-25,1.0004335810878289,1.00095674333757,0.9992976073830788,1.0004971786353776,1064615256.9529406,44291650699.75278,0.0004020526197057,0.0004019718182081,-0.2770421268508384,-0.3244043252579272,0.0011723718285789,-6.7487263782639815,0.5916659161859847,0.001166688391710652,-0.026392616910033695,-0.016026587367825584,-0.0012649738826580154,-0.023195507359179857,-0.0069636886531379005
2022-12-26,1.0010984069251168,1.0020118902384023,1.000092545773882,1.0003684449616883,1418856505.514087,44412832442.69957,-0.0001286697018624,-0.0001286779805186,0.3327410970748514,0.2872377965820089,0.0012777086287083,-6.662686939076538,0.0860394391874432,-0.0004687274446265934,0.013762183965599917,-0.048114037029704626,-0.0006317130514991804,-0.011942708547046266,0.00594746366166099
2022-12-27,0.9999182053631356,1.0014981137399606,0.9994449019781502,1.0010015253177256,1558185310.6414406,44522640857.4996,0.0006328471866798,0.0006326470233431,0.0981979534828798,0.093670612341394,0.001285660473244,-6.6564827057206895,0.0062042333558487,0.0012055438179765779,-0.046121188953151204,-0.5096661515897702,-0.0019720030979338845,-0.009926783878835721,-0.017479732935260728
2022-12-28,0.9996580488076928,1.0010359329219416,0.9989266518885798,1.0005265902304756,1887404111.1252365,44270592700.04554,-0.0004744599036441,-0.0004745724953591,0.2112834707370396,0.1916805170604827,0.0013904190897862,-6.578150073839233,0.0783326318814561,-0.0004810777233504576,-0.012850301582137291,0.057680878795663304,-0.00035712287233963784,-0.0048344470610111046,0.01881449101038335
2022-12-29,1.0002096102705909,1.0010748363322337,0.9996676812195936,1.0003842027317669,2717546027.7584352,44537955265.01292,-0.0001423125583058,-0.0001423226856988,0.4398326313585716,0.3645268786096717,0.0009887062897746,-6.91911324742,-0.3409631735807661,-0.00023589977435908009,0.07457506946112247,0.007224978495476542,-0.000505427892184866,0.0001279214815426144,-0.0006283869595842262
2022-12-30,1.0006242990000045,1.0038889031124263,0.9991953420442858,0.9997800679140928,1890380216.7402,44478121683.00612,-0.0006039027965698,-0.0006040852193111,-0.3043796876185836,-0.3629512956899779,0.0032719555825204,-5.722367435358096,1.196745812061903,-0.0012677245566306552,-0.12543954521722966,0.450615075183717,0.0014408714475132106,-0.01119760943934267,-0.009030311178887196
2022-12-31,1.0003183625886831,1.0012100254990195,0.9975933214550644,1.0003992403446398,1549471049.9833083,44552191726.45352,0.0006193086363872,0.0006191169439341,-0.1803389412024003,-0.198864367103331,0.0025584363996852,-5.96835898846655,-0.2459915531084533,-3.43264492911094e-05,0.006381849226837488,0.26458901635590326,0.0004947344458625143,-0.017874797846324952,0.009082879601046479
2023-01-01,1.000502028273887,1.001367203523218,0.9999918712799344,1.000118322974934,1217276783.7141132,44589598546.53855,-0.0002808052609166,-0.0002808446940961,-0.2143920444804526,-0.2412973953134872,0.0009421501282059,-6.967345924317738,-0.998986935851188,-0.0009794881422854947,0.012551687608038264,-0.009441825813160776,-0.004193712433410914,-0.01750188803620034,-0.09344958758973743
2023-01-02,1.0008638916569723,1.0008638916569723,0.9981519359653768,1.0000777758748125,1399131823.485261,44658039399.80888,-4.054230303551787e-05,-4.054312489689909e-05,0.1493949791897597,0.139235698880954,0.0018553925088285,-6.289659010250015,0.6776869140677233,0.000159570832654228,-0.0016129095359787016,0.00920472655142568,-0.001891790512027332,-0.007759309665633651,0.07678826143133755
2023-01-03,1.000881412078365,1.0020800047485248,0.9997612419873074,1.000075217882147,1669186597.444979,44646434168.98278,-2.557793730817437e-06,-2.5577970019774e-06,0.1930159613459487,0.1764845221930422,0.0015596660017695,-6.463283582073427,-0.1736245718234128,0.00041722472437163646,0.009043012954229823,-0.0014534258215048723,0.0001253860310620455,0.001188957193981821,0.017785770081799157
2023-01-04,1.0006401620645224,1.0014085838033813,0.999701293266604,1.0004922075176168,2172682463.849487,44186066471.0011,0.0004169582727515,0.0004168713698067,0.3016414504976306,0.2636261222189666,0.0012030620744488,-6.722885243612687,-0.2596016615392598,0.00028249811780321727,0.022872602515167983,0.0009224532619507286,0.0001075616069864483,0.0059773592186829205,2.036114593195748e-05
2023-01-05,1.0002146906201403,1.0007661101147396,0.999782869106944,1.000501746891661,2143812045.799558,44124287094.87447,9.53468100250987e-06,9.534635547727891e-06,-0.0132879141477384,-0.0133769884332516,0.0006717945325814,-7.305558019280933,-0.5826727756682457,-0.00012248314767407452,-0.04654444752016218,0.0006331184250871758,0.0005890943188285959,0.004915364937186695,-0.0016477035569568699
2023-01-06,1.0002370469191586,1.0018202009724675,0.9994421047867672,1.000467260736873,3099059839.747621,43817269788.16497,-3.446886014468742e-05,-3.4469454209498455e-05,0.4455837422033857,0.3685132138321048,0.0016744099891572,-6.39229442103728,0.9132635982436526,0.00014883968250163293,0.09564875143945173,-0.3381104528823835,-0.0004530899567103247,0.018893177271863237,0.0006968597969390089
2023-01-07,1.0006607512865435,1.0009362322335662,0.9998133533521256,0.9998133533521256,2052054803.3509624,43767516307.93476,-0.0006536019822035,-0.0006538156730967,-0.3378460212249157,-0.4122571537544776,0.0005938823517524,-7.428829319241115,-1.0365348982038345,-0.0006885663683806807,0.03722745176103004,-0.14483637940660277,-7.864283279164536e-05,0.004110433018212234,0.0009772482632381951
2023-01-08,1.0008941699543106,1.001176084256456,0.9991678861028284,1.000157008602815,1476405107.8541932,43902878154.73197,0.0003437194047641,0.0003436603467821,-0.2805235486677769,-0.3292314824019696,0.0013438911092536,-6.612186060064038,0.8166432591770771,-0.000706522439091239,0.018666006533184287,-0.0006429676629648995,-0.00024266911023244065,-0.009028766554664003,-0.0002584932316676003
2023-01-09,1.0003586747564566,1.0019300865226255,0.999359232395589,1.0003893966616764,2810170241.172373,43934679772.78839,0.0002323515776647,0.0002323245882175,0.9033869675895888,0.6436349137216586,0.001816597960754,-6.310789779458682,0.3013962806053554,-0.0004917029963688904,0.09594611519886698,-0.29826658671173867,-1.452555072847231e-05,0.021465348553768138,0.0002877837842962805
2023-01-10,1.0007872160105395,1.0013197835536956,0.9998642006487316,1.0005884418704043,2885446539.556338,43849671464.726166,0.0001989677313576,0.0001989479399037,0.026787095415458,0.0264346021675231,0.0010212081341495,-6.886768907343133,-0.5759791278844508,-5.1688441818173895e-05,0.07590329928225614,-0.04176370146340247,0.0003646181109956342,0.02968356113979098,-0.0006512393903426172
2023-01-11,1.0000137903201625,1.0009719510541015,0.9991602803982882,1.000133669904592,2548440121.96778,43745606834.08234,-0.0004545045163246,-0.0004546078348093,-0.116795238784904,-0.1241982126052952,0.0012787918273565,-6.661839531668154,0.2249293756749795,-8.100660584085913e-05,0.022330890058196218,0.002558064869181642,0.0027968450332098824,0.012744246569020845,-0.03925225157821277
2023-01-12,1.0012735446729666,1.0069660194122578,0.9981562337286538,1.0006206263865314,4036795368.908113,43887055105.1711,0.0004868913992124,0.0004867729060557,0.5840259828396903,0.4599696965655866,0.0062003449999046,-5.083150343333319,1.5786891883348346,0.0003834150496452359,0.10548663593394281,1.1546736774306936,0.0010389402008286175,0.018400249455371664,0.08727823975480753
2023-01-13,0.9999251973557944,1.0038210804041785,0.996694763894686,0.9982334034775066,4317121617.027407,44004417990.855255,-0.0023857422544302,-0.0023885926719593,0.0694427689544039,0.0671377361444153,0.0049266252941811,-5.313101049828277,-0.2299507064949582,-0.0024286918808614283,0.06242927733683601,0.1327927715442927,-0.002382484605360754,0.016065175199820203,0.07548151295532968
2023-01-14,1.000984968198809,1.0014849092790257,0.997600930778969,1.000222856110279,4613937971.724905,43602296100.9435,0.0019929734126726,0.001990990075882,0.0687532993110058,0.0664928283386932,0.0027065602964281,-5.912076713598098,-0.5989756637698207,-0.0006709391409606301,0.11981605551561003,0.0205037558536052,-7.410370914591933e-05,0.026292581366998746,0.021287352936077752
2023-01-15,0.9994181303418656,1.00257225917207,0.9982751612549716,1.0003137251795051,2953462444.8693933,43827149874.01619,9.084882301069186e-05,9.084469650629411e-05,-0.3598824988613248,-0.4461035239508362,0.0029857676953061,-5.813898380846639,0.0981783327514591,-4.493446999159803e-05,0.0630706737425939,0.0016496381907495916,-0.00022597674034827066,0.007473994221307123,-0.00016751771481171573
2023-01-16,1.000407771932435,1.0024679733744115,0.9979137333314768,1.0000892392234346,2657999458.665977,43886492889.5937,-0.0002244155512614,-0.0002244407361992,-0.1000395270698903,-0.1054044355888372,0.0032136357112429,-5.740352362445802,0.0735460184008367,-0.0006976710766829049,-0.006316968884771512,-0.0017845531724054453,0.0005341437915984844,-0.0033798117491166124,-0.0008619023470437526
2023-01-17,1.000267637152184,1.0015723076800664,0.9961055797055398,1.0006896971737724,2875835438.654502,43851923529.64773,0.0006004043707179,0.0006002242001269,0.0819548624354704,0.0787694627662002,0.0038611713745925,-5.556784676621218,0.1835676858245838,0.0006756692169020944,-0.00040032246388577164,0.056362650161264405,0.0013590927506597335,0.021298230879377655,0.05101714254110323
2023-01-18,0.999881694437679,1.0102665965001607,0.9964547651721434,1.0000822617438494,3164803796.522627,43495106444.01658,-0.0006070167721707,-0.0006072010814412,0.1004815345078724,0.095747842659484,0.0097330830679597,-4.632224570902492,0.9245601057187258,-0.001190476042282397,0.025353834115431795,0.2624735301764618,-0.0007548461866000394,0.02750763145956725,0.26872582910815
2023-01-19,1.002387726766464,1.0043803205704698,0.9992268855937176,0.9998447302064498,3947586394.3080688,43131818112.84803,-0.0002375119992483,-0.0002375402096902,0.2473400084534578,0.2210132906821288,0.0032769952883383,-5.720828347063757,-1.088603776161265,-8.04764070896184e-05,-0.003630022226271734,0.0027424049359288105,4.923784296980439e-05,0.024798668862565876,0.0011010965700313236
2023-01-20,1.0003649853681362,1.0020116942420023,0.9961058868491532,0.9996597709957216,3003114844.311463,43120201421.03543,-0.0001849879337665,-0.0001850050461447,-0.2392529144791908,-0.273454321272784,0.0041569395811019,-5.4829761530722685,0.2378521939914888,-0.0013247703312212207,-0.05505373004013592,-0.003401268033729643,-0.001347816249142719,0.012980825810767982,-0.0035293556988911234
2023-01-21,1.0011449889154127,1.0028132398089866,0.9974327183848644,1.000975621618437,3627757429.595475,43234446228.36206,0.0013162984656316,0.0013154329042811,0.2079982343889439,0.1889646379129987,0.0038026909044484,-5.5720463301079,-0.089070177035631,0.0015571850189648405,-0.04340567508092619,-0.0013090688723496058,0.00035511728982858665,0.025255827843718492,0.0032895278778779513
2023-01-22,0.999412223853986,1.0054946992297322,0.9975245207065274,0.9975245207065274,3724015273.143872,43419324473.92005,-0.0034477372249381,-0.0034536943673065,0.0265337044762472,0.0261877913033751,0.0055032508810696,-5.202416292070963,0.3696300380369361,-0.0028862371743773423,0.03407468004576586,-0.011692517461946217,-0.003526316640438285,0.0030141626275295152,-0.02446169086903449
2023-01-23,1.0012761981496412,1.0027868310717722,0.9913520197387512,1.0001520173680618,3199918407.3354044,43569937067.22517,0.0026340171163645,0.0026305541729152,-0.1407343491816607,-0.1516771489073523,0.0080793736847892,-4.818440923712275,0.3839753683586879,-0.00011559552915766348,0.02328728769904842,0.30822615081911486,-0.00028148130411758803,0.022486791914321458,0.3164457189593053
2023-01-24,1.0023243252391936,1.0023243252391936,0.9967768189070212,1.0012439031029443,3181959198.943038,43560301875.16783,0.0010917197745157,0.0010911242818506,-0.0056123957258401,-0.005628204396155,0.0038667830685766,-5.555332366048812,-0.7368914423365363,0.0013614426574191504,0.012918923466298082,-0.001994052916635347,0.00014532597883475467,0.02689155118078901,6.285148135010132e-05
2023-01-25,1.0016410413664785,1.0016410413664785,0.9937598577187132,0.9937598577187132,3591895645.968973,43696041249.88207,-0.007474747522594,-0.0075028234422946,0.1288314592978141,0.1211829908507992,0.0026636952690749,-5.928040921332224,-0.3727085552834124,-0.00864457402231622,0.0177495891870727,-0.45600344209133237,-0.006177895363623213,0.02686695848908016,-0.043055338014125866
2023-01-26,0.9990647262330616,1.005512649855267,0.995579950204062,1.00052936381037,3802157999.893255,43578812202.06138,0.0068120140284162,0.006788917092627,0.058537990701442,0.056888702022348,0.0069604034587548,-4.96751783810399,0.9605230832282344,0.00016430496959622643,-0.006008578663696085,0.17085767946896802,0.0008712334177235747,0.027006598750908495,0.042256640010818636
2023-01-27,1.0008602220438436,1.0022272619860706,0.9985469503113868,1.000784612987672,3510922868.034704,43352564204.50308,0.0002551141291144,0.0002550815930385,-0.0765973249577548,-0.0796898719649443,0.0026009454765918,-5.951880255214453,-0.9843624171104636,-0.00036002857572086375,0.020825595631485783,-0.00019713213231309368,0.0005747170343869416,0.01909437888641463,0.00046421160628096203
2023-01-28,1.000762551474514,1.0022995023322767,0.9994579803150356,1.0012356581950583,3075000195.788453,43105977942.26115,0.0004506915889121,0.0004505900579629,-0.1241618482180629,-0.1325739633554497,0.0019858880946494,-6.221689062051729,-0.2698088068372755,0.001822844351908562,-0.02269006308486965,-0.006172887562995832,0.0006107911913247743,0.004155528094393901,-4.628424275576748e-05
2023-01-29,1.000007578754693,1.0029657371966758,0.9971393236154684,1.0001304048976394,2696944639.302,43112888176.32012,-0.0011038892675989,-0.0011044990021174,-0.1229448885903295,-0.131185447752349,0.0041189845321384,-5.492148618782048,0.7295404432696806,-0.0011449881053004706,-0.04357791441983494,0.0038979557765932427,-0.0001879155264075831,0.009313627656858614,0.0003654212699952808
2023-01-30,0.9999263540463232,1.0019753954840966,0.9975361582117984,1.0006613797680912,2957638540.636288,43042818086.98724,0.0005309056377564,0.000530764757219,0.0966626817381608,0.0922716424291594,0.0031063938758587,-5.774292751008095,-0.2821441322260467,-0.0016604670208356688,-0.010562634968348306,-0.1928261148724575,0.0001592588530258088,0.01605543978332946,1.0759791845948996e-05
2023-01-31,1.0013560531507932,1.0020016036829638,0.9981612361067328,0.9981612361067328,3145519457.618506,42688522019.35892,-0.0024984912098214,-0.0025016176476549,0.0635239615662426,0.0615878862611725,0.0018515581158658,-6.291727769571851,-0.5174350185637566,-0.0034801528241778837,-0.0015983538392099206,-0.027281034049450703,-0.002703975212121712,0.0215751805218396,-0.007942676669363102
2023-02-01,1.0005681195209617,1.0018646678613925,0.9993835201782776,1.0004577900475358,2716344515.9704227,42301692718.90866,0.0023007845403419,0.002298141788417,-0.1364400848351498,-0.1466919973927433,0.0017520029371174,-6.346995610032453,-0.0552678404606012,0.0013933967019863892,-0.03919305785102267,-0.14179460696079627,-0.0004233385691998153,0.01447521565475185,0.007776258158694205
2023-02-02,1.000708092053713,1.003244790228418,0.9961051633450554,0.9994198620250964,3943162777.0738606,42336386790.12683,-0.0010374530867415,-0.0010379916136916,0.4516431011937207,0.3726960881133563,0.0049862752575191,-5.3010660893237045,1.0459295207087482,-0.0014401585849581284,0.006416612723217696,-0.3375950626053772,-0.0012202635682445086,0.02450660640021951,-0.0014190594702414572
2023-02-03,1.0022542833732104,1.0022542833732104,0.9944906838206368,1.0004835047775926,3886395908.095172,42379357886.81322,0.0010642601702361,0.001063694246872,-0.0143962783653618,-0.0145009102008406,0.0053877084247304,-5.223635137575681,0.0774309517480231,-0.0002788729530364627,0.016888292743811206,0.22024040014831314,0.0002687203494143713,0.018079770230762904,0.001534810209139259
2023-02-04,0.9998804732451604,1.000787053782806,0.9995509406194488,1.000255381569009,2850970642.161617,41975960209.927055,-0.0002280129632266,-0.0002280389621344,-0.2664230022928995,-0.3098227138925669,0.0008422833250316,-7.079394109785775,-1.8557589722100936,0.00024777023871275927,-0.01004220377965126,8.243733865054281e-05,1.833013671012055e-05,0.0073663256090696905,7.773411177414147e-05
2023-02-05,1.0019421068702556,1.0027095212156638,0.9991006490969488,1.0002268992867454,2908454255.5862265,41992662274.30692,-2.8475010270812007e-05,-2.8475415691613223e-05,0.020162821943696,0.0199622439133343,0.0023165120295782,-6.06769266012375,1.0117014496620245,0.00030052221466863075,0.009483645693322273,-0.00014557527424052807,-0.0004336595375288608,-0.0019801633923428597,-0.00020305403164666558
2023-02-06,0.9998437595849208,1.0013384163645211,0.997612403873128,1.0005656153411069,2827415218.0236483,41938139296.82668,0.0003386392173645,0.0003385818920461,-0.0278632670281568,-0.0282588126333136,0.0025976302827836,-5.953155679257883,0.1145369808658678,-0.0007896791000396664,-0.005828291139096109,-0.0026916784029307195,-0.0003283149814638091,0.008030712455141753,8.683472824788652e-05
2023-02-07,1.0007754408876957,1.0030979935453086,0.9987156393672236,1.0001065567058975,2966605243.9837976,41849063964.88629,-0.0004587991313821,-0.0004589044119065,0.0492287178313493,0.0480553398057932,0.0030679756859284,-5.786737320564432,0.1664183586934502,-0.0004614071730276092,-0.008063308394522295,0.0020742336089805136,-0.0002520594189078598,0.015255814536040191,4.786986249083469e-05
2023-02-08,0.999916909169914,1.0024855835858766,0.9969076780720078,1.0004057442801046,7457944109.6039,41566242884.18682,0.0002991556971614,0.000299110959018,1.513965794649769,0.9218615041287036,0.003933670006719,-5.5381824449131045,0.2485548756513278,-0.00030217948666326624,0.19438050644753346,0.0006124167596306407,-0.0003812443303818515,0.046139165036109375,-8.849605215388578e-05
2023-02-09,1.0003322039106697,1.0030825599524882,0.999071202695111,1.0015641016628043,3859286858.048629,41557944515.60794,0.0011578875764384,0.0011572177416309,-0.4825267122773329,-0.6587973731020773,0.0027282036734308,-5.904111881439321,-0.3659294365262164,-0.0006888665588192071,-0.0031298166194879684,-0.01885279248927585,0.0015490895047072612,0.009403477336007882,-0.002444654225797649
2023-02-10,1.0003496456467542,1.0040407770744313,0.99834673901338,0.99834673901338,4141394559.113482,41512674736.17484,-0.0032123382258637,-0.0032175088604899,0.0730984017102827,0.0705501665362512,0.0038237144019207,-5.566532972272269,0.3375789091670516,-0.0015350952319742634,0.00948501493481757,-0.20531034702323847,-0.0029273635335257974,0.015193587217588345,-0.0067524399729785856
2023-02-11,1.0005686781820449,1.0069520358010808,0.9994222655600806,1.0001125494732666,2955175967.76825,41377361715.13874,0.0017687346398622,0.0017671722707554,-0.2864297459257678,-0.337474382898168,0.0052998892682765,-5.240069351420324,0.3264636208519453,-0.0018276802788398038,0.0038503098626954113,0.3460447811925649,0.00018734858211270187,-0.010291274801950578,0.00931634365776457
2023-02-12,1.0016367878341146,1.0049608256856892,0.9973556183326856,1.0021164444959871,2127424464.681376,41317207228.30657,0.0020036695107725,0.002001664842367,-0.280102272120192,-0.328646121672705,0.005363249967988,-5.2281851503364205,0.0118842010839035,0.0022704606043012433,-0.029225935764909394,-0.007210110271175019,0.0011297245464927965,-0.021164258300512273,-0.0013441651268166765
2023-02-13,1.0007959726812798,1.002450858384443,0.9953729674766678,1.0002066843454636,4173407588.77042,41045686265.25585,-0.0019057267855574,-0.0019075449932199,0.9617183397369038,0.6738207931093869,0.0049969058349169,-5.298936391120822,-0.0707512407844017,-0.0005684773995497607,0.049846673725877366,0.16223992959888722,0.0007887019991779033,-0.004312557070839773,0.0007089616817959055
2023-02-14,0.9994777833222062,1.0072581179437994,0.9979963916012128,1.00007146953646,4040621914.666223,41052693941.82207,-0.0001351868679941,-0.0001351960065624,-0.0318170874231142,-0.0323342502824726,0.0065214797747797,-5.032653969472892,0.2662824216479302,0.00015456126495470778,0.038065665445468966,0.026807105017876864,-0.0003362218334202865,0.010609214736959416,0.0005508965127702936
2023-02-15,0.999558388941722,1.0008417972452797,0.9963822196837572,0.9984036181259264,4325296766.725741,41072801796.55057,-0.0016677322184851,-0.0016691244319696,0.0704532267733923,0.0680821352143768,0.0030749695115217,-5.784460292725086,-0.7518063232521941,-0.0019298061925032267,-0.11534545780404315,-0.010251197722458194,-0.0018652587930854199,0.01605500137593907,-0.003654493046306051
2023-02-16,0.9999761545562385,1.001426357322895,0.988765980898764,0.9993665484354074,4564496997.665126,41503268337.02514,0.0009644699718622,0.0009640051695335,0.0553026171012214,0.0538275666512954,0.0089884888085553,-4.711810541563374,1.0726497511617117,-0.0009832368147613159,0.027151017242402986,0.45460515640180166,-0.0005153397188257181,0.016002167797928735,0.13300530852528336
2023-02-17,1.0061743175061753,1.014673245431896,0.9965435758106032,1.0013801193385283,4534627481.843785,41717075679.85136,0.0020148472112393,0.002012820128981,-0.006543878950215,-0.0065653839950194,0.0123980320948717,-4.390217520992115,0.3215930205712594,0.0008106513032954677,0.01482557986583899,0.3342061208013565,-0.0010057128272856484,0.012795264336613599,0.18389439011964193
2023-02-18,1.0028479547354692,1.0028479547354692,0.9989977313363144,1.0003957039251457,3680447563.765153,41853466669.64506,-0.0009830586750942,-0.0009835421941846,-0.1883682665221535,-0.2087085718960827,0.0022545480590314,-6.094805743394674,-1.7045882224025588,-0.0012398241018131244,0.026780509714836143,-0.0005088111601354584,3.0706877815239484e-05,-0.002482476060549743,0.0005838699603719633
2023-02-19,0.9998735955531431,1.001963040002934,0.9986281624218744,1.000189358637011,3949283034.903441,41850258230.94114,-0.0002062636687912,-0.0002062849440674,0.0730442334744922,0.0704996869130296,0.0023492370939127,-6.053664644421518,0.0411410989731555,-0.0006063153520997751,0.06426876687513428,0.0006761052806405488,-0.0009549932046080539,0.008764979105876591,-0.0005263802220509817
2023-02-20,0.9988519466898076,1.0008936847130872,0.9983617973968288,0.9999536930478872,4047597882.4962993,41915885898.39861,-0.0002356209722575,-0.0002356487352399,0.0248943534114824,0.0245895374358541,0.0016547373431334,-6.404112987803417,-0.350448343381899,0.000476045056100219,-0.004307779823577107,8.144895852169043e-05,0.0005416409298183543,0.003864785766079848,0.0003574848002543263
2023-02-21,0.9990223455093178,1.0024535368030338,0.997420677598997,1.000009598512082,3348392510.571504,42002007109.70373,5.590805312638558e-05,5.5906490329431744e-05,-0.1727457598860018,-0.1896432066402139,0.00350565383599,-5.653378232100982,0.7507347557024353,0.00045130706317522684,-0.024040025172222812,1.3250621249127903e-05,-0.0012657860349437192,-0.003457041228898561,-0.000756626019319917
2023-02-22,0.9991555232152868,1.002579938875937,0.9985100321942972,0.9988023919346526,3993713881.78055,42204930955.02328,-0.0012071949901537,-0.0012079242369803,0.1927257241113893,0.1762412123345102,0.0028678917490173,-5.854178101372267,-0.2007998692712851,-0.001174480042895086,-0.011723326618430008,-0.0006795514036870287,-0.0035199539446783413,0.007291684131196519,-0.006280346157586436
2023-02-23,0.9982943289912082,1.0033377303969748,0.9978918424958544,1.000807202900276,3901170194.2080975,42200698118.16507,0.0020072148222833,0.0020052030581906,-0.0231723379069892,-0.0234450374905813,0.0035169929283301,-5.650148936203097,0.2040291651691701,-0.005348457218590208,-0.02387306261533695,-0.39528681005047694,-0.0008328190421749518,0.006560964163838889,0.006805735029967508
2023-02-24,1.0007535361918558,1.0040142398063985,0.9988635388658792,1.0036856664707712,7951476743.028521,42394740597.80371,0.0028761419403793,0.0028720137577472,1.038228620436438,0.7120811073295867,0.0031496657427231,-5.760458945196245,-0.1103100089931476,0.0008349840492275904,0.11729550332703909,-0.977639423011718,0.004614602453319705,0.038874371737019686,-0.012049734128416922
2023-02-25,0.9998796105625488,1.0031917553383498,0.9992936547760832,1.0014269737534711,3624479408.666068,42508702420.20851,-0.0022503984990064,-0.0022529344510246,-0.5441753116056285,-0.7856469986651284,0.0025797392893913,-5.960066935778094,-0.1996079905818497,0.0015523690305218611,-0.0018145504186861672,-0.015673949493704598,0.0005661043290422042,-0.0015551678328300511,0.012265317112071017
2023-02-26,0.9998298100028477,1.0011320171308549,0.9926815577606468,1.000072789795315,2424501157.134011,42584963314.09989,-0.0013522543267238,-0.0013531694476831,-0.3310760294741721,-0.4020848717608433,0.0059920505304963,-5.117321599809386,0.8427453359687087,0.0012214999744833074,-0.05074609531718011,0.5613982340818726,-0.0006894737335915106,-0.009562095365552636,-8.948907254779925e-05
2023-02-27,1.0006187849035275,1.0079160784189405,0.9972202656588508,1.0009121942703103,2605357829.2839227,42641826692.52271,0.0008393433793625,0.0008389913276893,0.0745954158931816,0.0719442334307712,0.0075415786108927,-4.8873237540361405,0.2299978457732452,0.0018899111805015974,-0.05049127577063928,0.29243873839470425,0.0009041997479815178,-0.004162012650038349,-0.00019775504643160247
2023-02-28,1.0007531304261488,1.000888063912716,0.9975687899673372,0.9994167420747596,3479992865.6290708,42493793504.43956,-0.0014940892958557,-0.0014952065602682,0.3357062997314037,0.2894602154166954,0.0021971644074414,-6.120587655679676,-1.2332639016435358,0.0002614054697915759,0.004714351008576756,0.005870063823926408,-0.0005097794206393451,0.006929837601692412,0.0003222491603169786
2023-03-01,1.0001185631861809,1.0085839537967387,0.9950543712639852,1.0012003962514873,3475164264.733656,42442872614.404816,0.0017846951142972,0.0017831044382716,-0.0013875318375234,-0.0013884953511972,0.0095259631776,-4.653734242073876,1.466853413605801,0.002906803673775728,-0.018706285216694596,0.029594881763562064,-0.00015545818912208727,0.004553793612647183,0.00013613330813644353
2023-03-02,0.999084911305949,1.0023276384969952,0.999084911305949,1.0003190618171305,3371384544.215546,42770145373.31585,-0.0008802777522427,-0.000880665424226,-0.0298632561261283,-0.0303182443546304,0.0021590515593761,-6.138086246596967,-1.4843520045230916,-0.0004342414982693604,-0.019479999268586567,0.012804229934069156,-0.00024894727442945183,0.0019809422314196468,-2.183326638327543e-05
2023-03-03,1.0000518186445495,1.004662058538233,0.9961404472580284,1.004662058538233,3915074651.154021,43267572886.88737,0.0043416114786549,0.0043322138742189,0.1612661207311136,0.1495108932722569,0.0053017322102197,-5.239721679705115,0.8983645668918525,0.004771621486793244,-0.16236817403731507,-0.03580573562252454,0.0039433833271356085,0.010448242934629093,-0.009025426721110286
2023-03-04,1.000614892185353,1.002784833524894,0.999379697987309,1.0016353344974167,2837573954.61761,43688618885.7188,-0.0030126787560985,-0.0030172260079782,-0.2752184294158485,-0.3218849514748823,0.0023202609692952,-6.066075612864871,-0.8263539331597567,0.0018042032750872088,-0.034973251411141604,0.031090799078695497,-0.0006177474946296125,-0.009632491538905441,0.008840802874000353
2023-03-05,1.0015877408961564,1.0015877408961564,0.9964217964058508,1.00050603302134,2423004361.708516,43900396262.07882,-0.0011274577055964,-0.0011280937641664,-0.1461000134408694,-0.1579412038091428,0.00359431428087,-5.628402048458955,0.437673564405916,-0.00011268850528144794,-6.770287028956545e-05,-0.157805489678414,0.000625438928538932,-0.012894242310935056,-5.5240373093568e-06
2023-03-06,1.0005860152780184,1.0026512944001855,0.9988241732309244,1.0004783838252609,2468676303.841174,43880897001.24828,-2.763521174942163e-05,-2.763559360892104e-05,0.0188493024834894,0.0186738556529919,0.0027033649831811,-5.913257991879571,-0.2848559434206157,-0.0002745775295436711,-0.006201762809624256,-0.00013280758990141805,-0.0014619539826909987,-0.0033960442651910228,-0.001009791869416965
2023-03-07,0.9998570631472355,1.0033462005986875,0.9979743984494654,1.000940199224167,3447820040.831582,43713130495.69264,0.0004615945795254,0.00046148807752,0.396627024558422,0.3340600614920629,0.0037358172055531,-5.589788687662354,0.323469304217217,0.0008212013555969074,-0.0014654131770583945,-0.001270623704927587,0.0010960101356030877,0.00478802488179042,0.0005415844598193331
2023-03-08,1.0006263350020903,1.0023107934510394,0.999322497869178,1.000428539819504,3446382863.422183,43578220098.934784,-0.0005111787947568,-0.0005113094911783,-0.0004168365495818,-0.000416923450086,0.0021077431478756,-6.162137502085695,-0.5723488144233411,0.0013439556658537736,-0.0013127623551767442,-0.4691451592220748,-0.0003466923662060998,0.00546655941589691,0.0006247317548506715
2023-03-09,1.0008415995269675,1.003340639851837,0.9968296303134112,1.0006027169159035,3205856945.6274376,43431336365.39257,0.0001741024865513,0.0001740873324723,-0.0697908292045964,-0.0723458032906174,0.0046012119689053,-5.381435538688453,0.7807019633972425,0.0005507180530027678,-0.007583599771113114,0.008092268422113413,0.0006856296373328904,0.002105026035042812,-0.00020211649744261706
2023-03-10,1.0001417445737084,1.0031789557372346,0.9918938293413844,0.9918938293413844,4608855794.006787,43474098759.857376,-0.008703641742411,-0.0087417396536659,0.4376361366632222,0.3630001929709697,0.0061240173286669,-5.0955369715586105,0.2858985671298422,-0.008753907515266104,0.03140778547966505,0.001765927927638522,-0.008471353041821316,-0.02535983999958802,-0.04298746812481369
2023-03-11,0.9940720751648504,0.9940720751648504,0.8788741997449265,0.9554956009636352,15400671198.262247,38340063436.83515,-0.0366956899025348,-0.0373859149241307,2.341538960339961,1.2064314674371408,0.0835465453657305,-2.482351372901748,2.6131855986568624,-0.04711160099096687,0.4446207370443567,2.692450987555645,-0.045874703757743586,0.09897978428225684,1.716970661264865
2023-03-12,0.9655782350580624,0.9713588898816268,0.9425845315389488,0.9693324690904735,12628441371.872086,39071950416.87704,0.0144813519945916,0.0143774986407561,-0.180007078308572,-0.1984595708447192,0.0211257567909934,-3.857262281954852,-1.3749109090531038,-0.03173346422014543,0.2558611305402039,0.028746807827567444,-0.03171613712791159,0.06700363833907375,0.021830618480530806
2023-03-13,0.9936571318189616,1.0008333661682678,0.980323694466695,0.9984070588852824,9639473853.118408,40287462028.68561,0.0299944453754752,0.0295534093876585,-0.2366853858474683,-0.2700849943469354,0.0143378293547469,-4.244853825230113,-0.3875915432752608,-0.0014512641251591047,0.1472317433866266,0.022633189913404017,-0.003229660951176758,0.049782218830277,0.01899108315352871
2023-03-14,0.9994196058606136,1.003065870901511,0.9958680517216172,1.002038373852404,7304220277.3071375,39322212490.41937,0.0036371086670559,0.0036305103816088,-0.2422594439691132,-0.2774142262945903,0.0048256431847672,-5.3338112505327455,-1.0889574253026328,0.001410160251052797,0.07104266959158778,-3.9257128328529234e-05,0.0012406431242128983,0.036920903762677426,0.00016641707716225085
2023-03-15,0.9993225379579794,1.0048139992005165,0.9974820518448522,1.00338341616145,7706406989.253747,38243507479.28172,0.0013423061872122,0.0013414060996341,0.055062237539047,0.0535997581160221,0.0045237446396088,-5.398415168031177,-0.0646039174984318,0.0025364597062150045,0.07302315154370476,0.010923107633265428,0.0039000583672872124,0.02443684012999725,-0.00025589956519622703
2023-03-16,1.0030984395668678,1.0068308208471262,1.0010852323570891,1.0048707036916908,6471161988.636919,37463587973.14394,0.0014822723858947,0.0014811749045587,-0.1602880567220657,-0.1746963706260137,0.003895174495658,-5.548016800750703,-0.1496016327195253,0.004717145662537148,0.05257101056453095,0.01453530447555984,0.00530058878859141,0.01647126988133607,-0.00024131697332663293
2023-03-17,1.0040256584206264,1.006361087769988,1.0016751498691423,1.006361087769988,6524297800.587663,36877026778.73356,0.0014831600451896,0.0014820612496554,0.0082111701181406,0.0081776418731606,0.0029675107821803,-5.820031798064862,-0.2720149973141597,0.012286506169182922,0.02959938282369734,-0.0027009887617328587,0.00636478716915686,0.014671958120835882,-0.00023259699483180185
2023-03-18,1.0023282234995077,1.0056941775404973,1.0018379184504682,1.0029740990265483,5829758002.516141,36373379673.98669,-0.0033655799937027,-0.0033712562976649,-0.1064543372022293,-0.1125578401509816,0.0026868945778217,-5.91936918427488,-0.099337386210017,0.03799783492553981,-0.1575105252847102,-0.8684439163381916,-0.0031856493623938767,0.008345401727478219,0.0005686818438310759
2023-03-19,1.0042012986524822,1.0050489521780812,1.001641044048514,1.002503169625105,3927182874.679267,36368814265.01553,-0.0004695329639123,-0.0004696432290312,-0.3263557641699222,-0.3950531474411327,0.0021591135905923,-6.138057516238593,-0.2186883319637136,0.008863111552570265,-0.16852783089938228,-0.8011057419448675,-0.0003438650813547692,-0.003997888940848071,-0.042609175320868165
2023-03-20,1.0024185353812949,1.0072706973001864,1.0015644440678946,1.005527477296017,5341349214.037671,36180247566.75692,0.0030167562183798,0.0030122149403327,0.360096889930011,0.3075559398059238,0.0035261318890665,-5.6475537909792495,0.4905037252593436,0.006092819487987991,-0.09505045771714649,-0.9321171440982541,0.005638669291296926,0.010893532493714275,-0.0006461232655272653
2023-03-21,1.005926804405692,1.005926804405692,1.002147298298292,1.003055658067222,6098383850.395071,35503151804.590126,-0.002458231410485,-0.0024612578220828,0.1417309758305687,0.1325455106543081,0.0019821773398669,-6.223559371866617,-0.5760055808873679,0.003728690655765649,-0.028373551249337936,-0.08813289613818043,0.0041997118608585494,0.013921681396251273,0.00028887305682889775
2023-03-22,1.003569854247472,1.0061387024986956,1.001794112946366,1.0026726485167603,4992682312.916696,35275543058.99434,-0.0003818427695226,-0.0003819156900363,-0.1813105840175581,-0.2000504905171316,0.0030090376031105,-5.806134984532771,0.4174243873338463,-0.00042456595274817274,-0.06696167270273179,-0.4029109356565179,0.0036472160491512074,0.0060613462449090605,8.843012622872237e-05
2023-03-23,1.0039312112977905,1.0072162279360912,1.0021365983938693,1.004858075286561,6278436112.758472,34812795423.479866,0.0021796014611883,0.0021772295758081,0.2575276613365465,0.2291476198365417,0.0035288228987256,-5.646790920097552,0.1593440644352188,0.0008287357795871058,-0.004930516584703781,-0.0873283979848658,0.005691146474517583,0.018561802571873898,-0.0003894387352736395
2023-03-24,1.002976272875132,1.00766930863152,1.0023089042765834,1.0052419295357662,6274267473.236706,34411011537.80693,0.0003819984718693,0.0003819255290285,-0.0006639614462741,-0.0006641819662917,0.0035011444160295,-5.654665387923329,-0.0078744678257764,0.002902721060790035,-0.0064329818896595725,-0.02134918739620062,0.006935365769258751,0.014212552010160806,-0.000320768037097352
2023-03-25,1.000250415814373,1.007395193642188,0.9997529301106184,1.007395193642188,4976301703.117137,34111008997.34609,0.0021420357061869,0.0021397448185624,-0.2068712842823685,-0.2317697556164919,0.0030700155130446,-5.786072664286808,-0.131407276363479,0.0031754854274187016,-0.022275458715366625,0.2908144051789261,0.00661473084000223,0.006630864355432919,8.872882982613461e-05
2023-03-26,1.0064703496628693,1.0074937191948607,0.9991519873696786,1.001398619319419,3482690664.7907043,34022138467.96409,-0.0059525540330291,-0.0059703411035782,-0.300144791741795,-0.3568818106796027,0.0049702940647557,-5.30427627266506,0.4817963916217476,-0.0010179732692265132,-0.011800911968141037,0.1347819453675081,0.0015180388472675228,-0.027854380455845984,0.0008457315084529071
2023-03-27,0.9997986855241036,1.0021222934999408,0.9980390731034718,1.0021222934999408,3668229769.636961,33803313534.36248,0.0007226634494597,0.0007224024539628,0.0532746438614315,0.0519040195253425,0.0025006716379379,-5.991195928014123,-0.6869196553490626,-0.003789265374023104,-0.04571217431838548,0.064863713644292,0.0022902490975027267,0.00027649550691322133,-5.9955603928241175e-05
2023-03-28,1.0005364086111352,1.0025382186724543,0.9990055268541412,1.0014075085844485,4634151288.6902485,33467979820.082405,-0.000713271144778,-0.000713525643666,0.2633208876522703,0.2337438789151164,0.0024367580605763,-6.017086786831469,-0.0258908588173465,-0.002156978469162213,-0.04179488282992949,0.04420554653845077,0.0007879254376344115,0.013866135538609825,9.427711494769397e-05
2023-03-29,1.0008834772519342,1.0015536329588013,0.9990966660682608,1.0007867756594997,4426201135.994571,33315014901.46685,-0.0006198604660216,-0.0006200526589463,-0.0448734060977217,-0.0459113882266053,0.0017357355863223,-6.356323986370936,-0.3392371995394665,-0.0031370379648901214,-0.01665007867489976,-0.023143596923707044,3.361934803479781e-05,0.011283517278116051,1.2632286406688564e-05
2023-03-30,0.9997987265815808,1.0021513266716164,0.9995040375149732,1.0001621506891305,4798758634.24134,33136950156.60577,-0.000624133916995,-0.0006243287696484,0.0841709372891059,0.0808155818116125,0.0018566793129581,-6.28896570244622,0.0673582839247153,-0.0028097149994598626,-0.044845628787872016,0.008808627738368102,4.358138600661936e-05,0.008093438219674454,-1.567715468553388e-08
2023-03-31,1.000353992982569,1.001573120448222,0.9992541331088431,1.0005540303423663,4454843497.130118,32769129789.0159,0.000391816119982,0.0003917393800907,-0.0716675213996447,-0.0743653360070363,0.0016343766524788,-6.416493799634556,-0.1275280971883354,0.00030349245865279135,-0.05805050375814602,0.015500145816790933,0.001469384567532523,0.005970296931320007,-0.006657009159005689
2023-04-01,1.0002306787111888,1.002541871408819,1.000029834708729,1.000848574146981,3505466157.314461,32565666377.997147,0.0002943807087698,0.0002943373872708,-0.2131112665186243,-0.2396684211426606,0.0017319765674806,-6.35849199810163,0.0580018015329262,-0.0056012924977227275,-0.04952360079825979,-0.15878280746294848,0.0007963970094800345,0.0008143453526052724,3.149859882789485e-05
2023-04-02,1.0004878367823886,1.0017079738740242,1.0002998293899013,1.0005212985723235,2650977782.129004,32565813874.01095,-0.0003269980925301,-0.0003270515680642,-0.2437588431434412,-0.2793949631182691,0.00099449286691,-6.913277632234932,-0.5547856341333022,0.000722497485801273,-0.029129283909842485,-0.5902091831485983,-9.354047318721511e-05,-0.007703973022771038,1.2920313596342936e-05
2023-04-03,1.0014325919454343,1.003431354739117,0.9997558202106214,1.003431354739117,3514960080.1827817,32562155734.317364,0.0029085399490704,0.0029043183306024,0.3259108031301236,0.2820996218767615,0.0022798084491079,-6.0836638530942775,0.8296137791406544,0.0028892162785649246,-0.005461838301439315,-0.20839123713191388,0.0018389993058451645,0.004135674075239848,-6.968022919373595e-05
2023-04-04,0.9992859378768416,1.001237781416883,0.9987641436938408,1.0000371599905509,4487190020.007366,32669930979.86892,-0.0033825878895806,-0.0033883217738925,0.2765977187923076,0.2441985068981541,0.0016856132606617,-6.385625828477615,-0.3019619753833371,-0.0008459279154798924,-0.005265199586375502,0.24061624606585674,-0.0005486843379823153,0.012498107844866269,6.364241628542544e-05
2023-04-05,1.0004235150788736,1.0013080045667135,0.9966956028880528,1.0002454400997418,4102883846.468557,32671119793.9047,0.0002082723697915,0.0002082506841125,-0.0856451747809374,-0.0895365714631238,0.0032628497868202,-5.725154297729336,0.6604715307482785,0.00044670366088027895,-0.011682047165866294,0.37908395233671044,0.0003883570534579635,0.009785095755219686,3.1032114247153686e-06
2023-04-06,0.9996973949294132,1.0027052429136107,0.9985449625067728,0.9998793588895238,3924371586.2239456,32639241904.869102,-0.0003659913812568,-0.0003660583724483,-0.043508972450746,-0.0444838706484362,0.0029377519246813,-5.830110641595524,-0.1049563438661875,-0.0004745787300359567,-0.032294360946703904,-0.00021947269306110684,-0.0007467873243874968,0.002835494520226689,-8.404332744404996e-06
2023-04-07,1.000118346687603,1.0018312629749504,0.9989717701230366,1.0007724710712298,3308726953.2000484,32717537439.05632,0.0008932199407514,0.0008928212572105,-0.156877252700801,-0.1706427238704478,0.0019798823555518,-6.224717852428862,-0.394607210833338,0.000541520760064433,-0.04397411735307344,-0.0005817747081335867,-6.907271164868553e-05,-0.0008182309119391107,1.1421118973675704e-05
2023-04-08,1.0003504788219255,1.0014251617406538,0.999680052872978,1.00051665233375,2375386127.1152706,32611263283.11418,-0.0002556212774377,-0.0002556539541251,-0.2820845718871101,-0.3314035050150884,0.0012289686667464,-6.701579943640723,-0.4768620912118608,2.8801086174722686e-05,-0.04533873345011585,0.0024962486511022064,0.0003747843859896622,-0.004950597870685414,-2.802835407766935e-06
2023-04-09,1.0002721701216597,1.0019563530480078,0.9995459875543188,1.0008020328365683,2157381437.488808,32617733485.67125,0.0002852331364526,0.0002851924652152,-0.0917765272508401,-0.0962648152997504,0.0016709987886123,-6.394333754316869,0.3072461893238536,-0.0006298553844864986,-0.02046686090308114,-0.0033825565405098956,0.006747276108195311,-0.014758318126954606,-0.0009383525005262072
2023-04-10,1.0003649385877982,1.0011450259449357,0.9979172249887476,0.9997677427329,2579562690.2516336,32537522419.408607,-0.0010334612338234,-0.0010339956230964,0.1956915200189375,0.1787246958541333,0.0022531081203658,-6.095444629173561,0.2988891251433081,0.0004820329439484148,-0.03997410143149338,-0.1128025997058888,0.03479586553912055,-0.08094736003113923,-0.8337359846526886
2023-04-11,1.000368723628592,1.000954224670222,0.9974904101872772,1.000862076282606,4011106752.964431,32365680038.78335,0.0010945877756711,0.0010939891512633,0.5549561048168019,0.441447316819136,0.0024319645853955,-6.019055876910413,0.0763887522631474,0.0004382794865915917,-0.020975946267565604,0.0004323955397760315,0.007224774546445843,-0.05833813108651853,-0.7962365528304818
2023-04-12,1.00040473499626,1.0028701946417773,0.997982642756757,1.0004076428431956,3762457039.787469,32339649184.10132,-0.0004540420205531,-0.0004541451288428,-0.0619903005556249,-0.0639949894703403,0.0034545543961246,-5.668061803705585,0.350994073204828,0.0007102106441642438,-0.015273465760255789,-0.11591993780962806,0.0009881224126878482,-0.04183292906546754,-0.8235413319293672
2023-04-13,0.9997213266254258,1.001066540827156,0.9989339946922882,0.9993930461774224,4225971909.7415504,32001126971.057945,-0.0010141832412332,-0.00101469787304,0.1231947275550193,0.1161770601500262,0.0014940582081639,-6.50625923174273,-0.8381974280371445,-0.0007254777788015398,0.013543230367869086,-0.0002967420874275817,7.0553529508485e-05,-0.022630041726952044,-0.07040943529751775
2023-04-14,1.0012448016590063,1.0027685358197842,0.9992312513942384,1.0002427299423766,5234813271.55195,31904533119.20648,0.0008501997969709,0.0008498385818457,0.2387241049768591,0.2140819022876498,0.002419998126976,-6.023988512790674,0.4822707189520558,-0.00010771693033949865,0.08241560068882592,0.006922252124699213,-0.0028509488071232383,-0.018548277272650182,-0.02688099480663375
2023-04-15,1.0005245805266834,1.0026954924404488,0.9991843259067428,1.000860483498388,4686892432.411293,31846713210.68569,0.0006176036451142,0.0006174130064716,-0.104668650192028,-0.1105614059738679,0.0024716514876413,-6.002868733289721,0.0211197795009532,0.0005879804046109397,0.09070078935997472,-0.004482526664748576,-0.003157463644124409,-0.013607311746401507,-0.006300919713763342
2023-04-16,0.9998211430199682,1.00510167472496,0.999180523295058,1.0009869132474736,3291235763.838458,31837566197.18533,0.0001263210519049,0.0001263130740726,-0.297778685706854,-0.3535066621152649,0.0041146973251835,-5.493190001584192,0.5096787317055291,0.0006215545548665355,0.041653390791140055,0.3479165220195677,-0.0013390908178776448,-0.025138031567614405,0.02738712592799253
2023-04-17,0.9999117801990918,1.0033493304049257,0.9983239780841168,0.999541417217919,4161851925.9701934,31759903001.90564,-0.0014440708568955,-0.001445114532097,0.2645256142684731,0.2346970433627975,0.0035430236987226,-5.642774764235305,-0.1495847626511137,-0.0008273436300629995,0.055371489184359746,-0.0020077358048000704,-0.004651185801908516,-0.01321984611891125,-0.06925027309157539
2023-04-18,0.9998839541777164,1.001286702508464,0.9972569767442484,1.0001908656461658,3735617927.668372,31565878475.473618,0.0006497463907542,0.000649535396958,-0.1024145034190421,-0.1080469023422886,0.0028451397266141,-5.862143099564447,-0.2193683353291415,-0.0002138056795088494,-0.009422812775440548,0.03463491843479716,-0.002224767998017208,-0.0015295961212231646,0.058854740940638806
2023-04-19,0.999640917237492,1.0020140348490696,0.9991654307113784,1.0009196574179895,4634013019.358346,31336783926.497005,0.0007286526970557,0.0007283873585645,0.2404943731091677,0.2155099881532704,0.0018496462869853,-6.292760854396388,-0.4306177548319407,0.0011979470034147817,0.029511782662087427,-0.00882425175766155,-0.004990075198212035,-0.005668250892234994,-0.07123850944199095
2023-04-20,1.0009241829756266,1.0012274216649435,0.9987505599401852,0.9998140888920334,5056796946.433211,31169173323.88624,-0.0011045527158574,-0.0011051631837791,0.0912349458900325,0.0873100327867436,0.0016099098919268,-6.431577069299313,-0.138816214902925,-0.0014299559273533407,0.027344238562175605,-0.0039220758816398416,-0.0037494258334643143,-0.008405704483653409,0.039968007421698815
2023-04-21,1.000140996047625,1.0014949246621507,0.9970268828106508,1.000705424688216,4942576624.207415,30927369008.78727,0.0008915015362209,0.0008911043847496,-0.0225874844166644,-0.0228464892522772,0.0031422192961165,-5.762825946512165,0.6687511227871479,0.0001807330107521846,-0.009533122785612136,0.041864500005820204,-0.003218328285496124,-0.0004061443228451367,0.012941043725012591
2023-04-22,1.0009600211312133,1.0016993445372704,0.9995594556768248,1.0011570465759576,4400922887.76763,30795645044.42284,0.0004513035270916,0.0004512017202842,-0.1095893453197893,-0.1160725129196527,0.0015072228280095,-6.497486508284519,-0.7346605617723538,0.0013352506903040998,-0.009417495205898518,-0.010504920026573217,-0.0018154748301331168,-0.015338788886499088,0.023802593377075354
2023-04-23,1.0003054984113466,1.0024567758544682,0.9987102110729204,1.000642370721062,3077352133.08995,30798519973.503223,-0.0005140810391893,-0.0005142132241512,-0.3007484540018972,-0.3577447359649321,0.00263939590094,-5.937205213409939,0.5602812948745797,0.0007303881818077271,-0.007102005887599461,-0.23825227079142053,0.00039178002373747357,-0.0266718462485791,-0.005820708582325196
2023-04-24,1.0006463166065718,1.0054718193102614,0.9970270029061316,1.000346685741928,3639926703.740081,30790237761.13751,-0.0002954951616939,-0.0002955388289917,0.1828112436665652,0.1678940149254415,0.0059610655286579,-5.122506033907952,0.8146991795019867,0.0004626782164332819,-0.017545234923527886,0.2924229665144571,-0.006102881148900401,-0.011363709893576157,-0.1418769841654175
2023-04-25,0.9993490506859098,1.0012316950325162,0.997868810600448,1.0008136692370515,4091020697.975727,30708064386.79668,0.0004668216547116,0.0004667127273814,0.1239294169775837,0.1168309532164417,0.0021979735535056,-6.120219455145119,-0.997713421237166,0.0011724856358543265,0.011980722337064265,-0.006357342718580128,0.001014673130069088,0.005188881470211015,-0.0691340955462234
2023-04-26,1.0010137998905788,1.001997582988299,0.9922849415517374,0.9987958807294874,5001026987.970343,30683958331.98258,-0.0020161480299347,-0.0020181831922932,0.2224399134536021,0.2008487906097615,0.0067482356129047,-4.998474198946974,1.1217452561981442,-0.002128600986076956,0.012223310475711457,0.4454111527993643,-0.0017411096000627864,0.011275132167831714,0.40782760347704894
2023-04-27,0.9996694531133776,1.0015592458556986,0.997801214538096,1.0006292337193905,6284602675.355215,30654227709.081955,0.0018355632269568,0.0018338806394593,0.2566624196334939,0.2284593331841045,0.002590404326347,-5.955941304895955,-0.9574671059489804,0.00048804972624309615,0.039838664800424084,0.009616366677006383,-0.0002540513807556471,0.013788488608170724,0.006621397600000023
2023-04-28,1.0007673556618364,1.0015945370664092,0.9979415407323788,1.000221010225165,5164115347.301559,30519801764.78938,-0.0004079667877663,-0.0004080500288567,-0.1782908778700673,-0.196368812573292,0.0025612711684639,-5.967251593549671,-0.0113102886537159,-0.0007385747996433487,0.0070222594954252315,-0.0006822836042381653,0.0004222794826350088,0.006103838082168522,-0.00025231241120593495
2023-04-29,1.0000772761353054,1.001137200969748,0.9985811912335634,0.9999722073620416,4870175256.7079525,30512685527.313667,-0.0002487478872967,-0.0002487788301839,-0.0569197376172477,-0.0586038860971155,0.0018064474173926,-6.316393115249592,-0.3491415216999209,-0.00033324478038970865,0.014713325814717848,0.0009642952756916401,-0.00038172336601666825,0.0005887674936744247,7.232242610299977e-05
2023-04-30,1.0004558145382083,1.0055586249037012,0.9994828626164288,1.000188723918563,3557021076.808609,30518839396.350147,0.0002165225742547,0.0002164991366252,-0.2696318121387245,-0.3142065050566961,0.0042822090465967,-5.453286270156527,0.863106845093065,-0.00045740172149991935,0.014819479671107416,0.006306179571202719,-4.194599650136179e-05,-0.007427093567340393,0.006837105748884298
2023-05-01,1.0004029995250123,1.0095644646666877,0.9970503256364892,1.0016005101581686,5890568590.581658,30481306764.76969,0.0014115198520481,0.0014105245943423,0.6560398331591357,0.5044291095138368,0.0087883794057013,-4.734324952234973,0.7189613179215542,0.002250391980369986,0.06674364351052375,0.2555965235669735,0.0011115128780761967,0.019610288212959404,0.26014584126379336
2023-05-02,1.0006633332762045,1.0020767195838194,0.997657511934849,0.9999528466817798,5298970525.895722,30354188794.547108,-0.0016450305882219,-0.0016463851367597,-0.1004314024340253,-0.1058399666138752,0.0030939372450622,-5.778310809822259,-1.043985857587287,-0.0010604407725032976,0.034066026222994594,0.005147590300872196,-0.0014787211945599375,0.021330560377453622,-0.001238278614390964
2023-05-03,0.9985375469325012,1.0048478595679309,0.9958846259733918,1.0048478595679309,5092517831.610947,30226249341.01697,0.0048952437131357,0.0048833009668746,-0.0389609063262108,-0.0397401906376078,0.0049810130013258,-5.302121994710536,0.4761888151117235,0.00516674806618779,0.002533515737194847,-0.29266630773466407,0.005550463723846116,0.012494850231902888,-0.03877213686171821
2023-05-04,0.9981737011426036,1.001651958392769,0.9981737011426036,0.9998468214114792,5668871582.378897,30157519003.51512,-0.0049769107918506,-0.0049893368584606,0.113176579803085,0.1072177118236745,0.0022286079785438,-6.1063781132878105,-0.8042561185772747,-0.0009202517165681048,-0.01717557637923761,0.05696030762695958,-0.0005766157432348029,0.009258143729070412,0.041183138855997115
2023-05-05,1.0000909262211235,1.001556932310832,0.9982787438757824,0.99972151694036,4473349610.226902,30158553266.295395,-0.0001253236680217,-0.0001253315216888,-0.2108924068536235,-0.2368526009613649,0.0023068219561981,-6.071884478235496,0.034493635052315,-0.0003557949929064221,-0.01962640878845434,0.0014978974682007262,2.4129021491916667e-05,0.0028849354674314043,0.0004303635612554757
2023-05-06,1.0000328429842722,1.0023179286838009,0.998152614758242,1.0006409787182862,5384479954.634191,30393715582.17932,0.0009197179037818,0.0009192952224158,0.203679663741076,0.1853832514706665,0.0029202907296717,-5.836072102702116,0.2358123755333796,0.00018506269284954892,0.014649217069845122,0.00019171228004655205,0.0005224336939819323,0.011289973317129665,-0.0003531222424921765
2023-05-07,0.9992464417594008,1.002440136336086,0.9983500692707687,0.9988194769314096,3972561856.247546,30386505417.50901,-0.0018203349908872,-0.0018219938140083,-0.2622199562970733,-0.3041095425685058,0.0028787470365502,-5.8504001362523015,-0.0143280335501856,-0.0015841387773541465,0.011681305624311022,-0.005164491690100803,-0.0015316378534099705,0.0050911118501453245,-0.0026959285596657168
2023-05-08,1.002494475094845,1.0093158773401745,0.99798028495949,1.0003897493401432,5161037425.329882,30306645349.48772,0.0015721283425087,0.0015708938424384,0.2991710669560123,0.2617264202850669,0.0078788744869039,-4.843570216924927,1.0068299193273749,-0.0002734399603314395,-0.02059932071374604,-0.01314091407694562,0.0001175403175071674,0.02108567525119298,0.0030318986162098938
2023-05-09,1.0007375045635425,1.0014121545490564,0.997049655580946,0.9995550810856444,5194611400.13007,30187439983.465626,-0.0008343430698378,-0.0008346913277414,0.0065052763685475,0.0064842083776072,0.0029984083616206,-5.809673677229881,-0.9661034603049544,0.0010185055756042696,-0.002981724807781916,-0.00207686485786418,-0.0008098899340513922,0.022494380538940817,-0.0008329521823151609
2023-05-10,0.9985083533276032,1.0040568103412937,0.993709551324252,0.993709551324252,4106786118.8009424,30136481040.789787,-0.005848131705802,-0.0058652989917797,-0.2094141789512664,-0.2349810626988759,0.006684921035658,-5.007900880665832,0.8017727965640491,-0.004482348337523796,-0.028611563989070277,0.12039208480631469,-0.006678972578663417,0.011122592462751157,-0.06059125951112421
2023-05-11,0.998842351071131,1.0021036106697063,0.9970749985381092,1.0000067501404548,6415218300.667712,30065496724.46169,0.0063370617780729,0.0063170670295957,0.5621018760384733,0.4460322708261766,0.0034827523517109,-5.659932392132762,-0.6520315114669302,-8.417196991252594e-05,0.02173813618476217,0.03301721911915401,-0.00039790299547185973,0.017262006299105792,0.061236870135132015
2023-05-12,1.0007431448807167,1.0023322979209135,0.998449923559904,1.000187397098423,5642041159.631524,29983966925.331947,0.000180645738584,0.0001806294241073,-0.1205223430909145,-0.1284271194375256,0.0027223784299973,-5.906249357965972,-0.24631696583321,0.00015453709682676105,0.03311757431856677,-2.6721458619149985e-05,0.0004660917529944574,0.013291257190356731,-7.639614439103326e-05
2023-05-13,1.0008327280881528,1.0017152863455927,0.9989697967230302,1.0001411094172654,4074875101.252749,29970000603.49853,-4.627900860565415e-05,-4.628007951201336e-05,-0.2777657968168961,-0.3254058115494651,0.0018925331854417,-6.26983903756639,-0.3635896796004179,0.0008949417705949315,-0.03718579922695042,-0.00123772924719745,-0.0011029280735064784,-0.0010619576640209516,-0.0012974790729849417
2023-05-14,0.9982251577622396,1.0008681365840717,0.9982251577622396,0.9991169537996956,2419829755.6999865,29973488430.85496,-0.0010240111199574,-0.001024535777545,-0.4061585458273181,-0.5211429074140866,0.0017854420676994,-6.328089237437983,-0.0582501998715923,-0.003374805371341235,-0.04595946237574111,-0.0171786743677389,-0.0014078792976957718,-0.019993679622107408,-0.0009965158284730435
2023-05-15,0.9999676743088688,1.0008479886369102,0.99868115060076,1.0008262570908624,3965972445.854855,29924356316.57159,0.0017108140189856,0.0017093522436615,0.6389468872811734,0.4940538936729684,0.001436720091162,-6.545392477802311,-0.2173032403643287,8.868318769382917e-05,-0.03686970623351371,-0.38991088651197536,0.0010047889052335792,-0.005185351997432974,0.0012653878472193014
2023-05-16,1.0007161113348408,1.0013882668892995,0.9986461778855206,1.0002905507974291,3472287548.1826243,29761383061.14445,-0.0005352640277348,-0.0005354073326641,-0.1244801632921628,-0.1329374699368533,0.0019208105182876,-6.255008037079066,0.290384440723245,0.0017832688805635827,-0.055648255759077614,-0.011552601263388418,0.0003787322882241136,0.0013047794190264028,0.001124307818377801
2023-05-17,0.9998606308286382,1.000995491250592,0.9986739363209738,0.9997268054801928,3584126909.498417,29618198767.12929,-0.0005635815681622,-0.0005637404399485,0.0322091300803497,0.0317012919562554,0.001639750295295,-6.413211307705039,-0.1582032706259726,0.000885087677753167,-0.017518372683134942,-0.6774147017245582,-0.0001571792881070502,-0.004169435217285411,0.00015392229835686777
2023-05-18,0.9994629541272568,1.001313184082398,0.9939889346414974,1.0000361693522208,3827027894.500589,29535320983.53997,0.0003094484116383,0.0003094005423537,0.0677713125499133,0.0655735907836573,0.0051789979627263,-5.26314368491247,1.1500676227925686,-0.0007067001871621454,-0.09158330070170351,0.4716920002789253,0.0003953159462862747,0.0006608635385099149,-0.00017056612571675345
2023-05-19,0.998041662598366,1.001277660108293,0.998041662598366,1.0006050253508878,3441450847.0625887,29583157807.39372,0.0005688354242581,0.0005686736987154,-0.1007510418181355,-0.1061953549482319,0.0016424674851882,-6.411555603729435,-1.148411918816965,-0.0002275391656385396,-0.08506252293303618,-0.07408614301628624,-0.00031891378463629245,-0.008656336218248128,7.074975103016357e-05
2023-05-20,0.999594553581142,1.0026262132038628,0.9985254180163275,1.000772672069422,2327170067.0318885,29561770013.790417,0.0001675453493505,0.0001675313151961,-0.323782273683142,-0.391240174445533,0.0028040405857408,-5.876693835684579,0.5348617680448564,0.0025487928483889717,-0.07312246233429676,0.07662851527882886,0.0006313876034204751,-0.020099940150171136,-0.00038511715221289933
2023-05-21,1.0001246287423935,1.0016177361916971,0.9989259778847338,0.9989259778847338,1956303425.597514,29562677419.087616,-0.0018452683973371,-0.0018469730023581,-0.1593637898185,-0.1735962807489547,0.0017507928454881,-6.347686539080301,-0.4709927033957219,-0.001042273076703461,-0.020325362112224354,0.029063217258511465,-0.00203415989596743,-0.022462678964259908,-0.004874995243377533
2023-05-22,0.9997406514257632,1.0008408050015478,0.9989553981253808,0.9995391854292224,2844829667.7290125,29508125601.4514,0.0006138668510624,0.0006136785118798,0.4541863140990596,0.3744465098974545,0.0013274232379715,-6.624515631023631,-0.2768290919433305,-0.0011767758279054368,-0.050940176092129974,-0.0015601273025396267,-0.0007663725346500443,-0.011907968578150019,0.004630140002920946
2023-05-23,1.000076469844431,1.000928084812463,0.9984966204222038,1.000402288632046,3362913954.894574,29369869398.85323,0.0008635011167201,0.0008631285141106,0.1821143434500038,0.1673046515725055,0.0017078422647653,-6.372524538720326,0.2519910923033048,0.0005415866198166288,-0.005111282684595153,0.005681822859217256,-0.0002439000982750386,0.0021959054666922384,0.00068470323847869
2023-05-24,0.9996265454783744,1.0013177191557143,0.9974075397508616,0.9994161895061794,3213972113.214471,29214092214.289986,-0.0009857025889206,-0.000986188713193,-0.0442895190533569,-0.0453002559953725,0.0027635874626958,-5.891225637944138,0.4812989007761885,-4.6790843993620974e-05,-0.017494621285312206,0.0015046412020112143,6.718029605947898e-05,-0.003277264593080531,7.125740316471507e-05
2023-05-25,1.0000157084419137,1.001275827618142,0.9983579570645368,0.9996367147279324,4189229575.744348,29108640001.46605,0.000220654041898,0.0002206297013754,0.3034430381396398,0.2650092542725169,0.0020501328177297,-6.189850698794082,-0.2986250608499441,0.0015969061753215454,0.01712193279194807,-0.543094607506422,-0.001376637618678574,0.0007565654390226939,-0.0024564693884174815
2023-05-26,1.0000562094487826,1.001379908897136,0.9991690022365968,1.0000349949696057,3042338327.018432,29056609960.437824,0.0003984249836019,0.0003983456334442,-0.2737714006810273,-0.3198904386250962,0.0015628631628579,-6.46123577913094,-0.2713850803368576,0.00044052299177669625,-0.018883348871813865,0.0347866551995768,0.0003655958865821819,-0.015198228045814943,-0.08450185773356633
2023-05-27,0.9996606138983596,1.0012013979407646,0.9992114232524006,0.99998345782118,2161070679.0126634,29069452733.96908,-5.153534494783951e-05,-5.153667293935482e-05,-0.2896678650692453,-0.3420226226519434,0.0013924463014955,-6.576693149566655,-0.1154573704357151,-0.00014116329252029212,-0.0079650233251094,-0.21190416390803435,-0.0007836037106524147,-0.0327716408499974,-0.0007414366819151752
2023-05-28,0.998199067011604,1.003073807912669,0.998199067011604,1.003073807912669,2373722858.535761,29067829055.950943,0.0030904012134584,0.0030856357392555,0.0984013070873983,0.0938557654630851,0.0016427333884708,-6.411393724262466,0.1652994253041884,0.0033284756345065085,0.01989732079052331,0.1416163700057762,0.0029918202739537517,-0.022801939420421746,-0.013045992094768089
2023-05-29,0.9999283373067004,1.0006981043610217,0.9972119581479691,0.9995028651991458,3514541642.753136,29043595155.96607,-0.0035599999574849,-0.0035663518369414,0.4806031926242196,0.3924495673288854,0.0024534405265153,-6.010263942990843,0.4011297812716234,-0.0005737253340906956,0.031118714786092738,0.18542932082125407,-0.0009529690996476506,-0.011268190164955172,0.012591494838377848
2023-05-30,1.001099994472694,1.0011969113561447,0.9960968365514248,0.9977057879385172,2934170255.8935347,28987524600.20804,-0.0017979710946306,-0.0017995893847093,-0.1651343036598548,-0.1804844097742698,0.0029300204914924,-5.832745862294188,0.1775180806966547,-0.0019233235249063569,-0.01981007501024834,0.14819741816166676,-0.0026997661405524383,-0.00522009094220266,-0.009963028003802776
2023-05-31,0.9997332934215788,1.001591165932778,0.9969347333661666,0.9993176023143424,3418328853.5175858,28908619911.04781,0.0016155207229533,0.0016142171731025,0.1650069884839085,0.1527270856983056,0.0032848752455385,-5.7184266047717145,0.1143192575224736,-0.0006983389434731436,0.009491252150411356,0.026344556293504517,-0.0013457439928655675,-0.020992742251845442,-0.007203869692528286
2023-06-01,1.000545944332445,1.0045376268986563,0.9934891615429674,0.9996132072592944,3569753309.354543,28875540863.29112,0.0002958068028295,0.0002957630606232,0.0442978023255826,0.0433447000537538,0.0077987261782849,-4.853794869099484,0.8646317356722308,-0.00044307543340321276,-0.029053160766959962,0.4635165196052098,0.0010766559314349324,-0.014949852481770165,0.015227098255238047
2023-06-02,1.00010616950375,1.0023852848325396,0.99804014878104,0.99804014878104,3412257895.783561,28953766198.33224,-0.0015736671612887,-0.0015749066760157,-0.0441194110411677,-0.0451222806790863,0.0027900146279742,-5.88170844016108,-1.027913571061596,-0.001622330534191001,0.017450396260557,-0.007761878968923774,-0.00013380566592906504,-0.014743882183765322,0.0017681597864767085
2023-06-03,0.9996784366723996,1.000640517083847,0.9991911028432764,1.0003213888890636,1934085888.741598,28903707527.89289,0.0022857197787182,0.0022831114950457,-0.4331946916639865,-0.5677394057613135,0.0009438690363011,-6.965523134174832,-1.0838146940137523,0.002123893872585823,-0.010671517454966306,-0.0060713129654894615,0.00023041516713226965,-0.03357192538990361,-5.442122931498261e-05
2023-06-04,1.0000859490446103,1.000224005653137,0.9993614474670984,0.9993614474670984,1439451150.5444582,28905381990.57325,-0.0009596330065793,-0.000960093749119,-0.2557460043922719,-0.2953729104641449,0.0004114348252894,-7.79585993364883,-0.8303367994739981,-0.0005670912332084329,-0.04516398931666288,0.013436887210761306,-0.0006715989393547757,-0.02812647594178941,-0.0006158964087186192
2023-06-05,1.0003839436885638,1.0016717801260435,0.9987703126365348,0.9993206297745562,2520839185.866092,28883310986.032314,-4.08437734372713e-05,-4.0844607566898346e-05,0.7512502490359674,0.5603299608737619,0.0019417813456595,-6.244149507800324,1.5517104258485066,-0.0017789910240367068,-0.05038659109736088,-0.009079849028721831,7.424120635836985e-05,-0.027294055284247776,0.0006894822558853875
2023-06-06,1.000456960228417,1.0053996641895857,0.9987308707852836,1.0011099686813356,3916341694.78346,28751906979.745983,0.0017905553567758,0.0017889542235265,0.553586486889647,0.4405661205830378,0.0046883404159159,-5.36267661502718,0.8814728927731439,0.0013760952725039189,0.04981622363499483,0.07961853152790344,-0.00138201593450614,-0.0005433753277621634,-0.0029539061018981627
2023-06-07,1.0003426975252785,1.0018435018165377,0.997215247044178,0.999123802006917,4314668280.662087,28617944707.22441,-0.0019839645359188,-0.0019859352004758,0.1017088438450597,0.0968624687847437,0.0031853212219843,-5.749202140417331,-0.3865255253901507,-0.0014223774379740165,0.04339368768232532,-0.00035608328078229334,-0.0016138148196085565,-0.008216153419084549,-0.2865026354179907
2023-06-08,0.9998009897514828,1.002465252093489,0.9991624705810286,0.9993569016512744,3167142189.925332,28480703941.571823,0.0002333040649109,0.0002332768537498,-0.265959284953574,-0.3091907818155314,0.0023171272572394,-6.067427111760269,-0.3182249713429383,-0.0007494690933351621,-0.019258671885545198,-0.3747820777159232,0.0008494550596749546,-0.019960688661985415,0.005168037183175933
2023-06-09,0.9993044266797856,1.001015998028025,0.9991005983344752,0.9999610980346868,2364542857.2379503,28409692679.82904,0.0006045851911504,0.0006044025031537,-0.2534143668195407,-0.2922449556810975,0.001291304002229,-6.652102716736707,-0.5846756049764377,0.00028271231815910346,-0.05192776158628476,0.002795985300823922,0.0011194167999668775,-0.017476769976514817,-0.0014535302663309935
2023-06-10,0.9999367351936402,1.002574274126908,0.9976598334236346,0.9976598334236346,3661370882.5283337,28341871121.90628,-0.002301354138251,-0.0023040063235456,0.5484476719551714,0.4372529271285681,0.0031726334939906,-5.753193280776971,0.8989094359597356,-0.0024288543967627167,0.08422250443650725,-0.03486643791715771,-0.0030857779308476364,-0.028262823714118923,-0.02317452871892023
2023-06-11,0.9997976736917652,1.0018106828229467,0.9989805791014597,1.0001839934436665,3062356684.460515,28375657805.811493,0.0025300808306272,0.0025268855645087,-0.1636038023152065,-0.1786528574867801,0.0019859328247735,-6.221666538315132,-0.4684732575381609,-0.00019989348209756587,0.07315025751044502,0.03509769536403162,-0.000648405043530692,-0.027220199138014323,0.025449718286068013
2023-06-12,1.000202730682345,1.00106420735693,0.995245766391162,0.9990944863222716,2779298016.303835,28356330715.49226,-0.0010893066961046,-0.0010899004218491,-0.0924316457299113,-0.0969863941699141,0.0040638745180819,-5.505618445638859,0.7160480926762727,-0.0013627797567877208,0.011171163170928367,0.2098320727245886,0.0008704952334515629,-0.013955294128930262,-0.0009204876268773532
2023-06-13,1.0003549898446176,1.001487579929579,0.9980673250856033,1.001487579929579,3132783123.33953,28269186443.495384,0.0023952625503085,0.0023923984815188,0.1271850319620606,0.1197234025592885,0.0023145357793739,-6.068546138820504,-0.5629276931816447,0.0011438357607246004,-0.03425886232512099,-0.3271442254345205,0.0015188007922359837,0.007703655218513461,-0.004248667206426582
2023-06-14,1.0004307636170828,1.0020011533934972,0.999207706581259,0.999450113892998,2339848641.143837,28141031308.26432,-0.0020344396449972,-0.0020365119284325,-0.2531086420532134,-0.2918355422486655,0.0018776133232697,-6.277753817548434,-0.20920767872793,-0.00035100729612972135,-0.09193920868574779,0.008594225401526323,-0.0012658923992783244,-0.017658196808277182,0.0019361942806677135
2023-06-15,0.9993474979904728,1.001970798776105,0.9990837944754128,0.9990837944754128,4868947848.389526,28133887606.282864,-0.0003665209623702,-0.0003665881475951,1.080881541982706,0.7327916221885514,0.0020337419537962,-6.197877855777513,0.079875961770921,-0.00022081015383651682,0.07972129085132806,0.0005349723410095208,-0.0007772466132621259,0.015185251772347641,0.0027319502977460886
2023-06-16,1.000041638269485,1.001680174951078,0.9980855496616836,0.9996516902002804,4089562511.035477,28210411649.91844,0.0005684165112154,0.0005682550237421,-0.1600726402546788,-0.1744398673777505,0.0025305010375161,-5.979337957305827,0.2185398984716862,-0.0002851036660051172,0.07480277071976005,-0.00023366051242668107,0.00018881965986280446,0.00543903892762998,0.0015488930028153547
2023-06-17,0.9997586240490126,1.0008723945965003,0.9988408452034964,1.00064982745118,2998867993.128875,28354110198.12894,0.0009984850330213,0.0009979868784131,-0.2667020041785444,-0.3102031169810921,0.0013257085746269,-6.625808189180858,-0.646470231875031,0.0008519631837094281,-0.028070530917254644,-0.08672672089778732,0.002609873856215699,-0.008927443845461625,-0.018781948870764786
2023-06-18,0.9994172189452258,1.0005522815473489,0.9988086298562536,0.9999670469696034,1662704650.048885,28344125410.08473,-0.0006823370802109,-0.0006825699781057,-0.4455559051420269,-0.5897892980896727,0.0011850233922227,-6.737992764317542,-0.1121845751366841,-0.00023566370861695512,-0.06202865383388456,0.005695982393063126,0.0003725750611210842,-0.019448371459951375,0.018501224713482145
2023-06-19,0.9995240119617156,1.0010425458691343,0.998370091464342,0.9999321289623372,1986190517.6996927,28372852169.84345,-3.491915795827971e-05,-3.4919767646269205e-05,0.1945540163379568,0.1777729076386125,0.0018731612129902,-6.280127787152496,0.4578649771650456,-0.000422800191636349,-0.03693507358221737,-0.5461550183494062,-0.00019249431788288606,-0.003771780123802415,0.0002769121761154736
2023-06-20,1.000326575606681,1.0035218970156083,0.9969393886653656,0.9997073557081672,4019331611.319656,28442387185.18283,-0.0002247885107995,-0.0002248137795236,1.0236385057233313,0.70489713158201,0.0046375382627811,-5.373571600348136,0.9065561868043606,-0.0007233579856006255,0.041198145252696605,0.514402433141175,-3.3304909635360666e-05,0.022606035231774513,9.777929533072438e-05
2023-06-21,1.0002638957929293,1.00438788720761,0.9987575077011638,1.0007050568928182,6711502402.196129,28510608923.10576,0.0009979932416765,0.0009974955775041,0.6698055923762309,0.51270720790153,0.0039655796434682,-5.530103244550225,-0.1565316442020892,0.0013575234385860189,0.18150794148244742,0.11483740600496173,0.0006283415362129464,0.04104069544689892,-0.0010720202541252277
2023-06-22,0.9996352749795054,1.0051927424258034,0.9983805134555565,1.000350049169054,6826146613.922956,28465794250.107704,-0.0003547575994733,-0.0003548205408369,0.0170817508296374,0.0169374981323738,0.0047878344806574,-5.341677061504364,0.1884261830458609,0.0003083505135012493,0.07168171597392359,0.11468182188079723,0.0007235121892695603,0.03538115419838661,-0.0003508197747690289
2023-06-23,0.9998051528178116,1.001737064394866,0.9985600657856406,1.001737064394866,4442003057.117061,28452383644.66286,0.0013865298721822,0.0013855695272344,-0.349266385802947,-0.4296549152983907,0.0018988496006056,-6.266507049548211,-0.9248299880438466,0.0019769625302229234,0.012379294989280254,-0.022179172911894973,0.001719849124834862,0.012251135809563607,-0.006684941392938626
2023-06-24,1.0001342359291037,1.0014233970557371,0.9987212947360812,0.9999740035705956,4507165454.121715,28450932457.2893,-0.0017600035847085,-0.0017615542106895,0.0146695975141777,0.0145630398102504,0.0019079407596471,-6.261730754840991,0.00477629470722,0.000556954170341975,0.05131232763016058,0.020953834040438046,-8.220463640807338e-05,0.0031474971814198227,0.008092417616330394
2023-06-25,1.000056619695988,1.00220247011156,0.9980574903345588,0.9997545180074928,2563933301.689287,28473137243.91985,-0.000219491269092,-0.0002195153608259,-0.4311428484737296,-0.5641259281737577,0.0029245441601016,-5.834616653143327,0.427114101697664,0.00023058922840743447,0.029448599418234522,0.0014637067370779633,9.393157799372755e-05,-0.004739877270484527,-5.618456508038605e-06
2023-06-26,0.9993691354278263,1.0038442689828928,0.9978557015829882,0.999731645956814,3202060561.9137373,28418051429.3494,-2.287766673403357e-05,-2.2877928431842536e-05,0.2488860610391112,0.2222520028342355,0.0042249641768626,-5.466744497058032,0.3678721560852951,-0.000594912349049965,0.03840359674882876,-0.001713124711483438,0.0015341665612930598,0.010285187560135967,-0.006419258206980416
2023-06-27,1.0013902083876198,1.0034064523641746,0.9986065770198004,1.0005874025923946,3820900659.230733,28303590382.82757,0.0008559863429766,0.0008556201955968,0.1932630833650257,0.176691641323144,0.0033537766432625,-5.69766821193619,-0.2309237148781582,0.0003233691604624105,-0.006167656982803749,-0.116880610788475,0.0006588954002147063,0.014124897998673447,0.005261001607630433
2023-06-28,0.9997389616691448,1.002293233888622,0.9987131994083858,0.9991260693081954,3883457704.26008,28166705703.779068,-0.0014604753971648,-0.0014615429308888,0.0163723296176827,0.0162397481831044,0.0025013238700057,-5.990935139266742,-0.2932669273305519,-0.000509521243025493,-0.09230531737856396,-0.001118900220960839,-0.001973702713935448,0.00356904628802468,-0.009527300278237227
2023-06-29,0.9996332291820472,1.001210595941726,0.9987804568184744,1.0005394071458873,3637533655.738177,28079990025.70192,0.001414574077394,0.0014135745100142,-0.063326053030558,-0.065420032787421,0.001623472579799,-6.423187856124182,-0.4322527168574401,0.0007341278855137247,-0.11544290438234128,-0.20638842332479967,0.0008060038690926457,0.00676953424625637,0.008939414680743774
2023-06-30,0.999751589639058,1.0027435518441088,0.9980862521569542,1.0005766845259194,5684421302.328888,27893004787.1846,3.725728318726418e-05,3.7256589151927456e-05,0.5627130468914738,0.4464234433441449,0.0032516718340928,-5.728586004414107,0.6946018517100745,0.0004422913870314837,0.046578851147174305,0.003733940810016101,3.072294824266852e-05,0.021503526687752128,0.0017675741210103624
2023-07-01,1.0004277565603097,1.0005090329500606,0.9995506228226896,0.999758890858884,5546449944.755508,27396029907.65353,-0.000817322329895,-0.0008176565198969,-0.0242718388091419,-0.0245712547339045,0.0005352186606515,-7.532835183069821,-1.8042491786557135,-0.0002977563057513693,0.03736299285494127,0.0011576444563194954,-0.0003473020807651502,0.018387056525913437,-0.16089443574617146
2023-07-02,0.9999204958176464,1.0005825125546588,0.9975785903003146,1.0000248993024394,2382136919.613943,27393224963.27264,0.0002660725960905,0.0002660372050549,-0.5705114184134318,-0.8451601232742783,0.0021250596553777,-6.153955403880838,1.378879779188983,0.0006559626434170198,-0.0064357801402827874,0.04207296420220086,0.00034651403263038713,-0.009539898495955157,2.051704426797585e-06
2023-07-03,0.999777866856763,1.001551393506214,0.9969588540227796,1.0006614598827075,3805262821.2107687,27404273907.183018,0.0006365447307483,0.0006363422220839,0.5974156606528991,0.4683871112923949,0.0032031254983788,-5.743628227611969,0.4103271762688694,-0.0007280017280747598,0.02119660320226302,0.02845652991702874,0.0005752958633379771,0.017261948282474293,-0.0007919970952245947
2023-07-04,0.9996720678168218,1.001594011532236,0.9990307093608776,1.0005052837140973,3601528786.753692,27684081433.821968,-0.0001560729326264,-0.0001560851132739,-0.0535400691172894,-0.0550266432143824,0.0017363969450144,-6.355943033919282,-0.6123148063073138,0.0007662285085572777,-0.00765686880900418,-0.11003167056810792,0.00012128610022026352,0.019581423392185826,0.0011872069079954528
2023-07-05,0.9995824469460932,1.0009904233496112,0.9991150371272736,1.0009904233496112,2911940943.535873,27692862945.089657,0.0004848946261561,0.0004847771027464,-0.1914708680808275,-0.2125385685557689,0.0009964946518015,-6.911266785308743,-0.5553237513894604,0.0013567712988329737,-0.03463242658795451,-0.014886796383543732,0.0005330773501258685,0.00350152361219358,-0.0010113670659483986
2023-07-06,0.999401946032942,1.0109655801985842,0.9984173940571278,0.9996171641717022,3951720720.974236,27606473809.02399,-0.0013719004157038,-0.0013728423326552,0.3570744728688739,0.3053312598692345,0.0088305755190256,-4.729535088797645,2.1817316965110978,-0.0001344679087357644,0.011331827823955365,0.9019045126031164,-0.0007255479465358899,0.0003161435971605897,0.4345358054589097
2023-07-07,0.9998217163238048,1.002156466788248,0.9979335274077514,0.9991728743592476,4604552225.501019,27508986696.070244,-0.0004444599676544,-0.0004445587692624,0.1652018324730795,0.1528943187701855,0.0029585538073471,-5.823054708638518,-1.0935196198408723,-0.0012551329964581603,-0.03949781120097384,-0.0031003348613083404,-0.0006284378442202093,0.0025866176255782136,0.00020711307983489746
2023-07-08,0.9996226772336182,1.000763923755264,0.999200058491292,0.9999862762810487,4641482554.299263,27505052039.08345,0.0008140752643257,0.0008137440847822,0.0080203952500996,0.0079884028275201,0.0010824934571826,-6.828488142278978,-1.0054334336404604,6.578352985628317e-05,-0.03434604449717327,0.003127632097347899,0.0006820915304504465,0.0130528932724161,-0.00011074738606264845
2023-07-09,1.0008041924939066,1.0015806371086968,0.9986150808305416,0.9986150808305416,1714411383.3685625,27501867935.365803,-0.0013712142686663,-0.0013721552432352,-0.6306328067999403,-0.995964026205708,0.0015950320754057,-6.440861432975297,0.3876267093036807,-0.0011637212378996387,-0.026120465939381887,-0.0026862549061537067,-0.0013226122486955313,-0.005734870588071317,-0.002026742404697579
2023-07-10,1.0001046407165657,1.0023625488441166,0.9987510830628532,1.000588676931531,2500624082.939002,27442721650.424656,0.0019763331626716,0.0019743827855938,0.458590456874854,0.3774705288857216,0.0025344935931313,-5.977761427918019,0.463100005057278,0.0009164896939310585,-0.053092781792532406,-0.07184959224914067,0.0007908505081999706,-0.010321556681187616,0.0017743387467774596
2023-07-11,0.9997584590028274,1.001192971519849,0.9988961241282732,0.9994012101998134,3552189286.1819105,27378032410.868114,-0.0011867681087089,-0.0011874728756327,0.4205211052782456,0.3510237798421723,0.0016087816378145,-6.432278133162144,-0.4545167052441243,-0.0001813288929386237,-0.0020642775705468352,0.0018557562939296446,-0.000801679281653585,0.004368673905215559,-2.7178978434960754e-05
2023-07-12,1.0001135907222654,1.0015671382112057,0.9986171646057936,0.9998623016297962,3236292601.2176538,27330681673.216244,0.0004613676922509,0.0004612612949014,-0.0889301384340922,-0.0931356979819823,0.0020798997596163,-6.175435578922369,0.2568425542397747,0.00046052502117072537,0.013492876966832767,-0.00041145902483652463,-0.0004926347021252117,0.004058663722055655,-0.11431218289387957
2023-07-13,1.0003141229570929,1.0038232941010818,0.9977069598550904,1.001142266259452,4301064439.971965,27249634447.70635,0.0012801409029719,0.001279322221217,0.3290097559020748,0.2844341204882693,0.0042908920765998,-5.451260624396046,0.7241749545263225,0.0013199139403411095,0.014331739862413428,-0.7706480331643197,0.0007109435046511318,0.01030147847884777,-0.0005207629852712614
2023-07-14,0.999008057717248,1.0019570120082686,0.999008057717248,0.9997947188584304,9549952661.558628,27331924329.12184,-0.0013460098993287,-0.0013469165843493,1.2203695840513555,0.7976736613304592,0.0020259909933146,-6.201696318716069,-0.7504356943200223,0.00017209175590156164,0.18351826866984666,0.018043526291410927,0.0004474127669843387,0.061329996450446345,0.0006049666043397295
2023-07-15,0.999799919841135,1.0006565055470138,0.9991452334624636,1.0006565055470138,4131941380.6975737,27281303278.4783,0.0008619636334621,0.0008615923561458,-0.5673338363937808,-0.8377888330843777,0.0009267624063696,-6.983813329058241,-0.782117010342172,-0.0001475791628638286,-0.0174258668780638,8.108132799922174e-05,0.0006146527388823476,-0.00609925645382603,-0.00035191637716724955
2023-07-16,1.0003550127045695,1.0011303095109951,0.9991158283809788,0.9999192702529268,1918035959.0618048,27281719313.756824,-0.0007367516125665,-0.0007370231474132,-0.5358027178163904,-0.7674456399982129,0.0013983000295648,-6.572498044774072,0.4113152842841687,-0.00018536824800240208,0.007000254066287681,-0.0001301942540203882,0.000160672080956113,-0.018190298877197364,0.0006971386655658662
2023-07-17,1.000003484410393,1.0013289428340908,0.9985770636991308,1.0007388716189936,2706429599.923839,27179477126.24597,0.0008196675376197,0.0008193317936367,0.4110421585879298,0.3443285509416368,0.001891567937231,-6.270349197416969,0.3021488473571025,0.0009801689606394263,0.0070257857265154655,-0.009680282743603996,0.0013215497254013883,-0.0024751550126467237,-0.003417262215917205
2023-07-18,1.0005171110145936,1.001614906606787,0.9959472043822916,0.9992500017324653,4632205402.012833,27008809198.442604,-0.0014877706150452,-0.0014888784446806,0.7115558454368021,0.5374028079835553,0.0039345104707149,-5.537968808735962,0.7323803886810074,-0.0008638639282663495,0.036081520155750724,0.25911826589433673,-0.00027417830038768925,0.024853128873864705,0.07218346589008373
2023-07-19,1.0007574146275882,1.0012794478523488,0.9991830252580488,0.9996740066611972,4471039061.491055,26970669281.14361,0.0004243231703746,0.0004242331707565,-0.0347925721194803,-0.0354122495703212,0.0013203231299145,-6.629878776951561,-1.0919099682155986,-0.000640120116988273,0.03971623947968439,0.002110205497128703,-0.0006525687786566925,0.02033243213977798,-0.0006052434423819975
2023-07-20,0.9997093112605692,1.002496200186921,0.9982170099284968,1.000522720261929,4528347016.676129,26954259584.706085,0.0008489903659356,0.0008486301774648,0.0128175921518258,0.0127361420750746,0.0029822323465585,-5.815083149323953,0.8147956276276078,0.0015150182743637,0.007141821589801367,-0.2023788945473406,0.00025872271272364455,0.004114517577196608,0.00061945009426978
2023-07-21,0.9994675117106032,1.0010473075739073,0.9986969425192218,0.999067200744427,4473182764.015025,26882775003.9434,-0.0014547590854516,-0.0014558182748182,-0.0121819843881124,-0.0122567929250111,0.0016434180818351,-6.41097700982895,-0.5958938605049973,-0.0007331344059651501,-0.1731128260435888,0.016221923592860676,-0.0005684430346936758,-0.018220804166720228,-0.0004420869817902684
2023-07-22,0.999596313586824,1.0007687394662934,0.9990004369690132,0.999935584410928,5644881296.569317,26859654831.756306,0.0008691944504373,0.0008688169196902,0.2619384439151782,0.2326489863170251,0.0012326084144978,-6.69862269283453,-0.2876456830055796,-0.0004193673663149875,0.05479533516296797,0.0032729169742946596,0.00013044850352172943,-0.009751496816484462,0.0005281855967638194
2023-07-23,0.9997061354360596,1.0025253069485554,0.9991486633627552,1.0011696419753189,3053162452.0988703,26854194666.610245,0.0012341370620567,0.0012333761409024,-0.459127253224185,-0.6145712463328652,0.0022056018148878,-6.116754875400535,0.5818678174339951,0.001165474072734645,0.03922619107979841,-0.006252409415730575,0.001034731556789643,-0.011588022886787286,-0.0018203986350764367
2023-07-24,0.9995485674910114,1.001039036000829,0.9988584244023686,1.0005653547504294,3667120231.670475,26793843726.75031,-0.0006035812509228,-0.0006037634794162,0.2010891294531493,0.1832287530445944,0.0014065744631118,-6.56659798930148,-0.4498431139009451,4.821763887337629e-05,0.032036873632758756,0.012235808612317989,0.0005085769044876085,-0.007074792524143447,0.001403512761435799
2023-07-25,1.0001617399480949,1.0002803292772902,0.9989677645255066,0.9996107867295186,3597493497.2551064,26661118549.424507,-0.0009540286562779,-0.0009544840312666,-0.0189867607323176,-0.019169323822129,0.0008630036526314,-7.055091634408392,-0.4884936451069119,-0.0011464169675096283,-0.03454843432735544,-0.4524702994052552,0.00024177461733455947,0.00869749103596007,0.0003454181171944626
2023-07-26,1.001615170572592,1.001615170572592,0.9987733399519876,0.9987733399519876,3101567337.047712,26583173422.033745,-0.0008377728498418,-0.0008381239776397,-0.1378532471527154,-0.1483297758862027,0.0009580873966254,-6.950571555944164,0.1045200784642279,-0.0009366820136733756,-0.047641995800105974,0.009534814526029223,-0.0026166559538809706,-0.0008423462184090624,-0.0118480184843337
2023-07-27,1.0005417577198794,1.0008344144547558,0.9989847212150832,0.99961042848583,4268917293.0571966,26573558856.027184,0.0008381166180133,0.0008377655943994,0.3763742099246665,0.3194526574252371,0.0011730226584023,-6.748171392871336,0.202400163072828,0.0001429826947679944,-0.00928662725844731,-0.10026961442667126,-0.00012857500957535916,0.0037498714799717447,0.011920323133588262
2023-07-28,0.9998693445524982,1.0012947077457073,0.9995523138299924,0.9999870127388804,2893113709.830491,26549095106.64536,0.0003767310167228,0.000376660071411,-0.3222839630705096,-0.3890269033610284,0.0012293635696325,-6.701258666570281,0.0469127263010547,0.00039078057101644704,-0.05850246878074472,-0.023869513751765048,0.00035385074936499866,-0.008308011902187218,-0.00018745814360254798
2023-07-29,0.9999039282275348,1.0009682535949582,0.9997146589297512,0.9998234284925316,2193159763.674757,26549617156.305523,-0.0001635863708876,-0.0001635997525974,-0.2419379313634875,-0.2769900119473987,0.000884708835709,-7.030251966287259,-0.328993299716978,0.0001173206525400206,-0.14111804500680947,0.0038353082159918728,7.185412185399988e-05,-0.012241977530198511,0.00020706343665199967
2023-07-30,0.9994957279192106,1.000465692602157,0.9976013068570196,1.0002901709603025,1804963866.2120864,26543867326.244205,0.0004668248957464,0.0004667159669039,-0.1770030181532363,-0.194802745569673,0.0019663270031964,-6.231587941893814,0.7986640243934451,0.0007416633041717489,-0.056365892646152105,0.055538258752192426,-0.00013753622970191797,-0.033642547069277384,-2.3717833078862327e-05
2023-07-31,1.0002138795275437,1.000519551191315,0.999399474500104,0.9999798062840132,3516435229.3959937,26526919672.402218,-0.000310274643598,-0.0003103227887343,0.9482025625120224,0.6669071846767267,0.0007785728909461,-7.158047941084594,-0.9264599991907804,-0.00018192078948229672,-0.007024645456887413,0.01256173617116918,5.931342309586794e-05,-0.018065916074430532,2.655449679700439e-05
2023-08-01,0.9995533004845136,1.0006532035338438,0.9990780997126824,0.999937268776528,4337217951.570034,26410009594.839283,-4.253836649281695e-05,-4.253927127478761e-05,0.2334132917656564,0.2097853600419632,0.0010880390046421,-6.82337828133605,0.3346696597485437,-0.0016766007786003128,0.03402061851166849,-0.07154120188831303,0.0001594246273003413,0.01740482031295798,-3.776434176749888e-05
2023-08-02,1.0049361674631438,1.0049361674631438,0.9977658658420332,0.9977658658420332,4884576981.746689,26225400881.434235,-0.0021715391578029,-0.0021739003678859,0.1262004898735871,0.1188495688174972,0.0024145930083537,-6.026224532641389,0.7971537486946616,-0.00277824458119004,0.07753780006351718,0.6146641249244507,-0.001908647594348783,0.009480221824269108,-0.006278065557814294
2023-08-03,0.999738115950684,1.0011419101648185,0.9994001127141235,0.999627060349672,19906927749.80859,26129293103.745457,0.0018653619765476,0.0018636243494293,3.0754660688529096,1.4049851128774051,0.0012293659916653,-6.70125669642046,-0.675032163779071,-0.00024234522594593518,0.5034107715956928,0.05847512393020882,4.463104384344579e-05,0.13325624470370556,0.006318461713428647
2023-08-04,0.9996285234799422,1.0008309385959704,0.9991891245091566,0.9994286810746562,5881487374.605637,26066973639.66413,-0.0001984532861148,-0.0001984729805739,-0.7045507248268288,-1.2192581144912418,0.0011542566113999,-6.764298768718353,-0.0630420722978932,-0.0004754058025347075,0.07286505774629504,-0.0012066074179104547,2.6750682477351616e-05,0.02246692064355571,2.200992653911271e-06
2023-08-05,1.00042485438913,1.00042485438913,0.999529608556822,0.9998283296724784,2763815643.7570667,26043384205.46749,0.0003998770551516,0.0003997971256293,-0.5300821938868168,-0.7551974801816782,0.0005131529826776,-7.574936545402629,-0.8106377766842758,0.0003327142041561492,0.013330134058499254,0.0008320708868732041,6.61450606015067e-06,-0.008926941576518743,-0.5102790759475617
2023-08-06,0.9998442769888788,1.0004323697328412,0.9995112634056956,0.9997224639313144,1688916959.8021834,26043305894.11208,-0.0001058839182909,-0.0001058895243887,-0.3889183731855903,-0.4925247332926855,0.0006469218833838,-7.3432850074082365,0.2316515379943924,-0.000491431247525997,-0.0026964215565499217,-0.023798334967248813,9.981938158091194e-05,-0.022254487108561705,-4.7469673480016183e-05
2023-08-07,0.9998135184731948,1.0019935773067836,0.999230259325787,1.0005889941049808,2352234486.2010016,26043860946.46353,0.0008667707338083,0.0008663953049806,0.3927472706985606,0.3312782502676561,0.0018923768729164,-6.269921635315317,1.0733633720929197,0.0010356200314694751,-0.027461053436361738,-0.006323276902667985,-0.00021504858834945002,-0.017827239495151304,-0.00017365399348268085
2023-08-08,1.0000726716840154,1.0010666568740425,0.9983993680775236,0.9991237007503496,3237844797.2474904,26156881239.87902,-0.0014644308135148,-0.0014655041403218,0.3764974607088607,0.31954220085408,0.0017919161946661,-6.324469731892318,-0.0545480965770011,-0.005800707956121451,-0.026643041704186743,-0.3454729098937612,-0.0009813186663967153,0.011898856865215635,-0.004407866457910359
2023-08-09,1.000084807207946,1.0028586092131833,0.9986868092642596,1.0003442295766585,3939659836.145356,26286390927.60971,0.0012215993128701,0.0012208537675395,0.2167537614818606,0.1961864611438338,0.0029432233229704,-5.828249929847127,0.4962198020451911,0.0006060886901824963,-0.023481163196560573,-0.12782820708215947,0.0005857405161480213,0.011111101800299394,0.0029848225647173265
2023-08-10,1.0000019535862,1.0006462020172873,0.998963319081002,0.9999664283491562,3055493774.548364,26227020212.278355,-0.0003776712218974,-0.0003777425576349,-0.2244270059777745,-0.254153175685781,0.0011900057650612,-6.733797127281172,-0.9055471974340454,0.00033797332016790845,-0.5511491380109383,0.004969974841515956,-0.00014715648571208222,-0.0038211558928935574,0.0015407480519558092
2023-08-11,0.9998613919156136,1.0007426642677613,0.999267218923238,1.0007426642677613,2524319702.7882395,26100129684.969685,0.0007762619790012,0.0007759608435011,-0.1738423020805002,-0.1909696061055136,0.0008880474086986,-7.026485428222994,-0.2926883009418217,0.0003176244650585819,-0.15838253229739863,0.00026057911031784897,0.00042831499831064265,-0.005502909801055722,-0.0007749585309495544
2023-08-12,1.0002693796319049,1.0002693796319049,0.9995505773370053,0.9995505773370053,2001662909.9049816,26124279250.94807,-0.0011912022673963,-0.001191912312745,-0.2070485732476583,-0.2319933117424164,0.0002424038831534,-8.324905284287688,-1.2984198560646938,-0.0002937885464199608,-0.03973957216460278,0.0002845063619325572,0.0005429108994525172,-0.017982005629246345,-0.0005337785981627263
2023-08-13,0.9998777831036028,1.0004338270988802,0.999107238687554,1.000103609298497,1373415725.6792665,26165000027.027447,0.0005532806183405,0.0005531276150525,-0.3138626294751786,-0.3766774227248654,0.0009276972709913,-6.982805095002411,1.3421001892852766,0.00029010284807141847,-0.016924273272124424,4.1998664456421864e-05,0.0003037041089944229,-0.06669693405537913,0.0009708260711045469
2023-08-14,0.9999806676218262,1.0005480532711717,0.9989479527875478,1.0005092055992182,2472635905.0666704,26109997983.76279,0.0004055542815266,0.0004054720666166,0.8003550264023296,0.5879838823436639,0.0010830269375243,-6.827995438212237,0.1548096567901744,0.0004364069544844404,0.006492474139133009,-0.00207857535356748,0.00015412629557101415,-0.014095600735910097,0.00032786104767357216
2023-08-15,1.0000405742132763,1.0007228702448987,0.9994558498833914,1.0000416175453597,2799076255.4570904,25978191575.035446,-0.0004673500765827,-0.0004674593186672,0.1320211963765114,0.1240047043199186,0.0008958385224719,-7.017750381686412,-0.189754943474175,-4.318693264437542e-05,-0.023865863125401177,-0.06309805994060635,3.813227505110017e-05,0.0075090645695325975,0.00010672117363519362
2023-08-16,0.9998713000939494,1.0010374023644482,0.9995126267921628,1.000320993212395,3501604496.362796,26022194184.48233,0.0002793640405898,0.0002793250257222,0.2509857455780468,0.2239318369978322,0.0010410228903344,-6.867551500797176,0.1501988808892358,0.0003189881208043427,-0.024409166879664213,-0.6997120463229098,-0.00019603565367159372,0.006729164362884177,-0.00017696143123036023
2023-08-17,0.9996354021703264,1.0017386076786496,0.9976157393076852,0.9997751923590328,4242535980.3029695,26023745008.02237,-0.0005456257112125,-0.0005457746190886,0.2115977074823263,0.1919399080284538,0.0029149584636024,-5.837899708474196,1.02965179232298,-8.621522261809117e-05,0.06481143982582793,0.6888814695710712,-0.0009819608478767305,-0.0032919182156483373,-0.2109933755479041
2023-08-18,0.9997601072969255,1.0014677119158335,0.9978483265907422,0.9998538985687252,10324448494.793556,26182337103.54015,7.872390742824642e-05,7.872080886406568e-05,1.43355590682728,0.8893535238623984,0.0025595062314078,-5.967940917450415,-0.1300412089762188,-0.00041545546085495664,0.3452708942302465,-0.003766611473423609,0.00014461889246343513,0.048343348170831746,0.006839028435956074
2023-08-19,1.0002032260253948,1.0014187826270642,0.9991021448361488,0.9997576588198088,5072567374.541235,25984442634.316387,-9.625381173605783e-05,-9.625844443147347e-05,-0.5086839382172089,-0.7106676479283414,0.0016140992340429,-6.428978227726387,-0.4610373102759721,-0.0001201461840693555,0.108808606067754,0.003607508555515615,0.00029025956207386587,0.004378206174223465,-0.0004562591088594914
2023-08-20,1.0005043916887164,1.0007151621099903,0.9988881797806484,1.0000876598273658,3336484674.7849946,25984428632.55097,0.0003300809997759,0.0003300265350275,-0.3422493131327314,-0.418929314794293,0.0012659182653247,-6.671957518699192,-0.242979290972805,0.00010698855051421509,0.06382432599436072,6.791323911592428e-05,0.000491423901939032,-0.009166534008169691,-0.0011345763418235677
2023-08-21,1.0003244399163522,1.0012011377332104,0.9989522767843052,1.000384578645161,3226198348.312586,25965597106.659508,0.0002968927922244,0.0002968487282807,-0.0330546479970017,-0.0336132980492346,0.0015896244568537,-6.444257481305415,0.2277000373937765,0.00034393132358297363,0.023457443947670242,-0.002433677111689292,0.0006784124643405844,-0.019788869622789917,-0.0015826028032455142
2023-08-22,0.9993169868857442,1.0012884215165745,0.9971455369627404,1.0012884215165745,3561037911.712386,25940277294.37154,0.0009034954063742,0.0009030875000753,0.1037876557016195,0.0987475885050477,0.0026636027239462,-5.928075665072431,0.5161818162329848,0.00141630040241759,0.023172307212000476,0.07282408272528418,0.0017391266491436136,0.0041878754248969585,0.04416351618880121
2023-08-23,1.0000104496357465,1.0024334096167438,0.9959486667632692,0.9990294554491396,5134920774.806387,25924686104.503094,-0.0022560593120746,-0.0022586080480056,0.441973071367042,0.3660123641856418,0.0045484112636295,-5.392977279822974,0.5350983852494569,-0.000606351522559763,0.04793296334030828,0.37987783560723365,-0.0011327427037816386,0.01200562861206933,0.15700512664426824
2023-08-24,1.0002905628483638,1.0030343888120112,0.9987804650983464,1.0003630055212465,4212027474.651377,25943764721.08075,0.0013348455992294,0.0013339554848646,-0.1797288294462162,-0.1981202975943442,0.0030049186995974,-5.807504766403397,-0.4145274865804236,0.0006028611326141786,-0.0008745968144587835,0.08891166393016192,-0.001250927936760172,0.004983984367971317,-0.001367065869655626
2023-08-25,0.9989972490432986,1.0015450808673791,0.9988491039637468,1.0004649612064112,3669051564.842588,25871437038.5536,0.0001019186881181,0.0001019134947615,-0.1289108186203676,-0.1380109177274309,0.0016733567556244,-6.392923636659446,-0.5854188702560483,0.00026164776766079756,-0.21180283847580483,0.0022748097722589122,-7.675787670232185e-05,0.004580445788320731,0.007518493134594628
2023-08-26,1.000383119967668,1.0006150374732936,0.9999381527565772,1.0001442368242863,2625468275.416483,25992842345.15334,-0.000320575327034,-0.0003206267222884,-0.2844286243959827,-0.334673928700974,0.000454892815585,-7.695448736907182,-1.3025251002477365,-0.0003600381028309455,-0.09073331386075623,-0.0004708579765653198,0.00027489040682405466,-0.013323115787073903,-0.00033362033243822253
2023-08-27,1.000031723792044,1.0007299701875991,0.9986700659982082,0.9996737146016846,1353365307.0238302,26017795221.821674,-0.0004704543657579,-0.0004705650641335,-0.4845242200425586,-0.6626649602225981,0.0014399136897005,-6.543172104898495,1.1522766320086877,-0.0006507259380812584,-0.08009239725677375,-0.002267943472951117,-0.0002302622533242387,-0.012645577772300243,0.00010797365187897867
2023-08-28,0.999858638723334,1.001040746276475,0.9995433315678576,1.001040746276475,2124757939.577757,26016433093.408195,0.0013674778628496,0.0013665437165162,0.5699810897696846,0.4510635745549933,0.0007623365235887,-7.179122467762059,-0.6359503628635643,0.0017234515495158538,-0.04742069788429859,-0.02010220853451905,0.0015446043442535551,-0.0005654943026236481,-0.01129824516729272
2023-08-29,1.000205977714372,1.005195606769636,0.9964690808826022,0.9998261809347072,3390604835.3138056,26036343313.568047,-0.0012133026016029,-0.0012140392491156,0.5957605203666656,0.4673504378734323,0.0061609726030485,-5.08952062379476,2.0896018439672988,-0.00018428375472675246,-0.007542853350241074,0.2883471112503706,-0.0003876908321555398,0.013027356099051701,0.039200450604046644
2023-08-30,1.0022064119914136,1.0022064119914136,0.9973689797614552,1.0006095792238487,5489112862.509992,26139311078.87985,0.0007835344823727,0.0007832276794802,0.6189184906892773,0.4817583279613389,0.0032746230048301,-5.721552529549907,-0.6320319057551469,0.00031887286274826795,0.015612232548296134,-0.05854943827991299,0.001056192821339564,0.015973808640801224,-0.004390805497144434
2023-08-31,1.000241253145258,1.0002909504698376,0.9972527743757368,0.9998556407181328,4261246209.592343,26113181068.12213,-0.0007534792004497,-0.0007537632085742,-0.2236912746509252,-0.2532049959723571,0.0021375654742378,-6.1480877264001,-0.4265351968501925,0.0008588843451156155,0.0021503236930087155,-0.0032454073239325254,-0.005068394234503803,-0.000610482119316913,-0.12715390911359226
2023-09-01,0.9992464275642204,1.000849850065186,0.993467402087596,1.000139817295478,5278229276.1095,26203724446.678947,0.0002842176067947,0.0002841772246221,0.2386586027880439,0.2140290221342322,0.0052055287917756,-5.258033989034951,0.8900537373651485,-0.00024323907400169813,0.0678717473732462,0.30073147147293877,0.0004017258688828259,0.0031592211278876903,0.37072113034728016
2023-09-02,1.0014391982205018,1.0014391982205018,0.9986227569570676,0.9994239824382892,3498297440.4616604,26149400850.41997,-0.0007157347850869,-0.0007159910455118,-0.3372213942475419,-0.4113142725378122,0.0015487105812498,-6.470332577322349,-1.212298588287398,-0.0006079068124159062,0.03497380349175572,-0.0008715422263367856,-0.0002046379890086072,-0.14096258701183828,0.0003353554490628241
2023-09-03,0.999886659840194,1.0006900386171982,0.99887917028226,0.9994785059637076,1915310884.521286,26177807540.86869,5.4554950027707605e-05,5.455346196054205e-05,-0.4525019907202264,-0.6023964533167699,0.0012553629078781,-6.680330578575812,-0.2099980012534628,-0.0003802587924873422,0.021886398548407016,0.0006318075879043761,-0.0009463942256585707,-0.0372771059307766,-0.0024008080193844705
2023-09-04,0.9997703722291856,1.001919643793602,0.999154625456572,1.001919643793602,2758971040.995732,26161509092.77595,0.0024424115329431,0.0024394336936487,0.4404820978633506,0.3649778477410634,0.0014272839336896,-6.551981987827352,0.1283485907484598,0.0017118471281732533,0.02413898989219021,-0.007881134758054742,0.0020735387692564257,-4.6393609672179537e-05,-0.009687893323951258
2023-09-05,1.000191130464566,1.0009209613357164,0.9988256840279638,1.0004988529995962,3263660602.235299,26026696254.635536,-0.0014180686074046,-0.0014190750182445,0.1829267338222664,0.1679916505527949,0.0014693866544725,-6.522910207116471,0.0290717807108809,-0.0017052528252154099,-0.004785247198032749,-0.2992848451089971,0.0006852275304507851,0.014968062989034081,0.010887580405274377
2023-09-06,0.9993574721018884,1.0006632993702511,0.999046428569578,0.9996967225772756,3090259782.531754,26017804397.306328,-0.0008017304766674,-0.0008020520344259,-0.0531307757874032,-0.0545942901444891,0.0011238392368691,-6.791004565436596,-0.2680943583201252,-0.0005445474690200233,-0.09501759106500884,-0.01995686228813298,-0.00037599246417874363,0.006938621430620628,0.0009219417697954313
2023-09-07,0.9997284687717312,1.0012762723890507,0.9994671737517434,0.9994671737517434,3697971959.258281,26023007225.786285,-0.000229618463628,-0.0002296448299836,0.1966540742502391,0.1795293908660479,0.0012683881152745,-6.670008385200092,0.1209961802365047,0.0002208882636063075,-0.023683676905640993,0.0013358834078429638,-0.0006177718626239661,0.004301694351504182,-0.0006748461022398899
2023-09-08,1.0006394472479183,1.0010124544544543,0.9992997888209116,1.0006238466922872,4277062573.608759,26015121529.48007,0.0011572895748059,0.001156620431438,0.1565968105573814,0.1454819091360529,0.0012108099659363,-6.716465749981478,-0.0464573647813866,-0.0008145113865056941,-0.04353185285652117,-0.967941044925138,0.0006216985965403974,0.003142634837548286,-1.3679453838122413e-05
2023-09-09,0.9999249262552692,1.0003898097131876,0.9994159855004454,0.9998293669447704,2557335945.4410768,26124675741.461582,-0.0007939844229607,-0.0007942997955376,-0.4020812411721786,-0.5143003890635792,0.0006860981176585,-7.284489911809231,-0.5680241618277533,-5.7301031418268424e-05,-0.04271718439153105,-0.03959576121619435,-3.202992333090458e-05,-0.004643419904763135,0.001082286938341781
2023-09-10,0.9998862643281876,1.0006186608634662,0.9989440937321356,1.0004294933735756,1916283015.06544,26149867755.73187,0.0006002288476871,0.0006000487824023,-0.2506721619888978,-0.2885786902786333,0.0011352280907511,-6.780921687224482,0.5035682245847495,0.0006590553070043921,4.508732854446862e-05,-0.0177235189932059,0.00016005781197035205,-0.005696996844985591,-6.897650069515038e-05
2023-09-11,0.9999454362440972,1.0009435198539844,0.9987011483827766,0.9995005643687426,4330645008.380771,26137409635.79217,-0.0009285302072618,-0.0009289615584704,1.2599193200242822,0.8153291135426665,0.0015615749507321,-6.462060383205001,0.3188613040194807,-0.0006906725922395381,0.0703582313585649,-0.19390424201983691,-0.0003773360252828748,0.021647652673319584,-0.00032762575606337663
2023-09-12,1.0002394046910046,1.000905441875749,0.9985923013449324,1.0001597245687464,7304574016.64698,26068366850.25838,0.0006594895725948,0.0006592722049092,0.6867173371428481,0.5227842359643164,0.0016352995353672,-6.415929289352905,0.0461310938520957,0.0008024462217605305,0.16099587088515577,0.034269035946001836,0.0001790443791821179,0.053101889380261724,0.0003095660039447168
2023-09-13,1.0001188539106052,1.002397763236938,0.9982434767063412,1.0001839400006174,5608975114.133048,26175432385.47353,2.4211564689347043e-05,2.4211271594145546e-05,-0.2321283758162619,-0.2641327158173455,0.0029363083153324,-5.830602161709037,0.5853271276438683,0.0004554911852771823,0.08864069390432405,0.4675643379020338,0.00014334969556451262,0.026979989745122168,3.227893154988948e-05
2023-09-14,0.9998656908394824,1.001095049272668,0.9992166378385208,0.9998389723529926,4919922956.455047,26168215959.009487,-0.0003449042059449,-0.0003449636990805,-0.1228481395721978,-0.1310751426175695,0.0013279270281152,-6.624136178146005,-0.7935340164369675,-0.0008002835019912144,0.040328792960753646,-0.009885835377490437,-3.233242475684983e-05,0.017840328015751084,5.4702717030785664e-05
2023-09-15,1.0001251733908791,1.0010823719714677,0.9981995439403384,1.0003570736292295,3954008005.809035,26104363984.62063,0.0005181847183028,0.0005180505069639,-0.1963272512994761,-0.2185631216413984,0.002034103235887,-6.197700227537035,0.4264359506089699,0.00043208645651846543,-0.010504818656528414,0.0209849745010402,0.0007216742052351866,0.003764727506261778,-0.0014598581214206874
2023-09-16,1.0001762150804816,1.000811722631609,0.9993137677465672,1.000492836725322,3459896726.109209,26129308077.50933,0.0001357146359748,0.0001357054275767,-0.1249646634437516,-0.1334910088042477,0.0010407181315226,-6.867844293042515,-0.6701440655054807,0.0006064574613942114,0.029076560180321565,-0.0040203249985601985,0.0007326368031213675,-0.006521798637962206,-4.4846163785194904e-05
2023-09-17,0.9995733988982411,1.0009499177747951,0.9993186839842778,1.0000768344377973,2093442950.9980671,26165532058.35372,-0.0004157973673118,-0.0004158838350067,-0.3949406249034991,-0.5024286851114013,0.0011100295494295,-6.8033686429045686,0.0644756501379468,0.0001313967307417559,0.0056093799386971455,0.0077527814404216855,-0.00012637389160039734,-0.07129603406139395,0.0014628443245729983
2023-09-18,1.0002672248201516,1.0008200790066557,0.9990977526542012,1.0004284909201462,3820582898.657616,26134616028.399693,0.0003516294650967,0.0003515676579447,0.8250236515096434,0.6015929466817896,0.0012137904960764,-6.714007174485675,0.0893614684188932,0.00018902310585318215,-0.01623587574198737,-0.0004054076791497607,-7.586538185889896e-05,-0.011304138960277044,2.8649760632326604e-05
2023-09-19,0.9995272348756056,1.0008927030175212,0.996421675069986,0.9998431910154733,4795448580.076894,26065623385.033195,-0.0005850492163959,-0.0005852204244687,0.2551615047436355,0.2272642533427766,0.0031596500784474,-5.757293992183376,0.9567131823022992,-0.0002756681283797021,-0.08394731048673876,0.35395882748266505,-0.00048120857744444215,0.013160704001553114,-0.000633708359079499
2023-09-20,0.999695928555218,1.0013672421674644,0.9993436843009254,1.0005723470045065,4721366682.229378,25981214465.441093,0.0007292703451755,0.0007290045567706,-0.0154483770622201,-0.0155689465866693,0.0013226122265078,-6.628146538468953,-0.870852546285577,0.0007065014572302524,-0.03146861860057726,-0.1958665813103755,0.001255429750406964,0.013309954246089717,-0.0037900796151824068
2023-09-21,0.999984877423948,1.0007191217158895,0.9984418873880004,0.9995748170247396,5233241691.400138,25892458923.99303,-0.0009969593730561,-0.0009974566676009,0.1084167029638669,0.1029326033300497,0.0015906266995529,-6.443627189744758,0.1845193487241951,-0.0005504389485153712,0.011221601670467152,0.003130855477209593,-0.00043572297232081044,0.014679026327701905,0.003907188263585937
2023-09-22,0.999586998390594,1.0012567936285035,0.9993760871844672,0.9999877968186408,4193977749.04719,25764630708.31808,0.000413155460569,0.0004130701353526,-0.1985889442218549,-0.2213812852948354,0.0013058829145569,-6.640875904094044,-0.1972487143492856,-0.00018840281224660437,0.008510228610440151,0.004237915551601468,-0.00030272389897327453,-0.008233308315553245,0.00027566102288822947
2023-09-23,1.0000302657204267,1.0004280558230043,0.9993300301821836,0.9997152963799556,2713324186.3083467,25760346762.503174,-0.000272503764098,-0.0002725408999953,-0.3530427797513293,-0.4354751068393415,0.0007514278305773,-7.193535387212036,-0.5526594831179921,0.0001419479660819861,-0.026717686167344823,0.00024205328052406827,0.0007185098919727556,-0.013255342687443772,-0.0011928910360294864
2023-09-24,0.9997797345604982,1.0007503483664275,0.9992850726769406,1.0005411761247929,1821694400.6976967,25775320181.22627,0.0008261149427519,0.000825773897618,-0.3286115938927925,-0.3984074628200224,0.0009217265069058,-6.989262008665131,0.2042733785469046,0.00027384061984532884,-0.009905074390353263,-0.0008655028309956236,0.000157983145851343,-0.01658456268999231,0.0013799688182682956
2023-09-25,0.9997325816206036,1.0008190985359866,0.9985596918291522,0.9995558790214328,3745618947.090885,25692972928.76176,-0.0009847641725013,-0.0009852493713028,1.056118164306998,0.7208198188533781,0.0015943580812046,-6.441284080677839,0.5479779279872918,2.8657283561823396e-05,-0.0027497459744445507,0.0011701897066371814,-0.00047594291835376524,0.010088886869638714,-0.0005656942024696576
2023-09-26,1.0000142946673325,1.0008306767603945,0.9990059187625476,0.99968451464511,3686910196.144596,25631679257.39596,0.0001286927788399,0.0001286844986347,-0.0156739785268029,-0.0157981141697445,0.0012740172027418,-6.665580218986251,-0.2242961383084116,-1.1417446986676447e-05,-0.0415703510624752,-0.5260808579871403,-0.00017416386175102375,0.020696273097282614,0.000550619112560824
2023-09-27,0.9996083661288732,1.001657622961183,0.9992196161977964,0.9999853760494328,4018738764.360814,25580997452.774967,0.0003009563516442,0.0003009110733657,0.0900018038310808,0.0861793511305828,0.0017071634972939,-6.372922059267919,0.2926581597183322,4.986329009968712e-07,-0.027272516200895325,0.09450118885892866,-0.00022058056137321517,0.01648845016352496,-5.139856141234134e-05
2023-09-28,1.0002003583454502,1.001221577581707,0.998381778650338,0.9997697172170688,5362517702.582446,25475954375.38827,-0.0002156619861942,-0.0002156852445844,0.3343782756268214,0.2884654722341411,0.0019905258401206,-6.219356433884665,0.1535656253832531,0.00018277761597727205,0.005074007307605655,0.01734552551731472,-0.002434290741101696,0.01688283046607353,-0.3004407521256427
2023-09-29,0.9995857316888024,1.0017273234867448,0.99939151330513,0.9998199744611312,6830902176.743058,25454373631.852337,5.026882010628064e-05,5.0267556671483945e-05,0.2738237066244979,0.2420231697291112,0.0016443080598814,-6.410435615546284,-0.1910791816616184,-0.0002103070078402017,0.09824731701405298,0.020694211850075916,-0.00042126579380889463,0.011327106749408955,0.02857673712102038
2023-09-30,0.9999651345940476,1.001100632060648,0.9990019330103722,1.0008395234241068,4127103991.102728,25058776463.90916,0.0010197325408756,0.0010192129668358,-0.3958186072179251,-0.5038808069584784,0.0013809194310114,-6.585005747305827,-0.1745701317595429,0.001059460922921254,0.04895218882891328,-0.03879814181333252,0.001593027735637114,-0.001126645913821278,-0.011536763058120236
2023-10-01,1.0000615855617367,1.000416242521549,0.999410030459398,1.0000393627402226,2991980571.0777383,25117744815.1407,-0.0007994894937267,-0.0007998092558944,-0.2750411480961239,-0.3216403817327983,0.000711427189744,-7.248237479129559,-0.663231731823732,0.00030681610759740365,0.03878349967199668,0.03706723770382858,-0.0013988016018074904,-0.01939973933093242,-0.4123786031602723
2023-10-02,1.0007804945095848,1.0010038331130016,0.9990082879362526,1.0005602390007295,6363193859.392877,25234417471.31385,0.000520855758197,0.0005207201599193,1.1267497258850172,0.7545948639847063,0.0014044082251089,-6.568139257015995,0.6800982221135641,0.0005457875602849546,0.08165950350018392,-0.007129326438123584,0.0006734287087369767,0.024250692445754396,0.016675031418540875
2023-10-03,1.0007268073575266,1.0007268073575266,0.9992012516813258,1.0002396106536695,6249867760.785924,25284067926.486443,-0.0003204488191338,-0.000320500173828,-0.0178096253408449,-0.0179701252018842,0.0010354427570953,-6.872926159105367,-0.3047869020893721,0.0006312925313214203,0.07397337355861922,-0.0035595700965052046,0.00046923609092928606,0.035608152413971084,0.002539225183735283
2023-10-04,0.999955591892615,1.0004833277942633,0.997800367247537,0.997800367247537,4278088675.5714674,25283870334.1987,-0.0024386590774369,-0.0024416374496264,-0.3154913288863737,-0.379053966527257,0.0013442316429365,-6.611932698356941,0.2609934607484261,-0.0024023937744023457,0.007189421014292208,0.003923910161991451,-0.0023931676994707355,0.012185354500324763,-0.06366747419529872
2023-10-05,0.999759949965522,1.0012732934917687,0.9989660377298925,0.9995481984741736,4425500310.096433,25230511018.445587,0.0017516842887701,0.0017501518791173,0.0344573583447926,0.033876997774203,0.0016259603605799,-6.421656646640822,0.1902760517161184,-3.7549474866965393e-05,-0.026222674006355362,0.17051572526074388,0.000190830788737605,0.009220318936382199,0.06565833347433969
2023-10-06,1.0003971325328818,1.0007354763216283,0.9957029067353456,1.0000172129244869,4699619421.642814,25243516336.499447,0.0004692264475381,0.0004691163952335,0.0619408185151404,0.0600981948217172,0.0035570944338488,-5.638811237633671,0.7828454090071508,5.207879011096955e-05,-0.062336572475864216,0.3508796643307601,0.0002887808758935042,0.01263298845510974,0.11360946433433661
2023-10-07,1.000161486162814,1.000580772461286,0.9992959324168572,0.9996860956043156,3766348675.439118,25519227138.178288,-0.0003311116207719,-0.0003311664503281,-0.1985843240637257,-0.2213755202822638,0.0008591825259228,-7.059529172029607,-1.4207179343959355,-0.0003755373394057551,-0.010947023846060944,-0.001719807525972783,-0.0009531965626221061,0.0005332183796440404,-0.007159622414967259
2023-10-08,0.9999526632910226,1.0003725460748862,0.9986492951613212,0.9999315417239264,2497536895.432996,25531169278.3232,0.0002455231904194,0.0002454930545335,-0.3368811252872629,-0.4108010066590208,0.001219048264538,-6.709684835716284,0.349844336313323,-0.0008486507015858011,-0.015201139338525849,-0.007266403884500505,6.615943457058051e-06,-0.013970614108025359,0.00787713259304823
2023-10-09,0.9996835477074184,1.0005304535570116,0.9992222506430192,1.0000048761160336,4160267431.152975,25535631505.617443,7.333941279696887e-05,7.333672359371643e-05,0.6657481371988754,0.5102743541641468,0.0009033334103887,-7.009418847457424,-0.2997340117411404,-0.0007216672568223762,-0.0706842841777906,0.0025136704444799207,0.00011861824434968013,0.012592907830892841,-0.00012067294006801177
2023-10-10,0.999794999080123,1.0022339938906946,0.9994103596935736,0.9998777787995,6797612339.927401,25430199885.63055,-0.0001270966967953,-0.0001271047742649,0.6339363880853959,0.4909920654997157,0.0019943082288563,-6.217458041225776,0.7919608062316481,-7.781957666528216e-05,0.018047432213844417,0.16508040712833338,-6.766342556080282e-05,0.03739994152688908,8.166432402934021e-05
2023-10-11,0.999808042897926,1.000885309964758,0.9991936712160636,1.000873182965963,6127121886.220135,25313792541.531246,0.0009955258408262,0.0009950306336102,-0.0986361710815693,-0.1038462972005384,0.0009963668248464,-6.911395070146167,-0.6939370289203906,0.0011128808145899746,0.05862417178988366,-0.01126541681790183,0.0006334259252161876,0.013419649241253495,-0.003424011627005008
2023-10-12,1.0008026094971831,1.0015473010259537,0.999329937953196,1.000430474437467,5209520714.645607,25198854849.85076,-0.0004423223001979,-0.0004424201535627,-0.1497605545661182,-0.1622372686574647,0.001550085961271,-6.469444890704211,0.4419501794419558,3.332811329892271e-05,0.023856178971236375,0.011310111218998387,0.00031153496188919165,-0.015667566809128175,0.002627825050233845
2023-10-13,0.9994049029629702,1.0002801571498845,0.999072240527322,0.9996867058288316,4599279981.23112,25093485243.368034,-0.0007434485730292,-0.0007437250679679,-0.1171395156753878,-0.1245880927591732,0.0008362413006049,-7.086593349439988,-0.6171484587357767,-0.000474816383367208,-0.0030215594702518445,-0.6081948928811229,-0.00017902507723933843,-0.007639433911631244,-0.02413850752976554
2023-10-14,1.0002857972795272,1.001161840511324,0.999305895399902,1.0000814850800526,3648529997.201331,25113304724.92252,0.0003949029720202,0.0003948250183636,-0.2067171357059448,-0.2315754194444026,0.0013058876233193,-6.640872298293122,0.4457210511468661,0.00012881958971851983,-0.003559611794752726,0.006330281641703017,-4.3683797020187054e-05,-0.009703222267898326,0.0002724890024108362
2023-10-15,1.0001114728500644,1.000962987925323,0.9971985110153032,0.9999384753669444,2324180510.6153674,25126548780.314938,-0.0001429980608997,-0.0001430082860973,-0.3629816631908821,-0.4509568376247312,0.0026621691263303,-5.928614027469791,0.7122582708233303,0.00025497584840066136,-0.005260697949974968,0.34007004867683044,-0.0002377260822015006,-0.012578098340640054,-0.0004937566745510935
2023-10-16,1.0000280812790534,1.0025241838054382,0.9990480311947452,0.999695762988361,5650154958.338897,25200957996.679787,-0.0002427273122921,-0.0002427567753339,1.431031037620619,0.8883154626817795,0.0024473803123444,-6.012737086759664,-0.0841230592898725,-9.926136566968371e-05,0.04433403668999958,0.05674144386200375,0.00012240882078857893,0.016866892699141545,0.04371519175385252
2023-10-17,0.9999708350456814,1.0012107856910002,0.9987220828814006,1.0001351619081165,7390561130.016932,25254557978.31197,0.0004395326418529,0.0004394360756762,0.3080280425069441,0.2685206920306825,0.0017568727373099,-6.34421990421043,-0.331482817450766,0.0003271283027652103,0.017111517063945314,-0.0013250332352710004,-0.00013203634739007952,0.03965362034508857,-2.030668041452799e-05
2023-10-18,0.9998202965427528,1.001197436736792,0.9988821117039892,1.0000085015996834,5010003864.011657,25319524127.398945,-0.0001266431910977,-0.0001266512110238,-0.3221077837157164,-0.3887669767113235,0.001632932595399,-6.417377742392499,-0.0731578381820687,-0.0007937860148741739,-0.032485914382743175,-0.007194590065436657,0.0004813784766053826,0.008691761310409163,-0.0017795765678458864
2023-10-19,0.9999613092927327,1.0007093107266032,0.9987538757936276,0.999994904890357,4777170793.542055,25387661041.96282,-1.359659373356692e-05,-1.3596686168085362e-05,-0.0464736309171557,-0.0475881992817451,0.0013829153335218,-6.583561447608167,-0.1661837052156682,0.0005901790549291793,-0.012861588478219943,0.0038885829800330285,0.00029902256125424894,-0.00013299602393956889,0.001182520202208437
2023-10-20,1.0004136168236484,1.0015851816508867,0.9976182526041693,1.0001889029505096,6052739366.463889,25496365164.367126,0.0001939990485988,0.0001939802332168,0.2670133909899541,0.2366624703359945,0.0028026880557004,-5.877176302432336,0.7063851451758314,-9.687133667045489e-05,0.04259664558312437,0.004637424629197362,0.0002040078009931399,0.009641580996188281,0.00039652490557440245
2023-10-21,0.9992102754393664,1.001600386438542,0.9989519850892308,1.0000529421007316,4629334222.547414,25539578434.53818,-0.000135935171223,-0.0001359444112457,-0.2351670967038602,-0.2680978960781363,0.001797380785115,-6.321424793174892,-0.4442484907425568,-5.85259380798941e-05,0.027752215775489475,8.114828072436353e-05,0.0004660276174079539,-0.004361881654503463,-0.0014580686511909136
2023-10-22,1.0009264601296612,1.0015642175575723,0.999045376911975,1.0004993227742724,4069023924.700384,25561849259.553143,0.0004463570424613,0.0004462574547899,-0.1210347473116132,-0.1290099125807151,0.0017606737123472,-6.342058752071517,-0.0206339588966244,0.00047111726935644325,0.04754386581838688,-0.08583329514009996,0.0004689328917089887,-0.0009048925759245208,-2.2592780411834212e-05
2023-10-23,1.000624272752208,1.00142056987327,0.998530229967734,1.000737466068078,7112190577.216695,25481098057.391693,0.0002380244427804,0.000237996119457,0.7478861537390418,0.5584071456724222,0.0020426211024994,-6.193521441678381,0.1485373103931362,0.0007663596532192076,0.03816791628323202,-0.2190944951717908,0.0009574839750914867,0.0313728814222749,-0.005830222140178698
2023-10-24,1.0003716970431806,1.0037552137562469,0.9979519208522948,1.0037552137562469,15539196057.496813,25340056315.097248,0.0030155238416582,0.0030109862694545,1.184867782828447,0.7815553154253428,0.0035222585345434,-5.648652865996426,0.5448685756819547,0.003927900148897823,0.18956178789647993,0.25536561408267655,0.004015634685116696,0.0919545570442395,0.06633641276973634
2023-10-25,1.0007706653108062,1.0017829423757212,0.9968768374340636,0.9995201156739044,11648786477.61634,25060672636.47173,-0.0042192538821231,-0.004228180050479,-0.2503610589303018,-0.2881636002747658,0.0033833691131703,-5.688883286897091,-0.0402304209006647,-0.0004413080516573963,0.13162720290925378,0.3034056793358513,-0.0004942940725940946,0.04937631746043891,0.10516014205256763
2023-10-26,1.0002204275708853,1.0013841650879076,0.9987304800010672,1.0000561000958972,9554669610.888275,25134984782.33227,0.0005362417560064,0.000536098029775,-0.1797712466231571,-0.19817201009531,0.0018735512657013,-6.27991957650662,-0.5910362896095291,-0.00035743278544400923,0.08503408227364062,0.0005487862294710766,0.0004478091020453297,0.03514455903119895,0.00026145720123427196
2023-10-27,1.0003463249198767,1.000699955481431,0.9983956763646972,0.9996849755689102,8436172817.986689,25040832167.43321,-0.0003711037080333,-0.000371172584055,-0.1170628434526898,-0.1245012512990064,0.0015774355052672,-6.45195484852592,-0.1720352720192997,0.0004749624956368041,0.03986358649342847,-0.0008015865922654797,-0.0005154123381068309,0.025666190755384122,-0.0003888109702154807
2023-10-28,0.999849950065025,1.0008775152552525,0.9993966865021688,1.0000187695889864,5854405812.890039,24989526541.39961,0.0003338992064836,0.0003338434745491,-0.3060353386303427,-0.3653342399884429,0.0010416889512097,-6.866911891529358,-0.4149570430034384,-0.0009072618175204653,0.019887564820944448,-0.004924035204264321,0.0004331235568603579,0.00281763193748219,0.0004660212788465401
2023-10-29,1.0000840176261767,1.0011046963896837,0.9994877874550692,1.0011046963896837,3720594051.875858,25004394728.77405,0.0010859064186801,0.0010853172487887,-0.3644796464768507,-0.453311161291701,0.0009510340855121,-6.957960654302872,-0.0910487627735143,0.00048000868659656284,-0.005616207205275003,0.004884517432333091,0.001138952675393458,-0.01795154994890069,-0.006666133290798015
2023-10-30,1.0023260601818464,1.0023260601818464,0.9985509713191396,1.000660239836059,5796705690.192033,25015803566.02108,-0.0004439661058704,-0.0004440646880012,0.5580054177825275,0.4434064248382277,0.0024598094760341,-6.007671380803767,0.9502892734991047,0.0002883939926797746,-0.021492773157564926,0.0012060060283243246,0.000598438308203384,0.009676370404839929,0.005647405364072711
2023-10-31,1.0000199391377531,1.0008528003701362,0.9985621485108288,0.999880686468262,6435471721.235104,24865468697.39336,-0.0007790390152052,-0.000779342623791,0.1101946631728874,0.1045353721761577,0.0016178965823518,-6.426628379352863,-0.4189569985490955,-0.0008896891509435161,-0.1629298474129186,-0.24191297744312568,-0.0008995107323010509,0.019666252179050048,-0.002704180818332347
2023-11-01,1.000375595109358,1.000945535961467,0.9983917812740756,0.9998564109510476,6561707276.976557,24717699477.20657,-2.4278413957690148e-05,-2.427870868315261e-05,0.0196155870477861,0.0194256808174346,0.0017773279607361,-6.33264418818,0.0939841911728631,-0.00036400263914452744,-0.10411725484519962,-0.3194276838390824,-0.0008701427198146321,0.001122032292013131,0.0003123703221827867
2023-11-02,1.0002844517597371,1.0007911337424422,0.9994955778735368,0.9995324756996116,9959186505.804895,24684733190.038643,-0.0003239817716704,-0.0003240342651029,0.5177736655137408,0.4172445674047796,0.0007877277826787,-7.14635798124251,-0.8137137930625107,-0.0008138985871940365,0.00868776181898312,-0.01350376314250834,-0.0004232245304955775,0.020737440873567436,0.003461124361843204
2023-11-03,1.0008769373463948,1.0017718587751256,0.998330395429926,0.999407796528992,7603246993.745852,24475427184.606003,-0.0001247374884265,-0.000124745268794,-0.2365594329100916,-0.2699200000646694,0.0022555953180633,-6.094341341727947,1.0520166395145631,-0.00044231769915104274,-0.017971696273445303,0.027577449871412085,-0.0003523000416446054,0.018231113202574534,0.0003281061029403176
2023-11-04,1.0000052462562825,1.0005839248379051,0.9993591306325454,0.9993591306325454,5994192462.695961,24522007264.59832,-4.869473363688925e-05,-4.869591926392059e-05,-0.2116272866544306,-0.2377843144679546,0.0007672914900377,-7.172643789630904,-1.0783024479029564,-0.0007250889089013472,0.003038762527907579,-0.008134738858569968,-0.0010381285086367394,0.008486753418765147,-0.005719072775442591
2023-11-05,1.0001442880424036,1.0012478972478676,0.9985439245594586,0.9994908714230722,4455036230.24675,24573928455.07278,0.0001318252733062,0.0001318165851184,-0.2567745767303836,-0.296755884223643,0.0018685582475028,-6.282588136121984,0.8900556535089201,-0.0028326173185388138,0.015815761553188423,-0.23305445796292545,-0.000670731352216463,-0.001318484928194863,-0.15539484102885037
2023-11-06,0.9997284920716374,1.001131041920275,0.999357933783016,0.9997109287356264,5217489827.501134,24552149137.67944,0.0002201694070911,0.0002201451733641,0.1711441967806743,0.1579812168984301,0.0012534230978122,-6.681876992218209,-0.3992888560962253,-0.0003090519924962239,-0.012452147801212732,0.09378685241375972,-0.00024177522413031832,0.0077974082150724655,0.003211258841383291
2023-11-07,0.9997702862045984,1.001947174202755,0.9994377273750984,0.99961283183009,7013729174.04287,24412893034.342743,-9.812527073249644e-05,-9.813008533183308e-05,0.3442727069775673,0.2958531284954779,0.0017705157583017,-6.336484385970828,0.3453926062473806,-0.0007627677300288228,0.012431671174841341,0.03523633017808425,-7.074076468272838e-05,0.023884935909535443,0.00043691669951684275
2023-11-08,1.000928000887652,1.0010669322253094,0.999279433912062,1.0009964079335203,7297065223.771333,24365355022.33208,0.0013841119875355,0.0013831549875002,0.040397346789075,0.0396027044055965,0.0012630196189553,-6.674249902119726,-0.3377655161488979,0.0007115005376376943,0.015589092464402654,0.0023067377440559866,0.0012009337840810188,0.0162602159844063,-0.011883167527724225
2023-11-09,0.998029415786268,1.0013606893512623,0.9977676149020112,0.999930587211547,10466406545.647554,24275840643.45949,-0.0010647597868743,-0.0010653270462753,0.434330956992353,0.3606985084305452,0.0022498089251356,-6.096909988533854,0.5773399135858721,-0.0009459682591182365,0.010612828138597763,0.13990082198968423,0.00012256033056460037,0.018688420705029074,0.011801317905691278
2023-11-10,1.000904188578307,1.0012291453305988,0.9993163930504784,0.999607311474006,18571387243.566525,24104799378.83487,-0.000323298178569,-0.0003233504506917,0.7743804583330864,0.5734513244407681,0.0010857907307537,-6.825446773319026,-0.728536784785172,-0.0003980118908447836,0.20561368300494465,0.016670297161408776,-0.0011950532267430414,0.06090789428835208,-0.01168344163453039
2023-11-11,0.999751580507855,1.0010490282125992,0.998122117459348,1.0001951714133623,9469699674.464802,24165873015.37736,0.0005880908758955,0.0005879180182237,-0.4900919597298644,-0.6735248827179569,0.0020520588738616,-6.188911661119453,0.6365351121995735,5.0874736014526745e-05,0.057222722670029924,0.0034571663618274684,0.0007904265474519478,0.02002706159173684,0.006675592720248424
2023-11-12,1.0010499951368668,1.001240184181743,0.99940219110104,1.0000189360108085,6139603722.198114,24227320530.348404,-0.000176201013153,-0.0001762165383753,-0.3516580321175702,-0.4333369936157989,0.0011303987441695,-6.785184837555724,-0.5962731764362719,0.0002904806248374928,0.026600101390226172,-0.0018116433872066295,-0.0002668206157397866,0.007143445461309739,0.0045486032597068515
2023-11-13,0.9997324358267629,1.0011694389214922,0.9988483852460708,0.9990211943774184,7347656139.102502,24171136954.992046,-0.0009977227405014,-0.0009982207971441,0.1967639071780154,0.1796211700109408,0.0015804882548193,-6.450021457643151,0.335163379912573,-0.0007495447819628976,0.03265389971319266,-0.010708164973188161,-0.0010907516030475687,0.016949576707755654,-0.009233807896364965
2023-11-14,0.99927630804624,1.0010347637212382,0.9987530195558028,1.0010347637212382,11363656171.719238,23981108021.868244,0.0020155421678262,0.0020135136879117,0.5465688590467002,0.4360388378851443,0.0011872731127243,-6.736096103279259,-0.2860746456361074,0.00010665816125544921,0.06354202711247581,-0.13866781015786778,0.00100614783751041,0.04024929358794793,0.0014759429302069194
2023-11-15,0.9994708068715622,1.001192490225565,0.9985317525669432,1.000085995551602,11670742255.593924,23928480954.45503,-0.0009477874335845,-0.0009482368680955,0.027023528275955,0.0266648403976831,0.0018424120785389,-6.296679653607092,0.4394164496721666,0.002058520223501627,0.06006113118259293,-0.1457492097573958,0.00011515723382069812,0.025935768406426973,0.008231491736803598
2023-11-16,1.0013779829520033,1.0013779829520033,0.9982521557350988,0.9994558820891306,12454865598.893064,24143644164.431606,-0.000630059280176,-0.0006302578509362,0.0671871013965115,0.0650263097086094,0.0018604429887748,-6.286940653606068,0.0097390000010237,-0.0014480460427957174,0.02615737941689389,-0.03552263777346454,-0.0003645463908916244,0.02130714969014491,-0.0009785592581339486
2023-11-17,1.0004150413684811,1.0025791482351285,0.9986922584662604,1.0001981583755926,11783327188.850008,24144171838.72694,0.0007426803921652,0.0007424047415546,-0.0539177564551752,-0.0554257755011058,0.0027433958050409,-5.898558781030656,0.3883818725754127,0.0004465890981932094,-0.0922649341401609,0.392404521990958,0.00023683020058687236,0.027805891218847023,0.0006284650372245792
2023-11-18,1.002340776667534,1.002340776667534,0.9988926500493508,1.0001939325334857,8968232469.906414,24399361494.16489,-4.2250048868375245e-06,-4.225013812195811e-06,-0.238904909778571,-0.2729969746277339,0.0020399926750394,-6.19480906179941,-0.2962502807687546,-0.0008555305465362325,-0.007166016387913032,-0.04112604192937308,-0.00021961757678692993,0.016825821558583698,6.424302910090773e-05
2023-11-19,1.0002677521728602,1.000950204546601,0.999188266634038,1.0005498477019432,5645962043.173528,24430408451.32641,0.0003558461583106,0.0003557828600822,-0.3704487409175685,-0.4627480005643339,0.0012334030650027,-6.697978210406919,-0.5031691486075092,0.0008172965660018966,-0.007104703286135106,0.0013600214267093236,0.0013397331484312457,-0.001620736056981542,-0.014489184919392883
2023-11-20,0.999115170193732,1.0012511841168557,0.997839919257372,1.0003966554308532,7545492839.026106,24458748124.782425,-0.0001531080849613,-0.0001531198072007,0.3364405891019548,0.2900098030101784,0.0022779339097532,-6.084486426777804,0.6134917836291152,0.001120530729074614,0.0028534147708363378,0.08311066516227061,-0.0005294544464759637,0.011561276034587564,0.012587922535360008
2023-11-21,0.9996846571160304,1.0036544573769624,0.9983685856184882,0.999284111176706,9824792207.655952,24489589988.61662,-0.0011121031324,-0.0011127219779445,0.3020742868962864,0.2639585981466777,0.0037255906236497,-5.592529883034912,0.4919565437428925,-0.00018681199351987853,-0.02241282525843502,0.2256353960561075,-0.0013402231690923102,0.022434130009621356,-0.012598975836186632
2023-11-22,0.9989968232992598,1.0014430292910406,0.9989968232992598,1.0004870508921924,14541933569.191118,24349543913.02729,0.0012038015035282,0.0012030775154653,0.4801263234716904,0.3921274378306922,0.0014602506235619,-6.529147198019821,-0.9366173149849092,-0.0008901020833782162,0.04141991610738671,-0.008749660039632623,0.00011530434045737516,0.02823397108898007,0.014785812371975737
2023-11-23,1.0001847062410398,1.001382413146305,0.9987933463084432,1.0007667497672883,11672357959.051748,24426456761.153805,0.0002795627138267,0.0002795236434528,-0.1973310905654884,-0.2198129670794525,0.0017945210947289,-6.323017092233116,0.2061301057867055,0.000351500702221289,-0.011119488828434498,0.007733362242100306,-3.91253592199392e-06,-0.014594965118600811,-0.014597872855659944
2023-11-24,1.000136572047568,1.001440471841574,0.9979664424139614,1.0012381514794473,8753696477.248543,24501049284.99614,0.000471040541933,0.0004709296371626,-0.2500490039837945,-0.2877474132315025,0.0023600671932969,-6.049065188613922,0.2739519036191931,-0.0011006557155405611,-0.044256542145287625,-0.012642355842516828,0.0010169823217228847,-0.011068365729663299,-0.1530326224784826
2023-11-25,1.0002753607325203,1.000732311827184,0.9990083819411322,0.9999179901030976,7207326388.061737,24714161438.3723,-0.0013185288379183,-0.0013193988619185,-0.1766533821689988,-0.1943780031409815,0.0011987608963098,-6.726466842081254,-0.6774016534673315,-0.0003497295935422577,-0.026652892839866382,0.01265660744426178,-0.0004282782231422119,-0.009065059836181888,0.009628722761867436
2023-11-26,1.0006371238640164,1.002137671435548,0.9991871767704478,1.0007005395806228,3994438239.567575,24694228646.3732,0.0007826136595907,0.0007823075772064,-0.4457808590181251,-0.5901951091094906,0.0020845630960593,-6.17319599194378,0.5532708501374737,0.0015855158165409828,-0.025659813604995918,-0.02822482286288608,0.0008503555109012041,-0.017381429240987956,-0.0060859593134434675
2023-11-27,0.9997836926746853,1.00066283503566,0.9985601754559074,1.000172322542788,8583730703.116106,24561129873.2361,-0.0005278472599365,-0.0005279866203443,1.1489206211998797,0.7649656794257592,0.0014676385998788,-6.524100564467069,-0.3509045725232891,0.00048770031195630235,0.01620784048918722,0.00471039392435646,8.829360007053111e-05,0.01071615169970741,0.008050617285785044
2023-11-28,1.0000284573830027,1.001234844537026,0.9988151990745896,0.9996873869042888,9685718724.297903,24443449948.111725,-0.0004848520875546,-0.0004849696663351,0.1283810104599096,0.1207838712730729,0.0016977185902628,-6.378469934943822,0.1456306295232474,0.0006910182498891751,-0.00215588678071299,-0.3172578187764339,-0.002636021061020606,0.02302862661585081,-0.08419930341753545
2023-11-29,0.9997474433347606,1.0013416528008412,0.9987135919806448,1.000333605849569,8868302108.809275,24558811803.36204,0.0006464210249579,0.0006462121848814,-0.0843940071724395,-0.0881691456787927,0.001822210268955,-6.307705081229527,0.0707648537142953,0.00014886103056827924,-0.09216602615725122,0.01022437514529173,0.0003136112765394776,0.011654361609497954,0.08318725334811283
2023-11-30,0.999418767560538,1.0007066836129586,0.9986737646975672,1.0000518210317335,6904258707.787573,24429182379.8144,-0.0002816908441222,-0.0002817305264403,-0.2214678048767341,-0.2503449332346553,0.0013830292310671,-6.583479090537927,-0.2757740093084004,-8.474303338461683e-05,-0.08461893080615823,0.0003327956514151964,-0.0003237049021016763,0.00176680213960978,-7.197081994547716e-05
2023-12-01,1.0000481250858806,1.0013564050008563,0.9985357309329372,1.00021551862512,9318608067.0136,24540643002.72092,0.0001636891108478,0.0001636757152471,0.3496898742370113,0.2998748432726179,0.0019919121864034,-6.218660203922212,0.3648188866157147,-5.982742339454406e-05,0.01040746954786087,-0.14697012498805861,-6.891590668818346e-05,0.010327740969426458,0.0011180311625027528
2023-12-02,0.9997976265334672,1.001128440137884,0.9990946644143698,1.0008907186972524,7034087789.429613,24554525457.107384,0.0006750545852962,0.0006748268384383,-0.2451568153907907,-0.2812452538106233,0.0012674444362783,-6.670752660715566,-0.4520924567933537,0.00025340125598109764,-0.003180106767789681,-0.0018101872078188919,1.3769181269500522e-05,-0.010961299838740501,5.09025195976065e-05
2023-12-03,1.0002507279591084,1.001101300915321,0.9984226173454844,1.0005165160208636,7336881864.217906,24520096936.89524,-0.0003738696636891,-0.0003739395703763,0.0430466726962539,0.0421459235277612,0.0018873573013092,-6.272577681654422,0.3981749790611442,0.000732713395497902,0.059639894068940436,-0.2275042349131251,0.0005111364298584058,-0.0010041516840182396,-0.0029227884523974623
2023-12-04,1.0013537228506766,1.0013537228506766,0.9987713006715088,1.0008432905341875,12444952790.667036,24464111237.956627,0.0003266058161874,0.0003265524921182,0.6962182328928146,0.5284012041465121,0.0017982252889072,-6.320955051056123,-0.0483773694017015,0.0008144781863985533,0.06474066835128411,-0.005999606921287537,0.000698657530612315,0.0240392224708188,-0.0025537543423457265
2023-12-05,1.0006898689394044,1.0013405757858702,0.9980177583497972,0.9980177583497972,14519046586.423609,24299439344.588547,-0.002823151447498,-0.0028271440558082,0.1666614434497508,0.1541462027741656,0.0016620262823212,-6.399717769002884,-0.07876271794676,-0.0017316203282660252,0.07554547851785287,0.04375425821366896,-0.0017126640979976532,0.036386954381718795,-0.028385219099718917
2023-12-06,1.000143342068164,1.0014389311817613,0.9989441049336836,1.000483808450527,15657808096.158154,24275605286.34591,0.0024709481170026,0.0024679003442639,0.0784322512470874,0.075508367300567,0.0017510397998568,-6.347545496149847,0.0521722728530367,0.0010650928734710233,0.09731849032406004,0.1018908143203312,0.0007134316366100393,0.036398475893999915,0.02814971811874223
2023-12-07,0.9994728137655368,1.0010637625658072,0.9987087737385442,1.0005566188440036,11482676186.915243,24301665228.399925,7.277518422754703e-05,7.277253624229831e-05,-0.2666485553790465,-0.3101302313984195,0.0015231147699885,-6.486997850069517,-0.1394523539196699,0.0005083400612897961,0.060655983767279764,0.03029711120155465,-0.0003711065718410325,0.01518425262000278,0.004174466844013125
2023-12-08,0.9998510068900284,1.0007830997101488,0.9985739315324368,0.9999532830565744,13317840410.14766,24377455637.66471,-0.0006030001461848,-0.0006031820238915,0.1598202538641318,0.1482650395463256,0.0015613270487552,-6.46221914705827,0.0247787030112469,0.00015567591210994977,0.050130160028245996,0.007797371371370154,0.0019258103346091295,0.020099063098314218,-0.041674661226977605
2023-12-09,0.9995639539701956,1.0011287031958034,0.9991013447001384,1.0003751726856809,10070025417.603315,24523334026.346462,0.0004219093394213,0.0004218203607023,-0.2438694932903415,-0.2795412897782607,0.0013417874193007,-6.613752658866366,-0.151533511808096,0.0001244057938995818,0.03644493630726586,0.000289277764977669,-0.0005286777200496802,-0.0013108827519836552,0.02761118902565407
2023-12-10,1.0008180198665422,1.0008180198665422,0.9996841718892148,0.9999546061758396,6997518669.871258,24551178861.45589,-0.0004204087839486,-0.0004204971804974,-0.305114100542491,-0.3640076203377128,0.0005955916734371,-7.425955237377742,-0.8122025785113767,-0.0013982022484794457,-0.004008569024449571,-0.06853082954731438,0.0002030554988870381,-0.039054133813706926,0.002736522086188131
2023-12-11,1.0002616605555,1.0040578918533671,0.9979892018620342,0.999175751753542,10333060239.69786,24406610803.553783,-0.0007788897790833,-0.0007791932713289,0.4766749082340027,0.3897928765702013,0.0042333437483301,-5.464763113953266,1.9611921234244765,-0.0015142192150316143,-0.025313508852946143,0.6162096119082721,-0.0018740324033591001,0.0029665006086005974,0.030900622436021763
2023-12-12,1.0008410353273296,1.0010950760367598,0.9983134335059626,0.999943015954492,10461128747.857536,24127921875.52675,0.00076789713882,0.0007676024566595,0.0123940541513207,0.012317876648394,0.0018867387842554,-6.272905451295332,-0.8081423373420664,-0.00020031746483179064,-0.05051437904846878,0.024276784057085443,0.0002106143057563708,0.014717884489318322,0.03600858106196725
2023-12-13,0.9995065656745964,1.0017809432921645,0.99898829555705,1.0004415201168952,7680972594.207824,24096017401.95877,0.000498532570806,0.0004984083447293,-0.2657606287676265,-0.3089201846876181,0.0018864662775264,-6.273049894401411,-0.0001444431060786,0.0009687479215539161,-0.10741729994733262,-0.009540276064614162,0.001165376620759155,0.0011262336584678678,-0.013338856294256018
2023-12-14,0.9990505084834542,1.001579288232333,0.998792355723191,0.9989818843603036,10511281694.647385,24398453483.413208,-0.0014589915824576,-0.0014600569470412,0.3684831661258472,0.3137029484553449,0.0019698314150428,-6.229807316014485,0.0432425783869261,-0.0008696300609246382,-0.013905590625796549,0.0019498763921133033,-0.0004893010709319603,-0.0028825937885059716,0.011380734754027344
2023-12-15,1.0007301112847162,1.0015018936287148,0.9983358253766548,1.000152910339135,11294474174.967426,24484398881.74085,0.0011722194337699,0.0011715329210128,0.0745097032951618,0.0718644675809764,0.0022100297026408,-6.114749323433818,0.1150579925806667,0.0005890397750602046,-0.029600785424694465,0.004352230809746338,-0.0012241357552426491,-0.0012751267187844917,-0.01282759475672357
2023-12-16,0.999381122930377,1.000842746016525,0.9991131165332152,0.999719553453358,8297558400.866914,24642963598.412148,-0.0004332906311595,-0.0004333845286693,-0.2653435412462799,-0.308352292092321,0.0012048202011815,-6.721424933810253,-0.6066756103764348,-0.0010981713497691251,-0.02667036800090372,-0.009178528369989003,-0.0006954411417652947,-0.014197909184527902,0.010365052124408969
2023-12-17,1.0010998968024545,1.001100453269362,0.9984206906494782,1.0001412166402983,5054832376.475692,24636584388.38864,0.0004217814740983,0.000421692549296,-0.3908048449592627,-0.4956166109790698,0.001799360344479,-6.320324041415111,0.4011008923951422,-0.0001204196581800879,-0.030072644272166826,0.012686190494389571,-0.002196834647393933,-0.02341485285187872,-0.045941037409628294
2023-12-18,1.0005002746666851,1.001150400765202,0.9991466515148696,0.9994286279834448,7538748958.007847,24562388767.230183,-0.0007124880416859,-0.0007127419819175,0.4913944511972088,0.39971155558772,0.0012502992912875,-6.68437232329743,-0.3640482818823196,-0.001412217167043502,-0.04490606702368538,-0.6271551447345614,-0.0008392516453947552,-0.005045942587283747,0.043705149059541704
2023-12-19,0.999425057264114,1.00231028089617,0.9986583666181438,1.0003485453591572,10034838576.474594,24718430306.66989,0.0009204432912517,0.0009200199430842,0.3311013050534517,0.2860066485026687,0.0025164024103529,-5.984925012411237,0.6994473108861934,0.0008420407355159773,-0.007031520625112364,0.1870922948973428,0.0012337061305665831,0.015412095762549427,-0.008371969379124877
2023-12-20,1.0004758673069951,1.00132177599855,0.9967812976697012,0.998553023336616,10509252685.8445,24766412762.879177,-0.0017948964197239,-0.0017965091764124,0.0472767056245537,0.0461931812356047,0.0029829419021873,-5.814845249942468,0.1700797624687693,-0.000498081975926334,0.04575315743666053,0.34541134492068615,-0.0011326319300864077,0.01027485925520466,0.16376606735846444
2023-12-21,1.0004262271278457,1.0021591559225336,0.9987895968626048,0.999301508385984,16299019086.237398,24845076575.797867,0.0007495696591723,0.0007492888721396,0.5509208478916354,0.4388488499402972,0.0022765763986335,-6.085082544062853,-0.2702372941203856,-0.0014285805560716785,0.08757009424645545,-0.02331127534761901,0.00030494454632145365,0.022084477580861517,0.00877639235016936
2023-12-22,1.0008777665994386,1.0014333963022997,0.99785624987637,1.0000221531350997,12806367867.536615,24822701524.99388,0.0007211484652711,0.0007208885626614,-0.2142859763658977,-0.2411623903735408,0.0024738648454115,-6.001973636491342,0.0831089075715114,0.0006412215428077683,0.021665973489863433,0.021235116721190828,-0.0001625362952196824,-0.005872568686648094,0.00048651970396385025
2023-12-23,1.0001364503188543,1.0008291698145242,0.9990790559981088,0.9997364894419474,8513276687.055968,25055667385.47504,-0.0002856573649461,-0.0002856981727827,-0.3352309745344251,-0.4083156287863172,0.0012123479955338,-6.71519630751958,-0.7132226710282383,-0.0013628376422028152,0.0030534055744873,-0.01879829875974437,-0.0004001080055150175,-0.01077859418027316,-0.0009773344739842926
2023-12-24,0.9993071883113634,1.001119072423405,0.9993071883113634,0.9995201154391912,5835008563.512715,25080544350.66728,-0.0002164310346188,-0.0002164544591951,-0.3145989754585836,-0.3777511747347266,0.0012740600819306,-6.66554656287299,0.0496497446465902,-0.0009801493132890766,0.010965891995592614,0.011738123609657869,-0.0007553225699672898,-0.010062708287907896,-0.0030128778827842595
2023-12-25,0.9983263144781208,1.001386590282097,0.9981620244159431,1.001386590282097,7018290638.680995,25065807174.268154,0.0018673709654015,0.0018656295957587,0.2027901180072879,0.1846439562748154,0.0012579612790154,-6.678262900974526,-0.0127163381015362,0.001960737932342358,-0.007302016996813876,-0.03877872513086711,0.0007487088667285637,-0.0006552399431107858,7.323620871346748e-05
2023-12-26,1.0005113683426314,1.0008157909529345,0.9986065410346664,1.0006719172176382,8730580911.66677,24965366456.370937,-0.000713683477884,-0.0007139382711723,0.2439754010112611,0.2183122200147742,0.0015594420818808,-6.463427161509062,0.2148357394654638,0.00019593746427562907,-0.018536416276393908,0.02290621703807627,0.0008880223054492665,0.01628852204509812,-0.0016814844329440248
2023-12-27,1.000428416176387,1.0014364458732132,0.9989143489716112,1.0014364458732132,10962522238.007605,24757593341.00349,0.0007640153005401,0.0007637235894221,0.2556463709486118,0.2276504766103533,0.0016696054463605,-6.395167940131536,0.0682592213775263,0.0010092788528870788,0.006481002373782019,-0.24474358597468981,0.0014069581936538844,0.008082112486754056,-0.00887553516614581
2023-12-28,1.00096479545365,1.0010487742211542,0.9984290970622028,1.0000300135120443,13785830402.917032,24901895105.531384,-0.0014044149950449,-0.0014054021101051,0.2575418415226451,0.2291588960148602,0.0017595269988097,-6.342710256728298,0.0524576834032384,-0.0008473685259730492,-0.036475447183349274,-0.18389991376595383,0.0002826016246926666,0.013778910463461358,0.014083449923601776
2023-12-29,0.9985208568659636,1.0015724710298322,0.9983096807753464,0.9990443943661544,12459961569.83896,24869991645.97035,-0.0009855895648855,-0.0009860755776464,-0.0961762037053294,-0.101120853191716,0.0022841625696865,-6.081755812100312,0.2609544446279859,-0.0010925035263549382,-0.0051335783158457104,-0.06797846423768661,-0.00037466109548091753,0.011916140123606311,-0.0004425160771459602
2023-12-30,1.0010015392197682,1.0010015392197682,0.9985419109063648,1.000479995145389,10295967509.89312,24710187794.41497,0.0014369739596462,0.0014359425005675,-0.1736758213752508,-0.190768114387903,0.0017091958664545,-6.371732272606815,-0.2899764605065034,0.0011729317781281993,0.0261418705306653,-0.006614125150403716,0.00043175605666315723,0.011123879119914193,-0.0003369905013741459
2023-12-31,0.9997927710595756,1.0019052792239307,0.9991725647061293,0.9995570062337144,7407167205.423474,24618647895.045387,-0.0009225460940281,-0.0009229719015808,-0.2805758955332633,-0.3293042419339588,0.001925710653728,-6.252460208601341,0.1192720640054743,0.001231995781233648,0.02250078062240135,0.09714642642802573,-0.00024069797020600752,-0.006253779593169639,0.0009397802193680249
2024-01-01,0.9999306200609652,1.001373427288205,0.9987710290661296,1.001373427288205,6414945379.727518,24501719852.11149,0.0018172260743136,0.001815576916637,-0.1339542902406008,-0.1438175891805553,0.0016070638305938,-6.43334647267094,-0.1808862640695991,0.0008612473612276251,-0.008575334727574102,-0.019290639751718963,0.0011217884675184132,-0.002034101319736692,-0.00885077042132476
2024-01-02,1.0009294450403536,1.0029593279936784,0.998290457319572,1.0014476285086986,7781597690.863714,24710095678.5037,7.409945028635789e-05,7.409670505770397e-05,0.2130419247925452,0.1931311922603803,0.0032836150726313,-5.718810307224356,0.7145361654465843,0.001018257272303662,-0.013638460161278232,0.2646204580248597,9.377431069437668e-05,0.0014614669419259485,0.00920976356209291
2024-01-03,1.0001215223482889,1.0027788146755832,0.9957438134345336,0.999307992516615,11830850709.864544,24786949349.162453,-0.0021365430714234,-0.0021388287357652,0.5203626787022171,0.4189489108060336,0.00495243551623,-5.307875799924574,0.4109345072997818,-0.0016565773687359899,0.012486523295553553,0.434576435298097,-0.0013818781202941195,-0.0020186821472876204,0.12308673217753263
2024-01-04,1.0004305342941704,1.0012435937695283,0.9986694394891868,0.9995220756833454,12906119217.191906,25005972762.70689,0.0002142314164739,0.0002142084722008,0.0908868291635871,0.0869909701813671,0.0017304924709556,-6.359349245689614,-1.0514734457650403,0.001002199587279767,-0.01265124594282696,0.013261320795659337,-0.0006213703545531605,-0.005321519409339004,0.008622928930233975
2024-01-05,0.9998655897438644,1.0014460392860756,0.9978969154138124,1.0002526094544215,9235723848.453823,25128456370.26634,0.0007308830778716,0.000730616112907,-0.2843918692343121,-0.3346225652465435,0.0024988876719184,-5.991909577351854,0.3674396683377603,-0.000748460459962017,-0.047786554186700414,0.0033302122012077717,0.0007799028000103819,-0.021473731606739932,-0.0012481297306399242
2024-01-06,1.000361906188218,1.0008724294379516,0.998772025403417,1.0008724294379516,6800974899.801529,25392401091.97745,0.0006196634506838,0.0006194715385643,-0.2636229697426371,-0.3060130220470056,0.0014512330551888,-6.535341701031436,-0.5434321236795823,0.0010792995078979667,-0.05451641282493824,-0.004538818026531999,0.0010210533031373983,-0.015950175326700844,-0.002449150391745647
2024-01-07,1.0007734714199537,1.0010199413020695,0.9986822024731548,1.0010199413020695,4226545368.0937104,25395494428.59719,0.0001473832826035,0.0001473724227545,-0.3785383080568268,-0.4756810079951566,0.0016461784936122,-6.409298741772833,0.1260429592586032,0.001088803861278259,-0.05233593093483435,-0.00015539948295906214,0.0014555626408637632,-0.03171941956769686,-0.006120705680657146
2024-01-08,1.0020608542016898,1.0022950537152158,0.9953896730285544,0.9989034818863016,8769260992.044373,25339784767.189896,-0.0021143029508632,-0.0021165412448581,1.0748058351020502,0.7298675758595986,0.0044777633644451,-5.408631606229311,1.0006671355435222,-0.0020261331032788645,0.03900051910355273,0.02853143169481598,-0.0019148052001542323,-0.0046217594375335125,0.034667273931495934
2024-01-09,1.0003829705652,1.0020720386729074,0.997403907215486,0.997403907215486,11479079109.531816,25327484646.338734,-0.0015012207866007,-0.001502348747546,0.3090132817287383,0.2692736333459122,0.0027323213949287,-5.902603703296407,-0.493972097067096,-0.0027209834421064675,0.05833660624636394,-0.05084938354114765,-0.0028610948054071947,0.01583430549636944,-0.024732569883301636
2024-01-10,1.0009155737484203,1.0044637130077387,0.9973244446902249,0.9990679405354556,16858170798.242071,25211899385.55984,0.0016683645491375,0.0016669743749998,0.4685995834146355,0.3843092823737745,0.004911267462845,-5.316223231415546,0.5863804718808607,-0.00136293574293401,0.07422466963138774,0.25100134828816323,-0.001773175957353328,0.02261536896959626,0.07451726600284658
2024-01-11,1.0020472316646971,1.0023262382125155,0.9975086657335602,0.9986222331789686,23797220606.67675,25253108603.21837,-0.0004461231698097,-0.0004462227123576,0.4116134479523878,0.3447333395179937,0.0026604541529335,-5.9292584365763945,-0.6130352051608483,-0.0012442975244142153,0.14407990339781662,0.0014745062055183666,-0.0008851607102359124,0.04468919155737794,0.01128163922998393
2024-01-12,1.000227480623941,1.0011228257867957,0.9968361983378764,1.0003369281058814,19035005527.73989,25267628371.943733,0.0017170606360867,0.001715588172771,-0.2001164403880313,-0.2232891123927487,0.003033442165114,-5.798057276162027,0.1312011604143679,-2.4969357616264002e-05,0.11398017858735443,0.007313000020991112,0.001286813927505398,0.03653411888455338,-0.004139558350167327
2024-01-13,0.9996866397024866,1.001315283967564,0.9983153334081292,1.0001572582683305,19126854218.09209,25453365480.300724,-0.0001796093221222,-0.0001796254538081,0.0048252515723385,0.0048136473598286,0.0021014163122909,-6.165143727157193,-0.3670864509951661,-0.0006159265405454566,0.12707261257477853,-0.0017797791804969876,-0.0005725989785876349,0.02685828294210424,0.00628808021402083
2024-01-14,1.000340669414849,1.001407405984586,0.9987702191254956,1.0004693810354357,8933596154.842775,25483206258.099644,0.0003120736909369,0.0003120250060712,-0.5329291449091254,-0.7612743088588272,0.0018628927162385,-6.285624775580947,-0.1204810484237546,-0.0015894626441159375,0.04456245163719075,-0.01021080646403938,0.0010883395637016789,-0.007288366274369906,-0.004046937791545524
2024-01-15,1.0011671026834847,1.0018963139888222,0.9977436818026058,0.9996346103152396,8264693989.114406,25482604213.55473,-0.0008343790784802,-0.0008347273664531,-0.0748749052603824,-0.0778263130571424,0.0027782743270054,-5.885925289703439,0.399699485877508,-0.0007483537065275689,-0.004682899523945849,-0.16612430761702868,-0.0014647488149794985,-0.0001018329268980267,-0.004579455646131159
2024-01-16,1.0007582190465116,1.0021676675900042,0.9988524858287396,0.999413682387304,8267745564.053476,25462953877.10246,-0.0002210086822282,-0.000221033108246,0.0003692302392672,0.000369162090557,0.00218892861369,-6.124343072352762,-0.2384177826493223,-0.0015016444305175564,-0.030329695444869742,-0.011483679342746633,-0.00108663913511663,0.009906733304386961,0.0045969987401619505
2024-01-17,1.000049803514694,1.0013858962500437,0.9963645014586971,0.9991741951081204,9226324879.314272,25473875700.477825,-0.0002396277771697,-0.000239656492493,0.115942043430619,0.1096989302007453,0.0035127292959403,-5.651361966469902,0.4729811058828597,-0.002871284998234309,-0.07599999373157473,-0.3284753730635499,-0.0002510379777369361,0.005164442302227457,0.005274034897251312
2024-01-18,1.000848810538546,1.00307159177238,0.995768470754364,0.9978635268392732,8111501769.282269,25686836700.92084,-0.0013117515196691,-0.0013126126188082,-0.1208306801044339,-0.1287777719797874,0.0048220244187241,-5.334561435211887,0.3168005312580151,-0.0023662134295312494,-0.1770852332034849,0.25922620265132323,-0.002614512793439542,-0.005888062889418677,-0.03284346314746678
2024-01-19,1.0001458078887475,1.0015129077844378,0.9970142126313576,1.0000099854569129,9089495950.695429,25591890795.48604,0.0021510542873919,0.0021487440824426,0.1205688181092139,0.1138364296948004,0.0031822883067103,-5.7501547476680495,-0.4155933124561626,0.0003233948121692246,-0.13106136120141798,0.041482127054744744,-0.00041615091180743615,-0.004368763733509695,0.03232614376690268
2024-01-20,1.0003096265437994,1.002522091980983,0.9992419789198382,0.9992419789198382,5545711096.522988,25694060457.31395,-0.000767998868255,-0.0007682939304671,-0.3898769385447945,-0.494094602071075,0.0022202656492301,-6.110128428441461,-0.3599736807734119,-0.0010989199236079294,-0.21223979656108583,-0.008056324750507216,-0.001635690111029574,-0.03372393118891637,-0.01189733557002004
2024-01-21,1.0001497446407794,1.001033349918094,0.998774594215825,1.001031553060379,2318822123.534179,25754975450.76962,0.0017909317045259,0.001789329898539,-0.5818710922413506,-0.8719655022332435,0.001500485986146,-6.501966232583586,-0.3918378041421242,-0.00013540077346857127,-0.12235022780054905,0.008680840402215395,0.0008945803647741305,-0.0340236427145868,0.008942265073792477
2024-01-22,1.00031838277386,1.0019874566508378,0.9972616442563684,0.9977221673761466,4378889469.5894165,25679140324.962067,-0.0033059753951959,-0.0033114522059852,0.8884111140510567,0.635735795105347,0.0029268100790763,-5.833842159241482,0.6681240733421037,-0.0030383625745216765,-0.07953645626933081,-0.07155324586654022,-0.001587379037295628,-0.013737471897531606,-0.00819361552151232
2024-01-23,1.0006340237813895,1.0028033808481245,0.9965190325373467,1.0015206468945326,7564116113.690677,25634535544.13248,0.0038071515724416,0.0037999227126612,0.7274051254826308,0.5466203550256938,0.0044110113096076,-5.423651293907135,0.4101908653343473,0.001469689607266197,-0.015103949998984234,0.05581062038354112,0.0031945795800518363,0.005768341482387029,-0.03835885057214572
2024-01-24,1.0010263864535631,1.003410503653965,0.9983538109064518,1.0005646390220555,6722786849.4683695,25737553972.63972,-0.0009545563293591,-0.0009550122083833,-0.1112263814538149,-0.1179127232009913,0.0035609502644519,-5.637727841520356,-0.2140765476132218,-0.0002839708291783271,-0.05566946203106937,0.060534777852744526,5.324203502579008e-05,-0.0009834529077004106,0.05030726095040006
2024-01-25,0.9992477784410304,1.0013221557970649,0.9991156654458792,1.001158697797103,5240050007.2429085,25860205719.45196,0.000593723535571,0.0005935473514857,-0.220553897576377,-0.2491717366546765,0.001011539066948,-6.89628227931633,-1.258554437795974,0.001012229765098151,-0.0679161801120216,-0.11162567659693057,0.0007297025925295911,-0.011690461393303764,-0.002490655500708705
2024-01-26,1.0009794080708,1.0025104222324894,0.9971264942976638,1.0002038814949306,5105733465.721828,26011459942.09393,-0.0009537112390606,-0.0009541663109855,-0.0256326831490968,-0.0259669244087245,0.0037771172872711,-5.578794182710083,1.3174880966062474,-0.00010571790547016783,-0.10258455501524821,0.008312650293647472,-0.0007604696237303596,-0.019927868367542345,-0.00021619129450378693
2024-01-27,1.000369584919731,1.0008788458083502,0.9975302295329124,0.9999878181823852,4303656866.38302,26100408231.293884,-0.0002160192702135,-0.0002160426057367,-0.1570933157250921,-0.1708990219177152,0.0023578116267177,-6.050021366946222,-0.4712271842361391,-0.00016191532198356058,-0.03426211339326457,-0.00012236266606002744,0.001468056254347755,-0.03312972405151626,-0.007493029802891904
2024-01-28,0.9997236383785644,1.0019083092243506,0.9983252279167408,1.0004715016144945,3058046518.228115,26140988007.028107,0.0004836893243242,0.0004835723843499,-0.2894306834461387,-0.3416887759589702,0.0024903290169571,-5.995340441910483,0.0546809250357389,0.0001530583917164462,0.0205326408380202,2.269830199264078e-05,-0.0005296475214510455,-0.033970015517233776,0.008895544221220852
2024-01-29,1.0004725794269576,1.0023693544101984,0.99736033504457,1.0002019796102657,4039218769.686832,26164519340.6875,-0.0002693949840588,-0.0002694312774058,0.3208493545177413,0.2782749800650635,0.0035384056739709,-5.644079027870033,0.3512614140404499,-0.00043186365809730305,-0.009382344734397918,-0.0013286231884066524,0.00040920963043848994,-0.023263081106925654,0.0005315249261474975
2024-01-30,1.0005290639659652,1.0018706784621656,0.9977290155587324,0.9988121434920784,5494541847.698728,26461360039.507584,-0.0013895554563178,-0.0013905217837816,0.3602981568945149,0.3077039087305886,0.0027277589506159,-5.904274904116177,-0.2601958762461436,-0.0022144226477832716,-0.05914992415628362,-0.14151897614847897,-0.0011191802227171613,-0.0072206573832325205,-0.005124224929369703
2024-01-31,1.001466982329032,1.001466982329032,0.9971126792223328,1.000134908049013,6809068279.043428,26758278139.8157,0.0013243376800664,0.0013234615183916,0.2392422276108903,0.2145000860496873,0.0029680185770405,-5.819860694585888,0.0844142095302888,0.0008874035693053374,0.002537155049179063,-0.11166113943045008,-0.000794114424024573,0.0014921872424906724,0.0029434400174075392
2024-02-01,0.9997635529090022,1.0016073328943322,0.998812012180202,1.0008278204501986,6734445296.096698,26799225202.280983,0.0006928189343349,0.00069257904609,-0.0109593530111015,-0.011019849125204,0.0018622546818578,-6.285967330824421,-0.4661066362385329,-0.00015145076781774007,0.04295206421750919,0.010243252884303722,0.0007059630307839706,-0.003969531453918762,0.0006235860329129039
2024-02-02,1.0004295515132098,1.0012092236916434,0.9990273864463978,0.9996135443691664,5068963796.129114,26880000973.52416,-0.001213271709899,-0.0012140083198857,-0.247307896454798,-0.2840990278360555,0.0014568582028027,-6.531473077848426,-0.2455057470240049,-0.0007560469641026269,-0.0010349978959176553,-0.0341588177608152,-0.0008169719649291105,-0.026019401883651483,-0.0007973853937075503
2024-02-03,1.0001853821545512,1.000465105011325,0.9996617144785352,1.0003083183256571,3794889429.776996,27053042896.234825,0.0006950425596015,0.0006948011293847,-0.251348089588854,-0.289481142593549,0.000562887185465,-7.482431330960318,-0.9509582531118924,0.0005846706216752047,-0.014431912718318785,0.003251901486025943,0.000442690095333153,-0.03616582178808869,0.002220564672597014
2024-02-04,1.0002610716929312,1.0007493233632474,0.9988723698013802,0.9990217240919982,2233894709.1705403,27077500318.306072,-0.0012861976753452,-0.0012870255375143,-0.4113412918853307,-0.529908706201737,0.001080915187469,-6.829947200878459,0.6524841300818585,-0.0014512225286530756,-0.02382942931214771,-0.025528600676414825,-0.001340595448154373,-0.028709732602063553,-0.007582050911091542
2024-02-05,0.9998195148309514,1.0018425871464616,0.9971124208095048,0.999949086230514,3736032536.977372,27107158714.56013,0.0009282702429305,0.0009278396665487,0.6724300038136468,0.514277660911961,0.0033455181117338,-5.700133705996112,1.129813494882347,-0.0005798391266046761,-0.008911160568519705,-0.07480377608746114,-0.0008240875107265525,-0.012831351981759553,0.00530636337098489
2024-02-06,1.000430213145017,1.0019780631885826,0.9996563163339826,0.999805657168432,4681091838.647901,27081360062.7757,-0.0001434363649681,-0.0001434466529473,0.2529579954983814,0.2255071522062729,0.0015938038105344,-6.441631786154885,-0.7414980801587729,-0.001660269080215507,-0.02430860209927488,-0.019058273980960827,-0.0022530952733156085,0.001913383903861643,-0.021202480158789783
2024-02-07,0.9999701274410304,1.0010118592308843,0.9979704481800952,1.0006568900399535,5214313686.560391,27352817717.25714,0.0008513983346847,0.0008510361007115,0.1139097172822203,0.1078760944885738,0.0021089640681043,-6.161558415039686,0.2800733711151997,0.000893149431146641,-0.049442950725527623,0.033908962331400616,0.00027377713143766365,-0.01506289100694147,-0.018816431969989722
2024-02-08,1.0005757016434342,1.0014278632020033,0.9980373770879354,0.998981523434988,6662005907.328612,27553963512.67454,-0.001674266795783,-0.0016756699468196,0.2776381145805571,0.2450131504265187,0.00218371669332,-6.126726948689545,0.0348314663501403,-0.0014484548470608527,-0.002304975725152758,-0.022251506477763527,-0.0019341504311259788,-0.02077962992812843,-0.01910937190545514
2024-02-09,0.999892510306818,1.0032379576429868,0.9978212710774866,1.0004640315387754,7581327452.462485,27769933092.81701,0.0014840195429137,0.0014829194741264,0.1379947057871209,0.1292676834851637,0.0038116477505943,-5.569693702865292,0.5570332458242531,0.00027855893603217255,0.07699255171901243,0.2642669892216798,-0.001581215032223219,-0.041276909667939066,-0.12589800377732807
2024-02-10,0.9997451966873132,1.0010440225705843,0.998409732941028,0.9997800623012952,6512165903.70584,27944088184.857365,-0.0006836520013899,-0.0006838857979825,-0.1410256390402147,-0.1520162049872338,0.00186310795193,-6.285509243829371,-0.715815540964079,-0.00048099950819433185,0.07709736707567671,-0.0015886296501861352,-0.00044741664269440276,-0.08177252184719919,0.015478696232209543
2024-02-11,0.9997631134758436,1.00276511830617,0.997875299878182,0.9998327993034511,4240380222.16207,27952781450.50708,5.274860356241362e-05,5.274721240374563e-05,-0.348852550001986,-0.4290191647274958,0.0034562523685722,-5.667570407392666,0.6179388364367053,1.3286782313201744e-05,0.05334247489136956,0.0023865739228403626,0.000146194728966953,-0.07572838870901677,0.0011834912713162282
2024-02-12,1.0006401400966158,1.002295761637426,0.9987418774501116,0.9993492075820922,4978686376.450096,27845607597.975204,-0.0004836725917531,-0.0004837895990715,0.1741131963660516,0.1605131361497207,0.0023800720223858,-6.040624530249958,-0.3730541228572921,-0.0010811249050901512,0.03166370908697402,-0.1389825296107965,-0.00099161567541441,-0.07821244402030914,-0.0064000274672713076
2024-02-13,0.9997098337098012,1.0021571096023651,0.996593187123634,0.998433346597183,7485787074.941121,27841354086.79933,-0.000916457408442,-0.000916877612285,0.5035667059387336,0.4078400895648389,0.003855833568152,-5.558168064951627,0.4824564652983305,-0.001538008882336701,0.06798201292306416,0.1994760598770906,-0.0027343040360991704,-0.008359788599005213,-0.04548615812217793
2024-02-14,1.001724367567744,1.0026461851609645,0.9972791241399798,1.0011348888236082,7113792177.885246,27974303724.00376,0.0027057812478243,0.0027021272116082,-0.0496934915903684,-0.0509707059935907,0.0037775611666306,-5.578676671590933,-0.0205086066393054,0.0005587093332903493,0.04354852832176803,0.01839414975250886,0.00037631358044132123,-0.006695638077800936,0.051090661662406056
2024-02-15,0.9993065217660508,1.0005292548877618,0.9973927030221068,0.9999391223495104,7309706517.765088,28031741045.588345,-0.0011944109504593,-0.0011951248277171,0.0275400707500119,0.0271676649246874,0.0021850673628661,-6.126108621222784,-0.5474319496318509,4.6615967004066157e-05,0.014426297600131477,0.0027190467913422722,-0.00011068177814918168,-0.005608010941873687,0.000855828099015632
2024-02-16,0.9994775213723393,1.0012489069319068,0.9983684833100266,1.0003516193354918,6904504245.22977,28085079537.28856,0.0004125220993576,0.0004124370355093,-0.0554334529779736,-0.057029137114399,0.0019633685152118,-6.233093650684561,-0.1069850294617769,0.0006063933124667271,-0.015079862901657748,-0.07730387678570683,-0.0004968929707009174,-0.013723002631653713,-0.001553492253746569
2024-02-17,0.9993759098715292,1.0015392496144258,0.9989507460990956,1.0007468903235566,5180592813.619112,28112832465.17997,0.0003951320519952,0.0003950540078838,-0.2496792485574449,-0.2872544952858538,0.0016194298089793,-6.425681161459589,-0.1925875107750281,0.0009835261259849815,-0.030348643536679987,-0.006160069973843996,0.0006008142799736914,-0.01759630635325138,-0.10506544286825648
2024-02-18,0.9990092280489812,1.0009281631052631,0.9984893489992211,0.999469238410314,4152897236.7576537,28091418649.54342,-0.0012766983595916,-0.0012775140332624,-0.1983741270226409,-0.221113272504055,0.0017011099334353,-6.376474338946959,0.0492068225126294,-0.0011708377878193127,-0.0020264907854858905,-0.02415321003865767,-0.0008404811128715658,-0.03035629149559682,-0.002834061193464521
2024-02-19,1.0006173128223677,1.0019439504296692,0.9983270723555936,1.0013767769612472,4562854210.278835,28051960802.29872,0.0019085515367809,0.0019067325663281,0.0987158964331254,0.0941421310218935,0.0025133204936684,-5.98615049426341,0.3903238446835493,0.0016660384694320131,-0.00968905660439745,-0.015477453497485527,0.0012260966426799883,-0.006155389989331184,-0.006600079669202508
2024-02-20,0.9996163729275022,1.001661930985604,0.998364866668128,1.000305093578848,6457722522.929378,27980561422.68571,-0.0010702099420073,-0.0010707830255836,0.4152813623503317,0.3473283539790325,0.0022917096180112,-6.078457181868331,-0.0923066876049212,-0.0014178355056194741,-0.02436517505134006,-0.1181947462008317,-1.328505355376914e-05,0.025668576973647106,0.01237725664592837
2024-02-21,1.0001875224274883,1.0013892375780502,0.9967179550770874,1.0004750382427317,7954075379.25212,28015887646.38503,0.0001698928306719,0.0001698784005193,0.2317152604512899,0.2084077186354762,0.0033014010112837,-5.713408351731226,0.3650488301371055,0.0011686442489903333,0.01995883515358443,-0.01796639619185747,-0.00015889742544223105,0.021654236048263442,-0.0002039564767057911
2024-02-22,1.0008519781494791,1.0025012784072571,0.998464969968072,1.000217126963911,8035005372.953588,28030244690.35293,-0.0002577888192728,-0.000257822052522,0.0101746576242627,0.0101232442436402,0.0028253363497841,-5.869127859600547,-0.1557195078693212,0.0007397185624435932,0.016913048960891075,0.11437328398235191,-0.000808756683868703,0.002817457682635194,-0.01611677244317722
2024-02-23,1.0005908060606956,1.0019917324596082,0.9962238085982876,0.9994361428915426,6902976053.619726,28032156990.615177,-0.0007808145364788,-0.000781119530922,-0.1408871888430036,-0.1518550371492362,0.0040186162621013,-5.516817649013855,0.3523102105866922,6.0268818119641246e-05,-3.533645290687559e-05,0.08855559715758776,0.0001884884839061588,0.0010760242233338602,0.03392217029828526
2024-02-24,0.9983778529017016,1.0022133007049,0.9983778529017016,1.0001080044233173,4519927276.554388,28146515472.33216,0.0006722405794039,0.0006720147269181,-0.3452204901994024,-0.4234567262768521,0.0024885548768738,-5.99605310771921,-0.4792354587053555,0.0010992616812390854,-0.015394766645481894,-0.011936907611181269,-0.0008709301723887615,-0.004307260516508649,-0.0057093097337750365
2024-02-25,0.9993245953622232,1.000886764165917,0.9959425820267036,1.000886764165917,3425502603.9694552,28171105681.8736,0.0007786756421859,0.0007783726315958,-0.2421332480860687,-0.2772476978242211,0.0033643515462934,-5.694520039866086,0.301533067853124,0.00026924885967017715,-0.017228382046443613,0.05528792276041905,0.0005168545828079452,-0.010122679366400433,0.043499382749805804
2024-02-26,0.9994054119723748,1.001990945533376,0.9977205690161448,0.999564404561928,4950353326.825333,28210743777.31318,-0.0013211880217948,-0.0013220615601796,0.4451465665473113,0.3682107465572546,0.0030184336102992,-5.803017254238581,-0.1084972143724947,-5.1989661136227273e-05,0.00921486687738593,0.0006261853060518519,-0.0001592905209785312,0.003908211333900624,0.0017570321696203095
2024-02-27,0.9991893791419076,1.002097802985626,0.9917412702073496,0.998712636837366,9591846179.689177,28501909855.03745,-0.0008521389123847,-0.0008525021891372,0.9376083981141684,0.6614544280941311,0.007339878071949,-4.914433047944766,0.8885842062938147,-0.0014756973738173189,0.07156524467401937,0.48990265633890484,-0.0017606603229299777,0.03865224522816035,0.4480161476204385
2024-02-28,1.0006241064958006,1.006401196723668,0.9992825335459324,0.999589986257303,9280044810.663565,28601990916.76338,0.0008784803431698,0.0008780947051469,-0.0325069192295696,-0.0330470057622432,0.0049780997068523,-5.302707045737057,-0.3882739977922904,-0.0012617132434194092,0.028800698557013504,0.31174842415085546,-0.00093902188228342,0.029958551057738703,0.24899337480702677
2024-02-29,1.000440647554157,1.0020539078813744,0.985203289606408,1.0013041985134976,13492434592.584206,28633006416.770386,0.0017149153950741,0.0017134466066601,0.4539191208516844,0.37426275229024,0.0119798810704065,-4.424526613689135,0.8781804320479214,0.0007127171818403503,0.11050979502858382,0.374512963404495,-0.00016255857628678436,0.04405606316491628,0.37364388563712314
2024-03-01,0.9988556322506584,1.0051927063549686,0.9970775054834564,0.999713396742619,9765824418.988312,28810474229.5012,-0.0015887297518978,-0.0015899931212891,-0.2761999806650266,-0.3232401411393517,0.0057069561321199,-5.166069474136628,-0.7415428604474927,0.0013368198675107084,0.05342952918546828,-0.0010924667907570296,-5.016928692520862e-05,0.015807999068794487,2.038007675153608e-05
2024-03-02,0.9989897837999976,1.0014953907051476,0.9983187079709048,1.0000866699839392,7087008934.32347,29018032879.670963,0.000373380253317,0.0003733105642567,-0.2743051041810921,-0.3206256061816371,0.002140420502449,-6.146752972779756,-0.9806834986431276,0.0007622990545544312,0.0455967036776066,0.001030069048066018,-0.0003427930540562918,0.0018683790783846632,-9.802814015724692e-05
2024-03-03,1.0000099046441098,1.0006812687102398,0.9984302023059028,1.0000896820351846,5214898960.42368,29004049035.981834,3.011790213447441e-06,3.011785678016402e-06,-0.2641608034149462,-0.3067436670248689,0.0015916804154985,-6.442964955745324,-0.296211982965568,0.000684442879178341,0.03059678449293557,9.60989517562183e-05,-9.56869594117438e-05,0.0007723498261498207,9.23689381258086e-05
2024-03-04,1.0006928975223517,1.0032272438976264,0.9968415085170798,1.0005359850822984,7467458432.628055,28908514458.460392,0.0004462630253374,0.0004461634796081,0.4319469062198986,0.3590349911890155,0.0045142048627478,-5.400526217755758,1.042438737989566,0.0013467910824423498,0.041514290745258364,-0.0011490476050726173,0.0002748038739523504,0.019242926203471455,-5.657065557951313e-05
2024-03-05,1.0011928067092877,1.002545947266141,0.9966300208315262,0.9990212313388164,12564270583.478191,28894786238.92956,-0.0015139422929975,-0.0015150894616083,0.6825363939865139,0.5203024132011751,0.0039613569087806,-5.531168658675654,-0.130642440919896,-0.0016031597903441877,0.04690281812723285,-0.00064707052514823,-0.0007987465095521224,0.05222231800573951,-0.0004797513683003629
2024-03-06,1.0028504598140542,1.00560868439836,0.994834001889908,1.0000822471306683,17690460426.334072,28975099595.4911,0.0010620552982942,0.0010614917165673,0.407997408906231,0.3421684174686965,0.0074209709592121,-4.9034453733272025,0.6277232853484511,-0.0003583067489757518,0.12190469121907199,-0.035630301103872775,-0.00034787688131655945,0.06647326805236986,0.00044095947420963455
2024-03-07,1.000196292717382,1.002578669001027,0.9982162399875522,1.0011026050424292,10899082342.83519,29178759187.910423,0.001020273997152,0.0010197538713879,-0.3839005836947701,-0.4843469383647066,0.0030316617463346,-5.798644378660707,-0.8951990053335042,0.0022470206580360746,-0.03602984346630933,-0.6604300495267896,0.0011318706251099327,0.028254054799056405,-0.0009900691588349275
2024-03-08,0.999036602769996,1.002317457269719,0.9967863121898388,0.9967863121898388,9043183114.079906,29479736305.571747,-0.0043115389280277,-0.004320860414943,-0.1702803199734801,-0.1866673701445793,0.003653253505579,-5.612137137031787,0.1865072416289193,-0.002208135982693955,-0.010275436752621658,0.0005963835164495279,-0.0037943987858142718,0.017009115204658087,-0.01133235111436548
2024-03-09,1.0006662340302368,1.0009487568607514,0.9984932049755864,1.000433538555799,8657752794.212004,29973416859.01605,0.0036589852021016,0.0036523074001089,-0.0426210898314999,-0.0435560305006337,0.0017307974785757,-6.359173006411593,-0.7470358693798058,0.00042354001005331,0.02220169421685725,0.015902768361567787,0.0005409400757254929,0.008752385483742131,0.01217609788782159
2024-03-10,1.0003208094540164,1.001533047767153,0.9984515303246182,0.9988463548423536,5831916788.821155,30093470863.127304,-0.0015864959063013,-0.0015877557235712,-0.3263937042970336,-0.3951094697453122,0.001976725870698,-6.22631340363987,0.132859602771723,-0.0018469686981529869,0.008588159707944243,-0.01088909037370911,-0.0008994753378925928,-0.0076679201147449305,-0.0004406294150047785
2024-03-11,1.0009186593839312,1.0038507316928822,0.9985866170454636,0.9995537864290684,9917336494.210674,30208500494.18364,0.0007082486543452,0.0007079979646271,0.7005277772859537,0.5309386601073292,0.0036197412278595,-5.621352739716268,0.6049606639236025,-0.0016384090343943881,0.03338971020578896,0.002469889021644356,-0.0002093985676307343,0.014871592896344765,0.0006527415921793178
2024-03-12,0.99945588544594,1.0028288893455513,0.9974463511529684,0.9997350589436996,11975719039.5221,30398431962.335884,0.0001813534369958,0.0001813369944492,0.207553968397969,0.1885967998712693,0.0038015537628238,-5.572345410866814,0.0490073288494539,-0.0031113811165042887,-0.007920290468312885,-0.024294171612181614,-0.0009049114537233075,0.03298304664699714,-0.0006611143244663609
2024-03-13,0.9996802663286803,1.0028289711179297,0.9981624210157336,1.000848100874502,12435194318.33745,30503728319.498905,0.0011133368994564,0.0011127175995476,0.038367239353144,0.0376495173108584,0.0032173021556573,-5.73921211046776,-0.1668666996009458,0.0006514679856782116,-0.07364899924818502,-0.39221815249199476,0.0011379498367476983,0.030796396758002942,-0.0004065326026259086
2024-03-14,0.999109225979732,1.0021390155040792,0.9957988190432164,1.002130035564721,10790708938.384754,30732040719.300938,0.0012808484015693,0.0012800288150249,-0.1322444457122531,-0.141845223468163,0.0040767638287109,-5.50245178453666,0.2367603259310993,0.0030916318505752123,-0.001577350300927094,0.07419198738979915,0.0004048877023047128,0.013352199345060711,0.0009652666835062718
2024-03-15,0.9985339617243728,1.0044734969294349,0.9951608267320045,1.00130762857476,16451001246.0578,30539348351.48939,-0.0008206589571956,-0.0008209958821038,0.5245524033678854,0.4217008609897906,0.0063566560658604,-5.058252815706782,0.4441989688298786,0.000640762178217033,0.10247011374820048,0.20408402177126828,0.0020004931742912254,0.036787455038229666,-0.003283232743564568
2024-03-16,0.999093666409866,1.0015079723687283,0.9964877657290766,0.9968631343513116,12809493613.725107,30883764205.85464,-0.0044386900654842,-0.0044485702979328,-0.2213547721422316,-0.2501997567980684,0.0032706067854126,-5.722779749999074,-0.6645269342922919,-0.0034625539305129754,0.053147647965676725,-0.05462120575595453,-0.002619180757666075,0.021051614756409265,-0.002459060486659226
2024-03-17,1.0069556630291734,1.0069556630291734,0.9960426225334436,0.9988194333846102,11845014554.43157,30868453711.75405,0.0019624549909469,0.0019605318917372,-0.0752940817473157,-0.078279518232279,0.0058262357551392,-5.145384155225308,0.5773955947737655,-0.002099501707760321,0.07228871040192075,0.27908425208645227,-0.0005569790793310008,0.018540262481181458,0.031174755112581387
2024-03-18,1.0008624930908476,1.0021900208248975,0.9966763484450024,1.000275325983375,11274962374.647814,30890469811.68622,0.0014576134084929,0.0014565521212411,-0.0481259163645757,-0.04932251802741,0.0038838879320678,-5.550918582710869,-0.405534427485561,0.0008195507262348508,0.015622580354317961,0.010545731162524774,0.0012665511781115785,0.022406729100200806,-0.0010496442066072476
2024-03-19,0.9981823590220508,1.0052206710959788,0.9973407745212608,0.999757195382726,13474785582.00288,31177878923.715263,-0.0005179879850976,-0.0005181221872193,0.1951069222458297,0.178235656063556,0.0054778922723993,-5.207034873833094,0.3438837088777751,7.695069794061149e-05,0.016971299724641398,0.00185596260067733,-0.0008599564622725942,0.03333031449422208,0.0007016369764487607
2024-03-20,0.9988267360381144,1.006029660905777,0.9910997964280828,1.0012993880160044,13987349649.001728,31286885860.043903,0.0015425671757109,0.0015413786410712,0.0380387549679035,0.0373331202393039,0.010460100051764,-4.560187255212901,0.6468476186201935,0.0021897155371903483,0.01727399991069234,0.29052669578548684,0.0016822452181719392,0.03260445433109638,-0.0016980509140864797
2024-03-21,1.0004404678370653,1.0022653169107705,0.9954027151132552,1.0011684834176289,12697274996.656729,31544039543.053818,-0.0001307347232428,-0.0001307432697716,-0.0922315295404853,-0.0967659213766445,0.0048371930266921,-5.3314206796542525,-0.7712334244413519,0.0026349152334115564,0.02081783726944053,-0.0033541619661647815,0.0009802964248565409,0.02101551729641571,0.0015184351322581335
2024-03-22,0.999700746782914,1.0026124403969263,0.9965281144313242,1.0026124403969263,9687327390.65285,31867252035.78008,0.0014422717087221,0.0014412326338467,-0.2370546126469197,-0.2705688264676618,0.0039061635527123,-5.545199575230076,-0.2137788955758237,0.003515778464816453,-0.07589803465100076,-0.008561862371023743,0.0017574184839542295,0.00576025173220529,-0.0017288734434872666
2024-03-23,1.002141705738248,1.002141705738248,0.998237509365484,0.9994144888563294,7718923319.939397,32032943029.60752,-0.0031896188514585,-0.0031947165283175,-0.2031937180746812,-0.2271436888004085,0.0021794083883667,-6.128701820494896,-0.5835022452648202,-0.007517266619948597,-0.061181083869723096,-0.07583973431722146,-0.0011763142257637425,-0.0010479894571737702,0.001385828237871145
2024-03-24,0.9972682610338742,1.0032507088417562,0.9972682610338742,1.0032507088417562,4624257074.323374,32037692688.85196,0.0038384674508937,0.0038311193323813,-0.4009194180776393,-0.5123591624983941,0.0020167800476094,-6.20625307523278,-0.0775512547378838,0.0023833153527113428,-0.0937531158450291,0.025535314287330024,0.004868900913576985,-0.007587908497605156,-0.018457240335276737
2024-03-25,0.9999453523411092,1.0068768448835808,0.998864562769051,0.9995691345429408,6555632971.245691,32153841148.15684,-0.0036696453502291,-0.0036763950163742,0.4176618786283457,0.3490089501899798,0.0056445079672635,-5.177072247754497,1.0291808274782834,0.0013883365855117222,-0.06639545267644564,0.06168969139966052,0.0002446745199898259,0.0067814355738953225,0.01953074865016191
2024-03-26,1.0005787909745587,1.0011484761950855,0.9970842441545306,0.9993075643776972,8764612439.813793,32236397662.760155,-0.0002616829153725,-0.0002617171603209,0.3369589905745371,0.2903976249302691,0.0027657367512981,-5.890448223335266,-0.7133759755807692,0.00048127730830079153,-0.07097631208083754,0.0026351956057588666,-9.791060138554728e-05,0.017570446805837747,4.072590638415363e-05
2024-03-27,0.9990383001962104,1.0032247877460818,0.9978685682553688,0.998047920305849,8931504602.300974,32238642080.02755,-0.0012605168986513,-0.001261312018322,0.0190415906730869,0.0188625685922507,0.0037348275712654,-5.590053627121541,0.3003945962137253,-0.0023943583444780217,-0.08224522746871088,-0.3374136398036711,-0.0011430378960516955,0.01290351016588076,-0.0010515861095443668
2024-03-28,1.0006197577984557,1.0018163131288087,0.9963077477620192,1.0002758108879095,9392038196.216496,32202899860.02392,0.002232248108265,0.0022297603439735,0.0515628233340301,0.0502774607705756,0.0038929510418817,-5.548587786368742,0.0414658407527985,0.0005750708613437906,-0.0576719137896653,-0.06661268356244676,-0.0003481389632563776,-0.0006436545394521431,0.0009611745016986362
2024-03-29,0.999791075754087,1.0016601002570165,0.9981044705253042,0.9993483934163824,7176903519.489405,32451758777.1393,-0.0009271617502215,-0.0009275918305336,-0.2358523922549036,-0.2689943046222395,0.0024993972880644,-5.99170566094781,-0.4431178745790678,-0.0027912345273163573,-0.04613949791920291,-0.026637069066184793,-0.0010923694689890073,-0.006800236875296406,-0.0008692496689794993
2024-03-30,0.9998857912900128,1.0012010454767095,0.9986849887422892,1.000142003127766,6076209074.79488,32462220959.42621,0.0007941271698757,0.0007938120177309,-0.1533662033640983,-0.1664870312622739,0.0017720828003515,-6.335599700830234,-0.3438940398824242,0.0028774700203513396,-0.03138651434451134,-0.0017959754857761467,0.0012870160843657956,-0.024355327073600108,-0.32073665075327096
2024-03-31,1.0006814172750655,1.0013653056099188,0.9975305734984788,1.0013653056099188,4838180916.655681,32437743320.68951,0.0012231287940385,0.0012223813814076,-0.203750092022795,-0.2278421876659998,0.0026796317259433,-5.922075909594568,0.4135237912356659,0.0014190235798122314,0.00414355876674577,0.02254688845490982,0.002375101239986285,-0.01651700999600081,-0.0061796417849260266
2024-04-01,0.9992826164244326,1.0017626392038466,0.9965889872041498,0.9985470116066372,6650371339.6437845,32462426069.25397,-0.0028144514169731,-0.002818419432302,0.3745602849925573,0.318133887241249,0.0036326301163688,-5.617798343101114,0.3042775664934538,-0.0020326685442843624,0.0018295463650090937,-0.44959899314354246,-0.0014639495996774739,-0.0014768129199396185,0.005428869146776982
2024-04-02,0.9985365283304778,1.0022175739723709,0.9969795444040712,1.0010018436109718,10696895161.74944,32708995183.5848,0.0024584040368664,0.0024553871052085,0.6084658458067997,0.4752808339040854,0.0033735237018622,-5.691797472024866,-0.0739991289237513,0.0019635046343312594,0.036603149216144715,0.002384138604577757,0.0003086845208959644,0.018385075928069483,0.0031511621673940837
2024-04-03,1.0005562892580289,1.0035223337088657,0.9975890080316052,1.0004582528267654,10672758439.92186,32901196591.93851,-0.0005430467363032,-0.0005431942395853,-0.0022564231454645,-0.0022589727041478,0.0041927348043621,-5.4744020600242935,0.2173954120005721,-0.00016141796689923593,0.03187468884107858,0.07389768170923094,-0.0007339480195580275,0.010595134990818877,-0.0006805924338699754
2024-04-04,0.9997542196599714,1.0080094525723715,0.9969866276304444,1.000055713436102,10617951807.916708,32930869473.64181,-0.0004023550103425,-0.0004024359768386,-0.0051351890248115,-0.0051484194211317,0.0077727117298908,-4.857136175502952,0.6172658845213412,0.0002646579577896189,0.021846808794613537,0.4569120182476034,-0.0027906930729559984,-0.006420169368574591,0.054024005094880145
2024-04-05,0.9993147045786768,1.0023505860486637,0.9965904850433804,0.998950453899325,12174039459.133284,32943073227.346508,-0.0011051979624008,-0.0011058091440281,0.1465525253237976,0.1367596358937955,0.0040688711767066,-5.504389670157389,-0.6472534946544366,-0.0009358820275635189,0.08442150879096033,-0.0024043913399349748,-0.0012463707143493335,-0.01842380454000292,0.008522475075180225
2024-04-06,0.998893992078239,1.0013107332695117,0.998627697758208,1.000210261544163,12917824057.8984,32944193232.23956,0.0012611312602346,0.0012603367021647,0.061095957612254,0.0593022962701849,0.0017116323799327,-6.370307755668361,-0.8659180855109723,-0.00047094577342504055,0.10511444586780172,0.0019525031960085926,0.0011741010376875279,0.006781660489032504,0.00023703874771108246
2024-04-07,0.9979720313922732,1.0016285904091315,0.9979720313922732,0.9986319489990768,4890134687.547861,32931449696.23095,-0.0015779807564156,-0.0015792270793377,-0.6214428478333496,-0.9713882210261744,0.0025532522339207,-5.970387346574205,0.3999204090941557,-0.0006513466187397086,0.0007574099023059944,-0.0006035543644689056,-0.002034999831904516,-0.014001914601553977,-0.003756871215568225
2024-04-08,0.9991399090885552,1.0050703017578673,0.9986867610651946,1.0006733078641203,5765644171.919411,32803287281.135303,0.0020441553738488,0.0020420689311108,0.1790358630818347,0.1646970393129948,0.0044034225868629,-5.425373179784047,0.5450141667901587,0.0021376248842062155,-0.012976981236707985,-0.012655595867297365,0.0003523232884090783,-0.009867793589116047,0.005453367615995575
2024-04-09,0.9994688876724734,1.001696035458023,0.9962204593229138,1.0006588568577717,6807836356.326118,32517720295.31888,-1.4441282919275268e-05,-1.4441387195605367e-05,0.1807590189978298,0.166157468128525,0.0038046539248166,-5.57153024454696,-0.1461570647629129,0.00010250532036175725,-0.05912979756664427,0.04583409588181908,-0.0002595977677710712,0.0033407069534518996,7.660341382287328e-05
2024-04-10,0.999437903563692,1.0022069203391173,0.9989603759237946,1.0004586332404433,6414642608.715347,32209148046.86192,-0.0002000917854834,-0.0002001118065154,-0.0577560515604049,-0.0594910693128312,0.0022048516205582,-6.117095064611378,-0.5455648200644188,0.0007043386493308701,-0.06902145452486508,-0.0013572835800266247,0.001002790738467454,-0.012042417217262624,-0.0012681348303216211
2024-04-11,1.0001771675559528,1.0025226453013063,0.9973743595342082,0.9994616989705964,6337336478.341431,32156928507.411613,-0.0009964772522556,-0.0009969740657824,-0.0120515101291666,-0.0121247183516509,0.0036133133065436,-5.623130114123584,0.4939649504877943,0.00014708437814625787,-0.07454767854927624,-0.28402436959951416,-0.00021866116838982147,-0.019694878038144736,0.0012945640022730132
2024-04-12,0.9993997023432288,1.0038795960297258,0.9990791899432422,1.0001519956826448,6597305173.072471,32143882863.842026,0.0006906684996126,0.0006904300978891,0.0410217597912803,0.0402026921917784,0.0033569715936686,-5.696716022840518,-0.0735859087169341,0.0012586041323442293,-0.10628483869122718,-0.007778121567361573,0.0010431551276777712,-0.02080889731567126,-0.0014063436494042847
2024-04-13,0.9994801728325696,1.005758516913631,0.9922164321043282,0.9997107505718646,8442015428.516984,31995166256.844376,-0.0004411780536207,-0.000441275401291,0.2796157229430396,0.2465598164067953,0.0095844800413573,-4.647610151075693,1.0491058717648256,0.00174073645159227,-0.0943116409428697,0.42854391601005926,0.0011778226923796079,-0.008495510316997468,-0.0004050436995806095
2024-04-14,0.9965793569475958,1.0011144000926722,0.9965793569475958,0.9997861068290556,10467890420.37514,32306198539.94022,7.537806025181837e-05,7.537521946858896e-05,0.2399752771138967,0.2150914416068111,0.0025140121304776,-5.985875343655622,-1.3382651925799296,0.0006465449525044743,0.11622798973018078,0.005531143124938076,0.000692828509406405,-0.02197348790999598,0.0012276276436633538
2024-04-15,1.000133205986769,1.0012250335642308,0.9974409942769936,1.0008587211654365,9710233585.62027,32307800620.13212,0.0010728438103455,0.0010722687247061,-0.0723791331709142,-0.0751321783502383,0.0026393030870862,-5.937240378837632,0.0486349648179897,0.0013896060929924911,0.07473587460914644,-0.00319624401396279,-0.006073231322335103,-0.011575006471222338,-0.051790875456932284
2024-04-16,0.9995367528989648,1.0032970371958878,0.998816017771455,0.999201202099743,10019948264.91866,32468798916.53374,-0.0016560969401989,-0.001657469784655,0.0318956981382034,0.031397594256148,0.0031583334985659,-5.757710764365365,0.1795296144722673,-0.00023686263756671054,0.05698460641939462,0.003957789031254322,-0.0016612384667114965,-0.006879403182683319,0.04870041058751973
2024-04-17,1.0005607535339478,1.0019724295658925,0.9971110878495574,1.001204893064355,8832460272.382084,32611288701.06139,0.0020052927882805,0.002003284872555,-0.1185123876032523,-0.1261443301110797,0.0034157295228674,-5.679364185679136,0.0783465786862294,0.0010270158996202716,0.040848379674990554,-0.002104198673881008,0.0030234626550181927,-0.009281446104701274,-0.008754179231388548
2024-04-18,0.9999120570582968,1.0013131896012335,0.9994197007827464,0.9994263782874094,9537964029.552618,32700904101.22905,-0.0017763744357082,-0.0017779540597224,0.079876244603845,0.0768464462406109,0.0013039006881022,-6.642394977808742,-0.9630307921296062,2.6691611081760205e-05,0.05162824298686175,0.002220651179224653,0.0006001664784059909,-0.01514354874672108,0.012006538794327781
2024-04-19,1.000248321666407,1.003390539248,0.9975875024087736,1.0000840035640857,10625902285.32841,33151320430.58273,0.0006580027213241,0.0006577863324512,0.114063992315855,0.1080145835858344,0.0041001012334201,-5.496743614498598,1.1456513633101435,0.0006039623603971389,0.06141013655601313,-0.0007658763450759665,-0.00035637082359961576,-0.013114308590353119,-0.06858857511680672
2024-04-20,0.9994569833078342,1.0014313769209378,0.9991921792467722,0.9996406985305812,8057158049.919336,33902694922.413227,-0.0004432677974296,-0.0004433660696414,-0.2417436342282044,-0.2767337371017759,0.0015787314449276,-6.451133637383613,-0.9543900228850148,0.003067140793932507,-0.005706341633125334,-0.7726703054648647,-6.0068031392632995e-05,-0.01839018577095075,0.00019118018853170327
2024-04-21,1.000561086572432,1.000561086572432,0.9994599716532996,1.0000449154524624,5027479459.537633,33952632985.000626,0.0004043622098173,0.0004042804774512,-0.376023229482514,-0.4716421380404395,0.0007094753739209,-7.250984771027997,-0.7998511336443839,-8.828267184553631e-05,-0.0843564659284759,0.0035658229796622365,-0.0020945011120679542,-0.018815149959454658,-0.006836635831640514
2024-04-22,0.9997333595255462,1.001847257321973,0.9981067625809078,1.0001589686864674,6922402882.588552,33985116155.889523,0.0001140481114823,0.0001140416084908,0.3769132103475947,0.3198441896901544,0.0026317306706591,-5.940113599531943,1.3108711714960544,0.000622310485406942,-0.046151163859100564,-0.003733892328789956,0.002894433026359873,-0.0032518527131735198,-0.006306784849275715
2024-04-23,0.9997237361774048,1.001105410054428,0.9989137985991322,1.000742211780462,6582104782.213613,33812957467.64577,0.0005831503913429,0.0005829804252274,-0.0491589562391504,-0.0504083768206726,0.0014145750188916,-6.560926133003898,-0.6208125334719554,0.0001813401070766715,-0.06001067161741247,0.003487872114236623,0.000796585629640691,0.007974187605693572,0.012165089061164203
2024-04-24,1.0002549529463087,1.0013508565814158,0.998884878988547,0.9998833774529664,6358050386.624169,33581355381.394432,-0.0008581973633026,-0.0008585658254837,-0.034039931450938,-0.0346327825297455,0.0017281439591715,-6.360707302364553,0.2002188306393453,-2.868253906120429e-05,-0.045536639729292006,-0.07882687586228343,-0.0006952528876376665,-0.0008018624795234075,0.00023458074935600592
2024-04-25,1.0006175499129368,1.0008812381269383,0.9994405048088356,0.9999602727370172,7389079561.355223,33363213151.96532,7.690425282058655e-05,7.690129584013754e-05,0.1621612148434832,0.1502813879143285,0.0009331317392813,-6.976964167426225,-0.616256865061672,-0.000288018891816723,-0.041301490000346774,-0.0009439771058312729,0.0009224344816098121,-0.005600307367249258,-0.0005704720246697548
2024-04-26,0.99999758283539,1.0007651522737129,0.9988239683343476,1.0004264948747057,7451597295.428921,33379754330.207592,0.0004662406601538,0.0004661320037493,0.0084608283825586,0.0084252361927912,0.0013467881713331,-6.610032653509862,0.3669315139163629,0.0009695681307420054,-0.06431184593437678,-0.4643511508794038,-0.00019316187628622903,-0.006060485469724597,0.0012620111131820266
2024-04-27,0.9999871552623372,1.0007432623711356,0.9991468764734672,0.9998135447922406,5849309025.584615,33477614292.01189,-0.0006126887738432,-0.0006128765443105,-0.215026148934163,-0.2421048724987005,0.0011237077221528,-6.791121594997115,-0.1810889414872534,-0.0007474018149090286,-0.04730235514053405,0.010986244385684074,2.2473480930972262e-05,-0.01465908376704661,5.701871525154445e-05
2024-04-28,1.0003236783037543,1.000399020729421,0.9993843550700308,0.9999782207243552,4206523820.010703,33494441448.80888,0.0001647066425258,0.000164693079876,-0.2808511566731118,-0.3296869283227581,0.0006846882508438,-7.286546931552382,-0.4954253365552672,0.0002448965165288695,-0.018175481490327883,0.014006562183104698,9.243571948177996e-05,-0.012458634897956955,-1.2453533827283536e-05
2024-04-29,1.0003985530475756,1.0010591685350338,0.9995127786388158,1.0002489692504508,5299421103.768237,33494872029.30065,0.0002707544229307,0.0002707177755668,0.2598100784687231,0.2309609782282422,0.0010891923186604,-6.822318849466019,0.4642280820863629,0.0005252402532248631,-0.03693414716154564,-0.40765993252802435,-0.00043224695297750725,-0.0032838403216786105,-0.0002762701378502541
2024-04-30,0.999872289388716,1.0009989160432935,0.995921549050096,1.0003304138628146,8106410380.802075,33316070027.57781,8.142434020697031e-05,8.142102542531596e-05,0.5296784728124142,0.4250575648314382,0.0035844960299776,-5.631137392224579,1.1911814572414403,7.543883684607249e-05,0.03472710585244698,0.7831808338173314,0.001048000306470855,0.013744135657216106,-0.0014147340184447188
2024-05-01,0.9988824904980516,1.001262671049285,0.9955387150171944,1.0002308594590137,10174255726.78412,33098350821.476097,-9.952152051095896e-05,-9.95264731060773e-05,0.2550876712187184,0.2272054276886181,0.0039662963611304,-5.529922526227423,0.1012148659971554,-0.00038652649238823955,0.08199412936865613,0.051400139881992324,0.0016953764051998786,0.014610629901479655,-0.002768165516827459
2024-05-02,1.0001317668857193,1.000792584509112,0.9984097847482116,0.9993798646827592,9349150084.394072,33060995311.048973,-0.000850798361405,-0.0008511604957476,-0.0810973956766121,-0.0845751423043354,0.0016194551109358,-6.425665537590783,-0.8957430113633595,-0.0006179105131469666,0.039637295440723364,-0.0027485914390634747,-0.0011764622671966653,-0.005562802418133117,0.0023237994143867624
2024-05-03,0.9997959174162768,1.0016686452522376,0.9991314555464444,0.9998893030493042,8052632414.022522,33219808255.749603,0.0005097544833032,0.0005096246026229,-0.1386775972861685,-0.1492863931759963,0.0017924077802498,-6.32419543437335,0.1014701032174327,-9.785825789820953e-05,0.011846186329321995,0.07272966589179664,0.00013510747091091116,-0.010903907803704982,0.002120328786110015
2024-05-04,0.9998222043924048,1.0018041854117303,0.9993486218317008,1.000636525090064,7329580541.595222,33492352074.981827,0.0007473047651185,0.0007470256719489,-0.0897907460879757,-0.0940807565516689,0.0016599353292128,-6.400976635678072,-0.0767812013047217,0.00031269666266047315,0.028590848875502672,0.02094021469661378,0.0013218529374575555,-0.013855299101361851,-0.15630363824722515
2024-05-05,1.000117115679925,1.0017341336919112,0.9989632029788637,0.9999866134640948,5306071918.921578,33586963095.109653,-0.0006494982040663,-0.0006497092193992,-0.2760742734444724,-0.3230664794893783,0.0019569822399934,-6.236351665727683,0.1646249699503892,-0.00041186027191184054,0.02072044654769556,-0.0007070002942839437,0.001093233374367132,-0.029572025201606067,0.0011678711814822051
2024-05-06,1.0001045522244891,1.0010583538771287,0.9979762212401216,1.0010583538771287,4729299824.980395,33477952630.91446,0.0010717547601175,0.001071180841015,-0.1087003913166725,-0.1150746468859214,0.0020984158226154,-6.166572589116258,0.0697790766114243,0.0011855129824878143,-0.010690050519574612,-0.01231951487494154,0.003087821935921224,-0.03644053232433464,-0.017936910633951086
2024-05-07,0.9995121542613896,1.00475472731893,0.9979319825464724,1.0009256642357294,6257939837.414527,33203159717.18727,-0.0001325493572731,-0.0001325581427155,0.3232275535502695,0.2800738684911849,0.0047372157348778,-5.352305713565869,0.8142668755503895,0.002043370454068003,-0.035467230108292114,0.37903787889320206,0.0017856970746493992,0.006180129981245841,0.013707249227397078
2024-05-08,0.9997500443274512,1.0009395268272012,0.9986354360685316,1.000155524104857,5648361670.410917,33189907761.16065,-0.0007694278989843,-0.0007697240605566,-0.0974087611643542,-0.1024854982221578,0.0016099782313551,-6.431534620974576,-1.079228907408707,2.3753807011556123e-05,-0.09255202359594605,-0.2825186313263979,0.0006867654298746395,-0.0005284209509248683,0.005755908311697588
2024-05-09,0.9999768324482122,1.0011583728722575,0.9978449199875474,0.9999374378998128,5361539472.086079,33067200505.095184,-0.0002180522926564,-0.0002180760695141,-0.0507797154398529,-0.0521143844843634,0.002344007470716,-6.055893220106912,0.3756414008676634,0.00014153935413052527,-0.08930907360372942,0.012565642061835192,0.0004996904144565015,-0.0065394052045562034,0.0004672835876702308
2024-05-10,0.9995983546211964,1.000989263243045,0.9990392739226552,1.0003862990088417,5586308114.333208,33101888656.04861,0.0004488891924794,0.0004487884718663,0.0419224074386372,0.0410674755284186,0.001288929443185,-6.653943294160912,-0.5980500740539991,0.0005640358296974759,-0.05951550151624829,-0.0024247754529413967,0.00020907255095464988,-0.0037646495972794014,0.00043325679500405556
2024-05-11,0.9992138689008736,1.000612933668236,0.9992138689008736,0.99986434697635,4944118957.396993,33108154577.761494,-0.0005217504807981,-0.000521886639943,-0.1149577044074068,-0.1221198434861423,0.0009029178488607,-7.009878984476758,-0.3559356903158468,-0.00025277104777266093,-0.06114339292959414,0.0020687558677900952,0.0004648156821956885,-0.006364095565437822,-0.0003624792726224513
2024-05-12,1.00001709906762,1.0003989584165756,0.998775863981417,0.9999826732141102,2661547341.1111617,33127880900.46572,0.0001183422912498,0.0001183352893533,-0.4616740891460209,-0.619291119975889,0.0011479756752322,-6.7697551701313605,0.2401238143453978,-0.00012187369528657609,-0.07246184052862503,0.0003980515827102238,0.0005026353884129271,-0.01820014843902129,-7.698911981446344e-05
2024-05-13,0.9997798003265704,1.0021964666431722,0.9991331878972672,0.9999755460066349,4151730663.40494,33110020570.81291,-7.127330969081136e-06,-7.127356368625195e-06,0.5598935999656673,0.4446176137851554,0.0021612052950587,-6.137089205942406,0.6326659641889547,0.00046351048168924994,-0.016549480571764974,-0.0016252764924971075,0.0034020525352210667,-0.020224372334183727,-0.44113486444543604
2024-05-14,0.9999824796877492,1.0012702107686409,0.9992754863558369,1.0003732008225137,5276628631.885953,33097417324.922523,0.0003976645403649,0.0003975854927771,0.270946759238581,0.2397621024539354,0.0013890381455625,-6.579143752978994,-0.4420545470365882,0.0006231181170827509,-0.028761818348183255,-0.4673733174178727,0.00023993408476896108,-0.025031397227838426,0.05537647968391113
2024-05-15,1.0001670208769529,1.0012455527199553,0.9989845401574368,0.9989845401574368,5635566348.186209,32902650790.83552,-0.0013881426091134,-0.0013891069716168,0.0680240625863346,0.0658102707957442,0.0014194731928799,-6.557469467132726,0.0216742858462684,-0.0009928079510489523,-0.0003805431934189585,-0.012539389530455303,-0.0005526213380863117,-0.020095906854187717,-0.0011293050865379684
2024-05-16,1.0011893389356044,1.0016736835769602,0.9974803732713784,1.0000402793452956,7163321150.90105,33272243211.37831,0.0010568123383496,0.0010562543053132,0.2710916185391987,0.2398760734325334,0.0028792327140455,-5.85023143906426,0.707238028068466,0.0004420045940174836,0.05220967883785832,0.09775233602514,-0.0005203178363309505,-0.014333387170879064,0.00015809496977592374
2024-05-17,1.0002445717439543,1.0045992238327202,0.9988895797683308,0.9997493639495212,5578835642.244679,33328083683.82133,-0.0002909036783647,-0.0002909459990474,-0.2211942582606482,-0.2499936329645928,0.0040185388732656,-5.516836906782161,0.3333945322820986,0.0005357727972752149,-0.00021099448792938347,0.41177321391854704,-0.00016272065603238227,-0.016579603462837156,0.0011127064900415817
2024-05-18,1.0005522481037687,1.0005522481037687,0.998540357029167,1.0000196041168976,4527469173.097308,33436719038.618977,0.0002703079162849,0.0002702713896822,-0.188456254417337,-0.208816986416145,0.0013842539923206,-6.582593918161551,-1.0657570113793895,2.505003306752134e-06,-0.011835628543163779,0.002197371397302028,-0.0002286869149458225,-0.026082178649527776,-0.00011750607288085746
2024-05-19,0.999833350724916,1.0006613082341893,0.998461592867856,0.9999778863965516,2850624085.21566,33503110419.10665,-4.171690252297022e-05,-4.171777269714901e-05,-0.3703713981854665,-0.4626251543616568,0.0015535210969442,-6.4672312489567405,0.1153626692048099,0.00019811007297951424,0.005388405695107679,-0.000299827570811928,0.0005210503311663937,-0.04187122442269242,-0.0009986792620422236
2024-05-20,0.999783517984153,1.0015203765117129,0.996756533200604,1.0004755674580426,4183170768.105876,33391377465.01449,0.0004976920672559,0.000497568259636,0.4674578769614947,0.3835315683636814,0.0033439140218613,-5.700613295256079,0.7666179537006617,0.000492974877411649,0.0008931874973967524,0.09596739580123348,-8.547481053797735e-05,-0.021535243499677392,0.0012034200392792016
2024-05-21,0.999424953829998,1.001092097460904,0.9972967758244063,1.001092097460904,11508228919.75997,33204313480.23902,0.0006162369406261,0.0006160471446115,1.7510779639940095,1.0119928217785956,0.0024780574117246,-6.000280327470256,-0.2996670322141774,0.0009244946257708555,0.16293110127708843,-0.003873445242960294,0.0013581775856354385,0.03576935997321584,-0.008430008691046709
2024-05-22,0.9994651815341749,1.0027882066003262,0.9975325712359212,0.999267011798616,8678832937.917202,33056719710.75276,-0.0018230946652332,-0.001824758524869,-0.2458585071230735,-0.2821752722439824,0.0037136634769801,-5.5957364294783485,0.4045438979919078,-0.001921889200915924,0.0708545776990448,-0.018381688279663244,-0.00045695497810446437,0.009477919193315643,0.007512394648542475
2024-05-23,0.9997035445504177,1.0014277713804045,0.9963551522283572,0.9993749170021438,8488634815.131651,32911439450.95848,0.0001079843547857,0.000107978524895,-0.0219151727134404,-0.022158877241793,0.0035850527222337,-5.630982098697325,-0.0352456692189768,-0.0008698202848450335,0.029353636065128086,0.06957637297300412,-0.0008801988950134395,0.010187211234168103,-0.0025862725690908306
2024-05-24,1.000486745857217,1.0019600577203964,0.9986430487197911,1.0002525332327152,11146005614.700275,32692900303.924377,0.0008781651566802,0.0008777797952498,0.3130504324242638,0.2723530046548039,0.0023402549738948,-6.057495392345669,-0.4265132936483438,-0.0002995943193369619,0.11467779292528846,-0.24365648064093826,-0.0003648579558919045,0.025135181561250164,0.002931136871003659
2024-05-25,0.9996923719222724,1.0005108540490928,0.9981582839016478,1.000269124320567,4898100877.799574,32754755936.14735,1.6586899108439468e-05,1.658676154734959e-05,-0.5605510128812825,-0.8222336388581589,0.0016255703849293,-6.421896518678273,-0.3644011263326039,0.0004357512757305254,0.007187233791537295,-0.000936212366525524,0.00027150528064451794,-0.012997947103627894,0.00027051682272283273
2024-05-26,1.0004783812179123,1.0013533298804222,0.9991061876506326,1.001049749805135,3101585128.08694,32703803434.431835,0.0007804154557886,0.000780111089991,-0.366778021631866,-0.4569342415837634,0.0015484664846767,-6.470490202519975,-0.0485936838417018,0.00126570465456501,0.004837432339261483,-0.013394555190127555,0.0010620440232614172,-0.02311158349845499,-0.004822473780613734
2024-05-27,1.0001412535379102,1.001382898572568,0.9993631990310602,1.0007119118132948,4868296497.756459,32621432511.69378,-0.0003374837183726,-0.0003375406788185,0.5696156309464988,0.4508307683334649,0.0013828896469623,-6.583580021990446,-0.1130898194704714,0.0012868700967488846,0.013088312877666652,-0.0005196555150668303,0.00038803259305249287,-0.005286759639780314,0.004472476708158979
2024-05-28,1.000186786388753,1.0013874364321116,0.99869831062854,1.000660352664271,6241188791.751406,32449556160.284195,-5.152246956907636e-05,-5.152379689710328e-05,0.2820067131547226,0.2484265949549104,0.0018785191410592,-6.277271503457702,0.3063085185327443,0.001195096259621305,-0.10531985174446135,0.002187257673841536,0.00026166108098251047,0.010934022810513255,0.0003738904599837056
2024-05-29,0.999779802590921,1.0011677810078476,0.99887741515112,0.9998453716763632,6289635145.7817545,32261962161.92577,-0.0008144431681917,-0.0008147750072171,0.0077623599680844,0.0077323878549179,0.0016189843147532,-6.425956292565068,-0.1486847891073663,0.00014185912135721484,-0.05169437264435928,-0.12413987484482014,-2.692151284999187e-05,0.0052783397049545044,0.00030828098485002897
2024-05-30,0.9999025563280812,1.00235738172595,0.9978295104942472,0.9997503451979476,6461327393.51793,32222733595.93733,-9.504117447312056e-05,-9.504569117172698e-05,0.0272976482350211,0.026931711969497,0.0031999961824559,-5.74460566215967,0.6813506304053982,-0.0007363134058787533,-0.04606259409209201,-0.2244034185550854,0.0008684484102740143,-0.008784489461980627,-0.0034396948290069673
2024-05-31,1.0000437631047003,1.0012004762015188,0.9975924024258266,0.9999552682807988,6186505950.000538,32313950609.565315,0.0002049742556584,0.0002049532513059,-0.0425332794300279,-0.0434643151162456,0.0025522444103416,-5.970782146008,-0.22617648384833,0.0002629426852567458,-0.12253011350707865,0.06030551926088368,-0.00017649092492000843,-0.021619804439595214,-0.08989837020342151
2024-06-01,1.0002171701540885,1.0003918876742486,0.9994574109068806,0.999970192697336,4903362614.14194,32363575115.13492,1.492508416189864e-05,1.4924972783938234e-05,-0.2074100221076302,-0.2324492429028066,0.0006427523381393,-7.34975107411302,-1.37896892810502,-0.0005080745770072291,0.0001382874431072878,-0.0032334278288264073,0.00017429566449699618,-0.024667271718545436,4.222367549822081e-06
2024-06-02,1.0002625355560573,1.0015447538135072,0.999445677051018,1.0000844478312532,2276591690.226836,32379056688.994946,0.000114258539656,0.0001142520126463,-0.5357080702820454,-0.7672417657184479,0.0014794038373393,-6.516116084965477,0.8336349891475434,-5.679929683271423e-05,-0.021919221963404567,0.004356162501342631,0.0002622556808437597,-0.03298473226797327,-0.0002105897644506527
2024-06-03,0.999742746174936,1.0009116661061237,0.9991816151415204,0.9993809062204052,4260096743.2939057,32350577989.61693,-0.0007034822033015,-0.000703729763016,0.871260780570378,0.6266124178949602,0.001202405159282,-6.723431428714642,-0.2073153437491655,-0.000806054443627778,-0.016472569033709306,-0.011122669576661082,-0.0007363943196994239,-0.017981631949897547,-0.0026040972388194916
2024-06-04,1.0005297551301948,1.001305586812968,0.9987434792295036,1.0007349474648843,5214012900.056786,32269170257.764786,0.0013548800422853,0.0013539630205303,0.2239188953313093,0.2020579199104877,0.0018071514158807,-6.316003476814639,0.4074279519000034,0.0009548991793379883,-0.028451509659781493,-0.00458090117039589,0.0006301307639638588,-0.0005443256590638157,0.0008000634308196197
2024-06-05,0.9995556621583734,1.0008070439968646,0.9990862654441488,1.00004898518147,5691170580.267387,32398473791.95133,-0.0006854585074219,-0.0006856935415148,0.0915144801819354,0.087566163234052,0.0011775607842899,-6.744310111928351,-0.4283066351137119,0.00014643240159699245,-0.016957775615146886,0.015393532635506801,0.0005369487557934535,0.005672767467661544,0.0005983395132087566
2024-06-06,0.9995269347689348,1.000851084688569,0.9981860585854818,0.9996972537385732,5260336786.221551,32573746550.11421,-0.0003517142141121,-0.0003517760800628,-0.0757021403539787,-0.0787209003626621,0.0018823903656168,-6.275212838702306,0.469097273226045,-0.00034655424545128896,-0.03492360651294746,-0.18918798346843246,-5.2805181653243954e-05,-0.005884124881319508,-0.0170423111916298
2024-06-07,0.999868031018346,1.0033218374684991,0.9958871351960584,0.9998507203747488,5632701989.484601,32463312829.90084,0.000153513111696,0.0001535013297641,0.070787331381213,0.068394201609028,0.0052592217181303,-5.24777222551266,1.0274406131896452,-0.0003664373446276681,-0.016524352246669594,0.6338529184897324,-0.000126122948403874,-9.264148034304753e-05,0.055386659311724706
2024-06-08,0.9999784240472596,1.000447243385446,0.9994791560996222,1.0003436955415872,5232185700.665017,32192512257.53316,0.0004930487689738,0.0004929272603676,-0.0711055350642173,-0.0737601473363294,0.0006458382172752,-7.344961523200786,-2.097189297688126,8.113539217553733e-05,0.009844290767269115,0.0008925642142001422,0.0007453625517173041,-0.0007655754913429291,-0.0027559103074974445
2024-06-09,0.99998912642494,1.0004026679595788,0.9998355420672606,0.9998355420672606,2060850398.272036,32206878677.6945,-0.0005079788842489,-0.0005081079492323,-0.6061205553139868,-0.9317103944592896,0.0003894406595017,-7.850799054704723,-0.5058375315039365,9.281546307727379e-05,-0.006447908898625343,-1.4189324939017922e-05,0.000621968804789988,-0.0210942061727053,0.0008632480058743397
2024-06-10,1.0000957117427849,1.0006751252342387,0.9985200817366292,0.9999606860865528,3076723322.22012,32154962378.332146,0.0001251646036042,0.0001251567711687,0.4929387037505799,0.4007464619544166,0.0015221483135223,-6.487632577823519,1.3631664768812035,-0.0005689295457424391,-0.03612680417036884,-0.0022052352218944193,-5.6413607692082775e-05,-0.011356284613619039,0.0019574604429690723
2024-06-11,1.0003392402948126,1.001525822574979,0.9984511187013744,1.000057240861873,6529762255.199146,32049765935.56887,9.655857141566138e-05,9.655390993687254e-05,1.1223105139292675,0.7525053602731345,0.0021670973739269,-6.134366622538067,0.353265955285452,0.000501675812615235,0.04008808004604347,0.0005048214982421584,0.000277463144614753,0.023382529890042747,-0.00037595220245556504
2024-06-12,0.9995102452534064,1.003133667146165,0.9994124880058598,1.000300165212212,6768334259.428818,32257481495.725445,0.0002429104459358,0.0002428809479702,0.0365360934909559,0.0358844747581818,0.0025816515807131,-5.959325937292408,0.1750406852456594,0.0007732973333708844,0.03166315220008897,-0.002432731155614931,0.0003176406373809482,0.015512380671445669,-0.00012185646918005943
2024-06-13,1.0002040694800516,1.0012094982840558,0.9987606680457486,1.000188052088095,7358585517.471262,32457277670.203625,-0.0001120794817556,-0.00011208576313,0.0872077582782171,0.0836127198468275,0.0017315825571391,-6.358719515709412,-0.3993935784170039,0.00032001209884381616,0.05894004499447547,0.003477677527280676,2.1027477998559822e-05,0.012173125322810563,0.0005117624563331091
2024-06-14,0.9998848260076276,1.0015090196386194,0.9976015533415088,1.000031230355332,6227647567.354005,32499687733.37872,-0.0001567922476534,-0.0001568045408428,-0.1536895844224554,-0.1668690651886812,0.0027627305012708,-5.891535776245074,0.4671837394643381,5.2806053179346786e-05,0.016098833928491985,-0.2956733414781745,-0.0011574023646621554,0.0034349850941879367,-0.006865705096683605
2024-06-15,0.9999967130819656,1.0009481226755157,0.9992492605383122,1.0000064737915442,5060197752.376063,32399755887.33361,-2.475579065575051e-05,-2.4756097085393288e-05,-0.1874624089355727,-0.2075930999230305,0.0012011433623337,-6.724481373871011,-0.8329455976259377,1.7347404766985678e-05,-0.004627308850711387,3.1422547810855406e-05,-0.00023806807057155213,-0.012255220001232914,0.006579282839117795
2024-06-16,0.9999008277270296,1.0004691746861405,0.9994605300712552,1.000121099586731,2090314190.286284,32462819795.3842,0.000114625053128,0.0001146184841786,-0.5869105729504825,-0.8840911790741841,0.0006999823947596,-7.264455373580569,-0.5399739997095576,2.5385092059603e-05,0.0007942401333380644,-4.338581379492723e-06,-0.0004310034161347519,-0.020665282230925897,-0.15892620109306854
2024-06-17,1.0001403257314834,1.001312186180383,0.99758412640145,0.9995770855421352,3880654918.461492,32454414494.014374,-0.0005439481726967,-0.0005440961661736,0.8564936010552595,0.6186895478503124,0.002614254124271,-5.946776451875255,1.3176789217053138,-0.0007621866772400343,0.021431263659472677,-0.004183465556798716,-0.000256340748788471,-0.003878972476996978,0.0008398105951998858
2024-06-18,1.00035122868337,1.001663781457249,0.9979348552477172,0.9994874420790122,7449402605.708719,32610825424.899982,-8.968139067977443e-05,-8.968541229613612e-05,0.9196251051000632,0.6521299092140281,0.0025820498545522,-5.959171678242074,-0.0123952263668183,-2.2814608080550294e-05,0.023965518637979244,0.007338988327472151,-0.00029618387224099145,0.02725773739916093,-0.00015389134025145523
2024-06-19,1.0002824561225692,1.0022050298501357,0.9993802990075428,0.999941788478381,6661803863.510665,32836931385.63824,0.0004545793976398,0.0004544761077265,-0.105726429874322,-0.1117435437671815,0.0019845450583538,-6.22236558085712,-0.263193902615046,-0.0002622618766829801,-0.0027469139180951174,-0.183900541159022,0.000516998356487808,0.014388840942022085,-0.0012570056740122126
2024-06-20,1.000481220780462,1.0013206771695895,0.9988287143235922,1.0000138816436075,4858703250.934168,32757501871.47146,7.209736212354656e-05,7.209476323364862e-05,-0.2706625186689738,-0.315618716741971,0.0017378583437881,-6.355101760760934,-0.132736179903814,0.00012906217266435305,-0.06672622187044652,0.0009442414062261761,0.0005488430794911988,-0.03907884438813625,-0.00023795851073504792
2024-06-21,1.0001932617225249,1.001238246366206,0.997524586345156,1.0005072862648845,5970885153.591632,32669613770.44481,0.0004933977721048,0.0004932760914471,0.2289050895305509,0.206123601833365,0.0026203289641815,-5.9444554102430684,0.4106463505178652,0.0005104445621419985,-0.0071124946539029565,0.008519320074038994,0.0008036570398915085,-0.01636262902847818,-0.0024226281205468325
2024-06-22,1.0006733431406103,1.0006733431406103,0.999543255101432,1.0002951191136895,4504574557.698914,32743346381.63845,-0.0002120595762845,-0.0002120820640957,-0.2455767542289265,-0.2818017345492387,0.0007636780003128,-7.177364323198437,-1.2329089129553683,0.0003942527654751564,-0.015566539958065562,0.0018668147155311843,-0.00019155186026871557,-0.024570908890979126,0.004274265314268888
2024-06-23,1.0000519875635674,1.000753426591373,0.9992870224550734,0.9997700248649968,1867667642.207828,32741911419.603725,-0.0005249393290631,-0.0005250771579494,-0.5853842314551688,-0.8804030465516709,0.0010219640055378,-6.88602900745109,0.2913353157473466,-0.0003703174700885124,-0.0063063925705222346,0.00032428531431971663,7.767382161145686e-05,-0.0596768883576857,0.0002141557095036717
2024-06-24,0.9994204369415904,1.0010062091555254,0.9944844506291708,0.9999182916990004,5876296799.288433,32666206891.123528,0.0001483009395322,0.0001482899440349,2.146328964794764,1.146236365219903,0.0046116410512586,-5.379171508906293,1.5068574985447976,-0.0004328786563196193,0.05515513454481891,0.5032327019598473,-0.0005599784694014565,0.006462208077312681,0.17202861763288624
2024-06-25,0.9991139643510382,1.0012025956811044,0.9978974240743436,1.000145062570189,8090789940.4347105,32729150833.36541,0.0002267894017653,0.0002267636889364,0.3768518195701811,0.3197996028958878,0.0022485573345609,-6.0974664530521885,-0.7182949441458959,-0.0001373641897166611,0.01709950658032966,0.0010899160933419694,3.80848706339746e-06,0.03232552744951889,0.0015499129537692724
2024-06-26,0.9989840111540492,1.000896959794812,0.998829021516828,0.999682368541664,6389995145.512537,32858969828.07657,-0.0004626269186751,-0.0004627339635239,-0.2102136883349602,-0.2359928616737518,0.0013964682083845,-6.573808938047972,-0.4763424849957838,-0.0007987869447669772,-0.00721080292890619,-0.126369382962654,-0.0005044508602396166,0.009654821457008467,-0.0012573921270959687
2024-06-27,1.000164984724465,1.0022754176513864,0.9982996350889536,0.9996501727807978,5579928504.513306,32859957551.67868,-3.220599050191009e-05,-3.220650912595742e-05,-0.1267710886397326,-0.1355575451885571,0.0027922217535447,-5.880917672613919,0.6928912654340529,-0.0005431314729020608,0.01902046491503384,0.13365694814447604,-0.00012966676693010367,-0.004184094168596886,0.0011744776529987178
2024-06-28,0.9998441728614867,1.0015065183346472,0.9968478823875752,0.9999875068561548,6984133396.375642,32553973112.202168,0.0003374521252956,0.000337395201133,0.2516528465779712,0.2244649551378748,0.003295667672091,-5.715146499660649,0.1657711729532707,-0.0006856097687142032,0.02612504430437923,-0.001115950740000038,8.495519797670263e-05,0.004393944469697431,4.736497564383768e-05
2024-06-29,0.9998692182718484,1.000419016284091,0.9994605829245304,1.0000178108495963,4871992031.419861,32299710793.568954,3.030437203843661e-05,3.03039128702308e-05,-0.302419963234359,-0.3601380238185722,0.0006714330787497,-7.306096206312422,-1.5909497066517737,-3.417552127587734e-05,0.009307172388034246,0.0029833066388613716,-2.5951456138636857e-05,-0.01008400481790872,3.229726915598974e-05
2024-06-30,0.9998023872133311,1.0010459630801491,0.9993945076993684,1.0001178230284242,2692226102.299293,32273945911.71511,0.0001000103975576,0.0001000053968512,-0.4474075316755621,-0.5931344961107891,0.0011509184787165,-6.76719497823506,0.5389012280773624,0.0006975471578340044,0.02057709312238032,-0.003088683968610617,-9.933048822776548e-05,-0.022534653484200362,-4.537271712123925e-05
2024-07-01,0.999427943188633,1.0009174314185536,0.9991025574888266,1.0002288549132623,4502823994.748887,32343570895.857487,0.0001110188042663,0.0001110126421349,0.6725281694963341,0.5143363556265907,0.0011827824658868,-6.7398855943376015,0.0273093838974585,0.0011152571405364207,-0.03451398448482479,-0.37613676670764296,-3.3672369657367e-05,-0.0026158209801430132,4.310073906310663e-05
2024-07-02,0.999850718825186,1.0007879756148272,0.9986231480850116,0.9995637812359726,4659536777.933047,32475057119.980827,-0.000664921506736,-0.0006651426650818,0.0348032220150988,0.0342112849846295,0.0015207885991928,-6.48852626340362,0.2513593309339814,0.0005801913773536377,-0.09181835887441991,0.01213752781599009,-0.00017902701460502493,0.01546264558236743,-0.0001526082508647164
2024-07-03,1.000172786112682,1.0005285825796133,0.9958065280490896,1.0002984128162464,5572249824.937226,32563615882.357056,0.0007349521802055,0.0007346822351083,0.1958806401800856,0.17888285136764,0.0033442218298826,-5.70052124927248,0.7880050141311399,0.00013339718401589554,-0.023185173511258483,0.1803073629282972,-0.00023124655948515235,0.008413422430574968,-0.00010577954918655763
2024-07-04,0.9991940307705454,1.0014385662527736,0.9976216733404146,1.00044359465038,7796491589.561682,32859236295.98707,0.0001451385229382,0.0001451279913618,0.3991640422635776,0.3358749456095727,0.0025860822120317,-5.957611207942223,-0.2570899586697424,0.0005993355721830184,0.06164005021430441,-0.13026947311804893,0.0008879328802976612,0.0163547174027876,-0.003642332613997823
2024-07-05,1.0000359028201402,1.0019054650524963,0.9956428090966526,0.9990883168905916,10714473153.848316,33075394927.36664,-0.0013546768323925,-0.0013555952365735,0.3742685451227021,0.3179216223903027,0.0043944921747421,-5.427403300654724,0.5302079072874983,-0.0007813086643863642,0.09585908070651783,0.09226638744879878,-0.00043892178349061103,0.031066027924968154,0.0029546179925086236
2024-07-06,0.9991026848533257,1.0008991139511707,0.9965813248034168,1.0001453628243582,7060301804.218764,33653735554.22705,0.0010580105040727,0.0010574512054204,-0.3410500261804364,-0.4171076596227752,0.0029874613083726,-5.813331312980727,-0.3859280123260022,0.00034298457485482434,0.05223391544666711,0.004876735743283511,0.0002773299505328074,0.010900910239115547,0.0005719723459307602
2024-07-07,1.000803107764121,1.0011058111893338,0.9989571945599848,1.0010764544273596,3576095542.602961,33735764585.3956,0.0009309562765678,0.0009305232055326,-0.493492538737349,-0.6802162243798836,0.0015097430031752,-6.495815839213069,-0.6824845262323427,0.0016480959640321825,0.020347586621230818,-0.02626834592013516,0.001097451651243732,-0.012464901378894666,-0.02729198940298172
2024-07-08,0.9999091836131058,1.00238481782664,0.996112439900746,1.0022036904081384,6726444396.127229,33789447348.10419,0.0011260238674013,0.0011253903780312,0.8809465004481392,0.6317751078347389,0.0042037634281072,-5.471775100598572,1.024040738614497,0.002350558162128004,0.049430676969535625,0.05173383630568473,0.0022121394779481213,0.009071968508532535,-0.019623164316103114
2024-07-09,1.0004745262035593,1.0018453208067395,0.9981620033431692,0.9990200067268932,7666578214.651024,33979630974.79366,-0.0031766832548268,-0.0031817396242398,0.1397668312050688,0.1308237074558252,0.0024424805299186,-6.014741145453251,-0.5429660448546789,-0.001153244967350316,0.06318205623020745,0.03779622269392835,-0.0010761809431777919,0.033318404609939734,0.019864271664745914
2024-07-10,1.0002060668923063,1.0019403091064016,0.9984875019260442,0.9998028668368776,6166345400.381278,33994121914.511948,0.000783628060212,0.000783321184051,-0.1956847986501674,-0.2177640451514611,0.0024280860331245,-6.020651972671084,-0.0059108272178329,0.0006091416008566912,0.01202401443029899,0.008252457600974594,-0.0005363353622525901,0.017899872328030142,0.004518015264546094
2024-07-11,0.99945183222994,1.0011537535790769,0.9986382105737048,1.0009405136856917,6576668661.031066,34073708600.085583,0.0011378711609553,0.0011372242762336,0.0665423738061148,0.0644219897912902,0.0015195000847092,-6.489373889859318,-0.4687219171882342,0.0009041695041658657,-0.024846532149556566,-0.0038253681367015346,0.0014299463954366457,0.00026930048841933285,-0.009161792881201336
2024-07-12,0.9996131376710674,1.0024967069317183,0.9983393503045416,1.0001704360374244,6874360216.40226,33928322122.44366,-0.0007693540602444,-0.0007696501649621,0.0452647944901214,0.0442702451750555,0.0029179803890493,-5.836863549586327,0.6525103402729915,0.00106813948975763,-0.08251129919437972,-0.058746515606002525,-3.3627145854480574e-05,0.0006084523577918333,-0.06553927082763611
2024-07-13,0.9999937027622962,1.0006580902387292,0.9994477465459692,1.0000764864834155,5047229727.374868,33901125920.905487,-9.393354434783507e-05,-9.393795637950596e-05,-0.2657891689568213,-0.3089590558582635,0.000854249053348,-7.065287775136861,-1.2284242255505342,-0.000726301887166476,-0.04613696701407477,0.005898691940788403,0.00019166418387947182,-0.01334887014251862,-0.0002136456319261626
2024-07-14,1.0002099446511004,1.0029171230204998,0.9993853325375346,1.002275758009898,4189861088.466085,33960863762.25516,0.0021991033248025,0.0021966888362445,-0.1698691530244082,-0.186171943657925,0.0021396249257228,-6.147124733663494,0.9181630414733668,0.0023639929056699918,0.014293603840204838,0.01969102907229736,0.0022764593181543906,-0.0119185600550189,0.022254145159820382
2024-07-15,0.9976940950654424,1.0013596186539273,0.9976940950654424,0.9999992525065566,6745117594.188591,33959269895.519,-0.0022713364911285,-0.0022739198884408,0.609866640389739,0.4761513435095447,0.0021603220928573,-6.137497951339297,0.0096267823241973,-0.00047516114532754436,0.00043168213690947255,-0.21964443298731506,9.842969714268493e-05,0.009864864432209686,0.028845184041866645
2024-07-16,1.0002571320030755,1.0025780451189048,0.9970220941864534,0.9999050070215124,9252567089.963774,33908873909.14969,-9.42455554922006e-05,-9.424999688362208e-05,0.3717428882093223,0.316082112477915,0.0039233478846244,-5.540809937474712,0.5966880138645854,-0.00030104315404682626,0.03600069390275351,0.12356966041573614,-0.00023531337735524039,0.04088028174093594,-0.000247611379886159
2024-07-17,0.998814992790766,1.0008069850407664,0.998814992790766,0.9998317713460954,8317351013.245196,33898630922.96511,-7.32426329529412e-05,-7.324531532555897e-05,-0.1010763896792494,-0.1065572199553654,0.0012589126269637,-6.67750692508607,-1.1366969876113586,0.0003800752630085705,0.046843215456643605,-0.0005999017590276878,-0.000519409822946778,0.02451003620396719,-0.0011637857469306567
2024-07-18,0.9996298654837988,1.0010289045022371,0.9980858179632652,0.9995991819052928,7323834488.404023,33743027282.9682,-0.0002326285755946,-0.0002326556378188,-0.1194510756199924,-0.1272097882737773,0.0020819121159785,-6.174468521025835,0.5030384040602351,-1.3961264282057975e-05,0.015771058555305473,0.0016060890316245136,-0.000683314683099234,-0.0006854899340282827,-0.0010723799714247306
2024-07-19,0.9998926730822846,1.0022611751403383,0.9991204600136916,1.0002381401341915,7833982959.582683,33691871514.20208,0.0006392144376117,0.0006390102270813,0.069655925729396,0.0673370320219056,0.0022088796652544,-6.115269830788274,0.0591986902375607,0.00024440904086220366,0.01989740337690904,-0.0006622503093955956,-0.00024299324754425367,0.0063808452528419934,0.002216250589065716
2024-07-20,0.999828808604968,1.0004803278063248,0.9988645886437556,1.000191220263149,7109228535.17094,34033128281.7426,-4.69087001983004e-05,-4.6909800445785135e-05,-0.092514169120729,-0.0970773263211962,0.0011204583234207,-6.794017460041725,-0.6787476292534507,-1.8720632921200872e-05,0.04146069694943222,0.0006605213817261202,-2.0410669990565226e-06,0.012137937720037684,0.00032000022964684405
2024-07-21,0.9995147568860072,1.000563612137178,0.9966398601814148,1.0005108946375392,4448947961.756998,34084425328.470352,0.0003196132578588,0.0003195621924221,-0.3742010205823234,-0.4687260785929219,0.0027085421930216,-5.911344724984464,0.8826727350572607,0.0028193318027133754,0.005089977758402142,-0.08793161810365735,-0.00016235237152213258,-0.008192234803381382,-0.00014281183635578287
2024-07-22,1.000668220735652,1.002278390324124,0.9979753587764948,0.9997049612115988,7108454165.614951,33940190877.759445,-0.0008055218891267,-0.0008058464962141,0.5977831673283158,0.4686171481050146,0.002982854869507,-5.814874427161737,0.0964702978227274,-0.0005521812712151392,0.007094687648930176,0.09224161391616281,-0.0003470685331681523,0.013975534106418053,-0.0005102474428753112
2024-07-23,1.000536984090502,1.0013041511745513,0.9968525767392716,1.0008101039424917,8031948945.166615,34052829724.303467,0.0011054688870939,0.0011048583063077,0.1299149938982229,0.1221424032558429,0.0031460773316415,-5.761598893706783,0.0532755334549541,0.001995485870849771,-0.024036616637797437,-0.09910922361105357,0.00138950705539808,0.03232661300368278,-0.009918946808431528
2024-07-24,0.999977597788346,1.001575701192258,0.998337760171322,1.0003075206657364,8359964751.797714,34093234013.738323,-0.0005021764616239,-0.0005023025944523,0.0408388809329385,0.0400270042948704,0.0022804732086174,-6.083372309911598,-0.3217734162048158,0.0006776764238367948,0.0008489629339862859,0.04522230193843768,0.0011939018015132928,0.012735096426123249,-0.14827360837972314
2024-07-25,1.0004743164053684,1.001327037902649,0.999202903923332,0.9997363992516264,8113599664.896979,33933766414.806023,-0.0005709458364662,-0.0005711088881056,-0.029469632255059,-0.0299125860383632,0.0014298523844643,-6.550184067685959,-0.4668117577743604,-0.00015630281949640849,0.01560485643593168,0.0053085961787529,0.000752869815306621,0.00011620934468936639,0.006351101140165127
2024-07-26,0.999384496975306,1.0013419885146355,0.9990295826102836,0.9997330486539566,7814323369.607187,33889565623.66196,-3.351481122737532e-06,-3.3514867389629384e-06,-0.0368857606549893,-0.0375832456164938,0.0016203851633674,-6.425091402832053,0.1250926648539057,-9.57809339451062e-05,-0.0003855101507888037,0.0001852459862075051,-0.00043195809987850106,0.0072299442867560515,0.0027870098975126822
2024-07-27,1.0002400697376446,1.001622188296036,0.9991686788337624,0.9993022432740754,5701500148.89636,34148114211.973003,-0.0004309204146659,-0.0004310132875493,-0.2703782683128245,-0.3152290549101533,0.0016332696472281,-6.417171354786845,0.0079200480452081,-0.0002126393889141431,-0.027998159501535724,-0.0004377279393557032,-0.0005421609906226859,0.0006146878944477407,-0.0007852969073391947
2024-07-28,1.0012285285951743,1.0012285285951743,0.9981903549769288,0.9998452342828016,5859476921.740881,34150747395.14465,0.0005433701489023,0.0005432225767981,0.0277079310214698,0.0273310128726591,0.0019696591301565,-6.229894781581094,0.187276573205751,-0.0008227752702320374,0.028053085777873576,-0.04696785679918758,-2.3987413820324374e-05,-0.005700935670976293,0.002143109780689656
2024-07-29,1.0018371011469904,1.0018371011469904,0.9958800725949384,1.0000696029596794,5260414790.537276,34055562491.15218,0.0002244034068319,0.0002243782321535,-0.1022381586623981,-0.1078504559461104,0.0040717647436168,-5.503678775563786,0.7262160060173075,-0.00046723942863223484,-0.03691680990915103,0.10068996678503872,0.0002672328521540027,0.001972609112758761,-0.0005166531934204244
2024-07-30,0.9967748737429248,1.001133290235518,0.9967748737429248,1.0004919471592386,7372560887.7622175,33673193443.295128,0.0004223148051989,0.0004222256554002,0.4015170250498849,0.3375552392834108,0.0020410557143341,-6.194288097960034,-0.6906093223962477,0.0005142286554931617,-0.013509062789584192,-0.0005035260760877236,0.0010640466911990918,0.02346815767666044,-0.007801300407531464
2024-07-31,0.9995892081122262,1.0009233858708897,0.999090459644946,1.0002184548585205,6637970028.268958,33418456392.89096,-0.0002733578231136,-0.0002733951921736,-0.0996384934185642,-0.1049589223278503,0.0012356389867471,-6.696167044530648,-0.5018789465706135,-0.0002557729521671981,-0.03616446671767193,0.002169209601057709,0.00036772331909011916,0.0105258196622664,0.007335469690064045
2024-08-01,1.0004876197576869,1.0017560427009826,0.9988470085507488,0.9999190796460868,8487496565.571429,33180343016.459625,-0.0002993098267477,-0.0002993546288739,0.2786283350822522,0.2457878901265645,0.0020258038161736,-6.201788710927361,0.4943783336032865,0.0005347688963015882,0.007964311150828962,-0.002404632350009095,-0.00025369481502245984,0.018598044691295,0.00051729050566518
2024-08-02,1.0002131322368475,1.0014554973500638,0.9984902711155031,0.9998556116511464,9142529694.661776,32937818301.82326,-6.347313120858011e-05,-6.347514571301788e-05,0.0771762467330372,0.0743430307773848,0.0020849832264476,-6.172994468632961,0.0287942422944,-0.0003844396993709875,0.027789783779923027,0.0015079017462866773,0.00066189542342046,0.017039801304033375,-0.002734477471062924
2024-08-03,1.000210384018699,1.0007645209813507,0.9990364353740696,0.999814148328654,9213191493.28643,33032576442.365456,-4.146931017767752e-05,-4.1470170053293205e-05,0.0077289110327871,0.0076991960115379,0.001196992122332,-6.727943433604171,-0.55494896497121,-0.0014136435153243978,0.06995774023287993,-0.02058163756957132,-0.0002217711195573446,0.006681800356005851,0.0028452155520115596
2024-08-04,0.999895381598584,1.0011052714313369,0.9975764983719182,1.0007350788257012,6861044194.686988,33154201407.581043,0.0009211016853349,0.000920677731494,-0.2553021176552589,-0.2947766699049488,0.0024417507962762,-6.0150399575279065,0.7129034760762645,-0.0011006069529513555,0.019087349688142297,0.008857053379128565,0.0016325267624905148,-0.018280003166772474,-0.05412922709215717
2024-08-05,0.9947346479427636,1.0046520421439045,0.9913924910051723,1.0026824239455816,22330071789.20003,33453196845.935905,0.0019459147191736,0.0019440238796707,2.254617104272824,1.1800746356453105,0.0079871570281637,-4.82992039877142,1.185119558756487,0.005909170853121499,0.27931193635577856,0.7314005027761601,0.001876047221616719,0.07055471888424947,0.6483640388538445
2024-08-06,1.00388648079343,1.00388648079343,0.9984251409048334,1.0022161200579176,20117302594.108097,33913575668.84794,-0.0004650564092159,-0.0004651645814865,-0.0990936892626624,-0.1043540104238275,0.0037158473820074,-5.595148529377889,-0.7652281306064692,0.0026245443716457545,0.16716656609020575,0.06762137212376906,0.0023044885967222254,0.0711996002332107,-0.003996948802931222
2024-08-07,0.9997679639158988,1.0029509345575605,0.998322443381722,1.000797960347434,12269161380.892273,34355862832.05104,-0.0014150238477521,-0.0014160259394309,-0.3901189623460934,-0.4944913610731972,0.0032075366886003,-5.742252023160982,-0.147103493783093,0.00031014123653294216,0.06580468375598514,0.015095633036938949,0.000323228494734368,0.02276725996611262,0.011530419818901905
2024-08-08,1.000297526777587,1.0040614595921782,0.9972206823211976,1.0020263820717754,11020270378.065382,34516342728.21463,0.0012274422740778,0.0012266895826703,-0.101791064935529,-0.1073525706330758,0.00471342710093,-5.35734001326442,0.3849120098965617,0.0018112222016106075,0.02824196308366922,-0.007020627521891143,0.001818286065569142,0.013528071682461729,-0.0070594074423651065
2024-08-09,1.000614945842504,1.0018675026763868,0.9984908954952696,1.0018675026763868,9248809957.112104,34459427257.99565,-0.0001585580961053,-0.0001585706677691,-0.1607456405497247,-0.1752414486758172,0.0022570226244482,-6.093708757072808,-0.736368743808387,0.0016553991701556108,0.0011678289721182011,0.001197917828805295,0.002414079130181093,0.012274629475378163,-0.0056309352853105565
2024-08-10,1.0012446747262105,1.0015103592047832,0.999321219144784,0.9996832289443806,5858729386.132372,34468988157.399055,-0.0021802021985654,-0.0021825822994086,-0.3665423537406393,-0.4565621381894024,0.0012054962935528,-6.72086393496176,-0.6271551778889526,-0.0002121973638655417,-0.037533648903711025,0.005934702991794438,7.01159413003922e-05,-0.0028454638618846673,0.012908273768276857
2024-08-11,1.0007680838628947,1.0012503593584583,0.996414238244167,0.9997615956140108,3420040192.3494587,34446835147.20238,7.839150178901022e-05,7.838842933580228e-05,-0.4162488200180908,-0.5382804486187874,0.0033660542856906,-5.694014055687418,1.0268498792743417,0.005040830066269196,-0.040024048822399294,-0.05885128778338622,-0.00023213555130087034,-0.013805122320327712,-0.00010718162509615325
2024-08-12,0.9998327048954654,1.0019633176037646,0.9977547601507232,1.000095774015367,7502019654.253199,34485139524.06246,0.000334258089951,0.0003342022381612,1.193547219425965,0.7855199683703028,0.0029718286873753,-5.818577795990115,-0.1245637403026966,-0.0037831785088456764,-0.1935490359451144,-0.5985030057488636,-0.00011415318647728151,0.009830076367983054,8.942263809874618e-05
2024-08-13,1.00084863874162,1.0021137558211115,0.9984836577986256,1.0010681985572123,8454265865.623689,34518991526.755066,0.0009723314177609,0.0009718590097679,0.1269319803542001,0.1194988786259338,0.0025624791785247,-5.966780060004393,-0.1482022640142783,0.0012996914477353188,-0.1838835925000204,0.09355987700261448,0.0033761960665034817,0.016850160864258612,-0.0255602512017985
2024-08-14,0.9995892789899424,1.0014280095342964,0.9984691960625556,0.9994199831149788,7292660239.824745,34535554976.66886,-0.0016464566995625,-0.0016478135989829,-0.1373987575340167,-0.147802754396161,0.0020896560405835,-6.170755800432644,-0.20397574042825,-0.0008776676851586955,-0.09007617523070977,0.006173093973287358,-0.0008372841101938708,0.0021431091905981248,0.024052238354237865
2024-08-15,1.0002039401546472,1.001505485508629,0.9918967026893928,1.001505485508629,8190020138.058189,34490773009.97081,0.0020867127222632,0.0020845385613114,0.1230497333926268,0.1160479609668208,0.0067688919009563,-4.995417883304512,1.1753379171281315,0.0008895965606361955,-0.05509681071238148,0.29515405625411084,0.00269006328687496,-0.004163061964412407,-0.014555970225924142
2024-08-16,0.9997663418765348,1.0026655587717772,0.9993691504533,0.999747627575774,8019463268.980215,34615254216.87396,-0.0017552154813832,-0.0017567576769308,-0.0208249633337791,-0.0210448611497159,0.0023285167605183,-6.06252379757833,-1.0671059142738182,-0.0014963050362857228,-0.024911117034211117,0.04777096763342925,0.00011779875738338299,-0.0011702422731438844,0.01606213245221877
2024-08-17,0.9995043522932678,1.0011978097823906,0.9995043522932678,0.9999621288725488,5099796958.6768265,34834174450.57517,0.0002145554446524,0.0002145324309247,-0.3640725335817473,-0.4526707686579941,0.0011627117854285,-6.7570002560819225,-0.6944764585035923,-0.000805660882022443,-0.01569444979625345,0.00531787958497798,6.946083308072367e-05,-0.008780609995781674,1.980971599735426e-05
2024-08-18,1.0003134599059202,1.0045637770570046,0.999270070454007,0.9999347312196823,2738295229.848125,34827180001.18988,-2.7398690485735955e-05,-2.739906583671222e-05,-0.4630579899481738,-0.6218651790347802,0.00372864193494,-5.59171120413354,1.165289051948382,0.00010203818950427036,-0.01431137481603173,0.1635302597112238,0.0001059351395341969,-0.020413556228518814,-1.400071836954453e-05
2024-08-19,0.9996305632343134,1.0027139070651925,0.9977854425971648,1.0003608073922126,4805301001.30675,34865168162.799,0.0004261039838175,0.0004260132272953,0.7548513209707006,0.5623841359334957,0.0034543989441323,-5.668106803862536,-0.0763955997289951,-0.00048753653448187646,-0.05870731320581868,-0.0005455511737384455,0.0008461031994097095,-0.00936823257842434,-0.0015445612689468646
2024-08-20,1.0002116128459415,1.0006989536947015,0.999106852003936,1.0003915750206114,6273896286.2030735,34952788586.4282,3.0756531214981564e-05,3.075605824257334e-05,0.305619832034862,0.2666778950900212,0.0011203291722535,-6.794132733058554,-1.1260259291960182,0.0008023037541543898,-0.05012284969362213,-0.0009760236035578629,-0.0002764992004635658,0.007427819909878508,0.0014017849583325415
2024-08-21,0.9996452610352656,1.0012133210163945,0.9963069054155882,1.000132745433037,5998159753.524511,34789579478.321205,-0.0002587282760442,-0.0002587617519788,-0.0439498072808335,-0.0449448644646454,0.0034604319194483,-5.66636186549288,1.1277708675656737,-7.11827385391216e-05,-0.030992014539446444,0.0015343970173260502,-0.00040410334299629765,-0.004512492809993773,-0.00019015803352573357
2024-08-22,0.9996799887193614,1.003219432263224,0.997446762370758,0.9997141067479604,6540384450.985293,34885322202.437325,-0.0004185831200792,-0.000418670750448,0.0903985088330086,0.0865432338579893,0.0040804910033382,-5.501537953851367,0.1648239116415135,-5.224870152867319e-05,-0.04093948848437634,-0.4301779208231187,-0.00026353166471899123,-0.006094293082931301,0.00020548806804487896
2024-08-23,1.0005745029147592,1.0031398289441875,0.9979569678271696,1.0001598387953172,7010316909.747658,34594061655.10204,0.0004458595155838,0.0004457601497643,0.0718508922960285,0.0693869599668447,0.0036537641593466,-5.611997366254748,-0.1104594124033813,0.0006555966031179634,-0.025896433464975388,-0.0024279181189905685,-0.0003143779304414968,-0.005546636116221748,-6.432908057529829e-05
2024-08-24,1.0003582679195715,1.0006285608124426,0.9992529322550388,0.9997959746113936,8940226148.898527,34885645037.360344,-0.0003638060336055,-0.0003638722270754,0.2752955770754646,0.2431779769003171,0.0009078392416066,-7.004443241726282,-1.392445875471534,-0.0005174569922454875,0.095163975203306,0.0009226098126529081,0.0004116463198258526,0.0034008292665390627,-0.00015463447394292729
2024-08-25,1.0005554020967395,1.001040171108632,0.9991558856585496,0.999600574888026,4471749530.20911,34828423970.44065,-0.0001954395980074,-0.0001954586988144,-0.4998169558876261,-0.6927811593291416,0.0011928080786874,-6.731445021659887,0.2729982200663947,-2.999987917134775e-05,0.04015646139372109,-0.17552659841922935,-0.0006395458289481975,-0.013823452328178831,-0.0005249332496015668
2024-08-26,1.000854533744112,1.0010358652123543,0.9989258979906288,1.000008704079386,4976293646.334967,34689976210.92519,0.0004082922735468,0.0004082089449374,0.1128292433906203,0.1069056403891216,0.0013964026123418,-6.573855911966147,0.15758910969374,-0.0002028864175957627,0.0038751456910439686,-0.0003254529992888777,-0.0012190705299107076,-0.003024537584607856,-0.0023669868767379754
2024-08-27,1.0007527936033116,1.0012706837205303,0.9839854720410962,0.9839854720410962,6180447661.083802,34446492650.40007,-0.0160230925720199,-0.0161528502662587,0.2419780865696488,0.2167053396919069,0.0064294805998064,-5.046861521630379,1.5269943903357683,-0.015789344325268122,-0.0021159319830346135,0.6691415300454064,-0.017979561965290464,0.0013397652694884243,0.019328579924406952
2024-08-28,0.9986410563553424,1.0028459922676856,0.9986410563553424,0.9991037626010796,9180083407.231144,34394889819.242035,0.0153643432647672,0.0152475069649686,0.4853427956416551,0.3956455844314123,0.0029571516191755,-5.823528764764286,-0.7766672431339074,-0.0005765767646094959,0.0696414622866861,0.3603991067585657,0.0023336989260803733,0.016217925215833873,0.4265791984805265
2024-08-29,1.0002742970415033,1.0008802403249828,0.9980594324172364,0.9998512904379004,7640999866.329288,34546067517.47482,0.0007481984002088,0.0007479186393215,-0.1676546358706852,-0.1835078231745977,0.0019782803178541,-6.225527337999516,-0.4019985732352298,-0.000723058571600925,0.02300247287330137,-0.004308332638854218,0.0002621556654126326,0.0011011220858279103,0.004831990976863487
2024-08-30,0.9996265670850318,1.0015131533275294,0.9971446051948056,1.00033279724335,7156231242.490636,34629054606.53138,0.0004815784207656,0.0004814624990934,-0.0634430875957511,-0.0655449875571545,0.0030597844892693,-5.789410793841388,0.4361165441581276,-2.5461878314369747e-05,0.0030102163917504754,-0.014769428452332534,-0.00015475903117569045,0.002122455305563875,4.0038280326726294e-05
2024-08-31,1.000327477553344,1.0005471918401772,0.9995463716875168,0.9999775762322504,4660129047.187929,34725032039.9755,-0.0003551028338554,-0.0003551658977966,-0.3488012210228648,-0.4289403393306762,0.0006734194538124,-7.303142162714263,-1.5137313688728744,-0.0005776719372458517,-0.09229704488744517,-0.0003570431100570204,-0.0002355335465650135,-0.01578162201219868,-2.8190128025684658e-05
2024-09-01,0.9998559546783292,1.0009653304488673,0.9977005368160008,0.9977005368160008,2779826773.078834,34719798683.25153,-0.0022770904771975,-0.0022796869901303,-0.4034871685031403,-0.5166545263647858,0.0018808281079849,-6.276043116153684,1.0270990465605792,-0.00315627984731671,-0.03897139428379148,-0.010433622937214615,-0.002512472900381382,-0.026799769490299497,-0.0056267187756366965
2024-09-02,1.000528375596869,1.001223106001046,0.9992490140561212,1.0004737675120612,5202458982.240681,34767490491.16544,0.0027796223352858,0.0027757663289639,0.871504740016094,0.6267427810954972,0.0013951524524472,-6.574751584771575,-0.2987084686178916,-0.00027885507666160144,0.005298225813053392,0.010708023326615468,0.0005782791939700727,-0.017269919846238935,0.005377230915957654
2024-09-03,1.0004282502111088,1.000981053634206,0.9987034355051336,1.0000262033054834,4931213592.248947,34717297759.84203,-0.0004473522656078,-0.0004474523574846,-0.052137919956249,-0.0535462724970281,0.0015912825187369,-6.44321497233165,0.1315366124399251,0.0013860708081415444,-0.029622023172706236,-1.226275208763397,0.00530546583728432,-0.008417203271793738,-0.025524420674443604
2024-09-04,1.001003457642415,1.0014383602151646,0.9985892710381796,1.0014383602151646,6859890938.246658,34719441318.198944,0.0014121199074719,0.0014111238037903,0.3911161643919203,0.3301064208792378,0.0019964123284688,-6.216403545037822,0.2268114272938284,0.0011630673370254879,-0.05745932512207119,-0.2703653440982583,-0.002441621172201438,-0.07016493220837461,0.016182701068296446
2024-09-05,1.0005628486852218,1.001996459665758,0.9985286556332652,1.0008613704030318,6510308059.113689,34896942962.122,-0.0005761610849507,-0.0005763271295306,-0.0509604135517525,-0.0523047673873632,0.0024444452388017,-6.013937077995742,0.2024664670420799,0.001234502294845087,-0.029245068225250748,0.10717664739836064,0.0010930626450808873,-0.06606618736178405,0.004326289596595423
2024-09-06,1.0001038014034889,1.0019595749413217,0.998961729386189,1.0003384031262823,8036705070.834622,34894273189.491104,-0.0005225171959019,-0.0005226537555838,0.2344584922650705,0.2106324061232634,0.0021138015961558,-6.159267248277256,-0.1453301702815137,1.0921936585084869e-05,0.022846532789841945,-0.09634274205446935,4.086335558602098e-05,-0.021472816234446412,0.0010770418228949197
2024-09-07,1.0000924079362,1.000764498980668,0.9989491240447432,0.9989491240447432,8890799008.959501,34880511347.60783,-0.0013888091041963,-0.0013897743933987,0.1062741422755955,0.1009977406278345,0.0010690448797411,-6.840989664900786,-0.681722416623531,-0.0009073728153456055,0.10303742313335817,-0.017529682619914055,-0.0016661853533294752,-0.010980487860244637,-0.0025081663373827112
2024-09-08,0.9998944869233448,1.0005979233720546,0.9992662780426064,0.999965682468368,3297972354.8798146,34960270704.882645,0.0010176278242366,0.0010171103920481,-0.6290578212873379,-0.9917090810474862,0.0009406391420994,-6.968950975349936,-0.127961310449149,-0.0005625541761265948,0.011919678769128694,-0.20730315216815498,-0.0012782188812722325,-0.03134022893089039,0.001034196710642199
2024-09-09,0.9987603950384172,1.0013585753341443,0.9985853279384044,0.99968994563072,5580421395.659292,35083378891.77084,-0.0002757463005804,-0.0002757843255819,0.6920764624974107,0.5259564507642737,0.0018738650289238,-6.279752120745874,0.6891988546040615,-0.0007382609842326846,0.008606082084433808,-0.007555151516833725,-0.001077891483515751,-0.0014900350213267188,0.00042669063508249394
2024-09-10,0.999239455811862,1.0002816669913517,0.998250019348145,0.9999391907563528,7055244517.404649,35191018379.321434,0.0002493224291413,0.0002492913534696,0.264285260409284,0.2345069509661539,0.0013702316430803,-6.592775470894515,-0.313023350148641,-0.0010637656079487611,0.04703241430794591,0.0630909298782596,0.00010649800731746842,0.019289801723139988,0.001038557258745243
2024-09-11,0.99980422357863,1.001384625405478,0.999090946301932,0.999839715375066,6508129610.837774,35332177420.812874,-9.9481430677395e-05,-9.94863792831188e-05,-0.0775472636302245,-0.080719138667482,0.0016213410828043,-6.424501643307643,0.168273827586872,-0.00072298781719943,-0.007637813893030199,0.017563459791898772,-0.0010085763232472785,-0.005237113808632898,-0.00090788752533566
2024-09-12,1.0004179134011288,1.0013446497799363,0.9993464583180672,0.9998654799420847,6788108161.573229,35368018103.13079,2.576869734483012e-05,2.576836533765228e-05,0.0430198179011702,0.0421201767021387,0.0013700912060663,-6.592877967586975,-0.1683763242793317,-0.00023832512304567473,0.006036725804001719,0.0031277392092263767,0.00027627627248417573,-0.008841500817435843,0.0008492817996907931
2024-09-13,1.000088170097727,1.0008858951435635,0.9986298468294084,1.0002021345178655,6041845646.542036,35474028540.170654,0.0003366998686666,0.0003366431979862,-0.1099367448585612,-0.1164627455889033,0.0015940816451839,-6.441457479609651,0.1514204879773233,0.00010971042458678754,-0.0441803827784355,-0.16699733043512932,-1.8052702444288144e-06,-0.00668922624091195,6.883025837733925e-05
2024-09-14,0.9999736104352136,1.0010335160374657,0.9996064371169032,1.0001284738003002,6203682747.889419,35765161083.34972,-7.364583120073043e-05,-7.364854318810891e-05,0.0267860370514443,0.0264335714138605,0.001004172649261,-6.9035913110808895,-0.4621338314712382,0.00023398419179981,-0.06277589399501693,-0.0016830112062207192,0.00036215097402586994,-0.01071554074465908,-0.00011827712644052468
2024-09-15,0.9999584800991907,1.0006152738900185,0.9992788549319378,0.999609556431442,2833408958.3624125,35734932793.61304,-0.0005188507101356,-0.0005189853597427,-0.5432698489737602,-0.7836625416442418,0.0009198107685571,-6.991342595428487,-0.0877512843475978,0.000849854095843647,-0.011264139999568101,-0.027065803137919175,0.00010525076916546825,-0.028530384700598432,0.00010829074884277645
2024-09-16,1.000659595633055,1.0039964023424783,0.9981941022753406,0.999510058809218,14678524533.610016,35605096206.20441,-9.953648560467876e-05,-9.95414396894062e-05,4.180517443586247,1.6449049438666772,0.0040356223405843,-5.512594753568584,1.478747841859903,0.00027077229740876267,0.20036307130810727,0.6428537937050036,-0.0008034720388119312,0.05207524779320849,-0.0005724830791669078
2024-09-17,0.9999222208406924,1.0025718282840617,0.9984121495470024,0.9998617053473664,6479714765.862671,35506276207.923546,0.0003518189087234,0.000351757034963,-0.5585581676805591,-0.8177090177437744,0.0029396542252436,-5.829463315009537,-0.3168685614409527,5.749137185437525e-05,-0.011552037907556212,0.0008057941811125957,0.00023120080803974084,0.019626022884008165,-0.027143762255539272
2024-09-18,0.999858436103331,1.000902001041095,0.9977781376561852,0.9993414523212636,7341714533.182077,35542453857.800644,-0.0005203249842657,-0.000520460400286,0.1330305111361864,0.1248959111944737,0.0021868669577887,-6.125285372339242,-0.2958220573297048,-0.0010765907161523912,0.016688705037211093,0.05774625317149695,-0.0008703550756082395,0.013089280801032999,-0.0006715330816184917
2024-09-19,1.0016640659682514,1.0019915212545996,0.9986377071413556,0.9997810328791829,9073145572.681978,35514064160.46956,0.0004398702334404,0.0004397735188895,0.2358346993300291,0.2117466116855956,0.0020622212749923,-6.183971588285248,-0.0586862159460057,-0.00030715730858978845,0.044368736938558584,0.01079132169980479,0.0001358108018675583,0.014249518205488698,0.000704901203421926
2024-09-20,0.9999406656578388,1.001169081208211,0.9979797262948552,1.001169081208211,7487779365.258386,35573162426.26136,0.001388352332541,0.0013873894625402,-0.1747317063000639,-0.192046741030202,0.0021232190467894,-6.154821923632758,0.0291496646524898,0.0011947882779200468,0.0270917481610482,-0.013549593770110668,0.0014884608600978517,0.007500903837758699,-0.002098406977972367
2024-09-21,0.9994944272896576,1.0007712178424315,0.9994944272896576,1.0002018055699913,4643050099.556623,35841561080.49153,-0.0009661461349289,-0.0009666131549365,-0.379916277835411,-0.4779007743101688,0.0007883695324131,-7.145543628266077,-0.9907217046333194,0.0002433059727705458,-0.029272557306946112,0.013901894655981017,-0.00037255274115173987,-0.009563776010303116,0.0019836883325297094
2024-09-22,0.9997044850857472,1.001605224880272,0.9988228229248785,1.001605224880272,2896335877.074807,35879554347.64466,0.0014031361495903,0.0014021526739225,-0.376199736170974,-0.4719250518700401,0.0015733547973986,-6.4545451257314514,0.6909985025346259,0.000944559688444834,0.001197039397606403,-0.008416959045804973,0.001245734126963913,-0.021056713989146658,-0.0013489004563904672
2024-09-23,0.998386982330343,1.0007509095032374,0.998386982330343,0.999828250426467,6238791141.749828,35936500550.849365,-0.0017741265816754,-0.0017757022080889,1.1540288856452583,0.7673399888788479,0.0014116030065763,-6.563029336258669,-0.1084842105272176,-9.39821399167256e-05,-0.17488971854801605,-0.2506184627343133,-0.0007270122422598039,-0.014071985428874001,0.000977208493112336
2024-09-24,1.000293256260648,1.0010263745937176,0.998169726357513,0.9991185507400052,6431252044.867119,35907855766.43111,-0.0007098215980184,-0.0007100736406462,0.0308490697547714,0.0303828022280295,0.0018841796705738,-6.274262740828412,0.2887665954302569,-0.0007402640470430815,-0.0010980242084244196,-0.1406621574329634,-0.0017360068028465564,0.01022688382133552,-0.00237654141440391
2024-09-25,0.9998211074160536,1.0003191597790104,0.9992129445590356,0.9992129445590356,6677310302.331709,36009893002.85559,9.447709579668562e-05,9.4472633116949e-05,0.038259775195869,0.0375460185538665,0.0006849297912347,-7.286194219502786,-1.0119314786743736,-0.002450048276269984,-0.015176313584078116,-0.2070007566510812,-0.0015398757280383907,0.00879379361890642,0.0006155009276538337
2024-09-26,0.999959701082002,1.0010334030312995,0.9992286455388136,1.0010334030312995,6442761458.066206,36130641414.89845,0.0018218924025921,0.0018202347696759,-0.0351262459951274,-0.0357580110668873,0.0010877761053621,-6.82361993723783,0.4625742822649554,0.0010922055404795383,-0.06245156837109889,0.03255200404638803,0.002392737283925514,0.0013492352294015575,-1.1256667626523802
2024-09-27,1.0001091803679143,1.0011497574091006,0.9989079527398248,1.0000263951633672,7886301932.876379,36292146473.24373,-0.0010059682972445,-0.0010064746229456,0.224056172839193,0.202170075879568,0.0015843150301493,-6.447603122694374,0.3760168145434566,0.0005320953703378448,0.00971621905551956,-0.02694386911224722,-0.0002478646139266406,-0.006672408183042933,0.049030380134110985
2024-09-28,1.0000731358401012,1.0006057741657606,0.9994914482907468,1.0002978636196405,5102606308.225884,36275174728.05362,0.0002714612910081,0.0002714244520586,-0.3529785758069745,-0.4353758719026858,0.0007754348617282,-7.162086574067916,-0.7144834513735425,0.0005933778544691022,0.011088297149044024,-0.002304808381135004,0.0006713219254822426,-0.013222034944622152,-0.003219972329578269
2024-09-29,1.000073329804626,1.0004085115740335,0.9995134063368348,1.0004085115740335,3095410104.55757,36265820806.52105,0.0001106150062069,0.0001106088888182,-0.3933668565479026,-0.4998310471521811,0.0005977122961092,-7.422401029969471,-0.2603144559015549,0.002022748139181239,0.004765412303214589,-0.35014658905012475,8.100421162439086e-05,-0.021522497469771196,-0.08123393970928827
2024-09-30,0.999668274355777,1.0008178951268032,0.9989520972780044,1.0000337180802736,5517587140.599239,35965754511.46764,-0.0003746404488004,-0.0003747106440658,0.7825060183383596,0.57802024964752,0.0012997682825019,-6.645569274631342,0.7768317553381294,-0.0002594957576034977,-0.017373056600181513,0.21686623473322975,0.00017777320902635316,0.004583297108826656,-0.0002445489154689895
2024-10-01,0.9998207128082778,1.0021782728860271,0.9981260469957038,0.9981260469957038,8957778658.671223,35423657153.71338,-0.0019076067637318,-0.0019094285627337,0.6234956386567119,0.4845816261738549,0.002663853250638,-5.927981613918135,0.7175876607132068,-0.0016968024637684447,0.059582343028843354,0.23697175027457273,-0.0024039471065364104,0.03241579988199206,-0.07359599438895081
2024-10-02,0.9995331138111484,1.002778451641463,0.99576751288112,1.0003732026940328,11417628646.972511,35495960270.35222,0.0022513746686532,0.002248844122131,0.2746049084300748,0.2426362548478635,0.0049335539741904,-5.311695663382234,0.6162859505359011,0.0004134328012502425,0.10302974179229096,0.620549043875049,-5.502546692969256e-05,0.031584118979903764,0.3426137553301327
2024-10-03,0.9996164939758184,1.0012862611766458,0.9983493367075956,1.000192109395944,8545725985.837752,35557608184.97376,-0.0001810257387954,-0.0001810421259321,-0.2515323233862813,-0.2897272602717278,0.0020460508942345,-6.191843736769649,-0.8801480733874154,8.291653712540335e-05,0.04251496070287075,0.0012891921893043445,-0.0008108635700474712,0.017919593044116056,-0.00374680157522711
2024-10-04,0.9998896577461832,1.0019612832827156,0.999163612779046,0.9995638834938448,7356048173.3401,35549421136.705345,-0.0006281052371814,-0.0006283025779141,-0.1392131943464164,-0.149908417696758,0.0019667402664082,-6.231377793841422,-0.0395340570717728,-0.0005093447984230877,-0.010550750288178534,-0.001986091435426829,-0.000998901977929167,0.0024349134663488314,-0.0019593745023476217
2024-10-05,1.0003630504614862,1.000367460261564,0.9989783474607092,1.0002476564946596,5306780302.955467,35520607941.49476,0.0006840713356155,0.0006838374654692,-0.2785827148076083,-0.3265375501781919,0.0009799532219425,-6.92800572015054,-0.6966279263091177,0.0001742987167249998,0.0040757520511611744,0.0018015831064666088,0.0001438298163562198,-0.005916649417883946,0.005605446134376635
2024-10-06,0.9995934785542946,1.0011264120503272,0.9993322657180764,0.9993322657180764,2600988834.929004,35581417816.03769,-0.0009151641302426,-0.0009155831486018,-0.5098744085033153,-0.7130936115421427,0.0012579178761696,-6.678297404098963,0.2497083160515769,-0.00033617663840409536,-0.009898454398690859,-0.0006492055022633281,-0.0007603609825992336,-0.027167388178892082,-0.003190295232962548
2024-10-07,0.999999858044371,1.0028513923193667,0.9966929003840116,1.0002141292426725,5091247606.360957,35465061240.20344,0.0008824527685618,0.0008820636360279,0.95742770518272,0.6716312159825315,0.0043536817059719,-5.436733422661033,1.2415639814379302,0.00039340958587051394,-0.008614823514800918,0.010010164444552494,0.00031962496382980076,-0.019437937077114498,0.0027253014539416753
2024-10-08,0.9988174972370544,1.0008539233042772,0.9979850547962872,0.9997902420510156,7596081750.218706,35239858238.412125,-0.0004237964444451,-0.0004238862715381,0.4919882782224603,0.4001096453314447,0.00193751313736,-6.246350016186831,-0.8096165935257984,0.00025721526288482506,-0.028022969777513396,0.0006823392155093089,0.0010305939560784929,0.021960671617634375,-0.005511644283751949
2024-10-09,0.9997312566831746,1.0015295466538727,0.9988018754998258,0.9995356272597036,6910205201.694226,34924055880.03908,-0.0002546682099934,-0.0002547006434486,-0.090293465904936,-0.0946332214877496,0.0019245966566279,-6.253038862221087,-0.0066888460342555,-8.09010132845492e-05,-0.09879568770628566,-0.14001148984364065,0.00029635295388416767,0.006697828048807253,0.005593490450674921
2024-10-10,0.9994173736321482,1.0011553894288128,0.9967118937399436,1.0011553894288128,5038604970.168004,34722014297.53292,0.0016205146919574,0.0016192030748293,-0.2708458253985494,-0.3158700815403846,0.0029541896884086,-5.824530882849072,0.4285079793720143,0.0012650708220919796,-0.08424726985129638,-0.01649764312818025,0.0013505180681960157,-0.01017501913018748,-0.010010883521094804
2024-10-11,1.0005243338414604,1.0008900380581525,0.999560668705108,1.0005009418316315,4595172898.381386,34810400279.044495,-0.0006536923279758,-0.0006539060779619,-0.0880069135032494,-0.0921228695322067,0.0009396820871945,-6.969968945016649,-1.1454380621675764,0.0001378318275452986,-0.07170541557007226,0.01637083611522616,8.299030251340567e-05,-0.009748517873486406,0.010472747327208154
2024-10-12,0.9999004586278164,1.000782631197922,0.9993553023717804,0.9998554430442016,3534497982.073768,34982568453.5374,-0.0006451755919871,-0.0006453838073212,-0.2308237230162182,-0.2624351068978404,0.0010088164681485,-6.89897744895384,0.0709914960628088,0.000262036692786852,-0.04889632102044317,-0.0005060722756269342,-0.0002327336161346189,-0.01680199884131639,-0.00026973335567781476
2024-10-13,0.9998025530576672,1.0005174469389824,0.9990176679674708,0.9997037041468522,1859683721.5618584,35028112974.271255,-0.0001517608354337,-0.0001517723522745,-0.4738478474188459,-0.6421648446107662,0.0010589690929088,-6.85045939795512,0.0485180509987195,-0.0002961978017976621,-0.021183270270643817,-0.00019445074060175926,-0.0002699498444397319,-0.02202027610224988,-0.00010677515365919987
2024-10-14,1.0001077583312132,1.000927248103745,0.9989185732732228,1.000301137955554,3891924765.577738,34961248057.64074,0.0005976108783267,0.0005974323800572,1.0927885319709625,0.7384974025117925,0.0014153656359138,-6.560367381327326,0.2900920166277938,0.001484295093617257,-0.035251070623534275,-0.2820130149679203,0.00034261338540484803,-0.012383429939909263,-0.0002541367498594127
2024-10-15,0.9997508182970232,1.0019877037852107,0.9954452756325606,0.9990636177313408,5590132425.717175,34756046791.386505,-0.0012371476720924,-0.0012379135710256,0.4363413381366703,0.3620991430319858,0.0046124005819252,-5.379006823901941,1.1813605574253856,-0.000668041513623389,-0.06188746744046014,0.3404068179329034,-0.0015961991438692615,0.014749484605331986,0.025606892300912065
2024-10-16,0.9994640634070916,1.0023046624373464,0.9987444651540108,0.99986916358001,6200883084.475511,34850725701.95594,0.0008063008544925,0.0008059759685839,0.1092551324810486,0.1036887382493179,0.002503484874182,-5.990071568081082,-0.6110647441791413,0.00045195118072671736,-0.022834061770137026,0.049508820905883155,-5.306279555775307e-05,-0.04607077817248495,-0.12956867630427116
2024-10-17,0.9998822015837074,1.0006555950268932,0.9958804108118112,1.0002258088440357,4901546946.535704,34780178568.81079,0.0003566919323212,0.0003566283328771,-0.2095404993512644,-0.2351408562209631,0.0033756820042708,-5.691157899732589,0.2989136683484927,-0.0002984130734479501,-0.004472834457445174,0.0009460188687340221,0.0003673572708391454,-0.008815747555555475,-0.0009298960277144275
2024-10-18,0.9997775128002192,1.0004607036982902,0.99874942885017,0.9997073481074537,4673043001.59022,34783023852.53216,-0.0005183436899925,-0.000518478076524,-0.0466187404584554,-0.0477403928535801,0.0012097462596608,-6.717344644123801,-1.0261867443912118,-0.00019314839671329137,0.0025437138719084373,0.00042430378199753704,-0.001955377668028579,-0.015086506389106802,-0.026681481589564626
2024-10-19,0.9995660673705928,1.0015583277205766,0.999493866995084,1.0002389693618596,3310301952.0386133,34976738344.46908,0.0005317768799162,0.0005316355366977,-0.2916174854560232,-0.3447710564046609,0.0013977886156441,-6.57286385143565,0.1444807926881512,0.00043640725077621824,-0.007341187664003712,-0.0012568419082228388,0.00029827691574272003,-0.033376278750171906,0.027005274750508512
2024-10-20,0.9999829333599584,1.000891299179649,0.9994750140396574,1.0005488830721836,1911247778.939001,34988291464.586296,0.0003098396681362,0.0003097916777389,-0.4226364221058505,-0.5492830932473152,0.0009374971408487,-6.972296849885721,-0.3994329984500711,0.0004409799652673503,0.0016932179175341844,-3.296882982528615e-05,0.001054433046285401,-0.033393668713753044,-0.007252688722733325
2024-10-21,1.0005261563263532,1.0007328392145642,0.9971860842689756,0.9999599251105324,3835335838.105588,34864755444.10743,-0.0005886348699353,-0.0005888081834559,1.0067182708433091,0.6965006866890575,0.0024857726711599,-5.997171733695131,0.9751251161905898,0.00020913706140820323,-0.0018583738595090438,0.0012370875608871401,0.0002554828949020154,-0.0049305965381805095,0.007419478322552742
2024-10-22,0.9995741903751172,1.0005042655911274,0.9994217212508846,1.0004045259799683,5060841304.328898,34631620669.39074,0.0004446186874806,0.0004445198738805,0.3195301579714156,0.2772757323055247,0.0005653808229672,-7.47801103091848,-1.4808392972233486,0.0009405244396500576,-0.017551144657335982,-0.07373143168175922,0.0020187641646764107,0.013158639961687868,-0.02904726440490446
2024-10-23,0.9991823568505728,1.0014929873189808,0.9981832520340528,1.0002890448350208,4762218880.397561,34478584566.89198,-0.000115434448714,-0.0001154411117828,-0.0590064785623497,-0.0608190241838472,0.0022373176016372,-6.102477629959466,1.3755334009590134,0.00040680842468118517,-0.049323451640223226,-0.11677105520388764,-4.210199825184861e-06,-0.008957699500626859,0.029506249259921624
2024-10-24,0.9998082388583,1.0024116894457176,0.9983367653359144,1.000874584822489,5683249588.103771,34370686711.520515,0.000585370789065,0.0005851995264162,0.1934036907663765,0.1768094687492745,0.0028030987204769,-5.877029787841736,0.2254478421177301,0.0010967145497559904,0.027101403984520545,-0.0994168241156963,0.0010531111831597276,-0.004568599425297748,-0.007858566020572333
2024-10-25,0.9999546148953494,1.004266702662894,0.9984407322623502,1.0009274307534168,5408581823.161869,34446304002.26446,5.279975306526907e-05,5.279835920737055e-05,-0.0483293511368635,-0.0495362611242641,0.0040693919584522,-5.5042616866459895,0.3727681011957466,0.0013610277606493925,0.024847198721715813,0.3056676385478099,0.0009673006852549644,-0.007797101730112388,0.17736494316440332
2024-10-26,1.0005150091055512,1.000580038053779,0.9991616088819292,1.0003237223020274,7131844437.2256565,34683552947.330055,-0.0006031490723907,-0.0006033310399652,0.3186163527533294,0.2765829692228699,0.0009960461990323,-6.911716916884759,-1.407455230238769,0.000340736700946931,0.12000696176707848,0.013605065818254936,0.00021449550709686107,0.004242371620758689,0.004436688092693153
2024-10-27,0.9996434935178748,1.000624766457519,0.999593126383891,0.999623589871884,2744443424.339904,34674860537.24985,-0.0006999058550087,-0.0007001509034589,-0.6151846204026972,-0.954991593220817,0.0007292953035014,-7.223431827729616,-0.3117149108448576,-0.000902498942838369,0.02435658713001132,-0.005428041292196539,-0.0004496141539964447,-0.032098735339282314,-0.0007758398465842475
2024-10-28,1.000058300061165,1.0020081102122174,0.9988908272286554,0.9998568546168848,3844987294.443086,34672280040.46126,0.0002333525812756,0.0002333253587969,0.4010080369457374,0.3371920039163869,0.0021997028089968,-6.119433014562523,1.1039988131670937,0.00028274467815097356,0.000278691385162233,-0.1468008663293645,-0.0002164827455206914,-0.008010210426949271,0.0007715876289111634
2024-10-29,1.0002012220727827,1.0031796547432827,0.996515624379487,0.9994998930355952,7202141030.061415,34700278513.91932,-0.0003570126860072,-0.0003570764302083,0.873124793018226,0.6276080485880042,0.0046927094589593,-5.361745153534572,0.7576878610279509,0.00031774554230616696,0.05998691566662018,0.24328207980742889,-0.0001684513822562978,0.025923300928084814,9.178748489713229e-05
2024-10-30,0.9988395390072178,1.001397090102094,0.9987685000784778,1.0006877451638727,7272030941.813072,34857098303.76123,0.0011884464786382,0.0011877408351463,0.0097040465411522,0.009657264686892,0.0014608286086528,-6.52875146407872,-1.1670063105441484,0.000879288305763189,0.06601543152536138,-0.004349818407320072,0.0008668120411365365,0.010873097908252305,-0.0036018551258916176
2024-10-31,1.0004917032548846,1.001951785954468,0.9974665152668726,0.9994642818210324,5936620727.793693,35011852564.91048,-0.0012226224901354,-0.0012233705027657,-0.1836364867950402,-0.202895541346795,0.0031075594535211,-5.773917602494955,0.7548338615837649,-0.0004904755926355666,0.006428483355389147,0.003449526878188003,-6.886651307659231e-05,-0.01879766078173617,0.0037191570614139025
2024-11-01,0.9990772537941178,1.0027418706324909,0.99741381173761,1.0006684314487244,6920204067.893317,34734401842.087555,0.0012047950583067,0.0012040698751467,0.1656806768023342,0.1533051883306078,0.0036350620719378,-5.617129091955965,0.1567885105389903,0.0001533316140486631,0.03751693110860188,-0.1492194549634247,0.001051787729349413,-0.028654304281015897,-0.005496747141103597
2024-11-02,1.0005767378171206,1.0005767378171206,0.999292425984014,1.0002813718934724,5806373845.491277,34874030175.17521,-0.0003868010052956,-0.0003868758321005,-0.1609533781770569,-0.1754890057358571,0.0008894744326602,-7.024879794767504,-1.4077507028115388,0.0006379023614938817,-0.032820123204921,-0.0033465798711764805,0.0003916806577963088,-0.017864229823828737,0.004758370926540856
2024-11-03,1.000066305193438,1.0013329833752032,0.9994996010883576,1.000023145832019,3632777165.831036,34872671015.3964,-0.0002581534243356,-0.0002581867516667,-0.3743466641143105,-0.4689588378133311,0.00129558031052,-6.648796567973036,0.376083226794468,-3.515279762403091e-05,0.022114725760125964,0.003540319032450334,-0.00033983901045544476,-0.024803958914578317,0.00018844937066653245
2024-11-04,0.9995555564500544,1.00114089285535,0.9980089226945762,1.0009360725135206,5096188004.345548,34951190932.01654,0.0009129055515431,0.0009124891067006,0.4028352887369411,0.3384953948962955,0.0020427802977306,-6.193443507974595,0.4553530599984405,0.0007344328405221907,0.030341279870029325,-0.004701827257848734,0.0013422387688079582,-0.0014214929844555968,-0.00844809664485524
2024-11-05,1.0003635038642096,1.0010990857816802,0.998424111671406,0.998424111671406,5739965986.572135,35176793801.60422,-0.0025096116636166,-0.0025127660175418,0.1263253988427495,0.1189604745077857,0.0014576499415684,-6.530929769169246,-0.3374862611946509,-0.0004159964976697238,-0.03554929379637528,-0.22161719863223261,-0.0015769893910437486,0.020981429521317096,-0.0034747933012386767
2024-11-06,1.0015540958296822,1.0017709866811797,0.9946539082074102,1.0002132444238037,11591683906.92035,35869488426.732285,0.0017919566760087,0.0017903530371261,1.0194690933774706,0.7028346518078961,0.0049723354671107,-5.303865636348552,1.2270641328206944,-0.00027836071800794456,0.10157333656456302,0.42067791590416004,0.0013964241614400068,0.04209860140666066,0.0905947914609353
2024-11-07,0.9997991607763292,1.0018923840899254,0.9988983884454772,0.9989102050537328,10531819142.300013,36726134961.91306,-0.0013027615634318,-0.0013036108950086,-0.0914332010026245,-0.0958868671594045,0.0020427454455201,-6.193460569284555,-0.8895949329360029,-0.00016721700632746036,0.09780354323819296,0.00029186486850729665,-0.0008216097697836365,0.01844679882560385,0.0053830744580496415
2024-11-08,0.9997640102022024,1.0008580465951056,0.9983111319201238,0.9994476393517924,8026217209.918678,36957828284.2058,0.0005380206302232,0.0005378759490159,-0.2379078009721825,-0.2716877345154304,0.0017909193582173,-6.32502618303826,-0.1315656137537058,-0.001129084823333511,0.022177936735168657,-0.11983237568130622,3.0282904998374132e-05,0.006924185998006038,0.0028230139465090787
2024-11-09,0.99983971452024,1.0008706393248363,0.9996305125185212,1.000617902415684,6463648418.220989,37176406644.98001,0.0011709098284033,0.0011702248481382,-0.1946830930225375,-0.2165194057686335,0.0007312649771417,-7.220734678066524,-0.8957084950282637,0.0005514085972431597,0.012950469501600281,0.007216312343499176,9.3515166085128e-05,0.008772410899929639,-3.268989864935179e-05
2024-11-10,0.9993836801400484,1.0041117725610322,0.9976762031686404,1.0008512632775286,6521496648.488912,37046553938.562485,0.0002332167566472,0.0002331895658469,0.0089497798340714,0.0089099679168093,0.0044541707506504,-5.413914374408845,1.8068203036576789,0.0012954435026894598,0.0550091688701535,0.2612759017666386,0.0009504474851907307,0.011737224949815328,-0.003750025866239959
2024-11-11,0.9999445208093102,1.001743267226196,0.9971000206608316,0.9971000206608316,9869184165.766052,36977696108.73504,-0.003748052037635,-0.0037550935849037,0.5133311719255165,0.4143132951410762,0.0027672275451765,-5.88990934622181,-0.4759949718129643,-0.0032676302391538505,0.08474206045344346,-0.04102248545530962,-0.0027067259889212232,0.03765415353154111,-0.027783154850651748
2024-11-12,0.9976671255042082,1.0018560138457149,0.9953895182868456,0.9953895182868456,16952824491.404686,36738817827.95386,-0.0017154772224879,-0.0017169503385108,0.7177533833252565,0.5410172645532221,0.0043529012925991,-5.436912692387159,0.452996653834651,-0.006174032237438361,0.17468968259887063,-0.1510449103101994,-0.004728895290679861,0.08438471950591264,-0.07179718109845279
2024-11-13,1.0000434861151055,1.0032655175747542,0.9938532603064838,1.0006295584925209,13602300935.93394,36524252194.25223,0.0052643112162702,0.0052505031686863,-0.1976380724739707,-0.2201954917078352,0.0066551676686367,-5.012361633066754,0.4245510593204047,0.0008302197982760901,0.028335537097721186,0.2784903318624661,0.0008785731576035283,0.050752541691203135,0.18101934048692492
2024-11-14,0.9999531558582632,1.0013245240528823,0.9930968206250358,1.000007989080317,15224182689.732136,36661830406.90423,-0.0006211783441019,-0.0006213713553032,0.119235838218634,0.1126461651383029,0.0058340717625977,-5.14404010685844,-0.1316784737916858,0.00024400669617608955,0.06316365940390156,0.07386804780439604,0.0005440693066613968,0.047929958999080924,0.07234071306096901
2024-11-15,1.0014551269553458,1.0014551269553458,0.9975505487960477,0.998571194367506,11137062774.081684,36737338928.2097,-0.0014367832342344,-0.0014378163970047,-0.268462353542761,-0.3126065951063194,0.0021018358467811,-6.164944103401258,-1.0209039965428186,-0.001269529021749879,0.03977810792793335,-0.004954308858337697,-0.0013120219935293105,0.023695573980813123,-0.004429115102117187
2024-11-16,1.0010393155525426,1.0010393155525426,0.9984612396225256,0.9999954112256304,7288125566.667244,37055184558.66184,0.0014262546988714,0.001425238563702,-0.3455971547876821,-0.4240321458847174,0.0017042235852834,-6.374645647161736,-0.2097015437604774,0.0006119210782109647,0.010282541725199934,0.003953124508882411,0.00021792316883138777,0.011258220871880553,0.005197343381228237
2024-11-17,1.000248134208811,1.0011884883726203,0.9976986676290756,1.0007018070771696,6423399521.038001,37142552715.91724,0.0007063990930451,0.0007061497106412,-0.1186486206527681,-0.1262988910782753,0.0024529141367078,-6.010478517698818,0.3641671294629178,0.0007570416554604454,-0.001217900116984083,-0.08046476997056384,0.0011355877311588337,0.008177137201261786,-0.003851332634070559
2024-11-18,1.0007106946194306,1.0017322354101803,0.9950534205312912,0.9988469520078018,7004478134.662092,37146736572.30716,-0.0018535542318899,-0.0018552741892199,0.0904627855889914,0.0866021800698973,0.0045861653378224,-5.384711042465724,0.6257674752330944,0.0011818866235105653,-0.0362363798980887,-0.003088793247727928,-0.0011366464777982938,0.017041669268550663,-7.4883716152385205e-06
2024-11-19,0.9996875065343704,1.0022866236738903,0.997937539851813,0.9991893080248996,8950711969.523726,37291379674.49564,0.0003427512257103,0.0003426924999275,0.2778556514054309,0.2451834007541029,0.0030592790826181,-5.789575984690085,-0.4048649422243615,-0.0008545059331609032,-0.10878526654463272,0.00250130446090413,-0.0013370387181971066,0.03169122311218686,-0.0015454032446857724
2024-11-20,1.0007242554800082,1.0015280673969371,0.9984635570725664,0.9998687217515276,8498112922.633737,37504438244.17222,0.0006799649687716,0.0006797338973333,-0.0505657034246038,-0.0518889490436236,0.0021007337972526,-6.165468568025095,-0.3758925833350099,-8.444162725793052e-05,-0.07612988218584604,-0.09803786747032195,0.0002946134413285078,0.020451818861321414,0.00528279825306921
2024-11-21,1.000306975533822,1.0024881046876568,0.9992238219093122,1.0005053981032117,11373184653.448915,37811952480.438446,0.0006367599444143,0.0006365572988207,0.3383188428995523,0.2914142314487519,0.0023029274316183,-6.073574169009832,0.0918943990152634,-0.0009487988514192603,-0.06153638700317998,-0.21930486739921218,0.0013232480345129383,0.027037102685156356,-0.005168259532788433
2024-11-22,0.9996795155200668,1.0007453757989664,0.998339142514765,0.999626446269517,11251055764.25705,38282343135.849365,-0.0008785078374999,-0.000878893951663,-0.0107383193813554,-0.010796391236507,0.0017019240686182,-6.375995862858926,-0.3024216938490944,-0.001412399357115252,0.0018769822898967448,-0.007788629728749719,-0.0001818439888395311,0.027051490004652123,0.0053342345542795044
2024-11-23,0.9997515841952134,1.0004377782172558,0.999219206330212,0.9998577746078572,8479002167.438735,38897139138.06215,0.0002314147841961,0.0002313880119252,-0.2463816423010471,-0.2828691960127654,0.0008592764007273,-7.059419917390846,-0.6834240545319199,-0.0003903389357428555,0.019400888192592447,0.01304082445601118,-9.684937254743867e-05,0.011433443441323021,7.315455081258193e-05
2024-11-24,1.0004270937165538,1.0009957988344067,0.9982918084351168,1.0003704735925292,6681913197.14498,38979386086.60262,0.0005127719138584,0.0005126404912652,-0.2119458085757989,-0.2381884206459691,0.0019123689067493,-6.259412540103488,0.8000073772873577,-0.0003400372114676717,0.004162250377035548,0.0002566034866271494,-0.00014447154974462194,0.005164371391195743,-0.013927457204330196
2024-11-25,1.0008513191822612,1.00196496240286,0.9973618438850352,0.9978509365381716,8440632926.2837,38861481846.348206,-0.0025186039780936,-0.0025217809966484,0.263206012596838,0.2336529437618037,0.0026682324476294,-5.926339030424965,0.3330735096785231,-0.0018388337106292358,0.02281283504381193,-0.42447455763831776,-0.0017948059668473817,0.0052805284914754225,-0.010267200654644704
2024-11-26,0.9987280239947308,1.001384115075412,0.997202464126775,0.9998078435627804,12758239836.91122,38639665301.68456,0.0019611215993822,0.0019592011108828,0.5115264398221504,0.4131200275237829,0.0028817382220342,-5.849361617579455,0.07697741284551,-0.0009161682352076011,0.05807703948783072,0.0713025995208536,-0.0002504732634156132,0.03950516279519789,0.010134248367714704
2024-11-27,1.0030191715035028,1.0030191715035028,0.9988141553141175,1.000105441819099,9832818750.980225,38807486512.29778,0.00029765545273,0.0002976111621344,-0.2292966054351305,-0.2604516816861955,0.002357025490741,-6.050354840177387,-0.2009932225979316,-0.00020149216597199225,0.01958559642705282,0.10675048935853049,-9.576556983565536e-05,0.02289774942489231,0.00017010538499651062
2024-11-28,0.9998651709451456,1.0030648376104383,0.9980276372085016,0.999812038930818,8006849138.602151,39461970450.9308,-0.0002933719546085,-0.0002934149965788,-0.1857015428252498,-0.2054283251752818,0.0035597483151926,-5.638065434597015,0.4122894055803714,0.0001325571099814453,-0.05015427670361916,0.008063660533546901,0.0009731561129355189,0.003037659749196564,-0.00298670135700263
2024-11-29,0.9995211514375152,1.0020149732955763,0.998515523049318,0.9999840660150848,6566279361.870452,39478371174.26453,0.0001720594247403,0.0001720446242151,-0.1799171873723096,-0.1983499528137084,0.0024570351160503,-6.00879989329845,-0.3707344587014347,0.00023251255324118354,-0.07426824448488034,-0.00041059828135114884,-0.00050751652031365,-0.00266361482824351,0.00219737919416918
2024-11-30,0.99957639035798,1.001272851874896,0.9988877232497316,0.9995900368068892,6188433009.724951,39835763186.0706,-0.000394035486751,-0.0003941131391327,-0.0575434475632588,-0.0592654589328805,0.0016863846801554,-6.385168284006536,-0.3763683907080857,-0.0008370497889879234,-0.03842391219484753,-0.0073320055201824275,0.0005131249472425158,0.0009511925350658146,-1.8203893194623788e-05
2024-12-01,0.9997954480852468,1.0011634793904711,0.9992600155610988,1.0011634793904711,5156060731.438044,39954553477.0777,0.0015740879016843,0.0015728503238572,-0.1668228898437719,-0.1825090421807677,0.0010433409437038,-6.865327268839969,-0.4801589848334329,0.00031184605724406475,-0.026440515195734093,0.006845636158452351,0.0005862315050776958,-0.006682965824246878,-0.0002556605991754779
2024-12-02,0.9995365035151818,1.0018251210321918,0.9969168345298453,0.9986558342370868,7700790445.254491,39905659518.40876,-0.0025047309505447,-0.0025078730369292,0.4935414546807932,0.4011501150218551,0.0034293893092869,-5.675373077595644,1.1899541912443246,-7.228431067765304e-05,-0.013076369157307255,0.04875702831658657,-0.0014113729594130884,0.007174703518579406,-0.0052723669309919785
2024-12-03,1.0005806092276837,1.001711949077123,0.9979064175897052,1.0003764147238765,9921900053.97046,39907851317.40096,0.0017228963450697,0.0017214138616943,0.2884261848840075,0.2534214618356067,0.0026884429249021,-5.918793091286325,-0.243420013690681,-0.002638279060517898,-0.05177780696402223,-0.07667910634562247,0.0008208862418805645,0.02345622417711013,0.004220655942344997
2024-12-04,0.99967889346432,1.002003109112658,0.9970103695238204,0.9982197475815526,10004279887.4344,40153115896.833626,-0.0021558556465159,-0.0021581828486431,0.0083028283913193,0.0082685495220136,0.0034134861644847,-5.680021174289866,0.238771916996459,-0.001647000805907489,0.003207350041382284,0.04821218129426086,-0.002145276763702117,0.017930722284972944,-0.012685339103644111
2024-12-05,0.9993859123626996,1.0026891054963374,0.9987149987085931,0.9992460263358288,14748854350.236448,40404661209.68425,0.0010281090478951,0.0010275809057488,0.4742544707052167,0.3881524184224296,0.0028068020054365,-5.87570952009426,-0.1956883458043936,-0.0002752947981969639,0.1185950071870927,-0.03523298394697694,-0.0023071475177269965,0.03209813876052081,-0.0023626666160181387
2024-12-06,1.0006019611473604,1.0011610646076203,0.9983092697033908,0.9992766163738968,16584168123.64126,40347449069.78628,3.061311955376844e-05,3.061265098178698e-05,0.124437717657398,0.1172831041847101,0.0018411691010998,-6.297354528097767,-0.421645008003507,-0.000299946004354596,0.15372579658660968,-0.0001646547658253894,-0.0005227859997168934,0.01735402181796175,0.01632354862983032
2024-12-07,0.999599134745926,1.0010490750043273,0.9990562205978524,1.000255342636774,10649218296.645405,41209547128.24329,0.0009794347699525,0.0009789554366765,-0.3578684069498424,-0.4429620226980175,0.0013487626230761,-6.608567682343131,-0.3112131542453644,0.0004598828807407992,0.0615178800329268,-0.001413305387109709,0.0004913276901627343,0.00040448055120023696,0.00010145267943073577
2024-12-08,1.0002328857032794,1.000868624552136,0.9986003590487708,1.0004593071923298,5622285211.056456,41128040332.81672,0.0002039124880035,0.0002038917006779,-0.4720471442652721,-0.6387482876435177,0.001598152891318,-6.43890675954516,0.1696609227979717,0.0009228056755855783,0.00621648034765343,-0.007510627383965129,0.0006195000699194525,-0.008315174950627835,-0.0004529343926398255
2024-12-09,1.0004836383191529,1.002516317405442,0.997624606182928,0.9979762604192552,9066855189.761396,40889630035.36589,-0.0024819068154234,-0.0024849918517159,0.6126636855652665,0.4778872749640279,0.0030871383156362,-5.7805107286232245,0.658396030921935,-0.002606230848006866,0.017995259027411947,-0.09519143312565959,-0.0014092802455378773,0.009001370907665063,-0.005125736501697453
2024-12-10,0.9989352566598072,1.0048972372681628,0.9971281098925175,1.000213823532219,17723836141.44738,40663871111.45464,0.0022421005405717,0.0022395907838725,0.9547942225284178,0.6702849308787082,0.0054301855205805,-5.215781979767167,0.5647287488560577,0.0005349587766484765,0.09699620726036429,0.41436077331207244,0.0002692814049429337,0.03783672337049282,0.07463440846837166
2024-12-11,0.99924464109891,1.0032648684934695,0.996535304111302,1.0004714230561158,13022267084.018955,40904570091.21093,0.0002575444548316,0.0002575112959516,-0.2652681405936582,-0.3082496634654891,0.004697518377022,-5.360720914598719,-0.1449389348315524,0.0010855882375182652,0.035133868719981365,0.05394940806546522,0.002806911858164538,0.010396577684375075,-0.022101491195249068
2024-12-12,0.9994996447993688,1.0008660358124513,0.9987166345020076,0.9996450507440678,11471975299.995386,41547789205.816864,-0.0008259829246533,-0.0008263242365073,-0.1190493002501923,-0.126753614033075,0.0015174830232777,-6.490702222389555,-1.1299813077908365,-0.0009567923067543359,-0.03820604030844166,0.0014723856034848382,-0.0003984974349416177,-0.01814181444474272,0.021862451933062133
2024-12-13,0.9999381061536704,1.001075852451118,0.9991261606998044,0.999554123508388,10945394059.905422,41576350283.88783,-9.095952169435596e-05,-9.096365876252178e-05,-0.0459015318913889,-0.046988396813498,0.0013576748736204,-6.601981694106222,-0.1112794717166663,-4.503030206387111e-05,-0.06936731969241805,0.005079348157540409,-0.0003991306851344947,-0.008914333683495812,-1.3995886281037428e-06
2024-12-14,1.0003104763142294,1.0010599994103406,0.999160969812726,0.999852653083788,7101160906.139835,41980782927.14659,0.0002986627420955,0.0002986181512569,-0.3512192555814482,-0.4326604553843783,0.001312175485232,-6.636068843416656,-0.0340871493104337,-0.0003802163624488617,-0.046250377546556365,-0.0007892256183792412,-0.001601427056859364,-0.027757532832669796,-0.19216137905024322
2024-12-15,0.9999653373882844,1.000826448531539,0.9991577044604384,0.9998348277403678,5894617060.778161,42008890940.10157,-1.7827970316686148e-05,-1.7828129236837773e-05,-0.169907971571024,-0.1862187067126907,0.0011771979957422,-6.744618244169878,-0.1085494007532226,-0.0006487073059080439,0.003626746124574254,-0.001533188645313821,-0.0012039617401292532,-0.01833214541886008,0.004517139773423828
2024-12-16,0.9997827838158164,1.0008478166225143,0.9983769604609528,1.000318681117645,9937440823.63663,42145685145.43253,0.0004839333096353,0.0004838162516752,0.6858501105625283,0.5222699532329071,0.0017158114525957,-6.367869160062878,0.3767490841069998,0.0013839409316666103,0.01150646506415498,-0.008376628497423155,7.05269209934098e-05,0.009306308431330734,0.005791960912850058
2024-12-17,1.0002683720782723,1.001232683043838,0.9992965090851555,0.9992965090851555,11005543195.695393,42411593400.13042,-0.0010218463893399,-0.0010223688302949,0.1074826397474726,0.1020895476427145,0.0012281586756365,-6.702239242916979,-0.3343700828541003,5.190584767547975e-05,-0.09242922935450082,-0.2056780521723489,-0.0014141806762918098,0.015894149360491383,-0.00801650897169548
2024-12-18,0.9999045976090774,1.002278841480333,0.9968661560734192,0.998451679755566,11619713635.393375,42508598821.2695,-0.0008454240777473,-0.0008457816502307,0.055805554417178,0.0543040342546676,0.0037208047075189,-5.593815314865194,1.108423928051785,-0.001049039710856831,-0.020423136037042156,-0.23212792064816323,-0.0012369778290357734,0.015757577327448757,-0.16439832863517623
2024-12-19,1.0018629918329935,1.0029831956598017,0.997802721832724,0.997942762800019,14189150285.036716,42349732859.2556,-0.0005097061438883,-0.0005098360882223,0.2211273642593823,0.1997745011212539,0.0027331957203712,-5.902283760853087,-0.3084684459878932,-0.0019974604573121577,0.03919441932987766,0.09371453244204986,-0.0027833495527193816,0.01758956379827481,-0.036271917961363975
2024-12-20,0.9995031727509268,1.0043821283255765,0.9980967970609096,1.000085798781236,13913915161.957691,42289536788.86718,0.0021474538030659,0.002145151319876,-0.0193975761444487,-0.0195881779594201,0.004424111963,-5.420685706990114,0.4815980538629727,-0.0002246330257014292,0.04113399163471243,0.24788779452881737,-0.00022113332574217248,0.017865569767316458,0.04453915212855364
2024-12-21,1.000929756261089,1.0028378042384598,0.9990625711032772,1.001043666818143,8716120598.577734,42821050366.89292,0.0009577858600475,0.0009573274758366,-0.3735680793563661,-0.4677151767219847,0.00266602396512,-5.927167068098729,-0.506481361108615,0.0010777857890454372,0.021687179039055593,-0.007671690424627897,0.0013636584226268355,-0.008725206040203659,-0.010124755869295399
2024-12-22,1.000263128250383,1.000966982309541,0.9966612548845014,0.9991521557793548,5224809705.511422,42949400203.979416,-0.0018895389896431,-0.0018913264204081,-0.4005578919635429,-0.511755876255939,0.002968944434757,-5.819548798513062,0.1076182695856671,-0.000630964064804662,-0.008937784091010315,0.032427847656719244,-0.0005997571787369041,-0.020075604378416045,0.008401307106157496
2024-12-23,1.0001105418480107,1.0020212671774482,0.9969539138432972,1.0010165761278005,6757473516.057233,42989898814.86858,0.0018660024278198,0.0018642636080481,0.2933434702758783,0.2572307027785306,0.0035405517272373,-5.643472708828805,0.1760760896842574,0.0007477236912797887,-0.04355811271484811,-0.0010507467073948007,0.0005890572262150069,-0.005809833103832318,7.065112780857419e-05
2024-12-24,1.0006925958566126,1.0021508548221776,0.999036575403251,1.0010660662096684,8227712299.529687,43111588609.203,4.943982252458845e-05,4.943860041684318e-05,0.2175722598066933,0.1968589251839986,0.0021885696381387,-6.124507081808161,-0.481034372979356,0.0011609053066447509,-0.0396670755203381,-0.00517971569175657,0.00021454134900671717,0.005218323696436045,0.001668695104156015
2024-12-25,0.9999654232598162,1.0008489349563183,0.9993007991562448,1.0006661017119085,5629771977.726101,43218948489.34479,-0.0003995385631981,-0.0003996183999958,-0.3157548814573997,-0.3794390651129555,0.0010043165129631,-6.903448055438754,-0.7789409736305934,-0.0011953786513922591,-0.0912984540397268,-0.0005365855136405528,0.0019386656180181683,-0.00950928696783393,-0.02098353240572859
2024-12-26,1.000480391268751,1.0014480900709533,0.9968539446144576,0.9998205057089076,4719610827.244893,43195060478.63906,-0.0008450331249897,-0.0008453903667491,-0.1616692743653229,-0.1763425956961829,0.0032253533484019,-5.736712769340285,1.1667352860984694,0.00031744030650410535,-0.1638471916350177,0.008702161631482852,-0.0031941333602656485,-0.02770507437433878,-0.03865525927150326
2024-12-27,1.0004902334515402,1.0009749895954938,0.99822804861654,1.0001617962936618,5969183465.456891,43528928370.82577,0.0003413518554635,0.0003412936081738,0.264761795824052,0.234883800751715,0.0019324111732592,-6.248986743237384,-0.5122739738970994,-0.0007675410994049738,-0.16177424621372793,-0.22774143981889683,0.0002966213511616533,-0.013594148691467467,0.059406496340407955
2024-12-28,1.0003274492676109,1.0005807833707745,0.999356179699437,0.999356179699437,4486266367.279916,43569837100.46752,-0.0008054862695316,-0.0008058108479042,-0.24842880215669,-0.2855893333009556,0.0006207598098003,-7.384566330558963,-1.1355795873215788,-0.0009071212800677199,-0.09815148326943657,-0.12221128966470829,-0.0001650643947809311,-0.012550126480054047,0.0003362475360022543
2024-12-29,0.9994479691977683,1.0006606744251545,0.9991955899561108,0.9996625800321984,3322929420.3865004,43611378967.55199,0.0003065977266019,0.0003065507351236,-0.259310716674802,-0.3001740623743,0.0010274157900281,-6.880708571129501,0.5038577594294615,-0.00044801264543839334,-0.04748010389161195,-0.027948692769546035,8.622248320324532e-05,-0.011702919199066741,0.00010963069007985382
2024-12-30,0.9990794492589604,1.002067653293268,0.99833857157033,0.99959839359952,5286746725.611059,43591289205.41661,-6.420809777274439e-05,-6.421015920089491e-05,0.5909897734138876,0.4643563215624508,0.002616495693536,-5.945919378040618,0.934789193088883,-0.0010940431887167664,-0.03832723827473217,-0.013971731176580349,-0.00019711422757890502,-0.0032780170902562134,-0.00017387420370162943
2024-12-31,1.0003391751075126,1.0007094498588445,0.998879727040179,0.9998905940893762,8139334205.9851265,43823889361.760345,0.0002923178865905,0.0002922751700414,0.5395733195530292,0.4315053128105714,0.0012636919864928,-6.673717694524791,-0.727798316484173,-7.483455791393975e-05,-0.002350605322963162,0.0008698965896529742,0.00035419203662928926,0.010804694735043086,-0.0004795397502581622
2025-01-01,1.000540738607754,1.0027065651056113,0.9983418081510004,1.0002987358798436,5715403729.363559,43880819791.7504,0.0004081864484775,0.0004081031630523,-0.2978045151210489,-0.3535434452329447,0.003081071056985,-5.782477996671831,0.8912396978529609,-0.00018158465064096132,0.0022776435789886307,0.11498675306303419,-0.00028174947219469147,-0.007177581109264253,0.0002551674625053124
