Date,Open,High,Low,Close,Volume,Market Cap,Returns,Log Returns,VolChange,LogVolChange,GarmanKlass,LogGarmanKlass,Delta_LogGK,Log Returns_Weekly,LogVolChange_Weekly,Delta_LogGK_Weekly,Log Returns_Monthly,LogVolChange_Monthly,Delta_LogGK_Monthly
2020-01-01,129.768840798,132.627390514,129.369808248,130.916545571,7036988925.172684,14267183034.248133,,,,,0.0167114436882172,-4.091661543445099,,,,,,,
2020-01-02,130.955077338,130.955077338,126.913160638,127.117759255,6690036711.347696,14042469285.895844,-0.0290168542061003,-0.0294461684172551,-0.0493040727382519,-0.0505610075626405,0.0122382911461372,-4.403185623888338,-0.3115240804432391,,,,,,
2020-01-03,127.117141469,134.228639409,126.091449677,133.675368751,7715596550.355361,14242069786.69286,0.0515868871071378,0.0503003443275466,0.1532965936148156,0.1426244446468643,0.0312711911837125,-3.465058014738965,0.9381276091493728,,,,,,
2020-01-04,133.83559883,134.930791615,132.648239296,134.049701907,7986617479.617298,14529037537.345446,0.0028003151178679,0.0027964015399534,0.0351263738964493,0.0345235196467302,0.0120231026328381,-4.420925260650671,-0.955867245911706,,,,,,
2020-01-05,134.054991481,137.896704737,134.054991481,135.26691123,6731959407.653085,14775696881.080956,0.0090802836983887,0.0090393057962171,-0.157095049959039,-0.170901079364599,0.0191801397154694,-3.953879925118054,0.4670453355326174,,,,,,
2020-01-06,135.466802293,143.906002557,135.120907208,143.906002557,7771586736.179305,15253831829.449226,0.0638669963588551,0.0619103796837451,0.1544316098139782,0.1436081101313838,0.0239385456802334,-3.732265329225835,0.2216145958922188,,,,,,
2020-01-07,143.940028855,144.886854671,139.4911167,143.172356846,8884321399.851458,15528292039.508078,-0.0050980897110903,-0.005111129307342,0.1431798552143803,0.133813726077265,0.0266296520640902,-3.625729944803416,0.1065353844224188,0.09829447714054713,,,,,
2020-01-08,143.038850021,147.050004077,137.552328545,140.934290558,9485569495.645624,15503951637.776106,-0.0156319721020402,-0.0157554397635487,0.0676751851643073,0.0654835605386722,0.0463047496677936,-3.072510738533817,0.5532192062695991,0.07343941403739426,0.045317103397024994,0.2488180859212168,,,
2020-01-09,140.593959617,141.117606261,135.956015513,138.028595129,8407091301.869274,15073087981.738968,-0.0206173772010735,-0.0208328825720318,-0.1136967257760779,-0.1206960909831597,0.0237326155959104,-3.740904991434952,-0.6683942529011349,0.08235183966671049,0.030596214748545236,-0.02832571067609191,,,
2020-01-10,137.815048587,144.41254771,135.769017954,144.41254771,8457837520.577541,15135188432.553797,0.0462509422415959,0.0452132434104815,0.0060361208039911,0.0060179764047256,0.0325566275432348,-3.4247743198942087,0.3161306715407432,0.076061945860759,0.012941610081067978,-0.547732940743971,,,
2020-01-11,143.838198393,147.038528455,142.171892592,143.021012822,9048431075.987444,15652744922.146986,-0.0096358308891164,-0.0096825559060871,0.0698279618132902,0.0674978521947207,0.0235347530167278,-3.749277098480769,-0.3245027785865604,0.06474146232313924,0.018227221161641438,-0.07261689732018972,,,
2020-01-12,143.083550476,145.375489036,142.228877515,145.225114385,8263400554.169983,15692954876.635645,0.0154110331028294,0.0152934892420967,-0.086758744717718,-0.0907551887347061,0.0124161422363177,-4.388757859717897,-0.6394807612371278,0.06955844274385216,0.025717225978475255,-0.22118603900121236,,,
2020-01-13,145.972776701,146.323303031,142.576667997,143.850839525,7169395337.501765,15623030845.427156,-0.0094630661219982,-0.0095081254236207,-0.1323916479053102,-0.1420148734105973,0.0159241142856149,-4.139920696928413,0.2488371627894841,-0.000619820450575392,-0.0100337408100728,0.3110903290079259,,,
2020-01-14,143.597346693,168.026392545,143.597346693,165.958548745,10369374512.100431,16746578360.063711,0.1536849509742199,0.1429611247247641,0.4463387808815862,0.3690353845952073,0.0651950699216482,-2.7303714276071123,1.4095492693213003,0.14862177898877224,0.02456438692503582,0.7469013407013874,,,
2020-01-15,165.658248436,170.813488205,149.831606484,165.804881749,16747466657.10354,17845135788.769855,-0.0009259360072864,-0.0009263649508344,0.6150893805176254,0.4793902991169605,0.0926719309760955,-2.378689646478629,0.3516817811284833,0.1649356688870317,0.11212824902780483,0.05551945295110938,,,
2020-01-16,166.111872105,166.921972857,159.110221961,164.021142715,11163152078.07459,17649728777.810226,-0.0107580610123426,-0.0108163473597025,-0.3334423464375329,-0.4056286411352603,0.0329641444429504,-3.4123348402513063,-1.0336451937726774,0.17408277989029308,0.039467038488989914,-0.03928471591898086,,,
2020-01-17,164.35244995,173.114565251,162.461645764,171.31372806,11738055791.02523,18370633957.46792,0.0444612519111116,0.0435012040655795,0.0515001237042895,0.0502178338061545,0.0367709647443574,-3.3030467467447906,0.1092880935065157,0.17480749700594403,0.04502895987078048,-0.3293954245022359,,,
2020-01-18,170.422362258,178.527609388,166.570750061,175.453279152,12549934347.486732,18741392986.970383,0.0241635690197004,0.0238762492317812,0.0691663569261831,0.0668792391367901,0.0455619132250137,-3.088683147759536,0.2143635989852552,0.2039440631019919,0.045929410078855426,0.1264799456931156,,,
2020-01-19,175.424381217,177.346880878,162.956929394,166.816860956,12273014553.100937,18517096928.24781,-0.0492234641480712,-0.0504762221221014,-0.02206543769221,-0.0223125208916101,0.051015747062042,-2.9756209279938064,0.1130622197657289,0.13347642631374398,0.05012716912920112,0.3166728839564439,,,
2020-01-20,166.879341054,168.897640436,161.686194959,166.913569166,9735039230.54202,18035400763.63476,0.0005797268300444,0.000579558853363,-0.2067931486252221,-0.2316712447354016,0.030854669908111,-3.4784671654315886,-0.5028462374377822,0.15046294916220843,0.030804991395879,-0.103545856390723,,,
2020-01-21,166.740610993,169.575496571,165.457313342,169.545105999,8910265391.380821,18233595547.728195,0.0157658652088545,0.015642874970075,-0.0847221895699826,-0.0885276418329169,0.0139549332369099,-4.2719221961751295,-0.7934550307435408,0.023192081639646398,-0.017402589821440273,0.006224538981613126,,,
2020-01-22,169.330949205,170.919489461,166.30537737,168.08898267,8577764785.13957,18313459158.001022,-0.0085884126257738,-0.0086255055738855,-0.0373165771878006,-0.0380306618206609,0.018802640198984,-3.973757982890291,0.2981642132848385,0.011832008221386034,-0.10346417319891899,-0.41718747941017975,,,
2020-01-23,168.031373717,168.031839648,159.876987636,162.706119547,8251095643.532079,17778558313.293076,-0.0320238901889715,-0.0325478719573996,-0.0380832477679295,-0.0388273682021974,0.0289278267168569,-3.54295128494321,0.430806697947081,-0.01006758092894097,-0.039629746485250195,-0.04177883818787098,,,
2020-01-24,162.804696236,163.985473492,156.058022114,162.479678707,8486145509.029683,17491026576.93503,-0.0013917167997763,-0.0013926861370681,0.0284871095491248,0.0280888967791728,0.0350151005019331,-3.351975867625081,0.1909754173181288,-0.04772689985414427,-0.04619407486335447,0.15019149206527826,,,
2020-01-25,162.495360577,162.516464314,158.089066946,160.834470634,7617282553.042113,17428779801.44874,-0.0101256236231658,-0.0101772364536943,-0.1023860544299005,-0.1080152078258176,0.0184574899920893,-3.992285029244868,-0.6403091616197867,-0.08683237041025137,-0.07441429401595911,-0.2196213185273348,,,
2020-01-26,160.48994123,167.619646415,159.792469103,167.467813313,6683902752.820203,17757934495.344242,0.0412432897801804,0.0404154700893679,-0.1225344857201269,-0.1307176243803366,0.02106502552406,-3.8601411718709024,0.1321438573739652,0.003520130851876957,-0.09160467262852023,-0.12100412151982898,,,
2020-01-27,167.633777539,171.594883336,165.756880261,170.045386298,8467590810.830523,18357052800.064056,0.0153914530440693,0.0152742061666678,0.2668632569882485,0.2365439689069679,0.0228091959077233,-3.7805914950510218,0.0795496768198806,0.019626002320005678,-0.02199459528261727,0.026222396054426778,,,
2020-01-28,170.001353182,175.33039901,170.001353182,175.33039901,9376107834.731745,18717739032.02847,0.0310800123840946,0.0306068086036992,0.1072934491283137,0.1019187036277649,0.0104080271677258,-4.565177927501911,-0.7845864324508893,0.03481710893192284,0.008140305639102507,0.18551126724887057,,,
2020-01-29,175.534499583,178.038546162,174.376318412,174.376318412,9932455084.434471,19178744272.00925,-0.0054416153923518,-0.0054564749124359,0.0593366948748028,0.0576429527026788,0.0141090879468661,-4.260936153982911,0.3042417735190001,0.03706500304927131,0.023302649310593893,0.1279105859193308,,,
2020-01-30,173.858517419,186.094468983,171.53885084,184.383165022,9152294841.784307,19256315503.998013,0.0573865000771307,0.0558002976459128,-0.0785465663844564,-0.0818030363932263,0.044521913825066,-3.1117737655143376,1.149162388468573,0.12446471116776352,0.01520651025392894,0.07700212523404337,0.3512612910119256,,
2020-01-31,184.390544122,185.251240549,176.426162268,179.595007089,11048926824.250237,19699054051.295044,-0.0259685201326741,-0.0263116556695617,0.2072302100460048,0.1883286530473881,0.0303806889911732,-3.4939481029678854,-0.3821743374535478,0.10005490424222123,0.04202093977241361,-0.003984365571067183,0.31585001200275975,0.01455283341419289,0.14063936321411896
2020-02-01,179.844590226,183.841900233,179.541019447,183.723384261,9652648260.786776,19824991337.475983,0.0229871489130772,0.0227269247332801,-0.1263723242694396,-0.1351009943987942,0.0102130058757652,-4.584093285064177,-1.0901451820962915,0.1352000109003838,0.032158956119847204,-0.36470327663706215,0.36832224493738785,0.010612198014758434,-0.23308615513335473
2020-02-02,183.578449723,192.471393014,180.070329813,188.589445865,10635139992.48182,20432500253.97851,0.0264858043170335,0.0261411281722969,0.1017846817941505,0.0969313030683377,0.044018471191828,-3.1231459333408917,1.4609473517232856,0.11779070384355576,0.05962339469762057,0.12189666470512783,0.34296023589325175,0.010348896208608238,0.010504379390651186
2020-02-03,188.538407503,193.88503358,187.498515667,189.906156647,11400969970.686195,20658301617.00258,0.0069818900838307,0.0069576295467372,0.0720093932703993,0.0695348249893247,0.0232541537996012,-3.761271504858854,-0.6381255715179628,0.11072364084867611,0.04207276464603993,-0.19818532951521828,0.3482799378084563,0.011968524794269797,-0.05814826410716023
2020-02-04,189.809543363,191.150456692,185.153936423,188.781874021,9444011536.487234,20444865956.926395,-0.0059202010395578,-0.0059377949035734,-0.1716484158129202,-0.1883175961384068,0.0222837990899491,-3.8038953627523298,-0.0426238578934756,0.07275664045045355,0.0009532686903881427,0.1669549479971124,0.3318656340834994,0.009405674492541038,0.03240544185612326
2020-02-05,188.713226696,206.483771959,188.263691458,204.012524677,10214978765.33949,21368770778.02115,0.0806785647985768,0.0775891445772791,0.081635566186424,0.0784743087045623,0.0438120367629662,-3.127846687413752,0.6760486753385782,0.15993953726214163,0.003956492316810056,0.14635966922998112,0.3487846408899716,0.008398837687558114,0.2954661172317916
2020-02-06,203.772063288,215.293372166,201.93260916,213.004357797,13981628670.458187,22798639262.37241,0.0440749073334405,0.0431312372059034,0.3687379084819382,0.3138890805578554,0.0359703632936014,-3.3250599214200918,-0.1972132340063397,0.14425659399817187,0.0653165640013178,0.23883722475395253,0.39819635281045845,0.017297479614683198,0.048118870848430584
2020-02-07,212.950282996,224.062227744,212.950282996,223.475309935,14983717369.505114,23920901344.27122,0.0491583939704143,0.0479883132208835,0.0716718146838102,0.069219872758436,0.0198645807120793,-3.918816996805713,-0.5937570753856218,0.21720784753876696,0.050234001161914676,-0.3121562721230342,0.463424920880436,0.018328280779535078,-0.028650159713777823
2020-02-08,224.640472186,226.84606968,214.530925974,223.575235985,14418900263.96583,24258530893.07238,0.00044714581682,0.0004470458769199,-0.0376953923789833,-0.0384242384975895,0.0393584090546663,-3.235045627974096,0.6837713688316169,0.19710588867791118,0.05765163189115796,0.3067673256953469,0.48383542512031996,0.01966345220482424,-0.01439161263598443
2020-02-09,223.161739128,229.584448992,223.161739128,228.184812911,13672722983.317232,24715676760.30175,0.0206175648465345,0.020407899813703,-0.0517499439616323,-0.0531370393165128,0.0145309901575887,-4.231471657982686,-0.99642603000859,0.19085414408775184,0.03508036736851494,-0.12596596992676945,0.4614668379840945,0.016749212024958382,-0.11892826231044351
2020-02-10,228.291970679,228.711520692,217.959628741,223.586359726,13466778794.72034,24238035442.992184,-0.0201523191939752,-0.020358147146618,-0.015062412136059,-0.0151770023922201,0.0314915575900684,-3.458035782086155,0.773435875896531,0.16377657034025456,0.023173360811938437,0.17159897157572201,0.446369007701743,0.013974602018397064,0.07277097052329307
2020-02-11,223.180236636,237.159865603,218.434392303,236.458583651,13695887436.4544,24557459122.03837,0.0575715975731909,0.0559753342073827,0.0170128762955459,0.0168697780438396,0.0457403071097461,-3.0847753761611107,0.3732604059250444,0.22554452691672128,0.046069644389731934,-0.30024077721333065,0.4823529272429791,0.01691874684496497,0.024806178824269276
2020-02-12,236.368397826,273.468336649,236.368397826,265.897084944,19873999516.34571,27700565378.39896,0.1244974948190067,0.1173362645970609,0.4510924982814188,0.3723167198243499,0.072628647261378,-2.622395844604589,0.4623795315565218,0.2661073028757852,0.09738314827727379,0.48901560867769556,0.6160961558351414,0.03848384919671233,0.2149373612774177
2020-02-13,265.466740969,275.644472039,259.062907998,268.004209753,24172902881.40177,29119590647.293377,0.0079245878511369,0.0078933532107518,0.2163079133377432,0.1958199696950374,0.0434693171656774,-3.1356999422787823,-0.5133040976741934,0.22994396312105528,0.09340370353377381,-0.18480600060872154,0.4810757665532563,0.040199364924504266,0.2300556783888823
2020-02-14,268.270458904,284.704467002,262.116265841,284.704467002,21852616416.01798,29619636232.79473,0.0623134138989511,0.0604489959470687,-0.0959870842475019,-0.1009116313551894,0.0452887404055627,-3.094696833556946,0.0410031087218363,0.23695046156530766,0.05836634680174413,0.17747892211821492,0.5387901946559501,0.014467459351298118,-0.17016044739161873
2020-02-15,284.609257753,286.995320979,263.844475078,264.160962717,21444866296.894302,30160560279.45076,-0.0721572952519065,-0.074893059756413,-0.0186590983597183,-0.0188353755619105,0.0372761787207301,-3.289400796544786,-0.1947039629878397,0.1686618284760202,0.05637288417612041,0.19048591949848648,0.4745454177066097,0.028517038338993217,0.1813927222020395
2020-02-16,264.897053215,272.994670342,241.503198587,261.544872792,20684379742.052723,28631061013.7936,-0.0099033933632453,-0.0099527581529917,-0.0354624059815992,-0.0361064696682297,0.086307558072748,-2.449838105669083,0.8395626908757028,0.13598048358526532,0.053258016577611755,0.06689448284550181,0.42832602676548276,0.02416835927639127,0.07571598741956431
2020-02-17,259.950243061,267.853646554,243.459143357,267.853646554,22974885011.57146,27593003142.52517,0.0241211907335581,0.0238348699402091,0.1107359900602669,0.1050228497093362,0.0649061172439168,-2.7348134032591487,-0.2849752975900657,0.1824610553498081,0.06796765394387094,-0.11507385617832533,0.4232326626032793,0.02744515974110584,0.007249969647613819
2020-02-18,267.30948437,285.119695403,260.887432488,281.636860789,22461835255.877247,29572853693.25299,0.0514580048183934,0.0501777770068008,-0.0223308954728527,-0.022584005126146,0.053772210173354,-2.9229984847956327,-0.188185081536484,0.175226917748979,0.05881625311960548,-0.6263502589570527,0.5233474707828404,0.02611479181506482,-0.188822992137325
2020-02-19,282.222773883,283.673574221,259.726718282,260.430120516,19868006599.69484,30223487932.828384,-0.0752981701812389,-0.0782839395762767,-0.1154771471980998,-0.122706928743878,0.0373415215936118,-3.287649392003792,-0.3646509072081589,-0.019154989585696086,-3.905134540715949e-05,0.3747347068749387,0.44589519650802456,0.025312367849434025,0.15501945238467396
2020-02-20,259.543295194,263.765444223,248.543575335,257.760443074,19767198242.20545,28038273647.465416,-0.0102510317804654,-0.0103039354621797,-0.0050739039663364,-0.0050868199251458,0.0418129812135659,-3.174548432315289,0.1131009596885022,-0.03996500828372412,-0.029129406592677043,-0.016374701609035203,0.4201755590540626,0.026428159752811098,0.038064116361772315
2020-02-21,257.47859774,267.225855924,254.812258504,265.350861941,18123916533.392155,28521847429.685715,0.0294475706841521,0.0290223192186587,-0.0831317462737172,-0.0867914880110384,0.0279454973037545,-3.577499190614399,-0.4029507582991094,-0.07006425653934516,-0.02533401423244186,-0.0469450372955067,0.4569022473025058,0.022674046469507658,-0.05602685263054763
2020-02-22,265.233546472,266.318405074,257.836797263,261.57099353,13993971505.805338,28456047300.98061,-0.0142447941693154,-0.014347225152183,-0.2278726576552953,-0.2586057913366074,0.0211915633071449,-3.8541521337202975,-0.2766529431058986,-0.012635539641203187,-0.05263159330097622,0.027125882773513244,0.47415443262290213,0.013396874278559068,-0.030473560031811786
2020-02-23,261.749328566,274.338022269,261.660064303,273.581400132,13681292041.538204,29282473975.72535,0.0459164314816218,0.0448934690300701,-0.0223438688679207,-0.0225972749339832,0.0190855540631194,-3.9588235618665766,-0.104671428146279,0.05110896160473101,-0.052128714657477815,-0.08973270941253642,0.5209497503969919,0.011966439176809729,-0.15131069006893316
2020-02-24,274.679523235,276.228178065,259.527770733,265.413074717,15342793708.636574,29081886449.42304,-0.0298570202910684,-0.0303118165854956,0.1214433302098831,0.1146165433491136,0.0385961929441054,-3.254601635766503,0.7042219261000735,-0.007119719754532481,-0.060087236846122494,-0.09910936065056752,0.5030561157363787,0.017534177967778675,0.0050783441189279355
2020-02-25,265.583183436,267.79791085,247.440846867,248.891182664,16373729917.104172,27942089874.027245,-0.0622497292969331,-0.0642716013472235,0.0671935129967415,0.0650323176344562,0.0386992756665298,-3.251934395748695,0.002667240017808,-0.12568095384688294,-0.05066275178000268,-0.5335683137814033,0.3952340791600301,0.021566553539752675,0.10171412395768642
2020-02-26,247.227625726,249.683009867,219.469030196,227.483093147,18288182164.401527,25531807841.74804,-0.086013852671915,-0.089939863739029,0.1169221830938775,0.1105768516744906,0.0751123995213508,-2.5887696270317444,0.6631647687169506,-0.13184760972213977,-0.013577132832999439,0.904241727606107,0.2912695228793842,0.021393109769498153,0.07209811909635677
2020-02-27,217.74928598,237.254346367,212.032209754,225.03226774,21295881650.226955,24666125572.05743,-0.0107736595854016,-0.0108321156924291,0.1644613695766876,0.1522586363928574,0.0767994358482916,-2.56655798458086,0.0222116424508844,-0.13469279697703004,0.013140497780820937,0.17426454935224123,0.24840820169230585,0.02536573083042626,0.02001488466093848
2020-02-28,227.253195178,233.357772888,215.357370087,227.739811505,17413289895.91313,24515322258.124027,0.0120318023374685,0.0119599956061642,-0.1823165538803811,-0.2012800024613198,0.0567466815332135,-2.86915809951603,-0.3026001149351702,-0.15240694559853016,-0.006087045731796081,-0.036415237344558316,0.2699619495328791,0.015597023337086569,-0.020276994355296285
2020-02-29,228.441802446,232.555505428,219.008177245,219.281186467,14837537619.78141,24599185846.40877,-0.0371416178054327,-0.037848936986233,-0.1479187615624687,-0.1600734064195776,0.0339728323192637,-3.3821941232095543,-0.5130360236935241,-0.17703242185489526,0.007221668587906294,-0.06420780725866404,0.17329883207677288,0.011692750990459189,0.011789411479385503
2020-03-01,218.382464879,225.793358324,213.4343117,218.553323119,13121312388.824162,23908687483.06864,-0.0033193150754387,-0.0033248362227275,-0.1156677930621841,-0.1229224872361046,0.0398008684874723,-3.223866545636552,0.1583275775730022,-0.22857502154346573,-0.004788095019016225,-0.21779163236439003,0.194936936173757,0.004228468949666109,-0.05666738429502072
2020-03-02,218.387728515,233.534163838,216.855022853,231.27030835,14173996849.20794,24521418837.6896,0.0581871053229225,0.056557165931627,0.0802270709811301,0.0771712699449574,0.0384235584297899,-3.259084506727341,-0.035217961090789,-0.13834090779278424,-0.010068253576559272,0.1473920347888238,0.23094509736760838,0.009163709402059794,-0.03983558160226952
2020-03-03,231.662471441,231.988728798,220.965678845,224.141985089,15118211689.47201,24693731527.69264,-0.0308224748427806,-0.0313074793746508,0.0666159905571612,0.0644910111563285,0.027644537376035,-3.5883271337856897,-0.3292426270583486,-0.09802976084064222,-0.010929426969077838,-0.361235106983238,0.17297797358909517,0.00900396903029943,-0.02054852924803674
2020-03-04,223.90173482,228.321549628,218.416450113,223.857502181,13852813891.307665,24411801481.9744,-0.0012692084791121,-0.0012700146063617,-0.0837002301697852,-0.0874117082057901,0.0313609202433758,-3.4621927394350687,0.126134394350621,0.027665361801752355,-0.03959581289618441,-0.23569674398915952,0.1649885323818542,0.004890295039704284,0.0061352050799499125
2020-03-05,224.301180161,233.586211106,224.301180161,227.689300197,12452992052.827,24984078551.368603,0.0171171302219828,0.0169722827276053,-0.1010496386845291,-0.1065274614793605,0.0271254791549554,-3.607281802578715,-0.1450890631436467,0.0019171880271147512,-0.08395434763802001,-0.1959454429721923,0.18775343747854345,0.00596902411769662,-0.06391558764173944
2020-03-06,228.305974732,243.931534048,227.777699888,243.87209343,13692445973.306034,25629907533.39059,0.0710740171760309,0.0686618994193676,0.0995306120184715,0.0948833723881524,0.0258225696871345,-3.6565063753889175,-0.049224572810202,0.06536239659077446,-0.037547079920276616,0.2901323322542626,0.17964184825991403,0.006854286437658175,-0.2113329994949067
2020-03-07,244.460777528,250.541975576,237.337621367,237.589797378,14232754402.633663,26407124846.170444,-0.0257606188704951,-0.0260982343562011,0.0394603294678672,0.0387016644976265,0.033937436955357,-3.3832365389587458,0.2732698364301718,0.08429769460639798,-0.006238312528356715,0.16461402636086664,0.1094869209382311,0.0004931690211122941,-0.09006208848540442
2020-03-08,237.646846654,237.646846654,199.555331734,199.971510806,14767672602.756908,24328453234.67804,-0.1583329208036241,-0.1723707358065987,0.0375836036364305,0.0368945516944223,0.0612338388675451,-2.793055319596968,0.5901812193617779,-0.08809714374236066,0.01689174194092402,0.40891117289474566,-0.1163263123711839,-0.00042426124399952414,0.19462452955197884
2020-03-09,199.661593498,208.03754661,191.870951582,200.908224197,18677623019.65456,21842094396.77833,0.004684234205285,0.0046732973208931,0.2647641589892588,0.2348856692165966,0.0570708311123885,-2.863462131504892,-0.0704068119079237,-0.14243324009240563,0.04480066070895816,0.0964052493384826,-0.1050485883831652,0.00833011489861235,0.11684909358316209
2020-03-10,202.434757916,205.738928545,197.224093405,200.615887326,15684378003.296276,21950399282.259983,-0.0014550766757728,-0.0014561363278804,-0.1602583483566659,-0.1746609920177655,0.0293564175516386,-3.5282441006765817,-0.6647819691716901,-0.10981520034119018,0.005492636177528709,0.0542094270932878,-0.1292333114488087,0.003910821752111104,-0.014457157651817987
2020-03-11,200.643536449,202.770295233,182.947947059,194.640330801,12545190706.132994,21325048250.95888,-0.0297860583458664,-0.0302386733978147,-0.2001473884717354,-0.22332780387734,0.0702487763367659,-2.6557123896137127,0.872531711062869,-0.14183630501467887,-0.012731776070079803,0.14885193345896974,-0.13682628302228997,-0.0017897443594030449,0.11624445629258506
2020-03-12,194.448650545,195.021217706,107.008379492,107.008379492,15189358319.210878,16914804881.326963,-0.4502250430235591,-0.5982462536218957,0.2107714163153553,0.1912576906150124,0.2057220591997239,-1.5812292484049082,1.0744831412088045,-0.7577795793183636,0.026459999113281896,0.6061907958585993,-0.7924844512518154,0.002898744908371498,0.47629896324810306
2020-03-13,108.136949222,138.121224506,93.028377133,132.4093142,22030640951.208355,13465711592.543434,0.2373733237395581,0.2129908455661869,0.4503997132877497,0.3718391827804302,0.2495232387275187,-1.3882032269354756,0.1930260214694326,-0.6131568869668855,0.07656370285832992,0.4515805775689772,-0.6955915734440268,0.004171150047771022,0.30334558277392365
2020-03-14,133.992935372,134.20557666,122.017448407,123.395869415,14719502280.77803,14042308431.351326,-0.0680725886955768,-0.0705003521962283,-0.3318622770269113,-0.4032609545806389,0.0437055697697972,-3.130279730315816,-1.74207650338034,-0.6553880963310998,0.0042934141926380676,-0.11619175137364579,-0.7765980088761035,-0.018414203946989005,-0.054298650025878914
2020-03-15,123.042809514,131.600807866,121.279386863,124.502642483,9018642945.12451,13484627613.015388,0.0089692878152811,0.0089293026676654,-0.3872997352022007,-0.4898794270688045,0.0572867337828339,-2.8596862041814166,0.270593526134399,-0.47229696049165654,-0.05192639621736106,-0.07085997642257902,-0.8267902736827176,-0.02555453800923857,-0.0402860609529298
2020-03-16,124.377190867,124.377190867,103.29195307,110.425878106,10997643817.125843,12325807939.537008,-0.1130639807819507,-0.1199824309336418,0.2194344408624342,0.1983871781983752,0.1085601836034399,-2.2204505721946104,0.6392356319868062,-0.6060731419946636,-0.073861521836875,-0.15859502322245456,-0.8749967625660345,-0.021295344670317462,-0.055695808871145114
2020-03-17,110.131637348,119.040062528,109.831727661,116.672575198,11485836831.622955,12669567187.27911,0.0565691412116613,0.0550269995783127,0.0443906915531202,0.0434336450810962,0.044216653004312,-3.118653796053081,-0.8982032238584705,-0.5421583740442839,-0.04281119332216221,0.04663188194032042,-0.8011187307718577,-0.01913301257927813,0.0674041671357235
2020-03-18,116.20147987,117.480339295,110.999277954,117.290632819,8427429833.56682,12569080534.62266,0.0052973684685635,0.0052833867679614,-0.2662763752342092,-0.3096228542906112,0.0397052433555847,-3.2262720255620763,-0.1076182295089953,-0.5055132248664664,-0.0438465994293864,-0.04046333205251662,-0.8237522087776642,-0.03102648285738141,-0.01908783064784092
2020-03-19,117.536701356,141.272704679,115.877339538,136.152129013,36623756445.27088,13827166500.559216,0.1608099107377705,0.1491179604026778,3.3457800502113777,1.4692052708460632,0.1062248151810545,-2.2421975328645867,0.9840744926974896,0.2303743840761167,0.2097053973805174,-0.48242681173520874,-0.7289238811201132,0.030216521752908676,0.06561500687165728
2020-03-20,136.118806081,151.002226905,122.107298349,132.025663106,13363195754.2957,15197520934.739985,-0.0303077589525317,-0.0307765350984418,-0.635122197957352,-1.008192770378221,0.1489818721501514,-1.903930643860075,0.3382668890045117,-0.014790756297186795,-0.07958190885159766,0.037796976869227006,-0.6759272083547829,-0.013765684409371204,-0.0006480595789677968
2020-03-21,133.107993025,136.684380659,127.012198571,131.558644018,21781866530.1902,14524123248.275312,-0.0035373356740882,-0.0035436068391019,0.6299893326929866,0.4885734704371256,0.0513827979379393,-2.968451833003784,-1.0645211891437087,0.06692037467220491,0.06531439636969694,-0.011556901143805476,-0.6714838867563458,0.004283795693915238,0.0027738029566735656
2020-03-22,131.840684639,135.830642473,123.305883425,123.701864468,75975977548.40855,14353949740.47841,-0.05972073981642,-0.0615783625375066,2.488037971544082,1.249339392324657,0.055775798492488,-2.886415222450679,0.0820366105531045,-0.005444458551837344,0.4696583951401756,0.012063884186900742,-0.7627363935215169,0.11577918318778657,-0.06444858232146161
2020-03-23,123.488411741,135.083723308,121.565962566,135.083723308,51833881395.340576,14102016155.783638,0.0920104065443923,0.088020407079862,-0.3177595989164561,-0.3823731889927844,0.0494682829312181,-3.006423563639056,-0.120008341188377,0.20421840538511943,0.20585500402761525,-0.36757533307983037,-0.6614925257117868,0.06906831112913636,0.07056436449834003
2020-03-24,135.532095896,141.602691852,132.712477413,138.543429936,11303396253.388798,15101369615.983517,0.0256115729066159,0.0252890911559162,-0.7819303523273317,-1.5229407824804184,0.04376733371292,-3.128867545492214,-0.1224439818531579,0.17585827013972752,-0.0008315405044214685,0.012197936596480163,-0.6844211980217134,-0.00420263971246726,-0.014286887324719943
2020-03-25,138.529956972,141.298798573,133.901670712,135.969074848,10361114819.707329,15074721381.083397,-0.0185815746671583,-0.0187563809633014,-0.08336268255649,-0.0870433948365483,0.0362100793692048,-3.31841776329302,-0.1895502178008059,0.145676832276858,0.008778506802229913,-0.13840098504777454,-0.6695006311659605,-0.008862188071041999,-0.0319371083683434
2020-03-26,136.062452457,138.207720708,133.848875651,138.207720708,8291805623.359117,14942715553.076674,0.0164643751713586,0.0163303069117244,-0.1997187785635082,-0.2227920862896634,0.0204682438255012,-3.888880675588201,-0.5704629122951808,0.015229697449785848,-0.13703232209886096,-0.06837684063354121,-0.581551697927443,-0.014546575000736084,-0.0344706366237304
2020-03-27,138.272183236,140.039554183,131.713810213,131.713810213,8250116076.044247,15102739895.142128,-0.0469865971432964,-0.048126311568799,-0.0050278008444174,-0.0050404827610418,0.0310855051069771,-3.471013642173708,0.4178670334144927,-0.010529311979600033,-0.026862416257603883,-0.3514710319840435,-0.5027128722474857,-0.018367111563609484,0.043865938302802665
2020-03-28,131.850392067,131.975853576,126.059560096,131.050002169,8111606820.691839,14208110195.87638,-0.0050397755780241,-0.0050525180778847,-0.0167887644338234,-0.0169312932466062,0.0322095251005712,-3.4354930595983504,0.0355205825753577,-0.006015312780908149,-0.07557768147045252,0.001242425140943304,-0.5504858468276136,-0.02464806316514867,-0.025351080133880877
2020-03-29,130.990089377,131.116210368,124.808348341,125.423225043,7682366877.8732605,14171270929.08978,-0.0429361086064218,-0.0438851275909287,-0.0529167589488723,-0.0543682899218151,0.0220665651978165,-3.813691703004116,-0.3781986434057653,0.015546499120572523,-0.4979155294270612,-0.003426350393167521,-0.5995876652742501,-0.01858978241608611,-0.03007312243409882
2020-03-30,125.051241121,134.103338729,124.700347956,132.415454403,7888248583.709354,14417090285.12961,0.0557490796270212,0.0542505430598297,0.0267992545928876,0.0264464440629755,0.0371162811004731,-3.29369956195395,0.5199921410501656,-0.023264120562396875,-0.5365376645392743,-0.19162930553022894,-0.5003035898425956,-0.01349055328376636,0.056610029243990445
2020-03-31,132.154688721,134.60485156,130.783622252,133.364760282,7958860154.116491,14623432567.05758,0.007169147160956,0.0071435709922417,0.0089514889975657,0.0089116619179189,0.0195602890108417,-3.934253838879217,-0.640554276925267,-0.03799866528404545,-0.05555624412091831,-0.040994528897515536,-0.4931841213925137,-0.01014094388370168,0.003454771806989998
2020-04-01,132.994241753,135.469230635,129.197354341,134.912692355,7762114817.492286,14534627264.210337,0.0116067548108427,0.0115399131449212,-0.024720290696708,-0.0250309677901623,0.0323157145331868,-3.432201649009742,0.5020521898694752,-0.00848614364798792,-0.04540944866235819,-0.03934444052699959,-0.5406536019185306,-0.012740173778478692,-0.024477306154087497
2020-04-02,134.857063831,147.30560625,134.857063831,140.917345023,10034955895.688004,15276177857.224115,0.0445076928136589,0.0435456670554887,0.2928120920182429,0.2568197620966468,0.0561379493278716,-2.879943236541142,0.5522584124685999,0.018949428048115936,0.030682655017827187,0.35893110502372183,-0.463033758783946,-0.010216870763908759,0.03831726160910026
2020-04-03,141.272194341,146.031540698,138.53750517,141.163267686,10602273859.710106,15702595664.757122,0.0017451553814036,0.001743634367098,0.0565341761258639,0.0549939059898321,0.0372483935322997,-3.2901464617362204,-0.4102032251950782,0.06824926097050865,0.039964272290571756,-0.06441447404171674,-0.4630725556925218,-0.006588427664230068,-1.7011942082034714e-05
2020-04-04,141.215555541,144.316118899,139.652962609,144.082239582,8179879982.047704,15668105902.169844,0.0206779847466613,0.0204670974151053,-0.2284787121815241,-0.2593910147942341,0.0195806570218516,-3.933213086679135,-0.6430666249429144,0.0952625780355205,0.0011364738189385548,-0.07615232709141839,-0.4603024789592057,-0.008727619235973094,0.0012096167971207827
2020-04-05,144.010828369,145.150346904,141.369760576,143.164730689,7575353955.932993,15813205348.008568,-0.0063679527446394,-0.0063883146441558,-0.0739040215066061,-0.0767774012261034,0.0182984938322106,-4.000936526772726,-0.0677234400935913,0.13527234784757405,-0.0017819100005453947,-0.21044901146453565,-0.5350589468180703,-0.01262793429143727,-0.0364429114784221
2020-04-06,143.164729866,169.820779919,143.164728233,169.820779919,11535643994.17995,17103249000.307396,0.1861914530325594,0.1707477150623201,0.5227861379527052,0.4205416424854984,0.0575766038177893,-2.8546389775141776,1.1462975492585483,0.2507705244662639,0.05901222999363043,0.3265392794460462,-0.3360420889237363,-0.005618890735714643,0.020631253921917392
2020-04-07,170.564744344,174.95734022,163.73440048,164.963310711,17553029602.361004,18807127995.59708,-0.0286035031185045,-0.0290205553344633,0.5216341290713367,0.4197848422836139,0.0420344238511519,-3.16926638089652,-0.3146274033823424,0.21541725765353845,0.14040120962125968,0.38118963900579494,-0.19090081108642165,0.005802202542717794,-0.12300579821633006
2020-04-08,164.857143913,173.169673164,164.170923963,172.788017549,14116847315.037016,18737803985.919106,0.047433012857678,0.0463424212300873,-0.1957600690687491,-0.2178576327657443,0.0238960877130948,-3.734040527456767,-0.5647741465602469,0.24785007998681946,0.08320265124337567,-0.5078222794243397,-0.15835214042569976,-0.00951823953161579,-0.007298218451140981
2020-04-09,172.870783621,172.901974755,166.931814883,170.178764328,10992699000.375565,18826537968.94915,-0.0151008921684053,-0.015216071653581,-0.2213063756334364,-0.2501376039676273,0.0228523828287283,-3.778699885734061,-0.0446593582772942,0.18616095366321062,0.01196044110481509,0.1551795098273807,-0.16468044370721382,-0.00988689331011372,-0.020424802468190895
2020-04-10,169.876442281,169.952355044,153.492238898,157.644271357,12597805394.073025,17701498488.055992,-0.0736548594679016,-0.0765083918226216,0.1460156776459196,0.1362912985182746,0.0550567942202062,-2.8993900043516403,0.8793098813824209,0.1100535618894945,0.02447020996705973,0.20137699645391072,-0.20982707311997945,0.00011141997112318336,-0.06578856819256595
2020-04-11,157.957912209,160.86796693,154.389427669,158.095047555,11721136920.780052,17465826817.168415,0.0028594518159126,0.0028553713602956,-0.0695889836261024,-0.072128837377125,0.0290611751653635,-3.538352182381544,-0.6389621780299035,0.09330792520619566,0.04200306302634971,-0.03404010306800598,0.3797979467802215,-0.007371202034001101,-0.29035011169123914
2020-04-12,158.188123551,164.371297395,155.499633064,160.111920812,10328332720.539024,17624421181.45965,0.0127573462179346,0.0126766568071956,-0.1188284216501017,-0.1265029179219225,0.0385073894849399,-3.2569051214317355,0.2814470609498083,0.11187715139785544,0.03147636169497048,-0.1184157171875928,0.17808599831255562,-0.025280324342997318,-0.06354472363408603
2020-04-13,159.300556264,159.300556264,151.250189811,156.421702697,12659600707.783655,17019486049.997229,-0.0230477412068085,-0.0233174932374976,0.2257158101238012,0.2035250081345311,0.0348728264198503,-3.356047365661727,-0.0991422442299914,-0.08655937433472623,0.012571337432980556,-0.3420649183601161,0.24002324288355137,-0.004516886268383757,-0.04115599671186354
2020-04-14,156.454055487,161.203475522,155.79907323,158.143844714,11247888932.4516,17486981307.55301,0.0110096104780033,0.0109494459061141,-0.111513135992044,-0.1182354159559727,0.0231696350515644,-3.7649126915654634,-0.4088653259037356,-0.04157427597961118,-0.07265769214104978,0.04844018722311283,0.2401862181031301,0.004887313292613271,-0.00012965715548785006
2020-04-15,158.284172535,160.853390577,153.019187589,153.382301651,11232326018.028685,17452271662.78964,-0.030108937035211,-0.0305715200133914,-0.0013836298096804,-0.0013845879092776,0.0293974898850824,-3.5268459863408355,0.238066705224627,-0.11961089150747532,-0.03508568789090205,-0.45417667980766163,0.33125715494683317,0.0005131213397078227,-0.2844220202128884
2020-04-16,153.257978445,173.526563229,150.02365646,171.904882084,14951703711.64688,18243136113.506863,0.1207608715844252,0.1140078042824521,0.3311315650603739,0.2860293813050942,0.0741482655719894,-2.6016886014743354,0.9251573848665,0.011869950022882273,0.04784671142152774,0.5621216575423689,0.3916157328279772,0.00754745347100183,-0.19958470006541118
2020-04-17,172.137899629,173.599844709,168.960424094,170.651507317,14838850111.007711,18855291941.22982,-0.007291094655401,-0.0073178045950283,-0.0075478756679252,-0.0075765050330459,0.0183803509208507,-3.996473069698733,-1.394784468224397,0.07729488899394996,0.026102839460556027,-0.11662237665136033,0.37287287133338054,0.013813442718554114,-0.17554476272823005
2020-04-18,170.71045552,188.267760566,170.71045552,186.680127126,13252706071.796516,19639682340.29459,0.0939260371092147,0.0897730939530521,-0.1068913040663822,-0.1130469855424559,0.0412616879919052,-3.187820861077824,0.8086522086209085,0.16561162191981946,0.01745509317559879,0.29939900391251983,0.3158685235476363,-0.05130054365607961,0.30289233686510997
2020-04-19,187.00371124,187.643092413,177.652670148,180.458774447,16082484089.770609,20201648639.71384,-0.0333262719218147,-0.0338942467938945,0.2135245437908133,0.1935289716007612,0.0317234009410737,-3.450700670400657,-0.2628798093228335,0.12470964643390235,0.06298445099885797,0.1319757346142878,0.30434157889315483,0.006106042241853515,0.02360754305708479
2020-04-20,180.357286195,185.748619527,168.749319191,171.139673356,15529472258.276129,19776337128.813385,-0.0516411635818626,-0.0530223289191066,-0.0343859709984869,-0.0349910805124008,0.0595229610650028,-2.8213931406187567,0.6293075297819009,0.08971763463623854,0.029990300843820705,0.06839457275491423,0.26088576725062484,-0.014095577903795231,0.07354054580559266
2020-04-21,170.90541922,174.069667862,168.692741799,170.993902333,16029201040.782064,18985086815.84796,-0.0008517663972442,-0.0008521293563608,0.032179379581918,0.0316724693792119,0.0221843058855721,-3.808370182196639,-0.986977041577882,0.07723591909338991,0.048050035242049205,0.017445336466987316,0.32548057738667324,-0.14630139566283162,-0.11844004492899263
2020-04-22,170.968359149,183.259847306,170.113064447,182.08903682,12960518895.825829,19575333821.07649,0.0648861411759169,0.062867883752165,-0.1914432376977982,-0.2125043955002364,0.0351673949737876,-3.3476359047934774,0.4607342774031613,0.17237314565520484,0.016814744853718366,-0.24776097873528014,0.2952872983960393,-0.10776603433226128,-0.033726538908725345
2020-04-23,182.436599018,190.107238127,179.074728239,184.983476264,15160613340.609268,20460562380.35966,0.0158957370226591,0.015770722849701,0.1697535771883347,0.1567931088388755,0.0413869933443604,-3.1847886179388105,0.1628472868546668,0.07197060597832505,0.002013599285245249,-0.5116805114754968,0.28917990553184997,0.011227287662677554,0.0504428449571952
2020-04-24,185.255466402,189.150173451,185.255466402,187.458860779,14789422005.387545,20753779881.24307,0.0133816520534366,0.0132929085606954,-0.0244839260049888,-0.0247886413560993,0.0127448410912701,-4.3626287095511165,-1.177840091612306,0.09359053338400174,-0.00047605239221581996,-0.1566657695369189,0.3204454225836816,0.012736036175244436,-0.06967927757295245
2020-04-25,187.486041297,195.441515992,186.163971701,194.007912757,13384323121.60397,21286671075.2778,0.0349359424824462,0.0343395334806775,-0.0950070180749268,-0.099828090091204,0.0270355149395455,-3.6106039091852855,0.752024800365831,0.036770482777899086,0.0012671298811852694,0.504616255927337,0.3386748607049742,0.014448580015560708,0.07009863539692884
2020-04-26,194.043743935,198.637826163,192.937488304,196.766652388,13217089945.688004,21588663015.49167,0.0142197273904771,0.0141195753732788,-0.0124947055145456,-0.0125734207169753,0.0186785259518196,-3.980380759797198,-0.3697768506119123,0.08707871417359961,-0.027955975132361033,0.005417723448523315,0.40035063463354736,0.013894094980823724,-0.09911436113739791
2020-04-27,197.002494323,198.201157009,191.740922032,196.224923813,14347611517.262917,21603694237.84471,-0.0027531523681756,-0.0027569492627108,0.0855348322679561,0.0820727985067366,0.0233023720695667,-3.7592001180315138,0.221180641765684,0.13815127224170778,-0.011762318623990353,-0.27790499716199824,0.40413990502074315,0.017174986794564973,-0.012835999042461355
2020-04-28,196.394889074,197.249745341,192.905731784,197.125676833,13468804790.343697,21633460948.41619,0.0045904108535081,0.004579907049856,-0.0612510818167781,-0.0632072283058181,0.0155764629939453,-4.161994286524443,-0.4027941684929295,0.14236297363384198,-0.02596670665057843,-0.17809240552227656,0.4551178965268085,0.015677196619979128,-0.23393045315190264
2020-04-29,196.805817986,217.321518535,196.620324981,214.900441797,16360133178.812218,22936538165.923862,0.0901697092411677,0.0863333806731322,0.2146685198482811,0.1944712163993613,0.0449641611134311,-3.1018895262240047,1.0601047603004383,0.16377214944914378,0.03433313479403566,0.34667604656565887,0.48620173875631045,0.022518441661460997,0.2184311214353254
2020-04-30,214.852805848,226.324198151,203.729402474,205.781142308,21949772004.71876,23687201250.67058,-0.0424349964697341,-0.0433616714272213,0.3416621836028577,0.2939092807828153,0.069369016898048,-2.668314953545692,0.4335745726783133,0.1050774160613441,0.06522663692785358,0.31681037436444326,0.43650735585082695,0.03611256512315464,0.3217256287249075
2020-05-01,206.358719858,216.737901838,206.358719858,212.204744134,18548033560.403915,23414272057.97709,0.0312156971914636,0.030738394784027,-0.1549783042659186,-0.1683929765296229,0.0300434104778455,-3.5051119273104923,-0.8367969737648009,0.12384718660592922,0.034361086989711964,-0.09105473338864734,0.45333615173804775,0.026976173521347846,-0.21227575063791182
2020-05-02,212.103100832,214.919726303,210.862117325,214.083305507,14573505775.51044,23572154369.86175,0.0088525889497255,0.0088136345137718,-0.2142829735535006,-0.2411585686183363,0.0121772793765287,-4.40818340975184,-0.9030714824413476,0.09828159949627722,0.010630106650506121,-0.1362004752693653,0.41567673158179186,0.011137174660230897,-0.008641054320761565
2020-05-03,214.030630846,218.139820618,206.717089625,209.905658997,14992442059.90345,23574043182.18239,-0.0195141162460396,-0.0197070304366654,0.0287464314246883,0.0283410041571366,0.0360571413530206,-3.322650339085352,1.085533070666488,0.0634417967103261,0.01566252549280378,0.0983080467938553,0.39637070119403195,0.010656310635695831,0.019643805595250363
2020-05-04,209.885114289,210.473847574,196.686523804,206.969221359,15841145131.260136,22535527526.08184,-0.0139893209741522,-0.0140880937831347,0.0566087277820135,0.0550644659657264,0.0471108961325144,-3.0552509643217385,0.2673993747636132,0.05244272058614061,0.012988891845967743,-0.020660434247872672,0.3626815993673025,0.01832855376986231,0.0350280943700243
2020-05-05,206.606605398,210.361138639,203.003307576,204.561741584,14903296223.768282,22792153207.41204,-0.0116320666386625,-0.0117002483711648,-0.0592033530228284,-0.0610282658564858,0.0244046225834359,-3.712982714485576,-0.6577317501638369,0.03865229763375969,0.012318559398760698,-0.11371275182321794,0.3568739203806018,0.0172222817477099,-0.0367297622952536
2020-05-06,205.280071639,210.312762119,201.102547339,201.102547339,14224517545.597456,22909378778.51637,-0.016910269819831,-0.017054881027194,-0.0455455402603006,-0.0466153480706286,0.028971774346576,-3.541433221352037,0.1715494931335381,-0.06613820597813323,-0.018395058447502777,-0.06645317258098116,0.16470000685832367,0.006245794104241753,0.14266413450047422
2020-05-07,199.698996713,213.358696424,199.381616613,212.422137125,16443503902.286232,22908102772.1318,0.0562876499367184,0.0547605439644844,0.1559973018118678,0.1449634361746831,0.0286646701578234,-3.5520899194794318,-0.0106566981273941,0.028959494772601332,-0.049050523074356533,-0.24146037874122062,0.253496203271809,-0.002572513092317763,-0.10765378660864577
2020-05-08,211.842763855,214.939794659,207.890631879,211.708988088,17108159080.405815,23495972723.490257,-0.0033572256011168,-0.0033628737278854,0.0404205321486967,0.0396249892579687,0.0235757943331509,-3.747534757153212,-0.1954448376737807,-0.0018598471724028723,-0.013233542124897468,0.031055639773664545,0.20266823402945106,0.006920492588637472,0.06988243682804374
2020-05-09,211.512145438,214.396271741,209.162246744,210.611160817,14312675013.655306,23512928700.96547,-0.0051855487143686,-0.0051990403332787,-0.1634006355454229,-0.1784099796509029,0.0172741339901299,-4.058545041402366,-0.3110102842491535,-0.016105545945380963,-0.0024160816985130396,-0.009313112020485015,0.21494223094407758,0.007625205124774936,-0.014629966485343981
2020-05-10,210.372617876,210.372617876,181.920287234,187.998004298,17690796421.269115,20948998322.948296,-0.1073692221783467,-0.1135822462906209,0.2360230637802396,0.2118990188777782,0.0753202716384511,-2.5860059687412296,1.472539072661136,-0.11012895886572134,0.024717140461252285,0.2809918081101124,0.1741027282195529,0.0115855473773685,0.044022664428593705
2020-05-11,188.058857193,192.513698382,179.302871049,185.950354751,15293555758.23684,20749655914.87574,-0.0108918685315096,-0.0109516191918917,-0.1355077864188265,-0.1456129807458853,0.0497779992815738,-3.0001821740602264,-0.4141762053189968,-0.10533679994565157,-0.004966793791286506,0.13755264485860064,0.16169474800047842,0.008047186753568525,0.010930508506709735
2020-05-12,186.055893873,191.625966306,186.055893873,189.455769786,14204738794.046532,20995086175.34272,0.0188513490049211,0.0186758643105738,-0.0711944940341221,-0.0738559205735219,0.0175613513448596,-4.042054737878504,-1.041872563818277,-0.08021965739302682,-0.00637213786945523,0.06911413547590461,0.17336288361902966,0.008659304691839509,-0.010249152718988297
2020-05-13,189.712391587,199.946263727,189.061447979,199.427059646,12166676581.24192,21455829784.105515,0.0526312282347647,0.0512929612105215,-0.1434776268929916,-0.1548748400097857,0.0245620279689577,-3.706553607086111,0.3355011307923923,-0.001362662771554426,-0.019010821775012232,0.08199548488426389,0.24268616195099407,-0.0010969656425992014,-0.0829001064219832
2020-05-14,199.397088448,204.672558772,196.630272669,203.065721079,15161884337.338676,22253289110.904907,0.0182455752968475,0.018081122137334,0.246181258792943,0.2200838823316598,0.0259818289088459,-3.650357873418116,0.056195733667995,-0.042314643758163316,-0.012025178058333807,-0.02148109926053765,0.2491376979018405,0.00867732505476937,-0.01001956213345756
2020-05-15,203.019102795,203.552604793,193.398294304,194.582349625,14812112522.72331,22078903959.819443,-0.0417764820616851,-0.0426742109621395,-0.0230691520152277,-0.0233394093985472,0.0247668390852316,-3.698249654232126,-0.0478917808140098,-0.08342695723450441,-0.021911711839454284,-0.08470096699300056,0.23873282974935062,0.00787099255321877,0.015934457187916973
2020-05-16,194.763272214,202.946073879,193.753554156,200.689502116,13145310042.868347,22186135445.207912,0.0313859530567377,0.0309034832446518,-0.1125296933369846,-0.1193802154733829,0.0269675416805547,-3.61312129613121,0.0851283581009165,-0.04712138113280699,-0.011327299952132108,-0.05466888303857109,0.15346305046742206,-0.003964032702086229,-0.3032428334913102
2020-05-17,200.535866551,209.464935635,199.923838463,206.886260398,12082489921.020638,22667835614.60225,0.0308773414486733,0.0304102274904213,-0.0808516587575137,-0.0843077537195355,0.0266692425222697,-3.624244343056208,-0.0111230469249985,0.09541419156766681,-0.056283084844157116,-0.16457980900618452,0.19220029680282458,-0.0060791275422964475,-0.08228396322712972
2020-05-18,206.906394604,215.960440639,206.906394604,214.388030733,14238424661.54951,23607089905.73852,0.036260360260601,0.0356184252563291,0.1784346400966627,0.164186981607165,0.0207302797204431,-3.876159859116408,-0.2519155160602002,0.14174046756897787,-0.010952360176997189,-0.470133800949184,0.13665913797237364,0.0021782407730519537,0.10917141092555172
2020-05-19,214.354505157,214.737532332,210.084464823,213.618374781,12335601728.802904,23562418762.109505,-0.003590013627946,-0.0035964731914518,-0.1336399902360777,-0.1434547411427897,0.015342207435517,-4.177147592775319,-0.300987733658911,0.11868193081522796,-0.01970125716314186,0.008824425732942398,0.16925132080334346,-0.008305242029763349,-0.05662401991572397
2020-05-20,213.971895401,214.757647407,208.382815282,209.938714222,10743231231.302834,23546246017.28044,-0.0172253934745658,-0.0173754765551255,-0.1290873791573522,-0.1382136276641989,0.0177237121157084,-4.032851868402148,0.1442957243731717,0.05151739523021804,-0.015268273488807438,0.19810187636154897,0.20570535157903683,-0.01071038701268634,-0.08979612456729158
2020-05-21,209.957999688,211.28733027,193.427873483,199.132573331,10726046150.24131,22728535458.54375,-0.0514728354465057,-0.0528448505300915,-0.001599619396765,-0.0016009001538704,0.0530772453155381,-2.936006967708485,1.0968449006936627,-0.019329276496287812,-0.049132610366804386,0.08021015295408684,0.1524922953912234,-0.012002630837212536,0.0843811440288793
2020-05-22,198.924679866,208.366425552,197.026807166,206.802576103,10925135757.071203,22539267176.47634,0.0385170675178834,0.0377937989778763,0.018561322974115,0.0183911639778883,0.0313524820366439,-3.462461843214357,-0.526454875505872,0.0599797670979892,-0.04513174829838107,-0.11936700758122454,0.12536188951126956,-0.004645212211265459,-0.19889182167522867
2020-05-23,206.977883147,210.270623056,205.311708256,206.558717117,9571982860.134628,23038612241.3608,-0.0011791873708505,-0.0011798831593087,-0.123856849656148,-0.132225787761765,0.0168287301487598,-4.084667725274301,-0.6222058820599439,0.02959160008547365,-0.043367377693140696,0.10131132619350902,0.10884894439138243,-0.012866630365859777,0.027272976791193893
2020-05-24,206.441807299,210.118137161,202.033900279,202.033900279,8430894690.689257,22981052883.21166,-0.0219057171788931,-0.0221492098912947,-0.1192112633420785,-0.1269374812826755,0.0242842145174471,-3.7179287480580583,0.3667389772162419,-0.02383098452760908,-0.04635003395371484,0.010262595168005983,0.07473111026064565,-0.014843356797179297,0.05097607031093965
2020-05-25,200.888264634,205.190888347,200.888264634,204.124765896,9480976188.595482,22568285868.8068,0.0103490830702799,0.0102958979402412,0.1245516088661258,0.1173843863095134,0.0112192494386971,-4.490124276071934,-0.7721955280138753,-0.048899806159707335,-0.06380073357912508,-0.1260740006085901,0.05064778657746321,-0.009222336957030564,0.02283468375115727
2020-05-26,203.971672721,204.763700726,198.075288,201.069135536,7916217217.27367,22447980819.436405,-0.0149694249327728,-0.015082597614412,-0.1650419682736927,-0.1803738168000484,0.0217274588047538,-3.829178435650136,0.6609458404217983,-0.062195869685787206,-0.06315127730952952,-0.06703943810322466,0.020432416613765596,-0.012661990074985141,0.015629531999395985
2020-05-27,201.093265222,207.520483727,200.973833214,207.449727431,8177164284.053426,22729532646.05019,0.0317333233566203,0.0312402260662002,0.0329636061792686,0.0324319583254538,0.0118177127457061,-4.438155792860562,-0.6089773572104265,-0.012018476352921411,-0.0385856163018552,-0.01699913415474663,0.05476166033891509,-0.0149439237348723,-0.018845422765326303
2020-05-28,207.729322002,219.171397479,204.871617438,218.63981951,8538289784.823976,23311545615.00424,0.0539412233391434,0.0525366832313455,0.0441626813680131,0.0432153023861292,0.0355512534489564,-3.336779864593381,1.1013759282671811,0.09449945616500621,-0.03411529235569333,-0.27382061240139066,0.10520816898904424,-0.012103611418407212,-0.06396162356599522
2020-05-29,219.128253603,222.682866803,217.987402275,220.137673345,11557721298.612597,24480632708.163696,0.0068507824345853,0.0068274224533478,0.3536342276828532,0.3027929959588532,0.0147961996606443,-4.213384910871811,-0.8766050462784305,0.061641195703977546,0.009984551991930601,0.4427182977340709,0.024299968857693408,-0.011931673556780709,0.08156597602349014
2020-05-30,220.105280056,244.411254478,218.568864723,242.460016723,10876356549.790243,25774904554.49009,0.1014017411868271,0.0965836787300744,-0.0589532080951065,-0.0607624149105178,0.0512801933856754,-2.970450695205316,1.242934215666495,0.16081824945145404,0.02027842368403654,0.4045655604236247,0.16122080437401795,-0.028067097041898137,0.1721013988125375
2020-05-31,242.517450268,244.055692686,231.015411605,231.996814124,12368591238.364492,26377298345.34081,-0.0431543424784703,-0.0441131779427523,0.1371998685169095,0.1285689851746777,0.0273469025912289,-3.599152007305234,-0.6287013120999179,0.14397478320030557,0.05883555151374509,0.07587187812726182,0.08965115821414676,-0.01601203245989069,0.08394699918040738
2020-06-01,231.801692689,249.235123879,231.276033225,247.859401309,10850713400.148502,26523602719.17356,0.0683741595542841,0.0661380158457589,-0.122720349388529,-0.1309294655898934,0.0326093713956827,-3.4231555657947075,0.1759964415105264,0.19488053020204385,0.0196807152126226,-0.09186432812556466,0.1467425156202064,-0.009771646804558998,0.011367630835029452
2020-06-02,247.861846793,252.740673166,231.676521125,237.680967249,11977471608.17327,27122578746.14589,-0.0410653540121757,-0.0419323545044884,0.1038418550442357,0.0987966903514973,0.0557391478197978,-2.8870725455310704,0.5360830202636371,0.16716049416800904,0.05617484699591202,0.13872855538381623,0.12436899448599854,-0.007984325619048604,0.0713395232388192
2020-06-03,238.005728,244.170851121,234.722208674,244.170851121,10085839970.36355,26549234714.344563,0.0273050212943684,0.0269388890840376,-0.1579324668587729,-0.1718950623251989,0.0229374033459393,-3.7749863669772337,-0.8879138214461633,0.16163229407441324,0.025348758471277932,-0.12891308009724378,0.16705166168199775,-0.015420651151696774,-0.047566810349901845
2020-06-04,244.236271117,245.915343005,237.639555325,243.63383384,8592508026.881329,27034792042.582573,-0.0021993504897678,-0.0022017726131066,-0.1480622286165813,-0.160241793102619,0.0241571676304572,-3.723174146626636,0.0518122203505981,0.1060092258691937,0.0007107597894595585,-0.29699664579851426,0.1712911673109418,-0.017186900348544754,-0.005788118679346699
2020-06-05,243.383686132,246.497939243,240.010492138,240.433126031,8488057700.597578,27002678521.468105,-0.0131373699561858,-0.0132244285219069,-0.0121559765736595,-0.0122304647231825,0.0172685153386064,-4.058870358173499,-0.3356962115468631,0.08833601104320732,-0.04105811660446079,0.06633085457311605,0.18563077219998567,-0.015883265207921937,-0.021216486154447267
2020-06-06,240.385957665,243.949615597,238.969173065,241.858638944,7336086541.571643,26840704645.745865,0.0059289372331174,0.0059114302492177,-0.1357166974659979,-0.145854667472983,0.0140829563897277,-4.262789979431691,-0.2039196212581924,-0.002720248769195693,-0.049545595973857104,-0.31220009929649306,0.13250909932526034,-0.02574681398286316,0.06688491036860045
2020-06-07,241.955581697,244.733351624,235.814783102,244.058421395,6788697026.450641,26769799203.08623,0.0090953230391299,0.0090542096932727,-0.0746160111415115,-0.0775465045192058,0.0256927267264286,-3.66154733388868,0.6012426455430107,0.05152539533325905,-0.08344325350809711,-0.16309050099746836,0.1431252065043317,-0.029997548295551013,-0.01095881365001583
2020-06-08,244.324077583,246.467671811,241.687328289,246.378115693,7925119435.491823,27066613601.24809,0.0095046681230706,0.0094597829532984,0.1673991937795083,0.1547783631752783,0.0128347380936399,-4.355599870504944,-0.6940525366162631,-0.006004110027152694,-0.04670101360094492,0.12929133512505508,0.15798708231467573,-0.019029138861412775,-0.01723852963945416
2020-06-09,246.223917044,248.771769252,241.697632852,243.84233572,6957291391.688233,27082672879.780075,-0.0102922289419558,-0.0103455601773642,-0.1221215720067602,-0.1302471596343244,0.0194838946001236,-3.938167072612949,0.4174327978919945,0.02422711074784901,-0.08559865812562961,-0.47362276520875257,0.2597668673473638,-0.03281488305567137,-0.20269776792070227
2020-06-10,243.908995177,249.258755956,242.763002176,247.42369167,6048210826.644841,27196719059.67717,0.014687178661676,0.0145803666279939,-0.130665874672068,-0.1400277335673866,0.0164184020290724,-4.109352498264112,-0.1711854256511631,0.012966136964891458,-0.07459176547839519,0.0031093736826712792,0.28505508472033975,-0.029155004286565145,-0.3748130737449058
2020-06-11,247.60200633,249.331586839,229.90951286,231.684924223,8853781172.725199,26921226607.39092,-0.0636105917778945,-0.0657238545975446,0.4638678158705502,0.3810821217568506,0.0397869824622518,-3.224215494004818,0.8851370042592941,-0.04926078998994683,0.004998864519841106,0.2340766339802789,0.1998691665604971,-0.01727081069041958,0.2711287107309237
2020-06-12,231.307608095,238.767722682,229.529059746,237.337352054,9458729936.574564,26239287824.54417,0.0243970463333189,0.0241041920252526,0.068326599906598,0.0660934989451275,0.022864526276205,-3.7781686403808616,-0.5539531463760436,-0.012763233167469905,0.018355751293764655,0.17871818042493448,0.17418429955586545,-0.0088552022678563,-0.05153526970186517
2020-06-13,237.557316441,238.191677688,235.122588623,238.133141992,5982190206.347008,26361234944.13896,0.0033529907160121,0.003347381976512,-0.3675482600242807,-0.4581513617251334,0.0090459507894243,-4.705438047978391,-0.9272694075975294,-0.01592422521449911,-0.025696450086091005,-0.0052382226654672515,0.15952986033596323,-0.030615546438376384,0.037751544313122665
2020-06-14,238.146277275,238.206241595,231.575004899,232.857388897,5675792063.770384,26255355630.37263,-0.02215463606144,-0.0224037360309976,-0.0512183885847595,-0.0525766318126172,0.0142725174866464,-4.24941944492805,0.4560186030503415,-0.04806932949107933,-0.021628467880884017,-0.13649899005499222,0.17864136892136637,-0.031430944930697535,-0.05139481547563851
2020-06-15,232.624829364,233.112739367,219.776560866,230.8181249,8069366775.601371,25319096182.011845,-0.008757566193882,-0.0087961390446893,0.4217164203582459,0.3518648883981526,0.041373391365769,-3.185117325417916,1.064302119510134,-0.06461129149557876,0.002829866024640637,0.4595882466546457,0.1406369460234701,-0.017898918726711344,0.09114989609311586
2020-06-16,230.856096181,235.755735852,229.165796756,235.256045376,7268339509.613482,25969642417.54557,0.0192269150350419,0.0190444134884914,-0.0992676734449453,-0.1045471503568001,0.0162536290792818,-4.119439067184557,-0.9343217417666416,-0.03612070933468606,0.006075072059100961,0.08049261736734703,0.12840798479017368,-0.01727700433423962,0.02209784832695938
2020-06-17,235.258578906,236.625682245,229.70845142,234.045622635,5843949644.620144,25969430964.32116,-0.0051451291679472,-0.0051584109221725,-0.1959718396628785,-0.2181209851216148,0.0207313936036469,-3.8761061283759535,0.2433329388086038,-0.05630657900801608,-0.0039852565047517885,-0.05083177319790666,0.08788485429566155,-0.03085909018005495,0.05450458743940789
2020-06-18,233.866657235,234.30692029,228.737283504,231.691059821,6037576925.368263,25886349462.59302,-0.0100602728113056,-0.0101112193344443,0.0331329481810935,0.0325958829027895,0.015988880122726,-4.135861790691103,-0.2597556623151495,0.0016563840902440914,-0.05662902319012275,-0.3368732194899291,0.07956016904954946,-0.023794068806171964,0.00814572072867703
2020-06-19,231.476806248,231.529276213,227.484740898,228.744304803,6241277839.442248,25586876030.57818,-0.0127184666524319,-0.0128000387353762,0.0337388519586538,0.0331821832189251,0.0100406975858689,-4.601108686467988,-0.4652468957768851,-0.03780411993224981,-0.06888328202760263,-0.12199641192139277,0.08569729758083865,-0.01736229463000072,-0.005913554640975871
2020-06-20,229.133547189,230.772598241,226.581526402,229.006598026,5597088075.697095,25483447404.681747,0.0011466655890117,0.0011460086701548,-0.1032144026138598,-0.1089384673596843,0.0129552624613055,-4.346253205713185,0.2548554807548031,-0.03913427979523259,-0.008571984747323569,-0.007402484895836725,0.14082455553757545,-0.020154875997096866,-0.17198981071315944
2020-06-21,228.954865504,231.990092674,227.822271356,227.909630797,4729805925.796794,25593151862.13908,-0.0047901118939615,-0.0048016212487135,-0.1549523856281794,-0.1683623048434545,0.0124995927813919,-4.38205921269318,-0.0358060069799952,-0.020477787207163888,-0.02137400926814692,-0.01616241790943196,0.09633725137448561,-0.024899752709814038,0.05602525068096553
2020-06-22,228.097004904,245.517866384,227.932914069,243.139308904,5889313680.440288,26494315033.73429,0.0668233196365672,0.0646853725136618,0.2451491187660432,0.2192552968535967,0.0344396167554255,-3.368547727375766,1.0135114853174143,0.051840010598713245,-0.051069339181626816,-0.080850593367364,0.1636159989055495,-0.015100325473337506,-0.149685109545183
2020-06-23,243.137333364,244.531512067,241.049207225,242.932288731,6553742454.596989,27081200544.18829,-0.0008514467443918,-0.0008518094310579,0.1128193895263918,0.1068967855644355,0.0101285331133079,-4.592398777395726,-1.22385105001996,0.032097512324998925,-0.01732397594095403,0.12856982482166446,0.19003390116609534,-0.007785665755839943,-0.10316679754500724
2020-06-24,243.025659017,248.620987559,232.180011481,234.694322127,6446440943.768268,26745071802.723763,-0.0339105462144718,-0.0344988467944924,-0.016372555310509,-0.0165080667423634,0.043247674182847,-3.14081182316938,1.4515869542263462,0.0035327984585661314,0.014625965834952126,0.21075867703798368,0.1403027855275822,-0.012715645754575178,0.1692908360524712
2020-06-25,234.993162066,235.192664896,228.86134089,232.737107377,6748072455.670779,26004097530.629253,-0.008339420963669,-0.0083743884762521,0.0467903940381393,0.0457287151301629,0.0183408620473452,-3.998623809586413,-0.8578119864170328,0.005429842529413562,0.016977400612621096,-0.0007636983532099961,0.1461407155217836,-0.004938316194422754,-0.10210361312567673
2020-06-26,232.641394352,233.308791746,228.343151047,229.686568066,5423818528.62356,25744843751.91229,-0.0131072322131191,-0.0131938900437326,-0.1962418061967273,-0.2184568090147468,0.0129727914444424,-4.344901080646551,-0.3462772710601385,0.0024106229278884218,-0.019558464488532934,0.0010629552380736484,0.10047973630041761,-0.011737131108613852,0.00365246866028901
2020-06-27,229.632652354,231.084856973,218.086579518,221.084688333,5014409697.544436,25353715086.41368,-0.037450512694013,-0.0381697987590796,-0.0754835046413365,-0.0784843858493801,0.0334647232949614,-3.397263430954334,0.9476376496922168,-0.03497905701957786,-0.014178381614289748,0.3167174981952905,0.008888641949225182,-0.015225638507200046,-0.25435056340896534
2020-06-28,221.147151809,227.509752616,218.781902993,224.869009574,5629967266.954202,24860526806.8464,0.0171170661773736,0.016972219760805,0.1227577335197012,0.115787920977754,0.0256417240644884,-3.66353440798556,-0.2662709770312257,-0.014252945576294704,0.0218199520763811,0.023721494022936884,0.02141207540595074,-0.026146907187733603,-0.009893643609754754
2020-06-29,225.118267606,229.089143541,221.774171202,227.752304824,5098196136.706358,25080931976.69294,0.012822110327529,0.0127406030615942,-0.0944536806402305,-0.0992168496154722,0.0217779447283988,-3.8268575310172745,-0.1633231230317147,-0.06536778551300819,-0.019151241185763723,-0.10216520964177223,-0.06281501159407568,-0.026162459264774895,-0.06730001416281661
2020-06-30,227.597074198,228.169449524,223.340931546,225.840111104,5302482851.151292,25246259090.584705,-0.0083959357578299,-0.0084313801584946,0.0400703913633482,0.0392883948660419,0.0143369356553632,-4.2449161587406845,-0.4180586277234099,-0.07333975452456531,-0.031059585575462734,-0.03178721243213056,-0.02605495734338841,-0.032953293290990615,0.06330474823848053
2020-07-01,225.631318012,232.050798204,224.546004794,230.572226533,4919654732.454436,25454416463.45383,0.020953387801075,0.0207368846644464,-0.0721978985021581,-0.074936821633817,0.0189510681337115,-3.965894983147131,0.2790211755935536,-0.018992255560858207,-0.039254047839424544,-0.43768946907760986,-0.07230736099265217,-0.028523658418976083,-0.0905291785934983
2020-07-02,230.786832381,231.746830721,224.251673639,226.93722266,5302575968.565262,25499234910.43223,-0.0157651419152156,-0.0158907334932559,0.0778349817081136,0.0749543825762985,0.0207637447183605,-3.8745468555273033,0.0913481276198275,-0.024824760855831997,-0.03864013463861937,-0.14279278140428708,-0.047621313533542035,-0.033105099119016046,-0.04529469496332039
2020-07-03,226.881027065,227.882143718,225.004767705,225.17716095,4918815292.68684,25303728248.99544,-0.0077557206762723,-0.0077859526933773,-0.0723724993575636,-0.0751250269483376,0.0076669597042757,-4.870835130154718,-0.9962882746274144,-0.019593394037477736,-0.01385923910006781,-0.06835107839700649,-0.08124860663787097,-0.02640096151602478,-0.11596016281830135
2020-07-04,225.209757071,230.13107019,225.1372853,228.977044999,4053794606.509942,25307604961.093662,0.0168750864118218,0.0167342839689827,-0.1758595585939132,-0.1934143249960534,0.0115904669401347,-4.457572334250933,0.4132627959037851,0.03479343312009532,-0.02690524199034172,-0.16978640395362898,-0.06101739502618189,-0.023779953291924727,0.07993625753585087
2020-07-05,229.083181414,229.572383484,224.072722374,227.704448657,4223751344.540536,25274447418.645603,-0.0055577463758672,-0.0055732481114134,0.0419253451464123,0.0410702950316874,0.0167301814638674,-4.090540917427318,0.3670314168236146,0.011422612327597894,-0.040739093028854256,-0.13027487264210214,-0.054197278340371045,-0.022869528346639356,0.019772051687127146
2020-07-06,227.717940722,241.338889174,226.876424898,241.338889174,5936682098.405289,26120514122.3264,0.0598777959649707,0.0581536146524396,0.4055472526996229,0.3404267306496337,0.0246106925511497,-3.704574273928814,0.385966643498504,0.05862527773986912,0.024490778822940484,0.2705123844515094,-0.0025520377114726937,-0.0076204617822561715,0.06753433280149901
2020-07-07,241.284665233,242.864476202,235.127003231,238.810832281,6915350158.74218,26601832965.52176,-0.0104751327133909,-0.0105303830914697,0.1648510134305121,0.1525931933722487,0.0219802821525456,-3.8176094933035367,-0.1130352193747228,0.05676941083603276,0.04548659823868917,0.08792705687022329,-0.02282378904852519,0.000692085094421202,-0.011212588989778283
2020-07-08,239.175028562,248.039678287,238.010184374,246.493853394,6300945588.984236,27149995555.18592,0.0321719958831669,0.0316653158501772,-0.0888464872572262,-0.0930438857726734,0.0223801879290688,-3.79957917894555,0.0180303143579867,0.06584257671952827,0.037375654703676986,0.2786935246521889,0.0010957038418421827,-0.00891167843924734,0.011327079437375431
2020-07-09,246.609300412,247.213441403,238.984508147,241.995412052,6581563334.715961,27217782950.42741,-0.0182497100031521,-0.0184182901363887,0.0445358147866443,0.0435725903559224,0.0208622525222659,-3.8698138523885217,-0.0702346734429717,0.06449299727214847,0.03340452433381813,0.009645469108182425,-0.007876417622145578,-0.002072942523710708,-0.0013127289550554089
2020-07-10,242.033545813,242.033545813,237.230177909,240.769551595,5297644650.104778,26734803565.51598,-0.0050656351151673,-0.0050785089391932,-0.195078071776482,-0.2170099898400541,0.0137956229429671,-4.283403915176432,-0.4135900627879105,0.06680803700020892,0.009683774209239715,-0.016787129675752688,-0.0279823853124963,-0.004153885560615578,-0.015825236041717705
2020-07-11,240.850002634,241.305442637,238.049427605,239.015310988,4087550050.7487617,26764214522.827805,-0.0072859736431739,-0.0073126459840893,-0.2284212474183377,-0.2593165351601099,0.0083481247929818,-4.785718341031066,-0.5023144258546335,0.04244243737573154,0.0008583360410874263,0.1308026816093819,0.03277915113611888,-0.026788413727913962,-0.029159468925808785
2020-07-12,239.105653642,242.846802135,237.381317595,241.750859459,4016136538.339789,26768967560.474106,0.0114450762994733,0.0113800768923573,-0.0174709817671568,-0.0176254005778318,0.0145711160307296,-4.228714063854703,0.5570042771763628,0.059799928467768174,-0.0052909527159776815,-0.2715127083773936,0.01749876274135854,-0.031494064062453475,0.017839754008893483
2020-07-13,242.541549581,244.643910482,238.356041567,240.008287268,5193115977.344976,27054971351.774742,-0.007208132351213,-0.007234236454069,0.2930626057578542,0.2570135176104856,0.0172165129863649,-4.06188629837623,0.1668277654784731,-0.005303966952469806,-0.01918241686415101,-0.3021545034493971,0.007788357754151955,-0.004649504894249645,0.005570163359041924
2020-07-14,239.774243681,241.842858411,237.529897912,240.363279077,5112761889.145238,26766273352.572063,0.0014790814643979,0.0014779887008002,-0.0154731934642484,-0.0155941526949261,0.0126324371985177,-4.371487392232082,-0.3096010938558517,0.0049558207469089875,-0.04808980994150147,-0.18318518593918443,0.03272446029173458,-0.0033308388410482337,-0.023325235377545273
2020-07-15,240.312292711,241.097627137,237.16986839,238.845592292,4398236329.799531,26735721114.390232,-0.0063141374623775,-0.0063341559390892,-0.1397533417041572,-0.1505361188853642,0.0109734928671829,-4.512272653625407,-0.1407852613933249,-0.03198801879428745,-0.053402042954168394,-0.3745684656770183,0.034022729644860576,-0.021994420470488052,-0.002052405846052263
2020-07-16,238.629575741,239.082852703,230.687310308,233.809780972,5550009276.867542,26197654559.073605,-0.0210839616995882,-0.0213094028460963,0.2618715459340741,0.2325959728323422,0.0218653046169735,-3.822854162498151,0.6894184911272556,-0.03456845266715261,-0.03019008546565516,0.5000210339159863,-0.006177362043892209,-0.010463434119181159,0.025884925900569122
2020-07-17,233.698934354,234.297969887,232.037605962,232.798653616,5206630776.510648,26070671972.61145,-0.0043245725298425,-0.0043339505406503,-0.0618698966482987,-0.0638666366606914,0.0064213815969234,-5.048121982419903,-1.225267819921752,-0.034000411608364645,-0.002707946165784847,0.0059184470094937325,-0.004577179656482839,-0.003908831880021779,0.0003876740772943421
2020-07-18,232.735683797,236.413297388,232.548586111,235.672144182,4303371590.218035,26205592875.56612,0.0123432439207309,0.0122676871935458,-0.173482473611842,-0.1905341563945823,0.008666369008544,-4.748305375386563,0.2998166070333399,-0.014463900099387987,0.006409480419815594,0.12578528818861967,0.017961940084162523,-0.01071431247597232,-0.006839931070497851
2020-07-19,235.637857805,239.16032928,233.609688772,238.910017118,4348865425.38883,26271596776.132915,0.0137388869068018,0.0136453640266604,0.0105716725170112,0.0105161831216528,0.0142212486112231,-4.253018051765402,0.4952873236211612,-0.015086050554788977,0.009801608643073223,-0.002164059692741027,0.04178197455303054,-0.011824242030996857,-0.03359083576859856
2020-07-20,238.746161144,239.258811155,234.986683042,236.235268522,5374214599.600117,26606411478.553474,-0.0111956318461059,-0.011258774657103,0.2357739488155374,0.2116974530013926,0.0109144722242339,-4.517665643403163,-0.2646475916377611,-0.01486962035549436,0.005294745581441163,-0.23189918166196666,0.03130331870754077,-0.001401814039173388,0.018356662179815242
2020-07-21,236.164648967,246.301797532,235.833278107,245.387860402,6690414255.424458,27019923340.11645,0.0387435455224909,0.0380118534714561,0.24491014108783,0.2190633514788019,0.0193963623551591,-3.9426697379606006,0.5749959054425622,0.020900765320115026,0.04497682886085386,0.32591181552828674,0.07306906386147508,0.012264823501585198,-0.11482311333402695
2020-07-22,245.366021012,264.762454414,242.250366937,262.929689668,7388905990.470613,27444243924.86857,0.0714861331659297,0.0690465943320546,0.1044018663687127,0.0993038910115078,0.0458451598822371,-3.082485650034349,0.8601840879262515,0.09697419946185062,0.08007764708776222,0.5433261537180298,0.07826021519522201,0.00928039247882495,0.4622140591002073
2020-07-23,263.326907632,278.656790854,261.001776538,274.710130889,13303054454.401436,29901461716.94103,0.0448045301992146,0.0438298154793416,0.800409217759467,0.5880139822632737,0.0380819901867035,-3.26801380711836,-0.1855281570840108,0.1616827906044188,0.18190467459771398,0.06428035987905112,0.12254944182150114,0.04073460942338514,0.1939749373679407
2020-07-24,275.171054268,286.033090575,269.009480168,279.113886085,13852769271.587755,30841252158.872177,0.0160305525746313,0.0159034201358775,0.0413224511010281,0.0404914929676203,0.0424781175326064,-3.158766217234537,0.1092475898838225,0.18171648704857532,0.17014600987094042,0.1318132592029979,0.17206347625663926,0.04286959304042526,0.022385599097632936
2020-07-25,278.966709199,307.307235236,278.966709199,303.87840323,14332847880.980394,32188468307.239944,0.088725492996283,0.0850077396281678,0.0346557861450336,0.0340687976294962,0.0430649115939405,-3.1450467295948306,0.0137194876397068,0.2543315063670015,0.16677710898971654,0.18706848172817248,0.26712944408308925,0.042076967603158266,0.104677747473372
2020-07-26,304.435974242,316.648463833,300.088303572,309.379644636,19926080284.206684,34355262213.38248,0.0181034300151834,0.0179415141609761,0.3902387334096022,0.3294754830495354,0.0366393064323985,-3.3066336686021334,-0.1615869390073028,0.25916824592154886,0.21396643923653258,0.1927703518028474,0.29808827775579716,0.07583356604296654,0.05964183888299002
2020-07-27,309.778459529,328.663112369,309.778459529,320.763709049,21951074701.575413,36005433156.85901,0.0367964234569919,0.0361355970121146,0.1016253266315367,0.0967866589373932,0.0358022233154742,-3.3297452837196446,-0.0231116151175112,0.3061755163023797,0.1864678816773555,0.008959855179195397,0.3718764179565021,0.08184588082692201,-0.09029965148710462
2020-07-28,321.131414566,325.001075936,306.953476612,315.643498887,21915536968.656822,35480594844.83927,-0.0159625606561926,-0.0160913345400693,-0.0016189518464004,-0.0016202637650876,0.0389522266647883,-3.2454193410390744,0.0843259426805702,0.2518623496411066,0.1451759614144379,0.07737149514555886,0.33798751073534866,0.07284607292006129,0.0616621745690249
2020-07-29,315.838200309,323.521408934,312.334066094,316.367864464,15560635407.901968,35746643054.45192,0.0022948851459134,0.0022922559187449,-0.2899724323361783,-0.3424514820050279,0.0248626654240843,-3.694387981266239,-0.4489686402271644,0.18350940946813016,0.07001831408853221,-0.2426498146808589,0.3293288174139255,0.04414610237555294,-0.007767856127422368
2020-07-30,316.694463857,339.176021619,313.99761681,334.319944496,13258573932.769266,36010074369.24999,0.0567443221909247,0.0551927875531668,-0.1479413542433925,-0.1600999214740454,0.0429144761189231,-3.1485460712982523,0.5458419099679865,0.19470553230396687,-0.00036815602522466406,-0.052158124207650314,0.39319612115472585,0.03231266102368835,-0.11121679951100027
2020-07-31,334.492591544,348.593267299,329.19580263,346.00670621,17719726515.883938,38057898521.63668,0.0349568187791435,0.0343597048606531,0.33647303290203,0.2900340789911227,0.0345905468014565,-3.3641748480788918,-0.215628776780639,0.2153657041451585,0.031510191290639256,-0.2851527311865061,0.40496367604869715,0.04988951288214949,0.13467788311611506
2020-08-01,346.278149273,391.263467154,343.880579834,386.654485124,19568367863.86502,40487397050.34286,0.1174768528599843,0.1110733339666641,0.1043267426460539,0.0992358666083455,0.0602737398596927,-2.808858761650365,0.5553160864285265,0.23907069112036902,0.04113895645194532,0.3206948191699954,0.5331057207043702,0.052818319246746626,0.14198661130263512
2020-08-02,386.729885763,413.255029356,356.705043326,370.477146264,33878467864.251072,42423426174.51504,-0.0418392634313086,-0.0427397316107237,0.7312873562036364,0.5488652683112668,0.1005748736502258,-2.2968528174212395,0.5120059442291254,0.17893436401877963,0.10202276711892111,0.4435898914665539,0.4977595377609004,0.09933761489373438,0.34922302276786543
2020-08-03,371.891677828,397.365511036,369.006389368,386.637181777,25750777805.41308,43368125346.23832,0.0436195205992124,0.042694979164154,-0.2399072499796963,-0.2743148136475747,0.0464444256801577,-3.069498827809423,-0.7726460103881836,0.18563630797616054,0.026071081025641263,-0.015042989929404005,0.5234015632846662,0.06845082777374856,-0.058492723797213486
2020-08-04,385.791775536,400.661188925,381.953239941,389.516060666,23516223052.890213,43816992661.75726,0.0074459442202856,0.0074183600199378,-0.0867762041755934,-0.0907743070396145,0.0332809792722454,-3.402769238214284,-0.3332704104048605,0.20967504040067253,0.010782589407320131,-0.16503322703868784,0.5367973375042836,0.05716314976768544,-0.08702668048752304
2020-08-05,389.64975326,404.874346724,385.717179004,400.576612484,17651056126.10829,44173389481.488594,0.0283956245580438,0.0279999417895428,-0.2494093934043152,-0.2868949068869889,0.0296531515962795,-3.518186865889344,-0.1154176276750602,0.23496756763425744,0.013908732365813137,-0.15182274774678506,0.5069276203276575,0.03317943074154783,0.01575874094656249
2020-08-06,400.744039701,402.417277239,392.595556583,394.986153398,18247300097.68184,44449353714.31471,-0.0139560296626736,-0.0140543307112112,0.0337795068642732,0.0332215104688632,0.0149791371345178,-4.201096903719105,-0.6829100378297608,0.16623597812559157,0.032431374616514574,-0.03846249776666344,0.501655088615025,0.031081561820123227,0.014325274922541542
2020-08-07,395.108319772,397.847749038,367.787681268,379.444306217,16408768547.609228,43578110185.06243,-0.0393478278853475,-0.0401428792184985,-0.100756360679692,-0.10620126974773,0.04953781734978,-3.0050189142326587,1.196077989486446,0.09146547864315308,-0.008421092572387323,-0.053073633388662333,0.4309025257944192,0.026931637676891995,0.15021519813654538
2020-08-08,379.181745769,392.359942908,376.783560949,392.359942908,17856927606.742508,43220263682.34385,0.0340382935766432,0.0334718098072923,0.088255194467002,0.0845756746683768,0.0192250767858189,-3.9515397695376,-0.9465208553049416,0.014453160455932526,-0.011101450756644482,-0.1197196674792842,0.48310330457494266,0.02921071886033033,-0.10391142000549025
2020-08-09,395.627674262,399.124592156,385.121690673,389.395375694,14523340272.351046,43911342559.80936,-0.0075557336256804,-0.0075844227841103,-0.186683141008689,-0.2066345049066933,0.0232456715390111,-3.761636334645736,0.1899034348918644,0.04599259416767207,-0.1349594965153429,-0.5201045972920286,0.4804208733902707,0.023281866628664716,0.0062177724673260215
2020-08-10,390.397002579,398.433670398,390.32904349,395.518236671,15748723556.50336,44257636303.19905,0.0157240207747397,0.0156016791616101,0.0843733783808089,0.0810022887106398,0.0120647427092743,-4.417467905513857,-0.6558315708681213,0.02489911426710263,-0.07760226415834026,0.07079542245108783,0.5032913768673115,0.028673056823731002,-0.05690758354167702
2020-08-11,395.616973679,398.038534302,370.8445619,379.113262194,16027343383.069344,43464783448.52701,-0.0414771632657888,-0.0423618912881256,0.0176915815155653,0.0175369071127185,0.042455745046999,-3.15929303858577,1.258174866928087,-0.027413261778162955,-0.06231955869273165,-0.005839923243292855,0.4466619710971243,0.028698570655834033,0.12663728815254593
2020-08-12,379.238879159,388.667323322,369.155865507,387.609860231,18936799773.849228,42743500619.499855,0.0224117668367194,0.0221643136092548,0.1815307952940796,0.1668108818790646,0.0337969484564654,-3.387384762921956,-0.2280917243361857,-0.033323599632667546,0.010979394096338524,-0.08897261075013274,0.480301489562777,0.031858369195457925,-0.06945556587282309
2020-08-13,387.153267693,428.23085466,379.030115274,425.516046717,19037714675.13064,44286596280.14016,0.0977946909384848,0.0933033410302151,0.0053290367161598,0.0053148876450186,0.0632401401815598,-2.760816049983616,0.6265687129383402,0.0741427053371396,0.006690265939351292,0.47995144799838174,0.5713633627971454,0.03127558340520409,-0.10726643514924694
2020-08-14,424.105097466,443.374015015,418.94676713,436.923851688,26567843615.532307,48139329064.79784,0.0268093414079564,0.0264562675659434,0.3955374407537704,0.3332796032679901,0.0355415897982481,-3.337051724609846,-0.5762356746262305,0.14174329705433913,0.0822267259875673,-0.023459517776558414,0.6048464701727696,0.04785883487044629,0.05019230239298911
2020-08-15,437.752128184,442.43568758,428.955637588,432.844379771,19175457741.18531,48895113723.52793,-0.0093368029720499,-0.009380664145833,-0.278245610796399,-0.3260703791224941,0.0207264918626853,-3.8763425968272176,-0.5392908722173715,0.08990471087224411,0.010192968188540874,0.20748548672541967,0.616344581690163,0.028316566083578465,-0.06840272239574285
2020-08-16,432.566678537,435.269070617,414.454632704,433.501322587,15249440776.954985,47999551650.75246,0.0015177344253554,0.0015165838305135,-0.204741759869334,-0.2290883867207233,0.0346228727206723,-3.363240754032119,0.5131018427950984,0.10473067047706776,0.005569112282557853,-0.042570565670630334,0.6219914418289557,0.02036948209961409,-0.03390396324929057
2020-08-17,433.3790852,441.650580165,421.556475737,430.798284303,16203065799.78892,48321849380.02878,-0.006235363407588,-0.0062548844756085,0.0625350815667324,0.0606576392165144,0.032716679466315,-3.4198702557006984,-0.0566295016685791,0.0851934576973051,0.0034690462165620772,0.05410265300241024,0.6033438370436054,0.023610642202978482,0.047827954635021985
2020-08-18,429.962040829,433.270918058,418.031296373,423.128213226,18872381370.109787,47995026120.98093,-0.0178043213180609,-0.0179647250181729,0.1647413892718772,0.1524990789180732,0.0232789102724551,-3.760207466816944,-0.3403372111162457,0.10950894311973772,0.02145334897194573,-0.07012007276190024,0.5722743374190036,0.028081147665663053,0.0743056762293024
2020-08-19,422.759690373,426.246565752,396.072376347,406.046971897,18577230989.38973,46185622619.7216,-0.0403689491626422,-0.0412063904353183,-0.0156392759838734,-0.0157628596600948,0.0454626581196309,-3.090863990651852,0.6693434761650923,0.04764819206043576,-0.0026860986027514855,-0.031068541532959237,0.5419396203524014,0.024861254419899836,0.06712336721638335
2020-08-20,406.727679251,418.195273593,403.376240815,416.472303895,18247659340.960785,46163564211.83835,0.0256751871570279,0.0253511149077104,-0.0177406228418636,-0.0178998739786642,0.0208398237122986,-3.8708895212354992,-0.7800255305836474,-0.018161333754040936,-0.005927442915613312,-0.30229756541061237,0.5290689031389081,0.021266241477992054,-0.07035205081682738
2020-08-21,416.068822391,418.054211038,386.279688147,387.510974517,15709687764.511189,45599879080.12148,-0.0695396287031409,-0.0720757924184029,-0.1390847740538741,-0.1497592393947946,0.0342235152164076,-3.374842291760889,0.4960472294746103,-0.12190866307007969,-0.08523762809977597,-0.29301107980111096,0.38634791462878376,0.015035635554241367,0.052082233514578524
2020-08-22,387.986044011,396.552550811,380.92627261,395.874607855,17851384658.10134,43747655157.48946,0.0215829586463314,0.0213533445539255,0.136329691951506,0.1278034999810605,0.0255269527352227,-3.668020415008522,-0.2931781232476331,-0.08863897023622287,-0.010909242128285257,0.411500249430111,0.36370459446537917,0.008124252923867203,-0.057556284596927076
2020-08-23,395.894162205,396.520790957,384.699362767,391.440359425,12836541319.938156,43884331269.9608,-0.0112011438521568,-0.0112643490877909,-0.2809218127450602,-0.3297851827297507,0.0202133411467053,-3.901412439770756,-0.2333920247622334,-0.10177966524629324,-0.020191569640978457,-0.06522004298269657,0.33874071235812686,-0.0018094745678673974,-0.07860365382733381
2020-08-24,390.934487514,409.42060935,388.566342717,407.983250603,13579573557.56466,44979716402.094666,0.0422615879525054,0.041392955925171,0.0578841464462394,0.0562708250265182,0.0257426229033739,-3.659607182107619,0.2418052576631364,-0.05247080653123179,-0.022426594624221252,0.020351112948290062,0.29276532129184424,-0.001343380908011227,-0.19019794250206656
2020-08-25,407.724065372,408.328382212,371.769261693,383.916156352,16506629922.53795,43945355557.809456,-0.0589903978053726,-0.0608019352037328,0.2155484745205964,0.1951953942919617,0.0547784209640291,-2.90445894060776,0.7551482414998594,-0.09637972383248546,-0.02066383885564349,-0.11324571094087732,0.21456679059724576,-0.006121002211077808,0.07281187230744424
2020-08-26,383.266694225,391.549932692,378.071816574,385.870423938,18065341230.888485,43256831192.96734,0.0050903499466383,0.0050774379146525,0.0944294090111204,0.0902331397940291,0.0244090841787312,-3.7127999135633054,-0.8083409729555466,-0.05264224492197843,-0.0045278914106070545,0.007919675487614963,0.18365119330512503,-0.007001458808435501,0.04558328494586639
2020-08-27,385.809033018,394.22251526,376.600645895,382.841359736,14933767456.30503,43096839478.5535,-0.0078499517301348,-0.0078809247990953,-0.1733470591316053,-0.1903703324172955,0.03197798061458,-3.442707718830236,0.2700921947330705,-0.08322998598805373,-0.029819518289773583,-0.1649872877595726,0.19239064091060384,-0.012704515327133237,-0.07400010970422266
2020-08-28,383.064697593,395.808977908,380.635762369,393.979330873,15522931906.76594,43849464999.48484,0.0290929149992584,0.028677749178993,0.0394518296996893,0.0386934873669666,0.0214257706037612,-3.8431608476416654,-0.4004531288114297,0.015329078276119465,-0.0017072554604524726,0.04041877884294243,0.21836097553363895,-6.904797387363715e-05,-0.06778411828189301
2020-08-29,394.010824921,404.34286427,391.726985487,399.093090287,12559044215.073914,44705738516.30759,0.0129797657218937,0.0128962504588515,-0.1909360750593877,-0.2118773478134359,0.0209506945450545,-3.8655834806549545,-0.022422633013289,0.008047790294371094,-0.04963363224656092,0.007154456648339913,0.17657996719503588,-0.00128194313845853,-0.12072639978726896
2020-08-30,398.381200723,423.727135245,398.381200723,423.189464679,14574425303.318256,46007348759.67987,0.0603778290791043,0.0586252871408865,0.1604724892858799,0.1488272405365696,0.0221917310134809,-3.808035536360873,0.0575479442940816,0.07927999097639482,0.016571734764823987,0.1403913297017758,0.20057763407198237,-0.005784405064975573,-0.32820244709621216
2020-08-31,424.287957798,434.930525781,416.527702996,429.800932695,18539887567.87415,47836146347.525536,0.0156229503988596,0.0155021684651138,0.2720836109848565,0.240656194664017,0.0294988102508775,-3.523405346928386,0.2846301894324869,0.05273151903313162,0.04584269934923313,0.3031198498810723,0.10559567454258308,-0.0018987218191881539,0.07214830323418453
2020-09-01,429.318881079,479.491871828,425.212150759,475.932746796,25596090611.992413,51532928241.2277,0.1073329781109073,0.1019544017320696,0.3805957839973759,0.3225151335359261,0.055788540746732,-2.8861867936465235,0.6372185532818624,0.21654547958071088,0.07891047810187501,-0.008056874134702241,0.24667393277050273,-0.01542330921080648,-0.2529281578469307
2020-09-02,475.930387765,477.516965726,420.902989998,436.479540574,30274356437.219303,50461826334.43701,-0.082896599335937,-0.0865350533616742,0.1827726700981049,0.1678614026234731,0.0712075688837277,-2.6421561616673968,0.2440306319791267,0.12339898871388878,0.09705310311852244,0.3724539903103765,0.12344372034664892,0.008453202100078272,0.460197630448935
2020-09-03,436.211917385,444.732365188,375.617027734,383.078292239,30361676281.301502,46920175569.04324,-0.1223453641487382,-0.1305021159752778,0.0028842840726697,0.0028801325063124,0.0880160972236089,-2.430235558236745,0.2119206034306517,3.548853459955989e-05,0.11053698082281116,0.12337013792040752,-0.01700888038576875,0.012657721352432816,0.08998995532201315
2020-09-04,380.759608724,399.092518167,369.277022383,385.844748822,31294251884.84838,43458888090.02728,0.0072216480000228,0.0071956967656565,0.030715550581152,0.0302532703448288,0.0542814146353603,-2.913573382539296,-0.4833378243025508,-0.02094329990499774,0.10163208443515259,0.06490827173801028,-0.037887835083871585,0.02475918035613489,-0.006354718484636646
2020-09-05,384.58490827,390.622362551,316.579278335,331.381124974,29781436708.83354,40649192206.85466,-0.1411542440690969,-0.1521659354832945,-0.0483416309672924,-0.0495491646530956,0.1162803303416775,-2.1517513623797977,0.7618220201594981,-0.1841401897058351,0.10032444087843118,0.3834943259477006,-0.17589080662757428,0.020463913370008413,0.3813844860648783
2020-09-06,338.209575779,360.465877372,317.208177788,355.343349978,43155697539.316925,38830870179.43039,0.0723101685585745,0.0698153571408769,0.4490804443466092,0.3709291789449438,0.0850176175671199,-2.464896778472817,-0.3131454160930191,-0.1773278653749605,0.14705126247297073,0.00646631544146814,-0.06493112533544122,0.04590243285516138,0.06510541884179166
2020-09-07,354.667133096,359.635046456,327.598067661,352.275398693,29841577729.94176,39004023776.65021,-0.0086337658638889,-0.0086712527449815,-0.308513604657771,-0.3689118021963445,0.0658405161080524,-2.720519883821864,-0.2556231053490467,-0.19778670299963033,0.05266284008762767,-0.02043505841068982,-0.11606030011668475,0.019903457712658223,-0.021600394645860277
2020-09-08,354.063817633,355.076471354,330.018045148,338.912343717,24433336896.179176,38638126869.27597,-0.0379335458155157,-0.0386717515084376,-0.1812317325412786,-0.1999541808816059,0.0440360818310869,-3.1227459394986847,-0.4022260556768211,-0.339530098507053,-0.0052919023965998235,-0.28811806078025803,-0.1414226758508123,0.01616393823249851,-0.015824960122364562
2020-09-09,339.308056777,358.511500408,333.687459217,351.904314534,21737601651.66808,39029821339.54914,0.0383343099118531,0.0376178040959237,-0.1103302122000637,-0.1169049100466276,0.0454004451437411,-3.092233369054685,0.0305125704439999,-0.21476886937923245,-0.03973435439731077,0.0001085106306206729,-0.1170872000590426,0.009643135273133652,0.015253538539134581
2020-09-10,351.790316019,374.922055285,351.790316019,366.5997324,22628775637.97213,41213478402.21826,0.0417596979038465,0.0409113005200483,0.0409968864359819,0.0401787986927028,0.0370258945916661,-3.2961377572925867,-0.2039043882379019,-0.037897622309691056,-0.03740850832687315,-0.209589093397343,-0.03389568909838882,0.010522808255899463,0.0291299855582694
2020-09-11,367.171066286,373.104533835,357.318274601,372.29578282,21294709859.152035,41152437967.72024,0.0155375193067108,0.0154180479896779,-0.0589543950659651,-0.0607636762416412,0.0293304517455256,-3.529128993945496,-0.232991236652909,-0.03247593887304922,-0.050545934072392384,-0.09605086466572388,-0.039132001732694634,0.003731875206621993,-0.0008622466265701956
2020-09-12,372.683697387,384.206333528,365.853789834,384.206333528,17250620646.840893,41907711053.153175,0.0319921719708509,0.0314910817310393,-0.1899105101247986,-0.2106105560908559,0.0289773751743921,-3.5412399198841187,-0.0121109259386229,0.1275139851582258,-0.06717582410360023,-0.292438053962905,-0.09880156072384244,-0.0028271635170149523,-0.018928237102570522
2020-09-13,384.447166517,388.158162201,354.644373819,365.278917049,18956358547.76353,41970280565.37436,-0.0492636763824213,-0.050518517112804,0.0988797989268293,0.0942912963068036,0.0553744363262224,-2.893637229879076,0.6476026900050424,0.02948152170943528,-0.1440846902069275,0.07562812650102346,-0.18099161473428238,-0.01213161622156278,-0.05703266815316055
2020-09-14,366.099187536,382.573784928,357.140849536,376.469185953,21340863191.520466,41682754908.94669,0.0306348611477593,0.030174982409915,0.1257891718891473,0.1184842758536816,0.0454393861058992,-3.091376014653916,-0.1977387847748395,0.06135902778678609,-0.05597990304731226,-0.09108328349628625,-0.1389002840444359,0.0034663512892691983,0.034177473643160594
2020-09-15,376.817582689,380.903407566,364.153928836,364.153928836,20436343769.98343,41914196734.46471,-0.0327125235650429,-0.0332595408070902,-0.0423843878019158,-0.0433088214062735,0.0236578865833383,-3.7440587488789463,-0.652682734225031,0.07066824286660305,-0.027445348471204056,-0.10445814919138385,-0.1740361707738057,0.0082545858492864,-0.027731973220076478
2020-09-16,365.859502259,373.619358821,358.056606535,366.745934276,20421971346.96865,41206465060.70352,0.0071178840450389,0.0070926714777892,-0.0007032776105424,-0.0007035250262492,0.0300472482981621,-3.5049841929704137,0.239074555908533,0.04163402616835273,-0.009201083811479549,-0.4118975647213432,-0.1590275965061259,0.006664196930358912,0.012798813809131504
2020-09-17,366.772800412,392.92227083,365.801414779,388.297506774,23907331520.7911,42972984781.46265,0.0587643119767513,0.0571024846984307,0.1706671757885802,0.1575738220037948,0.036073305085867,-3.32220215849269,0.1827820344777238,0.05594395571701972,0.008942953444567081,-0.015309010720514937,-0.08503209390521606,0.007895529598542339,0.04368645029058493
2020-09-18,388.912282344,390.916460434,377.097565642,382.332058793,23187725688.406048,43287510591.79259,-0.0153630859764238,-0.0154823209698239,-0.0300997972843286,-0.0305620965758865,0.0231333537546524,-3.766479817371921,-0.4442776588792312,0.025559431261498088,0.013095684844760314,0.10617129265947733,-0.06185437387918574,0.0071756483823826045,0.007824572632202376
2020-09-19,383.867759217,386.304021437,377.991596052,384.772459639,17067636602.330557,43150877663.82871,0.0063829354349833,0.0063626507739634,-0.2639365830145023,-0.3064389995827283,0.0153117509438105,-4.179134709828942,-0.4126548924570206,0.0008457744195025615,-0.001258403257175189,0.024591656551072205,-0.07819853937220213,-0.0018316582096566947,-0.005247424780555399
2020-09-20,385.081944287,385.081944287,367.880025656,371.930762008,15024813309.859678,42457495312.910645,-0.0333747837437437,-0.0339444323299507,-0.1196898750581515,-0.1274810188867159,0.0240370476133964,-3.728158988279848,0.4509757215490939,0.01580341243250147,-0.02742744527652974,-0.08156294131249009,-0.04226165661697268,-0.0010646184470033404,0.009877778551266259
2020-09-21,372.171450077,375.911925661,334.117569511,341.387142339,19397296349.03768,40228744271.89587,-0.0821217892924464,-0.0856905652373943,0.2910174621809553,0.2554306378620724,0.0637669022844326,-2.752520996211923,0.975637992067925,-0.09874405672269228,-0.013841820534828742,0.3712235693861743,-0.14812976029496708,0.002401470871838285,-0.047750481863758854
2020-09-22,340.764996335,346.368000673,336.489548619,344.072333127,19631714707.97354,38610568995.29117,0.0078655299364895,0.0078347579094423,0.0120851047856207,0.012012662967399,0.0195593986370134,-3.9342993593770528,-1.18177836316513,-0.06139748010610897,-0.005787015639221238,0.11014632006560499,-0.12768808884438754,0.0104879929553654,0.013822605612467509
2020-09-23,344.275706035,344.640788714,318.310542462,320.765563108,13914982251.095644,37947415442.51127,-0.0677379951104562,-0.0701413826775656,-0.2911988352477438,-0.3441802364191169,0.0350071931807415,-3.352201719159195,0.5820976402178579,-0.1340320605931662,-0.04807210833880404,0.13258475855656204,-0.23988011193033015,0.0005148478557224223,-0.11121602884899762
2020-09-24,320.123723654,350.960896285,318.576415496,349.01067627,17593858755.432884,37758939953.39559,0.0880553164383486,0.0843919894559828,0.2643824072465182,0.2345837873480356,0.0424616200969571,-3.1591546675951614,0.1930470515640334,-0.10825131016487785,-0.04896100390240221,0.0424029360858631,-0.09362856365883789,0.001667061851421181,0.12911863972919813
2020-09-25,349.039097168,357.138141412,338.461614861,351.665338148,16489367064.393242,39120343263.04257,0.0076062483428052,0.0075774666906726,-0.0627771148099379,-0.0648341539632494,0.0376932584357689,-3.2782740218510003,-0.1191193542558388,-0.08761813678055226,-0.05470802816752496,-0.024949951391908254,-0.09266253447331309,-0.00241736771576484,0.000419673898328643
2020-09-26,352.047722637,355.486741709,348.158100197,354.90198596,14128977255.956898,39727397152.060585,0.00920377262384,0.0091616760098831,-0.1431461740901696,-0.1544879397982071,0.0138485667886212,-4.279573532669288,-1.001299510818288,-0.08161449847736531,-0.024979206700773915,-0.006891231086020078,-0.07636224266744135,-0.0012367156460655337,0.006381440710499842
2020-09-27,354.09870992,361.942347108,348.749211285,357.076831843,13274405428.624031,40025975230.8945,0.0061280183516501,0.0061093184040531,-0.0604836296252492,-0.0623900357197515,0.0257350173400792,-3.6599026720840095,0.6196708605852779,-0.04140366153032007,-0.015180861761880493,-0.08332430676513392,-0.09842740946864195,-0.003463423622068973,-0.008955939535777002
2020-09-28,357.5036342,365.987277281,354.128740002,354.753624845,12240570630.41233,40668342369.49875,-0.0065061823978024,-0.0065274398559309,-0.077881815782303,-0.0810818811915161,0.0227908581236154,-3.781395782918043,-0.1214931108340326,0.040230454619254036,-0.06458338758172033,-0.18402652283181586,-0.11598580364211573,-0.0004915186965774865,-0.008899780027448179
2020-09-29,354.212956014,360.108716779,351.833177811,359.528061471,13604204070.49359,40129528865.10481,0.0134584576213592,0.0133686970430653,0.1114027671792718,0.1056229716745773,0.0135853950857804,-4.2987599540253925,-0.5173641711073493,0.04334942365881886,-0.057828345338286624,-0.005554724412593526,-0.1656201394090528,-0.0014988893580536455,-0.034501294265021354
2020-09-30,359.837365673,360.814517382,353.083276388,359.380501348,10750901718.026724,40211921987.96927,-0.0004104272762361,-0.0004105115245633,-0.2097368091276612,-0.2353892360012485,0.0152956247308612,-4.180188456782805,0.1185714972425877,0.11567416204530738,-0.031750040172266125,-0.352377711089479,-0.17781823581330433,-0.012115277881243003,-0.010822152285490327
2020-10-01,359.820327257,368.594671524,346.405843559,352.924169416,11757675812.717,40636249573.51056,-0.0179651703633975,-0.0181285031949346,0.093645549098654,0.0895166561625211,0.0422221293771199,-3.164810802563292,1.0153776542195128,0.011069274141000954,-0.06134674136796647,-0.10799944522539606,-0.299018383007224,-0.021893627841873098,-0.19644459344352483
2020-10-02,353.212845711,353.687695184,336.717391467,346.046835924,15708735701.089428,38909141646.78079,-0.0194867172270468,-0.019679086499246,0.3360408937367534,0.2897106837304017,0.0323507738882387,-3.431117335964677,-0.266306533401385,-0.017192612242792484,-0.008498496318413373,0.05121202476649023,-0.23155404447457323,-0.02357393919375994,-0.14914653904637576
2020-10-03,345.940163672,350.911453821,344.379293583,346.309049309,10864336123.746744,39200137939.91324,0.0007577395825622,0.0007574526428659,-0.3083888907117278,-0.3687314621321573,0.0132702095362333,-4.322233640541632,-0.891116304576955,-0.022244133364691845,-0.036345163195267816,-0.009770578919243711,-0.09483664528221429,-0.03245153977129789,-0.23089538078313798
2020-10-04,346.360799422,353.893554567,344.796522369,352.214924145,7696532627.991435,39342098538.08229,0.0170537698849746,0.016909986745468,-0.2915781930597008,-0.3447155901758576,0.0151845041922496,-4.187479832169965,0.1347538083716672,-0.014903958449415812,-0.06532879968674266,0.013325700898956683,-0.08792302308978223,-0.04073916784266629,-0.06874699352778557
2020-10-05,352.552667944,354.989240882,349.527811804,353.854553219,8863022283.018194,39778145130.65974,0.0046551947734192,0.0046443928645837,0.151560411864476,0.1411179025276855,0.0107212005107838,-4.5355321416634045,-0.3480523094934398,-0.001012340831728948,-0.04173809576024823,0.010550608434334308,0.04522021207503695,-0.037555792522798725,0.04169015918528607
2020-10-06,353.729931139,354.702109825,337.628505565,340.661695968,9434934522.359806,39344170733.628815,-0.0372832767898142,-0.037996071194854,0.0645279026813925,0.062531417014813,0.0258732959538955,-3.6545438864195416,0.8809882552438628,-0.05476227645839403,-0.05404668967628723,-0.16641548230487269,-0.0402898054558034,-0.0636766276063021,-0.013139595049197483
2020-10-07,340.989220524,342.421614868,334.807049042,341.50761016,11889771755.563202,38366213556.06716,0.0024831502984106,0.0024800723749531,0.2601859321212765,0.2312592752523333,0.0158736294870602,-4.143096069453929,-0.4885521830343871,-0.05223485263796726,0.015055627085821754,0.09804703515129898,-0.03610720941341453,-0.03562912663613105,0.0028563174507734157
2020-10-08,341.967560207,352.617497142,335.545360884,350.939676997,9820746332.50727,38816785742.84501,0.0276189067429009,0.0272443850167007,-0.1740172532822456,-0.1911813934302137,0.0311818411701974,-3.467919367378188,0.6751767020757407,-0.006456489289876509,-0.025742530316911427,-0.3715504347005081,0.03370593149019324,-0.029969221782213395,0.001492023749151361
2020-10-09,351.294341222,368.293487308,348.242872443,365.9897107,10996941195.680214,40324893145.094986,0.0428849591239826,0.0419908718758965,0.1197663419204368,0.1131200402568142,0.0303006285156302,-3.496586823591843,-0.0286674562136548,0.05633939742649079,-0.06553584243877708,0.3351647088082279,0.039569915190049994,-0.022615429851562396,-0.003833236400251794
2020-10-10,365.377999123,378.005623463,365.377999123,370.816399761,12467964683.456812,42189659370.20421,0.0131880457834958,0.0131018405991676,0.133766604876858,0.125545368317341,0.0222009456844021,-3.807620392614694,-0.3110335690228512,0.06822605612014226,0.02279012774525313,0.2586973220875457,0.00987920063945435,-0.02187580151089108,0.012978022604932082
2020-10-11,370.944728015,376.997667838,369.580340685,374.894787513,9827859503.10054,42163564866.856544,0.0109984017821989,0.0109383592083993,-0.2117510954983141,-0.2379413703432978,0.0124130580582819,-4.389006291243288,-0.5813858986285942,0.061445396273766266,0.029507364777163758,0.029619948913009342,0.0059153563621557595,-0.025276435208922976,0.000545999369993666
2020-10-12,374.484491641,394.6500779,366.815046567,387.737987195,11027452762.148428,42830237861.439575,0.0342581441774638,0.0336844008050192,0.1220604810914762,0.1151667103638083,0.0469850137157042,-3.0579265852304927,1.3310797060127957,0.09179610519165342,0.029100331571168425,0.27651696749654997,0.008523449551216164,-0.013990003238841808,0.02031892420913528
2020-10-13,387.015415111,387.304242932,376.262918438,381.301105511,15351943869.008823,43212049710.93997,-0.0166011118244207,-0.0167404545971892,0.3921568471101639,0.3308542330862623,0.0182421730996351,-4.004019162198086,-0.946092576967593,0.11173850076276175,0.07548461434032916,-0.08286986951911102,0.04068506529697654,-0.008193329560384655,-0.013423853073711411
2020-10-14,381.369972429,386.754657849,374.134479167,379.642177259,11511322207.715668,42975263463.28172,-0.0043507040184863,-0.0043601958720496,-0.2501716847106424,-0.287911011603872,0.0232880448643315,-3.7598151460406894,0.2442040161573953,0.10451329094016029,-0.004661092836816039,0.013819883329497351,0.007467965507127541,-0.022691191344446082,0.013565093635977687
2020-10-15,379.082988183,380.361849038,371.424129121,377.346643678,11174692621.189137,42595675430.65225,-0.0060465715310495,-0.0060649260701137,-0.0292433467200579,-0.0296794566416534,0.0165700005118906,-4.100161416651047,-0.3403462706103566,0.07153979320288296,0.016576363102920766,-0.21232703580141132,0.030914858144154844,-0.021861891093596597,-0.007587043803191751
2020-10-16,377.63777813,379.75661985,363.29518358,365.910710021,11967627185.512655,41792476292.8949,-0.0303061756308044,-0.0307749022912812,0.0709580649064098,0.0685536356163142,0.0244434170652624,-3.7113943399976,0.3887670766534472,0.0014569102067791889,0.011717236272243525,-0.26737892144097497,-0.002353241956618012,-0.02038231811351565,0.008007154864994481
2020-10-17,365.818559956,369.59554345,364.255744585,368.881792554,8584714398.926545,41549095303.30958,0.0081196927327693,0.0080869053902555,-0.282671972826934,-0.3322220434594998,0.0088901531671595,-4.72281100045294,-1.0114166604553405,-0.005576823080134968,-0.04772231309464203,-0.0016364996634239404,-0.05287757559405667,-0.038034078833476315,-0.02388969173783706
2020-10-18,368.46730115,378.221060061,367.980208855,377.953189114,6931830365.419728,42196882960.76512,0.0245916083230701,0.0242941022913673,-0.1925380340799104,-0.2138593260223665,0.011276530024198,-4.485031702205823,0.2377792982471174,0.009219958366867849,-0.03713398862223727,-0.003058603099927115,-0.015527766609036393,-0.04199753009496021,0.021916459167684588
2020-10-19,378.115750083,383.882364748,373.581366589,379.977811465,8241124031.633262,42711983662.76135,0.0053568071637286,0.0053425105058003,0.1888813772398561,0.1730128459022143,0.0189896497801437,-3.9638611966585056,0.521170505547317,-0.01835166443062242,-0.037077976485900166,-0.28543626323078186,-0.013343293809932042,-0.02356462369833423,0.0005290395656101232
2020-10-20,379.568507299,380.54838887,367.784578672,369.000854349,10191174721.786827,42265122042.70384,-0.0288884160727134,-0.0293139007872485,0.236624358845755,0.2123853761900791,0.0165518780477824,-4.101255706389717,-0.137394509731211,-0.03297100085388794,-0.07253193721489737,-0.11033095613544219,-0.008555676054188784,-0.013143880816304687,0.0008782349658598143
2020-10-21,368.962422274,400.9086161,368.580551888,391.92282695,14535344579.192616,43456508705.089,0.0621190231156496,0.0602659910367151,0.4262678225032061,0.3550611181744124,0.046112547904149,-3.0766701772060143,1.0245855291837025,0.033309803088616224,0.0431364612464229,0.5283534573997599,0.13987187098803128,-0.013397487076328929,-0.09577643560058746
2020-10-22,391.670009101,420.290728773,391.670009101,413.517074183,16498182125.948956,45975664275.73199,0.0550982125768215,0.0536338550850711,0.1350389415305741,0.1266669600633686,0.0367276437365394,-3.304225572132919,-0.2275553949269046,0.09076332818792823,0.07169059903667474,0.2596457943374877,0.183255998069602,-0.00873079678096289,0.14853974573368323
2020-10-23,414.319749643,418.825138941,403.76206844,409.400043187,13901313261.369255,46684347444.3752,-0.0099561330185317,-0.0100060267528729,-0.1574033335766883,-0.1712668857430394,0.0248128143027719,-3.696395053500719,-0.3921694813677998,0.11255530605809459,0.024818579913837624,-0.1652492761033595,0.24598522122778102,-3.825265963541824e-05,-0.26772698215397717
2020-10-24,409.711515755,416.389970678,407.489831454,412.727660389,10079249596.447544,46656124531.6599,0.008128033343856,0.0080951787893809,-0.2749426326175204,-0.3215044998337619,0.0145819713731493,-4.227969350763362,-0.5315742972626434,0.11343598481966079,0.018768821043746442,-0.15316806822758355,0.16760401530778993,-0.021254312605488934,-0.0003826857517901239
2020-10-25,412.676931245,417.124578618,405.239686622,406.295759838,9283611355.992443,46332490577.23184,-0.0155838853759834,-0.0157065906032697,-0.0789382416658801,-0.0822281892375934,0.0179992434430988,-4.01742555290825,0.2105437978551121,0.07188100100633563,0.028839061678144873,0.2815893897913173,0.14331462481997287,-0.020814000182600267,0.08884649531634503
2020-10-26,406.123840744,411.788364698,384.759925767,393.73438339,13265450638.119244,45411074338.42223,-0.0309168287973482,-0.031404838780245,0.4289105962580584,0.356912333140327,0.0439742578284772,-3.1241508656248187,0.8932746872834314,0.03664142768567685,0.058958874211938905,0.09689458891905112,0.10610081227496264,-0.0025236386882454553,0.09119726034814768
2020-10-27,393.389766052,409.639744052,390.619462728,403.84218438,12959368782.190647,45230438397.31827,0.0256716238571119,0.0253476407999711,-0.0230736116155034,-0.0233439743178184,0.0294038913074145,-3.5266282560009152,-0.4024773903760965,0.09032936672254416,0.03105749982339745,-0.21396762502549693,0.12187864124474172,-0.0009222759718845452,-0.03339768091280493
2020-10-28,403.671362474,408.477120659,381.476846588,389.01314445,12850058519.35489,44606623506.48188,-0.0367198883711623,-0.0374110355140783,-0.0084348446805507,-0.0084706192938563,0.042541890375023,-3.157266032608673,0.3693622233922427,-0.006806538341167808,-0.018792796214381013,-0.07801494050932734,0.09371483048376673,0.0017835194085158435,0.05514621942610409
2020-10-29,388.808810998,393.164461071,381.355066159,386.735117859,11937811703.093252,44038887973.62652,-0.0058559116150709,-0.0058731246972466,-0.0709916468386196,-0.0736375486464185,0.0213070426495773,-3.848717620091163,-0.6914515874824905,-0.0688980091452457,-0.052698489823370664,-0.30162069125994373,0.07208784135470898,-0.004883856365406558,0.029921754365652475
2020-10-30,387.370760636,391.163501648,374.886930845,383.357277893,12127768326.4197,43297473286.23812,-0.0087342468010146,-0.0087726139031325,0.015912181231442,0.0157869096246766,0.0293474634998037,-3.5285491589365803,0.3201684611545827,-0.06648589712470727,-0.02126885535505707,0.22240062845682784,0.06336257889705003,0.004037025627322777,0.009482082921201673
2020-10-31,382.935654875,392.626681183,381.379855806,386.563428677,10543037027.50612,43803552325.27255,0.0083633492016157,0.0083285701748981,-0.1306696546520703,-0.1400320817093842,0.0196976071096678,-3.927258117130169,-0.398708958193589,-0.06536907306135536,0.005605698357133093,0.00707579300689698,0.0902251274033383,-0.003560519568296172,-0.033914278810089016
2020-11-01,386.708350411,397.173189552,385.325915364,395.485324349,8576498192.594864,44052559038.61572,0.0230800303653526,0.0228177149607759,-0.1865248912415541,-0.2064399505066579,0.0162467748410851,-4.119860861222269,-0.1926027440920994,-0.02654445961091603,-0.008559340234313595,0.010607417864123114,0.1338478572045849,-0.021166721890967466,-0.09092499087495165
2020-11-02,396.572484543,403.818551465,380.865690444,384.201793149,11422822896.433895,44215670707.5416,-0.0285308467983572,-0.0289457623911858,0.3318749260970648,0.2865876683828517,0.0363904810981656,-3.313448046830852,0.8064128143914169,-0.023632973962320506,-0.022654738990233625,-0.05369353794566578,0.10368691290788287,0.0016737153821253514,0.0682146293297956
2020-11-03,383.331575993,389.634859607,372.681772551,387.41287207,11099741489.160349,43118282221.233154,0.008357792645061,0.0083230596891503,-0.0282838498156536,-0.0286915437290712,0.0307593353172654,-3.481561743249639,-0.168113696418787,-0.041110110460166924,-0.02339626869682121,-0.022212259883054752,0.09429095354225778,0.010138890552017443,0.016288514378690833
2020-11-04,387.962597535,407.623557092,378.301501193,401.774060651,11165254705.09666,44091767235.33133,0.0370694667533018,0.0363989151940437,0.0059022289843677,0.0058848790661962,0.0481020703019364,-3.0344300611763857,0.4471316820732531,0.03280215807336808,-0.021680016924513268,0.006648385936554924,0.12735617684916936,0.006801012409827223,-0.06749730988464209
2020-11-05,402.458293901,420.147284115,397.508574321,416.238824465,15579144258.269035,46143774628.63113,0.0360022341675381,0.0353693003673387,0.3953236777623661,0.333126415429008,0.0331072533021216,-3.4080028876106367,-0.373572826434251,0.07187692057853512,0.04628054184103547,0.18287356501146723,0.19940832738480577,0.017927336167925745,-0.3120999179681332
2020-11-06,416.69118261,457.564952401,415.565244923,455.736005307,21090683806.81053,49677931359.506805,0.0948906697801834,0.0906545133340212,0.3537767837033863,0.3028983039597923,0.0391893226739524,-3.239350950054618,0.1686519375560187,0.1740467340068902,0.10554925001899917,0.29435546842775073,0.2871978267682751,0.02625904915324284,0.21830320973045714
2020-11-07,455.821650421,467.707082546,428.309614067,436.08436012,20441258183.8034,51355260975.46573,-0.0431206772301477,-0.0440779949894306,-0.0307920610330055,-0.0312760988155819,0.0558095406036728,-2.8858104456495948,0.3535405044050232,0.12016491873762769,0.10492098641163494,0.385450442502564,0.2162112601116811,0.029477274778962226,0.22444198618947464
2020-11-08,435.886745408,459.747487704,433.953858333,455.133898522,18027015604.48351,50522834361.10052,0.0436831497390963,0.0427559469775984,-0.1181063590905969,-0.1256838187848198,0.0307519364628599,-3.481802312310464,-0.595991866660869,0.13773282280393453,0.09084491635005065,-0.04528337171402974,0.21965922638445684,0.019044718024314733,-0.3253038187679609
2020-11-09,454.786266087,458.707067889,435.662846072,445.258615926,14727778060.99544,50908996547.00297,-0.0216975325900112,-0.0219363853814983,-0.1830162915412085,-0.2021361250078661,0.0339880244032697,-3.3817470398444627,0.1000552724660011,0.14975492443020363,0.02991717575423536,-0.0375303855922029,0.1826022023257887,0.0060456749403279275,0.18019686105418065
2020-11-10,444.377921759,454.482202428,439.669402367,450.367594159,14818758592.08207,50816313089.31213,0.0114741816334646,0.01140885246892,0.0061774784159451,0.0061584760139533,0.0219029599493877,-3.8211334937863457,-0.439386453941883,0.14915518834070735,0.0326286033242269,-0.10405130094138393,0.1845137339503441,0.013224039504663665,-0.007173880670667598
2020-11-11,451.037645117,474.980197765,450.353635795,464.017197465,15303700857.244804,52556764777.56869,0.0303076941658928,0.0298574898298611,0.0327248913699051,0.032200834600159,0.033261366118788,-3.403358732134587,0.4177747616517586,0.142330141188903,0.0350992369954497,-0.2749236823893084,0.18145709047691472,0.011193013932057738,0.10642335432228722
2020-11-12,463.784090606,468.947881898,453.223681108,462.371309759,15104558481.301514,52222107493.443085,-0.003547040314436,-0.0035533459773083,-0.0130126939751972,-0.0130981008017736,0.0240418213024756,-3.727960410850615,-0.3246016787160277,0.10402289090293303,-0.00396310856647375,-0.26241683302668184,0.1925983088635895,-0.0006441244602406471,-0.03594481976701891
2020-11-13,462.771088907,477.181867767,458.445935843,476.451976907,14349713424.488558,52975260765.44899,0.0304531592916941,0.0299986659646841,-0.0499746522049887,-0.0512666128540202,0.0217789441405687,-3.826811641046894,-0.0988512301962791,0.04426531951877029,-0.058056431223374005,0.03375594222874945,0.22861178773406257,0.007365588982022331,-0.12002952367259989
2020-11-14,476.531036159,476.531036159,453.910922542,462.499749101,13920288683.709352,52613383585.1475,-0.029283597261101,-0.0297209205609431,-0.0299256666719468,-0.030382578123851,0.0289392962233987,-3.5425548765472445,0.2842567644996494,0.05926356310052101,-0.05956314848443611,-0.238712312706705,0.20271053718736035,0.00707353537634603,0.11318020915469873
2020-11-15,461.373748035,463.112181474,441.312365361,449.015839118,11047060426.91518,51673927487.23706,-0.0291544157790568,-0.0295878509158816,-0.2064057953163468,-0.2311830256040991,0.029625284439852,-3.5191270782277164,0.0234277983195281,-0.012769400170405287,-0.0679497454531095,0.12906152478773913,0.20492069089451806,-0.002366103693187682,-0.02563054516676222
2020-11-16,448.698711155,465.201562204,446.37750266,461.602180387,11740238768.401651,51738393719.96255,0.0280309516335177,0.0276452751726348,0.0627477640837017,0.0608577843577736,0.0232931386245096,-3.7595964414129033,-0.2404693631851868,0.03802806320378007,-0.030556659278026643,-0.18949276658417302,0.22535146603933812,0.008087356483098773,-0.1741536587220709
2020-11-17,461.029994428,484.369166003,461.029994428,483.025220229,13666803243.397312,53417731912.71923,0.0464101790507993,0.045365429359645,0.1640992583712119,0.1519476191884535,0.0195021339412324,-3.93723138651606,-0.1776349451031569,0.06851806173923967,-0.012036247175299053,-0.05149685635458923,0.2448685021889278,0.017045482484260077,0.01582814591825077
2020-11-18,482.427455557,494.879528171,465.994365101,479.756428717,20614086056.65511,54283181255.88982,-0.0067673309282904,-0.0067903331467222,0.5083326868420499,0.4110048598706823,0.0423857430738678,-3.16094322154618,0.7762881649698805,0.033859412977120765,0.05431867842310112,0.443645097170283,0.2342434345017918,0.03057696553121758,0.21906883610222638
2020-11-19,478.874849063,480.438516159,466.296418055,471.625888948,18476367260.256664,53863371587.747856,-0.0169472242211392,-0.0170924717930725,-0.1037018469081387,-0.1094821612124187,0.0188802567497875,-3.96963851932189,-0.8086952977757105,0.018953539726721556,0.03301830573391484,0.024249965861937284,0.24549126094561538,0.019964483482784345,-0.06345155719390916
2020-11-20,471.65228915,513.784907054,471.65228915,509.879561053,17153498152.543404,56536329647.20795,0.0811102040863953,0.0779884798867851,-0.0715979006630161,-0.0742903433425075,0.0362537729395536,-3.3172118220063784,0.6524266973155117,0.06764168846117899,0.026649356204135444,0.21083145184980756,0.26375487128276703,0.006226868892980519,0.10173753052167345
2020-11-21,510.484489648,551.389459971,504.739667268,551.389459971,21431198111.267124,59431059105.29003,0.0814111843045326,0.0782668403429605,0.2493777024769405,0.222645589333272,0.0401495690612916,-3.215143571865108,0.1020682501412704,0.17823293557975958,0.06807602951289127,0.12300579056172722,0.2858033655188964,0.011628085805167387,0.30233015301102095
2020-11-22,550.711786592,578.750259397,515.23447607,561.982123225,27406674038.013973,62200418544.07661,0.0192108555258876,0.0190286568052249,0.2788213657362131,0.2459388457088117,0.08123037487918,-2.5104660268963146,0.7046775449687934,0.22511839959980884,0.13395630649930013,0.06093674883668321,0.31601674824779225,0.031159859319625838,0.12750117841163
2020-11-23,560.314836144,609.057922253,552.452761751,608.360619371,33207042698.2737,66663990291.54644,0.0825266396017216,0.0792977899235477,0.211640735837352,0.1919754211288247,0.0462930223408433,-3.0727640346284995,-0.5622980077321849,0.2773047253879003,0.1523009283960306,-0.2226993596561595,0.38810279205979376,0.05120453380988366,0.034482082522388824
2020-11-24,608.99083457,621.768091939,593.058291343,603.418407357,34719065009.14516,69054347751.60458,-0.0081238197487369,-0.0081569977828136,0.045533181759364,0.0445269770771958,0.0329362524945349,-3.413181328326558,-0.3404172936980587,0.2237802740223493,0.1297486085828794,0.44891551353499937,0.39595269276664347,0.05344236729371232,0.0601330427100375
2020-11-25,604.610942261,605.824683128,557.893556729,572.319809116,25917481064.8077,67239991438.0676,-0.0515373708555118,-0.0529128903363629,-0.2535086685663649,-0.2923712743494374,0.0472543843646403,-3.052209838561145,0.3609714897654132,0.17825865415400197,0.030193607617359675,0.13481543993070289,0.37489705047006194,0.025555949649138654,0.04264098397438998
2020-11-26,570.476136701,575.955317532,486.320554722,518.23509946,31155087716.173134,59254123142.94486,-0.0945008521363933,-0.0992689427263601,0.2020877969687173,0.1840598758488084,0.103656539419179,-2.2666723507332738,0.7855374878278711,0.09418696068045318,0.06869026876267981,0.08832433088569669,0.24982791155670517,0.03564512951959031,0.16591777829392362
2020-11-27,519.901591907,530.585003983,496.603824221,516.511589801,25719042781.075684,58430782421.45877,-0.0033257293085626,-0.0033312718383271,-0.1744833776306624,-0.1917458797019243,0.0466247563867467,-3.0656236259809395,-0.7989512752476657,0.011737472944081208,0.04387153559842716,-0.07132836641861884,0.28400999305786934,0.024464412295252203,-0.034113516696957946
2020-11-28,518.547769393,547.708050206,508.183799434,538.321369461,15138980070.966011,59693807461.53013,0.0422251505883979,0.041357995410971,-0.4113707807933887,-0.529958802541604,0.0475807794035847,-3.0453263933338683,0.0202972326470711,-0.02275587613634255,-0.03203896369229753,-0.002442258056271518,0.3290734506066686,0.00599370437343083,-0.056530360912372624
2020-11-29,538.287029663,574.930757462,532.479617113,573.802384401,15787770057.23106,62527302125.68247,0.0659104708689639,0.0638293361649983,0.0428555941829476,0.0419627140678792,0.0369438242975803,-3.2983567822934883,-0.2530303889596199,0.023786225845412387,-0.06200257582106872,-0.0003090035406985159,0.4044180868660007,0.006809070273785522,-0.13685032229271066
2020-11-30,575.458049058,615.564511095,573.102358025,615.564511095,20300381107.93863,67471025961.74106,0.072781375311983,0.0702546920143317,0.2858295398494683,0.2514040663684347,0.0283003303596254,-3.5648818009160834,-0.2665250186225951,0.010736533380081646,-0.07370523461602829,0.002895440938033511,0.4648689586005006,0.0179292167277616,-0.17787485685554083
2020-12-01,616.183533867,634.754677317,573.516677404,589.8144674,27801311744.23318,68561448547.40495,-0.0418315923528378,-0.0427317255972537,0.3694970353714812,0.3144435449661746,0.066387228451143,-2.712250583603228,0.8526312173128558,-0.02477715511693871,-0.04186113367610744,0.07816521167513923,0.39694919009195545,0.03441204338525239,0.26622584986944475
2020-12-02,586.970964167,602.820206624,578.508053652,598.357253473,29296849357.987724,67424332064.17282,0.0144838530507025,0.0143799639921625,0.0537937787796922,0.0523967751693326,0.0265471299530219,-3.628833636835239,-0.9165830532320114,0.047716649722152976,0.02066842391378998,-0.009198822514081773,0.44528764109188546,0.030965510459253665,-0.10805798109893638
2020-12-03,598.537314268,621.269532426,588.64983249,616.904853214,18849754263.437267,68867173618.92322,0.0309975347225182,0.0305268138801873,-0.3565944913357066,-0.4409801024104852,0.0331887203730133,-3.4055452085878564,0.2232884282473826,0.1710752559512298,-0.07740791191210761,-0.30452335840101474,0.4638058664136565,0.013133981853638232,-0.12441938217076709
2020-12-04,616.551824352,618.836052545,569.723830812,571.978333171,18578754854.95589,67897663570.45096,-0.0728256874766638,-0.0756136916939741,-0.014376813866854,-0.0144811615880029,0.0352619917342218,-3.344949616533958,0.0605955920538985,0.09806895818795686,-0.047826548510972344,0.055248566692880585,0.3515096377380167,0.012404294403200566,0.09765053442915095
2020-12-05,568.823974868,596.047596655,563.49121208,595.548506193,18657983308.10796,66795290397.97293,0.0412081571190448,0.040381728451654,0.0042644651792116,0.00425539811589,0.0276260472230235,-3.5889962113369904,-0.2440465948030326,0.10109090976293457,0.02385662894316809,-0.30202399471488683,0.3571374618810092,0.005106644332052213,-0.21188861964092043
2020-12-06,596.938911543,606.785505299,584.894523995,601.697268376,13355002634.15766,67785938031.35104,0.0103245363208204,0.0102716023298812,-0.2842204640437132,-0.3343830701112938,0.0255088850985987,-3.668728452268049,-0.0797322409310585,0.04458811164048132,-0.016431723421810318,-0.298501387885453,0.2776528268620438,-0.012880500176482457,0.08140481699435198
2020-12-07,602.213641605,602.85844828,586.09441863,592.59222528,12541614833.203392,67581252695.5934,-0.0151322659658649,-0.0152479269948279,-0.0609051022478941,-0.0628387423115486,0.0172470289182174,-4.060115386964277,-0.3913869346962282,-0.03903834836873361,-0.054285366752857556,0.013980034670188157,0.3071240640099095,-0.013326997753388525,-0.14135780610080673
2020-12-08,591.932557333,594.423944823,554.499859054,556.157757742,13094354178.450588,65996956607.72508,-0.061483202080123,-0.0634545244264862,0.0440724222995465,0.0431288570731812,0.0302599929423682,-3.4979288038549914,0.5621865831092858,-0.05392336286159896,-0.11176277038985916,-0.09841166269442647,0.20122442722837866,-0.008412571486907439,0.21530434383167196
2020-12-09,556.855121774,577.422205889,532.874093954,573.995816622,20405094324.35625,63697896538.32011,0.0320737392074195,0.0315701172271147,0.5583123876347384,0.4436034328922009,0.0535544061951745,-2.927057203584001,0.5708716002709902,-0.04186676118899974,-0.07417616629902213,0.3658609994859021,0.2559467326570437,0.009676441806266922,-0.13511402922264204
2020-12-10,573.748460102,574.487692579,549.501451665,560.295981996,16786263794.833849,63991075370.57099,-0.023867481659752,-0.0241569247979465,-0.1773493654083645,-0.1952236707504739,0.0277707845555455,-3.583770726152331,-0.6567135225683298,-0.09567719790053636,-0.018029984333860938,-0.18634491501940698,0.21691437703491195,0.0033316955059810027,0.06416451582747773
2020-12-11,558.830476491,558.830476491,536.789332989,545.385177056,16090933180.57788,62156477074.42877,-0.026612371709113,-0.0269728914530672,-0.0414225954479496,-0.0423049638341733,0.0240942205570125,-3.7257832781571047,-0.1420125520047737,-0.04207873558231663,-0.02217891838920849,0.006790010681920755,0.16207316996644788,0.0013299650654303719,0.07750433393431422
2020-12-12,544.799938166,573.051854068,544.799938166,568.071724637,13077358658.153696,63603071003.47253,0.0415972940508988,0.0407553945913919,-0.1872840119715143,-0.2073735686854811,0.0245386738821617,-3.7075048801912462,0.0182783979658585,-0.04956709591494633,-0.05161656568258621,-0.017398925689775968,0.20501516310051335,-0.003428383216565578,-0.05765268102430121
2020-12-13,568.04074277,594.40786573,564.499674343,590.398159713,12883086837.63333,66128516592.93795,0.0393021410989373,0.0385494697457248,-0.0148555855657624,-0.0149670349179575,0.0275124527503471,-3.5931165495195936,0.1143883306716526,-0.019815112474456588,-0.004489540969341732,-0.0016642781998292833,0.21426430169391045,-0.0024876948955423472,-0.015263795096725818
2020-12-14,590.513204255,591.063281364,576.975374048,585.830926747,13285092245.33701,66560148570.68324,-0.0077358523072297,-0.0077659292268373,0.0312041215564398,0.0307271694894301,0.0163245421184604,-4.115085652086778,-0.5219691025671844,-0.010361477932961948,0.007063917944766018,-0.11466452504196356,0.23882277924269302,-0.001079344988820452,-0.04657545094061888
2020-12-15,586.312592578,596.181620904,580.97819159,589.174710094,12501104462.707764,66871715262.24858,0.0057077617352285,0.0056915341826033,-0.0590125960852414,-0.0608255253367647,0.018013579964364,-4.016629363069964,0.0984562890168136,0.05641765966067071,-0.005632548200118492,-0.0784016719172711,0.27237112064012076,0.0024690388705614907,-0.13933127200472262
2020-12-16,589.156207076,636.77174969,581.908844275,636.77174969,14853794060.064754,68666279763.76693,0.0807859515701312,0.0776885094022203,0.1881985391271095,0.1724383274547467,0.041538047983512,-3.1811454528874035,0.8354839101825609,0.10422019316904427,-0.0543030420453654,0.35865929835683064,0.32294816590688463,0.005266557078464018,-0.5165397243103456
2020-12-17,637.567152504,675.086558503,630.326991879,644.532271585,32464770188.75662,74173427174.36496,0.0121872898707866,0.0121136227843905,1.1856214013387962,0.7819001823205858,0.0480367258730185,-3.0357894382765824,0.145356014610821,0.14267872833588707,0.14635611608400723,0.2859716688409999,0.2896943351085379,0.031220573649367367,0.5590660629014943
2020-12-18,643.444513826,662.890064589,633.563559275,654.529322299,32211180193.387463,73626723357.33124,0.0155105510689415,0.0153914920079024,-0.0078112364231975,-0.0078419039356107,0.0301832498737942,-3.500468148411532,-0.4646787101349492,0.18349774407764308,0.13101597896396555,-0.30610038593775624,0.312477097584456,0.018785885319971385,-0.08284875320085483
2020-12-19,655.127199244,668.961087297,647.281421717,659.957348257,20605945919.77005,74785644445.1421,0.0082930218296934,0.0082588236648223,-0.3602859070652685,-0.4467339322313815,0.0228436614695678,-3.779081597516789,-0.2786134491052574,0.14998206270169515,0.05576496012185217,-0.15551595262246787,0.3359331705020895,0.003411632290028166,-0.19762500559330576
2020-12-20,659.717654114,659.717654114,626.936869221,639.936581816,19625176203.116863,73932221969.31624,-0.0303364550661895,-0.0308061285478411,-0.0475964423313468,-0.0487664288990299,0.0306719137084556,-3.484407906048231,0.2946736914685579,0.08037708400087912,0.04742961073169738,0.14814672748905489,0.22600882605620357,0.00394514396823098,0.24879743774898433
2020-12-21,638.545755017,647.012974377,600.741283702,611.39595163,21788103341.29225,71141544271.93866,-0.044599154036495,-0.045624292571879,0.1102118582676405,0.1045508604163403,0.0449858845716746,-3.1014065146034904,0.3830013914447407,0.04189170617462079,0.05677821457010879,0.037022803699453544,0.10453318899292967,0.0005683868772941025,0.18767952906983587
2020-12-22,609.121688929,635.279992483,591.02132177,635.279992483,21143128007.717854,70012589619.62695,0.0390647677488285,0.0383210467948681,-0.0296021789263344,-0.0300491667446922,0.0438684165670527,-3.126560658208481,-0.0251541436049911,0.07537447900425752,0.05458173679913969,-0.0906256534347154,0.1255670016045544,-0.010022185999943645,-0.019226382716358792
2020-12-23,637.205159991,637.599744715,562.19335703,587.243686104,22016623613.67007,69727710853.99295,-0.0756143856998384,-0.0786259629053387,0.0413134520887055,0.0404828510227572,0.0731132921433818,-2.6157450936896125,0.510815564518869,-0.08221973689713893,0.043085260286485294,0.23484011451604436,-0.03636334578044678,-0.018159503184143944,0.05532257351886627
2020-12-24,585.250435334,613.230446742,570.198414957,612.106973917,25875008468.279205,66920036302.47502,0.0423389614930602,0.041467189370625,0.1752487085355574,0.1614797920366298,0.0432332127053417,-3.141146266493459,-0.5254011728038464,-0.049928736498254946,-0.039569042134868226,0.0007754625601519294,0.012321880690411626,-0.014588897149103275,0.004225793673427125
2020-12-25,611.382113595,631.60813,605.402919868,625.399119623,19584229908.45132,70257009800.94087,0.0217153966094207,0.0214829761008155,-0.2431217971402753,-0.2785529329945849,0.0264447875032017,-3.632696209920877,-0.491549943427418,-0.04643937677999785,-0.08049462484754244,0.00456770878007573,0.09191869763815626,-0.010579490066110253,-0.030756553132980757
2020-12-26,625.556582603,649.758255539,616.066315928,635.630449012,19986054740.754555,71874072129.43272,0.0163596798715794,0.0162273021291786,0.0205177754847449,0.0203101215234571,0.0363175767909251,-3.3154534457863423,0.3172427641345345,-0.037194607242688055,-0.004123589381592296,-0.07639407900295758,0.2009777921162242,-0.018934683768449645,-0.235611092177745
2020-12-27,635.636073392,707.727119779,629.972352168,683.881508808,29408105948.798782,75386130382.96674,0.0759105544282841,0.0731673304295265,0.4714312719674112,0.3862355814962507,0.0685926488653739,-2.6795699093891567,0.6358835363971855,0.06859133680647754,0.06317343226812255,0.34984997878702684,0.2767525164764522,0.006293747135288186,-0.11086097158603114
2020-12-28,682.12974047,746.711974872,682.12974047,731.985374426,43965957947.58786,82572772373.9873,0.0703394740147962,0.0679758635901683,0.4950285483919006,0.4021453025746399,0.0465755331394149,-3.066679915658981,-0.3871100062698245,0.1837424681029316,0.12996101197805743,0.049297028464921455,0.30736860318994413,0.04786210379156941,-0.10030900160066691
2020-12-29,729.785169041,737.589556445,692.840494143,732.943832297,33560625431.58293,82058302031.14748,0.0013093948383211,0.0013085383284913,-0.2366679358700475,-0.2700621338151964,0.0441747119367902,-3.119602781753151,-0.0529228660941698,0.1399773958804264,0.0660085405605102,0.09154421150309222,0.24190274106610088,0.028406337673271054,0.25336129983322486
2020-12-30,731.317989248,754.803257909,720.620070971,753.752103938,27809473840.69383,83882375417.262,0.0283899948728516,0.0279944675338508,-0.1713660433001603,-0.1879767693677131,0.0268563446859191,-3.6172531847904303,-0.4976504030372792,0.2530236891181495,0.02936376626053061,-0.40330563716688395,0.20151867558556455,0.011763453614094033,0.134733968417855
2020-12-31,753.30415685,756.931006003,730.761952387,744.03743925,32085916100.308968,84951925020.5771,-0.0128884080551754,-0.0129721841921105,0.1537764534529735,0.1430404348086736,0.0236597932321954,-3.743978159599607,-0.1267249748091767,0.19636920094395136,0.030553597184454162,-0.1866278042779448,0.23711600132707486,0.006650606355385946,-0.05959334942526562
2021-01-01,743.134659745,754.297612055,722.419457314,730.868534178,23706827592.34648,84369986354.00629,-0.0176992505716842,-0.0178577553693881,-0.2611453723735755,-0.3026540923694062,0.0287279334304582,-3.5498853392965497,0.1940928203030574,0.15559181415750883,0.019776931643193052,0.0821981540888328,0.19974473040317137,-0.008685710889743348,0.07341331329727474
2021-01-02,731.435387636,786.291987118,718.063089123,771.806380703,22035309315.237297,85527530455.51093,0.0560125995450635,0.054500116600262,-0.0705078851481932,-0.0731169550714604,0.0548149917188436,-2.903791550930284,0.6460937883662656,0.1941075284536994,0.009687043043992816,-0.08433274501985943,0.22459133508984333,0.004958920750159024,0.09807584514964351
2021-01-03,771.219259193,1008.35935322,771.135299817,982.082462806,42437519218.11326,97932978277.89398,0.2724466749179632,0.2409415628025548,0.925887157334703,0.6553867225290475,0.1157694094648056,-2.1561549157120727,0.7476366352182113,0.36445540412873517,0.05948897085636773,0.45913820428037644,0.5461042516636853,0.03637894452238655,0.2253393850188683
2021-01-04,976.801806718,1152.226308046,916.755032657,1040.789196724,99914889203.75732,115565400020.68764,0.0597778049617783,0.0580592681904739,1.3543998575937368,0.8562858574519631,0.1567681955514998,-1.8529870261325128,0.3031678895795595,0.35498434551748315,0.2215413008627749,0.5843355104538599,0.5559197649301375,0.11481946549701405,0.3510678253305355
2021-01-05,1043.052999786,1126.863340374,988.166014122,1102.305802444,87973351491.36487,120627872433.06578,0.0591057304530353,0.057424901534593,-0.1195170990785965,-0.1272847709716326,0.0862910755573284,-2.450029098090321,-0.5970420719578078,0.4103110779246827,0.1766898452218193,-0.272550536383813,0.6045471801594955,0.09495635191014173,-0.06533278413377264
2021-01-06,1100.763600351,1208.067837253,1063.596389609,1207.112288746,66136904550.03913,129833780388.10132,0.0950793201574611,0.0908267991448872,-0.2482166084518119,-0.2853070396786996,0.0694646954738181,-2.666936634270312,-0.216907536179991,0.4715171750398985,0.10803092649639723,0.027557342720573308,0.7125935430727147,0.06303600120513408,-0.058914088027059885
2021-01-07,1210.802895462,1285.913678071,1165.888174574,1226.270760769,69636874878.29745,139281646039.65222,0.0158713254778497,0.015746692984013,0.0529200807335978,0.0515673335323119,0.0688361334244049,-2.6760264767873627,-0.0090898425170506,0.5008556748506068,0.09560617964616114,0.19389389256523892,0.7894278394677572,0.06245796667561976,0.029653852144405524
2021-01-08,1226.194419254,1271.78220296,1084.56771964,1219.75417602,74834975973.38991,137209481945.74884,-0.0053141483573443,-0.0053283186681103,0.074645812354116,0.0719911304103018,0.1125505016526321,-2.1843532544857784,0.4916732223015843,0.5113957343904584,0.11702288383143156,-0.02912047094519221,0.7542135449058001,0.056649835487746714,0.04718306383934101
2021-01-09,1218.928226794,1302.811666173,1178.471553288,1284.753112714,56769902511.29867,139875193474.2568,0.0532885543430468,0.051917226327424,-0.2413988008563654,-0.2762790689961405,0.0629454288905,-2.7654871360529145,-0.5811338815671361,0.5103491326818104,0.0723444839320031,-0.3110385114680916,0.8324756836156766,0.039660632211763414,-0.12768019800403185
2021-01-10,1281.157188706,1347.314268958,1186.689738394,1263.993464009,57825073378.14089,148884402277.58685,-0.0161584731724415,-0.0162904448718163,0.0185868007547171,0.0184161771620615,0.089371722852293,-2.4149509460271608,0.3505361900257537,0.2577476313902916,0.030448749416439824,0.13635649202799316,0.8416127624777135,0.03978480671291962,0.04173439486757724
2021-01-11,1261.123629239,1261.123629239,926.606220764,1091.401730226,82360308517.97612,122548355276.07928,-0.1365447992393821,-0.1468132637365003,0.4243009771797379,0.3536811510353554,0.1985758156430736,-1.6165843089902052,0.7983666370369555,0.04531087161655298,-0.03481229904613059,0.17864798316802877,0.653024993700443,0.06274029031428796,0.2330293876017232
2021-01-12,1091.806095005,1147.680907097,1020.566617372,1044.332167129,79469006351.34503,124096575846.87712,-0.0431276236727726,-0.0440852544919337,-0.035105528605445,-0.0357365396907805,0.0782701758790903,-2.547588644086142,-0.9310043350959368,-0.05262651450471893,-0.017310835306961536,-0.00200170665232946,0.5701408890555345,0.05680117278507524,0.08287867902901702
2021-01-13,1049.92706161,1134.814214075,993.590997213,1130.065833872,52027694718.78536,122028960436.7805,0.0820942507006103,0.0788982844870074,-0.345308352179934,-0.4235909208792337,0.0821037265326617,-2.499771873387453,0.0478167706986889,-0.06900779843438819,-0.029397624406161782,-0.005609277054657857,0.6561780882881627,0.031622988846233824,-0.0865626823587129
2021-01-14,1132.295139701,1244.069800787,1094.997820433,1220.241033479,45944451364.51135,133757391116.16,0.0797964126550294,0.0767725165655895,-0.1169231769186491,-0.1243430798055269,0.0773563633291034,-2.559332438648611,-0.0595605652611581,-0.004866997426939244,-0.05139620196981198,0.013237627715207756,0.7281123308885208,0.026515789091483555,-0.09824454935026705
2021-01-15,1220.514139066,1251.778369055,1088.65836296,1166.958014808,54737261213.83709,136634407069.9976,-0.0436659784494265,-0.0446480320275513,0.1913791456462472,0.175111581985261,0.0947045851824302,-2.3569928619851286,0.2023395766634825,-0.043571594378761555,-0.0457696301418018,-0.005195791957116391,0.6044960458649116,0.03072930574877475,0.15344295710070288
2021-01-16,1171.890015013,1285.778492683,1155.918232051,1235.766738172,55657526833.38291,138951671848.07645,0.0589641807938747,0.0572912424342775,0.01681241624331,0.0166726519154348,0.0676737425601677,-2.69305702422081,-0.3360641622356812,-0.036072105134464655,-0.002595507874008973,0.0016611835507882589,0.6526110993274481,0.017444677588763113,-0.05103414033347353
2021-01-17,1229.650905818,1268.291605118,1174.88761693,1234.467925024,51283343265.1442,140011451226.6686,-0.0010510180504788,-0.0010515707572538,-0.0785910516888995,-0.0818513148809615,0.0540378605085849,-2.918070357558687,-0.225013333337877,-0.021363045504761587,-0.015401653638935642,-0.1314436955011078,0.6335659121876357,0.014120760219242356,0.02129918168184075
2021-01-18,1234.467843321,1260.238661084,1187.844748272,1260.238661084,43122868894.01037,140298020785.50586,0.0208759867612591,0.0206610692796574,-0.1591252412882424,-0.1733125495854108,0.0398131290448745,-3.223558545589344,-0.3054881880306572,0.14346782370684402,-0.09771704413275017,-0.37470638284549307,0.6472444488754242,0.016418533973997285,-0.015140597236854014
2021-01-19,1259.33620875,1427.175262344,1255.551822295,1386.98081218,60479280675.5025,156467075270.19852,0.1005699594924205,0.095828190606669,0.4024874092712065,0.3382473810276843,0.0678750973395711,-2.69008606662857,0.5334724789607734,0.2784086105690178,-0.050956331528208665,0.17157103205236623,0.7756912531017324,0.029118058817608983,-0.04417978912277265
2021-01-20,1375.560773134,1403.278939717,1243.607283904,1385.325719148,76141583200.16394,152605052292.24884,-0.0011933063654994,-0.0011940189224626,0.2589697223532876,0.2302937058082059,0.0853019789343138,-2.4615576250547395,0.2285284415738311,0.20168861835398352,0.06427281319270861,-0.2657204171195371,0.8216725018855553,0.037470076892166304,-0.07587613828448914
2021-01-21,1377.877321411,1378.407099431,1098.657772734,1128.559276247,70734494737.57494,143333717589.0029,-0.1853473442035825,-0.2049934457925563,-0.0710136069586921,-0.0736611871632855,0.1016742677252475,-2.2859810293269303,0.1755765957278092,-0.0783303529570458,0.0620319921774346,0.24651017540610587,0.5716054455420024,0.033003938204760885,0.2875604850678586
2021-01-22,1120.961436406,1272.354830584,1047.741913039,1237.203402514,78630119586.19547,136581632502.33836,0.09626798392752,0.0919116695206834,0.1116234006889185,0.1058214700220642,0.1228919294010635,-2.096449932580516,0.1895310967464145,0.054235669092318396,0.056352331394730726,0.15372044963054132,0.7485689407665581,0.036392028552850064,-0.2045441063375153
2021-01-23,1236.376384497,1271.518276772,1203.253254759,1231.985488668,46981137924.26482,142160104863.416,-0.0042175068670172,-0.0042264256345795,-0.4025045596838573,-0.5150086264756437,0.0389573892564003,-3.245286813325812,-1.1488368807452964,0.001896773670690538,-0.02009835402537874,0.012025312014181111,0.7006602111498913,0.01323546518465335,-0.06900316583388333
2021-01-24,1234.232438001,1397.406839193,1228.046950762,1397.406839193,45300423691.65884,150906609117.61362,0.1342721582734309,0.1259911749879851,-0.035774234232371,-0.0364298149370068,0.0488833158087841,-3.018319130724278,0.2269676826015341,0.12397828023018843,-0.014098212396195464,-0.06636491094598562,0.8037317547208221,0.01589317615942676,-0.27204323722566204
2021-01-25,1392.181697479,1463.065644961,1311.942580803,1322.609995904,65227836093.71216,160632114841.9383,-0.0535254595806866,-0.0550112073534748,0.4398946141804531,0.3645699263128784,0.0701997939921277,-2.6564099025397523,0.3619092281845257,0.049022290304489596,0.05112769390213856,0.1352791723399176,0.7327361450632757,0.027361636201224115,0.17821893175764447
2021-01-26,1322.313127755,1371.622973545,1251.734445723,1356.036023241,64819621702.518906,151704261005.39264,0.0252727768885139,0.024958700979388,-0.0062582850457705,-0.0062779502013262,0.0627526606675641,-2.7685543007924243,-0.1121443982526719,-0.014295728005702732,0.00973909748720203,0.007688355393557167,0.6871011589151446,0.02090601871303477,-0.15264659484586451
2021-01-27,1362.995782518,1366.099612093,1215.430041733,1250.249614514,61210536935.20993,146738943477.9639,-0.0780115033184477,-0.0812225319875918,-0.0556788927876251,-0.0572890147312415,0.0628374129630881,-2.7672046350753923,0.0013496657170319,-0.09720091908642443,-0.033908956752291886,-0.033148968803185186,0.5383483001258266,0.010024644863886323,0.2156435822561732
2021-01-28,1252.531546964,1357.175689141,1224.034932118,1331.961424886,60091691953.16979,149948979647.6473,0.0653563971733461,0.0633093884133501,-0.0182786336807404,-0.0184477519088542,0.0622110331109863,-2.777222913761621,-0.0100182786862288,0.17246586896987184,-0.0248919111649073,-0.08155696810797863,0.5995595194117833,0.015229472753219397,-0.19030277400186757
2021-01-29,1334.917808915,1429.036567381,1295.99193611,1387.439978418,66558092995.15381,155903909257.21887,0.041651771962351,0.0408076955018816,0.1076089028583746,0.1022035502548957,0.0648052367441375,-2.7363688649364395,0.0408540488251816,0.11527547602422762,-0.029005616360468167,-0.5762283415305705,0.6107465128839936,0.021834021084160327,-0.023394753531198242
2021-01-30,1381.158688579,1400.192611215,1331.080317955,1379.867068339,61266389536.710815,155705536956.90442,-0.0054581893247985,-0.0054731396661636,-0.0795050341786127,-0.0828437472849726,0.0357882611002857,-3.3301353415738277,-0.5937664766373878,0.11153789806628592,0.034233291017589096,-0.0603940780186516,0.6188651800445253,0.016133522448242843,-0.017978228300471022
2021-01-31,1375.221178859,1377.734489716,1289.264631615,1315.587630859,37349232211.3779,153177365281.8127,-0.0465837898119967,-0.0477037338512293,-0.3903797417506014,-0.4949190431254574,0.0379897625859288,-3.2704385611854203,0.0596967803884069,-0.05658864980455423,-0.01890950622395593,0.12658153622774382,0.5870298244012581,0.007454344409275393,0.0658609000698347
2021-02-01,1313.638975359,1373.843459124,1277.668886252,1373.843459124,42264270582.10683,151547773703.21667,0.0442812222451212,0.0433288231534625,0.1315967713315304,0.123629707252384,0.0431030565394375,-3.144161366998612,0.1262771941868083,0.038229684039433935,-0.05670952885408198,-0.12039776173474825,0.5773948195186487,0.010952015652794245,-0.2271666826286598
2021-02-02,1371.951572705,1546.106454734,1366.850386559,1516.837913238,56250945162.93805,164906432245.89307,0.1040835134194817,0.0990155912071717,0.3309337742777152,0.2858807818097326,0.0608234249459554,-2.79978028549443,0.3443810815041819,0.10694278930268243,-0.022012745709524495,0.3355494594190669,0.4400993543061179,0.00741029892861178,-0.10559840119292074
2021-02-03,1514.304823054,1662.07451972,1513.794088524,1662.07451972,72681831089.72115,180131952917.71375,0.0957495888087096,0.0914386850565784,0.2920997305767741,0.2562685932302462,0.0318941201507415,-3.4453336074739638,-0.6455533219795333,0.2828997919482489,0.029360970473813808,-0.21768482697011904,0.46591454332545834,-0.014662316697123146,0.1703983799673363
2021-02-04,1664.337903137,1692.529020884,1564.966966014,1593.07972489,69234192110.52061,188340036905.1236,-0.0415112523604676,-0.0423974561172171,-0.0474346742165127,-0.0485965908332975,0.0482742808125422,-3.0308563484990443,0.414477258974919,0.17679935308640704,0.02279832359846523,0.2739399926566366,0.36966495557890294,-0.010215519172273702,0.19662914234824536
2021-02-05,1596.839657043,1758.480607669,1596.839657043,1715.445469406,64957851199.79559,191558387721.7657,0.0768108102841176,0.0740037191262445,-0.0617663148852603,-0.0637562297515618,0.0516317560736017,-2.9636183680096564,0.0672379804893879,0.21675001953117382,-0.003953124443366818,0.08985665967812784,0.34838910628847064,-0.0006462555415396309,0.10370901559611523
2021-02-06,1722.12019728,1740.31480488,1653.012383472,1675.289347758,62409578101.26129,193803156410.742,-0.0234085678409262,-0.0236869005252815,-0.0392296397043121,-0.0400198576767077,0.032105766422448,-3.4387196256507804,-0.475101257641124,0.1973713197541136,0.002825645762563056,0.045071221495632585,0.3120704902050487,-0.003970534350465016,0.028434586524346606
2021-02-07,1678.682379689,1690.569363604,1500.109549583,1613.342017918,54472202357.21178,184283957472.41125,-0.0369770928961631,-0.0376780802355245,-0.1271820125297258,-0.1360282357500249,0.0808362740016777,-2.515329478532225,0.9233901471185556,0.20550668513231232,0.041394794833880866,-0.017919657978340053,0.2803358450452531,-0.011272440660793137,0.021207591772313017
2021-02-08,1615.010367499,1769.672984124,1571.898909008,1747.959634061,61836707429.3533,190887316030.97025,0.0834402220037153,0.0801413692712889,0.1351974907099842,0.1268066364225497,0.0678594773327438,-2.690316221796242,-0.174986743264017,0.24221495250575648,0.04530832960352171,-0.5885644156017271,0.3106854611265615,0.002816783620250618,-0.008198601321306676
2021-02-09,1754.043716365,1807.041935347,1714.450002602,1767.664448768,70192533802.42464,200692708968.18463,0.011273037616561,0.0112099704577103,0.1351272847542477,0.1267447898034953,0.0368809895389541,-3.300059049337153,-0.6097428275409116,0.1547026838009525,0.031065667924675466,-0.13999728758538632,0.3376560619712286,0.006842293306121405,0.019897363604498675
2021-02-10,1769.266943543,1825.557257994,1689.29918232,1742.193880436,62851334886.27421,202302962843.2887,-0.0144091647878941,-0.0145139849351307,-0.1045866065586713,-0.1104697752333914,0.0540075716508901,-2.9186310264899484,0.3814280228472051,0.04571778127402583,-0.02180427473291857,0.41326036556902457,0.46731187696804627,-0.010814760858366412,-0.2878388277744921
2021-02-11,1742.35166098,1808.740446561,1713.388102317,1779.925305264,54693213689.393295,202077386093.1614,0.0216574201365908,0.0214262302418412,-0.1298002852547611,-0.1390325364992897,0.0359262713507895,-3.326286458616377,-0.4076554321264285,0.10854493849948599,-0.03314985949768712,-0.11327285750540694,0.5278507034653923,-0.013905177620017639,-0.13145620151966164
2021-02-12,1786.450941236,1857.992870711,1747.625572091,1840.848917148,52066984581.37952,205640343115.44788,0.0342281845782084,0.0336554331499363,-0.0480174583071369,-0.0492085829168421,0.0390835336461975,-3.242054035061148,0.0842324235552287,0.0666706286934392,-0.030336061914081114,0.18157594806168054,0.4859801633227571,2.220483962744879e-05,-0.030236765498985685
2021-02-13,1839.296662606,1865.725076705,1773.587535721,1810.679595308,55058152711.43413,208675349893.8134,-0.0163888092928021,-0.0165245914099873,0.0574484609412992,0.0558588940520895,0.0344599935119149,-3.3679562361611017,-0.1259022010999535,0.07569305394005557,-0.017721281762263175,0.009381507674152578,0.3944300463942966,0.005137372517573624,0.18927708033164015
2021-02-14,1812.441953258,1846.790159224,1790.009772699,1804.822142695,47153885175.01547,208859532549.63217,-0.0032349470487095,-0.0032401908018098,-0.1435621637697471,-0.1549735426840958,0.0219257274758847,-3.820094561074351,-0.4521383249132489,0.11112067486877639,-0.01795901568574365,-0.3887918373025361,0.43184420812116747,-0.004272885779336377,-0.05954086228076827
2021-02-15,1803.175190228,1832.028207815,1692.343858051,1778.190187559,53889692951.65651,204129961688.06897,-0.0147559997774808,-0.0148659525246327,0.1428473550300371,0.1335228282391308,0.0554054880926041,-2.8930766270919226,0.927017933982428,0.013672281051496578,-0.019874186921033044,-0.35624667550501377,0.3688657858094863,-0.0009987232782151523,0.09377251590692826
2021-02-16,1781.515509452,1824.742605401,1732.203301141,1783.388753478,51392448545.31964,204516328788.0337,0.0029235151309299,0.0029192499713864,-0.0463399264229822,-0.0474479880350606,0.0367954029582237,-3.3023823612238408,-0.4093057341319182,0.007950043864589224,-0.048650745847336196,0.004891593674481776,0.3678753673523855,6.166702331000806e-05,0.0012357107663247824
2021-02-17,1780.9048429,1850.611813674,1740.604679161,1841.841587839,49391979613.00318,206705846494.7863,0.0327762717169795,0.0322505855739208,-0.0389253477687947,-0.0397031912066471,0.0379550297192827,-3.27135324850007,0.0310291127237709,0.05553020401584313,-0.03634370334779646,-0.15993998996493985,0.3801811703540825,0.0035369709744443867,-0.015817666726624546
2021-02-18,1845.136404918,1937.155854269,1845.136404918,1924.322706533,53999855956.57917,218122365160.39685,0.0447818744231818,0.0438081310196959,0.0932919955766036,0.0891933240893291,0.0224091309993198,-3.798286769283063,-0.5269335207829928,0.07434312778799129,-0.0019085013956576802,0.3367365814595269,0.33571258208419785,-0.0036558452332116076,0.13633903341748987
2021-02-19,1926.540954058,1959.25959197,1886.000241958,1950.33821389,50698098934.25925,220911151056.7558,0.013519305919261,0.01342873548948,-0.0611438116608096,-0.0630929655615247,0.0258437913358882,-3.655684887305494,0.1426018819775687,0.05861955059508042,-0.003778653296105716,0.14780708006547805,0.3474586584805481,-0.014486515836889424,0.013367249870681275
2021-02-20,1948.059237493,2024.822617845,1853.611542152,1915.886606046,58705087546.89709,227347183336.1041,-0.017664427430402,-0.0178223054075852,0.1579346914569832,0.1466379798548518,0.0616067700069272,-2.7869835117716653,0.8687013755338286,0.05550541370391473,0.010035468796242952,0.2303749488097746,0.5359937527159091,-0.006922827297721312,-0.17083371651801793
2021-02-21,1913.794017256,1966.347079466,1892.402848168,1928.444381413,61283948088.286606,222415931641.7921,0.0065545504245247,0.0065331627656798,0.0439290809221495,0.042991557001892,0.026685876745097,-3.62362081438287,-0.8366373026112046,0.06716455245271133,0.0379583890906261,-0.018897178879937027,0.4445288270340626,-0.010067726115558173,-0.2923725562080548
2021-02-22,1928.239734831,1928.239734831,1591.115787627,1777.266854706,63114500948.373375,207693548133.54825,-0.0783935114562287,-0.0816369485447094,0.0298700217135103,0.0294326017674445,0.126084240187658,-2.0708050225080465,1.552815791874823,-0.0023877024947063863,0.024025750105863608,0.3528431800487899,0.36462744019757526,0.009367097671027835,0.14437780642964904
2021-02-23,1776.284612883,1777.48830368,1409.685340817,1560.590130514,93043539824.40686,180792765234.78195,-0.121915695225095,-0.1300126708507453,0.4742022582182017,0.3881170015980901,0.1428266342540969,-1.9461237320838665,0.1246812904241803,-0.13205753533220135,0.1018219422944,0.35280100211965015,0.11419195532721904,0.027216672209792847,0.23098354995768622
2021-02-24,1576.051781015,1713.75748504,1515.280479718,1624.800425112,82119677003.40965,187974839627.6544,0.0411448806079861,0.0403209544042839,-0.1174059245984501,-0.124889894834584,0.0849519849855066,-2.465669064621513,-0.5195453325376469,-0.12716821404092765,0.07331458220554055,0.004144154956965851,0.20600242042202851,0.009454747453176537,-0.0475380555503242
2021-02-25,1629.681024099,1668.136381347,1489.263837614,1496.222285362,53748315677.10185,185285097502.7585,-0.0791347280335287,-0.0824415379372558,-0.3454879800017942,-0.4238653286393138,0.0601051423580426,-2.8116598777395367,-0.3459908131180236,-0.2527826881422257,-0.0005434726098627607,-0.18612584347845873,0.09325839654084919,-0.0061867575319958235,0.05419258856618692
2021-02-26,1489.154576551,1560.220132262,1419.681427646,1440.986686716,59540366533.24595,170683524312.77945,-0.0369167062851468,-0.0376153769318226,0.1077624625660904,0.1023421813759424,0.0635414866382937,-2.7560622535259944,0.0555976242135423,-0.3015055360941327,0.018929313459153718,-0.14731789368741754,0.14016133719801446,-0.0009366396234291585,-0.03174219136264944
2021-02-27,1443.160927622,1526.506430848,1434.969855554,1465.575895445,47595898108.70398,170748731842.5408,0.0170641470567911,0.0169201898627309,-0.2006112679516754,-0.2239079283154842,0.0426638154173733,-3.154404132118908,-0.3983418785929133,-0.2668394003336753,-0.023840548422207064,-0.04411634962920341,0.09337854431612086,-0.007035676807021218,-0.0743072150175288
2021-02-28,1460.696984839,1468.470739201,1304.694594484,1415.204588062,44125895718.1041,158732816100.66217,-0.0343696341755849,-0.0349741620706477,-0.0729054924580845,-0.0756997687294141,0.0812719408705289,-2.509954452743496,0.6444496793754122,-0.3093334264037231,-0.03797601074111867,0.1721816998292771,0.024351329563995477,-0.012755852028746517,0.015063827405257468
2021-03-01,1419.50945034,1568.604468408,1417.707266087,1568.604468408,50350338859.40641,171830471143.47,0.1083941372434835,0.1029122446057284,0.141061003748611,0.131958534611649,0.0355232667098151,-3.337567396905248,-0.8276129441617521,-0.12433753627988325,-0.029216963767094484,0.03086182298016671,0.13157177491794517,-0.006266659817924847,-0.031499144552570524
2021-03-02,1570.315949323,1600.848438639,1460.199273506,1490.240623077,44690190941.05312,177049712326.78772,-0.0499576833480097,-0.0512487515353978,-0.1124152894811325,-0.1192513137155184,0.0563043998371239,-2.876982597029928,0.4605847998753201,-0.055985247953001055,-0.11913582259559519,-0.07548782114300479,0.1261364689962706,0.004218601260443933,0.0027166540799887784
2021-03-03,1490.892997162,1651.539154074,1483.069383485,1580.236853521,45575401259.49394,181555018378.78235,0.0603904020937093,0.0586371441787469,0.0198077094727211,0.0196140893992441,0.0669310655651557,-2.704092061405316,0.1728905356246119,-0.030809561836258232,-0.10050887909965667,-0.09373615492523113,0.14134051127717265,0.001896986719323479,-0.058297028566423714
2021-03-04,1575.14705532,1624.15096266,1516.005583644,1540.806484542,46922872406.608185,179527360797.28354,-0.0249521892184348,-0.0252687724875083,0.0295657549879178,0.0291371162453917,0.0467583309820137,-3.062762836299855,-0.3586707748945392,0.03409740997003968,-0.01994563583678044,-0.04358062211863145,0.017349499627150187,-0.005353403668067358,0.04103328601087197
2021-03-05,1540.987085672,1547.512081923,1453.298540688,1533.479448739,49050114937.41569,171910360871.4108,-0.0047553251342772,-0.0047666676654115,0.0453348744802741,0.0443372881304517,0.0443114425639407,-3.1165123381295943,-0.0537495018297393,0.060703506415672084,-0.03145235422711323,-0.018146139601331157,-0.08188808563005731,-0.013691975287969171,-0.012990411954316494
2021-03-06,1533.624304657,1667.152345569,1517.647905208,1657.837504531,44369988462.768776,181243517504.88177,0.0810953520728701,0.0779747420499886,-0.0954151989372177,-0.1002792239115361,0.0455059499535198,-3.089912193365422,0.0266001447641723,0.12660033630933126,-0.00987437404799607,-0.04993204568320131,0.03748758340355017,-0.014611369433598753,0.010774500865443848
2021-03-07,1651.973829002,1729.839443585,1637.636948002,1729.839443585,46505016366.48272,191491669989.8872,0.0434312403098693,0.0425145520337933,0.0481187392127779,0.0469968802563538,0.0260894196114714,-3.6462254257125433,-0.5563132323471214,0.19771724260459797,0.0072918116175202385,-0.8125872079400744,0.00447239248136049,-0.010983455321923685,0.0027782062275607533
2021-03-08,1725.498816045,1833.544460285,1673.954918556,1833.236059487,47681903949.83549,199561468724.1621,0.0597723773067147,0.0580541466744946,0.0253066803391339,0.0249917681697411,0.0522406851778729,-2.951893678137629,0.6943317475749144,0.15480590298018201,-0.008182173379069013,0.6647585391000059,0.08807355581245889,-0.008853569071405332,-0.015717641199735066
2021-03-09,1832.407908294,1865.817801691,1807.435650165,1865.817801691,53363960468.997055,210610682302.5601,0.0177728023815535,0.0176167128481308,0.119165889959836,0.1125836667422909,0.0194730494463462,-3.9387238490400023,-0.986830170902374,0.22432418916210298,0.02635496318987407,-0.2051411595416366,0.14435808039112014,-0.0006694036432115524,-0.027755177546654686
2021-03-10,1869.621122093,1874.680050551,1763.088558491,1801.122722666,47168717435.65584,209727438014.3545,-0.0346738459491416,-0.0352892512743065,-0.1160941387950483,-0.1234047138647554,0.0366743310358655,-3.305678195450314,0.6330456535896887,0.13406156889867715,0.004766621773121926,0.38564332735347007,0.02648638782416668,-0.008902278031218458,0.042107969259427724
2021-03-11,1797.769484928,1843.751869073,1734.714275888,1824.804384624,48700475346.36169,206181404429.65027,0.0131482778269249,0.0130625895073201,0.0324740207913298,0.0319578840753141,0.0420950029638358,-3.1678262397842487,0.1378519556660653,0.16904961896471024,0.005291263012342284,-0.08768651540622985,0.030907490173192786,-0.013188756668782275,-0.0005091106172052662
2021-03-12,1826.493117611,1841.045175066,1730.017045048,1768.988476727,45495982299.1033,205007602060.17453,-0.0305873376715394,-0.0310648936296983,-0.0658000363336861,-0.0680647698069648,0.0392331471137596,-3.2382332998585004,-0.0704070600742516,0.14277414042168884,-0.010607452299687736,-0.19587915099868392,0.015172171120827674,-0.010778660360870163,0.0014534182344578817
2021-03-13,1769.016820965,1939.090847445,1734.17454971,1925.332966902,46288353881.74932,211670851306.76,0.0883807284399444,0.0846910214489389,0.017416297936744,0.01726637248084,0.0588845948324251,-2.832175770370781,0.4060575294877195,0.1531280896365881,0.005739410857174221,-0.5092261597272993,0.07486798532221885,-0.005261948525973281,-0.010876011682012798
2021-03-14,1923.580506017,1931.390586754,1844.114079458,1865.143312594,42846097820.83449,216869171841.3308,-0.0312619455142085,-0.0317610292439825,-0.0743654887730206,-0.0772758185482023,0.0264853302208121,-3.631164275843168,-0.7989885054723866,0.07782171595358578,-0.010975495520163747,0.242304518926995,0.013954643395845312,-0.005804861049920618,0.010946988371518751
2021-03-15,1854.713705727,1890.218498152,1751.468849607,1789.715533139,40030011278.306656,208248944705.80984,-0.0404407419771388,-0.0412812061679726,-0.0657256246368945,-0.0679851201213613,0.0491374364107798,-3.0131340823427584,0.6180301935004091,-0.023574211643727964,-0.023349966312856907,-0.14848616722631425,-0.012618394255707845,-0.009533537288817229,7.105765094661542e-05
2021-03-16,1792.339956779,1817.643371932,1719.055046763,1797.156957545,39430216685.71304,205056109873.12704,0.0041578811091551,0.004149261007474,-0.0149836228729383,-0.0150970114233315,0.0393972613311146,-3.2340589744567088,-0.2209248921139504,-0.03952985363526915,-0.043972273982273435,0.02754719592319832,-0.0033431572651170696,-0.004935322053178481,0.0002961575701725394
2021-03-17,1806.002220975,1836.684374947,1749.349287855,1819.454703152,31674453805.307163,205629870434.60263,0.0124072332766413,0.0123308943458862,-0.1966959233885231,-0.2190219609845775,0.0341387121025631,-3.3773232863296627,-0.1432643118729539,0.011990121092953531,-0.05128063032504926,0.03960068405903794,0.021072430678061093,-0.01433255295073721,-0.0008664199772658865
2021-03-18,1825.821768443,1848.066780049,1764.037943114,1777.959900558,50989302242.06761,208374132512.4189,-0.0228061751260501,-0.0230702588224168,0.6097926283270014,0.4761053684192798,0.0284632717054667,-3.559140734899955,-0.1818174485702921,-0.026931215450691867,0.007742763421461518,-0.015853291099094946,-0.0016549901311054447,-0.0002620041242842319,0.000883293714355915
2021-03-19,1777.075394307,1839.95,1740.298108238,1809.971829443,45068684294.67869,207805010835.7765,0.0180048655062203,0.0178446975925678,-0.1161149042456252,-0.1234282069712181,0.0376865503645196,-3.278452002436885,0.2806887324630698,0.02288735743830239,-0.0014409420997445466,0.005549162592103585,-0.019241925651547653,-0.0028140263386973174,-0.0007354805451635915
2021-03-20,1813.041780986,1868.5,1809.149648813,1811.77,28905329290.242504,211453681064.13345,0.0009934798584978,0.0009929866839954,-0.3586382708390848,-0.4441616611663254,0.0228205626113403,-3.780093280542729,-0.5016412781058439,-0.05988402825837374,-0.06045259238139522,-0.133685863751138,-0.061421875131594444,-0.016492245420373308,-0.006860870908714123
2021-03-21,1806.24,1816.64,1756.69,1785.710083516,33122376468.37996,205800009150.2907,-0.0143836781070445,-0.0144881259778322,0.145891684394718,0.1361830975906314,0.0226399587772161,-3.788038846443153,-0.0079455659004241,-0.03791420559384656,-0.03548110824100448,-0.156124199483334,-0.08701747212951098,-0.011714979313776297,-0.007774345489748313
2021-03-22,1786.15932113,1803.84,1663.573274445,1685.692430727,27839283763.512627,203531217756.55847,-0.0560100173663513,-0.0576397245098376,-0.1595022238187166,-0.1737609719653031,0.0445175656060537,-3.1118714349760976,0.6761674114670555,-0.061345587075146826,-0.046338844186212924,0.1464857213321049,-0.12691125074162216,-0.020911503167422296,-0.09203928288565777
2021-03-23,1685.152478525,1721.22,1657.267539459,1676.195721839,34476629424.40467,195025429853.89023,-0.0056337139058662,-0.0056496431273425,0.2384165382010019,0.2138335782546283,0.0265676132951821,-3.628062350298844,-0.516190915322746,-0.07458891038783193,-0.019460569921566417,-0.023894660248319877,-0.14008075786836469,-0.01852362460536483,-0.04697513815729093
2021-03-24,1672.882506583,1736.28,1565.368784838,1588.349569452,30382285901.984,193741386170.47275,-0.0524080519013744,-0.0538313038857545,-0.1187570708267219,-0.1264219485210078,0.065804851638265,-2.721061710264685,0.9070006400341586,-0.13933469926915923,-0.005139286776291385,0.2407092947597116,-0.11182841623600782,-0.023093060707616075,0.019014762944178143
2021-03-25,1585.767306333,1621.683184733,1554.974117123,1588.852929807,51539371565.98612,183564012099.3005,0.000316907792013,0.0003168575873453,0.6963625361257144,0.5284862740344892,0.0296779408203347,-3.5173512424585924,-0.7962895321939074,-0.11195664804881028,0.0021909977574914308,0.19348395321400513,0.008089481213617588,-0.030070132744199896,0.031593187496256725
2021-03-26,1588.606123252,1700.7706093,1588.606123252,1700.7706093,32814613566.24832,188997678463.8219,0.0704392945334435,0.0680691198576409,-0.3633097849430391,-0.4514720602931113,0.0230054726689226,-3.7720231492296543,-0.2546719067710619,-0.06392452878717249,-0.049984811748707614,0.12003792559381887,0.042697143009254215,-0.03693835340696694,-0.00434436316854514
2021-03-27,1700.063370234,1731.570704456,1671.116847812,1717.067681916,26404756086.336147,195746419493.00668,0.0095821697099456,0.0095365519019745,-0.1953354552529326,-0.2173298030131474,0.0243550195003512,-3.71501731105258,0.0570058381770741,-0.050629336687940396,-0.010514234580927706,-0.15992532517486913,0.1424094392050351,-0.02108910775487871,-0.04805819386088084
2021-03-28,1714.00900612,1724.97,1668.39,1689.59,23353438462.73413,196143288741.26523,-0.0160026784065605,-0.0161321038914749,-0.1155593944373151,-0.122799917933548,0.0218310019731877,-3.824424210564413,-0.1094068995118329,-0.055581788083953955,-0.04216919661313767,-0.0611300322398054,0.15765009942460395,-0.028611488650359007,-0.012657033716281463
2021-03-29,1687.249031771,1835.34,1680.57,1821.258442566,26220359471.65584,202573786632.0801,0.0779292269521008,0.0750418181535927,0.1227622653296451,0.115791957290008,0.0402996420500731,-3.211412692201125,0.6130115183632876,0.07767166268884802,-0.007163383400492052,0.07467647085307005,0.22061400542186735,-0.017293518059730673,-0.07165806531357632
2021-03-30,1818.243961509,1858.78828312,1791.66967088,1843.018902615,32649726728.286816,210678905491.4565,0.0119480352378442,0.0118772209676851,0.2452051530254995,0.219300297888269,0.0246071896633587,-3.704716616006096,-0.4933039238049703,0.09685674471377827,-0.0081457511318348,0.037621459715131866,0.2610935806510257,-0.009409477556594936,-0.48338644024870825
2021-03-31,1843.244348489,1944.575038361,1793.19,1915.294767036,33375887879.376125,213379958569.9827,0.0392160190644004,0.0384666010595263,0.0222409564751482,0.0219972335373961,0.0521188117201383,-2.9542293259082943,0.7504872900978015,0.18880314100228204,0.013313297980435124,-0.04577642865054665,0.19859469541164135,-0.014081970470570582,0.08964523958159809
2021-04-01,1919.030585323,1982.06,1908.861248873,1971.372781832,44889449904.98929,223705833984.09048,0.0292790518520464,0.0288586075042063,0.3449664640300913,0.2963690789363263,0.0206946528335183,-3.8778799293017903,-0.923650603393496,0.2158731639314462,-0.029818047614124765,-0.2746647580795769,0.27935487624963806,0.00016646037290968252,-0.20586574372465227
2021-04-02,1970.62772767,2141.796555716,1953.439526346,2133.90000968,45813296618.7868,233740680780.1872,0.0824436805386767,0.0792211523250423,0.0205804864116818,0.0203715697429057,0.042300528676922,-3.162955694735618,0.7149242345661722,0.22728576898608693,0.057479338475282304,0.27537911664519266,0.30360265958556104,0.0001987008256065792,0.39419756114572313
2021-04-03,2136.571387853,2137.194335666,2022.747977564,2022.747977564,47145055916.32941,241303585817.3876,-0.0520886787627262,-0.0534943241011908,0.0290692745519756,0.0286547767938196,0.0188887446205014,-3.969189057035421,-0.8062333622998024,0.16562189725302182,0.08537578953333735,0.3028672472990628,0.2720337960430832,0.00018554193738751223,0.08161451431861733
2021-04-04,2019.717755938,2092.33364455,1999.997445273,2082.75,44968079087.34515,236886825275.96045,0.0296636175645867,0.0292321640123351,-0.046176142687111,-0.047276260521532,0.0255679776895461,-3.666414581991497,0.3027744750439236,0.2105897250820155,0.08184042542592351,-0.25888319423333983,0.30605537514209546,-0.0034143496636538373,-0.34991912487819143
2021-04-05,2080.873381281,2128.97,2017.31453578,2108.653788805,37656941013.01613,239343006878.0357,0.0124373010706999,0.0123605932126888,-0.1625850652888243,-0.1774355909356661,0.0371901332213074,-3.2917117888706797,0.3747027931208175,0.14817855008408284,0.040737079306676804,-0.2497426123468709,0.24407889612074452,-0.005640489122487935,0.09947866177423226
2021-04-06,2113.793194577,2150.908302926,2062.799478031,2122.406132527,44254943019.28283,244681132244.7169,0.0065218594892211,0.00650068418201,0.1752134355253682,0.1614497783558897,0.0294673985183759,-3.524470761718602,-0.2327589728479226,0.14102316144243607,0.03970817519952874,0.08676463528518852,0.2070342358637346,-0.0018977156335857615,0.12225057517942428
2021-04-07,2119.238110725,2127.933894729,1956.410444959,1985.808114041,44849034140.44638,235476551555.46643,-0.0643599810576133,-0.066524471627249,0.0134242884665944,0.0133349810771724,0.0435629996241191,-3.1335471213938693,0.3909236403247327,0.034205786584927005,0.03776494617973114,-0.14166358080457764,0.08039504280714452,-0.0023943798785381887,0.16458931576098323
2021-04-08,1979.183625275,2086.56,1971.121525752,2083.36,49430987096.612335,234821099855.3741,0.0491245278278613,0.0479560333579498,0.102163915990195,0.097275443762153,0.024558055441683,-3.706715354665005,-0.5731682332711352,0.0556298395171287,0.014563581454339669,-0.33120878710280266,0.10824617316607932,-0.0033337358966285535,-0.020663499130015417
2021-04-09,2084.36,2103.96,2060.51,2074.94,34631471594.116005,240111592961.124,-0.0040415482681821,-0.0040497373963359,-0.2993975312200591,-0.3558146444168791,0.0144846782526273,-4.234663860459899,-0.5279485057948947,-0.029270151399772276,-0.03624653223024055,0.09490769034968549,0.14338551615207973,-0.010701834768745755,-0.036828551518209185
2021-04-10,2072.89,2195.69,2065.807306384,2142.175399356,42423990355.71053,247490848704.0125,0.0324035390690815,0.0318896168582686,0.2250126374334753,0.2029511602157027,0.0379660183097257,-3.271063774347513,0.963600086112386,0.05886407759268573,-0.015707052294473556,0.12275612622631238,0.1594240552891199,-0.005400958194620387,0.05324788317917761
2021-04-11,2138.080325278,2165.408945827,2121.967615766,2153.53066197,38987180885.34921,247581647199.3602,0.0053008089895036,0.0052868091533775,-0.081010990280378,-0.0844811156537565,0.0136131279605111,-4.296720660620038,-1.0256568862725253,0.03432096318490161,-0.02025947269700623,0.07684034799346273,0.1966847397389238,-0.005631849491571472,-0.05441506327907231
2021-04-12,2155.808879109,2197.749407797,2113.227673611,2146.72,38091609782.083206,248333003325.06067,-0.0031625563035958,-0.003167567753567,-0.0229709120518264,-0.0232388546618021,0.0276062549058951,-3.5897129049098733,0.707007755710165,0.01545703979286529,0.0014862918487175136,0.03662579387921383,0.10975279960468515,-0.007137792853299629,0.10678526998521654
2021-04-13,2143.32,2315.34,2142.45,2304.28,46341439163.7112,257247515645.2729,0.0733956920324963,0.0708271673674961,0.2165786489157091,0.1960425329524321,0.0313980659464423,-3.461008982027268,0.1287039228826052,0.08371162087018148,0.007103903198210304,0.2712507907456865,0.21703791561454075,0.0030500050796113953,0.05035324982954936
2021-04-14,2303.88,2447.519364047,2288.212164612,2422.634114283,62784990994.89689,272607949336.01883,0.0513627312145226,0.0500871619559755,0.3548347252034032,0.3036794728725999,0.0359039384568884,-3.3269082831851886,0.1341006988420794,0.20217097596755593,0.059070702931713015,-0.203528017963857,0.3013334205990535,0.019631585285878828,0.05253690707323688
2021-04-15,2435.197377729,2543.25,2410.359314109,2518.66,67143967546.95572,284483168532.2312,0.0396369741311182,0.038871588881031,0.0694270474995071,0.0671230354321268,0.0316446124432839,-3.453187367842539,-0.1262790846573502,0.1892651603703688,0.05510049162463204,0.04227878517736494,0.33261132929474196,0.02340059886071444,0.071861756233633
2021-04-16,2519.38,2539.72,2346.379205008,2432.944330389,68393132409.2391,281526481050.77936,-0.0340322511220252,-0.0346248315816369,0.0186042753790174,0.0184333327686272,0.0516137098180215,-2.963967947637355,0.4892194202051838,0.16015841363058808,0.09729254564620149,0.17104442223242788,0.28707201271753235,0.030183971920031638,0.06518269847446212
2021-04-17,2430.726646129,2494.815174969,2324.63,2331.75,62116093784.28458,280102877125.386,-0.0415933604090398,-0.0424831238580541,-0.0917787854399627,-0.0962673016833307,0.0427597617471245,-3.152157764704134,-0.188189817066779,0.08671067643867271,0.05266311050944594,0.09828358169844087,0.27165008249248157,0.008969582734415837,0.01832014727377107
2021-04-18,2327.21,2340.75,2029.679341057,2231.02192183,87591818115.93604,252472966924.58545,-0.0431984896193846,-0.0441593172119578,0.4101308176287292,0.3436824785465134,0.0973560276151278,-2.329380632130237,0.8227771325738966,0.034293738348760365,0.11922312082142028,0.2807707395273167,0.2074537646845207,0.033556314054354885,0.06040913892842936
2021-04-19,2239.651335213,2280.751478091,2098.890046234,2167.436455614,70423975604.98383,256222165284.6009,-0.0285006012687871,-0.0289146290724891,-0.1959982436741859,-0.2181538253207133,0.0551138826858361,-2.898353640187549,-0.5689730080573114,0.01118908361813328,0.07210045331633452,0.008058297923274171,0.18229777580928913,0.03171184787661829,0.01781802677764799
2021-04-20,2169.003310603,2350.08,2071.171501333,2330.63,69787407007.45953,253664319031.1767,0.075293346646128,0.0725935049555361,-0.0090390892030134,-0.0090801896309128,0.0773620762985576,-2.5592585887640014,0.3390950514235475,0.011543959151997544,0.04921257923358979,-6.137079380463817e-05,0.2660709332602867,0.027192202189482373,-0.07200299641021113
2021-04-21,2336.13,2463.63,2242.336615259,2368.14,72134642389.69153,271651546449.68784,0.0160943607522427,0.0159662195998414,0.0336340821773346,0.0330808277453393,0.0660113573498603,-2.7179284707014686,-0.1586698819374672,-0.02792297496932012,0.018968602616958208,-0.00494220280215818,0.34024878547933757,0.03189444301886013,-0.10256895841271052
2021-04-22,2368.34,2642.179487559,2336.014458359,2415.177090859,93568879279.79698,287510013581.7486,0.0198624620415179,0.0196677770685297,0.2971420690534752,0.2601634359998104,0.086231003394357,-2.450725497829579,0.2672029728718894,-0.0422402255422287,0.05174359158231567,0.1522493701231069,0.3672244236051123,0.041024299602518965,0.07377015673958431
2021-04-23,2406.273482034,2438.920885946,2127.7,2364.282567194,131320333808.73576,263869063588.6309,-0.0210727916630323,-0.021297992293617,0.403461651133508,0.3389417927083511,0.0959079118218351,-2.344366799746681,0.1063586980828983,-0.027715622309627708,0.1134058466398784,0.005724600104530131,0.3994062265404727,0.06640314439312078,-0.057015537254546
2021-04-24,2367.00775925,2375.479261709,2179.839979217,2358.089307746,80373889421.7639,262071815997.5649,-0.0026195089935253,-0.0026229459105443,-0.3879554895220862,-0.4909502695754009,0.0607289254829786,-2.801335162577138,-0.456968362830457,0.013181550561230625,0.03063257767768235,0.0033187271385184403,0.39499469605488635,0.01818661225264151,-0.06603091831412322
2021-04-25,2383.178045008,2383.178045008,2176.30124999,2308.101084726,51522511166.61633,262296699622.5219,-0.0211986131550639,-0.0214265305317717,-0.3589645650187373,-0.444670542807392,0.0610512329079671,-2.796041883576644,0.0052932790004942,0.03010494539951173,-0.061448786119928656,-0.08481140053948422,0.30575961825271303,0.011625031042992617,0.003075671927150081
2021-04-26,2321.598588433,2532.483306047,2312.808035793,2532.483306047,61536391085.80819,286084390327.52075,0.0972150755466747,0.0927752200039383,0.1943593138697843,0.1776099025884572,0.0345914206203083,-3.3641495866159885,-0.5681077030393449,0.15493260706185025,-0.01573925850767921,-0.18162772905101043,0.39036529062477704,0.02147210635438057,-0.19802993021670745
2021-04-27,2536.221397569,2668.57,2491.47,2647.247267377,50763629760.85928,298237584422.7664,0.0453167691395908,0.0443199678458992,-0.1750632615085769,-0.1924485762040217,0.0406036451302055,-3.2038974348724136,0.1602521517435748,0.1250246189757306,-0.03454613761583403,-0.01895514288763689,0.45042092228733477,0.016438403807327973,-0.24746640140651244
2021-04-28,2665.402959511,2757.930778414,2571.332391011,2750.461036657,53970914198.68619,310030287360.7626,0.0389890927651306,0.0382482142420943,0.0631807546650229,0.0612651269222011,0.0455275903455472,-3.0894367555792197,0.1144606792931943,0.14957925952423165,-0.034136780203187556,0.12156523206441316,0.4138973683188076,0.01637173310079376,-0.030573811364874803
2021-04-29,2748.581501285,2798.517828857,2680.68,2765.425747369,56240079646.25469,317259972779.6067,0.0054408008375892,0.0054260531493515,0.0420442284748947,0.0411843881836376,0.0301813929492623,-3.5005296719937355,-0.4110929164145163,0.1391153226959292,-0.0740413020950541,0.09218588067672218,0.40566734864450255,0.013709663079563228,0.13944549285084262
2021-04-30,2763.1,2796.935393312,2733.43,2773.602299667,50888363092.24325,319677946836.4189,0.0029567065056002,0.0029523440458135,-0.0951584099395534,-0.0999953892104972,0.0160681005971354,-4.130919301791766,-0.6303896297980307,0.15852033589435152,-0.18103116235351635,-0.1583847823803639,0.36832678946005576,0.010057279559028132,-0.26757375060464583
2021-05-01,2775.427315775,2955.577532134,2759.829975096,2953.032414227,46664803194.00891,332362717792.8759,0.0646920845795169,0.0626856348968845,-0.0829965760655037,-0.0866440728891355,0.0293528127939269,-3.52836690105039,0.6025524007413763,0.2143976694379778,-0.08683492353797106,0.1415938868365072,0.404480443931192,0.0010139475800023945,0.04070878401618905
2021-05-02,2950.901549708,2985.21,2867.216960105,2957.5,46938879043.1526,339357210656.4665,0.0015128807091571,0.0015117374580601,0.0058732884397738,0.0058561079191718,0.0284825591131518,-3.558463339974099,-0.0300964389237088,0.24208832173753458,-0.01241200803364606,-0.5374804211637909,0.3251419278686873,0.00064231546001281,0.3824960331506444
2021-05-03,2954.75,3451.592950491,2954.75,3440.551612077,58401789517.57545,366479272303.10126,0.1633310607191884,0.1512874940078037,0.2442092931934862,0.2185002222828203,0.0559234510646276,-2.883771468643457,0.6746918713306416,0.3049564762332958,-0.00857776150468581,0.2749077592731588,0.5326740340106803,0.006401080258658709,0.03109181422211016
2021-05-04,3435.782899419,3512.142263693,3222.786707599,3242.717708545,98694381701.456,388265146300.8616,-0.0575006353160245,-0.059220033735556,0.6899205061474167,0.5246814900460772,0.0490330099428335,-3.0152615353841097,-0.1314900667406524,0.19605652663574083,0.12374345269307696,0.33717689061493283,0.44362407671396265,0.029999091170402892,0.3065048078273729
2021-05-05,3243.403117679,3535.38,3242.727692459,3527.6,91189517896.49866,389933274353.1102,0.0878529422108798,0.0842059758892362,-0.0760414491238118,-0.0790880667057229,0.0317434753371807,-3.4500680759528577,-0.434806540568748,0.24953279214767676,0.08652668485115811,-0.43156294048499344,0.5121336969647295,0.029021784753872737,-0.12747026515966509
2021-05-06,3522.92,3609.980624032,3396.382514747,3502.82,72288736164.40137,403872434796.8114,-0.007024605964395,-0.0070493946643167,-0.2072692362904027,-0.2322716311250721,0.0429806336850252,-3.1470056441578644,0.3030624317949932,0.23721512053689087,0.03511778092701334,0.08689019100269801,0.5025117160102329,0.014868542856238065,0.10010245719139266
2021-05-07,3491.39,3582.948972845,3380.066128521,3488.96,66618974093.65691,402672260790.4252,-0.003956811940094,-0.003964660831692,-0.0784321648375494,-0.0816788907319776,0.0412156351936885,-3.188937599624229,-0.0419319554663646,0.22879897452569914,0.03326497042311516,-0.033945118107756134,0.5669192483199399,0.011395731588375924,-0.21231091296054316
2021-05-08,3486.9,3947.699350842,3463.61,3908.027689808,60277015038.49128,422677563164.39374,0.1201124947858387,0.1134291220361363,-0.0951974890254199,-0.1000385790132326,0.0594568919566951,-2.8225037339405774,0.3664338656836516,0.2809220858390248,0.027918390067217302,0.13275980125729436,0.6285709658778581,0.00562937940406627,0.0764793608186991
2021-05-09,3905.350769305,3984.889385864,3752.065302203,3925.563386861,77380429957.75514,451228146063.3341,0.0044870964191814,0.0044770594155125,0.2837468794422233,0.2497830514434395,0.0424489500211343,-3.1594531010151514,-0.336949367074574,0.28409583407731603,0.05975041285503835,-0.2105739429078115,0.6385661101352269,0.021884303279264827,0.010016583178455774
2021-05-10,3937.181806961,4203.965080703,3842.948461084,3954.376898667,80777018463.8208,470717613815.97375,0.0073399685513779,0.007313162074753,0.0438946708866825,0.0429585944154281,0.0634320780898546,-2.757785581932985,0.4016675190821663,0.14057822304037257,0.04174789751346708,0.357229163080919,0.6149146588761188,0.019234459733976195,0.265135959953853
2021-05-11,3953.053405648,4172.78335984,3803.283563525,4172.78335984,103099874135.13107,462300950683.5885,0.0552315742201061,0.053760244471504,0.2763515675106089,0.2440056701005082,0.0562846241872516,-2.877333886158634,-0.1195483042256491,0.25196016199321253,0.008018356301921159,-0.5521636747555398,0.6604172824696685,0.031349391935531656,-0.104325611683866
2021-05-12,4174.648683415,4362.905859772,3932.003491347,3932.003491347,82734304295.57562,488276338564.3161,-0.0577024608586995,-0.0594341953176732,-0.1975324413380241,-0.2200638501384246,0.0634170745628653,-2.758022138926004,0.1193117472326306,0.1098588990342279,-0.015446329117938973,0.5562358688280005,0.6067930614938574,0.021262802725324548,0.22185759546662087
2021-05-13,3839.187516785,4039.432141675,3568.057477215,3731.181210244,128139930381.3757,443004721774.1565,-0.0510737799559286,-0.0524242283427958,0.5488125690110897,0.4374885528294893,0.0859285286192429,-2.454239390819515,0.3037827481064887,0.0664249241494345,0.09787354335206189,0.05035933932911241,0.4821302037293893,0.03782397480624766,0.14940283002093657
2021-05-14,3722.706900934,4167.109627046,3722.706900934,4087.82,90462378452.42944,459965539569.7255,0.095583347379871,0.091286958747525,-0.2940344342064855,-0.348188816341946,0.0545641297392181,-2.9083785766101906,-0.4541391857906758,0.15899873128520722,0.039031771323383424,-0.3019834154649548,0.5179840087557553,0.012480916195681147,-0.03533409690410805
2021-05-15,4084.213641366,4124.559328747,3659.42,3660.04,66435941958.60588,452218163655.3938,-0.104647464907946,-0.1105377443055392,-0.2655958963809259,-0.3086958519748635,0.050136839328588,-2.9929992251637505,-0.0846206485535598,-0.06487352862856068,0.00983940016582352,0.048624243398583955,0.37346123680877774,-0.00031734514479708764,0.11678091525240297
2021-05-16,3648.26,3882.649555276,3373.796812414,3577.7,65897724755.6561,429011635844.8862,-0.0224970218904712,-0.0227539404678927,-0.0081012955801113,-0.0081342893910493,0.0985892274943151,-2.3167932779638187,0.6762059471999318,-0.09574505410842252,-0.01842329759842798,0.23081133253609298,0.3865298918671031,-0.0011192738168332994,-0.008093942777502305
2021-05-17,3585.9,3585.9,3155.524964594,3288.114859136,90005707448.41422,392952960333.5687,-0.0809417058065236,-0.0844057264363628,0.3658393788579004,0.3117691692114385,0.0725947566092675,-2.622862582772437,-0.3060693048086182,-0.184173884968577,0.01483354073097587,0.14427726755096737,0.34564428421214294,0.012438745178190658,0.02400806631749408
2021-05-18,3285.013596626,3559.820749295,3273.765405416,3393.210256184,77818604570.96991,397209656184.8501,0.0319622037399311,0.0314620421056731,-0.1354036674221933,-0.1454925485135507,0.0557045381858832,-2.8876936598582743,-0.2648310770858373,-0.20725375556045347,-0.04117145464452676,-0.046397787243736444,0.4154562516878687,-0.004341257758731842,-0.07842398687218632
2021-05-19,3383.306512226,3436.304879004,2044.925026759,2484.922822154,102230713084.2078,327577715692.5048,-0.2676779113155985,-0.3115348499337216,0.3137052976961858,0.2728516161381483,0.3129022258878956,-1.1618645145969189,1.7258291452613554,-0.43501915845897526,0.031899045833821305,0.8070038636334617,0.13597384341254742,0.01405994707705105,0.14175902484614256
2021-05-20,2462.550479752,2976.61,2198.57898009,2757.93723163824,137107676795.76848,311843503874.1623,0.109868365749719,0.1042414188772946,0.3411593508384549,0.2935344270969958,0.2023339561991461,-1.5978356981812556,-0.4359711835843367,-0.29996804474886024,0.014337746269855955,0.09642551306157332,0.1659873063578231,0.029122039765113072,-0.0062917598924343565
2021-05-21,2767.53,2922.635174702308,2135.25,2411.06986994752,81705366912.0,303952189983.52924,-0.1257705787178765,-0.1344124420264454,-0.4040788318971673,-0.5176468889488459,0.204750859939648,-1.585961356308337,0.0118743418729185,-0.5270586322941867,-0.013998451295982761,-0.22709829850132146,0.017881290637784358,0.004072187537303762,0.018671803580641244
2021-05-22,2426.58810239345,2479.2192198516486,2188.239011884151,2301.8,81332266112.0,272295526675.77533,-0.0453200760830287,-0.0463791528815941,-0.0045664172881304,-0.0045768752205553,0.0819549791824918,-2.5015852168522925,-0.9156238605439556,-0.4605589160499326,0.023696848242469315,-0.05802171710563386,-0.04438785222146381,-0.005209438861950133,-0.001112067991466792
2021-05-23,2295.7,2376.06,1752.6291422278648,2113.044802634557,61748691441.77778,243779935469.3113,-0.0820033006192731,-0.0855614838139415,-0.240784815257137,-0.2754700309079546,0.2089307795578855,-1.5657522801632209,0.9358329366890716,-0.5288795468315958,-0.006543996931995366,0.09074420315707477,-0.11349666688279644,-0.030145553059305996,0.1805826806756245
2021-05-24,2111.674945298686,2656.87,2097.0262452169027,2634.611179525757,83352504620.75525,273310483519.0493,0.2468316697501671,0.2206056694146983,0.3498667368416623,0.3000058741272243,0.0953209943786497,-2.35050519480171,-0.7847529146384891,-0.22063517977834626,-0.01058388099167118,0.22462276967538486,0.10030070117864365,0.0013094336536489948,0.0013243544495571413
2021-05-25,2641.715103694702,2743.8815191726912,2407.7538520024978,2691.3770050889584,77043354339.55556,300302010663.2258,0.0215461871582203,0.0213173492883393,-0.0756923899276408,-0.0787103514094131,0.0916762480921985,-2.389491950803829,-0.0389867560021195,-0.22880052892602817,-0.0012405827492756316,-0.05891989526868935,0.14779696530847938,0.011149527639592094,-0.005554922942847984
2021-05-26,2703.975505553211,2904.3339367080366,2666.44,2876.2038316819835,69161700977.77777,324333387797.32544,0.0686737035515825,0.066418350230806,-0.102301534367789,-0.1079210514420633,0.0466777497428128,-3.064487678749448,-0.6749957279456185,0.1552737174264835,-0.05440448406547205,-0.22753342469966042,0.12579597602724307,0.003307361949627108,0.002845256648660477
2021-05-27,2887.9454373309272,2887.9454373309272,2658.44,2750.555668066751,61653272846.22222,321610911805.79486,-0.0436854169482676,-0.0446683582900911,-0.1085633815450558,-0.114920939601803,0.0501062700376091,-2.993609128270703,0.0708785504787448,-0.006152273268237938,-0.13647853234101603,-0.0008646221647634622,0.031447701875153035,0.004704331889900715,0.0069442773428308735
2021-05-28,2745.1430281494745,2762.3366747944515,2351.44,2429.01,50687604614.689896,296923457650.64905,-0.1169020761149515,-0.1243191854499599,-0.1778602777322671,-0.1958449199427543,0.0847691544565221,-2.467823546971884,0.5257855812988192,0.0009975693030282676,-0.06199485085959466,-0.012305526364579267,-0.12360119395210736,-0.001416062649354899,-0.006686342414152946
2021-05-29,2424.27,2566.781452330586,2221.41,2282.84,55547577514.66666,278935543053.0108,-0.0601767798403465,-0.0620634850642181,0.0958808950811671,0.0915585102493559,0.0951098844634661,-2.3527223772560486,0.1151011697158352,-0.00561752603150216,-0.054632088434221515,-4.627871755058521e-05,-0.19093295596279458,-0.0002989263420793975,-0.010077955817098638
2021-05-30,2283.59,2466.0968980511057,2198.49,2392.56193204806,51062077955.58042,276697762271.249,0.0480637854812688,0.0469444480555561,-0.0807505882304568,-0.0841977987035515,0.0758792162745488,-2.5786124624537856,-0.225890085197737,0.12488328440055331,-0.023547591329705853,-0.49904745762700586,-0.14843999308673814,7.49943732500924e-05,0.006884457781983155
2021-05-31,2390.85,2716.0342414575857,2292.45,2716.0342414575857,45078368241.72823,290733955874.90857,0.1351991374085892,0.1268080870048705,-0.1171850021273614,-0.124639615762627,0.089954661096983,-2.408449501173465,0.1701629612803206,0.027744450217693548,-0.08919910309822399,-0.10030728931335986,-0.08293791680467834,-0.0006850881292095323,0.007134505103265687
2021-06-01,2713.4867533810443,2736.2539969140107,2538.9019430365365,2633.37,49942346991.05226,303715671803.13824,-0.030435640389137,-0.0309084221697528,0.1079005061416915,0.1024667883921983,0.0495469515360344,-3.004834543084943,-0.596385041911478,-0.026458704783942674,-0.0683455678965359,0.00034982266136895923,-0.11514965015165263,0.0012966249045227585,-0.0029913131290227324
2021-06-02,2637.83,2798.562802743759,2569.17,2717.69,45146552334.22222,313209552298.97205,0.0320198073191386,0.0315178600138853,-0.0960266176054813,-0.1009553632773021,0.0575627113150377,-2.85488029391949,0.1499542491654528,-0.06076307318870811,-0.06473158488674358,-0.03657808896189185,-0.23446256324946382,-0.0057351146138096,-0.020008990754580014
2021-06-03,2711.79,2890.51,2675.66,2859.22,51316261091.55556,325412209113.568,0.0520773156614624,0.0507666055897424,0.1366595772731142,0.1280937656047402,0.0435904261494174,-3.132917736468143,-0.2780374425486527,0.04071568178562488,-0.02920685738179074,0.01416961398178751,-0.1260742631783855,-0.02077213763162078,0.018768323136321985
2021-06-04,2854.91,2854.91,2571.02,2693.41,56377336561.77778,311942054067.9743,-0.057991340295605,-0.0597408115558893,0.0986251796714601,0.0940595614447775,0.0646147081945812,-2.739313213078304,0.3936045233898393,0.1052776006635921,0.016181572708735104,-0.05208509320107635,-0.26848214237558643,-0.015542600385163752,-0.027212967981801506
2021-06-05,2690.36,2816.859300926553,2564.84,2621.39,50568307598.22222,312764999759.08,-0.0267393378653825,-0.0271033373657408,-0.1030383717611433,-0.1087421957214436,0.0642789565227415,-2.744522971556012,-0.0052097584777084,0.13795594539280046,-0.014146657272920748,-0.048576943787317584,-0.28659522628332473,-0.00982134962888992,-0.005029597734700686
2021-06-06,2634.93,2742.7522145816465,2619.61,2715.42,46832836456.85609,313163988674.6766,0.0358702825600159,0.0352419261137248,-0.0738698073711578,-0.076740457427354,0.0265579161759686,-3.628427414681931,-0.8839044431259189,0.127297686303248,-0.0121749518377392,-0.18930258803186972,-0.2500664517813523,-0.00903145894946178,0.009760306002395858
2021-06-07,2717.42,2842.471156631274,2592.081961731028,2592.081961731028,42937529080.888885,320038750237.60376,-0.0454213485460709,-0.0464852385259835,-0.0831747054132773,-0.0868383433207574,0.0582252273306354,-2.843436558871816,0.7849908558101149,-0.04577303373467102,-0.006219925549906691,-0.4986574259068668,-0.40988620591556457,-0.007982297651306425,-0.054912202843406976
2021-06-08,2592.03,2620.5916912181365,2334.78,2514.757227313584,60987077209.51049,290409137351.43616,-0.0298311301722132,-0.030285130031102,0.4203676484182062,0.3509157454392137,0.0794623384955046,-2.53247209918347,0.3109644596883458,-0.04778034046173553,0.03168179794008097,0.5293321616563196,-0.44828892095863554,-0.007605792990450055,-0.018472582848263586
2021-06-09,2518.918934387232,2620.639033085594,2419.93,2613.3554057192514,60566912853.333336,293858733117.64966,0.0392078318076836,0.038458722727382,-0.0068893997778209,-0.0069132412578944,0.0514891760080444,-2.966383668003302,-0.4339115688198318,-0.0369739417271133,0.04261871769493908,0.008008597399711492,-0.4138533026550451,-0.009456922935417111,0.016671072474522153
2021-06-10,2613.278031755644,2619.4596328496987,2438.89,2483.09,50281390622.32753,294183379954.0332,-0.0498460352672159,-0.0511312393794,-0.1698208105127111,-0.1861137105440498,0.0392684027765155,-3.237335084086316,-0.270951416083014,-0.13953656662318195,-0.0028040058532390333,-0.280585177032876,-0.5195264547319948,-0.025146140084537194,-0.05767490501409933
2021-06-11,2473.3,2490.04,2334.39,2353.48,40483088448.0,283031887226.368,-0.0521970609200633,-0.0536086685039565,-0.1948693553033232,-0.2167507231827556,0.0336252089093534,-3.3924792281618585,-0.1551441440755425,-0.1337799298145066,-0.0440838436171056,-0.009055202251887717,-0.48936567620075144,-0.0205805901846432,-0.048958619452802
2021-06-12,2355.85,2444.41,2268.32,2378.03,41453918257.77778,275038813281.7306,0.0104313612182811,0.0103773299911889,0.0239811201910842,0.0236980891339523,0.0525445532983218,-2.9460938350172645,0.446385393144594,-0.10258420234315026,-0.026184749995085355,0.26957088059516265,-0.4481786513767422,-0.04359908192012085,0.02572235158357583
2021-06-13,2375.39,2548.58,2317.910108808084,2508.03,36890377002.66666,278292125320.7615,0.054667098396572,0.0532251705892101,-0.110087090603429,-0.1166316756546207,0.0579629233360825,-2.847951725671085,0.0981421093461794,-0.08018531633582818,-0.029368016388133356,0.03566335949782462,-0.48763162630641305,-0.027926601064073964,-0.040414695730116246
2021-06-14,2512.8,2598.76,2473.889423658993,2583.08,41433968512.0,293520706586.2305,0.0299238844830402,0.0294849009507562,0.1231646808327522,0.1161503086674658,0.0303065714460496,-3.496390710574172,-0.6484389849030867,-0.0034588671247455013,-0.004517259552208941,-0.3953640629803763,-0.3452678562298084,-0.013305118969835661,-0.007522215383318764
2021-06-15,2584.61,2637.17,2518.46,2552.59,41452076693.333336,300154117278.60425,-0.0118037381730337,-0.0118739553878362,0.0004370370974262,0.0004369416245297,0.0316334250254942,-3.453540963445493,0.0428497471286792,0.013278714796366728,-0.0606242973382507,0.039843792258253075,-0.33990095858536634,-0.01318250060535675,-0.1223318343403752
2021-06-16,2549.03,2551.4825766268627,2360.793390448012,2366.096057817739,36061754150.3554,287552863279.1878,-0.0730606725648306,-0.0758671660057538,-0.1300374546456644,-0.1393051195770978,0.0295711750141472,-3.520955209209659,-0.0674142457641666,-0.09936402017352182,-0.08164509605732206,-0.20174547065925985,-0.32812942695256897,-0.029719550695862296,-0.0051324289748190255
2021-06-17,2370.2855316599434,2457.8071992060786,2317.3970750023564,2377.83,35905639734.41115,279005471204.2629,0.0049591994135196,0.0049469430884463,-0.0043290854708106,-0.0043384830931982,0.0415486109224267,-3.180891189709398,0.3400640195002613,-0.03936498426417981,-0.05119435016578322,0.17766465056711,-0.35266518230014365,-0.023716861948216206,-0.07966941122926441
2021-06-18,2373.3,2377.3,2151.616738034038,2227.47,31839007651.55556,265727093238.5261,-0.063234125231829,-0.0653218948085693,-0.1132588672123899,-0.1202021850540612,0.0584906064137642,-2.83888911176142,0.3420020779479782,-0.05603518427123367,-0.03209408165051997,0.2974338621662609,-0.10033118098700762,-0.04114281257412955,-0.13485467539848306
2021-06-19,2231.11,2269.63,2172.12,2181.05,33007749127.11111,259285180760.05936,-0.0208397868433691,-0.0210600000383118,0.0367078486976162,0.0360501621657831,0.0276632591075773,-3.5876501322254133,-0.7487610204639936,-0.08535522231149478,-0.03238675254803525,-0.04286808750635407,-0.23814881342994976,-0.06412658262097537,-0.11280198635457361
2021-06-20,2178.25,2275.24,2053.3512554220933,2245.5318023888944,29647835484.444443,252657944988.5144,0.0295645686201115,0.0291359639455177,-0.1017916620042105,-0.1073532353658085,0.0700511481986714,-2.6585296152032405,0.9291205170221728,-0.11245529307642928,-0.02863207604531226,0.19502486748764336,-0.07754382146320563,-0.03367932719555,0.07014974761807813
2021-06-21,2248.2589284754185,2253.3179901594417,1878.22,1895.47,42688597775.48754,235596608028.7768,-0.1558926050463784,-0.1694755472754517,0.4398554591914574,0.3645427329884575,0.0729507388686692,-2.6179708756387363,0.0405587395645041,-0.3101077972816996,0.005019022545123875,-0.12834156338456904,-0.19157097900896974,-0.02575566992526035,-0.04971954958249447
2021-06-22,1895.12,1992.29,1726.73,1872.0,51600065696.55749,221151713309.6392,-0.0123821532390383,-0.0124594508350184,0.208755227050045,0.1895910921193842,0.1008672598762058,-2.293949885187649,0.3240209904510873,-0.30870551659062273,0.03969592583771586,0.32823342554725077,-0.12047406746748886,-0.0068754105976687185,0.0667786513748545
2021-06-23,1876.98,2042.094093073391,1834.91,1972.07,48773871073.24381,231092260567.8616,0.0534561965811966,0.0520763744524449,-0.0547711438960866,-0.0563282050368758,0.069129962172003,-2.6717670362259955,-0.3778171510383465,-0.1839266728760112,0.047600890410222974,0.11144946652753651,-0.29234461420277447,-0.023787467324577705,-0.11882081608898964
2021-06-24,1971.05,2034.047031494804,1893.1225351996509,1989.072367989647,32379233621.33333,228445324480.27768,0.0086215844212664,0.0085846308095185,-0.3361356622132909,-0.4096774609421345,0.0504539790959689,-2.986693663222016,-0.3149266269960202,-0.17661300839595948,-0.012979246535405053,-0.11583322702700749,-0.30705471622513913,-0.03158754557829724,-0.016952347449552763
2021-06-25,1991.9980716518269,2020.7710253568723,1803.14,1823.51374362508,31200907836.86713,221435966519.2284,-0.0832340879240592,-0.0869031151309482,-0.0363914043873431,-0.0370700879691923,0.0589523358776324,-2.831026028057207,0.1556676351648089,-0.20173395129280136,-0.002366688219300528,-0.2797206143178059,-0.459780059774738,-0.027654178662668727,-0.32991908060270014
2021-06-26,1821.330290920335,1850.817183498193,1725.2249435691035,1815.11,33875120911.7112,208387694253.60745,-0.0046085441661513,-0.0046191962454686,0.0857094636100366,0.0822336568153006,0.0496427491805033,-3.0029029378161964,-0.1718769097589896,-0.18237573018831219,0.0032156833599472634,0.0652675092691215,-0.41368710663561614,-0.020732029969369847,0.13631922911113548
2021-06-27,1831.96,1973.73,1814.2737761821545,1973.73,30500859218.929577,216183482943.74017,0.0873886431125388,0.0837790815998619,-0.0996088457241516,-0.1049259942138902,0.037442220531463,-3.284956320064605,-0.2820533822484083,-0.13023095356387948,0.0031524360887544844,0.06728437640281482,-0.20560529460189772,-0.015340565466694045,0.2776129091431019
2021-06-28,1978.8,2140.5142439967253,1966.66,2085.09,35536020321.35211,237573586576.0246,0.0564210910306881,0.0548868662459799,0.1650825986993045,0.1527919846754424,0.0503025933043142,-2.9896986464596367,0.2952576736049681,0.09552985871905441,-0.026745963623422853,-0.19425051232859136,-0.09093674626096852,-0.015443314815232867,0.053271843880441816
2021-06-29,2085.95,2241.77,2085.95,2167.134093681875,39270642702.22222,253245632543.61508,0.0393479867448767,0.0385935807246074,0.1050939960946086,0.0999303956909627,0.0450758898886083,-3.0994077676892244,-0.1097091212295877,0.14374149826480465,-0.04785296953747675,0.14388886587994065,-0.09824335073963834,-0.009212617893940234,-0.002058360973962836
2021-06-30,2165.320993675224,2284.325209025022,2101.19,2278.5542275263456,35796252729.087105,252450163074.2961,0.0514135854210904,0.0501355305876511,-0.0884729592912547,-0.0926340191391668,0.0498802307850922,-2.9981305313748248,0.1012772363143996,0.14497473541663508,-0.052971911453187914,0.08640637805105311,-0.17469330166392286,-0.007312270671778975,-0.03214775112264823
2021-07-01,2276.911315433322,2276.911315433322,2086.5,2122.9,41271193271.74913,250767575201.5836,-0.0683127158642731,-0.0707580526432281,0.1529473094320075,0.1423215415714201,0.0438017379219213,-3.128081783804232,-0.1299512524294073,0.06364488734015278,0.036595754734424446,0.09511540199115864,-0.21717353100311343,-0.006879613103080828,-0.02721697435827619
2021-07-02,2115.94,2154.353693605902,2026.486929624968,2141.6483445222166,39089640334.22222,242357369515.18668,0.0088314779415969,0.0087927085338568,-0.0528589741314851,-0.0543072783315675,0.042609723339234,-3.1556728043514264,-0.0275910205471943,0.16200862382242595,0.03138236052391008,-0.12849276873378068,-0.23603314646201634,-0.00483372954490946,-0.014572388949032344
2021-07-03,2141.33290795262,2237.22,2123.97,2232.1732960064,28746181073.454544,255834595862.42963,0.0422688214504136,0.0413998960953653,-0.2646087089144225,-0.3073525526033938,0.0261235191963814,-3.64491925178184,-0.4892464474304132,0.1975892511326047,-0.020291209770039842,-0.4688180245688347,-0.24606463588331953,-0.018220689224236253,-0.03807857932044034
2021-07-04,2230.28798190229,2385.32,2195.389149234033,2326.5035407362016,28505858773.33333,269052935565.2952,0.042259373364321,0.0413908311317767,-0.0083601470229079,-0.0083952890507744,0.0524713597121268,-2.947487787532624,0.6974314642492154,0.1618759138454017,-0.008005235612014161,-0.1491901416616792,-0.145308499438911,-0.02296848098712445,0.05936668985209215
2021-07-05,2327.212600805145,2327.212600805145,2167.87,2218.608428400879,35384275342.22222,262719015846.59827,-0.0463765089741406,-0.0474863489288909,0.2412983458447326,0.2161578849397735,0.0404099765702178,-3.20867857969351,-0.2611907921608858,0.06165577831588652,-0.0006115299217768211,0.16481327438209004,-0.17197645088763458,-0.012738540929962738,-0.014228493271942755
2021-07-06,2200.3040743828988,2349.66,2200.3040743828988,2321.289686158132,41013952924.44444,267876923930.51355,0.0462818298365808,0.0452427651416574,0.1591011127901951,0.1476448019588576,0.032400695395092,-3.429575393602694,-0.2208968139091838,0.06955431498828787,0.007003082931234417,-0.017227165504448028,-0.15755997032786517,-0.004925046446729198,0.008038604590770104
2021-07-07,2328.754646281736,2399.73,2304.7084214215347,2317.446610014416,43124795171.55556,275445802328.35205,-0.001655578003311,-0.0016569499870667,0.0514664424324007,0.0501858016545891,0.0284079279027209,-3.5610870212662507,-0.1315116276635568,0.017646142106530215,0.028914688211205686,0.10782620843600199,-0.11197537205460556,0.0001588785285271399,-0.1503077566354365
2021-07-08,2319.2781441233788,2322.7648224812783,2100.59,2131.930867302812,41682520320.0,255589582405.46323,-0.0800517871306859,-0.083437900882854,-0.0334442133769683,-0.0340162617480456,0.0481002802316698,-3.0344672758651505,0.5266197454011001,0.0075289213531559455,0.001598370411517891,0.003459988949722881,-0.1668017356285112,-0.01651247245943921,-0.0359117603449981
2021-07-09,2127.128068224008,2185.761437015109,2065.97,2157.344745304012,42035981361.77778,248775719379.30496,0.01192059198118,0.0118501013648641,0.0084798385285782,0.0084440866689921,0.0388794867284475,-3.247288500905856,-0.2128212250407051,0.007449691600460145,0.011375061037668388,-0.12138960579874114,-0.19172720322778158,-0.016111424680353537,-0.02225757170587772
2021-07-10,2153.2808029450352,2192.455110149125,2097.3,2124.9265136251656,37241989148.44444,248182574578.8665,-0.0150269129444483,-0.0151409609695642,-0.1140449695244272,-0.1210890853360798,0.0302741807364552,-3.497460050637281,-0.2501715497314252,-0.04839349704572676,0.03209371513496606,-0.04110223201346219,-0.15181607137645028,-0.011494529924462427,0.033755582671151974
2021-07-11,2124.601732411252,2174.98,2097.81,2149.604075365733,29896356746.25784,248855445042.60703,0.01161337184243,0.0115464542340495,-0.1972406031511188,-0.2197002402586891,0.0244878175692511,-3.709579527168671,-0.2121194765313898,-0.07938756857284926,0.005156026483650322,-0.08032338065532318,-0.09161792234088519,-0.009430616498057987,0.033723214466931495
2021-07-12,2147.775881940519,2171.64,2036.2886444329608,2055.4296450345605,29241104234.666668,246443484204.7927,-0.0438101282977655,-0.0447987750840125,-0.0219174703176229,-0.0221612263293333,0.0363951606414173,-3.3133194625896087,0.3962600645790619,-0.06811066733696003,-0.02298260787776485,0.14333060801946296,-0.14467673542684703,-0.010990761670839788,-0.02870920296878965
2021-07-13,2055.188056942788,2060.25,1926.95,1937.9080522251704,30844963185.77778,234082107843.0532,-0.0571761690278695,-0.0588758314342148,0.0548494659517564,0.0533980704457183,0.0300560581802995,-3.504691034982386,-0.1913715723927773,-0.18372457044359503,-0.039244485046395994,-0.029069271452296874,-0.25978860157151407,-0.005485516184322137,-0.12388905810331718
2021-07-14,1944.2089381121425,2015.8688937042232,1875.02,1993.812198074764,30744751815.11111,227932358151.24744,0.0288476771565102,0.0284394159201576,-0.0032488730838515,-0.0032541621307439,0.0487641472515418,-3.020759923606537,0.4839311113758491,-0.15120750889729093,-0.0499545473955898,0.12249413736190107,-0.25952614258117496,-0.009773488688274767,0.0004113956582780798
2021-07-15,1997.92447192236,2038.89,1890.39,1908.8836168704927,29515926684.444443,226994302575.3557,-0.0425960786508773,-0.0435299062005697,-0.0399686144177198,-0.0407893017397947,0.0453483098806609,-3.093382371458121,-0.0726224478515842,-0.10825416774574342,-0.05165141215953284,-0.3020667599723943,-0.28919431725564926,-0.011027687416429899,-0.1845670676168496
2021-07-16,1913.53,1959.47,1857.9532302713503,1879.51,28135131768.88889,223094806334.6092,-0.0153878511035937,-0.0155074728184524,-0.0467813506354609,-0.0479109689420821,0.035926820992068,-3.326271159587187,-0.232888788129066,-0.13598152933975247,-0.06247621136105863,-0.08038006514194951,-0.23199932081193514,-0.007391101214459184,-0.028144028005947064
2021-07-17,1880.08,1917.16,1858.2,1901.01,26145684529.77778,220317830876.5296,0.0114391516937926,0.0113742193098039,-0.0707104290626067,-0.0733348869746673,0.0209885004021392,-3.8637805911444265,-0.5375094315572393,-0.11119904088756061,-0.052833704247021274,0.0757844047778704,-0.22189606783159835,-0.009176262462194273,-0.0830985339757555
2021-07-18,1904.33,1990.07,1887.5,1901.58,25804942983.11111,226630183960.3544,0.0002998406110434,0.0002997956678311,-0.0130324201792686,-0.013118087280911,0.0374069135006863,-3.285899738685325,0.5778808524591015,-0.1217477136369543,-0.020207374133736522,-0.08475122081824438,-0.15981409992966067,-0.00571561048817415,0.11491169792006262
2021-07-19,1898.18,1918.14,1812.16,1824.42,24047289351.11111,216972319118.69308,-0.0405767835168648,-0.0414229912460139,-0.0681130600889277,-0.0705437807633823,0.0317552824048359,-3.4496961925267517,-0.1637964538414262,-0.1191052273519984,-0.026254694727416705,-0.4254527781560724,-0.1772596738257168,-0.008548296862020521,-0.026147572360824656
2021-07-20,1821.23,1835.5,1728.21,1786.71,28687798940.444443,206982275841.41943,-0.0206695826618871,-0.0208861884517151,0.1929743316004519,0.1764496270422747,0.0408951403936394,-3.1967440397740856,0.2529521527526657,-0.08447923886377326,-0.011110348337442844,0.6886995529395361,-0.22978016725286105,-0.0009202258664586793,-0.10856462407477951
2021-07-21,1790.52,2013.8378757374908,1764.39,1994.5,33026273258.59233,221829928031.9484,0.1162975524847345,0.110017452511497,0.151230644329128,0.1408314957026153,0.0651690740502156,-2.73077024696012,0.4659737928139655,-0.0017154853078692317,0.011747095132474072,0.11262146625873592,0.05111123129559006,-0.009309106734491479,0.22531513073982556
2021-07-22,1995.33,2036.10408738752,1959.1,2028.47,38578752668.44444,233852320247.23108,0.0170318375532714,0.0168884219385357,0.1681230990362361,0.1553982718630583,0.0252656225058224,-3.678310601482928,-0.947540354522808,0.058332110464317286,0.04534582327072201,-0.05972202359430545,0.07761771205526877,-0.012683980470249878,-0.012487002712087802
2021-07-23,2026.59,2129.661767519447,2005.03,2129.661767519447,31527067121.77778,240161660026.2628,0.0498857599665989,0.0486813582184686,-0.1827867688535871,-0.2018552253395726,0.0294553880848593,-3.5248784285780754,0.1534321729048526,0.12464884339234297,0.01645634388395223,0.13274603886240666,0.07739677683791661,-0.01705155742289577,0.0001268955473758826
2021-07-24,2128.271094840756,2198.34,2112.95,2187.59,30717181034.666668,251222801825.2722,0.0272006725969569,0.0268373087401024,-0.0256885958970687,-0.0260243096999847,0.0221999448557833,-3.807665474080711,-0.2827870455026358,0.138670240581586,0.021759159793543148,0.1540785301743557,0.09366229014476493,-0.0016587016571421032,-0.010415580562037174
2021-07-25,2189.5070685623346,2195.75,2114.8490625594727,2193.32,27764064762.648083,252381159367.2146,0.0026193208050868,0.0026158963628519,-0.0961389089931712,-0.101079590787604,0.0265229133583347,-3.629746264557283,0.1779192095234281,0.1445208452620806,0.00918191851531347,-0.015096226204935448,0.18584921445603314,-0.0034386655346949624,-0.10841893937831482
2021-07-26,2193.54,2424.255327552617,2182.43,2235.15,42334135941.79791,271524658923.0725,0.0190715445078692,0.0188919622841586,0.5247816306332576,0.4218512067789025,0.0733830105431339,-2.612062834143591,1.017683430413692,0.20479624290923257,0.08186902312767685,0.3382274612101943,0.19892190795500525,0.00844233189268806,0.010561641185024229
2021-07-27,2234.19,2321.38,2160.59,2292.95,46156114709.333336,261535310117.2318,0.0258595619980761,0.0255308582355975,0.0902812513473756,0.0864356917164176,0.0481235824890209,-3.03398294158158,-0.4219201074379892,0.2473331176848458,0.07240331170677194,-0.2126406488416095,0.14734859777162282,0.015438817564607632,0.07606515831250316
2021-07-28,2300.95,2337.22,2259.677601821116,2301.05,38761611384.888885,268847011147.6901,0.0035325672169042,0.0035263423568501,-0.1602063642273856,-0.1745990890262816,0.0238577956939116,-3.735644251579637,-0.7016613099980562,0.1425560903035381,0.022672867457913526,-0.2962324794374738,0.0981411535278489,0.0031515954116692058,0.04558738830893394
2021-07-29,2303.04,2394.3,2276.8358543232703,2379.9,29086706993.77778,270031121696.1956,0.0342669650811584,0.0336929294940404,-0.2496001596797094,-0.2871490940829345,0.0291366460342179,-3.5357585831847005,0.1998856683949359,0.1607038923468651,-0.037807425573351594,-0.3060293860927512,0.09448985455263334,-0.009984329070359621,0.0025305023647756997
2021-07-30,2381.44,2463.85,2325.483257704746,2463.85,33147690744.88889,278806879367.6697,0.0352745913693852,0.0346666972009099,0.1396164836390669,0.1306917879447533,0.0349740860011143,-3.353147891692312,0.1826106914923886,0.14641520963730828,0.006557079747704364,-0.4132758447060869,0.07890532885885228,-0.002613067020316606,0.05831655321856122
2021-07-31,2474.15,2548.6387411638448,2431.09,2543.373795728221,33746910933.33333,288383655593.1236,0.0322762326148999,0.0317662985053803,0.0180772830619229,0.0179158318105894,0.0286478812387063,-3.55267579182984,-0.1995279001375283,0.14981503005500577,0.012144213349056798,0.45423252712298634,0.18399230749371245,-0.007460915904864862,0.015459039201650704
2021-08-01,2537.632790580004,2694.04,2525.051079474015,2572.8347144621785,35564211989.333336,303852637948.9434,0.0115834010649316,0.0115168270836883,0.053850886073397,0.0524509657970708,0.0449994269622715,-3.1011055234646405,0.4515702683651996,0.15949161562966965,0.030603524340495625,0.25406027777038753,0.1835798034598408,-0.003514982143379086,0.15782170823669794
2021-08-02,2566.159574149908,2665.24,2529.2981176032026,2614.357383888439,44237357496.888885,304142285547.88043,0.0161388794984991,0.0160100322345152,0.2438728435809813,0.2182297733216845,0.0351656722394197,-3.347684892685989,-0.2465793692213482,0.15713957874886314,0.007327189393841138,0.00981018799079747,0.1588876080177333,0.015353973420406675,0.018740722030557322
2021-08-03,2614.4689640970714,2630.2403737905984,2463.84,2520.81,42120189838.22222,293836950222.5237,-0.035782171353062,-0.0364380465707596,-0.0478592705004036,-0.0490424300112078,0.0402676533494089,-3.212206778739256,0.1354781139467329,0.09125819731327495,-0.015602155264865303,-0.09522208852855307,0.07990903568580172,0.013301824951501118,0.03942718468235462
2021-08-04,2509.32,2765.3578520200863,2469.1,2731.143015084163,39522265713.77778,302703463833.4342,0.0834386626061318,0.0801399299683407,-0.0616788322755121,-0.0636629922853837,0.0604022792470006,-2.806728438875853,0.4054783398634023,0.17049021907870246,0.0029592284020587556,-0.23405171942738168,0.2161246419740442,0.004008191710873632,-0.019288833193457977
2021-08-05,2728.522680123845,2841.54729933318,2558.078565867469,2833.4524127261675,52632716487.11112,318971851904.5404,0.0374602857034389,0.0367756935500039,0.3317231574798844,0.2864737107867111,0.0705132876487657,-2.6519541096360686,0.1547743292397849,0.17379055522994286,0.0875229707696974,0.04685296404049133,0.19616226385162805,0.011169178535514135,0.08130979648048209
2021-08-06,2833.9866974640854,2948.46,2739.995957224448,2896.3900138226777,53153706140.44444,330295765443.9072,0.0222123374346547,0.0219692367711402,0.0098985894725935,0.0098499193493231,0.0500513174404736,-2.994706451080352,-0.3427523414442834,0.15756823604700965,0.06878235866743054,0.03474999306082971,0.22220914624891455,0.009541538998494303,0.06394175879082176
2021-08-07,2895.233101387644,3172.840750441233,2882.2124108421176,3172.840750441233,46200937880.16783,354822797734.15735,0.0954466543867458,0.0911621836479669,-0.1308049572668702,-0.1401877338683928,0.0370961257224383,-3.2942427427883483,-0.2995362917079962,0.22339564812338747,0.0405454289174898,0.17102634249170157,0.399854577248999,0.004269267386700193,-0.0033204157656736566
2021-08-08,3167.28,3186.742437048214,2961.7696351966943,3016.8806914858988,51550912256.0,361612386434.29614,-0.0491547074758308,-0.0504039084041535,0.1157979604160523,0.109569808515855,0.0420206789688992,-3.1695934254640483,0.1246493173242999,0.1618129618216866,0.04974725132072422,0.29644460557875263,0.3372307800692889,0.008931102912928424,0.07718526164673623
2021-08-09,3020.3028161138072,3187.018896313597,2909.1846,3164.762982057769,49748753436.44444,358023399038.3279,0.04901827605885,0.0478547516254525,-0.0349588152893609,-0.0355845000972297,0.0575907248679121,-2.8543937508452144,0.3151996746188339,0.19101716171467512,0.016592285877109703,-0.09450991830300137,0.3984938008371295,0.011619326395596374,-0.0645663687824759
2021-08-10,3171.0171422140984,3221.474645890425,3069.5082,3147.2257869545174,47538539804.44444,367515039408.1722,-0.0055413928950371,-0.0055568033693417,-0.0444275178638117,-0.0454446603701931,0.033846596292923,-3.3859168373259,-0.5315230864806857,0.22650956213250187,0.01604812169890124,-0.10065334967078354,0.3820885290505629,0.01616415179407582,0.04400566107274151
2021-08-11,3148.3595062628947,3270.0135,3137.222763585334,3172.898,43014164913.77778,376421434904.5653,0.0081570928758578,0.0081240036134357,-0.0951727779035331,-0.1000112683192971,0.0289140532184138,-3.5434275315216026,-0.1575106941957025,0.15088504593603397,0.010207521182994839,0.15834176666007305,0.43427801019496853,0.012440036766722784,-0.026250136468646268
2021-08-12,3172.4227,3241.698540973018,2999.4412,3053.8291,38645201884.44444,364682460572.4124,-0.0375268603024743,-0.0382491200173654,-0.1015703324263287,-0.1071068534254117,0.0495549898114202,-3.004672320724933,0.5387552107966691,0.07471179848389814,-0.04153092550719961,-0.22993667718913646,0.45154106711754327,0.0069772551370697045,-0.02316451707862477
2021-08-13,3049.5017,3330.019992678402,3045.5628,3330.019992678402,38197176696.888885,375387487676.866,0.0904408477469818,0.086582061948514,-0.0115932940108639,-0.0116610201991398,0.031545411948524,-3.456327122169533,-0.4516548014446,0.13991268138410926,-0.04640329361305007,-0.7740134221506643,0.510869430110464,0.006620969526828446,-0.04312923526639367
2021-08-14,3328.8174087441075,3330.622509991804,3224.5928678687665,3273.1094,33226024256.0,383900149701.8158,-0.0170901654655316,-0.0172378878288551,-0.1301444994308644,-0.1394281724280393,0.0203302145236187,-3.895647099325803,-0.4393199771562694,0.032867244558255786,-0.04207678847643592,0.557033256226469,0.5367907161152599,0.0032798951923993513,-0.047572226436834786
2021-08-15,3272.7754,3321.1426,3126.5284,3312.1702,29447591395.55556,376691353048.31726,0.0119338510347377,0.0118632041387358,-0.1137190784949879,-0.1207213114708128,0.0420464905258166,-3.168979355598639,0.7266677437271638,0.09224652749512424,-0.07602720792429096,-0.19918513004677907,0.5662892949635527,0.0011577029659406435,-0.06446848926576498
2021-08-16,3314.0409,3335.0811,3151.020704247126,3158.2022,35668256582.466896,381418226920.1052,-0.0464855338653792,-0.0476006824420465,0.2112452968853067,0.1916490013548727,0.0267448115591104,-3.62141478485996,-0.4524354292613206,-0.00404945982528146,-0.05163050425804272,-0.021327229016147253,0.5058727009706467,0.008359831308240473,0.1248256067789697
2021-08-17,3160.3397,3291.2492233110243,3017.2454,3017.2454,35642646234.405594,371543808136.0468,-0.0446319744821912,-0.0456586457018565,-0.0007180151348886,-0.000718273031212,0.0542995337458138,-2.913239638712375,0.7081751461475849,-0.04253722956825318,-0.04579859967656574,-0.06577350437058627,0.4634487635864328,0.008563710981007944,0.06353459678300166
2021-08-18,3021.522,3126.9545,2977.14,3040.6022,38846090958.22222,357750149353.60754,0.0077411005415735,0.0077112919581077,0.0898767365012411,0.0860646040676957,0.0344952452911861,-3.3669337820893253,-0.4536941433769503,-0.04243996676157758,-0.016556317207651716,0.07720960247499464,0.5125434909075337,0.012745765530087994,-0.07485405411509927
2021-08-19,3029.5245,3183.079260505549,2976.617511921291,3179.7232,30035902570.666668,357503002880.4709,0.0457544232520781,0.0447385610726341,-0.2267972959500774,-0.2572140344348285,0.0366624160884689,-3.306003133437573,0.0609306486517522,0.04181594875572119,-0.03509084663409823,0.003488518980932387,0.5742880685201837,0.0011530482518260499,-0.21014175331910545
2021-08-20,3186.5441,3302.54699884713,3185.7748,3286.687850385833,30429153699.55556,380111602458.735,0.0336396106383829,0.033086176297945,0.0130927022407159,0.013007733656738,0.016675471866471,-4.093816389741479,-0.7878132563039064,-0.012736783132269959,-0.032754566402648067,0.05030588201683672,0.49907087507997105,-0.002222533505733537,-0.25395631721156886
2021-08-21,3289.507085322501,3312.1191,3223.0593323158487,3240.0862,28040550435.679443,383600585270.8246,-0.0141789097435468,-0.0142803908877176,-0.0784971967166804,-0.0817494597897244,0.0168213131303667,-4.085108557902756,0.0087078318387234,-0.010038436716564856,-0.02247779070804512,0.0018505986732346713,0.4692453567415398,-0.009069294252835647,-0.010076465066135354
2021-08-22,3233.67975972525,3275.9605,3146.959,3248.846116882156,23759242236.432056,378118404951.9917,0.0027036061207741,0.0026999579517414,-0.1526827445512536,-0.1656800907676357,0.0282584190590965,-3.5663638459977376,0.5187447119050184,-0.019868368169039252,-0.02525303869661144,-0.008915282707461447,0.4229899347828144,-0.006738133274687641,-0.11836884159483207
2021-08-23,3248.270527758374,3377.1301,3244.375823757879,3324.1944,29702255736.88889,390338633014.40265,0.0231923213371996,0.0229274666972603,0.2501348082281811,0.22325139208173,0.0244524679598329,-3.711024129102789,-0.1446602831050509,0.050547837216496395,-0.02718920821256532,0.05034244323487558,0.4175509233923918,-0.0008837514242365785,0.09275352684837324
2021-08-24,3326.254,3360.3078640431168,3167.65329562032,3181.2344,29952223060.13986,384316800650.61633,-0.0430059084390491,-0.0439580614657432,0.0084157690064099,0.0083805538595096,0.0312302567224879,-3.46636788734028,0.2446562417625086,0.05150861962714858,-0.026640807713015136,-0.0027202682048415028,0.371752620417624,0.0019043777913125837,0.047220215655850106
2021-08-25,3180.2573,3249.838266390748,3095.867272086715,3231.552,30534726741.33333,374389708592.6196,0.0158170048708137,0.0156932196178106,0.0194477611903425,0.0192610700828367,0.0328486052622741,-3.415845992722307,0.0505218946179728,0.06455684067637492,-0.04023278593622237,-0.04401044240457486,0.3690837709201131,-0.01031237144745134,0.008170309857991498
2021-08-26,3231.9817,3253.1857,3069.535,3121.0153,28224284029.770035,367784936192.69135,-0.0342054529835819,-0.0348041516381355,-0.0756660680521421,-0.0786818744170896,0.0348826006626248,-3.3557671224391616,0.0600788702831454,-0.02077860976087101,-0.008988571130341683,-0.1848244947681299,0.30483628441714894,-0.01587842919124327,-0.02498523926469609
2021-08-27,3102.9291,3282.4614218427373,3071.6771,3268.2547,25812508266.666668,372478068624.2525,0.0471767632795647,0.0460977459857425,-0.0854503788496284,-0.0893235522073259,0.034081811115242,-3.378991435380186,-0.0232243129410245,-0.006481619925124062,-0.023278163426134313,0.016847231538297258,0.35002612219997825,-0.01162510892526214,-0.19444023385073073
2021-08-28,3273.9851,3283.4691,3225.9707926734586,3247.4221,23693021018.140846,381064609607.4322,-0.0063742278103356,-0.0063946299452052,-0.082110859844754,-0.0856786580121271,0.0114200671921075,-4.472383191049375,-1.093391755669189,0.0042407483070947445,-0.02242799185317068,0.0010202881035650258,0.3101561348560095,-0.0048823573630834005,0.0327472545156835
2021-08-29,3246.9984,3285.5897,3168.3971,3236.1842,21213475622.3554,377507350006.22217,-0.003460560301046,-0.0034665618897512,-0.1046529859525702,-0.1105439106606118,0.0255985184288308,-3.6652208030451714,0.8071623880042038,-0.0037277896946426876,-0.013370444516407787,0.0001733635453238236,0.26849801701218473,-0.010888313384679549,-0.10742234649253013
2021-08-30,3230.8939,3342.7962514552105,3156.236900461339,3233.0987,23938587323.31708,378165075732.7963,-0.0009534376936888,-0.0009538925045188,0.1284613492609327,0.1208550670309078,0.0406049447842461,-3.203865427075157,0.4613553759700139,-0.02840571866666377,-0.03094823090213339,-0.09269461313046579,0.24220935293607662,-0.009038351432259617,0.016492225093010404
2021-08-31,3229.163,3454.714985315106,3201.6717,3441.6881,40154035000.888885,392207422680.7629,0.0645168673631892,0.0625210505646955,0.6773769670935157,0.5172312441596718,0.0363826496908906,-3.313663274820091,-0.1097978477449337,0.07899997229392498,0.05414293260878367,0.09506283387160863,0.29355162560322484,0.004239684571629709,-0.0630892884911265
2021-09-01,3439.5209,3797.4873,3394.0427,3797.4873,46300622080.0,419815205140.60754,0.1033792690278936,0.0983775334142336,0.1530752035000977,0.1424324633577462,0.0502096846088806,-2.9915473503955883,0.3221159244245029,0.1612441326626284,0.07830066421466242,0.5064426992504565,0.37327860728499435,0.0019000261133079732,0.25566844187235294
2021-09-02,3828.9017,3834.0126,3738.644260130366,3797.8858,43137180097.560974,443522188940.0607,0.0001049378097985,0.0001049323042117,-0.0683239628394865,-0.0707701243364776,0.0170787976680762,-4.069917487240234,-1.078370136844646,0.2020980071316883,0.06881579214914524,-0.17979686832295494,0.4144327433763747,0.0009352028616511632,-0.13285957282051974
2021-09-03,3795.3939,4015.3308,3732.2044,3938.859318478456,38345291183.72125,456995658075.4785,0.037118946145894,0.0364466248353607,-0.1110848901806323,-0.1177535375446684,0.0462766972214956,-3.073116744339495,0.9968007429007392,0.18488324038566123,0.05438182682793169,0.2920622583658812,0.36713084840183197,-0.0010824006807368391,0.24321500201370738
2021-09-04,3947.5663801362775,3970.7878,3848.9772,3899.631262556614,34933022343.111115,459649064912.4413,-0.0099592427020205,-0.0100091677130629,-0.0889879496353583,-0.0931991541865657,0.0206814461193268,-3.878518303386066,-0.8054015590465711,0.1831510002452069,0.04637753000511324,0.007746211176093976,0.3191975532539988,-0.016420356097654576,-0.19347065527717255
2021-09-05,3892.892451885187,3985.0219,3846.0497,3960.2367,25297265870.22222,460020114391.7762,0.0155413251568952,0.0154217956040993,-0.2758351790534119,-0.3227362592643439,0.0227234605712969,-3.784357382850261,0.0941609205358058,0.20354494803477535,0.016331336128068585,-0.10546333699826516,0.3132381698097952,-0.026401791931018437,-0.3397574035522981
2021-09-06,3959.7173,3973.4222908546144,3886.9396,3940.4683,25138240713.915493,462816423173.1994,-0.0049917218331924,-0.0050042220925175,-0.0062862586463906,-0.0063061003674426,0.0152627344940138,-4.182341075600186,-0.3979836927499254,0.19907660358798598,0.004747241647557132,-0.11393936231063995,0.21842639872027927,-0.020436077466040814,0.3371576272684791
2021-09-07,3937.4973,3951.1869,3179.8431,3441.5586,37655810446.22222,433990031965.1148,-0.1266117786050963,-0.1353751239445529,0.497949314542824,0.4040970491039214,0.1287779189499145,-2.049665916733105,2.1326751588670807,0.0005922617402005378,-0.009911446679449654,0.48431169878112046,0.13056735357385887,-0.01371402841920144,0.15140702522947724
2021-09-08,3435.37,3561.2584,3236.2108,3490.7883,57381083975.11112,404473580244.64087,0.0143044782093788,0.0142031344638897,0.5238308057944832,0.4212274312814052,0.0669429108352864,-2.703915099900472,-0.6542491831673667,-0.09245041503210331,0.04323108467777814,-0.06467260315295587,0.09607518315938945,0.007556140433226943,-0.04741727467924628
2021-09-09,3502.6584,3564.1433163035185,3415.96,3432.1643,37246966904.888885,410880342282.57,-0.0167939144290131,-0.0169365311939476,-0.3508842230822155,-0.4321441854026557,0.0272390788265204,-3.603102615213876,-0.8991875153134044,-0.10059714648750825,-0.02274814154830196,-0.012868698620683183,0.08630952792432671,-0.010202306402298689,0.008274128659700342
2021-09-10,3433.987,3514.506112115211,3171.2246,3218.4576,29160810017.89547,396036440125.2725,-0.0622658711297706,-0.0642888148552021,-0.2170957143340458,-0.2447448309921105,0.0604891075344773,-2.805291970907064,0.797810644306812,-0.20419704416192977,-0.03653661124920049,-0.4238919720642418,0.014406683917692478,-0.013899642393969458,0.032298826280786175
2021-09-11,3216.9992,3346.797370140545,3216.9992,3273.1945,29240999572.069687,386695710464.9101,0.0170071838137622,0.0168641807718211,0.00274990832302,0.0027461342424613,0.0258156402865712,-3.656774758069433,-0.8514827871623689,-0.17338602286501031,-0.02333215797525412,0.18585742202043454,0.07078821913417828,-0.009546932151376808,-0.02118897073461934
2021-09-12,3274.9041,3466.861378308592,3245.242394000502,3416.4496,22647023004.444443,397228438509.9485,0.0437661434418272,0.0428354638339318,-0.225504485623797,-0.2555434107801996,0.0386045412713663,-3.254385359914251,0.402389398155182,-0.14757075063842617,-0.011052182786549736,0.08080356485919316,0.025984774782173748,-0.015988901145028933,0.019165044080093674
2021-09-13,3417.8972,3434.0905,3151.2617131550546,3303.3638588991003,28643691313.77778,383911773503.99457,-0.0331003686109988,-0.0336605827224098,0.2647883701163063,0.2349048118331421,0.0569636856025713,-2.8653413088703785,0.3890440510438724,-0.17560401796887457,0.014592704177715632,-0.10929500757125554,0.009302929363186689,-0.004760806499305659,0.0025462951357695385
2021-09-14,3293.025717585573,3428.9998,3288.314236710956,3422.591,29507197598.77352,393159262718.7988,0.0360926456162882,0.0354565661095492,0.0301464736348555,0.0297009995435099,0.0173850310172137,-4.0521457293873615,-1.186804420516983,-0.0037267679971965503,-0.03425531079427202,-0.2953914729510094,0.03222960606852005,6.207347737330338e-05,-0.004125302377099516
2021-09-15,3430.0608,3599.9151,3375.995664402015,3591.1752,23595684856.88889,407007863110.13904,0.0492563090360491,0.0480816361141759,-0.2003413818644148,-0.2235703697187457,0.035329869205243,-3.3430265197055946,0.7091192096817669,0.024957279646267972,-0.15605561847379334,0.0645758285419844,0.12779998087097136,-0.012651595384937764,-0.07139719220172358
2021-09-16,3611.0175,3666.8641,3501.4712,3577.8433,28934761280.0,423436333879.8738,-0.0037124058998848,-0.0037193139810348,0.226273424801753,0.2039798345094776,0.0321274395871019,-3.438044798195546,-0.095018278489952,0.041038211915613285,-0.04244020374666846,0.1142553849439496,0.16899951076633196,-0.007099405211022258,-0.06546516809520608
2021-09-17,3577.1171,3592.176905982103,3367.4574,3401.2832,26073960824.88889,410170899880.04834,-0.0493481925270455,-0.0506074165261305,-0.0988707122007094,-0.1041065379951229,0.0332443285240357,-3.4038710971348034,0.0341737010607432,0.055703772606950724,-0.01623097862173495,-0.025964090973751297,0.11574709567161695,-0.013658555270392725,0.07998253162509794
2021-09-18,3404.8274,3539.7579,3382.0438,3435.5227,23194678197.07317,407729686116.7316,0.0100666419073836,0.0100163107629643,-0.110427512227728,-0.1170142824790357,0.0317422120780958,-3.4501078726105434,-0.04623677547574,0.04788049673215215,-0.03257650542494517,0.014994720252644811,0.07523210763547114,-0.007393482384191685,-0.07823945343317584
2021-09-19,3442.2762,3455.394,3300.8785,3329.2156,19223792853.33333,398600875163.0068,-0.030943500970027,-0.0314323622586508,-0.1711981218278299,-0.187774141345111,0.0248111996720425,-3.6964601280725113,-0.2463522554619679,-0.02628878748399959,-0.01892542276203102,0.028372073589189473,0.011998989226824765,-0.012229265203117734,0.030492163446984133
2021-09-20,3334.9831,3338.5683,2957.3912,2982.0818,31036572604.444443,367686043655.0034,-0.104268945513772,-0.110115073468721,0.6144874656752675,0.4790175475906812,0.0501652185966234,-2.99243334906151,0.7040267790110013,-0.09918516591715913,0.01326669420313209,0.27193831062722285,-0.08099908606447212,0.003284463116411729,0.10268103831511599
2021-09-21,2972.7091,3098.0626,2718.1892335110724,2756.2493,42039727438.22222,349332013316.1132,-0.0757298139843112,-0.0787508409757756,0.3545222268583266,0.3034487920490749,0.0796729605107178,-2.5298250166126635,0.4626083324488466,-0.21870718072353484,0.06674646141916085,0.15489582056329465,-0.16425190315223404,0.01981003634333689,0.1978023246398739
2021-09-22,2769.0927,3091.1997,2752.945012685347,3076.640245368333,43141827840.0,347021972161.9458,0.1162416423537353,0.1099673659274495,0.0262156885626179,0.0258779474254502,0.0492975483500376,-3.009880928378192,-0.4800559117655285,-0.16015141641435832,0.09594800620552846,0.14086625999460423,-0.07800857369228677,0.014317778067219677,0.05794303556920655
2021-09-23,3079.180575436474,3169.0311,3046.7762,3158.7165,30667544903.11111,366565945900.78125,0.0266772349335373,0.0263276020308254,-0.2891459069178115,-0.3412880839059101,0.0228617150740319,-3.7782915983189542,-0.7684106699407627,-0.12439142246842001,0.008077848161899936,-0.029780665129869544,-0.0067963312655681535,0.000756348701639098,0.015569269996159818
2021-09-24,3159.9768,3159.9768,2774.3783,2930.0015,32613387802.759583,350310448316.9147,-0.0724075744056169,-0.0751628392287702,0.0634495818232607,0.0615179467518229,0.07913514787673,-2.536598155534581,1.2416934427843738,-0.15019131318092155,0.029910723867399014,-0.11442557598672409,-0.09809254353986877,0.0021946404707868794,-0.024917666265470206
2021-09-25,2936.397,2970.035912178559,2830.872737979356,2945.6517796242874,33405874595.55556,343783091739.0995,0.0053413896287382,0.0053271750019287,0.0242994318035527,0.0240088977433697,0.0338769315602139,-3.385020981180146,-0.848422825645565,-0.15580282863796072,0.044986246264500096,-0.14904464371576576,-0.05201642637309199,0.0054498226794734705,0.018120937061126607
2021-09-26,2933.932182620237,3166.9589,2753.8006,3067.592,28967767888.20601,348479150350.6003,0.0413966855210787,0.0405627790270575,-0.132854079142715,-0.1425480108763102,0.09488907955062,-2.355046653216138,1.029974327964008,-0.08357472288525677,0.041119487379571495,-0.025983511372362766,-0.06511503892742222,0.0033041048997723976,-0.003963429240436023
2021-09-27,3066.1482,3163.7205776327773,2948.7074943100365,2948.7074943100365,28446766900.65248,361635229651.3271,-0.0387549927402222,-0.0395259521838057,-0.0179855413632215,-0.0181492470733559,0.0434463015574454,-3.136229550400041,-0.781182897183903,-0.008106755116886692,-0.010765044453794559,-0.2251513716288842,-0.09636406353861943,0.004957474205944834,-0.013261545765149707
2021-09-28,2929.048132328178,2973.726,2806.0571583475507,2811.5444,25309393038.5348,341804480226.18866,-0.0465163447289066,-0.0476329959122951,-0.1102892948458659,-0.1168589194848933,0.0321943673226992,-3.4359637695999217,-0.2997342191998808,0.015214219488850874,-0.0724832111746565,-0.08987603116345921,-0.13902490726544545,0.0042518313996922075,-0.027485989959929125
2021-09-29,2811.9907,2949.2297,2796.3706,2854.8556,23835927706.498245,339291071404.68884,0.0154047718399892,0.0152873229882937,-0.0582181220147449,-0.0599815832507229,0.0364398051278329,-3.312093554358988,0.1238702152409341,-0.07564225075709241,-0.0907429824898891,-0.12455201893323808,-0.12320170663142341,-0.00010634684949906159,0.011540825468624671
2021-09-30,2855.1193,3045.1343,2851.6814,3009.435707489463,24796819448.88889,352341441492.1697,0.0541463839675333,0.0527313246953213,0.0403127478075326,0.0395213869920764,0.032919432779408,-3.413692133594855,-0.1015985792358673,-0.04881209720897984,-0.02931010747492735,0.07273883313424756,-0.13357959983933448,-0.016037564701292695,-0.007381381400877629
2021-10-01,3007.802247227105,3327.892622263552,2988.687494287574,3307.919375969526,27033261098.666668,373053879927.9087,0.099182603481855,0.0945668158340103,0.0901906655564244,0.0863526034727203,0.0477942383890436,-3.0408501825438146,0.3728419510510403,0.11913608482995547,-0.02867890173581955,0.1704495998433302,-0.1462585952415178,-0.02049167479385261,-0.010000051715545855
2021-10-02,3313.7771406076204,3463.5459,3268.552550398857,3393.1203,26572499128.88889,394129116783.8396,0.0257566507362358,0.0254305360980673,-0.0170442614413436,-0.0171911867473319,0.0382436922407529,-3.2637766410470195,-0.2229264585032049,0.1454063753771962,-0.03627856852476441,0.18795758995544665,-0.11203825940490793,-0.017959307370585265,0.02455038344525806
2021-10-03,3397.2497068743764,3483.78546300414,3369.505920153644,3423.3294,23648606208.0,402661231047.08417,0.0089030441979909,0.0088636457712769,-0.1100345476240928,-0.1165726345645327,0.0231004699136929,-3.767902319077186,-0.5041256780301664,0.1101914704177337,-0.029179680765736293,0.03568015850012918,-0.1424856964528503,-0.016208635260326787,-0.043373075541447204
2021-10-04,3424.0484,3438.2525897409523,3299.1712449081115,3396.324,22691844920.88889,397336157346.2531,-0.0078886361329996,-0.0079199160354648,-0.0404574070326162,-0.041298573725061,0.0287573531187042,-3.548861783789376,0.2190405352878097,0.14801616952375066,-0.03255963526988026,-0.10772725052085619,-0.13645877196321685,-0.013703990752958362,0.004945086683165956
2021-10-05,3395.026,3528.9762679967694,3382.0503390089266,3509.114453474486,25529465585.77778,405005698574.11176,0.0332095681903392,0.0326700429306394,0.1250502405063032,0.1178276928870595,0.0219592366521538,-3.818567423775858,-0.2697056399864821,0.2214710465009406,0.0012647966416992062,-0.3291845268762943,-0.1208089206399252,0.0002617025175979393,0.0033553069800746904
2021-10-06,3509.9409410189423,3624.167708118581,3367.561983036488,3590.824179012665,28165578716.444443,414381330634.6122,0.0232849987144978,0.0230180392889558,0.1032576699190763,0.0982673212567245,0.0499589026112848,-2.9965545593125817,0.8220128644632765,0.22926812390351922,0.024563390715439226,0.018308395032006874,-0.09216356595900783,0.0034057326105561003,0.0018168209998092877
2021-10-07,3585.050523030245,3653.393348962792,3496.608043600706,3594.659128928895,30544829464.97561,421737798620.8008,0.0010679859901367,0.0010674160988204,0.084473703611211,0.0810948035138334,0.0309712154087344,-3.474697041054955,-0.4781424817423731,0.17823950692879129,0.031704955886112884,-0.032750916524446616,0.04532453400194144,-0.00801825372975884,-0.20762063885342497
2021-10-08,3592.201076583479,3668.2369165719774,3557.4779,3564.0715,24510042581.33333,425281199786.9824,-0.0085091876119027,-0.0085455974413191,-0.1975714708298536,-0.22011248816818,0.0211215976229722,-3.85745917797792,-0.382762136922965,0.07281490224786583,-0.01379399073790566,-0.2692430062599862,0.01738134808991103,-0.03792408677061587,0.008882829236568801
2021-10-09,3567.8012,3630.750443616456,3553.3935971463047,3590.297313577324,20008727310.22222,423723521175.1543,0.0073583859294978,0.0073314450877703,-0.1836518747845537,-0.2029143909576533,0.0147188265615376,-4.218627886145845,-0.3611687081679253,0.055268821688234916,-0.03680051842241028,-0.01813151746276942,0.04451303942806114,-0.02047834926164782,-0.007291798223303614
2021-10-10,3582.2060424830024,3604.313994053826,3432.5308,3433.7703,20452277987.55556,418059407926.43646,-0.043597228838233,-0.0445761459097278,0.022167860576856,0.0219257254342088,0.0223722314247913,-3.799934757681907,0.4186931284639383,0.002835276620157585,-0.01842306328119392,0.11750884718038046,0.06520987073580158,-0.010507054193645615,-0.010032941600123468
2021-10-11,3429.6781,3617.7625034338735,3407.5698,3542.1059609140025,26114599353.441696,417997851754.9005,0.031550060559963,0.03106258415955,0.2768552906102413,0.2444002508251884,0.0372759531966346,-3.2894068466493165,0.5105279110325904,0.042410035170921644,0.0197153597319506,-0.32011758768988186,0.07843286825758837,-0.0037991713813525507,-0.008548948664541589
2021-10-12,3542.1059609140025,3543.074442754636,3418.7842,3494.82021500588,24503337026.30216,411778540937.21765,-0.013349613599905,-0.0134395207384456,-0.0616996763125599,-0.0636852067139661,0.0238290534663404,-3.7368497089146393,-0.4474428622653228,-0.00431727768081693,-0.0058698992340708855,0.10436843749321811,0.022256425561641802,0.002257515252384934,0.025040014308622682
2021-10-13,3499.203294219242,3607.459328222844,3430.696860060744,3602.4665,22314184291.5053,413455343814.5828,0.030801666000418,0.0303368160155837,-0.0893410041435172,-0.0935867702858736,0.0305826706367229,-3.487321749504352,0.2495279594102872,0.004846182902708844,-0.034147381766509,-0.14929948826294526,0.08981193661278682,-0.007718519224241049,-0.0338073488091295
2021-10-14,3608.9164,3817.9563,3600.5729,3794.0518776720896,24671591984.848057,437947753846.00726,0.0531817235974545,0.0518157952777646,0.1056461514589262,0.1004299165201382,0.0274136631101668,-3.596713736218807,-0.109391986714455,0.0546694171507228,-0.03548912423621786,0.33686245979591645,0.10085655805995153,-0.005937186842494668,0.1259611248605217
2021-10-15,3791.9876717500297,3897.732475574186,3748.689121481084,3874.388228902718,27764274438.28772,450716097050.6285,0.0211742890769115,0.0209532289010965,0.125353988317374,0.1180976424445878,0.0241151300808513,-3.724915831287432,-0.1282020950686244,0.08243827825261911,0.019819130253786454,0.09370105919480887,0.0703981853427753,0.005120313206084859,0.07938449003743231
2021-10-16,3874.766891154749,3966.7506,3814.4507,3842.72310861372,25330359719.349823,457578982328.7084,-0.0081729342590858,-0.0082065157845189,-0.0876635449036428,-0.0917464368802842,0.0271982668568103,-3.6046020262099145,0.1203138050775169,0.07020243452937013,0.031586924517707615,0.20437257763325256,0.07162406147336935,-0.0044257804055334304,0.04844138977905166
2021-10-17,3836.379833356975,3911.724712276786,3703.54840089263,3856.7769893859513,20901648263.314285,453494588404.0179,0.0036572712566067,0.0036505997015942,-0.1748380798813706,-0.192175645094807,0.0385288404403465,-3.256348215778856,0.3482538104310588,0.11736544946908024,0.0026221427893773352,-0.21884776286987195,0.12463760969123225,-0.006385408564465678,-0.029805627444764005
2021-10-18,3856.226215032041,3892.961578299813,3716.5266317503606,3754.3723,25054686272.44755,448827563039.2581,-0.0265518824831652,-0.0269107503853397,0.1986942827098716,0.1812328666440622,0.0282629560443589,-3.566203305484917,-0.3098550897060614,0.058199652987734884,-0.0061958042490708465,0.22408483241740962,0.08678816884692452,0.002300945492741846,0.02308021567620311
2021-10-19,3756.9331,3886.6498,3752.1008,3882.9354,23232424942.035088,449956534058.7912,0.0342435671603478,0.0336703065289194,-0.0727313569444447,-0.0755119570657758,0.0141511324463504,-4.2579606265510455,-0.6917573210661283,0.10405610162936813,-0.0074801848571723895,-0.21347233889136197,0.15212380210149035,0.004940999220352182,-0.04605461654515919
2021-10-20,3884.143,4164.844166759179,3840.6040535096186,4164.844166759179,25564426396.444443,468018449166.1668,0.0726019718894057,0.0700874459851039,0.1003770144626614,0.0956528615028454,0.0374661488634767,-3.2843174506559945,0.973643175895051,0.14327129889416376,0.019019594311210142,-0.4340206260972814,0.33720516803877026,-0.006751012868832618,-0.14122509118744375
2021-10-21,4158.800900432247,4360.0497,4048.796395559031,4075.5561179778015,41948811555.55556,491659342235.11066,-0.0214385089108521,-0.0216716519241244,0.6409056438438177,0.4952483112737142,0.050840873264105,-2.979054656095084,0.3052627945609103,0.0721168747842328,0.09544337527962199,0.7219817974703568,0.3864874866326785,-0.00011254915293790191,0.009402067863467423
2021-10-22,4067.36827332443,4165.484140174109,3927.8352436694,3980.624047911576,35881919985.77778,480643376859.7345,-0.0232930346971467,-0.0235686050881231,-0.1446260655499858,-0.15621655542118,0.0393180664284203,-3.236071160181381,-0.2570165040862968,0.026953099088384266,0.041880854334390705,0.07112569616885933,0.2567750883103183,-0.009028530409878499,0.2559207618369794
2021-10-23,3981.1377037070047,4164.092,3958.827078059567,4161.5046,24613138254.22222,478328127544.9717,0.0454402500490651,0.044438088611234,-0.3140518048092764,-0.3769531713225089,0.0227873960323509,-3.781547701473736,-0.5454765412923548,0.0813475213742901,-0.003630481807789465,-0.09592943812873811,0.27531200577434367,-0.007592190903693563,-0.02436744067156349
2021-10-24,4167.6736,4180.6152,3978.221010296581,4084.265881710706,21419554595.55556,481680260999.836,-0.0185602866543255,-0.018734690131535,-0.1297511770210294,-0.1389761048005863,0.0327625001564596,-3.418470705557042,0.3630769959166939,0.057452960690916564,0.00262289627046286,0.03223093968044344,0.3299586818477336,-0.014190635457460132,-0.09164802894505208
2021-10-25,4088.794759789565,4232.1457,4077.542826132751,4216.984185683597,22752207857.77778,491252700918.84015,0.0324950206026504,0.0319782231805504,0.0622166654435818,0.0603579184364446,0.0180094565991579,-4.016858292422811,-0.5983875868657695,0.11551726495050053,-0.011713782733220768,-0.3143188428116428,0.3627766594774576,-0.013695496013504282,-0.07440681808536254
2021-10-26,4221.854877342664,4285.80065989907,4129.0054,4144.227,21401297024.0,497207622792.7394,-0.0172533693464167,-0.0174039431738764,-0.059374933730485,-0.0612106605922585,0.0236962801396987,-3.742437199290807,0.2744210931320046,0.0648139139841802,-0.009414758069642204,0.024147569533037316,0.3012941655728417,-0.009842032010091373,0.07486766531901412
2021-10-27,4137.8404,4298.627771478221,3951.9679851603705,3953.5218,35496672056.888885,481429930425.2575,-0.0460170738716774,-0.0471095048341293,0.65862246653004,0.5059874184213653,0.0522763291451784,-2.9512116079710013,0.7912255913198054,-0.05062001101909828,0.050034972806393796,-0.18245811646930576,0.2999292758801944,0.009173184993333194,0.0024869806606879763
2021-10-28,3945.3471,4290.081035311788,3932.0774,4277.879612456707,33911031608.88889,487793034855.6868,0.0820427529846192,0.0788506925684614,-0.0446701157071502,-0.0456985695692227,0.0355947423161845,-3.335557339778687,-0.3843457318076857,0.050461294766050525,-0.04029614366329426,-0.18421464409715416,0.4195648024952063,0.011079484587579458,-0.36745066721449415
2021-10-29,4287.938859796452,4453.406627243186,4281.6430928356485,4411.123735735959,36124664853.333336,516027109957.9099,0.0311472353946706,0.0306720031749301,0.0652776733534759,0.0632354913317301,0.0215321559348732,-3.838207836303647,-0.5026504965249599,0.10256183870816563,0.001241044894225496,0.08910931161314783,0.4350158437837592,0.015618739579771557,-0.07730555299044028
2021-10-30,4414.742546465173,4418.937279592537,4269.350078905884,4315.823838736527,24115032526.22222,511919920928.49774,-0.0216044488227287,-0.0218412416582783,-0.332449653882476,-0.4041404666568798,0.0198645329424755,-3.9188194015713576,-0.0806115652677106,0.034930240256079485,-0.0025482541441448348,0.340102069009085,0.3610785690519325,-0.0008601753940489232,0.05275816703530811
2021-10-31,4327.840655162599,4395.1307,4195.5043,4297.53169998587,23144903765.33333,507009035265.71497,-0.0042383886447072,-0.0042473960741933,-0.0402292122075305,-0.0410607857447879,0.0325774253843366,-3.4241357033526656,0.4946836982186919,0.04979058775594475,0.008799126456541018,-0.034575334002294955,0.2599521657381328,-0.004919933439587965,-0.1470896956979295
2021-11-01,4295.127856493886,4374.995805164399,4178.051953099486,4337.678549681309,25023704490.666668,509350796493.3687,0.0093418391062878,0.0092984739914207,0.0811755686859854,0.0780489386850004,0.0319881711222468,-3.442389096950498,-0.0182533935978326,0.02706473274683519,0.011467607326114404,0.04734976095384891,0.2443731140821523,-0.0019664487026531674,0.004452199287508618
2021-11-02,4330.602975734566,4598.079618776445,4300.05164906807,4592.980814032476,25026544957.54704,523940744210.3162,0.0588568888697214,0.057189919498377,0.0001135110463532,0.0001135046044619,0.0301442417848371,-3.5017613596265518,-0.0593722626760531,0.10435521889343162,0.018033862808739087,0.03662217270543877,0.2937056344221797,0.001749708806151773,-0.0034848675082326253
2021-11-03,4585.911150493974,4653.128730779269,4475.246964826769,4605.6244271349615,29633102307.55556,541078964139.7789,0.0027528120874915,0.0027490300395519,0.1840668521293174,0.1689549978149003,0.0274325790958769,-3.596023953812602,-0.0942625941860506,0.1547413229370633,-0.029333037897686154,-0.24475151248367943,0.30496683885294573,0.008767763710668675,-0.14332272305206972
2021-11-04,4603.645402494889,4603.645402494889,4433.68597749977,4535.317603043713,28082568959.108013,535413683577.02747,-0.0152654271323171,-0.0153831432932537,-0.0523243679434876,-0.0537429955552397,0.0249228744033007,-3.691969246477848,-0.0959452926652462,0.05608894963823039,-0.030035855186298477,-0.03587537595160528,0.2562959034463991,0.003205680922018672,0.24898735357167534
2021-11-05,4537.561460653615,4564.366712831694,4460.013326986349,4488.1321804851,24256463402.666668,533047984675.7006,-0.0104039951969284,-0.0104584950956466,-0.136244855732845,-0.1464659481817786,0.0148697222552067,-4.20842819688177,-0.5164589504039219,0.016487100782229383,-0.06409941790240836,0.10844797238829473,0.22466405291869465,-0.004912479496756106,0.03805976328017535
2021-11-06,4485.262593732431,4527.731,4349.2654,4515.412838669978,20576344970.666668,527839633171.4392,0.0060783990060491,0.0060600000585961,-0.1517170236612243,-0.1645410003424922,0.0281290468888103,-3.5709525394287147,0.6374756574530553,0.04242789615765533,-0.019935470737138417,-0.05473014481378735,0.22873149194753983,-0.012637462354284423,-0.012422514352411262
2021-11-07,4521.470283637077,4638.961643167891,4514.492302576885,4619.167746375777,20506340693.33333,542340698434.5021,0.0229779449660156,0.0227179275640819,-0.0034021726129269,-0.0034079731622211,0.0139042503957691,-4.275560701719563,-0.7046081622908482,0.07273322371288472,-0.015127551685843343,-0.15336758578779408,0.25826505171242137,-0.005120956386459596,-0.10919960941278295
2021-11-08,4623.573969282661,4822.4666,4623.573969282661,4819.161293786869,24100025956.251747,561271186532.1271,0.0432964461115332,0.042385360094279,0.1752475157153092,0.1614787770847776,0.0149609363765278,-4.202312716380714,0.073247985338849,0.10689311979817652,-0.005350228532076784,-0.276692354560764,0.2966210838679705,0.00523270485609828,0.07253146086586582
2021-11-09,4817.782386770097,4834.0028433064645,4727.7406,4736.7254,26270877096.585365,566926305532.6239,-0.0171058590408976,-0.0172538544008653,0.0900767137875417,0.0862480733861209,0.0116539643220149,-4.452108871702791,-0.2497961553220768,0.03235724290907948,0.007200879051239895,0.4373258197591805,0.32287964470522107,0.007395046651268444,-0.1160585076564653
2021-11-10,4739.446434240457,4867.173594094124,4548.1943,4637.645275427002,26262380366.22222,560685844087.3088,-0.0209174305466384,-0.0211392994020061,-0.0003234277383242,-0.0003234800523554,0.0459906982435831,-3.079316115036684,1.3727927566661071,0.007358285227766828,-0.019627477804544213,0.09865534155286904,0.26948529920720904,0.00018710942544686304,0.249000678262014
2021-11-11,4642.050923695175,4778.072303116837,4593.539136197657,4727.230918092841,35289895544.888885,556372385531.8075,0.0193170536652549,0.0191328478138293,0.3437432194942065,0.2954591669233051,0.0254543221960508,-3.670869719519152,-0.5915536044824679,0.04094985694749048,0.04150879201336721,-0.052333759831602045,0.30080428913375223,0.013563466608186303,-0.13497400633507883
2021-11-12,4727.829420845446,4808.224,4529.32462586912,4677.705311073397,26261109916.444443,553461443381.2195,-0.0104766633738775,-0.0105319299567594,-0.255846198721665,-0.2955075433648245,0.0417305895563813,-3.176520856599697,0.4943488629194545,0.04201062841359469,0.011245457946607473,-0.0030009136982447338,0.25940011045668454,0.004917411596309762,-0.14954642968643306
2021-11-13,4677.051356781548,4704.316891203014,4597.248848921077,4658.156012516753,23889874876.20906,550282310477.0747,-0.0041792497082628,-0.0041880071806174,-0.0902945476326017,-0.0946344105836484,0.0160837748710585,-4.129944287119272,-0.9534234305195746,0.0297824394157017,0.018315023437295963,-0.41014474818668534,0.2057293310902603,-0.0009720104250057204,0.03816298811673491
2021-11-14,4655.0937,4694.537514126889,4528.2011,4630.758968435111,17833173630.66202,545527382975.6899,-0.0058815213591011,-0.0058988856248588,-0.2535258672107428,-0.2923943139237488,0.0252999121705872,-3.676954354772978,0.4529899323462936,0.0015527862774071934,-0.014749269985031788,0.023228097486839072,0.1782352748576761,-0.012431584039561017,0.08882984625220058
2021-11-15,4634.113550400038,4770.282399667801,4555.681321864844,4575.842252768675,22289251496.27972,552895704459.3907,-0.0118591177041964,-0.0119299979829389,0.2498757628847399,0.2230441566825189,0.0315839039611734,-3.455107656478676,0.2218466982943017,-0.05152295570906846,-0.01011603449214249,-0.24989684888506591,0.17626161054940898,-0.0038379239454044978,0.005365067599098827
2021-11-16,4571.8677,4571.8677,4155.1316,4230.1812,38229605532.44444,510419922979.23047,-0.0755404215605396,-0.0785459517290339,0.7151587857862931,0.5395056627963519,0.0472943947151285,-3.0513634954720885,0.4037441610065877,-0.1136755138416,0.0649891454465461,0.7798289859518368,0.09255578826853628,0.021673580326929454,0.13338678974279383
2021-11-17,4222.0718618430365,4292.0509,4106.563,4292.0509,34832910080.0,498078106078.682,0.0146257800966067,0.0145198549510512,-0.0888498692345062,-0.0930475975331059,0.0295206778879273,-3.5226643158303506,-0.471300820358262,-0.07839159402664334,0.044107721652295595,0.14606116180439832,0.13316172429862125,0.012026280140638335,-0.10130904974625632
2021-11-18,4291.5766,4343.115519984542,3973.6198,3995.3938,28548142542.22222,494855807713.332,-0.0691177963430024,-0.0716225363944592,-0.1804261407773191,-0.1989707576810846,0.0444679119861689,-3.1129874288749173,0.4096768869554332,-0.16832405337482775,-0.03453138110626952,-0.1656027215633955,0.028239780111717967,0.0064776432437199105,0.013650186392426322
2021-11-19,4006.8030964585473,4307.1171,3998.3392,4294.152739005697,34323611555.55556,493348196002.005,0.0747758428732849,0.0721121215792623,0.2023062973288549,0.1842416267200631,0.0302299583972569,-3.4989218463988965,-0.3859344175239791,-0.08541359023764845,0.04115880187698551,0.3260573643242073,0.0320274815218314,0.010583099299495302,-0.10278259261146627
2021-11-20,4300.9138805132,4436.529986422346,4227.782144520988,4422.128531286758,23245987662.22222,511810301053.68585,0.0298023382164773,0.0293668791812953,-0.3227406263878526,-0.3897009574155604,0.0293763879191935,-3.527564059321009,-0.0286422129221124,-0.051340891082813624,-0.003225492689882259,0.06098194177249683,0.08362497391981409,-0.02273461958488099,-0.05380985454469944
2021-11-21,4417.183082491513,4418.946412151297,4284.636769940774,4284.636769940774,20657591516.444443,516625645121.83374,-0.0310917605341463,-0.0315853676890009,-0.1113480822320258,-0.1180496637095129,0.0108526997668746,-4.523341403507777,-0.995777344186768,-0.07840914881654076,0.014072022625548186,-0.045259926239724635,0.073468146997998,-0.018895632722284006,0.009411299259926897
2021-11-22,4280.02788794463,4300.1512,4050.1939657032303,4105.1047,25889685009.9021,496114950103.4696,-0.0419013511717717,-0.0428045325880424,0.2532770332539811,0.2257617474486687,0.033473819196304,-3.396991662222598,1.1263497412851788,-0.10769056044575398,0.01765593297871959,-0.49187436085021696,-0.015126742383852079,0.0015981683697461335,0.04609924283643019
2021-11-23,4098.833945538736,4387.332044193312,4077.5573,4355.124816760217,33298571313.77778,500449652670.4553,0.0609046869767333,0.0591220223984248,0.2861713574746847,0.2516698653637495,0.035494082410574,-3.338389289055417,0.0586023731671807,0.031027300371376427,-0.024260686544238297,0.03124906435722563,0.06310302358863139,0.014750688713871085,-0.03304551026710234
2021-11-24,4345.398588245484,4373.9907,4186.995669721616,4267.1911,32144551872.0,505994321914.97626,-0.0201908602990696,-0.0203974816920304,-0.0346567253863017,-0.0352715159099958,0.0287592115538626,-3.548797161183013,-0.2104078721275959,-0.005698382487058118,-0.013478905144111764,0.03056942233739468,0.010681212896070593,0.01151077937693401,0.03402205989749896
2021-11-25,4276.9243,4550.477718779292,4263.4167,4525.307417931792,35422437674.666664,521717529111.2017,0.0604885771185152,0.0587297237420679,0.1019732928839465,0.0971024753045122,0.0298659203992106,-3.511037234615105,0.0377599265679076,0.12169182195266649,0.03411124971878721,-0.4143323216613992,0.08951150328635803,0.016940768743261003,-0.07212208038604451
2021-11-26,4524.3324603908,4544.8713514456485,3946.249773969944,4048.131895970803,49447816746.66666,498984137167.2645,-0.1054459902702197,-0.1114299980576252,0.3959461853194432,0.3335724543990347,0.0720800492725805,-2.6299779821004265,0.881059252514679,-0.0605720160189579,0.07118786397257892,0.5970084080288864,0.02571857923281257,0.01657607647466719,0.06744587976808858
2021-11-27,4042.2979633897216,4184.982233264034,4042.2979633897216,4082.366357992869,45184787050.66666,489113105108.6513,0.0084568543965033,0.008421295540092,-0.0862126980821125,-0.0901574458590274,0.0237504913690526,-3.740152059492238,-1.1101740773918114,-0.078825371275523,0.09501331767656751,-0.059716681478839906,-0.04912935523267456,0.013197059493748498,-0.033018165637889174
2021-11-28,4099.295458301602,4300.929187517085,4007.493924007929,4300.929187517085,35456327388.44444,485625557108.4085,0.0535382693168366,0.0521542794844798,-0.2153038732109877,-0.2424587357739633,0.0400768833702902,-3.2169555854513106,0.5231964740409274,0.004871564028271111,0.059344104037691636,0.13447763076391972,-0.02611842950854902,-0.0007775183428613275,0.01562990159627553
2021-11-29,4298.531080015639,4460.0291,4297.3593,4452.2641317013695,41952501048.888885,517299622320.9707,0.0351865695960573,0.0345816709516468,0.1832162025489874,0.1682363261585798,0.0146028571886246,-4.226538071563168,-1.009582486111858,0.082710230694537,0.0606614664502132,-0.1503711022338674,0.028344036759927905,0.02054695871151324,-0.001078380978877247
2021-11-30,4448.375062921311,4721.5876,4363.3249,4641.645683920893,44349213511.11112,538577176957.6536,0.0425360101327039,0.0416562161879758,0.0571291914021825,0.0555569240192662,0.0491397960813889,-3.013086061645598,1.2134520099175703,0.06595148718115822,0.03969400302307946,0.32606797906913565,0.0775876529390511,0.023888383873782004,-0.048761305209164885
2021-12-01,4637.115750576484,4769.294091530394,4543.111175442001,4586.9631,53583852202.66666,556435612197.6102,-0.0117808612816611,-0.0118508055061187,0.2082255345800419,0.1891527828974886,0.033684290107589,-3.3907237192286,-0.3776376575830023,0.06998404134298385,0.07278730322761362,0.05396536350805059,0.05751138342394536,0.03129910133416658,0.025945782362378544
2021-12-02,4590.6256,4624.227941198096,4458.616999837173,4520.32557689881,39617597980.44444,538745993422.5416,-0.014527590836994,-0.0146341495717352,-0.2606429670154839,-0.3019743448192767,0.0239387003236525,-3.7322588692294087,-0.3415351500008086,-0.0008860221663659038,0.013643252688058993,0.05570748251846824,-0.01440478863602177,0.015620070785612228,0.028094668206974482
2021-12-03,4522.420617559839,4643.006075327383,4126.377116854704,4248.6659,35657670385.77778,529960591517.7703,-0.0600973695981393,-0.0619789937622225,-0.0999537527898919,-0.1053091311890217,0.0738333316998759,-2.6059450002886337,1.126313868940775,0.04979169468991837,-0.045565470357605165,-0.11744935519574762,-0.08024344067755072,0.006378946081056824,-0.058173092832133566
2021-12-04,4229.8035,4238.4659,3642.6823,4097.563825071206,66819603939.55556,477093961474.7836,-0.03556459333006,-0.0362124196722162,0.873919502217589,0.6280322278336509,0.1052783595419674,-2.2511473933847403,0.3547976069038934,-0.0004225114025486094,0.0705884966452821,0.46991031219116874,-0.10199713644387254,0.04007139914805791,0.33295873203593285
2021-12-05,4120.112138724015,4243.921291463281,4054.031,4192.6384,45377214535.11112,493922850663.4619,0.0232027075080742,0.0229376173971285,-0.3208996782417482,-0.3869864130615144,0.0304974535107213,-3.490112090306136,-1.238964696921395,-0.02494312953895976,0.0307746773723494,-0.0033196379715108026,-0.06746681762388045,0.0211902278996412,0.02891307304962254
2021-12-06,4200.7952,4364.452882372813,3953.6514,4348.484879257936,52471101454.22222,490986560423.0954,0.0371714572995218,0.0364972553098129,0.156331475869285,0.1452524729785919,0.0665189297574809,-2.7102687138205,0.7798433764856352,-0.022711394283408112,0.03162640094352298,0.000569187766183088,-0.039009744131342915,0.031172079162249844,0.014339104413130466
2021-12-07,4358.190657733947,4422.8824,4273.3958,4306.102212618619,53119410176.0,516486410496.328,-0.0097465365101027,-0.009794344894814,0.0123555386452747,0.0122798319378898,0.0231352929809052,-3.766395992735119,-1.0561272789146186,-0.07405943156705379,0.025625670355022834,-0.02731095465362987,-0.07113485653959256,0.03090008414380563,-0.01678582639905346
2021-12-08,4310.244505449821,4450.6467819054415,4240.4096,4436.876579188187,43043314076.44444,517097885881.3818,0.0303695453829093,0.0299175198198547,-0.189687650261374,-0.2103354886854981,0.0291013028113719,-3.5369723356566047,0.2294236570785139,-0.03406565534627957,-0.03087906019434783,-0.08251119009804309,-0.0823630807232745,0.017519467539955258,-0.008384849441221531
2021-12-09,4439.345953865967,4473.078773812109,4090.570449073211,4153.46424386153,45092418503.11112,508923356862.2733,-0.0638765424884801,-0.0660079121516909,0.0476056379633662,0.0465072154270928,0.0477903073729087,-3.04093243467162,0.4960399009849845,-0.08510464177161191,0.016157732096054644,-0.04226167283007509,-0.131977599278463,0.017108096966762076,-0.05509998844405595
2021-12-10,4129.372570297307,4219.469858617035,3918.3373,3918.3373,47781683513.979095,484912277876.6261,-0.0566098394151406,-0.0582753379246959,0.0596389614959869,0.0579282477435402,0.0409645170548771,-3.195049024671152,-0.1541165899995316,-0.07648813241987426,0.034878456528868895,-0.1735892811733124,-0.1694888723392537,0.019208230069917676,-0.1254665262258119
2021-12-11,3910.7981,4095.695081544233,3859.8901,4091.655288045867,47587895793.77778,477743280662.72974,0.04423253405108,0.0432821984243669,-0.0040556905062715,-0.0040639371237171,0.0311225245949157,-3.469823458447076,-0.2747744337759239,-0.0069307770449708725,-0.055906242242755866,-0.27550733053783616,-0.14451659686861196,0.010813816571026535,0.05236273850707773
2021-12-12,4085.7292651233774,4175.858550347876,4005.647432741752,4140.566284343947,31766340003.55556,483666765652.288,0.0119538408919679,0.0118829580581954,-0.332470169699979,-0.4041712001182359,0.0282352563937828,-3.5671838551908346,-0.0973603967437588,-0.01444127856021273,-0.041544638808510115,-0.0028654931198270894,-0.12183529725249971,0.004803197923337166,0.0027134621427375993
2021-12-13,4138.943628401802,4143.792754466247,3694.3441,3793.5513,28397948935.236748,467182948163.7135,-0.0838085808832618,-0.0875299633049211,-0.106036486039682,-0.1120903167663843,0.0604760038510127,-2.805508623185821,0.7616752320050137,-0.1387543856356111,-0.07799014809984683,0.003102963115435564,-0.2046594405838813,0.00391609140886473,-0.2085376119240392
2021-12-14,3792.8126,3880.333305460678,3704.8133,3867.817310165112,35363992001.560974,451420262693.7315,0.0195769094160165,0.0193877465548858,0.2453009223381137,0.2193772054000465,0.0303836192742026,-3.4938516554606123,-0.6883430322747914,-0.10830428691821052,-0.061689306708689884,0.11860319503771954,-0.18075458407372177,0.015084613184914275,0.08119602604054577
2021-12-15,3867.637876790931,4079.183914444722,3681.0649,4012.8137,30124147328.0,459419803027.2565,0.0374879106760859,0.0368023206944279,-0.1481689248580784,-0.1603670404234092,0.0689100586576871,-2.674953122391686,0.8188985330689262,-0.10101439181990307,-0.04740578945969531,0.0446247476769428,-0.13042914242046483,0.006668756240454599,0.11254285476913584
2021-12-16,4019.2212,4104.889911214258,3968.8079,3973.235,38004166243.55556,479369223916.66815,-0.0098630793649852,-0.0099120417448404,0.2615847954053518,0.232368704759375,0.0227405796931482,-3.7836042987617913,-1.1086511763701052,-0.038544851066358715,-0.026997275701489798,-0.2714300229638935,-0.060745345746599705,-0.00019126497896948536,0.07980391689250155
2021-12-17,3965.1851,3992.7539,3723.238267408882,3889.8186984670992,34426731072.0,462347587408.37726,-0.020994555200712,-0.0212180748743568,-0.0941327103094175,-0.0988624630385264,0.0479569534278148,-3.0374514740303566,0.7461528247314346,-0.0053789213488158695,-0.05293497025534677,-0.04807635599424609,-0.09829162178736074,-0.000344698749078276,-0.03420586959191696
2021-12-18,3880.897521222242,3987.5375,3784.485102942421,3961.200250995882,38068638994.02817,465802251071.4703,0.0183508687839135,0.0181845235622612,0.1057872126868939,0.1005574909978015,0.0346948261626014,-3.3611647050884432,-0.3237132310580866,-0.030953162024105328,-0.039518628054359795,-0.023124530548805033,-0.011446617527442858,0.008048368038231501,0.053533062666230036
2021-12-19,3963.925808162224,4018.2439,3899.8359342966382,3924.8675,23808039570.797203,468957394085.8634,-0.0091721570972707,-0.0092144803258305,-0.3746022920721706,-0.4693674989350045,0.0202346266497579,-3.900359951540711,-0.5391952464522678,-0.05310800035324214,-0.03428084294227318,-0.12369681646567887,-0.09149493776727244,-0.008893328915739573,-0.045943130650399455
2021-12-20,3927.1166289944567,3971.772178490128,3774.4116705855454,3936.136323767621,26250691868.444443,458973596640.2926,0.0028711348262384,0.0028670209910125,0.1025977922450775,0.0976690248542617,0.0360115062720139,-3.3239167729261374,0.5764431786145736,0.03709175900958578,-0.009454353312904118,-0.045439256798775585,-0.1153025675729172,0.002549248029659168,-0.029610161976750815
2021-12-21,3939.558288844281,4057.832067866085,3922.349319818159,4027.1658,28618196096.0,475804903326.7503,0.0231266065869504,0.0228632394163853,0.0901882601578778,0.0863503970685782,0.0197409848388431,-3.925058355702391,-0.6011415827762536,0.040418900172993884,-0.030296876901754644,-0.00929899607257978,-0.060896672337217336,0.006722678555199479,0.056124168131719054
2021-12-22,4023.0643,4071.3591460747584,3953.199199712144,3988.063927072029,20454123953.77778,477606869300.333,-0.0097095264684585,-0.0097569712814781,-0.2852755678532556,-0.3358582201624648,0.0201049021103629,-3.906791607564776,0.018266748137615,-0.007782270690610265,-0.04509656639257287,-0.056692022962671285,-0.02739664790407671,-0.004585397659493395,0.016117873726003484
2021-12-23,3984.6046,4149.494505795375,3908.535862200113,4110.144167730176,22592386496.0,474713740885.261,0.0306114051556281,0.030152223370866,0.1045394340551697,0.0994284463236915,0.0376527242167031,-3.279349971000493,0.6274416365642828,0.03590556772193566,-0.07636147591295739,0.0632056001474619,-0.05565938423456525,-0.009093615911702102,-0.012748643139180782
2021-12-24,4112.805044642448,4134.710727099428,4042.036939082792,4048.6063,21211889521.77778,486787818660.1765,-0.0149721920251183,-0.0150854067619676,-0.0611045218470673,-0.0630511178407115,0.0127011634744881,-4.366061677549306,-1.0867117065488126,0.04230625165009515,-0.07046645464530599,-0.1739602799821327,-0.054861431328588485,-0.009372112540241062,0.00048488388398104654
2021-12-25,4049.1365,4134.1729,4039.6481,4109.646471445121,15636280544.0,484025892661.45337,0.0150768355631718,0.0149643096908838,-0.2628530085475612,-0.3049679610180599,0.013509097729963,-4.3043919145871925,0.0616697629621132,0.03610210824299799,-0.132312668292613,0.024154732153932823,-0.0961330355753192,-0.01718845376318967,-0.03547595921838309
2021-12-26,4099.685281661994,4105.3506,4020.0622,4076.411441991241,14905552739.555555,482835685601.648,-0.0080870774858142,-0.0081199552737327,-0.0467328404851907,-0.0478600793419028,0.0144169568922888,-4.239350203217961,0.0650417113692318,0.03731157843977511,-0.05777927803197258,-0.004322730727297497,0.008403719769454705,-0.030734111466419023,0.051372626319518444
2021-12-27,4071.6423791295615,4128.6383,4042.1039,4044.835105740426,14068084000.0,485130867631.5859,-0.0077461111814048,-0.0077762681343065,-0.0561850173682674,-0.0578251250206289,0.0144044937517014,-4.240215054992296,-0.0008648517743354,0.02637217712571299,-0.08490117149351306,-0.4772794958204929,-0.013374334785102502,-0.02851887808371245,-0.0005766041633210595
2021-12-28,4044.256507503601,4044.256507503601,3788.353454021501,3814.2797,19605723971.55556,464303561207.7908,-0.0569999517194711,-0.0586889451498167,0.3936314263943519,0.331912877374437,0.0285009213967693,-3.5578188625189204,0.6823961924733757,-0.05329203636649272,-0.06779895744933384,0.3477025183128455,-0.11952151546845884,-0.014846086025624317,-0.08147464987808317
2021-12-29,3808.7489,3836.195188878529,3634.019302788115,3639.101875632903,20503962392.88889,450262973409.69366,-0.0459268428498038,-0.047014925830156,0.0458151110684059,0.0447965919583866,0.025762240079181,-3.658845421931213,-0.1010265594122921,-0.09070117149606613,0.0003878509177255296,0.30582914108602166,-0.20080196135287634,-0.020446738529155795,-0.18243372373251088
2021-12-30,3640.3732609483295,3774.378773601587,3620.6228049524334,3724.1063,23603716035.55556,441901636086.4255,0.0233586272855614,0.0230899898426917,0.1511782738999618,0.1407860038451433,0.0257892588682736,-3.657797196676151,0.0010482252550616,-0.09927838474654983,0.007838008895625137,-0.057750372598000865,-0.21926566389901625,-0.02018240372650837,-0.04873204071910098
2021-12-31,3721.8755,3821.7261,3644.5903673246166,3691.611156368285,16844827160.88889,446016606895.1422,-0.008725621938266,-0.0087639130827934,-0.2863485081961412,-0.3373605425226987,0.0331721130530282,-3.4060457243130022,0.2517514723631486,-0.092440658009084,-0.034294721819989604,0.04660696166598077,-0.2179533205808903,-0.0367728457216181,-0.21641151149829518
2022-01-01,3685.986363216292,3785.0750671340993,3685.986363216292,3773.5834,15838957063.11111,445142658771.2209,0.0222050048500659,0.0219620634954717,-0.0597138865344522,-0.0615710740038944,0.0117797509538054,-4.441373242424841,-1.0353275181118384,-0.08288515619793814,0.0016179244542655624,0.041060501701785324,-0.18102233135906004,-0.024542263696432087,0.18663464593370094
2022-01-02,3777.2303,3850.0803,3738.1076,3839.8139,12081725038.22222,449902546900.96594,0.0175510895028847,0.0173988478877382,-0.2372146101487625,-0.2707785587544057,0.0181999549077848,-4.006336162496696,0.4350370799281444,-0.05862254912907025,-0.02278133810163041,0.10036641448961703,-0.09673163619488805,-0.02494260736470011,0.012582890119654078
2022-01-03,3838.5395,3847.9775,3701.319266438544,3770.2317,16383773891.555555,452052040715.2713,-0.018121242802939,-0.0182874434262324,0.3560790234609052,0.3045974647087451,0.0251086686625339,-3.6845421274279846,0.3217940350687116,-0.07016126984453326,0.01872002344858359,-0.27346836183122925,-0.08874392267058395,-0.05554500361179038,0.015043503585088214
2022-01-04,3771.4726,3888.932141387376,3731.840156498289,3797.755381997401,21877374442.666668,452461871672.89465,0.0073002627391312,0.0072737448014998,0.3353073954434025,0.2891615241058364,0.028834981456219,-3.546165995014708,0.1383761324132768,-0.0028905592502349764,0.018029673473908048,-0.25150162100790974,-0.10086363744252153,-0.026973170033034677,-0.023531547305135403
2022-01-05,3796.654582017801,3849.9841,3454.7647,3563.1909,22750588508.444443,448668527035.3266,-0.0617639785619982,-0.0637537396252849,0.0399140247869405,0.0391380412619589,0.0656518968393772,-2.7233887854385888,0.822777209576119,-0.02142975697436869,0.01751695573917189,0.4921747522108748,-0.20140052083828355,-0.03518945857562272,-0.020081706123792342
2022-01-06,3554.2026,3554.4911,3323.8636,3419.993783293521,33165849173.33333,409263796091.321,-0.0401878879704364,-0.0410177303111265,0.4578018129519157,0.3769296935870404,0.0409608193833301,-3.195139293975137,-0.4717505085365481,-0.08458897457997969,0.07130321568641662,0.16824408259637114,-0.23135589898689554,-0.024339686167980545,0.13996169875174824
2022-01-07,3418.008117890768,3419.455029922317,3117.95117495753,3197.2259,31764463352.88889,385410870936.8552,-0.0651369263832378,-0.0673552057472805,-0.0422538802827099,-0.0431725468663438,0.0503755389952366,-2.9882495591152285,0.2068897348599083,-0.1422546320498747,0.10199638801032762,0.27565152192454123,-0.32822353033029633,-0.014024820693407491,0.00204985468592378
2022-01-08,3201.9761,3246.629484450562,3023.8653,3099.6255005366006,29076178126.22222,378092197372.5927,-0.0305265885226937,-0.0310022296602302,-0.0846318477602164,-0.0884289424539198,0.0460281849919489,-3.0785013529113145,-0.090251793796086,-0.19770971827478517,0.0825313007079842,-0.0013000121344273197,-0.28684417749214197,-0.020259745136549157,0.004430383733238452
2022-01-09,3096.0077304568285,3215.3340310306576,3081.716363446548,3164.409305068424,25730508117.33333,374386539808.865,0.020900526376689,0.0206851067933355,-0.1150656731557032,-0.1222418436832767,0.0267636757995399,-3.620709691438628,-0.5422083385273133,-0.19312555100266682,0.07851571424601644,0.02048289443469109,-0.21177506610690658,-0.028582735940091197,0.19125635363910232
2022-01-10,3159.754600522976,3188.1384,2956.975722615866,3085.3671,23895435747.55556,370221733938.7537,-0.0249785022885069,-0.0252957592924994,-0.0713189324287604,-0.0739899063547353,0.0511228733069482,-2.973523263392492,0.6471864280461359,-0.20079488985548333,0.04071823160496635,0.12077354838957466,-0.2808295896369567,-0.03164885424040875,-0.0890068923487759
2022-01-11,3087.9618,3258.216493812775,3063.2179133422387,3238.0088,25028994711.63763,375498413358.3949,0.0494727839679109,0.0482879275629876,0.047438304789986,0.0463474735044331,0.0321661941817581,-3.4368392480631904,-0.4633159846706984,-0.1591617328443464,0.01660216825361971,0.06568337121559309,-0.2454820200772753,-0.00918587195853604,0.07958140959334781
2022-01-12,3239.9182,3409.9251,3215.343755391536,3374.3038,22110662012.444443,393437328160.1887,0.0420922265560241,0.0412304485853181,-0.1165980788607646,-0.1239750051115987,0.0329863586947355,-3.4116611758645834,0.025178072198607,-0.05194171273381621,-0.0033487896487471858,-0.22719160958646167,-0.1169188331201414,-0.008649038626902694,0.2118098924766223
2022-01-13,3373.8813,3409.0415714044507,3248.2023992831546,3256.1415,22032964476.444443,396581487216.72736,-0.0350182754735954,-0.0356461161370899,-0.0035140302880244,-0.0035202189949128,0.0260857661130631,-3.646365473068908,-0.234704297204324,-0.04851505430479254,-0.060129044705742984,-0.24955186963874,-0.1721010475102087,-0.01858994703788497,-0.06290030779946965
2022-01-14,3245.7687,3334.329197144645,3202.7613,3314.714161542115,19039040515.55556,390370373247.9108,0.0179883649227512,0.0178284887140481,-0.135883846410668,-0.1460480821892387,0.025292155116662,-3.6772610057719177,-0.0308955327030102,0.03460324367929929,-0.07347301741038947,0.0023277256843297067,-0.19271675837828658,-0.01572561787877902,-0.03265180535023138
2022-01-15,3312.161662827348,3367.666119645886,3280.944129660557,3331.8342671135447,15214683509.333334,396645693303.3561,0.0051648814157372,0.0051515891646732,-0.2008692088814871,-0.2242306530971491,0.0180766121677439,-4.013136321678608,-0.3358753159066898,0.07340953066374821,-0.08669779211322037,-0.09137939712047549,-0.17402955417193366,-0.03312801014250155,0.02983853232464173
2022-01-16,3331.3751929371515,3378.9543,3292.9095,3354.693114781434,12274577792.0,397500373926.8478,0.00686073971131,0.0068373119301823,-0.1932413326593187,-0.2147307045804375,0.0177169651345422,-4.033232616275562,-0.0200962945969545,0.05986592871494617,-0.09202451512375376,0.04141290769443584,-0.1457061515516241,-0.0332888564536411,0.03688028887132577
2022-01-17,3351.399313915948,3356.418118243735,3156.9267541394106,3214.910372467172,14173655228.444445,388767509715.992,-0.0416678180481999,-0.0425608158611176,0.1547163143714951,0.1438546985426134,0.0347781636603818,-3.3587655701738277,0.6744670461017348,0.040288217755062895,-0.07218590461360108,-0.26905625710689707,-0.20943542051072295,-0.03719547977454951,-0.09783054397393309
2022-01-18,3219.258878444262,3242.991,3100.9488867968453,3168.5187,16272064177.77778,377737630532.74,-0.0144301604375894,-0.0145352877644382,0.1480499501019425,0.1380648074925803,0.0300911709637622,-3.503523473718095,-0.1447579035442676,-0.022283890961630838,-0.06980683366453277,-0.0852157504826292,-0.2146412828046512,-0.01202356054650977,-0.010652933329377667
2022-01-19,3171.3412,3179.1756185618533,3059.9144,3100.98763982978,17881558800.947735,372575667613.0153,-0.0213131329066228,-0.0215435373658706,0.0989115213402358,0.0943201638458791,0.023163379106862,-3.765182734205858,-0.2616592604877632,-0.08434314846616078,-0.03554149869585643,-0.16762328482483912,-0.2393479533502773,-0.01352449607530204,-0.057935500734839884
2022-01-20,3099.2925298469,3269.945701637155,3013.742768394251,3013.742768394251,16122431587.555555,376541975390.839,-0.0281345434322073,-0.0285379032714528,-0.0983766143083088,-0.1035583786030572,0.0550077510656089,-2.900281175213532,0.8649015589923259,-0.07416945864890076,-0.0518887815684792,0.17881521506163134,-0.28886112496411914,-0.020539794468835026,-0.1687498842267119
2022-01-21,3010.655836976852,3032.107988606642,2529.4797238743017,2552.5915,26722596512.0,336919136786.5326,-0.1530161343663568,-0.166073633350188,0.6574792931747597,0.5052979501942699,0.0768224288313138,-2.566258639390098,0.3340225358234341,-0.26049192894911805,0.06694338356554397,0.634381823952133,-0.4453289676137247,0.010356475056539693,0.3003640513157193
2022-01-22,2573.6066,2622.087238044495,2332.1483,2406.109564771601,37481679800.39161,294846864361.7441,-0.0573855766692003,-0.0590979629643392,0.4026211780565618,0.3383427561486768,0.0715274825956684,-2.6376735311667656,-0.0714148917766674,-0.32537403493688954,0.17197765131421505,0.28617586518488736,-0.5360941336712393,0.024177793359182687,0.07137407816652908
2022-01-23,2411.9547625485934,2547.2713430322106,2384.2653,2536.3249,27362524849.77778,293446356443.9493,0.0541186224995366,0.0527049888524238,-0.269976025741197,-0.3146779039285539,0.0347875254198257,-3.358496421413162,-0.7208228902463962,-0.27866182075791757,0.10170871813630455,0.1324022945117984,-0.4677875049985561,0.009819490887082338,0.20240967625216055
2022-01-24,2542.4014,2542.4014,2175.5201334970425,2448.138,24891950019.55556,282734341622.7109,-0.0347695596885083,-0.0353884079006645,-0.0902904554234614,-0.0946299122046122,0.1076654354735941,-2.228726679722749,1.1297697416904129,-0.27382343548092647,0.06644271957586056,0.1994439473789631,-0.5155824745835466,0.014597304903944064,0.1282607896554513
2022-01-25,2444.3887,2500.2778,2360.4715541384435,2464.1057985482616,29708526609.83972,289439961460.83923,0.0065224258388463,0.0065012468617576,0.1934993677273244,0.1768896370331591,0.040379672887666,-3.2094287669805293,-0.98070208725778,-0.2523256074218906,0.0775033277078343,0.03885793523685899,-0.5022174685406591,0.022912006697861642,0.024985847850946152
2022-01-26,2459.6840450826294,2706.0679,2417.30496691216,2468.201021927636,21633409863.11111,300580462488.2585,0.0016619511149995,0.0016605716024886,-0.2718114180746366,-0.3171952232245371,0.0797633717023096,-2.528690881123872,0.6807378858566575,-0.22768431519293336,0.02060995168845281,0.03764204899098966,-0.49380817422740114,0.01150997177807156,-0.04755778819288814
2022-01-27,2466.030388291811,2513.429473709501,2326.7222,2428.660073346452,27014150272.0,289773379819.0132,-0.0160201491814887,-0.0161498589499924,0.248723638249189,0.2221219402466363,0.0537484213719502,-2.923440982229849,-0.3947501011059771,-0.21481824594140939,0.057531718274088206,-0.26234380648939437,-0.449961067384595,0.011144316001537646,-0.039965087264269616
2022-01-28,2424.0306302128383,2551.123,2372.182345127957,2549.8198,24445587932.444443,291652895022.7258,0.0498874782779303,0.0486829948821808,-0.0950821074767566,-0.0999110658917619,0.0406895450643326,-3.201784097558625,-0.2783431153287763,-0.00928557143381753,-0.011756907852429777,-0.2248688977480855,-0.3560635306012629,0.0058790595535924695,0.13998126050928317
2022-01-29,2548.5067,2629.5541,2527.8444561058823,2598.4454,25683150954.666668,306200052521.05145,0.0190702103732975,0.0188906531165617,0.0506252099823592,0.0493854250449554,0.0251510290079846,-3.682856468442976,-0.4810723708843505,0.07447581959643938,-0.06323698623626228,-0.0464454693844325,-0.3593143647791854,0.003087672151231402,-0.003765793283880825
2022-01-30,2602.6171796526964,2634.673456628319,2551.231645923043,2608.2808,19499216650.666668,310265547913.42505,0.00378510935808,0.0037779638569798,-0.2407778669726025,-0.2754608790194265,0.0227166826182276,-3.7846557073115785,-0.1017992388686028,0.025582239519247353,-0.04448113430655454,0.04180846257399984,-0.3458468526448202,0.003927598124654708,0.015202649097303622
2022-01-31,2605.5429,2699.2795,2492.282285970716,2689.512101406059,18380646346.666668,308666161908.58514,0.0311436182047804,0.0306684952411351,-0.057364884140705,-0.0590760109329865,0.0528607751049069,-2.9400937065592245,0.844562000752354,0.09556473100472396,-0.03839223185537932,-0.5477142402690633,-0.3396312139683653,0.0037464374171207737,0.006673224489750718
2022-02-01,2689.116436168133,2805.341025069112,2683.2284,2799.5787,19492302478.22222,328910614125.4641,0.0409243738060887,0.0401091393532193,0.0604797084166277,0.058721360861823,0.0190867900368655,-3.9587588043162807,-1.0186650977570562,0.1294360368372995,-0.06337504793874871,0.16802853920115757,-0.315623014136363,0.01084371238146531,0.023895273490103897
2022-02-02,2793.2257,2807.0536494175185,2632.1813105685324,2678.3973,17227720252.444443,327141368348.8662,-0.0432855843631043,-0.0442503483265628,-0.1161782825968293,-0.1234999138297985,0.0372554290406061,-3.2899575987199525,0.6688012055963282,0.0826088656734918,-0.02862043331349895,0.15311317958964832,-0.342246942023243,0.0012275004348865082,-0.026677989047790618
2022-02-03,2681.9238,2714.3062,2588.173383003928,2672.9835,20149039189.33333,316045646316.3745,-0.0020212833995912,-0.0020233289497712,0.1695708366563695,0.1566368752431798,0.0335829103431051,-3.393737962145301,-0.1037803634253484,0.09776355994457367,-0.04629712845277112,-0.1787083450155733,-0.3509250415248651,-0.0025154424408064813,-0.03401705472158101
2022-02-04,2690.9014,2987.9202559383475,2677.474286174202,2987.9202559383475,21792889333.33333,338456825805.1123,0.1178221848127187,0.111382314509904,0.0815845424962116,0.0784271348732752,0.042222550778017,-3.164800822043586,0.2289371401017148,0.15906999901617458,-0.018479622415341623,-0.22531994853980652,-0.1735531554897491,-0.0013965776017244025,-0.028810434129560525
2022-02-05,2991.6681050501697,3058.2666,2967.5512,3018.1714,24305494229.33333,360046729863.41,0.0101244817365959,0.0100735725027584,0.1152947118469895,0.1091186855447172,0.020574031315183,-3.8837256141988736,-0.7189247921552875,0.14813360501438064,-0.009733680974839842,0.31226754203829765,-0.12440680842087709,-0.013014074333952408,-0.06153494518156011
2022-02-06,3020.0692,3059.32454864352,2971.9124,3051.908917354185,14038595022.22222,359407051031.431,0.0111781316840338,0.0111161180730025,-0.422410633177761,-0.5488921008142488,0.0194339622579537,-3.9407331116294633,-0.0570074974305896,0.1581262089824728,-0.03954135395493097,-0.046696464424521356,-0.048000881077830994,-0.02655537154067389,0.019508871587389898
2022-02-07,3055.8824168462534,3186.4624,2994.4055010798493,3148.5198301236724,17695866744.88889,369924442545.22095,0.0316558964850244,0.0311651778194731,0.2605155086301327,0.2315207711243998,0.0398467201030181,-3.222715183205562,0.7180179284239014,0.15771976993622908,-0.005070788504500712,0.0283178326147544,0.016818994561418228,-0.017428388186189636,0.003884861026185016
2022-02-08,3140.523216555693,3224.5617983763746,3033.627624767584,3122.9978020113185,22725888988.444443,371952319266.3997,-0.0081060401361204,-0.0081390727094824,0.2842484245654924,0.2501736636294224,0.0430199615308848,-3.146091049357625,0.0766241338479369,0.11159628162995293,0.023721896795770192,0.2384321596152743,-0.011700992027048543,-0.004652564793886427,0.0002793877095383923
2022-02-09,3118.414183292349,3264.4265,3061.0133,3239.4858,20890519217.77778,377153184923.3546,0.0373000576284936,0.0366212390118894,-0.0807611870145059,-0.0842093285941502,0.0388489396837244,-3.2480744951091545,-0.1019834457515296,0.18888024068300985,0.026207984809492046,-0.19283870951926696,0.047903351886075266,-0.00467477612678735,-0.004146201207206213
2022-02-10,3246.8971,3275.1346,3068.224441215285,3076.2148341122183,20885131431.11111,381069125565.9786,-0.0504002721320098,-0.0517147222621303,-0.0002579058285006,-0.0002579390919281,0.0316701543611819,-3.4523805443928834,-0.2043060492837289,0.13382366082418679,0.00518498889848118,0.008244867880463413,-0.051848191328310506,-0.006482705224918561,-0.0007598299370357164
2022-02-11,3074.640969375972,3130.099367923384,2888.4834,2933.0463,25198476152.88889,365320155841.7372,-0.0465404862250253,-0.0476583154881607,0.206527056629028,0.187746031549713,0.0486626553585893,-3.022843373477541,0.4295371709153426,-0.019789550747353554,0.023644905594434107,-0.27369231378002956,-0.14002222695513059,0.0048345964360017035,-0.03443370603411955
2022-02-12,2934.972,2980.7219424326304,2870.1907,2911.9484,20355416256.0,350353080331.5145,-0.0071931697771016,-0.0072191653582551,-0.1921965386916325,-0.2134364910039116,0.0262673107319273,-3.6394300508359887,-0.6165866773584479,-0.03645733463432082,-0.027477677807137724,0.02863208039746823,-0.10852979922467293,-0.00262364024356998,-0.004948170072077707
2022-02-13,2920.9481,2950.0177,2853.9692283100067,2890.3408,15399377852.444445,348594645958.8171,-0.0074203237941992,-0.007447991349923,-0.2434751685362712,-0.2790199221500227,0.0224712140317669,-3.79552016523832,-0.1560901144023314,-0.05569397535387267,0.009551417499643833,0.004815407600671229,-0.13622662752462514,-0.005716114146355977,-0.014377970669073203
2022-02-14,2877.0377,2958.758714162838,2848.0359491373133,2935.178633064014,15487090307.14386,346427321956.02686,0.0155129917773066,0.0153938954348581,0.0056958440490173,0.0056796840634356,0.0239313596149355,-3.732565562339212,0.0629546028991083,-0.06762110103319043,-0.015550008165746476,-0.017181345702869777,-0.1266168751131993,0.0004289497127167863,0.005405705083122214
2022-02-15,2938.56860754374,3185.112738060397,2915.7199127670942,3179.9854,19834285770.666668,367647600334.9032,0.0834043843799836,0.0801082911044195,0.2806980121706619,0.2474052513058421,0.0386866047615972,-3.252261869054568,0.4803036932846436,0.019552007566285622,-0.02072966050054248,0.09217838079853902,-0.052501358682231616,0.011831196658729226,0.012000618003654928
2022-02-16,3181.9594,3187.5958,3055.8564,3129.9013,18818804646.801395,374253837596.3009,-0.0157497892914854,-0.015875135078034,-0.0511982702884662,-0.0525554276885526,0.0280286487102877,-3.5745281236622093,-0.3222662546076411,-0.036698331318502114,-0.015120698574687452,-0.019761184248919594,-0.028149700582609936,0.0072009890412303434,-0.05433637392737811
2022-02-17,3126.4848,3155.2644,2862.955551854376,2884.361,20353951651.55556,362121637009.7012,-0.0784498539937984,-0.0816980855490542,0.0815751602488255,0.0784184602965676,0.047072007117741,-3.056076783353464,0.5184513403087454,-0.06388475155574176,-0.003913998562524057,-0.3310131266045633,-0.09485120493438609,0.006285288334130001,-0.019377694556954372
2022-02-18,2891.9721,2942.3693,2764.8907,2790.531296327876,21438118112.780487,342866915255.592,-0.03253049936264,-0.033071378464122,0.0532656498249108,0.0518954803708362,0.0379839629460723,-3.2705912360694565,-0.2145144527159925,-0.050465906705114895,-0.02815515919273892,0.3252492247301735,-0.10494186277203943,0.005444366452653782,-0.004878856064442383
2022-02-19,2788.0207213680565,2833.302294590167,2711.4276662387824,2769.437357004013,18514676433.77778,332572025025.074,-0.0075591122563725,-0.0075878271429823,-0.136366525439557,-0.1466068194432736,0.0308106794507837,-3.4798939136863822,-0.2093026776169257,-0.0532640760076589,-0.014076753289923971,0.13602390003245324,-0.08351376171350543,0.0036454352750325825,0.009725255335447436
2022-02-20,2768.92731536824,2772.2785,2591.45932662952,2637.055031045848,14951276362.666666,318859485558.19794,-0.0478011627969721,-0.048981403391307,-0.1924635347453397,-0.2137670666948211,0.0368077453434756,-3.3020469846631277,0.1778469290232549,-0.08709841245018002,-0.00345698305736164,0.21684639941114225,0.024354514520598277,-0.018067370587147025,0.014992715436747295
2022-02-21,2634.330810098991,2755.1098,2573.7750744871046,2573.7750744871046,18522682040.88889,321624812686.75665,-0.0239964489985052,-0.0242890542544596,0.2388696183250296,0.2141993657337098,0.0459213691536613,-3.0808247113512626,0.2212222733118647,-0.13254887290277423,0.023188363317235172,-0.06993460192305356,0.06493619817983383,-0.0298036914655313,-0.00845811178730771
2022-02-22,2579.544872239021,2654.1101,2512.577566615353,2644.6942,25153610176.0,309418376752.9529,0.0275545156279937,0.0271817225530591,0.3579896324124827,0.306005394654109,0.0355135328709437,-3.3378414475097165,-0.2570167361584539,-0.18494172630361932,0.03938023300473148,-0.031719035818220664,0.03944637679872097,-0.003530920918038305,0.006224497382631755
2022-02-23,2640.4628,2754.0263,2592.3175800479576,2600.9274870528466,20045765536.0,320074749865.05334,-0.0165488747043621,-0.0166873370542011,-0.2030660650403808,-0.2269834957736894,0.041748214113409,-3.176098604326909,0.1617428431828074,-0.18404119914152187,0.008867522439032882,-0.08050710606109313,0.06207303598886143,-0.007790521683546103,-0.18871757866437866
2022-02-24,2591.126219032511,2694.7542,2313.8222599903347,2598.893303367795,28182890062.22222,295324428973.9513,-0.0007820993453979,-0.0007824053446492,0.4059273521686581,0.3406971221877204,0.1077513855069138,-2.2279286915481067,0.9481699127788024,-0.10685295508625167,0.054801933979870654,0.32180151501378984,0.05505279712356826,-0.002465163131397219,0.019235264412569064
2022-02-25,2601.7917163732363,2830.4895211715907,2581.2175846233167,2770.4928436922296,30941965461.33333,319312526345.9189,0.0660279281577531,0.0639395244227469,0.0978989519179762,0.0933983096337896,0.0521983146703686,-2.952705070623012,-0.7247763790749047,-0.006306698928568038,0.0627270008195957,-0.0884988740750654,0.11641549870907035,0.014947290819655734,-0.03556832050801506
2022-02-26,2770.631716089936,2857.132943589112,2754.0076,2784.8057,23993767608.88889,335238761873.464,0.0051661769639135,0.0051528780550486,-0.2245558014447164,-0.2543192543957454,0.0258001042844454,-3.6573767450299655,-0.7046716744069541,0.005718109909906138,0.03445174483892899,0.040611555937030586,0.13874639998497215,-0.004825561691092162,-0.020372936737258485
2022-02-27,2792.1015,2846.128517380177,2594.959903480599,2635.913672830367,18528048650.666668,328540758488.97565,-0.0534658583791439,-0.0549482375402586,-0.2277974450414096,-0.2585083864827915,0.0546604569970919,-2.9066147377946634,0.7507620072353021,0.0006006790706186137,0.021866409674579756,0.0002808680047585721,0.03372228700641057,-0.009522290576192916,0.06208229944000698
2022-02-28,2635.7606113303723,2946.428757127266,2593.76538008472,2938.1166,26591377329.77778,325795621466.4714,0.114648264199463,0.1085388970276301,0.4351957851115087,0.3613012755228681,0.0597519781352612,-2.817552981852241,0.0890617559424225,0.13015578656276192,0.04763916542025726,0.009368613206958809,0.12125121752948835,0.0014673884346763089,-0.045752307390473534
2022-03-01,2931.7687,3042.9525,2885.6934,2980.1923,30933609287.11111,353270922981.212,0.0143206365601693,0.0142190648106779,0.1632947366163986,0.151256269302194,0.0361133537075894,-3.3210925732452017,-0.5035395913929608,0.12103362381192441,0.032782857101260277,0.17028085621959055,0.13434676823525574,0.01829225784442201,-0.011964438655323262
2022-03-02,2983.4188,3049.8164664259634,2929.507475357196,2954.2317826499607,28155179555.55556,357084750977.1049,-0.0087110208794377,-0.0087491836076664,-0.0898191253974756,-0.0941119359225714,0.0277952864714984,-3.5828888240459564,-0.2617962508007547,0.13114603022700663,0.0442551601895147,-0.005767218212557879,0.09402596776187232,0.015375918385178267,0.03224856099213658
2022-03-03,2963.764412442328,2980.4524804570133,2805.6532580317325,2853.323398720905,22524687192.30662,347007626162.08984,-0.0341572332007545,-0.0347542253062175,-0.1999806945694983,-0.2231194198172495,0.035627530390483,-3.334636614410939,0.2482522096350172,0.09228409034865442,-0.030670546519122155,-0.5433072640597099,0.021287326858861116,0.004722466687773874,0.027668134363867836
2022-03-04,2852.9937440110266,2852.9937440110266,2595.7104580604805,2626.6276893621657,21749493537.23509,325057167479.741,-0.0794497074745761,-0.0827836437065272,-0.0344152905855359,-0.0350214446447586,0.0427316991209125,-3.152814265995256,0.1818223484156833,-0.053374574532247906,-0.05192529891795772,0.06156244972855873,-0.020833596806498763,0.0070007929132742674,6.132582540252507e-05
2022-03-05,2629.957404703656,2691.8042,2608.021143836549,2677.936768255024,18990932485.50537,317557129524.3636,0.0195342031535949,0.0193458594187071,-0.1268333465791774,-0.1356288439718645,0.0193300178509559,-3.946096062277797,-0.7932817962825407,-0.0417479026725676,-0.029434939359571644,0.01746750702996458,-0.0048295949844841925,-0.0017883642831897362,0.0013161000297141623
2022-03-06,2676.7601,2689.4531,2561.7422,2565.7078969624945,12411206368.0,316738940264.68414,-0.0419087084590348,-0.0428122116673529,-0.3464667215539456,-0.425361823808056,0.0221326484324549,-3.8107014559634407,0.1353946063143558,-0.026937373623654705,-0.03720798849137452,0.09094319219975056,-0.15359670273521683,-0.014606442355159288,-0.08175911397060398
2022-03-07,2569.549526065506,2644.386941579716,2458.177720143773,2503.1642903063544,17797825340.444443,305445070285.48724,-0.0243767448080058,-0.024678776114302,0.4340125216459896,0.3604764741100092,0.0490022667150709,-3.015888722450204,0.7948127335132371,-0.1580502451282916,-0.056038923149188236,-0.04633388034649588,-0.18772409737823084,-0.01025865649729596,-0.04594741129559177
2022-03-08,2503.103463893755,2625.763,2498.43480259244,2585.4529028023458,23721453504.0,307508367580.9816,0.032873836054093,0.0323450491394773,0.3328287613933642,0.2873035718744973,0.0288209403380796,-3.5466530609735885,-0.5307643385233849,-0.14316919446020973,-0.04842721188103383,0.05989962281175254,-0.16716769760838238,0.015226064841979081,0.029266671260717025
2022-03-09,2588.655843041321,2773.981643278484,2578.2623408511504,2737.208498830336,24474104832.0,325793355635.65,0.0586959429288012,0.0570379082344186,0.031728718810299,0.0312357631332969,0.0383927920489003,-3.259885544067517,0.2867675169060715,-0.07952161626602144,-0.025651664671638486,0.02475124026303721,-0.1374508104881395,0.01052232977414036,0.03408433572476044
2022-03-10,2732.0539269031124,2736.050623306801,2577.5440707211383,2612.8125526090803,21561721763.55556,314434458890.5004,-0.0454462808640308,-0.0465113575299304,-0.1189985533050624,-0.1266960109418148,0.0318032600791475,-3.4481864762384524,-0.1883009321709354,-0.08794163195601515,-0.0068204639028977,-0.34361778684347666,-0.1768973505230135,-0.0017993607124040523,-0.047301779789772125
2022-03-11,2617.918275682457,2674.405479358024,2535.223,2564.6659021802643,19237647114.666668,310495894802.0437,-0.0184271353031958,-0.0185990299194474,-0.1077870623865081,-0.1140504555934087,0.0355676575004873,-3.336318551235152,0.1118679250033003,-0.025139432550517947,-0.01801290545482459,-0.06905007030850685,-0.23587158424921453,-0.002560287529032479,-0.10832472769992862
2022-03-12,2566.1916115259555,2615.029,2566.1916115259555,2584.0402542049965,15228387212.444445,310925663983.56415,0.0075543375876996,0.0075259464738923,-0.2084069781675944,-0.2337078805624073,0.0126152826995736,-4.372846287344437,-1.036527736109285,-0.035252981229865206,-0.027603875661082355,-0.016995712690453413,-0.17383397246350737,-0.008812198066458166,0.009834671425246855
2022-03-13,2577.7505421986825,2615.2419,2512.5811,2521.0874258812787,10640645864.88889,309775291584.8514,-0.0243621701408385,-0.0246638373987407,-0.3012624569860235,-0.3584800822009332,0.0247184448537347,-3.700205558819215,0.6726407285252223,-0.01904027520394231,-0.013258145559760237,0.024313903637146694,-0.15200758654749938,-0.023042163007264804,0.03350173581152194
2022-03-14,2522.281257329478,2613.1585,2508.3859,2598.469708299939,16265850392.88889,308040390183.75165,0.0306940099039247,0.0302323713661484,0.5286525460415499,0.4243866585083347,0.0222515087780277,-3.805345462420462,-0.105139903601247,0.03739135046944407,-0.011615170402819786,-0.1866057400718808,-0.1169855573409124,-0.006569657839875731,0.04117998283000768
2022-03-15,2596.2596560309903,2667.3340340838254,2518.6481803866664,2623.92001220108,17829431089.77778,309124385792.8884,0.0097943431165845,0.0097466894430145,0.0961265878587236,0.0917826817273254,0.0400192195681101,-3.2183954510634214,0.5869500113570405,0.013530625987908268,-0.045973517446970646,0.006185379625073484,-0.09209180094911186,0.003908945391941643,0.02137583569767343
2022-03-16,2620.790469332773,2791.8345407550487,2613.6882827425416,2779.2660158476924,22942450328.88889,322557695089.23584,0.0592037878152771,0.0575174823038018,0.2867741103664591,0.2521383967884024,0.029021897140602,-3.5397046601066133,-0.3213092090431919,0.01713318926864542,-0.012305372372491519,0.058831015120208274,-0.05573572484344462,0.011898102164977331,0.021153794215483135
2022-03-17,2778.745613127549,2833.9325304695603,2754.1739,2822.0378138158926,24026359953.77778,334880886498.8464,0.0153896020475587,0.0152723832261732,0.0472447192584326,0.0461626383481044,0.0177528472866935,-4.031209365407156,-0.4915047053005423,0.07507980230851333,0.019727458312843282,-0.032150869005235005,-0.12003791757117534,0.006628523396940977,-0.04557465628322355
2022-03-18,2822.085396382116,2978.675,2779.52253715024,2946.027729896141,21138622396.444443,342203959367.4118,0.0439363056983961,0.0429984777318326,-0.1201903893427386,-0.1280497464430918,0.0409955031318102,-3.1942928980050334,0.8369164674021223,0.13803479408148872,0.01495430987807822,0.17022314010872464,-0.059451575623044206,0.003649307441722982,0.01066914460324897
2022-03-19,2941.942865833156,2979.0170211575946,2915.2536347601995,2946.087099688774,22101064704.0,354142742535.74347,2.015248941145132e-05,2.015228635276466e-05,0.0455300392573094,0.044523971427225,0.0152743223235747,-4.181582139977392,-0.9872892419723588,0.1335607472564501,0.052272392828353276,0.03198633924420857,0.018539226063228147,0.002739620208949134,-0.10341678327206694
2022-03-20,2950.245384738668,2962.4472,2832.041615547708,2867.0284283064016,17790052778.666668,348174816032.926,-0.0268351439408305,-0.0272017804601514,-0.1950590156207766,-0.2169863155811379,0.026401851684904,-3.634321131709835,0.5472610082675571,0.12811234968327215,0.05162460058875595,0.033723785095225,0.02794417733801332,-0.0057290240205496445,-0.0022267310338275337
2022-03-21,2865.824096140164,2959.0131,2839.677059855326,2899.6020264536264,19877094901.33333,347893273420.85547,0.011361449306056,0.0112973927676956,0.1173151169719621,0.1109285903927764,0.0281826057199735,-3.56905030978948,0.0652708219203548,0.11050167989424536,0.02509692674663455,0.052217976206483385,0.046113500889134365,0.002143421939784673,-0.006916556358600667
2022-03-22,2897.019513179667,3045.8872357068008,2892.210348274922,2975.1235601579674,26056952661.33333,359758073182.10834,0.0260454824542621,0.0257120756434863,0.3109034690771368,0.2707165705505201,0.0326609543275401,-3.4215749717950645,0.1474753379944156,0.12680959284018614,0.05493027713776044,-0.2668215353193846,0.1216563832335917,0.01730271092934288,-0.07031978628098123
2022-03-23,2971.953643086127,3035.693871623356,2934.3023872856606,3032.3746263839603,22252975792.61324,357034796913.02893,0.0192432566474494,0.0190604467006864,-0.1459870199773943,-0.15780888621937,0.0205063819094323,-3.887019128630268,-0.4654441568352032,0.0873464100885297,-0.004489128841953516,-0.4762922957959703,0.1617330403987913,0.005745293028393661,-0.07269977925278126
2022-03-24,3034.6505916303586,3124.490855545514,3016.505599700345,3112.869496245636,26185802972.444443,368345793210.176,0.0265451600739925,0.0261989507361112,0.1767326409053429,0.1627416494633834,0.0191928743547652,-3.95321619618918,-0.0661970675589125,0.09806885448202138,0.013993250705606641,0.19443372636684897,0.16459076357338728,0.0015839410124875997,0.10590066633461137
2022-03-25,3115.5631953097045,3191.0562,3092.8711,3110.018620241833,27651764586.666668,376208787331.7227,-0.0009158353754442,-0.0009162550088913,0.0559830689845513,0.0544721519969684,0.0220708527939519,-3.813497419045334,0.1397187771438464,0.05555851157764828,0.041056929928341646,0.31977720801257714,0.1825360985872446,0.011594987681419866,0.05653894413088478
2022-03-26,3107.888313582765,3152.8764,3093.9376905578474,3148.620544067638,20321615182.22222,375363250019.5984,0.0124121198421645,0.0123357210140189,-0.2650879433560256,-0.3080044377525559,0.010609190410491,-4.546034633651078,-0.7325372146057441,0.06507608624355829,-0.011050810499551034,-0.038866890286872735,0.1907641050291289,-0.011986485172073458,-0.33164467216524307
2022-03-27,3149.463637258438,3292.163107012206,3134.1842540530847,3290.4748621094186,14160547217.77778,381267234450.4495,0.04505284649465,0.0440674549463916,-0.303178064794489,-0.3612253740232657,0.0216347180449471,-3.833455937747635,0.712578695903443,0.1381759379123414,-0.022925909565678637,-0.2169771737634556,0.1719565388011454,-0.026078556203653847,0.22345367783911274
2022-03-28,3294.19574337686,3429.9826010758247,3282.243034557996,3330.9823261030347,27477202773.33333,402544105598.9822,0.0123105222471286,0.0122353639646048,0.9404054342502546,0.6628969379674882,0.0303578487327512,-3.4947001875703285,0.3387557501773064,0.13958479889917152,0.047418647012044346,0.33979030552259504,0.1764727152067234,0.005469524518534996,0.16496551516541547
2022-03-29,3336.2728014352697,3476.4987004673885,3336.2728014352697,3408.382377751033,30811204579.55556,410022852889.9647,0.0232364041806698,0.0229705494031736,0.1213370164978324,0.1145217380666557,0.025901874181373,-3.65343995067949,-0.1587397631091613,0.13701827386845095,0.028558752868327986,0.007632159732293697,0.25706600532616314,0.019051149446852378,-0.11484980702839209
2022-03-30,3404.908873164394,3445.591615480311,3343.048119698184,3389.6566884307795,28170767239.11111,407871610868.9689,-0.0054940107197154,-0.0055091583027409,-0.0856973096792355,-0.0895935913237255,0.021180535618045,-3.854672650269095,-0.201232699589605,0.11063235284696434,0.03444521149438273,-0.14367379063057006,0.14512275163308708,0.0024235047615164262,0.2039064373965318
2022-03-31,3387.408868772327,3442.9001741208813,3273.10263985572,3287.1915170538045,24315855326.10453,404829678034.038,-0.0302287755945014,-0.0306950864303118,-0.1368408563489382,-0.147156197424519,0.0305050311737859,-3.4898636524550284,0.3648089978140665,0.053623621024999964,-0.010756577284595892,0.03448230245118378,0.09696366673137985,-0.010194143282813428,0.04158312877674164
2022-04-01,3285.4926094166644,3473.5423536906496,3228.196330997304,3452.5600350424143,34345837122.00697,402195742810.5892,0.0503069313517892,0.0490824370266915,0.4124873117309038,0.3453522011527351,0.041624003241386,-3.1790782771211306,0.3107853753338978,0.10517249829203323,0.0379838281245064,-0.4097657079101036,0.1526557737178409,0.009539361710075411,-0.049996388831559324
2022-04-02,3456.4658,3526.407951774491,3442.778439716974,3442.778439716974,37472480597.333336,418513591389.8282,-0.0028331427190723,-0.0028371636643092,0.0910341321488124,0.0871259915575406,0.0167911014262254,-4.086906209911738,-0.9078279327906073,0.0890466668936744,0.09120465962956814,0.2163444053200836,0.18790995189346854,0.022665163098071872,0.003941586760015436
2022-04-03,3444.1989825684564,3573.3175,3423.2922143713017,3520.924140853028,28103429518.22222,419754998643.838,0.0226984403743617,0.0224446638207096,-0.2500248430251465,-0.2877151970339225,0.0270617154362803,-3.609635264446864,0.4772709454648733,0.0665614409587316,0.06846634173964361,-0.06026991503448276,0.2917558450391227,0.00948094934469168,-0.16390645572758977
2022-04-04,3523.0969571818923,3540.471,3425.088093068438,3521.9834628711947,28208979399.11111,419276219688.79095,0.0003008647661206,0.0003008195153929,0.0037557651396407,0.0037487298634764,0.0234274461883276,-3.753847029913652,-0.1442117654667876,0.054170058519185736,0.0034671094350144926,0.07750155039758022,0.27441716940127614,0.013596744266290983,0.048680632516967304
2022-04-05,3522.4544305954573,3551.9484574547296,3416.2949491942563,3416.2949491942563,27999827143.11111,420122679199.80585,-0.0300082367765517,-0.03046769904298,-0.0074143857897457,-0.0074420089720503,0.0199099493039289,-3.9165357071710063,-0.1626886772573543,0.0033384390501637906,-0.013386254000423037,0.12365288479403258,0.2848260137829598,0.02258093612344325,-0.028291303091254827
2022-04-06,3411.694262327064,3411.694262327064,3174.9556282102258,3174.9556282102258,37579667120.61324,396515992437.0751,-0.0706435845186468,-0.073262958759744,0.3421392542367567,0.2942647993634358,0.0242500519410231,-3.7193365197030777,0.1971991874679286,-0.06477162675637664,0.044113791117322165,0.02006638942796668,0.2377623093304538,0.027939948686306337,0.044036267721010436
2022-04-07,3173.6817292432406,3268.7389,3154.07897296121,3238.5894933808177,36511988864.0,387187877972.6638,0.0200424423589389,0.0198442365863236,-0.0284110621093713,-0.0288224673752656,0.0218903086076473,-3.821711269435853,-0.1023747497327751,-0.014378704432116094,0.05443030057737985,0.18113563712755765,0.22399913199222682,0.017658528185435785,0.012183778386149147
2022-04-08,3233.109854501414,3310.7578960982164,3181.8331,3197.0275,28615327308.7108,392040259471.389,-0.0128333626307884,-0.0129164216115543,-0.2162758535204071,-0.2436981745269758,0.0272060574744749,-3.604315629206972,0.2173956402288812,-0.0780251500974713,-0.025206236696707407,-0.1746116901331325,0.15716779135760775,0.005651162198368809,0.10255516398994424
2022-04-09,3197.9921,3266.452679316528,3190.7633,3266.452679316528,25321252828.444443,387784853193.1888,0.0217155402374635,0.021483116676198,-0.1151157365676404,-0.1222984183087503,0.0100751226039446,-4.59768600209741,-0.9933703728904382,-0.05298677295319491,-0.05564774794305549,0.10477683438596452,0.2213251378475004,0.005102791261432316,-0.09726220655362905
2022-04-10,3268.0509347891857,3268.0509347891857,3268.0509347891857,3268.0509347891857,17648769024.0,393188103599.1314,0.0004892939312355,0.0004891742659926,-0.3030056947192444,-0.3609780385838921,0.0,,,-0.07514665738167857,-0.050488738399209865,-0.15916615035496173,0.2417708261546361,-0.002153399643987086,-0.043720683632729296
2022-04-11,3206.7931,3216.9408,2966.0036,2986.513993866609,29636449064.99644,372748989306.2842,-0.0861482720252455,-0.0900869439099665,0.6792360433010809,0.5183389538610296,0.0366281479830903,-3.3069382635818143,,-0.16505120915429417,0.007045798451919438,0.08052439232196651,0.14718968313327804,0.019359611815271904,0.15191639000431634
2022-04-12,2986.587013199494,3086.3396,2962.991066763156,3042.067411940469,37747924257.48523,363906850245.8784,0.0186014256715185,0.0184305351056348,0.273699294227163,0.2419254965011228,0.0264745266351834,-3.6315722673454105,-0.3246340037635962,-0.11467166503531268,0.04683223867762365,-0.08186132742219776,0.18737360112588644,0.03543741473500717,-0.05032581162082517
2022-04-13,3036.1039495393347,3134.407,3013.2999,3124.1736,30500782667.18881,369784378132.8362,0.0269902592352999,0.0266324462230576,-0.1919878174191087,-0.2131781431231072,0.0214590221605334,-3.841610108496508,-0.2100378411510974,-0.015722542520078892,-0.03378910135357316,0.11031345179683383,0.18509798479222178,0.018118357161061027,-0.011435633374678567
2022-04-14,3122.8519,3148.2826,2989.8922,3025.7075331291,26582297731.28205,370003513059.2248,-0.0315174761322163,-0.0320248408329621,-0.1284716191929744,-0.137506849082396,0.0307655742100923,-3.4813589345695064,0.3602511739270015,-0.06629951790515026,-0.04940715926005623,-0.15348674943702179,0.14366898126171404,0.010979912335464803,-0.07902825806803859
2022-04-15,3025.3836296254563,3048.986213897852,3004.1751,3047.2329,23006111150.22222,365121923073.2512,0.0071141597907975,0.0070889735381672,-0.1345326358620749,-0.1444856126008808,0.0094661107547073,-4.660037147301648,-1.1786782127321418,-0.048289211193745754,-0.029028007381523224,-0.06700307808948214,0.09223432534753864,7.941846281767084e-05,-0.14520554600095292
2022-04-16,3047.5085,3077.3551,3019.6113,3064.2317,15160119968.0,366423416035.62585,0.0055784380642516,0.0055629362026956,-0.3410394364780088,-0.417091589180772,0.0129552323017766,-4.346255533691033,0.3137816136106153,-0.06439689367337327,-0.05483120889668314,-0.09907616374588235,0.08232075520761468,-0.011122037566870802,-0.028136376107340988
2022-04-17,3062.7604,3085.402678826283,2993.2429,2998.1528,14763718400.0,367482634341.2873,-0.0215645899100906,-0.0218005034305698,-0.0261476537676961,-0.0264955820753635,0.0168583974120823,-4.082906383590372,0.2633491501006606,-0.06727503781350205,-0.016132377246520946,-0.33638941628689745,0.018926163881562985,-0.008073985150488738,-0.03669843526597738
2022-04-18,2997.2418,3068.774,2900.5910379897387,3064.8061,25849521738.666668,357141913332.3027,0.0222314553147524,0.021987939051111,0.750881521735518,0.5601193878137251,0.0373693533626185,-3.2869043392839457,0.7960020443064266,0.025853036468851114,-0.021578286357563314,0.32044597991786716,0.03809595658456492,0.004755412817200266,-0.007914213801545333
2022-04-19,3060.3374,3129.8074,3041.1774,3111.4076,28521931636.85017,370568930350.8444,0.0152053664993685,0.0150909235539594,0.1033833401329824,0.0983812230771561,0.0175158406847138,-4.044649625499179,-0.7577452862152336,0.024500130372284417,-0.05460605122532769,0.004227753118930089,0.0822192768609158,0.013491069845724013,-0.05323510018165556
2022-04-20,3106.9042,3164.5756,3048.1446857465207,3083.575789543945,24373213590.745644,373124632482.0703,-0.0089450866084067,-0.008985334086845,-0.1454571204688116,-0.1571885968415192,0.0260892896637115,-3.646230406585456,0.3984192189137232,-0.01265676061477915,-0.037988342503670225,0.08864929559695467,0.062407439796296045,0.005598425348090075,-0.06588759301868108
2022-04-21,3083.1409300070663,3179.7554,2963.8028133184457,2994.3645,28040145400.88889,372341793247.7416,-0.0289311162211255,-0.0293578721371092,0.1504492543213733,0.1401525220206263,0.0462977500311629,-3.0726619145099905,0.5735684920754656,-0.010305881078485986,0.009169734251866402,0.056822263993820954,0.007512493225292497,0.002459482593312856,0.020548730582543362
2022-04-22,2990.015,3027.8229,2946.740743539438,2972.3624,33543664532.587414,360406287654.81934,-0.0073478362437171,-0.0073749645637763,0.1962728457008664,0.1792107613672366,0.0188376544818588,-3.971897514300903,-0.899235599790912,-0.02496731403035439,0.06389205811178655,-0.02448134877844499,-0.02073923405722966,0.013888202139728634,-0.0033323695926981145
2022-04-23,2968.0086,2980.1595637961927,2928.9519,2942.9099,20367053272.88889,357154270396.1992,-0.0099087850122178,-0.0099582037464992,-0.3928196708173476,-0.4989294493697251,0.0110608711331568,-4.504341521689793,-0.5324440073888903,-0.03991774706355181,0.030125269917235187,-0.04942854451004397,-0.05701108319538154,-0.007133308930924898,-0.025892357597137483
2022-04-24,2941.0767,2967.547066813842,2925.3916,2928.560607417434,12625181187.555555,355363606583.7562,-0.004875885796764,-0.0048878117099688,-0.3801174368036214,-0.4782252330835242,0.0097634234159013,-4.629112180233026,-0.1247706585432331,-0.02318142370666641,-0.012263112897464623,0.053583092318904235,-0.05943245466500867,-0.018660239817233304,-0.002663952042114781
2022-04-25,2928.6654177855307,3023.6947,2810.2063,3012.940143975673,27844104916.292683,349190501837.7617,0.0288126311419074,0.0284053519743597,1.2054420053581634,0.7909279447549462,0.0486805816753846,-3.022475061973956,1.6066371182590702,-0.015608777295463318,0.011442334732532089,0.31503251920750497,-0.04431577042469854,0.009385066708397005,0.16037105684527653
2022-04-26,3009.614200385713,3028.896126036575,2785.867642994387,2807.1230422220547,31751980586.666668,354923101338.50616,-0.0683110489815559,-0.0707562635437583,0.1403484034456188,0.1313338327725844,0.0402948393399459,-3.211531874310124,-0.1890568123361684,-0.10146666584936938,0.01825655818894134,-0.22907420392790856,-0.1600019237241092,0.021609255292929674,-0.14333492441350182
2022-04-27,2814.8725,2914.1693,2811.2782,2893.559731371515,33208244913.77778,345795593750.7309,0.0307919132326452,0.0303273546281686,0.0458637319689791,0.0448430817918941,0.0187724799651859,-3.975363313233531,-0.7638314389234067,-0.06346137471760721,0.048298046689858154,0.20536243808642274,-0.14236677105087964,0.006940332678563976,0.046584069679426854
2022-04-28,2892.4452,2977.649124634782,2865.9869,2938.5451,28783281875.244755,351894358306.6626,0.0155467219635248,0.0154271098066395,-0.1332489280906607,-0.1430034577182139,0.0251763815467968,-3.68184896415546,0.2935143490780709,-0.017363809192980476,0.003958081245297507,-0.37712489324494713,-0.14730358167028187,-0.0024503259226626994,-0.012073428804766362
2022-04-29,2940.3813,2948.3567161169167,2785.5244,2817.7266741826747,30590870236.444443,346669495958.3387,-0.0411150490143319,-0.0419841789850034,0.0627999395285885,0.0609068780053155,0.0302070941896237,-3.4996784752464443,0.1821704889090156,-0.051960806940624715,-0.015820527937048467,-0.15801283290707913,-0.18413486770208198,0.0029235027824192628,-0.11614008774250739
2022-04-30,2820.8338044785,2841.5676,2732.4181,2737.4254862715898,24933748195.55556,339655822766.82306,-0.0284985725006055,-0.0289125407890934,-0.1849284442437753,-0.2044793711214394,0.0204718622623431,-3.888703908246976,-0.3890254330005311,-0.071757863651224,0.02436287958832395,0.14835199595994997,-0.18249872275323825,0.0007450516374873928,0.12764758539553434
2022-05-01,2734.9087394793387,2841.386800157657,2734.9087394793387,2831.7863,23559751092.759857,335408645528.37665,0.0344706419230906,0.0338898387994068,-0.055105918774002,-0.0566824411289356,0.0161654013645068,-4.124882038882742,-0.2361781306357664,-0.03363911650728893,0.056030570060809026,0.19193276612513888,-0.1993389080076323,-0.013086208312003578,-0.056806992610319185
2022-05-02,2829.069,2874.807468613305,2793.8178,2860.254390362953,25575277753.822395,342229475898.9089,0.0100530503883549,0.0100028546107564,0.0855495736405267,0.0820863782390867,0.0190232994927078,-3.96209076200415,0.1627912768785919,-0.05090132936113459,-0.01137054854925168,-0.0615318680731165,-0.18578079292879773,-0.01463570935128189,0.046609689455748615
2022-05-03,2859.943528132765,2862.98521571111,2765.578409720927,2786.853135797596,24878253084.444443,340949914175.0483,-0.0256624917044677,-0.0259975176057943,-0.0272538455334576,-0.0276321203850751,0.0184443634714923,-3.992996458071264,-0.0309056960671143,-0.010003916543356488,-0.03525963179398417,-0.08184449973644048,-0.23442736922906846,-0.0040047341817910365,-0.27122180376265614
2022-05-04,2784.9167959179504,2962.5856,2781.0248065363976,2944.0970213911023,22697061057.82857,344551274393.37366,0.0564234561102923,0.0548891050094586,-0.0876746457724436,-0.0917586044707322,0.0283960908851075,-3.5615037881794827,0.4314926698917816,0.017699921601777264,-0.05644364552768977,-0.011396476731769578,-0.1793558720822588,-0.006881551302530653,0.2558724316282839
2022-05-05,2943.6787,2953.0716,2704.426050858595,2752.9804,28859075223.63763,345567655687.2639,-0.0649151913141771,-0.0671180493300364,0.2714895179648682,0.2401890620118987,0.046209420373388,-3.074571597494188,0.4869321906852946,-0.0658551601894845,0.00041861794641206984,-0.18231107297413507,-0.21452491239894889,0.0010758795910987828,-0.434924964825099
2022-05-06,2751.9133,2757.2097009572453,2648.615425355524,2699.8252,35827804572.44444,327568655126.9105,-0.0193082377193821,-0.0194970764553624,0.2414744510974118,0.2162997466946561,0.0258116396564983,-3.656929739315213,-0.5823581418210244,-0.04384548641989663,0.02850807048125148,0.4009820832912987,-0.16170531256213513,-0.0021947649880758036,0.23707073845437066
2022-05-07,2697.7517,2701.7974,2602.2619,2644.9258,23775022823.11111,323439675260.68445,-0.020334427577015,-0.0205440181870553,-0.3364086048019604,-0.4100886876003707,0.0235247244001793,-3.749703308768294,-0.0927735694530813,-0.03345505568128065,-0.006238057051422885,0.18294101623608583,-0.20080146530129986,-0.016103594230269636,-0.048928240632758246
2022-05-08,2639.7191,2642.367858073762,2502.067,2513.908346448814,27735353642.666668,308667938429.77795,-0.0495353985171099,-0.0508043597430609,0.1665752688870529,0.1540723358044909,0.0238135889812056,-3.73749889564667,0.0122044131216236,-0.11810903002224118,0.022299340666613432,0.053807879562434824,-0.2406844918711234,-0.00112220373047478,-0.004802040957105458
2022-05-09,2523.5374961147945,2530.1183,2243.03163684753,2258.0034668690773,38118695661.97183,289669504878.6552,-0.1017956282858251,-0.1073576511457606,0.3743720795155809,0.317996957370074,0.049775288970919,-3.0002366235054034,0.7372622721412667,-0.2363208781308004,0.06414347575069002,0.3284741394314641,-0.36971276169920714,0.016197461458787643,0.15244354161506113
2022-05-10,2239.565182254911,2454.3536,2210.412168899242,2345.8123,66000267207.11112,284989942500.70984,0.0388878203330118,0.0381507374073881,0.7314408602116638,0.5489539290426521,0.068187458933467,-2.6854946176479904,0.3147420058574131,-0.1715862586351978,0.185386827158446,0.304747887905813,-0.31263966500137785,0.05893335209955097,0.29706239465532436
2022-05-11,2344.8802,2447.4303735806616,2031.489243153676,2077.2963,58673029305.533104,275651132950.0544,-0.1144661062609314,-0.1215645461066003,-0.1110183066166216,-0.1176786360499113,0.108059219155122,-2.22507587662303,0.4604187410249603,-0.34859286528378697,0.13805715217901593,-0.1569672996324758,-0.36306407587673617,0.0337912278767476,0.2075523066510525
2022-05-12,2076.2308,2180.2381,1763.3276,1967.9552,76188638848.0,235933942921.74045,-0.0526362560795972,-0.0540721582553708,0.2985291495902888,0.2612322005327639,0.1463316959293275,-1.9218793441866933,0.3031965324363366,-0.33530138107104884,0.15670160958207546,0.44866230533697093,-0.433580063782633,0.04304787221977335,0.3580617986019996
2022-05-13,1958.5821,2141.5723,1944.4588,2009.0528,51155420174.22222,250620530629.45865,0.0208834022237904,0.0206683330763333,-0.328568918572233,-0.3983439020496136,0.0664193491340451,-2.7117668623280853,-0.7898875181413918,-0.29475535519662216,0.045901510449528615,0.008767757652112351,-0.4410832876065185,0.022386866316495002,-0.012685756128573367
2022-05-14,2012.0259,2066.8634671037853,1956.7860132899104,2062.2008,27245265528.88889,244100160847.5758,0.0264542574490824,0.0261103948172019,-0.4674021748604837,-0.6299886890888321,0.0355422839982853,-3.3370321927526123,-0.625265330424527,-0.24689874794518463,0.010106169803485443,0.00665215616894832,-0.38326414111591395,0.0007103325714261643,0.08555488186421956
2022-05-15,2058.8749,2154.3462,2009.851569948916,2152.196458188688,18953485528.88889,249741880517.84293,0.0436405893105502,0.042715167075798,-0.3043383809641349,-0.362891916417484,0.0406314292177054,-3.203213393187065,0.1338187995655477,-0.1591727563485931,-0.025775435711242523,-0.025124651272621756,-0.3478354424282081,-0.00435006559477813,0.041005134230244655
2022-05-16,2147.94516545756,2147.94516545756,1995.641201167386,2032.479307944053,24109528206.22222,247091332938.3253,-0.055625567911858,-0.0572325473179696,0.2720366483238396,0.2406192760782305,0.0390526902243734,-3.242843513280039,-0.0396301200929745,-0.09702535016473479,-0.04254477640047227,-0.041032161359125796,-0.4100602190328757,0.009581122899309236,-0.07736773162429755
2022-05-17,2031.3783896959603,2119.266622070993,2024.6973088365644,2107.521592901767,25815361144.88889,250404341000.00027,0.0369215492942078,0.0362562747889501,0.0707534765539885,0.068362584348127,0.022778830648032,-3.781923654676085,-0.5390801413960462,-0.1067216565895691,-0.13315633819899375,-0.01687129460794834,-0.3521798091770714,0.011706459596872776,0.07272397902569705
2022-05-18,2107.876241595576,2120.682434822821,1931.41,1932.2717,27132605629.101044,244861557048.4665,-0.0831544945930883,-0.0868162992109969,0.0510256074598032,0.04976645645033,0.0380413507338296,-3.26908153368536,0.5128421209907255,-0.0718577770886818,-0.1185467247527221,-0.43849557415804563,-0.45982881395122494,0.0013502711828614622,-0.1561220259961702
2022-05-19,1929.1163,2046.025573151766,1922.7377,2041.1424026294344,32641303838.433567,240141298213.3799,0.0563433717056636,0.0548132950302288,0.2030287206704606,0.1848423109140916,0.0264649346069469,-3.6319346446011065,-0.3628531109157467,0.041288859321109345,-0.19088460528594453,-0.6311063878499437,-0.4201171439311441,0.00432279643552036,0.06836070715884368
2022-05-20,2039.065838192254,2074.8232,1946.9523,1985.743911720596,30493566165.33333,243866167039.7866,-0.027140924042082,-0.0275160418612958,-0.0657981581780866,-0.0680627593661763,0.041855991167814,-3.173520334161044,0.4584143104400628,-0.013148514376498693,-0.10512741409907278,0.0484998107093384,-0.43995524928884616,0.006388279527865137,-0.03221305896219895
2022-05-21,1981.41179101304,2015.449915871284,1957.7459,2000.3315218439311,22812438293.33333,240319858641.23688,0.0073461688776854,0.007319317203527,-0.2518933938508086,-0.2902097895730687,0.0196729743352188,-3.928509446257614,-0.7549891120965704,-0.028846740805399933,-0.024069761968505077,-0.02029816989879274,-0.40196547636733215,-0.005454011428817296,-0.08283578429188587
2022-05-22,1995.853838698604,2066.098942640342,1980.1965,2065.5447729237494,15038124330.666666,244253923700.471,0.0326012215313709,0.0320810764293698,-0.3407927667661293,-0.416717327701519,0.0211336704340223,-3.8568877551975818,0.0716216910600322,-0.0391176439608181,-0.021752790873868832,-0.051687562109044016,-0.3624972187006031,-0.019549226131164943,0.06502359054447848
2022-05-23,2061.146943649311,2102.568936922626,1975.496404921663,1992.8111330214808,22851228878.940765,248708432463.3248,-0.0352128120657075,-0.0358477326016469,0.5195531288660207,0.4184162974663361,0.0387816169865659,-3.249808933632417,0.6070788215651648,-0.019168300760541518,-0.0070924852431382135,-0.08687701916671431,-0.38922946722375584,0.0026465935191950507,-0.04235385761273425
2022-05-24,1991.82439246023,2012.0014,1939.3116,1988.8964,26343086855.11111,240128775034.24817,-0.0019644275147867,-0.0019663595331384,0.1528083235553414,0.1422009859714719,0.0260032561956159,-3.649533510509395,-0.3997245768769781,-0.05810100799550343,0.0029806868025339384,-0.1434649611809613,-0.3869669184123661,0.014489984825161173,0.003847855865113159
2022-05-25,1992.1097,2035.3178,1957.7253,1958.134721245504,24420884913.77778,240236547736.3705,-0.0154667074436336,-0.0155875647592731,-0.0729679840447545,-0.0757671768441266,0.0253196167534932,-3.676175817938675,-0.02664230742928,0.014930324868336122,-0.015411618705591934,0.055967621367837506,-0.4298195506362412,-0.003596275514645697,-0.08290340170445365
2022-05-26,1955.9631,1984.1081199274663,1772.0384046087515,1820.733965530661,31938422684.444443,228503387626.2696,-0.0701692045108351,-0.0727526497222172,0.3078323245537027,0.2683710525804494,0.0663789442602222,-2.712375377302742,0.9638004406359332,-0.1132520829646602,-0.004033775400458239,0.4526705401422655,-0.43567726993488604,0.0001962007557736456,-0.07968214315886701
2022-05-27,1809.4888,1828.199913196845,1729.0918,1733.7826073590802,46593465770.66666,214592983638.97803,-0.047756212504246,-0.0489341976712171,0.4588530633154883,0.3776505539244421,0.0291138270219301,-3.5365420622624777,-0.8241666849597356,-0.13350411650154195,0.08854421774575272,0.117691942721045,-0.5117967344704281,0.013986177425366009,-0.15880300025581762
2022-05-28,1733.1684346030925,1822.1433,1733.1684346030925,1818.077891551636,32093727921.77778,215764688673.75964,0.048619292773363,0.0474743395883812,-0.3111968085880686,-0.3727996925867664,0.0192207040059732,-3.951767247288061,-0.4152251850255828,-0.09329210862778373,0.04769384584007241,0.12650019196508655,-0.48075942734327215,0.0034291118489484518,0.08981603473694144
2022-05-29,1814.6285302322929,1841.4654488943625,1775.7517,1827.2122,18532626119.11111,218961820855.4705,0.0050241568256288,0.0050115778645803,-0.4225467928100848,-0.5491278663799828,0.0253332213223435,-3.675638648860128,0.2761285984279324,-0.12047117928514567,0.017383753582603134,-0.0768100186881906,-0.4342410992537413,-0.012547482582064617,0.12935345083705174
2022-05-30,1821.1235,2023.6897,1815.69311472278,2011.8934,26197168607.776222,232335012001.8069,0.1010726614018886,0.0962848513866097,0.4135702322706076,0.3461185837021677,0.0452483713970002,-3.095588600710415,0.5800500481497131,0.010025269845599252,0.016366217260976867,-0.009764700457272735,-0.3070217989414604,0.0013220893272887224,0.20440781545736342
2022-05-31,2008.0673,2016.586585808638,1943.8538226306448,1964.277388560135,34403463729.77778,239875018668.03653,-0.0236672636034617,-0.023951832229455,0.3132512236290163,0.2725059126078419,0.0220657361519496,-3.813729273937045,-0.7181406732266304,-0.014069791430138433,0.03836013180372433,-0.0014220977107339827,-0.36482324576881503,0.011275946646549073,-0.07435660178381642
2022-06-01,1956.3429820975985,1981.3891593283367,1788.3898469544988,1837.2244810249729,32242294151.63509,231576440051.20807,-0.0646817543566466,-0.0668684379340305,-0.0628183718685306,-0.0648781754733409,0.0610478038971048,-2.796098051273833,1.0176312226632125,-0.06262670784095396,0.03586698631787044,-0.09818200593886983,-0.44254588066564415,0.006870171882102483,-0.14993946335385866
2022-06-02,1830.217021807096,1866.8872258219724,1802.6911762304865,1850.3163760314312,37556545564.44444,222181028598.4189,0.0071259092950657,0.0071006399769881,0.1648223723726511,0.1525686053265278,0.0237935210945308,-3.738341958282964,-0.9422439070091309,0.022312264092659122,0.024991813251940442,0.05746504236177996,-0.4088613586004414,0.012935816791014076,0.0741334970824632
2022-06-03,1850.402661542546,1862.8379,1759.7873867404437,1788.8870812856253,28622626581.33333,218333095768.62656,-0.0331993466314987,-0.0337629543478023,-0.2378791459342586,-0.2716501347351777,0.0343175789981352,-3.372097548862956,0.3662444094200077,0.03164248568130982,-0.08224236773093097,-0.023620673818271598,-0.4980663734902325,0.005989020466323325,-0.26398774538562253
2022-06-04,1795.2814467396329,1838.3380016712024,1760.3957214579168,1822.5099114394225,21736441543.11111,216543481168.60013,0.018795389885444,0.018620939069193,-0.240585364122842,-0.2752073584215677,0.0291705980373226,-3.5345939935189508,-0.1624964446559946,0.0043338430303503424,-0.0506651904888642,-0.08753337700700525,-0.41208179195293065,-0.007203274806286686,-0.045755978067415715
2022-06-05,1834.5075944532807,1854.9221,1789.8036261428351,1815.3933550802951,15356599601.77778,219935424736.62045,-0.0039048107856415,-0.0039124544638437,-0.2935090331450909,-0.347444862707292,0.0244168261975775,-3.712482786085231,-0.1778887925662804,-0.0031514495274091972,-0.016064967982632794,0.0001752105310619534,-0.3961165536186811,-0.020996614312302597,-0.05211245013350174
2022-06-06,1819.0869784446568,1935.9038149102585,1819.0869784446568,1871.375701314711,26476270936.88889,229021583766.65533,0.030837584635722,0.0303716607492553,0.7240972365929124,0.5447035723870113,0.0403317270051956,-3.2106168491640568,0.5018659369211744,-0.07049888765725114,0.001422143719519653,-0.1412266113825451,-0.34399868043519033,0.002795956429643809,0.06283640388379341
2022-06-07,1881.2685,1883.7787,1739.4655,1829.2034,38037738339.55556,217047070748.21432,-0.0225354541501652,-0.0227932580107449,0.4366728014766723,0.362329885607807,0.0535902270935296,-2.926388557874175,0.2842282912898817,-0.06719633342539404,0.018335861651195273,-0.04421830730773957,-0.32178111392514175,0.010592404348614082,-0.15451617971063358
2022-06-08,1823.3981,1847.357597975216,1781.9471,1803.5530381752928,39977175184.22535,220030435472.14008,-0.0140226952479463,-0.0141219421372543,0.0509871756137763,0.0497298897402313,0.0245668132957443,-3.706358799853596,-0.7799702419794206,-0.014675921574532624,0.03793998145628308,-0.08859198025817516,-0.21652310256056825,0.0018989086785268228,0.14335186021723723
2022-06-09,1803.31729418945,1847.237096774846,1789.8827348705895,1800.6847843349078,25759760118.119297,219635762207.15955,-0.0015903351771051,-0.0015916011024346,-0.3556383111259977,-0.4394950818458091,0.0222843331618286,-3.803871396216039,-0.0975125963624434,-0.027236241998301377,-0.05845562209647781,-0.01835810959856632,-0.2640672848767873,-0.041944375848395055,-0.128708985143144
2022-06-10,1799.738660010121,1827.881947074514,1672.2001,1676.316830600834,27751559708.444443,212870707732.5913,-0.0690670320624771,-0.0715680043643067,0.0773221327058912,0.0744784553146871,0.0448601977672176,-3.104204341357269,0.6996670548587702,-0.06856278055813758,-0.004454884198089815,0.24667288247170482,-0.21395511052920982,-0.03347017974775568,-0.3232915202762552
2022-06-11,1673.3663834448405,1699.8555,1517.0898256381045,1539.5003,37880931086.22222,194885984345.28256,-0.0816173458998175,-0.0851411406812365,0.365001876802461,0.3111558035828357,0.0615132672593088,-2.78850239964192,0.3157019417153495,-0.1753182213484155,0.07950567827038313,0.34741470395647145,-0.24076290983088405,-0.04308179804692003,0.40176634713305925
2022-06-12,1539.1446,1554.4773,1443.3148,1453.179150355219,46614410993.77778,180561519779.1399,-0.0560708884855566,-0.0577042093910118,0.2305508248378835,0.2074618942120555,0.0384265543342138,-3.25900653925748,-0.4705041396155605,-0.22458104116003477,0.13799773596844744,0.14043076345755967,-0.3253884510582081,-0.005232200483234806,0.0027733118130226497
2022-06-13,1446.288167473749,1458.982907025416,1181.3227,1211.1208,72609564686.32169,154882688896.09488,-0.1665715822416318,-0.1822074619929721,0.5576634593970051,0.4431869160262354,0.1005893477244351,-2.2967089143540305,0.9622976249034494,-0.44040007148686083,0.1741567117528291,0.18135093086892096,-0.5306134566836085,0.05107918276503298,0.30075389962082744
2022-06-14,1209.600813637752,1257.315669259514,1098.5827806799962,1219.0641,79186706417.62807,145569711970.07205,0.0065586356043096,0.0065372213350769,0.0905823049583078,0.086711778326214,0.0953067609705709,-2.350654526761048,-0.0539456124070172,-0.4026184149567338,0.1332765524232684,0.3788688799383977,-0.5664282149333193,0.06402424538009654,0.17016956105668024
2022-06-15,1216.3363,1238.68758984061,1022.6750165399365,1236.4271920493968,58263423445.333336,138613968716.82776,0.0142429688885077,0.0141424907545419,-0.2642272158908344,-0.3068339251592202,0.1351202358958245,-2.001590260659482,0.349064266101565,-0.3774019860294141,0.0539670475139431,0.2514205373819305,-0.4964886483768539,0.03456157633997492,0.2632723252969359
2022-06-16,1241.4543540356929,1257.0353288748645,1058.9442,1071.8412,58699222597.57491,139381851940.0455,-0.1331141802022268,-0.142848006609219,0.0074798068234089,0.0074519717826631,0.0797909836717857,-2.528344767478938,-0.5267545068194552,-0.5182635481306479,0.09042150673786153,-0.30663367024107435,-0.6763030026878963,0.032184389745420816,-0.32423148011778247
2022-06-17,1072.133,1118.707,1061.9162993595105,1091.9019,35704587128.888885,132514958768.3382,0.0187161120509269,0.0185431207751792,-0.3917366270134559,-0.497147311556833,0.0350452411370063,-3.351115448271488,-0.8227706807925501,-0.4269163577806741,0.020658896785828773,-0.0500669963610052,-0.5691409842896044,0.008222181120153493,0.20535615201357782
2022-06-18,1093.1285,1102.8297,897.0112056280113,999.8306,30554862520.88889,122856483939.99658,-0.0843219523658673,-0.0880904524722587,-0.1442314565747579,-0.1557553325980365,0.1351306601248516,-2.0015131158345385,1.3496023324369495,-0.4313962219078593,-0.019014713029477548,0.15026911775136997,-0.7126611948726421,-0.00199508288383754,0.10671820298518209
2022-06-19,1000.821,1151.3764,946.3026351642284,1131.4833,48424583310.22222,125367020636.70204,0.1316750057459734,0.1236988411630937,0.584840490678584,0.4604837654691758,0.1158490076979687,-2.155467593544244,-0.1539544777097052,-0.2454709630115922,0.004732017049338566,0.09069776264617113,-0.5602801895752132,0.01701737140086479,0.18567356780254518
2022-06-20,1132.8838,1165.3526,1067.0502512155044,1141.6753,43042361969.77778,134761406030.26784,0.009007645097369,0.0089673182479893,-0.1111464667845325,-0.1178228115800341,0.0621287342537733,-2.778546687659151,-0.6230790941149071,-0.05779365403188073,-0.08024499316415401,-0.2669304958422145,-0.5585752030418465,0.01885777337914263,0.001522999110330936
2022-06-21,1132.7445,1194.8579,1116.7070836954003,1130.713300448671,35559221620.36364,139410372544.02237,-0.0096016788235053,-0.0096480721496731,-0.1738552441584974,-0.190985271612719,0.0478178253420029,-3.0403567938956177,-0.2618101062364668,-0.07299463489600742,-0.13157303140104304,-0.007625009996495846,-0.6004139237134621,0.018772644844734288,-0.04023055235031037
2022-06-22,1134.1085959490672,1134.1085959490672,1052.7273333250405,1055.502329868538,29379230300.444443,132482832509.10052,-0.0665163932804973,-0.0688318772477523,-0.1737943362736633,-0.1909115488912668,0.027914752235166,-3.5785999759473253,-0.5382431820517075,-0.16226676284072475,-0.09772337249331642,-0.07999319883600942,-0.6350342032170792,0.005898662742385596,-0.10870911596550925
2022-06-23,1057.6902068260135,1157.7644,1056.524666760712,1149.4405,29923908337.77778,134490820435.78725,0.0889985436064,0.0852585065820687,0.0185395611717267,0.0183697985142939,0.0389028838912161,-3.2466868950846948,0.3319130808626305,0.06962518012883048,-0.10788675890506738,-0.08782189557580966,-0.549918925681293,0.003220891918957136,0.09802820944065327
2022-06-24,1149.156,1250.1469407765348,1138.6749,1241.881626164086,31774249685.33333,144340572154.08694,0.0804227153681169,0.0773523676765358,0.06183488221756,0.0599984325938777,0.0451135077266873,-3.098573571181539,0.1481133239031558,0.12758390130724098,-0.015682554270831872,0.10921516424040889,-0.4542550364815423,0.006581885898324202,0.0690953099142887
2022-06-25,1230.3907782617011,1259.9276,1187.1993,1252.329273236871,29037533184.0,148265867329.15,0.0084127559766349,0.008377565970616,-0.0861300118314538,-0.0900669625379326,0.0405823084930359,-3.2044230587447378,-0.1058494875631987,0.2241845727292285,-0.006120756697477248,-0.40865291369893564,-0.3680391385543014,-0.002591370785175684,0.051725648400490765
2022-06-26,1248.0670634953317,1284.66419996055,1204.447,1204.447,23158357536.0,150581973667.316,-0.0382345715780567,-0.03898469544883,-0.2024681508152176,-0.2262335088387107,0.0398714280277151,-3.2220953011318416,-0.0176722423871038,0.06125412323431709,-0.10784584056618485,-0.07982395791882935,-0.3639306580666784,-0.02118459775575232,0.0020801350919252837
2022-06-27,1205.8617,1245.897804147165,1186.2155859814063,1202.7,24295839580.444443,147642750959.772,-0.001450458177072,-0.0014515111098134,0.0491175612379337,0.0479493929517127,0.0346723214787597,-3.3618135622318173,-0.1397182610999756,0.0599255802214112,-0.08827554388501468,0.0016895279759052695,-0.41131175089664435,-0.007149739026296231,-0.026020043915533475
2022-06-28,1197.9045070573775,1240.059581061982,1145.2878,1147.729,25052082638.22222,145214769322.86206,-0.0457063274299492,-0.0467838220220183,0.0311264426682531,0.0306518383184036,0.0495292732008592,-3.0051914064072944,0.3566221558245228,0.011938242968382255,-0.05311242467988464,0.03488392412333141,-0.4616684110125784,0.005981066382339861,-0.03303261797305601
2022-06-29,1148.0614,1161.8372634649902,1093.4198,1101.1178,27135989253.35192,136954609540.0296,-0.0406116774952972,-0.0414593616531406,0.0831829690658236,0.0799039002548388,0.0341830640918885,-3.3760249595581397,-0.3708335531508449,0.040238365283791135,-0.011714212064376284,-0.03349457258327826,-0.6008468715448163,0.0008583518236413568,-0.13802455882813403
2022-06-30,1103.895,1109.533,1012.8309821820676,1071.8162928168974,29618717489.77778,127637935456.48456,-0.0266106925009318,-0.0269711663369018,0.0914920850405032,0.0875456455299005,0.0618210760880642,-2.783510935634706,0.5925140239234334,-0.06967308056328826,-0.0016043649793928694,0.1778963066173478,-0.6017222256391163,-0.004382344385373216,-0.04002991876726247
2022-07-01,1073.6864622678754,1106.5238,1044.6455,1071.6436437815794,35559509660.44444,130004404233.34567,-0.0001610808087869,-0.0001610937836937,0.2005756046904121,0.1828011123641425,0.0406738034601299,-3.202171043393196,-0.4186601077584897,-0.13813823929163524,0.019719088142188923,-0.11678041773328562,-0.5352409654346941,0.00304027513555738,0.030796827118846015
2022-07-02,1062.5635248916626,1082.0161968113314,1036.1839563379244,1072.7705351227685,22044447196.444443,128577868996.1294,0.0010515541688957,0.0010510016730963,-0.3800688646456178,-0.4781468791210132,0.0300222605450962,-3.5058161543094823,-0.3036451109162867,-0.1513514180667973,-0.03673995577482003,-0.03667812044178431,-0.545158683082932,-0.014297187954827706,-0.01130076183757156
2022-07-03,1070.3150942705586,1094.1404,1048.3995,1083.1197,15787262478.22222,129675710711.96677,0.0096471375176678,0.0096009010152843,-0.2838440294039873,-0.3338572997163633,0.0292779099549425,-3.5309219737570605,-0.0251058194475781,-0.10734892688515242,-0.040245191857817275,-0.06651226378669328,-0.5053163162631773,-0.011986622419978943,0.04276179629411292
2022-07-04,1081.6856,1164.3997,1051.3719,1158.1628,19456842912.0,132990424467.71776,0.069284216693686,0.0669894682616305,0.2324393123152157,0.2089953862215649,0.0583988414213823,-2.8404592280197054,0.6904627457373551,-0.03373882972484239,-0.0273291859981164,0.0825326123983523,-0.4599411481105879,-0.0021439663017943644,0.04114854696741066
2022-07-05,1155.2573,1176.7304770502194,1085.5213243662442,1139.1559148605768,29154314261.48252,138268747897.76654,-0.0164112378151183,-0.0165473938935724,0.4984092945264831,0.4044040750959907,0.0563780882475108,-2.875674702216036,-0.0352154741963306,-0.007787218192579005,0.0232160573555511,-0.2899166930422308,-0.46804715242476785,0.012907039046631041,-0.006830578536487941
2022-07-06,1139.1187617892538,1206.9389,1120.7566,1196.153205961658,30791107583.090176,139430848923.67215,0.0500346707220118,0.0488231833595419,0.056142405097489,0.0546230295041953,0.0426863895823243,-3.1538751547022192,-0.2782004524861832,0.08026591131852719,0.020241162666017942,0.06887444261673226,-0.45283553739907983,0.004002346837861381,-0.03736801251553512
2022-07-07,1191.3862854828665,1260.2895529881644,1170.1369,1245.3451088794006,27355582592.0,146479360698.31143,0.0411250855430298,0.040301941437398,-0.1115752326160847,-0.1183053087103099,0.0446814073785754,-3.1081978062043603,0.0456773484978589,0.1483146685002508,-0.012484313630743316,-0.09419769021889568,-0.3812891607666316,-0.009937946864340574,0.021853194816611743
2022-07-08,1247.103757452188,1275.0164,1204.6779048296191,1239.227641699923,31799601437.43554,150820926578.43365,-0.0049122665965117,-0.0049243714358046,0.1624538183564465,0.1505331315452779,0.0399323753968073,-3.22056787065043,-0.1123700644460696,0.1538039077937281,-0.02109197469689761,0.073975859859432,-0.3751395940296586,-0.007675162748974174,0.00425379625315192
2022-07-09,1222.001238125183,1240.3202,1213.4956,1235.5251504623131,23189467064.88889,148905367041.54578,-0.0029877410033647,-0.0029922132116043,-0.2707623361093613,-0.3157555865369491,0.0138647956339559,-4.278402339730493,-1.0578344690800634,0.14354301699505323,0.006470462635753904,-0.05027872616504814,-0.37614536273327764,-0.0024245986628699256,-0.019361297115832343
2022-07-10,1222.1854005543432,1229.368577548065,1162.470745490023,1177.649502893323,16618974752.0,144597728340.49762,-0.0468429538219712,-0.0479755975320035,-0.2833395133447139,-0.3331530698374128,0.0321417807457741,-3.437598514303013,0.8408038254274808,0.0849999400258122,0.004673861347285424,0.17277849879661522,-0.35131689069048677,-0.010569952912995006,-0.11897204344835566
2022-07-11,1175.9659715904672,1182.1782,1101.2458258627864,1102.0936951312865,20335328192.0,139820260718.5402,-0.0641581451666274,-0.0663087752909963,0.2236211015094513,0.2018145785769758,0.0298093497415345,-3.512933184964002,-0.07533467066099,-0.04711135980520105,0.004913097466378247,-0.13417258917751118,-0.3340150776364096,-0.016889034933186053,-0.18561248289970944
2022-07-12,1106.7296336708043,1106.7296336708043,1041.3910204067215,1041.3910204067215,22624625941.33333,130853539895.79842,-0.0550794138399765,-0.0566543908290997,0.1125773691832496,0.1066792779733517,0.0205194740618744,-3.8863808895209786,-0.3734477045569759,-0.0896976084086055,-0.03710907493706017,0.18146500451652514,-0.32844305073233604,-0.023563629935452468,-0.17181010283875708
2022-07-13,1041.4937,1122.3607,1027.2042874841948,1122.3607,27991844408.88889,130300605137.9273,0.0777514670345969,0.0748768958453838,0.2372290477408554,0.2128742401668476,0.0420037761288437,-3.169995756910622,0.7163851326103567,-0.05968333994660854,-0.01634021856530765,0.11748724594595172,-0.07485616415522994,-0.0453588844224484,-0.10320143655766834
2022-07-14,1121.1215,1210.7222906596376,1083.2803774487536,1200.3983,33212883811.55556,137803595186.90802,0.0695298757342448,0.0672191834505371,0.1865200208460975,0.1710246706207649,0.0661968920907854,-2.7151217644103345,0.4548739925002873,-0.03817045050335347,0.03389101912115322,0.018166553239581384,-0.013189889419146278,-0.0489945744696918,0.01654472241443572
2022-07-15,1202.1311,1287.6012,1188.2194,1242.9366327086418,36489480042.14634,149254700290.3573,0.0354368485099001,0.0348234135233507,0.0986543730794846,0.0940861337650721,0.0528735815667164,-2.939851468136914,-0.2247297037265796,0.016986957967200303,0.02633174865339072,0.05445382397332921,0.001193273407239534,-0.02406983719366451,0.006854565384141642
2022-07-16,1242.1294909309358,1385.139629262649,1203.3131,1363.7754754133634,34886580302.22222,153971930575.81848,0.0972204370880809,0.0927801064919442,-0.043927722129028,-0.0449217643210656,0.0808045457108554,-2.515722056239839,0.4241294118970753,0.1096163702146099,0.06280331051005206,0.2273959313141114,0.24060681628667033,-0.027004213217662,0.04880030446147354
2022-07-17,1363.644408142562,1390.0026525750643,1339.1401,1349.2181987126703,40294502407.11112,165788536804.15442,-0.0106742473105998,-0.010731625768275,0.155014394017416,0.1441128062488435,0.0255172084566863,-3.668402212982168,-1.1526801567423286,0.13743539930009316,0.11618847455479653,-0.02039947071356818,0.21048154402026983,0.005262141655496322,0.04496987488356141
2022-07-18,1346.9463688477426,1580.4684481684196,1346.9463688477426,1580.4684481684196,45472385489.77778,178588463808.17148,0.1713957384182871,0.1581959766425864,0.1285009808621653,0.1208901864484609,0.0539123697660021,-2.9203953326660503,0.7480068803161171,0.3563118987411081,0.11016663660082315,0.06502740948350394,0.45690062611422777,0.016913540096307855,-0.21857267456665785
2022-07-19,1597.162683639545,1625.3763400606304,1514.6933,1556.6581,60577417358.22222,189274361362.7257,-0.0150653739377163,-0.0151800094925146,0.3321803267136725,0.2868169433707659,0.0472450265012741,-3.05240788981482,-0.1320125571487698,0.4018853470528025,0.14626126574401965,-0.01018542119282917,0.31777486257563176,0.013570557079102485,0.17929591762264407
2022-07-20,1556.3268,1624.4504675590988,1515.7945,1530.9961,48044646014.66202,191257381374.37048,-0.0164853155615867,-0.01662271046793,-0.2068885054879138,-0.2317914688544175,0.0478786394428724,-3.0390858146762127,0.0133220751386073,0.31158904573067403,0.06942637747396674,0.021749930308658127,0.30127512020460934,0.005532774881977787,0.026372383373355124
2022-07-21,1531.9813,1610.88317221926,1484.4246260632528,1588.9633,44777262279.11112,186642742970.7428,0.0378624086632224,0.0371632216832504,-0.0680072392364754,-0.0704302317478234,0.0531673331835889,-2.934311109135482,0.1047747055407306,0.27898589261573864,0.037950397594915586,-0.4288210538976118,0.33723482665684934,0.010116117358478505,-0.06136266619129449
2022-07-22,1586.2305,1653.4436738053014,1533.6317,1550.0487,39748902783.55401,194088635573.09525,-0.0244905593477204,-0.0247954412084661,-0.1122971624351155,-0.1191182343771106,0.0512198831947558,-2.9716274786749786,-0.0373163695394964,0.22145911170702132,0.0104412071125779,0.25334260996106694,0.38219886941693265,0.011258960570174281,-0.032317133538175113
2022-07-23,1546.9792,1607.2792,1506.9930576514555,1562.7439860544457,33412789469.98601,189175758750.7328,0.0081902497995358,0.0081568917205383,-0.1594034770738261,-0.1736434928386933,0.0451184570039014,-3.098463869985652,-0.1268363913106736,0.1362824139219705,-0.004707630970710142,-0.3700326156039848,0.30741548162729343,0.00375976062827732,0.1361051019472923
2022-07-24,1559.1414870054143,1665.7811917716504,1559.1414870054143,1610.5631646500924,31552703891.1777,195321834743.3526,0.0305994961569993,0.0301406680286918,-0.0556698679851075,-0.0572794578555937,0.0422109478430277,-3.165075664025783,-0.0666117940401309,0.17874382816386858,-0.028388331503947484,-0.1932156316659186,0.26925208471133205,-0.00023832692936665012,0.0679678316677943
2022-07-25,1607.7257977417212,1615.322116698492,1460.9212,1460.9212,38214308430.22222,186748965978.7017,-0.0929128195245936,-0.0975167138881705,0.2111262655023089,0.1915507246206658,0.0387943741782137,-3.2494800382726226,-0.0844043742468394,-0.08916153666891528,-0.02419823361000084,-0.30655736580497184,0.1574711903749033,0.009824632578080639,0.08798330644229635
2022-07-26,1451.74,1457.1624,1374.63,1451.6643495365652,38720087186.28571,172372771139.0349,-0.0063363105850163,-0.0063564702044563,0.0132353240668223,0.0131485024014726,0.0412288231928867,-3.1886176751667503,0.0608623631058722,-0.06961770396181019,-0.07662253501205285,0.5481886388730031,0.1855163103368072,0.016442847610129263,-0.016539976559685865
2022-07-27,1462.7833443511845,1651.4757841488135,1435.6967,1651.4757841488135,38162597909.40767,183481724070.94275,0.1376429990004486,0.128958577348688,-0.014397934441519,-0.0145025904679826,0.0641576436494636,-2.746412042260026,0.4422056329067243,0.07510743782012368,-0.036668152732431736,-0.00934175099284884,0.3210955165841749,0.01442752455119134,-0.1373237146269688
2022-07-28,1648.3852066277234,1788.0517,1619.8921220349998,1736.871029175618,54525808867.55556,204397199071.1136,0.0517084451654967,0.0504159325253894,0.4287761277938078,0.3568182231294443,0.0618164814445566,-2.7835852600325897,-0.0371732177725636,0.09072478849640594,0.036181638162268825,0.32845759760178295,0.41401045453540003,0.029991211180366406,0.06349040594069488
2022-07-29,1736.4374112332669,1772.4409,1673.8285,1741.7085,50718220608.0,210260371837.7069,0.002785164092856,0.0027812927099691,-0.0698309358198477,-0.0723889199155096,0.0404338439000943,-3.2080881244074764,-0.4245028643748867,0.11856240191067809,0.039206096990078265,-0.03719902692606847,0.4560216933969335,0.02336491032439625,-0.08016485216417624
2022-07-30,1739.2731,1752.9588,1690.8993,1709.116983627041,38780805376.0,209973617207.02408,-0.0187123829119275,-0.0188896747343864,-0.2353673904347712,-0.2683598094463969,0.0230528305028396,-3.7699667186907466,-0.5618785942832702,0.09184151236641541,0.01864009708561909,0.03594295774176026,0.46487883440687244,0.008932413848896203,-0.07322242459233208
2022-07-31,1707.1588713550286,1757.9290085900388,1683.6326,1691.1316,26165296341.33333,209051180693.17697,-0.010523202214557,-0.0105789626374337,-0.3253029149950027,-0.3934914517893973,0.0299666868972821,-3.507668951068936,0.2622977676218108,0.05057725823776823,-0.01870806715202633,0.034998208269944264,0.46471348249872085,-0.00915975998055174,0.00042313754931644354
2022-08-01,1691.5817,1713.4912,1619.2664749149642,1642.1101065313976,29122110556.444443,203935920384.1055,-0.0289873913234205,-0.0294158255263252,0.1130051873496358,0.1070637329740435,0.0354847308665323,-3.338652791463081,0.1690161596058548,0.12321922812695554,-0.03238925515985258,-0.07846063763873246,0.4280289793853249,0.006908806368873144,0.08285604261011326
2022-08-02,1641.834316493051,1683.1536888140563,1574.9974,1642.811334153925,36179693226.66666,197328796703.3783,0.0004270283824077,0.0004269372317363,0.2423444776278565,0.2170003022431829,0.0469614711884981,-3.058427775407493,0.2802250160555881,0.11606798128059403,-0.009240391130923342,-0.20944631805946745,0.41788843717982377,0.019643113247187927,0.019609797776853233
2022-08-03,1641.113057569082,1686.4746,1603.7184423672425,1625.3491,36776126456.86411,200987582856.0789,-0.0106294823945308,-0.0106863788885506,0.0164853036884748,0.0163508962232401,0.0350689217008373,-3.3504399623561483,-0.2920121869486554,-0.014073522581549735,-0.005079381025439034,-0.43111527438205965,0.3413995337512561,0.016385131709874656,0.11571203191950952
2022-08-04,1626.1248863445346,1667.756614564216,1592.3655020103715,1618.822772450144,30469246030.22222,198395883527.16675,-0.0040153389507866,-0.0040234220691271,-0.171493874811406,-0.1881310490365188,0.0325900369121827,-3.4237486535103328,-0.0733086911541844,-0.07013634808745227,-0.09250590132306158,-0.22588896380634704,0.3514442539078243,0.0012331113926329351,-0.012534138498687453
2022-08-05,1615.1411156372592,1733.5388400182974,1615.1411156372592,1730.8868765460238,34332756216.88889,204649384598.31625,0.0692256780686788,0.0669347211452714,0.1268003213087216,0.1193820421715499,0.0255305802379819,-3.667878320294812,-0.2441296667844792,-0.0048333447660545495,-0.06829396182162029,0.08614488573235013,0.37351634766970876,0.003313729543307886,-0.030069607275409194
2022-08-06,1742.5443279913638,1754.8106630888954,1697.5081,1697.5081,31936933674.666668,210393597855.9242,-0.0192842045302411,-0.0194725703917988,-0.0697824120815465,-0.0723367546967821,0.0169187425002365,-4.079333247882942,-0.4114549275881298,-0.0056691578258146426,-0.029966116521382702,-0.00028134083581088376,0.30833748327062777,0.004270297964154679,0.07942243370969071
2022-08-07,1696.5739,1732.6398422959237,1677.6249,1706.1710361805326,20121560003.55556,207413169864.0016,0.0051033253865078,0.005090347556175,-0.3699595518928423,-0.4619712583128105,0.0225453342584022,-3.792227140942562,0.2871061069403797,0.008587691321268581,-0.02723059007634987,-0.017703876030413568,0.3337618257740058,-0.01092136822484946,-0.02772988646123764
2022-08-08,1707.4366806665869,1815.7831690083751,1703.7666051928832,1786.564,26660251576.88889,215048813760.3065,0.047118935976921,0.0460425223583637,0.3249594749203299,0.2813818740046672,0.0351359381847569,-3.3485307924102314,0.4436963485323306,0.08448011961346051,-0.01130822434445733,0.1179682362447858,0.3796536538878347,0.0032583719150700574,-0.01841254969903261
2022-08-09,1785.4938,1822.7509,1682.2709,1716.0553792613443,32706398968.88889,212047593999.6456,-0.0394660480893244,-0.0402659492351385,0.2267850839502676,0.2043969946824691,0.0510723440815708,-2.9745121399913423,0.3740186524188891,0.0446535675744341,-0.016174775426495813,0.0634889911345371,0.3779383595064546,0.014965744948916893,0.012467621033774856
2022-08-10,1710.5438519509355,1881.7926026399064,1673.9062672607452,1865.856097051032,34392203512.888885,215438491180.54657,0.0872936384221862,0.0836917082017157,0.05154356936707,0.0502591507440097,0.0627245355611872,-2.769002591122352,0.2055095488689904,0.13752016699742112,-0.011255055705362338,-0.1151553133742631,0.522310590506599,0.01289589780940048,-0.16948447735503502
2022-08-11,1867.4742283929847,1942.047026292868,1867.4742283929847,1897.9421,35785405902.22222,232379153385.8825,0.0171963974068951,0.0170502128832828,0.0405092505576507,0.0397102573047284,0.0257956465469447,-3.657549539783018,-0.8885469486606667,0.16134786296590872,0.02492732187808855,0.02143602212878193,0.600114261194091,0.011924909302400977,-0.10034413308587453
2022-08-12,1897.582,1973.6109,1876.6402037587177,1973.6109,25462167594.666668,233298781484.38147,0.039868866389549,0.0390946151932186,-0.2884762111057819,-0.3403464271633503,0.0259423891651278,-3.651877000822083,0.0056725389609355,0.12451850648472289,-0.041947424380424536,0.04441933868476289,0.5655352855331109,-0.0022811132762861064,-0.061111555452547206
2022-08-13,1974.6185,2031.887024032448,1963.0583,1997.2170005725009,25526361080.88889,244086328781.66293,0.0119608685645691,0.0118899026913545,0.0025211320278824,0.0025179593059797,0.0233188494060354,-3.7584932580809047,-0.1066162572588216,0.16314384724685044,-0.03144860400111682,0.05756367340943713,0.5076588134262797,-0.006963352082383523,-0.11976549157534144
2022-08-14,1997.8545003458084,2038.344,1932.604095705316,1952.2013397607243,19248559004.444443,242576320713.1,-0.0225391936874524,-0.0227970837704172,-0.2459340779733982,-0.2822754850524346,0.0348194121889996,-3.357580226203322,0.4009130318775828,0.13396439933074866,-0.0043602625357124225,0.19161170607628142,0.4521303899556113,-0.015797476362180873,0.15033823705648275
2022-08-15,1950.4265034167,2022.0255,1897.4129,1921.266,26022651548.444443,236423528037.43988,-0.0158463879368692,-0.0159732842934987,0.3519272555642154,0.3015311711171747,0.0439927073922203,-3.1237313998863483,0.2338488263169735,0.07328932811786047,-0.003196592939165299,0.1645185434264529,0.3428235161565235,-0.00822000593824157,-0.1677727713570718
2022-08-16,1917.3466,1928.407,1875.782398442438,1894.5207018596907,24174489756.444443,231826434937.7756,-0.0139206638436891,-0.0140184649832703,-0.0710212711629102,-0.0736694372688745,0.018093182048847,-4.012220094057127,-0.8884886941707784,0.10215451673775869,-0.04378781324773584,-0.059907378703391245,0.3411257973864594,-0.015124377362869978,-0.02361304032105882
2022-08-17,1892.872989582588,1969.1631,1837.672921704091,1844.6625215312208,23311337543.358887,229990857645.48428,-0.0263170417085061,-0.0266695331619946,-0.035705085062052,-0.0363581027992626,0.0461614123459482,-3.0756110605010525,0.9366090335560742,-0.012290492270066993,-0.05989135911623933,-0.5311866791955397,0.1440676132798514,-0.021172897749792696,0.2660604642996889
2022-08-18,1847.7352456432857,1889.6271,1840.0578500676288,1848.1317,22129731861.33333,227965480310.28,0.0018806575339858,0.0018788913116985,-0.0506880259370695,-0.0520177946029555,0.0187961906702426,-3.974101053600496,-0.8984899930994432,-0.0264052071962343,-0.07911144986981,-0.02026439576718264,0.17184680750311163,-0.03783163337255502,-0.02497368233689845
2022-08-19,1848.7237,1848.7237,1617.290556971125,1617.290556971125,26545661425.77778,212391369057.99945,-0.1249051369168522,-0.1334229835488299,0.1995473597292103,0.181944285410397,0.045098582580814,-3.09890446133071,0.8751965922697851,-0.19962296177233613,0.00651073726574225,0.4010322942704292,0.05419038838752729,-0.02179555953210155,0.07213958749405802
2022-08-20,1618.057728180201,1655.1277927310568,1541.9544343655143,1584.1249891055302,27657180399.052265,198182547072.3592,-0.0205068704090547,-0.0207200558222992,0.0418719637626026,0.0410190603136146,0.0483191927492335,-3.029926431843773,0.0689780294869377,-0.2320416573821064,0.012681791385819707,0.23345357332923333,-0.00132824928387891,-0.017702546418895793,0.007358827622496733
2022-08-21,1582.116311738924,1645.702153154136,1572.4913649553978,1623.638156439745,22272454165.33333,196830429233.25107,0.0249432131971643,0.0246372092967732,-0.1946954156578975,-0.2165347074834394,0.0278593542852559,-3.5805864880255616,-0.5506600561817887,-0.18337866152127533,0.017725361648675886,0.1344475498333697,0.04836528071719742,-0.018400187227374687,-0.00585210254447488
2022-08-22,1624.192760987107,1629.18,1542.4863345014626,1629.18,22886773482.666668,193726999424.67227,0.0034132257475441,0.0034074139135218,0.0275820218451505,0.0272084908155633,0.0386184664620576,-3.254024711158109,0.326561776867452,-0.16286543030599654,-0.018387850619376422,-0.0944197308903667,0.04394147982084284,-0.011247990479631653,0.0010273041494455182
2022-08-23,1629.7592,1671.2389619743165,1574.818198137329,1667.7250656137285,24779859818.666668,199058414395.6161,0.023659181682643,0.0233836408289455,0.0827153000589502,0.0794720526276366,0.0395074512499534,-3.2312659856258765,0.022758725532233,-0.1266353136147736,0.0035761435826699994,0.09370103570098354,0.03663982915857499,-0.007304862010961699,0.001476514963657749
2022-08-24,1667.7411479093928,1691.0087,1614.1574689037502,1662.1499498996743,23570177322.666668,202060939786.24008,-0.0033429465257827,-0.0033485466556259,-0.0488171646188549,-0.0500489789942598,0.0328227151433141,-3.4166344684265075,-0.185368482800631,-0.10584878268506358,0.0015251672896958723,-0.1860293038380283,0.13534907791846168,-0.01597927158953283,-0.0444595598493942
2022-08-25,1660.851073632139,1728.7711582539098,1660.851073632139,1704.717194787468,20562254912.0,208056601229.9643,0.02560975012535,0.025287313891566,-0.1276156037983663,-0.1365251308741876,0.0232530904969272,-3.761317231183442,-0.3446827627569351,-0.08109628029542931,-0.00927189042529264,-0.08022321803724486,0.1530582077319299,-0.020174619051786635,-0.14879107326973195
2022-08-26,1705.004677644269,1719.9271809491668,1522.8738690807456,1529.236258810948,32809402659.55556,201444982693.8265,-0.1029384442845359,-0.1086307952918343,0.5956130687013419,0.4672580314776823,0.0532038733281752,-2.933624078364247,0.8276931528191955,-0.05645806320061827,0.03654732007102979,-0.35754227148386786,-0.07502771253349758,-0.00602629783007913,-0.1307185091110732
2022-08-27,1535.242663970672,1544.783836051186,1474.9797886360377,1512.3606,41625245056.0,185032517909.0406,-0.0110353509562148,-0.0110966921400364,0.2686986559286495,0.2379916947555226,0.0313360010116008,-3.46298765033622,-0.5293635719719729,-0.04509164721559803,0.07698765301291743,0.27566823597817036,-0.13816380811030937,-0.014673641162168849,0.054315796879270684
2022-08-28,1508.0004,1523.9254,1446.8779,1446.8779,20927463367.11111,183223108684.49936,-0.0432983377112574,-0.0442636787760143,-0.4972410771646722,-0.6876445024305249,0.0261629761991131,-3.6434099897851016,-0.1804223394488815,-0.11560286727476732,-0.007160572067121507,-0.050622125006098084,-0.18405920471019754,-0.034731293599367774,0.007672474237718108
2022-08-29,1441.0825,1572.4854438839598,1441.0825,1567.6056729759086,23467333610.59233,183238755707.7417,0.0834401942112106,0.0801413436191998,0.1213654134247723,0.1145470619139593,0.0327361371331809,-3.419275700158249,0.224134289626853,-0.0388828676148534,0.0030971249958220426,0.20150947553936938,-0.0852811037589589,-0.018333769051267268,0.11375500324140608
2022-08-30,1569.090083086103,1615.6287,1496.7222,1540.15,29678474200.752613,191642524214.65308,-0.0175144001129998,-0.017669591949692,0.2646717643011982,0.2348126136493446,0.0528031422113468,-2.9411845784621256,0.478091121696123,-0.07959029050949433,0.02575770716474679,-0.061975108586045824,-0.09378419411774268,0.004235896140809103,-0.0051584035686296215
2022-08-31,1540.1108,1632.5096563585307,1540.1108,1571.7813,37207694378.66666,195003391222.7909,0.0205378047592768,0.0203297479116127,0.2536929670637553,0.2260935693799546,0.0392084146085594,-3.2388638968399146,-0.297679318377789,-0.055120603753187565,0.06839914972001893,0.04317789060300292,-0.04360454027230182,0.00968128712523253,0.022942780310515998
2022-09-01,1572.8162,1612.8154562088685,1538.7827674349994,1605.5273,29391723640.88889,192653719971.46503,0.0214699080590918,0.0212426762602193,-0.2100632911632148,-0.2358024521269542,0.0306648768697162,-3.4846373552484264,-0.2457734584085118,-0.060115615766644113,0.041913010448279664,-0.038573379211632286,-0.02192246681597034,-0.008121258816125021,0.004600057617245801
2022-09-02,1604.1470176205453,1663.1605,1570.6223943959692,1590.9705,27606009256.585365,196909610184.1529,-0.009066678592136,-0.0091080310653103,-0.060755687761683,-0.0626796501883245,0.0401543596717888,-3.215024259881787,0.2696130953666396,0.03565575156414248,-0.02448713078810627,-0.18816091134153634,-0.021855606660009574,-0.011077103004719646,9.433347087917099e-06
2022-09-03,1594.4149,1597.9578,1556.1652,1571.8126856116764,23579696206.22222,192410861984.2864,-0.0120415899530025,-0.0121146772144246,-0.1458491523689783,-0.1576474642216863,0.0165054902501095,-4.104062210991203,-0.8890379511094162,0.04144499533399371,-0.08989244210633984,-0.008893842932756524,-0.027192800789229542,-0.00840375359005563,-0.0008443883994304624
2022-09-04,1574.022275632345,1594.9521336220066,1559.269,1593.1269572608735,13330018407.11111,192611950134.2733,0.0135603127804651,0.0134691945428209,-0.4346823516923183,-0.5703674964220613,0.0141335184292059,-4.259206109092013,-0.1551438981008095,0.10030415742757903,-0.04040461431013043,-0.20433074613117963,-0.08964757792081321,-0.026063444939435243,-0.024130557347306514
2022-09-05,1594.4989231843945,1637.3097599760256,1576.2261,1637.3097599760256,17248149888.0,195187178865.2384,0.0277333846582554,0.0273557799497756,0.2939329385170766,0.2576863697875864,0.0212515451510214,-3.8513256732659262,0.4078804358260863,0.042558618230065924,-0.0343347947065169,-0.13648893255226202,-0.035556359900264484,-0.01864039303826459,0.022433459055314797
2022-09-06,1632.183137036763,1697.3929,1578.960442434386,1578.960442434386,29849326535.11111,201822779262.9329,-0.0356373112577633,-0.03628782199443,0.7305813509817702,0.5484573930904715,0.046808439007743,-3.0616917716360863,0.7896339016298399,0.02491232078052997,0.0009591592692785866,-0.030451784063885157,-0.0782265460403791,0.01238353222534272,-0.015979682912672155
2022-09-07,1575.1870700940674,1666.7814786885012,1514.6067136230645,1647.845190480129,32475255751.11111,191130302252.49268,0.0436266458579157,0.0427018065895126,0.0879728128174408,0.0843161599022762,0.0616231772693461,-2.7867172248360865,0.2749745467999998,0.04660071879994268,-0.026913967630132873,0.10600425307562311,-0.08022652637025578,0.007329975103992581,-0.0010609918794002304
2022-09-08,1647.238133796057,1674.4281400469758,1620.75458078483,1654.3175,32526352896.0,201364436224.0132,0.0039277412449074,0.0039200478079038,0.0015734177824646,0.0015721812575824,0.0228827313339491,-3.777372743111553,-0.9906555182754664,0.03079637495254267,0.017907785752729666,0.04014533207813864,-0.03342282495918338,-0.00022614891941330484,0.017517167278103152
2022-09-09,1653.8723,1753.6899,1652.7172,1737.9338469799854,34189717809.77778,209585549578.7164,0.050544316299613,0.0493084263242199,0.0511389924070564,0.0498743309215968,0.0284400924833925,-3.5599554221750083,0.2174173209365446,0.08619012831050475,0.03659921943464539,0.12545157306559362,-0.07188987448079447,-0.00025439558910989035,-0.013284882432462064
2022-09-10,1740.8040005660605,1808.2996,1730.6249065079344,1798.3565,27675742101.33333,214239034236.2657,0.0347669464663522,0.0341762288659215,-0.1905244069192505,-0.2113686569295488,0.0235609532610958,-3.748164460019997,-0.1882090378449885,0.1332388901181837,0.02211222288385173,0.05847681571065744,-0.05370725185273887,-0.010242252631780246,0.0075323636158897145
2022-09-11,1797.1989,1807.2495666789223,1750.568584993569,1784.5980121027474,21132237468.444443,218442118962.6371,-0.0076505898008836,-0.0076800056916891,-0.236434658515395,-0.2697565764730859,0.0221038458863834,-3.812003663590203,-0.0638392035702062,0.11263365442920475,0.040813172887020244,0.09991490781996193,-0.10118202857169974,-0.005511830145806584,-0.024670758642156176
2022-09-12,1784.625041961148,1797.7447640200553,1726.2906,1739.2838426579403,27271086478.22222,215127672331.41507,-0.0253918076437922,-0.0257197427428769,0.290496878001895,0.2550273209577161,0.0238042004828855,-3.737893222999847,0.0741104405903558,0.06355497725518995,0.05009804830372033,0.13469012477755316,-0.13860041110204768,0.0022246223136548338,-0.031850639423244065
2022-09-13,1742.588433509865,1776.1256609559084,1585.4393607943307,1592.5175895040506,40959885930.66666,206106466260.4898,-0.0843831521654362,-0.0881572902052126,0.5019528453102098,0.4067661582487292,0.0575895124791262,-2.8544148028731287,0.8834784201267185,0.010942113730313362,0.05275013967074926,0.05084459532135632,-0.2027319147432026,0.027276962779378522,-0.11960549070512472
2022-09-14,1591.413889911522,1669.3549,1580.1433144030118,1655.1844225715167,50737202453.333336,198343781834.2283,0.0393507949177391,0.0385962825810641,0.2387046814343396,0.2140662218833319,0.0301974523383758,-3.4999977178162194,-0.6455829149430907,0.004812409057704304,0.08107848860658251,-0.2721504350802948,-0.14702981486038158,0.030170656970270215,-0.013385361945797536
2022-09-15,1655.166316394822,1670.1983371308295,1480.9865,1492.0814,55534580096.0,193361783944.49817,-0.0985406945276331,-0.1037403782646161,0.0945534521159134,0.0903464738060295,0.0554225076970644,-2.892769491616399,0.6072282261998203,-0.10294732891533438,0.09359904447990175,0.2779460036536672,-0.23792371726272035,0.037017852848599375,-0.20373166583867386
2022-09-16,1493.868,1502.9933,1433.8928,1446.7472627040129,47680938268.44444,180264339946.256,-0.0303831528869585,-0.0308542884951799,-0.1414189467891777,-0.1524741905085076,0.0266601260606353,-3.624586235786815,-0.7318167441704158,-0.1850293063572101,0.051066615965385864,-0.07315650018419984,-0.24464292817256436,0.02784886291296118,-0.29269416979730956
2022-09-17,1449.2302192632626,1495.8389223999086,1428.6537589619188,1494.3329669001978,32598806840.88889,178913319421.2662,0.0328915114774406,0.0323621618511114,-0.316313645982445,-0.3802560132822616,0.026326448484961,-3.6371811993054086,-0.0125949635185937,-0.1845493548604337,0.01800380330071505,0.027981041869829415,-0.21281557782338467,0.011729636306448299,0.024798622081059207
2022-09-18,1488.8389179166115,1488.8389179166115,1351.9499,1353.9930383972987,26680713735.11111,176369813081.19727,-0.0939147643874954,-0.0986218983218138,-0.1815432428144786,-0.200334715349709,0.0341961102377838,-3.375643377119292,0.2615378221861166,-0.2761502996716088,0.019909863811559347,-0.1304372696836511,-0.1781684637585531,0.00015041841884055884,0.3234784712644496
2022-09-19,1362.69645633062,1406.4618703761205,1307.3519014727822,1397.4837537854846,49261621276.44444,165380235818.969,0.0321203389935189,0.0316152678130983,0.8463382113956517,0.613204332406259,0.0492382936285495,-3.0110836324387837,0.3645597446805086,-0.2206983125216642,0.07522744564773731,0.46278431863747094,-0.12409008782039813,0.023775862521240754,0.22036870935305553
2022-09-20,1401.5095592327025,1402.2263,1335.0472446877875,1337.6201,39725791745.78397,168012754442.80573,-0.0428367439859866,-0.043781310632049,-0.1935752271965973,-0.2151446618945751,0.0190836919006696,-3.958921135837679,-0.9478375033988952,-0.1737308698822181,-0.004075119979109587,-0.21400302273424598,-0.19411893973560213,0.018803109003705742,-0.10195864594652582
2022-09-21,1337.8963,1394.797976196796,1237.3860350462217,1260.6804588321131,36383806264.888885,164607815361.05798,-0.0575198004036324,-0.0592403682664674,-0.0841263404460596,-0.0878768500718636,0.0761886602158343,-2.5745426434289125,1.384378492408766,-0.27224987518703103,-0.04865809437677626,-0.05737161639118793,-0.2567806519613556,0.014302219635553115,0.10015543741156141
2022-09-22,1261.1309837803958,1353.3909102887644,1251.0919009218028,1347.1129503784068,52572820565.333336,158987825706.0673,0.0685601898092116,0.0663121253175382,0.4449510912239871,0.368075474087761,0.0375274897249313,-3.282681555231025,-0.7081389118021124,-0.10340498219323449,-0.010341959302238024,-0.05060650953384416,-0.21350635758876613,0.02882201339356172,0.07810916609629914
2022-09-23,1339.2832499811695,1370.3708840685615,1280.7153,1339.3711763602032,48127721116.44444,162757498707.6312,-0.0057469375645368,-0.0057635147527762,-0.0845512833644691,-0.0883409332191689,0.0478447164735652,-3.039794585705031,0.2428869695259941,-0.0788322997497846,0.0015669562848721341,0.026792408900266906,-0.21512993349684814,0.02479338935269837,-0.0024789390196007233
2022-09-24,1340.0630025590328,1367.934897244145,1328.7016,1342.3869286540348,44019129144.888885,165004747079.3573,0.002251618033193,0.0022490869399674,-0.0853685127042451,-0.0892340409554767,0.0205486097996274,-3.884961989981398,-0.845167404276367,-0.10354724707655437,0.03924184424662158,-0.09199567276168708,-0.23911853483055653,0.023121603725087425,-0.04050922161670356
2022-09-25,1338.093,1356.5512763882848,1293.015952916324,1318.269,30597888704.0,163336668584.71393,-0.0179664507596308,-0.0181298070153587,-0.304895637456,-0.3636932827567066,0.0326253674363027,-3.4226651509872905,0.4622968389941073,-0.03314591292154148,0.013112940077583346,-0.25570427337571644,-0.15236894344981838,-0.0021572214533982503,0.11675133836936058
2022-09-26,1311.5121,1353.725869665817,1296.9685,1347.6918,34668929580.599304,163062399310.6557,0.0223192686773336,0.0220738389621328,0.1330497315021315,0.1249128747296423,0.0251234865034864,-3.683952153084525,-0.2612870020972346,-0.03915656098058554,-0.049748049077415146,-0.03664490371513551,-0.11239118350340944,-0.0068160391790001995,0.031441474525099045
2022-09-27,1349.3468,1418.7922,1320.0221503313437,1342.7199628110752,37167693013.333336,168772329063.7285,-0.0036891499888362,-0.0036959716853321,0.072075009611267,0.0695960318530096,0.0509311709116759,-2.977280147741698,0.7066720053428273,0.00359892468343052,-0.00898161131533115,0.12887415066061836,-0.07069718763797726,0.015840961471962345,0.021508413267327553
2022-09-28,1343.3419905730066,1369.8569,1284.5967343726272,1345.5653152661714,44449547024.94774,162281531805.70486,0.0021190959648349,0.0021168538479293,0.1959189129387759,0.1789148546838407,0.0454280728696435,-3.0916250198850896,-0.1143448721433917,0.0648053089661208,0.028049676594005035,-0.1984247169691331,-0.15368165293733674,0.0201017120690139,-0.05418315056866296
2022-09-29,1345.8464634715187,1360.8643,1302.6044,1345.6686017093705,36476411783.11112,164268873283.08044,7.676063140693579e-05,7.675768546042297e-05,-0.1793749492511502,-0.1976889720833726,0.0309389010004986,-3.475740954813955,-0.3841159349288654,0.004756408396958148,-0.056781589185199266,-0.09193584993891069,-0.13496337070698236,0.006426949088254474,0.0163359951350186
2022-09-30,1345.393795903389,1377.3679,1328.1739208530014,1337.169272709932,35095161372.44444,165069071971.08365,-0.0063160639912693,-0.0063360947115243,-0.0378669486154394,-0.0386025308274114,0.0254330559924865,-3.671705534039741,-0.195964579225786,-0.0021617332218201732,-0.048459272043633206,-0.029349486281851966,-0.16231287398860655,-0.0019928242883047176,-0.02478970826914706
2022-10-01,1337.3836161692209,1345.2731191842793,1313.3313,1319.5129,24279837106.75088,163238929784.25415,-0.0132042913864969,-0.0132922431269233,-0.3081713786956795,-0.3684170111112265,0.0147924517171568,-4.21363824742708,-0.5419327133873391,-0.013982812673094853,-0.07818268366995085,-0.00752648139123302,-0.1953295087708338,-0.004838712377615906,-0.03834425891023674
2022-10-02,1319.7301,1328.232,1282.589129747522,1283.6007693273082,14872393304.88889,160713085642.94962,-0.0272162027917208,-0.0275934237392495,-0.3874590986957775,-0.4901395611532355,0.0177125885667477,-4.033479673738022,0.1801585736890585,-0.021511516754573207,-0.06697829247591613,0.0054630831201336605,-0.2168376054763413,-0.01215593699437889,-0.030851973216834194
2022-10-03,1285.2782157926702,1335.9004,1280.2935251200663,1329.939,22608955374.22222,160678202831.78214,0.0361001892332739,0.0354638469155233,0.5201961722455357,0.4188393872184234,0.0212861168681374,-3.849700209002645,0.1837794647353767,-0.01448754698421411,-0.05458851306112322,0.027714723269542496,-0.16850122561906056,-0.0009327920376769328,0.06275564613635032
2022-10-04,1329.7521,1372.4368,1326.3752,1370.5743,24317840533.33333,165635055485.4034,0.0305542585035853,0.0300967725615837,0.0755844368227425,0.0728641760095856,0.0151497764600623,-4.18976950224701,-0.3400692932443654,0.02006931721677043,-0.06164208889910938,-0.36261821261947125,-0.15132968305476643,0.01050780447978994,0.017094292736730354
2022-10-05,1369.288,1370.3085,1326.709251937094,1359.8448,22811595143.11111,165983400713.7217,-0.0078284701529861,-0.0078592734927885,-0.0619399320493755,-0.0639412936993867,0.0224555663757486,-3.7962167500596258,0.3935527521873845,0.010347419616085174,-0.1132420415613602,0.022208191897874485,-0.18254789097869298,0.0052785872469485184,-0.03295704402632027
2022-10-06,1358.6797,1388.0352,1354.940727521653,1357.7041591928055,28837461120.0,168039535657.62912,-0.0015741802352698,-0.0015754205588092,0.2641580274893071,0.2344063096579678,0.0170577152198835,-4.071152672037365,-0.2749359219777392,0.009108399771275115,-0.04325194678429156,0.10322289438600096,-0.14857888485716605,-0.0009579854618380068,0.03547513918817069
2022-10-07,1361.288,1367.883776703181,1320.442540138378,1332.0156313316993,23498465404.878048,165139102549.7877,-0.0189205635757784,-0.01910184774683,-0.1851409766242955,-0.2047401581567227,0.0209864647479623,-3.863877584872534,0.207275087164831,-0.004021872770322717,-0.06945885469137636,0.003975114624437559,-0.21240671985766912,-0.0085392206883661,-0.07558659293199566
2022-10-08,1331.7422769672726,1335.9627555052662,1305.8147,1315.1223,15751715599.163765,162660731844.744,-0.0126825323474695,-0.0127636421759248,-0.329670456016508,-0.3999858308271997,0.0141268487226271,-4.259678127496215,-0.3958005426236806,-0.0034975808871076553,-0.05434559874024458,0.0002336615612841264,-0.22918972174201654,-0.016155082886925243,-0.026961044103870346
2022-10-09,1315.5734,1327.8874700858607,1308.9499117853345,1322.2074,11099968504.88889,161685078846.45914,0.0053874076958471,0.0053729475269736,-0.2953168539001447,-0.3500070153537017,0.0096638476140419,-4.639363406328532,-0.3796852788323175,0.02832740737770589,-0.025015357959620843,-0.04916374048010974,-0.2750444631617388,-0.02267263635585337,-0.09487986926852598
2022-10-10,1322.7366,1334.9307,1291.039475304482,1291.039475304482,14298382616.083624,160988060196.84872,-0.0235726442731435,-0.0238549239294812,0.2881462330083206,0.2532041561819061,0.0182092977213696,-4.005822951534361,0.6335404547941712,-0.029544845178345686,-0.05742083992012681,-0.12808264714335182,-0.330781597445555,-0.013374786745863787,-0.1857625721564704
2022-10-11,1290.3481901274745,1297.2552,1270.8912013821448,1279.4075,19233795040.0,157248293268.4948,-0.0090097750897498,-0.0090506085653279,0.3451727762806367,0.2965224630049711,0.0135195555104255,-4.303618085355575,-0.2977951338212143,-0.06789381657622183,-0.036825484121951746,-0.041063743363171756,-0.33281125250024446,-0.0019126552476258496,-0.04438049684569334
2022-10-12,1280.2618,1303.7917,1277.6777,1294.8947767005388,17098290482.843206,158698043106.97745,0.0121050382310083,0.01203235819757,-0.1110287674749389,-0.1176904033561937,0.0124412580707439,-4.386737065695766,-0.083118980340191,-0.04808398104717886,-0.04306914922169369,0.17580044747778611,-0.296942174965828,-0.01031174672525026,0.07363027059134986
2022-10-13,1294.8965520896563,1297.8247973998746,1208.511,1288.0829462253146,23846336358.5784,155970091017.1017,-0.005260528189465,-0.0052744134852818,0.3946620208907041,0.3326521069876524,0.050310398501298,-2.989543493594,1.397193572101766,-0.0552762855423507,-0.03920566606463183,0.38701862133920084,-0.21146783517961457,-0.01759086923066633,0.057556478094924035
2022-10-14,1287.2912871332016,1338.3823,1284.9106821269966,1297.5523,33458848042.666668,161219976906.28818,0.0073515093126845,0.0073246186788371,0.4031022434450522,0.3386856733368201,0.0284050361889542,-3.5611888189392062,-0.5716453253452061,-0.02600842410639361,0.07676984202578296,-0.13580608797443583,-0.24342185353912302,-0.01807986010172158,-0.08724441939450078
2022-10-15,1296.634,1300.896027586447,1269.2297,1273.866,18202968803.55556,157897183244.55585,-0.0182546013752201,-0.018423272446354,-0.4559594884933526,-0.6087315652175864,0.0135059097843231,-4.304627927525781,-0.7434391085865744,-0.032216245132477214,0.01802269060482331,-0.014311868726692545,-0.1593123583092188,-0.04021656550211716,-0.3728532635475883
2022-10-16,1275.0055,1313.2071459181257,1275.0055,1305.7403487076938,12447929377.89547,157890289980.16052,0.0250217438158282,0.0247138258442256,-0.3161593851952308,-0.3800304078040729,0.0147171647996581,-4.2187407929517216,0.085887134574059,-0.012932575412075657,0.009774102545115682,0.03380286498655538,-0.10426233526876709,-0.03949927151736432,0.1416436806239756
2022-10-17,1305.2802020321249,1337.1241,1296.59512013198,1332.4058,17823938080.0,161401169260.8368,0.0204217104255814,0.0202159834464611,0.431879755973795,0.3589880957207929,0.0176142086367342,-4.03904939373123,0.1796913992204913,0.032074083594419205,0.025121180898647566,-0.03343587950072058,-0.11101038608904323,-0.017039751445373952,-0.04365065335960949
2022-10-18,1330.8539,1339.5024,1291.1185,1311.9315,20472464604.444443,161998578471.79584,-0.0153664146463488,-0.015485701582011,0.1485937906963623,0.1385384034577914,0.0244439939953091,-3.711370737600407,0.3276786561308236,0.024435890525173778,0.008678377589109942,0.025568998835774792,-0.037964946500682696,-0.007247479051468275,-0.16134512274016455
2022-10-19,1310.3055,1311.8526,1283.7715,1284.617,19727401237.33333,159255064705.69083,-0.0208200656817828,-0.0210398593476229,-0.0363934377959245,-0.0370721981732067,0.0090920641062084,-4.700353322179867,-0.98898258457946,-0.007970189959057813,0.018174244655391192,0.019946561855821887,-0.08708929286948246,-0.03521621869347058,-0.10707760398494948
2022-10-20,1285.6969,1308.2815,1274.4654,1282.6884,17498682293.333332,158091371459.87402,-0.0015013035013548,-0.0015024315866633,-0.1129758003696013,-0.119883014485082,0.0184601280469229,-3.9921421134784594,0.7082112087014072,-0.0035820454752241663,-0.044456793474619616,-0.6463259062667115,-0.042140267106797615,-0.0273460330382278,0.10180203180854042
2022-10-21,1282.9002,1305.3344,1260.8918,1299.5292,18643007608.88889,157933444469.28708,0.0131292993684202,0.0130438571690473,0.0653949421089565,0.0633455680790896,0.0231493702636653,-3.765787701253351,0.2263544122251084,0.002230369184951081,-0.11216826156774928,0.11657135204215852,0.029993120497010577,-0.02237618412140563,0.013704317822768708
2022-10-22,1299.598,1317.64661754147,1295.022,1313.018181315622,15305410849.77778,160087316088.1708,0.0103798985937539,0.0103263973528355,-0.1790267337293667,-0.1972647324586167,0.0104505116801663,-4.561104337160828,-0.7953166359074766,0.029377950054055774,-0.0234882648395498,-0.10010324400323478,-0.019806140404776986,-0.048701522369640315,0.007766045720090986
2022-10-23,1313.0186,1368.1266,1302.2703,1361.7918,11098584932.794426,161521897930.6153,0.0371461868376472,0.03647289022576,-0.2748587384078248,-0.3213887995315923,0.0265144574215701,-3.6300651316772745,0.931039205483553,0.04238360067866776,-0.011129264718888976,0.28365088930171334,0.01608470291372899,-0.050859540529462066,0.002024780486790334
2022-10-24,1363.0932,1367.6843,1326.8996,1343.6972,21173323406.22222,164836565878.28967,-0.013287346861686,-0.0133764135078023,0.9077498198584452,0.6459244427614159,0.0194656700229276,-3.9391028765790455,-0.3090377449017709,0.00960415280287432,0.02740085313811136,0.11141796953659489,0.004179453081575532,-0.03271988791507496,0.0036365640212334682
2022-10-25,1343.3106,1510.1817,1287.0795603455297,1463.4204659126983,26123834773.33333,170237507961.4546,0.0890998849388822,0.0853515614516074,0.2338088958512907,0.2101060478916511,0.0997174446469789,-2.3054146459361107,1.6336882306429348,0.11051616441858342,0.044596050206138216,0.6273132179387328,0.10959573419095418,-0.006535054970441934,0.22551063646505254
2022-10-26,1459.7245567204084,1583.1290322887571,1459.02892479953,1565.4946440450385,53863084039.11112,187233180145.551,0.0697504104322328,0.0674253599858843,1.0618368056015055,0.7235972387195291,0.0379677188642838,-3.2710189838598693,-0.9656043379237588,0.19690093456882324,0.23384852842221093,-0.028270836622711126,0.14858121703167435,0.027739547170391177,0.1622034572381681
2022-10-27,1566.4981868230211,1573.2015092132283,1510.5281422026394,1514.690284992551,41457106432.0,190014986833.88425,-0.032452592058198,-0.0329908548220405,-0.2303243089107723,-0.2617860332593869,0.0197335832611023,-3.9254333605819247,-0.6544143767220554,0.16608768954409883,0.13658330997888513,0.16667693072406742,0.12005045384903454,0.006095290351307625,0.05038337911798463
2022-10-28,1514.2160640036602,1568.5417,1490.8258,1556.203,36109050375.11112,187144311746.4168,0.0274067348412769,0.027037894257574,-0.1290021546887509,-0.1381157759429708,0.0316569344774876,-3.452798055575815,0.4726353050061096,0.18019389409504735,0.08899084347145703,-0.2696926195157201,0.14522572399871186,-0.011886226614265638,-0.043610779387466936
2022-10-29,1554.4098003468434,1644.768780585353,1549.7773,1620.5119039141928,33548971555.55556,197015146973.2782,0.0413242384921457,0.0404932094288199,-0.0708985363215241,-0.0735373279637336,0.0331580303641035,-3.4064703484253838,0.0463277071504317,0.21041332814812466,0.08520144837256183,0.18880486427211007,0.18605533414153108,-0.004205684411179078,0.09346214274121922
2022-10-30,1619.1528888294572,1637.016,1578.2512693380636,1589.3013,26897969930.666668,196489653388.12,-0.019259719005338,-0.0194476037099565,-0.1982475562291124,-0.2209553923675091,0.0231184746553134,-3.767123212470615,-0.3606528640452313,0.15353795673712148,0.06834126561751219,0.2402150126611846,0.17257930563680665,-0.011871417821307517,0.026632701913805068
2022-10-31,1589.0586,1631.4787,1552.3476,1573.6281543766556,25615568440.88889,193885827044.09708,-0.0098616578387902,-0.0099106060593862,-0.0476765158516925,-0.0488505076343394,0.0346291625447598,-3.363059103801026,0.4040641086695888,0.1582467155607297,0.018402950709599963,-0.01371453303387593,0.17595663363656036,0.0019440829958874417,-0.00635718351773229
2022-11-01,1571.8980574241634,1606.9968,1567.8423720917235,1578.9899,27764591989.33333,194046747916.97,0.0034072506954276,0.0034014591685044,0.083895212140366,0.0805612305776346,0.0172161419838783,-4.06190784783194,-0.6988487440309146,0.07853758065838817,0.006712446682282547,-0.723648045660783,0.20581013354290467,0.01857211942602177,-0.06613097782687705
2022-11-02,1578.719,1612.9202,1506.917494307486,1519.443462917414,24669581521.77778,191370059821.20468,-0.0377117276574003,-0.0384412138055494,-0.1114732919087951,-0.1181905720854686,0.0417719713618553,-3.17552970594739,0.8863781418845504,-0.030498548945249938,-0.126734668113194,-0.0353698183047535,0.1333515911107849,0.002936764858755936,0.13306788381725787
2022-11-03,1518.77521098638,1556.0801235868826,1516.0878954717448,1530.6681700707295,34568313144.888885,188998472213.0928,0.007387380595105,0.0073602275436919,0.4012525147365275,0.3373664900406437,0.0177609337065066,-4.03075396923549,-0.8552242632881,0.010806497002135535,-0.032402626457049166,0.03397197721810041,0.1114134558219287,0.014481974807850406,0.02489765393107657
2022-11-04,1530.9975746112666,1662.0981,1528.8560647409906,1644.6298,26853065112.88889,195689109110.96915,0.0744522112353094,0.0718109607603321,-0.2231884442744565,-0.2525574860529203,0.0388727030021167,-3.2474629969906994,0.7832909722447905,0.056419389330237636,-0.045259074896236484,-0.1457564155571056,0.1910018939137338,0.005652678517737542,-0.07587609055640332
2022-11-05,1643.8873,1659.6563,1624.5877,1626.1543,28373682417.77778,201065354305.7025,-0.0112338351159635,-0.0112974112257858,0.0566273272155819,0.0550820687636011,0.0135132816432488,-4.304082251750959,-1.0566192547602595,0.00431479772209204,-0.02622801840200495,0.14710163218279249,0.17778659167805813,-0.0006470522389037114,0.02502012333780823
2022-11-06,1626.7032,1634.2118388431118,1573.7605,1573.7605,14569443079.11111,198222884517.51505,-0.0322194517457536,-0.032749923756248,-0.4865156075059719,-0.6665356444395549,0.0169547036734095,-4.077209980796454,0.2268722709545052,-0.009673787098507552,-0.06539939662707184,-0.0030280222263914247,0.1669799106789301,-0.012539872435045396,0.018316916973124542
2022-11-07,1572.8043,1603.9821,1549.8852,1568.2193,23137771772.444443,193719728050.7317,-0.0035209931879724,-0.0035272064733985,0.5881026918330285,0.4625400281352492,0.0241918103774952,-3.721741117247576,0.3554688635488774,-0.002343071094773966,-0.013676448401685803,0.0035563950086361373,0.1756681556258018,0.010384146823568585,-0.014581491329000329
2022-11-08,1567.4369,1573.6633,1263.9011,1332.7661161797291,41875192234.66666,178874452837.7412,-0.1501404706728649,-0.1626842027697849,0.809819573228622,0.5932271570099202,0.1177451300150102,-2.139232905624469,1.5825082116231075,-0.169357189629119,0.07549692408901265,0.8527085111195176,0.007553796732192801,0.04214277887149365,0.13355481203099218
2022-11-09,1333.5808198938648,1334.100467197707,1085.7431288580085,1095.3682473373226,70554382947.55556,150428388979.6733,-0.178124177948708,-0.1961659634020081,0.6848730520966215,0.5216902209641195,0.0791118701758407,-2.536892350033076,-0.3976594444086072,-0.3268136221245236,0.21225427590146495,0.31282946991707394,-0.1638214911097814,0.07272504626150678,0.2292821747951559
2022-11-10,1099.633444288979,1345.9238,1091.5501436058237,1300.6546991554835,64840283747.55556,150861575494.56036,0.1874131848510141,0.1717771467602932,-0.080988578757005,-0.0844567288005256,0.1051318099030162,-2.252540383685876,0.2843519663471996,-0.16305178005717458,0.11882164031630182,0.24346101854424962,0.015803164163277178,0.05530702917714336,0.0601858430561637
2022-11-11,1298.9448,1304.623,1211.8695331858423,1294.1023,42946262840.888885,155445154367.24228,-0.0050377699475026,-0.0050505022902674,-0.3376607818668292,-0.411977440185957,0.0520973425388183,-2.9546413384561823,-0.7021009547703061,-0.23924649183186442,0.05785323207694404,-0.08425076454353286,-0.0006135592635986579,0.030039073008659045,0.0005315434661845586
2022-11-12,1290.4865,1290.4865,1245.7726323863526,1257.9701,28423737013.33333,155456419948.31567,-0.0279206674773702,-0.0283178600306155,-0.3381557524891023,-0.4127250263900863,0.0192398584131116,-3.9507711927575344,-0.996129854301352,-0.25705599985088406,0.00017481921606332662,-0.078346198507806,-0.02304084322371716,0.005226812457571839,-0.0011315010858605756
2022-11-13,1259.0258,1274.5241,1209.3709,1223.7969775772983,15444773212.444445,152437604946.95834,-0.0271652898766844,-0.0275410877701413,-0.4566241164840697,-0.6099539636962553,0.0326428306988492,-3.4221300278044184,0.528641164953116,-0.250901902044533,0.0030522224329203596,-0.05696035305431524,-0.05781337350273051,-0.020729510126493267,-0.006039724868689866
2022-11-14,1223.6537584022972,1287.630126864827,1181.1305,1242.5926934344534,24089592682.666668,150852286806.6642,0.0153585244951039,0.0152417762276479,0.5597245975264151,0.4445092656292475,0.0602945273907693,-2.8085139357395903,0.6136160920648281,-0.23224165896350193,0.0033084023483809233,-0.0378917015966187,-0.025750413758813453,0.006821351305426049,0.005757352040743902
2022-11-15,1242.0793482846627,1285.3936,1238.7156459718028,1252.7961,23680562851.55556,154366232414.295,0.0082113846471645,0.008177854654974,-0.0169795245813939,-0.0171253295314481,0.025604988103317,-3.664968098691164,-0.8564541629515738,-0.0624897369251254,-0.06521886086704498,-0.40047012667753323,-0.041039798704987564,0.01288853647704613,-0.002186528617025507
2022-11-16,1253.7473,1265.6373,1194.6871962488146,1217.3068924370905,20331229994.666668,150605758249.43512,-0.0283279997143266,-0.0287369797359439,-0.1414380594703169,-0.1524964515330229,0.0364426717344028,-3.312014890551314,0.3529532081398501,0.10166406168130725,-0.2058265303370561,-0.09176403806090594,-0.0891798128089225,0.0028543764248105674,-0.013636205806412782
2022-11-17,1217.596530009509,1226.4661131782864,1188.0834,1200.1639545769228,19152988718.22222,147528595016.49475,-0.0140826754261178,-0.0141827772116016,-0.0579522870359306,-0.0596993549835208,0.020619063141709,-3.881539235872198,-0.5695243453208838,-0.07909406628403869,-0.23306723419999997,-0.9800937925354489,-0.08780213985642242,-0.001501115305437395,0.0005373883357091547
2022-11-18,1200.7972668937905,1227.6572235936544,1200.7972668937905,1213.309305072681,15701073145.756098,148586353088.9349,0.010952962256221,0.01089341299773,-0.1802285597955769,-0.1987297090346916,0.0142541980132625,-4.250703818230841,-0.3691645823586431,-0.061667689787289384,-0.17021831672576582,-0.015363364680597513,-0.05794931669433695,-0.0045945721621620805,0.00949398106642163
2022-11-19,1212.8139709922075,1227.4193,1200.7882,1218.902299478003,9537879634.062716,148033977798.32916,0.0046097020619049,0.0045991099239483,-0.3925332653685047,-0.4984578630749353,0.0151954094590974,-4.186761906013796,0.0639419122170448,-0.03238754810970216,-0.13768774683052953,0.15188301792345316,-0.05117259697307244,-0.009146934567166198,0.0015957750368646995
2022-11-20,1219.8213081944305,1223.8445,1138.9530169882432,1144.0425,11230235875.555555,145883037349.9549,-0.0614157504748836,-0.0633826565796698,0.1774352693075422,0.1633385724101404,0.0315422020313791,-3.4564288827829133,0.7303330232308829,-0.06727322433334874,-0.03349680955669854,0.276900288074021,-0.12748694325936769,-0.008593136809949442,-0.03027338234200494
2022-11-21,1143.382,1143.382,1084.8446,1108.390669620763,21338577077.33333,137239711226.874,-0.0311630296769892,-0.0316589265268864,0.9001005244939004,0.6419067924012042,0.0317453733305605,-3.45000828613401,0.0064205966489034,-0.11387775288803421,-0.022486107501322294,0.24206256269610105,-0.16941964516199687,0.006999433770886299,-0.02712995535712981
2022-11-22,1107.6939134446236,1138.386,1081.0533,1135.112,24361076316.444443,135898052823.58656,0.0241082238524976,0.0238222083887556,0.1416448354619546,0.1324700606401414,0.0332300775857536,-3.4042998618078384,0.0457084243261713,-0.09940558227323892,0.0056095912944833515,-0.04280125650013744,-0.18302520447428786,0.015216518416405478,-0.0022106625829578785
2022-11-23,1138.829,1186.7917,1129.9878,1185.1995,22390376359.11111,142314996240.9946,0.0441256017027393,0.0431797903683889,-0.0808954387619996,-0.0843553859081588,0.0242380450705777,-3.7198317699368793,-0.3155319081290408,-0.02696774341298167,0.016784728540031324,-0.04893934636510355,-0.12522604922290456,0.0013848376812610752,0.04147779174834598
2022-11-24,1186.067,1214.7715326333491,1181.9022,1204.057,20792419555.55556,146817360186.7318,0.0159108234520855,0.0157855731112565,-0.0713680189169891,-0.0740427638827388,0.0169906943896383,-4.075089473642694,-0.3552577037058149,0.0027109626953164064,0.013164933793575528,0.01750439695402095,-0.19255107018249382,-0.006080663299844247,-0.05023829525918311
2022-11-25,1204.774,1204.774,1175.9864869801277,1199.1684471892786,15465895210.666666,145640249817.71524,-0.0040600675970667,-0.0040683320485859,-0.2561762632125077,-0.2959511851373815,0.0168536834509473,-4.083186043643687,-0.0080965700009931,-0.011314899547077015,-0.0018779078540376304,-0.004426476183193806,-0.2672143180291684,-0.04492073424149012,-0.09292011085838836
2022-11-26,1198.4439,1225.9735360310144,1197.9084388363815,1206.7825404534008,14760104952.88889,148720388865.5001,0.0063494776584296,0.0063294046491043,-0.0456352670287718,-0.0467093609230558,0.0157980584823713,-4.147868227362258,-0.0646821837185704,-0.010746618765256262,0.04089135073439465,-0.009075384295438305,-0.22694009497637044,-0.03246621841089237,0.055951274818345054
2022-11-27,1205.8012391765892,1221.936298514085,1193.848214453027,1193.848214453027,11739046767.49826,148653691913.2115,-0.0107180254658924,-0.0107758772433879,-0.2046772834633089,-0.2290073139456594,0.0152333363436821,-4.184269072134214,-0.0364008447719559,0.043191346114327435,0.003896159685780276,-0.044917631305878114,-0.26391404065198837,-0.03058570608891742,-0.05076397667743393
2022-11-28,1194.281155468315,1199.5172,1155.365,1169.484301065495,15553576785.77778,143530568593.609,-0.0204078819171283,-0.0206189999931788,0.3249437619450293,0.281370014722349,0.0230905634461673,-3.768331253740774,0.4159378183934397,0.05428258456579097,-0.04521891426397673,-0.02991062269230227,-0.3253402210275272,-0.023201238561814108,-0.1198405210605098
2022-11-29,1168.7013,1224.2171100033345,1161.610814227981,1217.2066,18646231342.22222,147632261894.35992,0.040806275801245,0.0399956779839565,0.1988388008134805,0.1813534223142025,0.0271845011220017,-3.605108279775675,0.163222973965099,0.06655801980693735,-0.04677290918144905,-0.7177919275457882,-0.26658320410792213,-0.010821584034442111,0.11565436447943034
2022-11-30,1217.14,1302.2602791041409,1216.4066,1296.2664135826335,21260847079.11111,155643041665.67422,0.0649518443151997,0.0629295815336406,0.1402222083863347,0.1312231630491755,0.0281638814328424,-3.5697149222175653,0.0353933575581097,0.08884535144889841,-0.009509263719948535,0.4682923271649142,-0.19279570009714933,-0.00575847625278314,0.09168605342133973
2022-12-01,1294.835894103784,1294.835894103784,1263.9917,1274.9055,19783274478.22222,156652949237.8673,-0.0164787989249801,-0.0166160846237809,-0.0694973532988068,-0.0720303585178551,0.0140597922113918,-4.264436171414951,-0.6947212491973853,0.056580060731134627,-0.008572940542432406,0.18256002303179253,-0.21374170048549027,-0.01064097550300147,-0.0215003030788663
2022-12-02,1275.835856371096,1293.7240000496386,1267.6698,1293.7235,15344008959.108011,156635283563.9723,0.0147603096856983,0.0146524365134912,-0.2243948808373979,-0.2541117553742021,0.0114919989258894,-4.466104231331034,-0.2016680599160834,0.07650052944386217,-0.0010404465096200965,-0.09486766730217688,-0.16037973306539557,-0.012578346628181691,0.04902236256778747
2022-12-03,1294.8408,1300.1995,1238.5519895132952,1242.378005391551,14198367549.54704,155826000429.579,-0.0396881517638422,-0.0404972053573016,-0.0746637604692567,-0.0775981053252307,0.0227799230753024,-3.781875697821199,0.684228533509835,0.029883014619994156,-0.004809148673707853,0.16495725854193477,-0.2088922431156415,-0.028037951275397432,-0.04376237129830396
2022-12-04,1240.853427719003,1281.8638481923165,1240.853427719003,1280.977471434129,13263055079.11111,154462708733.18515,0.0310690191512308,0.0305961466848021,-0.0658746484179985,-0.0681446403559993,0.0117222019291832,-4.4462706345634535,-0.6643949367422546,0.07007897521506473,0.012993981553158562,-0.12917749361685305,-0.2494403059152617,-0.01915274835664249,-0.05448111746620232
2022-12-05,1279.6452979543108,1302.8499286619171,1249.7737,1259.132581988623,15193700887.11111,156742109688.2356,-0.0170532971364822,-0.017200379161918,0.1455656933100357,0.1358985702936777,0.0276415281143485,-3.588435995274123,0.8578346392893303,0.0745299245921481,-0.003053176710963612,-0.085495528178678,-0.25613233306558364,-0.018931990374110086,-0.06115328722709523
2022-12-06,1259.4086049287175,1272.7851526502018,1245.7988026023154,1272.7851526502018,14341437856.0,153930890158.2108,0.0108428380433269,0.0107844759695824,-0.0560931821314245,-0.0577278275937613,0.0136570539526025,-4.293499117747957,-0.7050631224738337,0.04470368849982277,-0.037263286144796126,-0.5148804933751081,-0.211652671519509,-0.0003306858333154139,0.004117809914150783
2022-12-07,1271.0748197472958,1271.9287,1224.4515,1233.0481897121588,15388381831.11111,151816477912.55017,-0.0312204796349976,-0.0317182261440204,0.0730013256427495,0.0704596991023644,0.0191624113369395,-3.9548046616995647,0.3386944560483922,-0.04889465770060288,-0.053181812725682676,-0.2290385350163655,-0.23995243081014606,-0.01130479289207642,-0.11341208114958667
2022-12-08,1231.7618431221515,1286.1438,1224.8407690947029,1281.7496662198212,14235489060.571428,152579311661.5192,0.0394968152210102,0.0387367645507853,-0.0749196883202396,-0.0778747218010696,0.024109079128986,-3.725166782085637,0.2296378796139273,0.004624533831642561,-0.052980440249580596,0.3243789932659329,-0.03964159887595831,-0.041394562421015024,-0.3616910616351141
2022-12-09,1280.575766940044,1290.7219798093408,1258.0506,1262.201538298898,15888496176.0,156216001744.76273,-0.0152511277639534,-0.0153686223604685,0.1161187443856051,0.1098572600780674,0.0157472928283087,-4.151086812401132,-0.4259200303154951,-0.02553030432008384,0.005325764472580374,-0.06790911711799064,0.13788055710594962,-0.08728967613868832,-0.16972248043013005
2022-12-10,1262.7620631459208,1279.3956905876332,1261.3932099733358,1265.1098328143726,10217945848.88889,155147808582.84787,0.0023041443281666,0.0023014938582201,-0.3568966039515199,-0.4414497651081314,0.0099536939317011,-4.609811547290447,-0.4587247348893148,0.01935955172637312,-0.039603986688103276,0.03098084616079344,-0.026393299789574488,-0.09556428775044168,0.0214451582961237
2022-12-11,1266.7635092513608,1282.2101481169702,1259.7378,1263.7760281199253,7445708549.333333,155632479343.84546,-0.0010542995239236,-0.0010548556886105,-0.2713106274542464,-0.3165077385404871,0.0124164010705844,-4.388737013341956,0.2210745339484914,-0.012478841474946411,-0.06085705889343629,0.02321062110051164,-0.020915191979165828,-0.0673953236865188,-0.004463028059168206
2022-12-12,1263.242563422345,1276.4494150248202,1242.247587443009,1274.6350183278591,11962940656.0,153457261191.2332,0.0085924957953889,0.0085557904140792,0.606689353570135,0.4741757597740433,0.0183765143931783,-3.9966818213239614,0.3920551920179935,0.012017627883853434,-0.035469249292017224,-0.16796685049511373,0.012321630188552429,-0.03286082534583201,0.0031889825071758082
2022-12-13,1275.005701958302,1341.1211,1258.5035,1321.5886668585658,18729368056.88889,158555669756.11365,0.0368369359507345,0.0361746709338028,0.5656157290636725,0.4482791837174227,0.0390379213929671,-3.2432217618627184,0.753460059461244,0.03897169111918509,0.04787345089626527,0.4903393746823559,0.07699328147837842,0.006643869796654656,0.09402968404325174
2022-12-14,1322.697562322965,1349.0910334449154,1306.408743607626,1310.3290995703633,21131939253.33333,162198844837.17917,-0.0085197214311519,-0.0085562217205104,0.1282782840908902,0.1206928284033421,0.0219701203615337,-3.818071914151207,-0.5748501522884886,0.06183278943780862,0.05938845335839105,-0.05403572173938054,0.05349145773006889,-0.005980571778909649,0.05593969860703685
2022-12-15,1310.0080510350774,1312.551384233701,1263.5405,1266.910674390604,20454735331.55556,157155724065.66028,-0.0331355116771774,-0.0336969295196476,-0.0320464635857282,-0.0325711924296096,0.0170828355194334,-4.069681090382166,-0.2516091762309589,-0.010728397526913397,0.0605632362445192,0.025740709823229402,0.010444490436460781,-0.00656387688625415,0.022193558697013893
2022-12-16,1267.8176766205104,1280.3073,1161.5234444998205,1166.2983,17306134037.333332,150518546649.42453,-0.0794155234653773,-0.0827465100759238,-0.153930189913769,-0.1671534049478985,0.0452695323001681,-3.0951210489291867,0.9745600414529793,-0.07946654828291798,0.013306358235823268,0.47952786170878214,-0.043043971147594645,-0.006194824987076686,-0.013946003541744467
2022-12-17,1169.164530112906,1190.8252745675318,1165.1159394170434,1189.739429972017,20335989585.77778,144426325487.6189,0.02009874315346,0.0198994296238793,0.1750740830914834,0.1613311950481502,0.0109830650941443,-4.511400729384392,-1.4162796804552054,-0.06273091307712403,0.09015309997133514,0.04986698565236036,-0.009251408526673981,0.002427133591663022,0.014131314871961953
2022-12-18,1189.6632635056071,1197.5162,1177.8640934234472,1188.275953997609,9518597777.77778,145217834393.1846,-0.0012300810896404,-0.0012308382603685,-0.5319333864905829,-0.7591446566347934,0.0116779080175823,-4.450056425707524,0.0613443036768686,-0.061178399834804824,0.017507475501620462,0.003821910091059255,-0.02043977698085002,-0.012749987434148125,-0.0026260907135360334
2022-12-19,1186.8759714359844,1196.2549540692603,1161.044,1169.058023154611,10509185873.77778,144776343867.36993,-0.0161729527374048,-0.0163051623553948,0.1040686999415647,0.099002174126748,0.0189184482621461,-3.967617734464685,0.4824386912428386,-0.08675233460358765,-0.012246131973910224,-0.07739722632562973,-0.042506063203528455,0.0020138991606373224,-0.011132132244469739
2022-12-20,1170.2434099477443,1226.0437,1166.5244394798874,1218.687660383035,17283320952.88889,147863789965.56778,0.0424526723613789,0.0415762754457847,0.6445918038250458,0.4974922098532243,0.0245484679069757,-3.70710583373684,0.2605119007278453,-0.0818986675260761,-0.012331821098772622,0.01856437626748031,0.06378405436522804,0.012459845313941287,-0.018673851042353418
2022-12-21,1218.9821173324708,1219.7626592912904,1206.8897544816905,1213.2070244699548,12978582071.11111,148477042688.59653,-0.0044971620631308,-0.0045073047166364,-0.2490689661733236,-0.2864414638893525,0.0068971840106132,-4.976642065084151,-1.269536231347312,-0.07676599617236926,-0.07252976427304958,-0.25158023376487426,0.09098698809323391,-0.017249614781896128,-0.036737379666266445
2022-12-22,1214.764217307598,1222.722,1187.0802,1218.50271599921,10386942257.77778,148086930736.36932,0.0043650353339892,0.0043555361999278,-0.1996858978225389,-0.222751000650478,0.0208308615107095,-3.871319665433002,1.1053223996511488,-0.03967423447231827,-0.0974891859096445,-0.11442838722401305,0.06762228155035135,-0.029514995058125493,-0.21280450651971639
2022-12-23,1218.169382662123,1228.2728457549422,1215.8963590116723,1220.0796155854068,13899782833.77778,149443679917.1883,0.0012941289054932,0.0012932922424367,0.3381977572244201,0.2913237514007603,0.007094656174903,-4.948413429741262,-1.077093764308259,0.04262669838367744,-0.035260402399398316,-0.7768446668987177,0.028273323901108646,-0.01836805582064116,-0.0872511075807254
2022-12-24,1220.4105233833518,1225.2539,1215.8367,1221.8758,8221414096.888889,149233284966.02634,0.0014721862341182,0.0014711036303636,-0.4085221189995803,-0.5251309910212746,0.0054045440795896,-5.220515183051046,-0.2721017533097845,0.026716923687513248,-0.13655257182555758,0.1970362169258486,0.014095221437489503,-0.027830378154892088,0.009814597933361924
2022-12-25,1221.8455,1224.6446,1203.2394,1219.4884705177233,6776633709.714286,148988323127.6561,-0.0019538233609969,-0.0019557345637006,-0.1757338056626208,-0.1932617498622126,0.0124107058882336,-4.389195800784259,0.8313193822667868,0.02710686329292268,-0.03367713992100718,-0.0031076406375682986,0.01740751907302531,-0.01969971675619675,-0.0016910922958528474
2022-12-26,1219.7705215814528,1227.656045827296,1214.1297215959944,1227.656045827296,9316884416.0,149260618112.03818,0.0066975420490078,0.0066752131579362,0.3748543620771876,0.3183478070194572,0.0067329899128036,-5.000735967592747,-0.6115401668084877,0.04789492765490773,-0.01500538843395205,-0.5371570486116304,0.01796242276439529,-0.012541175408074423,-0.0003187239006248177
2022-12-27,1228.551573708037,1231.4366787628244,1205.1912,1212.875705865981,9369368394.666666,149074887491.63794,-0.0120394796340166,-0.0121125411763986,0.0056332113100527,0.0056174041109655,0.0129750856972912,-4.344724245151133,0.6560117224416135,-0.005022024102103165,-0.10574939953887608,0.20043897562697577,0.01544969549826485,-0.005509264414953918,0.001361942722857723
2022-12-28,1212.8211203452593,1214.26785002282,1185.7518,1190.8111424850167,11934880928.0,146575288201.2472,-0.0181919410820504,-0.0183594490826963,0.2738191546394635,0.2420195962415524,0.0123612518894276,-4.393188546529229,-0.0484643013780958,-0.019915290873351567,-0.014819728559608336,-0.08329949150846794,0.018741574954569986,-0.008472109537486006,-0.03434822965544848
2022-12-29,1190.8051542675605,1205.254314948879,1188.558,1202.1429559078665,11982238856.88889,146582166290.85394,0.0095160458435099,0.0094710534869396,0.0039680269266686,0.0039601750718836,0.0079126819501396,-4.839288496497916,-0.4460999499686862,-0.013243465099036901,0.022564131121129094,0.07085033042685662,-0.012398083620398183,-0.015792092094745414,0.003415941720863902
2022-12-30,1201.7612846480292,1202.737158509649,1186.3174,1199.6719972992698,10072654832.0,146380283737.7447,-0.002055461537626,-0.0020575768978838,-0.1593678817202865,-0.1736011483857467,0.0096595644874816,-4.639806715885661,0.1994817806122544,-0.017139112873046553,-0.05501110743340831,-0.03665370624579989,-0.07633578057468719,-0.02708741060150288,-0.10879938941036871
2022-12-31,1200.6447473414366,1207.2416,1194.9810851373763,1197.4878,7761569877.630662,146813114312.18103,-0.0018206620677875,-0.0018223214874375,-0.2294414921304769,-0.2606396921671453,0.0070300179452424,-4.957566020496761,-0.3177593046110996,-0.02013655831803889,-0.006818174435746727,-0.03725506318241667,-0.06337567508066479,-0.029947154975808132,0.03735958095089309
2023-01-01,1197.1444,1205.0958,1193.42220025724,1201.5622971158014,6431231801.777778,146633439623.4848,0.0034025374753723,0.0033967619420078,-0.1714006440484422,-0.1880185266121792,0.0064911263156814,-5.037319216993602,-0.0797531964968412,-0.01504011968670699,-0.005152070241333462,0.05850006578200473,-0.07476512892991476,-0.02279620034169838,-0.032300918809966106
2023-01-02,1201.3234351680835,1220.9376,1195.7718380567617,1214.5258034058745,7972081998.222222,148378453763.46814,0.0107888757172145,0.0107310910471379,0.2395886579641724,0.2147795971349763,0.0130667049580282,-4.3376878903967775,0.6996313265968244,-0.011482177789499037,-0.020316030860968226,0.028246276226020495,-0.02144567569453991,-0.0162390070647227,0.09843555913325153
2023-01-03,1214.7729913506428,1220.0728,1207.8507033813228,1214.9865934158993,8335574752.0,148617864066.1766,0.000379399110939,0.0003793271572952,0.0455957118678453,0.0445867821984301,0.0071183315190994,-4.945081918224644,-0.6073940278278664,0.0017838922189975209,-0.015903108361193574,-0.22129045395127545,-0.05184988604995378,-0.013041127172019884,-0.04040494058639599
2023-01-04,1214.9439,1266.1624479419488,1213.680037220483,1257.0484273356478,13085537285.333334,152830540181.3555,0.0346191753453779,0.034033412482195,0.5698422333977209,0.4509751260292246,0.0211590462349267,-3.855687746971666,1.089394171252978,0.05413677643069139,0.0176850291532773,0.4208778188463884,-0.0018757946230382406,-0.0056318597745672605,0.04829186987424716
2023-01-05,1257.390386070807,1259.580377021408,1246.3896,1250.5991,12116147982.22222,153202731636.58075,-0.0051305321222329,-0.0051437384919964,-0.0740809706146063,-0.0769684894276416,0.0066396445433987,-5.014696849547391,-1.1590091025757243,0.03983449856904391,0.002037948037798998,0.21093910539088112,-0.016240140813505683,-0.005979369435930693,-0.004481615573327602
2023-01-06,1251.0164,1274.1797849513912,1241.2967884215009,1269.973955998053,10604729132.444445,153572870585.5989,0.0154924595724186,0.0153736766758438,-0.1247441721573101,-0.1332390606803095,0.0159507546564908,-4.138249136983974,0.8764477125634169,0.05613769121522414,0.008056790516491219,-0.2438242329096716,0.030550855901472093,-0.012976039291054065,-0.011720321573713832
2023-01-07,1269.3049684405214,1270.6344,1261.9063,1263.6902,10093205690.666666,154806866635.95358,-0.0049479408364045,-0.0049602224247953,-0.0482354085040048,-0.0494375526093191,0.0040203167548067,-5.516394584727314,-1.37814544774334,0.0540971165266201,0.03456017330186967,0.04483332310041188,-0.013273623968397512,-0.011373929975079022,0.013232664330220967
2023-01-08,1263.1561314125202,1285.683457241335,1259.8692284830947,1285.683457241335,6439228099.555555,154832036542.79092,0.017403994461091,0.0172542795449684,-0.3620234941303135,-0.4494538209710553,0.0092185988773962,-4.686532218536816,0.8298623661904978,0.0678666385644597,0.00011649192549256782,-0.08851186966172442,0.01798901489649007,-0.0264405148660245,-0.002549013014988777
2023-01-09,1288.1180390956165,1344.5612381016306,1286.7009,1322.5694583527213,15692350625.77778,161342037522.85547,0.0286897998909714,0.028285953572463,1.4369925064249376,0.8907646997203841,0.0264250381173075,-3.6334433047554473,1.0530889137813686,0.0850191829232039,0.10657748099794162,0.6239522203109829,0.04311117405086783,0.015403297449783082,-0.02734367049359232
2023-01-10,1321.5392132238906,1342.9171,1319.7301,1336.3735778500345,15791881173.333334,162851509693.2731,0.0104373493657614,0.0103832563014425,0.0063426155793417,0.0063225858424812,0.0101755510036341,-4.587767396428362,-0.9543240916729144,0.0952617572791509,0.09316068646817754,-0.2654945619650735,0.05627778185499807,0.02303625131301601,-0.02455379271532898
2023-01-11,1335.7543595768393,1387.8770885073302,1324.1113638228896,1387.8770885073302,12947376391.11111,163521669785.1808,0.0385397552832156,0.0378156450488013,-0.180124505180899,-0.1986027858384901,0.0232390399109557,-3.761921659772798,0.8258457366555638,0.09873685415711209,-0.001649603915126363,0.17428013134479814,0.0848246544904114,0.0026824802676692627,0.1345222523928742
2023-01-12,1388.1829873475187,1435.8886,1378.1888,1417.9421,22942560789.33333,171868277862.71252,0.0216625893903938,0.0214312899033518,0.7719853116407669,0.5721005630067547,0.0258315252840961,-3.656159622743021,0.1057620370297773,0.12525025420707622,0.12166095843350533,0.30609075716305645,0.06953333602549035,0.011399881179610105,0.22716264043277823
2023-01-13,1418.2492,1463.6707816926562,1404.4963229870098,1453.476950245761,21868064426.666668,173490828488.19867,0.025060861262079,0.0247519876686894,-0.046834194863122,-0.0479664081558774,0.024879935140506,-3.6936936180073983,-0.0375339952643778,0.1354891010672797,0.11259130864667455,-0.045352377454101145,0.10392529976452287,0.0019785082631003093,0.04502341426850287
2023-01-14,1453.1673137586306,1565.3492403205712,1453.1203041354945,1554.18,33245275907.55556,188380218987.62363,0.0692842426824944,0.0669894925664951,0.5202660491074433,0.4188853518493464,0.0319810898398425,-3.4426104933626718,0.2510831246447269,0.20733462013805337,0.19793326573515202,0.25862043455001027,0.2036510178311411,0.033767001567337473,0.11683212277465804
2023-01-15,1552.4133,1558.8221,1522.948,1552.396050626926,19293094368.0,188197546001.91364,-0.0011478396151501,-0.0011484988875822,-0.4196741088373608,-0.5441654519229772,0.0164632417152752,-4.106625158089392,-0.6640146647267202,0.18661730772235033,0.09503650229303418,-0.09463514544044216,0.2835101595571177,0.005144739284222766,-0.37239887115738557
2023-01-16,1553.0580438223292,1597.462176318375,1535.3383,1577.9221251903018,19714203192.88889,191238421576.8227,0.0164430169434321,0.0163092944169987,0.0218269198738461,0.021592123108574,0.0262531042422572,-3.6399710400883993,0.4666541180009922,0.1773117429927755,0.027971847838209385,0.02811869584201032,0.2824385756475889,-0.0016071175210257138,0.19566882265355323
2023-01-17,1577.8197672282424,1595.102430458733,1555.5379508030694,1568.520723029572,20024305404.444443,192243578154.78177,-0.0059580900797597,-0.005975910316767,0.0157298881685166,0.0156074557079063,0.0173759169435664,-4.052670115193321,-0.4126990751049213,0.1606367649486763,0.028615137464310436,0.11327522244421839,0.27880833949993195,0.026812998388255238,0.01920870142295561
2023-01-18,1565.2937578802637,1603.3377,1511.9049731159082,1518.2812385427997,20434701468.444443,191646511685.2973,-0.0320298506415239,-0.0325540296206345,0.0204948963627429,0.0202877021408451,0.0369408418528637,-3.2984375147342946,0.7542326004590261,0.08958324228562017,0.04869863239630945,0.04414720822384677,0.26036716108334607,0.024688332401336055,0.07768609628625311
2023-01-19,1517.9596598755118,1561.3908441486767,1515.1253,1552.5629975216818,22981805365.33333,187703317360.68445,0.0225793206875062,0.0223281811705209,0.1246460047787905,0.117468323720924,0.0160034674610827,-4.134949863904271,-0.8365123491699769,0.09048395896709677,0.0002491057564810717,-0.19935553291212882,0.24189093167325487,0.013903542124101165,-0.031324190748755365
2023-01-20,1553.2304565157428,1663.5809,1545.8403,1663.5809,15697074524.444445,192764525788.672,0.0715062143407598,0.0690653355794082,-0.3169781801336401,-0.3812284728259492,0.029569639923145,-3.521007122292163,0.6139427416121084,0.13522691918008614,-0.03995321309438182,-0.4946227529878877,0.314422449564111,0.006565264043683072,-0.09010338224197434
2023-01-21,1661.3314,1678.16831334088,1627.7613,1629.442,24645126574.22222,202623857230.03748,-0.0205213344298433,-0.0207348227738445,0.5700458410797071,0.4511048170739001,0.0178865927265232,-4.023703856474771,-0.5026967341826083,0.04842693706614011,-0.058485131907957566,0.38904437229668076,0.29088839907764164,0.03374544080683961,0.183739623685917
2023-01-22,1629.5682,1661.530846335606,1613.6371,1632.6316,18501790670.22222,199838737078.89365,0.0019574799225747,0.0019555665552629,-0.24927183414938,-0.2867116556576767,0.0206489682999035,-3.8800899220869502,0.1436139343878211,0.04996727272070541,-0.005557130720088566,-0.006494563191975278,0.2910058947567785,0.010653094220199222,-0.00047815249619187483
2023-01-23,1630.5893,1645.1655,1615.8282,1632.0742,17575558314.666668,199957691102.3016,-0.0003414119878605,-0.0003414702822018,-0.0500617681858374,-0.0513583156443733,0.0127106319802218,-4.365316471946759,-0.4852265498598087,0.033807721245796944,-0.015175553151856036,0.05522403485704164,0.2894893005170221,0.02131010507711295,0.006122299149030619
2023-01-24,1629.7305,1643.7927,1563.2685,1564.8686110531205,19096453902.22222,199150242329.69067,-0.0411780230009637,-0.0420498553255698,0.0865346955314858,0.0829934535054436,0.0249848110838784,-3.6894871953961257,0.6758292765506333,-0.0002716452245270598,-0.006656231326878981,0.042298588285308636,0.24913912188077608,0.027390834619286153,0.13135062094891725
2023-01-25,1570.711173905314,1645.5753,1537.7599,1625.2328,27738276956.444443,191948259388.48453,0.0385746052547222,0.0378492011901212,0.4525354863510333,0.3733106406682342,0.0429668562796728,-3.147326244689098,0.5421609507070277,0.0682839629609395,0.05123406367883376,-0.2320553673028254,0.27981517392096744,0.03960594489568692,-0.09466328444015759
2023-01-26,1623.572177020823,1644.6173,1598.8551,1611.3829,30637000014.22222,198327722631.92807,-0.0085217945392191,-0.0085583126448378,0.1045026359182097,0.0993951304014068,0.0193969893387913,-3.9426374136779647,-0.7953111689888668,0.03675582684910476,0.05102404005808836,-0.01880721039228872,0.28414360412733075,0.04385581062077648,-0.01592948115647297
2023-01-27,1612.7875,1627.6226544427234,1573.6525,1607.9381,23498060344.88889,195303034932.97543,-0.0021377910861534,-0.0021400794234237,-0.2330169293997229,-0.2652905500875803,0.0237708522412938,-3.7392951446013583,0.2033422690766064,-0.03266665410150215,0.04944855564468753,0.016367632259084886,0.30032299643340576,0.02306107985373984,-0.0702558598175731
2023-01-28,1607.3429,1616.2405745069884,1572.3951,1579.8037,19489013681.77778,195223965125.44376,-0.0174971909677369,-0.0176520761768912,-0.1706118123908523,-0.1870669733629712,0.0162120660049596,-4.121999498859963,-0.3827043542586046,-0.03101447293483985,-0.032407942394033995,-0.13013505796039881,0.2735123808868636,0.014691415169370003,0.10545664678536704
2023-01-29,1581.5592,1668.8411,1577.7999,1661.5962,20949587925.33333,198544651215.6905,0.0517738374710732,0.05047810781076,0.0749434664783055,0.0722680708742527,0.0251403356858086,-3.683281723251719,0.4387177756082443,0.018837223401389137,0.015516262360254274,0.10044443865820396,0.32492000466795984,0.020911329966949666,-0.29523731109862394
2023-01-30,1659.9173,1659.9173,1555.6891244857206,1578.0185,26127431872.0,196973124884.90765,-0.0502996456058337,-0.0516087605689677,0.247157317132971,0.2208668152227731,0.0333727319352601,-3.4000161215668565,0.283265601684862,-0.03224471766977192,0.052393946287093485,-0.043024576287880034,0.2762308918351835,0.03434583975810668,0.25127650474701246
2023-01-31,1577.6944,1611.3715,1571.9815493761575,1594.5995,23157389148.444443,194345794089.99377,0.0105074813761689,0.0104526614721021,-0.1136752643009841,-0.1206718766810335,0.016197801386291,-4.122879762849786,-0.7228636412829297,0.015094113721093434,0.023950098241492412,0.05061182800880415,0.283198795800157,0.030285121126865988,-0.03950197445068171
2023-02-01,1598.7421,1658.6795,1571.805,1655.6429,19218017436.444443,195706810982.7754,0.0382813364735157,0.0375667850848311,-0.1701129469625301,-0.186465668129056,0.0312186900407289,-3.466738323752447,0.6561414390973392,0.019560623374185904,-0.05092788696911299,-0.1703990495284784,0.30963217167126905,0.019858644587841923,-0.21983389426246247
2023-02-02,1655.6512,1719.1712799197292,1652.7172,1655.1528,32690205191.11111,206018338591.79584,-0.0002960179396173,-0.0002960617615758,0.7010186039855721,0.5312272504412592,0.0278746804488118,-3.580036512987319,-0.1132981892348721,0.025929282482359685,0.012511841179453143,0.3571123001565746,0.3091954279641979,0.04170074171587501,0.1646689815072877
2023-02-03,1652.171,1683.0069,1645.6273893338375,1674.3734,29163596551.11111,203247692073.1577,0.0116125834424469,0.0115456748846338,-0.1078796728066708,-0.1141542595431221,0.0135424729761401,-4.301924385919523,-0.7218878729322036,0.04085656277549799,0.033734163053487976,-0.042437327497508726,0.2864005546779916,0.026606139724680844,-0.051924353017841485
2023-02-04,1672.5805,1700.5303,1656.2810793777169,1673.6919,21454622140.444443,205081283141.30707,-0.0004070179327979,-0.0004071007870796,-0.2643355183286872,-0.3069811314867572,0.0186385586349423,-3.9825227991661287,0.3194015867533939,0.05662070906883742,0.011442847045032067,-0.07340157274473702,0.2910755640375241,0.015134530639407728,-0.025040486752540003
2023-02-05,1673.9454,1680.644271753026,1623.7659,1639.7916999695117,18577795182.22222,203091622337.36047,-0.0202547434390334,-0.020462683393099,-0.1340889128407938,-0.1439730464075527,0.0207009598506623,-3.877575210188637,0.1049475889774917,-0.012198560294661685,-0.013823873822303767,0.13676077691435795,0.25609973983593937,0.012742836493121246,0.061683827632246446
2023-02-06,1638.0485851442593,1661.8990280236933,1617.5003,1622.4906,21231248355.55556,200928158161.42365,-0.0105507912802785,-0.0106068455048402,0.1428292834163942,0.1335070153167434,0.0182059049136335,-4.006009291716507,-0.1284340815278697,0.02799783524659682,-0.029156259391225348,-0.1422644784586633,0.2503489208353775,0.01753365850647981,0.02390617697356867
2023-02-07,1621.524,1683.2492488168684,1621.524,1680.0255,22210010001.77778,201740482396.2096,0.0354608525929209,0.0348465958205826,0.0461000516705889,0.0450690127611233,0.0145813508855606,-4.228011903363046,-0.2220026116465394,0.049591839333133776,-0.005741040061643332,-0.09577392069896007,0.2656267031278395,0.024312243534378553,-0.2463052060502524
2023-02-08,1678.3319,1695.5076,1642.2761,1658.7477,26568707776.0,204895515309.9181,-0.012665164903747,-0.0127460517943687,0.1962492485988676,0.1791910356543115,0.0213437275054935,-3.8469973761270126,0.3810145272360334,0.0018685143184861387,0.04370362370124781,-0.2507166604037314,0.2272657921868969,0.016429116512586717,0.009451120587883999
2023-02-09,1658.3829,1665.3742903431876,1546.446383676728,1552.6470242567614,25824156625.77778,199167088344.0928,-0.063964324256931,-0.0661016881207909,-0.0280236117051498,-0.0284237666944766,0.0326804141113973,-3.4209793373632342,0.4260180387637784,-0.06212894868154392,-0.04076261667742287,0.24314311060924299,0.15046503633877376,0.01491846069086833,0.2620018690306267
2023-02-10,1552.4529112868818,1562.130350478402,1516.4694,1521.2239,30660089137.77778,189010233968.74377,-0.0202384210743606,-0.0204460237271284,0.1872639088307244,0.1716514235443802,0.0167483515548361,-4.08945544019075,-0.6684761028275155,-0.09485243517245787,0.009027128402088636,0.010879423308616243,0.09151951956922379,0.025808213079823616,-0.08919367458995242
2023-02-11,1520.3617,1547.9816,1516.9408,1545.6497,19992811100.444443,186890217535.2983,0.0160566764695191,0.0159291315271168,-0.3479206465903475,-0.4275890167777472,0.0100019254559015,-4.604977658932458,-0.5155222187417081,-0.07973901529166791,-0.008816997672802529,0.10021022917043387,0.08602118660729606,-0.004251957003429396,-0.0937375013617483
2023-02-12,1546.8055,1550.5644,1512.6119705250726,1520.538302956336,12486514787.555555,188345433086.8513,-0.0162464994776395,-0.0163799209113805,-0.3754497691783833,-0.4707235189896023,0.0139187466139662,-4.274518670230025,0.3304589887024329,-0.07444122740637198,-0.037600474868472844,0.07417308617528251,0.04531889032949649,-0.013644619569582517,-0.13788863442391142
2023-02-13,1525.3292,1529.724,1474.8101,1514.6054299680666,21549832529.77778,184100159176.80795,-0.0039018240952789,-0.0039094560697974,0.7258484770510187,0.54571880030877,0.0254758391865452,-3.670024758843968,0.6044939113860575,-0.06821148499073015,0.0020020022322597697,0.29727079619245567,-0.024655725080402407,-0.017274902266873227,-0.07345690364331992
2023-02-14,1513.2961782317343,1562.2449,1501.428255644734,1557.6276,27273681290.666668,186823543889.20425,0.0284048697969083,0.0280089317123768,0.2656098952499801,0.2355541366242491,0.021593342464326,-3.835370231045496,-0.1653454722015284,-0.07463648899277384,0.03129378736862165,-0.022880712140005866,0.002937975731277,0.011820098834327553,0.009949969503623368
2023-02-15,1557.0171,1670.5597006869714,1546.2917,1670.5597006869714,27985340692.539005,194491601331.1417,0.0725026320071442,0.0699948259029391,0.0260932653090681,0.0257586444779442,0.0327681979040693,-3.418296810030434,0.4170734210150617,0.007315749447367475,0.00858237211270918,0.01135457995491329,0.05711472044150945,0.012104759802863185,-0.05656704837957838
2023-02-16,1670.3704446625238,1729.7115,1634.2073,1634.2073,36600400540.44444,206170476004.6912,-0.0217606115315857,-0.0220008654143754,0.3078418784518226,0.2683783576936849,0.0377872535489698,-3.275783440923105,0.1425133691073288,0.05132165150460598,0.06298066846084183,0.20583836775473774,0.04308434388237979,0.02382665828066166,0.06676283892242996
2023-02-17,1637.0959,1712.6734,1637.0959,1689.3299,34996085155.55556,204095530464.3524,0.0337304820508388,0.0331740864528184,-0.0438332739860612,-0.0448229815404072,0.0252461297756268,-3.6790824112215663,-0.403298970298461,0.10538367435242701,0.02426303476311631,-0.16420437039501445,0.10696483733054389,0.02047230963090385,-0.18465355472335787
2023-02-18,1688.2629,1696.6164,1680.6443,1691.9155,24332599086.22222,206623587904.7577,0.0015305477041518,0.0015293776097858,-0.30470511264145,-0.3634192250488133,0.0065520273588116,-5.027980756797278,-1.3488983455757113,0.08966948256596038,0.023708730697883595,0.06580011848113054,0.08552439147333263,0.0018780512093137247,0.08796178771743612
2023-02-19,1692.5501,1720.6520135772514,1672.9287,1681.2561,15061352088.88889,207404120611.80627,-0.00630019643416,-0.00632012642438,-0.3810216477278403,-0.4796849790057515,0.0194489684507615,-3.939961246274703,1.088019510522575,0.09733093699871247,0.013805438540448023,-0.029682419909522917,0.011921863521769438,-0.0008834256506311533,0.12356666366074798
2023-02-20,1682.0428,1717.8282,1656.8934590790166,1701.8493,23425424398.22222,207686004989.5514,0.0122486990530472,0.0121742907260942,0.5553334295599996,0.4416899467999648,0.0244797477169879,-3.7099091270697127,0.23005211920499,0.11742531208581718,0.009937672191366431,-0.32859904621338254,0.04340041159141746,-0.001697135777114056,-0.027315388588093903
2023-02-21,1704.3262620177268,1716.4765,1640.0783993503676,1657.2336,22902066616.88889,205922715237.0968,-0.0262160110181318,-0.0265657771618156,-0.0223414428885673,-0.0225947935130968,0.0270773121877696,-3.6090590903777935,0.1008500366919191,0.06237783072798499,-0.02331769318614363,0.009462286232326811,0.016208222955070573,0.006109195355474384,0.02547146059976546
2023-02-22,1660.3077,1665.3506,1602.2297,1643.0491,28918657998.22222,199975859338.79785,-0.0085591433820796,-0.0085959832120123,0.2627095397974459,0.2332598405123187,0.0265391317362471,-3.629134965901583,-0.0200758755237893,-0.016491702014273735,0.0050240600443771655,-0.26282772910980556,0.008139059240864914,0.015578395750619478,0.003000961476330666
2023-02-23,1643.3021,1675.3703974904777,1635.2179,1651.6473,27325169571.55556,202670768980.8049,0.0052330755057776,0.0052194305488447,-0.0551024334104515,-0.0566787525069073,0.0168617435494245,-4.082707918384848,-0.4535729524832654,0.008849274068868967,-0.05108645764389763,-0.058789056068415224,0.05024465970847284,0.011151182591255804,-0.03891353719413759
2023-02-24,1650.2095,1663.239,1586.7964,1608.6857,23322670858.666668,199692100689.2138,-0.0260113645328515,-0.0263556433058773,-0.14647662853135,-0.1583823540309876,0.0292566719086614,-3.5316476318735783,0.5510602865112699,-0.048282620282592656,-0.06824232727446855,-0.02725179567429148,-0.009211259029143265,-0.00596836488194441,0.03863014689030031
2023-02-25,1608.771,1609.1812,1568.2261,1595.631,19937191318.745644,195404353901.4972,-0.0081151339879504,-0.0081482409208893,-0.1451583122892199,-0.1568389877618989,0.0175023227775102,-4.0454216767170905,-0.5137740448435122,-0.058967057259307974,-0.026952403360731125,0.10909304871409953,-0.010694779080282737,-0.014611903125409498,-0.000450192917110126
2023-02-26,1595.675,1645.7324,1589.6717,1639.222,14025320977.77778,196904761130.9409,0.0273189728702938,0.0269524697449909,-0.2965247334216688,-0.3517225607169097,0.0179037500845367,-4.022745086148462,0.0226765905686283,-0.025787268091202128,-0.006460095603852523,0.13733806333774945,0.019639296073212697,-0.013116812907824738,-0.004155343995676741
2023-02-27,1641.376,1662.4443,1613.29,1633.5255911573129,18252529955.55556,200300335919.71225,-0.0034750685646527,-0.0034811206404039,0.3013983768696289,0.2634393608593035,0.0210124610407384,-3.862639634348422,0.1601054518000402,-0.04242926000651696,-0.03289476118571599,-0.07018003711715481,0.03232942251322787,-0.001724912382243815,-0.010246500841987416
2023-02-28,1633.6287543691326,1644.9773581175605,1604.5378558667226,1604.5378558667226,18975334115.55556,199357754915.05905,-0.0177455042317722,-0.0179048435438843,0.0396002177100933,0.0388362332023495,0.0136037640346963,-4.29740875727604,-0.434769122927618,-0.03416717178765947,-0.025713348978790407,-0.3346516168106226,-0.03393200700105665,-0.002760294919315953,-0.0016696747716586913
2023-03-01,1604.180852544386,1665.0062,1599.6845103794246,1665.0062,22425958464.0,201463500375.12088,0.0376858320370474,0.0369930722999324,0.1818478835434942,0.1670792165764675,0.0163058011982115,-4.116234332756648,0.1811744245193915,0.013121154028519322,-0.04402226924835517,0.1001833957755971,0.0538643063449746,-0.005195824023559226,-0.028350683331237914
2023-03-02,1665.9322,1673.6289,1622.3307,1647.3442,20639774336.0,201007215922.1837,-0.0106077683074092,-0.0106644317530184,-0.0796480619041246,-0.0829991406808007,0.0208786625849813,-3.8690275704625647,0.2472067622940836,-0.001737834153309781,-0.047449470591438114,-0.0006741683454780656,0.02994728285791053,-0.0035495097270050735,0.03234367619066747
2023-03-03,1648.1644,1648.9702,1554.9741,1568.7959785979592,25721920824.88889,192359090514.4648,-0.0476817300246303,-0.0488559828612964,0.2462307196849813,0.2201235715102321,0.027954378078,-3.577181452005516,0.2918461184570486,-0.025162100921172402,0.01728878298812475,0.07549178544773083,-0.05388597322366485,0.009144017531095727,-0.032382592552338885
2023-03-04,1569.2871,1574.9161,1552.3086,1567.0151215129845,14786396836.125437,191807333655.0814,-0.0011351744326667,-0.0011358192311817,-0.4251441431303251,-0.5536359533161119,0.0101841535458901,-4.586922340671583,-1.0097408886660668,-0.018124230902467366,-0.03749125975777545,0.047544088768275206,-0.05291756733408591,-0.025375989003794786,0.00172119361882217
2023-03-05,1567.734501779617,1584.4379,1558.2961903704393,1564.165,65573449326.22222,192092215422.256,-0.0018188219589309,-0.0018204780239529,3.4347145591288486,1.4894632527272316,0.0116782800962678,-4.4500245644565615,0.1368977762150214,-0.04818277916239557,0.32376850346248887,-0.1675160681404848,-0.06701550812182418,0.0509458419001092,-0.028908690062781517
2023-03-06,1564.4943,1580.8315,1557.9028,1566.4469,18168226218.666668,191699947549.47043,0.0014588614372523,0.0014577983327283,-0.7229331931544226,-1.283496621926074,0.0103019980270804,-4.575417419347162,-0.1253928548906007,-0.041993836502902185,-0.0004524353840444917,0.05282926145671585,-0.0663734214354226,-0.004493339892061243,0.0015052502240942012
2023-03-07,1566.02,1577.703763602755,1540.8089,1561.3807,16138259175.11111,191424282302.5673,-0.0032341983631873,-0.0032394396867514,-0.1117317133287287,-0.1184814569906125,0.0166303039317461,-4.096528709832094,0.4788887095150684,-0.027042760125519608,-0.015346415898292776,0.1887161109367259,-0.0479351523254976,-0.00334857193477589,0.0356822226175364
2023-03-08,1561.062,1568.6227,1533.211845091075,1533.591955100595,23554274271.66316,190419503156.11264,-0.0177975460433224,-0.0179578269514052,0.4595300531540129,0.3781145025039467,0.0117864264937183,-4.440806706752581,-0.3442779969204874,-0.08277217966370355,0.0061315657454699135,-0.4833002251298071,-0.05575378079146357,0.0031889018032380534,-0.013425455918476992
2023-03-09,1533.5190460380295,1544.3348,1422.1388,1439.4372,20897293711.60976,185858197942.98013,-0.0613949198073479,-0.063360463114997,-0.1128024803230666,-0.1196876386251205,0.0429998985775946,-3.1465575219519453,1.294249184800636,-0.1354099799340837,0.001394174319493402,0.5881019351553038,-0.1535481796208812,-0.0018007634232333203,-0.067227612319126
2023-03-10,1438.2141,1438.2141,1377.4674,1428.2093563862938,38990359120.27875,172904295608.12222,-0.0078001621840162,-0.0078307425741983,0.8658090209363882,0.6236947504222993,0.0302055666732046,-3.499729044660127,-0.3531715227081817,-0.09419997851804897,0.06932402802548765,0.24950096620138007,-0.14942150965787737,0.016911369486422245,0.2711060766840361
2023-03-11,1430.1645334505797,1482.021,1417.82,1482.021,41292044593.77778,177717906622.47922,0.0376776999626036,0.0369852355288622,0.0590321691164401,0.0573554430383924,0.0221492040343635,-3.80995371837986,-0.3102246737197327,-0.056224887932865966,0.12556931457768528,0.14872699446743898,-0.04642950665740104,0.02066654919391553,0.18591399581769874
2023-03-12,1477.9536,1589.1116,1460.5178899302373,1585.94849029003,27341461002.666668,182750884107.5552,0.070125517985258,0.0677759481222205,-0.3378516062441068,-0.4122655884130677,0.0404849740510068,-3.2068243847975357,0.6031293335823245,0.013620004152573726,-0.1865850651489751,0.08386221889076628,0.042234377859821884,-0.00439815246398112,0.0028549063909386607
2023-03-13,1588.3703588324947,1694.4369237585292,1573.7913268708912,1678.1010177444364,87597218230.34386,199311178967.4786,0.058105624500802,0.0564801625747544,2.2038236077362625,1.1643449739253873,0.0395128890329587,-3.231128355668972,-0.0243039708714363,0.06912543863182219,0.3166406475442436,0.3293958648050024,0.08147097103832408,0.08598769654271265,-0.03860082514692853
2023-03-14,1680.7611,1777.5516,1665.0699,1704.8027,47470558633.46479,208623886688.917,0.0159118443843468,0.0157865780535456,-0.4580814369168987,-0.6126395414457501,0.0453727261960394,-3.0928440990347905,0.1382842566341811,0.08808302669055229,0.11554254017802279,0.204644929416953,0.11123912994900169,0.04175369045254129,0.08571349356055591
2023-03-15,1704.6536,1719.5707,1616.516444288001,1653.3463955091108,45430333916.44444,205426513969.5017,-0.03018314347513,-0.030648033017447,-0.0429787383117516,-0.0439296707558639,0.0393562401271519,-3.2351007365857067,-0.1422566375509162,0.07523622807286669,0.07342255551809629,0.013546036843506304,0.08851118129256497,0.027532198364148996,0.030662125601660595
2023-03-16,1654.8168046513288,1686.1291,1641.8237,1677.3203,50719128600.97561,203188645515.3679,0.0145002308989865,0.0143961078825103,0.1164154922184443,0.1101230995261005,0.0168535729191496,-4.083192601982136,-0.8480918653964289,0.1537953248698037,0.09212764317028643,-0.13016914220678522,0.07442558497905884,0.026312668599679512,0.014813283397971055
2023-03-17,1676.7374,1796.2327,1667.0003,1787.4889,35618887025.77778,211276362534.03903,0.0656813132232405,0.0636143253469642,-0.297722811722506,-0.3534270977949395,0.0347434601715788,-3.359763921183847,0.7234286807982886,0.22302228976637542,-0.009999841345123883,-0.490176301088894,0.06776636079577697,0.008419802496739237,0.04839128078142818
2023-03-18,1792.4757,1832.3426,1759.4123792653124,1759.4123792653124,42136638734.22222,220857794973.2624,-0.0157072420056357,-0.0158319078927171,0.1829858328736513,0.1680416093316857,0.026285078912124,-3.638753842541977,-0.2789899213581295,0.17432144962597498,0.0025144831189543027,0.23324800079876384,0.07205599843735791,0.006062422059780914,0.07287716043191117
2023-03-19,1760.9656143038194,1839.4766936826563,1760.9656143038194,1785.3429,30159188202.666668,219336131509.9684,0.0147381711304745,0.0146306197391168,-0.2842526336071461,-0.3344280145176972,0.0296358944132835,-3.518769003219756,0.1199848393222207,0.11690193854419552,0.008343354751527698,-0.35398155451868885,0.05591036713089027,-0.005294581765372897,0.024138948528981574
2023-03-20,1784.5718,1803.1019915121449,1730.1694,1732.5942,32501741824.0,216433968807.02945,-0.0295454167375914,-0.0299906747247609,0.0776729667122209,0.074804056063871,0.0226911261821313,-3.7857813480095066,-0.2670123447897508,0.03037309635841651,-0.1772866047129682,0.07427311345561982,0.023383496350303474,0.008925896456087656,0.012115734406240364
2023-03-21,1735.6002,1824.4765,1725.5817,1807.327716279214,37378907420.44444,217213135561.1656,0.043133883444383,0.0422295315816502,0.1500585914088774,0.1398128901284976,0.0303209194666909,-3.495917393249206,0.2898639547603006,0.05848743154101135,-0.03617594969210458,-0.06435408113201246,0.07184034735506839,0.023986461376043877,-0.02188710803963323
2023-03-22,1807.0567603566965,1819.0876,1719.5249,1737.7501,29954344547.55556,218391184822.33096,-0.0384975096948411,-0.0392581239356906,-0.1986297456310348,-0.2214321985528456,0.0315166054237253,-3.4572407157398843,0.0386766775093216,0.04890091989550257,-0.05815158914546359,-0.11906600260902778,0.01942135214446662,0.006909735818837248,0.022673607329681156
2023-03-23,1737.0796085128222,1848.19392724134,1734.7611053367198,1818.9182,102154218289.77776,217407347213.0039,0.0467087298685813,0.0456506982170753,2.4103306159010613,1.2268092414053071,0.0344561494826602,-3.3680677928760208,0.0891729228638635,0.08139204732878426,0.18148720246275118,-0.34733904456122255,0.09123898212428388,0.08027556302240413,-0.020712272222958017
2023-03-24,1817.5739,1820.78749162516,1734.2861,1750.174136164501,119490386325.33331,218223603940.8872,-0.0377939281906679,-0.0385266393965025,0.1697058459825768,0.1567523035098395,0.0251586951219212,-3.6825517116935194,-0.3144839188174977,-0.02388244754968653,0.23951842689771752,-0.07415944652058437,0.06300759624402764,0.08448415954524435,0.02060127101736864
2023-03-25,1752.0481447908471,1762.597277160509,1718.7579,1741.59,45396596174.22222,213830767928.7779,-0.0049047326132434,-0.0049168002895679,-0.6200816017899372,-0.9677987908744404,0.0174165233334983,-4.050335906494788,-0.3677841948012696,-0.011063814015366689,0.008244641758899718,0.041323870341491986,0.0538962395256491,0.0160351152617082,0.004912545125225876
2023-03-26,1742.4593,1792.1872990178524,1740.434,1771.967665947328,19257869513.72504,215200997731.6324,0.0174424898784031,0.0172921157332144,-0.5757860470459604,-0.8575173449973079,0.0178990181643061,-4.023009418795889,0.0273264876988994,-0.007087893690349751,-0.027840776643337506,0.005356111231055838,0.09662007135229735,-0.003584427174736504,-0.030420130630609776
2023-03-27,1771.7210361809407,1778.8719,1698.3631,1715.3728,41027501475.55556,213310565305.7769,-0.0319389947316398,-0.0324601717199146,1.130427846461175,0.7563228264334632,0.0258645605215067,-3.6548815669137418,0.3681278518821469,-0.011722857087538795,0.021839562672738566,0.14842245830349876,0.07233358888226965,0.018459813930409297,0.019623105196768353
2023-03-28,1714.1185,1785.9332,1703.7575780096508,1771.7057,26535403512.88889,212456800405.0521,0.0328400333735032,0.032312321779611,-0.3532288694523879,-0.4357627865554542,0.0262229880235473,-3.6411188474313625,0.0137627194823792,-0.01975666762486168,-0.02786008374847171,-0.014070135102184356,0.07640784042590532,0.010790880402133496,-0.0028500872324546123
2023-03-29,1770.4167,1823.9224,1770.4167,1793.9115,104545114211.55556,220126666236.1699,0.012533571461671,0.0124556764480572,2.939835102216383,1.371138870204669,0.019393759958033,-3.942803916301622,-0.3016850688702597,0.032193114069454326,0.1775935266408517,-0.037851985365678686,0.0935946612007277,0.07142131361212023,-0.013974050472678634
2023-03-30,1793.1328,1823.3916,1768.015,1790.1364964884742,34969845319.111115,219312707634.81976,-0.0021043421102577,-0.0021065593492152,-0.6655047384773354,-1.0951325653657165,0.0217829781305153,-3.826626433886704,0.1161774824149186,-0.015210717879633554,-0.15848062571772914,-0.12851295844005728,0.10967861791564638,0.012695475957784197,-0.016114139164254082
2023-03-31,1791.3889496871902,1838.7862,1781.676736815724,1819.0325611397927,24946911171.55556,221312839456.13287,0.0161418219828493,0.0160129279805093,-0.2866164850342644,-0.337736114025853,0.0201776595200914,-3.90317925095676,-0.076552817070056,0.03751932790731512,-0.2766254454910424,0.031084622158968678,0.08791995330937721,0.001986357611578171,0.021085197404312916
2023-04-01,1819.395452612656,1836.5043,1809.9658344317395,1817.9883314155045,25649666289.77778,222757573982.5304,-0.0005740577417888,-0.0005742225760202,0.0281700252744514,0.0277805475927024,0.0102813775892023,-4.5774210212014745,-0.674241770244715,0.04243307123696045,-0.06887844634032803,-0.029933357148081985,0.09806839357797384,0.003935817091246463,-0.009147200207430872
2023-04-02,1817.7663388003168,1823.406987008213,1778.4039,1794.5454,46738756046.22222,221204593168.64407,-0.0128949845333999,-0.0129788465595527,0.8221974320519376,0.6000431530396516,0.0157609789103607,-4.150218082879806,0.4272029383216686,0.012800319813945594,0.09461286907072264,0.1143749726371377,0.13413029100865415,0.016344270753602785,-0.04272819974582931
2023-04-03,1794.0625,1832.5562,1764.6887,1807.9629215330265,21586855471.54286,216337704870.9492,0.0074768359346197,0.0074490229462205,-0.5381379972929838,-0.7724891279581249,0.0262497385209207,-3.6400992511018986,0.5101188317779073,0.05330179944952559,-0.06599311562143839,-0.2674823114965532,0.14256916901119537,0.005231853504255923,-0.012596419597590502
2023-04-04,1809.424169495713,1878.9072,1803.206766323145,1868.0889,46808127160.888885,221852792833.6284,0.033256201081818,0.0327151759226106,1.168362465880882,0.773972258662314,0.0212674320524305,-3.850578388020921,-0.2104791369190226,0.053700987073924886,0.06872276901440344,-0.3766464197158492,0.1773532888970252,-0.014503855853412517,0.009552696996115717
2023-04-05,1869.2485,1924.3323,1866.7548,1905.9109,29853376000.0,229280148795.4276,0.020246359795832,0.0200441273442954,-0.3622181058988328,-0.4497589128599792,0.0177667596278359,-4.030426004156157,-0.1798476161352353,0.06099579933320605,-0.28063253385181497,0.4989695832456933,0.19642268814581482,0.009056220645064172,0.06433051230458808
2023-04-06,1904.7986,1904.7986,1854.5075,1867.5314,23633196149.33333,225896124822.693,-0.0201370903540138,-0.0203426052191152,-0.2083576695200795,-0.2336455921004185,0.0143929847855794,-4.241014358772996,-0.2105883546168394,0.041626183300465996,-0.05042150487926378,0.14333169672364,0.17925109293188385,0.005765845598627806,0.029512326377016507
2023-04-07,1868.2305,1876.7467,1843.3109159355915,1861.1817,18892456010.666668,223829460726.86823,-0.0034000499268713,-0.0034058432320359,-0.200596656868199,-0.223889650662369,0.0124922460597608,-4.382647142368102,-0.1416327835951056,0.022707331559550927,-0.028007125294259083,0.07101412149610375,0.1936464840996093,-0.0035824208729948737,-0.02443484868601109
2023-04-08,1860.3145,1874.467810758931,1845.266,1845.6269,14407386400.0,224064420973.9229,-0.0083574859993519,-0.0083926055967183,-0.2374000293098155,-0.2710216699927362,0.0099496289991691,-4.610220015022458,-0.2275728726543562,0.015210541994514501,-0.054182133666976995,0.01522740575761894,0.24941686741731753,-0.00500870067771686,-0.13103485243433077
2023-04-09,1846.3812,1866.9234,1827.1374922864509,1855.6284,14151837007.38676,222091802627.1526,0.0054190259147177,0.0054043958238805,-0.017737387303865,-0.0178965800089197,0.0149121706247659,-4.2055775789929095,0.4046424360295484,0.03374079742114623,-0.17600376478425872,-0.0503061079661431,0.2604339027908055,-0.019404715626173186,-0.22161341697942794
2023-04-10,1855.714428860308,1915.6492,1846.6181,1908.1853,17546344355.555557,224879596005.13168,0.0283229659558994,0.0279292869099596,0.2398633722531558,0.2150011898794695,0.0193168776688469,-3.9467760746016105,0.258801504391299,0.053144029450105365,-0.024150592099456247,-0.5875088336787195,0.2554942574530816,-0.018909791680904675,-0.2337944234737419
2023-04-11,1911.9013,1932.8665,1889.308945316296,1893.4949,23809182798.22222,230413531746.59235,-0.0076986233988911,-0.0077284107797141,0.3569312396792048,0.3052257087356168,0.0149535750963833,-4.202804870852278,-0.2560287962506673,0.012887796494524737,-0.14982419669425084,0.1976922799026064,0.17571571585247125,-0.002843719160075864,-0.1661108044869124
2023-04-12,1891.7245,1927.888700500888,1863.4416,1918.3148648937904,24803108632.88889,227817966366.08536,0.0131080178213263,0.0130228511921914,0.0417454829546222,0.0408976552943439,0.0224220725863791,-3.7977094219720953,0.4050954488801825,0.0070708449184564166,-0.036136981519160116,0.014557432667893888,0.1322003995836447,-0.05195181390447701,0.0016171549468939617
2023-04-13,1917.9009,2019.796,1903.5302,2010.9752,35585572188.44444,237216293276.8052,0.0483029855014651,0.0471726524180229,0.4347222646623423,0.3609712866902597,0.0298319842553681,-3.512174163882368,0.2855352580897272,0.07362805234290547,0.08350331983758608,0.3143071313013617,0.16525785560261225,-0.010144050956736095,0.2177382889363666
2023-04-14,2013.6312,2123.1762,2011.2021,2102.6357,43347512402.06272,252853609661.6504,0.0455801245087457,0.0445718744524349,0.2181204273606924,0.1973090374384239,0.0272967549185532,-3.600987451308781,-0.0888132874264129,0.12244609354067466,0.1517870911561694,0.31321187978424403,0.23950134234522882,-0.0017883712652242423,-0.13440378336936565
2023-04-15,2101.3541,2108.0501462324623,2076.907508201556,2091.927043419293,28358682936.46084,251774726006.901,-0.0050929681164961,-0.0051059814818541,-0.3457829212106905,-0.424316057845477,0.0101463480423059,-4.590641437025049,-0.9896539857162678,0.1248580562079355,0.07727676435358077,-0.02146779184493841,0.2212357900795813,-0.0194035455538355,-0.02570927648546162
2023-04-16,2091.612003125387,2133.9364660855204,2078.2600965677866,2119.5543191831034,18013389390.377937,252111099410.266,0.0132066153314089,0.0131201682707412,-0.3648016224611732,-0.4538179233049499,0.0167760097604945,-4.0878054035697104,0.5028360334553383,0.13293608101759058,0.020374740192092844,-0.18474212901475306,0.16760810286835412,-0.015546790738458327,0.19258157494909245
2023-04-17,2119.5458823698746,2119.5458823698746,2064.0350571733334,2076.047,25656125066.609985,250613725653.9762,-0.0205266356183179,-0.0207402350436637,0.4242808230368076,0.3536670007357719,0.0136402488264197,-4.294730384327075,-0.2069249807573649,0.08236741278121296,0.041484238689285746,0.2963057168394858,0.16460330164857825,-0.014775699825413824,0.012518780136963503
2023-04-18,2075.8933,2120.5964,2064.4654,2104.076,23204573515.350693,251505685875.91663,0.0135011394250708,0.0134108111570122,-0.0955542407473625,-0.1004329436036947,0.0170168922757254,-4.073548765004517,0.2211816193225582,0.10638756897684908,-0.0030341039649997015,-0.15515062438543703,0.164697917397393,-0.006301304035616795,-0.00038603852484886403
2023-04-19,2103.9122,2105.2103,1931.1495,1936.7858,29106930684.95486,242314643392.16663,-0.0795076793804026,-0.082846620962384,0.254361803534098,0.2266269201616348,0.0328247689479182,-3.416571897723817,0.6569768672807004,0.009798488211910962,0.021399997864911313,0.14941842090838486,0.10967650475773456,-0.003090387263952721,0.15894938896826294
2023-04-20,1936.9334,1976.019,1917.8755,1944.3094,32518018652.54514,234377639691.75348,0.0038845803185876,0.0038770548191041,0.117191606511553,0.1108180420921274,0.0209860173596619,-3.863898903044721,-0.4473270053209042,-0.03503280960258492,-0.015205847647557391,-0.1085560880056855,0.07320742725990459,-0.004441691139685844,0.05680376177369695
2023-04-21,1942.19,1954.092,1838.6615,1850.9202,27948817643.84722,229566041380.2014,-0.0480320673242643,-0.0492239289222391,-0.1405128970962162,-0.151419459619361,0.0309627002134004,-3.4749720178686165,0.3889268851761045,-0.1268990256222726,-0.08003346686903612,-0.035107785221712096,0.06347760358392411,-0.0018383370989631942,0.010593943394957783
2023-04-22,1850.2463,1884.6688,1846.2122,1872.9095,20694521963.99653,224193406357.02777,0.0118801988329912,0.0118101832579265,-0.2595564425047399,-0.3005058703329384,0.0124601662634248,-4.385218421937791,-0.910246404069174,-0.11044195795577882,-0.042355738183697866,0.134958127808257,0.029990514241978104,-0.07767782224201625,0.024081277011003488
2023-04-23,1872.4565,1877.0826,1839.5015,1860.0987,14340361195.805555,224198505516.90625,-0.0068400528696127,-0.0068635532551355,-0.3070455446734009,-0.3667910029813939,0.0136956409791105,-4.290677673484268,0.0945407484535225,-0.13057230847577544,-0.020952879231725063,-0.28739474853079106,0.05984407879328169,-0.1101111492866167,-0.020561808034985196
2023-04-24,1858.7107,1884.2888,1816.1319,1842.1325,17861746313.197918,222530131651.16663,-0.0096587347757407,-0.009705682905416,0.2455576306140978,0.2195833257167451,0.0254488289968504,-3.67108554895576,0.6195921245285079,-0.11946769913767587,-0.04597306264583878,0.2966341662297012,0.05562636179353135,-0.030955577859209882,0.0037973447984480657
2023-04-25,1841.3394,1873.5903,1809.309,1867.9795,21611026968.28125,220770559287.65973,0.0140310211127592,0.0139334975144128,0.209905604376041,0.1905423436531214,0.0230153031066382,-3.771595931839272,-0.1005103828835114,-0.1189411985243542,-0.009665067812985484,-0.0392544652390745,0.05290595444448207,0.002683265549336511,0.002288139809907719
2023-04-26,1865.9942,1958.279,1808.4623,1866.775,30467669501.5625,227969804000.84027,-0.0006448143569026,-0.0006450223390915,0.4098205303376023,0.3434624128403423,0.0562773917343397,-2.8774623922601386,0.894133539579133,-0.036893657663877054,0.008258871961558611,-0.2845780163932803,0.08531338879475016,-0.012097942831296393,-0.05159881444585568
2023-04-27,1867.0398,1934.1041,1863.0959,1908.1342,44573514958.4216,228718193136.34143,0.022155428479597,0.021913562879171,0.4629775000065461,0.3804737425667136,0.0227254817217827,-3.78426844126504,-0.906806049004901,-0.017690296382088213,0.07033575667079006,-0.054894246486725695,0.07491096337570995,0.020577811836691495,-0.1748729777764475
2023-04-28,1907.6345,1921.0742,1877.1046,1891.0432,27404828463.60764,228919746115.52084,-0.0089569171811919,-0.0089972715115414,-0.3851768591915849,-0.48642062845478,0.015445960081407,-4.170407793235203,-0.3861393519701632,0.02180986910722941,-0.003069474224034252,-0.010425172538417904,0.05316437677915412,-0.09113123175123405,0.03277567657803182
2023-04-29,1889.801,1911.7468,1886.503,1902.3182,15660308470.899303,228606587515.8993,0.0059623175187113,0.0059446132411096,-0.4285565957219737,-0.5595898307857664,0.0084563542037442,-4.772837143431462,-0.6024293501962594,0.01582204254725054,-0.028861855988328244,0.014379154936643879,0.06008197920663902,-0.024173281461493445,-0.009003735879594021
2023-04-30,1904.8073,1930.9684,1880.1052,1880.1052,13767625030.447916,228968029318.7257,-0.0116768056994881,-0.0117455149889051,-0.1208586308480741,-0.1288095647042662,0.0170430042736202,-4.072015465983908,0.7008216774475544,0.011444657395826128,-0.0033369830037344173,0.007452207101293684,0.03282345570885486,-0.014266975338731669,0.028539668603743795
2023-05-01,1871.4051,1885.2342,1810.7751,1831.3968,22879199164.09028,221871827828.1771,-0.0259072736993652,-0.0262487783302883,0.661811613367707,0.5079083406511555,0.0251300778178829,-3.6836898308185,0.3883256351654083,-0.005414287194665442,0.028861915210562472,0.0062611983132234705,0.007470493410248316,-0.0035673602530330584,0.01106682972042794
2023-05-02,1831.4411,1876.1889,1825.2692,1868.4103,19793139001.506943,222184030774.37152,0.0202105300173069,0.020009007975974,-0.1348849730469158,-0.1448928017546858,0.0149751753744462,-4.201361423900869,-0.5176715930823699,0.001293968201418539,-0.010361071849025905,0.0016887817604995803,0.04060536098897359,-0.035376613883041585,-0.017365587758847667
2023-05-03,1870.1125,1901.7738,1845.282,1901.5677,19448091569.255554,224602324163.3556,0.0177463162133071,0.0175906888545402,-0.0174326786784612,-0.017586417157091,0.0186328475522515,-3.982829258370098,0.2185321655307714,0.018324469269111222,-0.0652136272051429,-0.21960792275010377,0.049669994962513474,-0.0028623118548729565,-0.13746554236600517
2023-05-04,1902.7802,1911.8444,1869.7574,1875.9327,23195024058.07986,227832715740.3889,-0.0134809820339291,-0.0135726754832207,0.1926632479840659,0.1761888299951362,0.0130286125549669,-4.340607374330911,-0.3577781159608126,-0.016758017090805266,-0.14010603428171464,-0.02110717789541683,0.0035694973034262082,-0.03215831119492307,0.01717561037527071
2023-05-05,1876.2068,1998.8137,1876.099,1994.8819,22407001110.25347,232643568269.75,0.0634080316420733,0.0614788748544568,-0.0339737930796362,-0.0345643158204655,0.0235386769790767,-3.749110381827304,0.5914969925036062,0.054113318071795924,-0.03579223684341315,0.3251947229624923,0.04620856938962337,-0.010359396163821089,-0.030882480859932393
2023-05-06,1996.1702,2015.4897,1877.0517,1905.6588,29751135638.15972,232790349466.816,-0.0447260060858741,-0.0457570750285462,0.3277607071008519,0.2834938443818895,0.0412321854462166,-3.1885361274537813,0.560574254373523,0.00044692695949895587,0.09779796701164045,0.21256889182732674,0.01983604936750326,0.00851912440543856,0.025481393544952713
2023-05-07,1904.6203,1935.8426,1893.5176,1893.5176,21502849486.04514,230528297265.11804,-0.0063711300260046,-0.0063915122930782,-0.2772427329306742,-0.3246818433879414,0.0152033939583309,-4.186236589322378,-0.9977004618685964,0.011746724184536044,0.04987999895260131,-0.004661375298467885,0.017690703819759297,0.003612953634537064,0.0011469769722141088
2023-05-08,1885.1436,1897.3357,1827.1531,1860.8413,25083229301.21528,224794209817.9479,-0.0172569296424811,-0.0174075659820372,0.1665072258211044,0.1540140069060296,0.025402582071195,-3.672904453778042,0.5133321355443354,0.015925554003460133,0.01376865459461385,-0.08275236178435463,0.00780108198683695,0.014641683011667794,0.0035747440586564316
2023-05-09,1859.842,1865.0904,1845.9287,1853.4364,20935005142.8885,223425210237.72125,-0.0039793291346231,-0.0039872677319972,-0.1653783932089556,-0.1807768223615141,0.0069803607431416,-4.964654681144829,-1.291750227366787,-0.008957159925826744,0.0070594187169383815,-0.003621324628455991,-0.0012283292062462406,0.009192807464202701,0.0008378306677356839
2023-05-10,1852.6282,1886.8278,1799.6547,1845.6332,19023208471.243057,223148718444.75696,-0.004210125580786,-0.004219013113346,-0.0913205732980136,-0.0957629129003038,0.0333649643009685,-3.400248902581627,1.5644057785632015,-0.030493663358396164,-0.002620958713684729,0.11815023788265444,-0.03527577551230628,0.0019903487777135354,0.01225449574931714
2023-05-11,1844.8687,1844.8687,1779.0607,1798.2789,27108575754.791668,218677540865.5556,-0.0256574816707891,-0.0259923756290612,0.4250264773038192,0.354190394112081,0.020172671037471,-3.903426509533173,-0.5031776069515459,-0.042422038233727415,0.023885485163269493,0.07881437025511229,-0.05065880610274352,0.004432285732569596,0.05130733209141214
2023-05-12,1796.1733,1810.3218,1748.2638,1806.1747,24914283791.26389,213920721642.4618,0.0043907538480265,0.0043811426117945,-0.0809445683674443,-0.0844088411086277,0.0244222613017344,-3.7122602141881065,0.1911662953450665,-0.10001926136673112,0.01500814085912694,-0.06288823410769817,-0.060020123293503105,0.00014900711416387935,0.08627238573026275
2023-05-13,1806.8852,1813.1959,1792.467,1798.2224,19138197854.05903,217018268120.37848,-0.0044028409876408,-0.0044125620360025,-0.2318383295942958,-0.263755059647476,0.0075618214668572,-4.884643183041342,-1.1723829688532352,-0.05748404973467793,-0.0651283386237047,-0.23371036055007588,-0.11314103796310568,-0.022289201810778536,-0.10678451163101355
2023-05-14,1798.9945,1822.3203,1794.5754,1801.5155,13209935570.993055,217326798194.5348,0.0018313085189016,0.0018296337178625,-0.309760737571675,-0.3707169843546954,0.0108135549932233,-4.526954839856351,0.3576883431849911,-0.045375743259592455,-0.05401790920958405,-0.21416613790415262,-0.1539536913426915,-0.04217759938422816,-0.1657488178121782
2023-05-15,1802.4325,1843.6012,1790.8227,1819.9594,17764826445.789474,219854401657.49124,0.0102379912912211,0.0101859380374186,0.3448079553694603,0.2962512187472552,0.0196380233087386,-3.930287627315557,0.5966672125407935,-0.02167734473283894,-0.05022146521520199,0.033123629444869795,-0.13912086889670558,-0.015259060747510489,0.07280486148066423
2023-05-16,1818.7859,1828.0832,1802.3948,1823.8861,17294937124.243057,219087305721.82983,0.00215757560306,0.0021552513793438,-0.026450543886838,-0.0268066530841503,0.0098542921795394,-4.619848164443492,-0.6895605371279347,-0.015635835045391462,-0.025951155090520928,0.0157150680976037,-0.15023241478222282,-0.0010433159461697983,-0.1112640807131462
2023-05-17,1825.3643,1833.3471,1792.8483,1822.9746,16235046619.14236,218644307342.75696,-0.0004997570846118,-0.0004998820048051,-0.0612832817770122,-0.0632415298233669,0.0157741596878021,-4.149382140575764,0.4704660238677283,-0.01193854712635176,-0.02034335595168102,-0.3522381644419865,-0.12992200454351233,-0.013782708110923636,0.10006872409988032
2023-05-18,1824.2547,1831.9265,1782.4459,1805.5409,16875434659.864584,218877763511.09723,-0.0095633257863274,-0.0096093480386069,0.0394447922291245,0.0386867169768562,0.0182703218060628,-4.002477294841334,0.1469048457344293,0.005201757053673446,-0.07842547451698323,0.002822608243987723,-0.15293834948321064,-0.009367147079313298,-0.19383579887124514
2023-05-19,1803.9775,1824.9548,1801.2525,1815.5453,16397987581.809029,218299170984.2986,0.0055409434369502,0.0055256488813654,-0.0282924314353267,-0.0287003751738975,0.0083467673036344,-4.785880964346332,-0.783403669504998,0.004781384486833464,-0.07031019987888598,-0.45771728134212886,-0.06472013740227661,-0.019078491998918423,0.016387816827236
2023-05-20,1815.9208,1830.7064,1811.049,1823.8943,11041870374.114584,219005994059.5139,0.0045986183875443,0.0045880770467222,-0.3266325932357827,-0.3954641744300677,0.0071314856034766,-4.943235706725867,-0.1573547423795345,0.013746042701902737,-0.07176336373336056,-0.06082247581879319,-0.06284226195293661,-0.03309071678134856,0.005415173701055931
2023-05-21,1822.8401,1830.4476,1806.885,1810.5652,9672675919.614584,218876595894.47223,-0.007308044111986,-0.007334878685119,-0.1240002289566627,-0.1323894494118331,0.0081422012262222,-4.810694714613012,0.1325409921128546,0.004501920239606905,-0.03304563282387463,0.06171621083412404,-0.021679703637196682,-0.029049076288671927,0.07267742882386363
2023-05-22,1809.9227,1827.803,1798.7149,1821.8077,12869346616.5,218701987888.1979,0.0062093869914212,0.0061901881822518,0.3304846273618138,0.2855432573379031,0.0105890679350062,-4.547933136933824,0.2627615776791883,0.0016600593342555043,-0.04761416666102036,-0.17514397593814346,-0.02742195525603316,-0.01270047720457157,-0.005512092719927697
2023-05-23,1819.1952,1866.2329,1818.6397,1852.9045,18185438373.520832,222847901213.7084,0.01706920000393,0.0169251580199525,0.4130817138925284,0.345772932102857,0.0142637976202035,-4.250030586673694,0.2979025502601296,0.014974824376580117,0.008831543400251718,0.44795484181092915,-0.003128667398599807,0.0062608252890150595,0.014380703573574571
2023-05-24,1852.8137,1853.5346,1787.7654,1802.9274,18093820631.1875,218660994605.2292,-0.0269723021342978,-0.0273427307411683,-0.0050379727148471,-0.0050507060843001,0.0191009270536475,-3.9580184082672423,0.2920121784064515,-0.011759842874021847,0.01818683497454643,0.0168555810977824,-0.021081564399971407,0.00037662835060103816,-0.0083715798837809
2023-05-25,1802.4297,1815.9757,1773.3058,1807.0399,19250106653.26316,216322444566.1053,0.0022810125355019,0.0022784149757027,0.06390502291609,0.0619461227585617,0.0167380366607499,-4.090071505103215,-0.1320530968359725,0.0016961428843765194,0.022763473210208218,0.1316423429469631,-0.032103902004158906,-0.0038381208415039225,-0.011517918193010068
2023-05-26,1807.9065,1837.3935,1802.6017,1829.295,15591778893.643356,219177269891.03845,0.0123157767573367,0.0122405545622085,-0.1900419475857639,-0.2107728197995715,0.0113708353971481,-4.476703500115055,-0.3866319950118395,0.007337979832169433,-0.007670315800464067,-0.007611241523156842,-0.02042353522879777,-0.024528409289064967,0.012048107630516114
2023-05-27,1829.8244,1836.0173,1821.3382,1831.6632,12405459425.822916,220290364606.37152,0.0012945970988822,0.0012937598305968,-0.2043589438739076,-0.2286071293542567,0.0056416612730904,-5.177576704877685,-0.7008732047626305,0.004828627268177841,0.012939074552637209,0.004573011784025027,-0.04063958627489668,-0.05519225079692802,-0.024543996028941084
2023-05-28,1831.5936,1910.1798,1827.2495,1909.2233,12874447796.39236,222915292801.8507,0.0423440837813415,0.0414721035836445,0.0378049981440598,0.0371079040355493,0.0178722913679062,-4.024503733749564,1.1530729711281218,0.05341237295622884,0.029739224936609077,0.12461841505166493,0.010224977616892277,-0.02596548185598735,0.030572114470722056
2023-05-29,1906.3225,1920.2004,1878.4528,1889.8008,19239612324.341465,228346436247.4425,-0.0101729850039019,-0.0102250834481467,0.4944029156522529,0.4017267395426342,0.0145710320055911,-4.22871983042609,-0.204216096676526,0.038077221203292155,0.05666213043642543,0.22502323998543972,-0.007909421915005255,0.006458998542456129,0.0008043171404290561
2023-05-30,1889.465,1911.3524,1882.6575,1897.8105,19622746691.73171,228716025416.352,0.0042383832200727,0.0042294265727964,0.0199138299115055,0.0197181432485869,0.0103395250564112,-4.571781343605609,-0.3430615131795198,0.023995450680950593,0.012352483802143155,0.06090200766446685,0.014011314175906618,0.01047668230261678,-0.0025665722116610112
2023-05-31,1897.4915,1902.7287,1853.9994,1871.1984,24498815803.567944,225273858597.9582,-0.0140225275389719,-0.0141217720431159,0.2484906516115212,0.2219353430136397,0.0161656673292988,-4.124865586299961,0.4469157573056481,0.03744349319176841,0.05326308855541839,-0.05736834417620029,0.02147593793375204,0.0028787359070392426,-0.005122144886219537
2023-06-01,1872.3837,1883.4338,1846.7151,1863.2061,16812500885.114985,224314162082.3484,-0.0042712199839417,-0.0042803677012519,-0.3137423041212279,-0.3765020718259813,0.0135825371026035,-4.298970347894724,-0.174104761594763,0.030129167488978422,-0.01993786587386026,-0.23329832867938682,-0.003699875964789721,-0.0053042646378749225,0.00862316473123137
2023-06-02,1863.0468,1911.2428,1854.7667,1907.0061,16237447225.505226,227719348545.8223,0.0235078663600338,0.0232358118346977,-0.0342039333433662,-0.0348025781782057,0.0154836868739439,-4.167968269027145,0.1310020788675796,0.04131451938956709,0.005319926273937625,-0.4014441801699742,0.002218445550684731,-0.005745229891520154,0.00016746153915070394
2023-06-03,1906.9102,1910.1101,1887.317,1892.3046,11822161981.428572,228888628505.98257,-0.0077092044959898,-0.0077390740255411,-0.271919913441891,-0.3173442278276068,0.0070156237524715,-4.959615652421003,-0.7916473833938582,0.03260904374711531,-0.004804790269020032,0.05305228953780272,0.00854337227887362,-0.02062068905405212,-0.0013015738673880506
2023-06-04,1893.0282,1911.6116,1887.2107,1891.7937,9265767674.89547,228986159415.3066,-0.0002699882460783,-0.0002700246994663,-0.2162374623650852,-0.2436491901806095,0.0090749621791009,-4.70223606643209,0.2573795859889127,-0.007650566807604454,-0.03025023196819987,-0.05231494364920941,-0.05370501816539112,-0.02436889539958287,-0.05694938491633117
2023-06-05,1889.4436,1893.0456,1788.5522,1812.3644,17058941307.581882,223012906284.63763,-0.0419862377171464,-0.0428931354747395,0.8410715556576192,0.6103477693161493,0.0306903155152692,-3.4838081296842365,1.2184279367478537,-0.041661429062054126,-0.018733432041120324,0.3683895942495723,-0.049650379972074804,-0.024113737033570004,-0.37625239981424263
2023-06-06,1813.1428,1896.6447,1801.8257,1888.1422,23474839365.65505,221253093490.25784,0.0418115694614174,0.0409610915287783,0.3761017722255488,0.3192546991492891,0.0260866442802346,-3.646331809024444,-0.1625236793402078,-0.004939368015545753,0.03285818623361081,0.17825472436565448,0.0015893843139265361,0.0037849234289453193,0.01821041347175756
2023-06-07,1888.6068,1900.7572,1827.4784,1836.289,24321583788.55749,224753728450.3554,-0.0274625502252955,-0.0278466954652162,0.0360702967851305,0.0354349955750113,0.0216328460103481,-3.8335424706801433,-0.187210661655699,-0.019465637782598164,-0.001488321146069893,-0.0320692798552904,-0.012744850661954826,-0.0014601608796560583,-0.00707097850894467
2023-06-08,1837.8113,1860.2266,1830.4037,1847.1956,16291394237.909409,222234076672.2473,0.0059394790253604,0.0059219098533089,-0.3301672136345834,-0.400727170334477,0.010980910839946,-4.511596891883537,-0.6780544212033934,-0.008544615005108046,-0.004388913352318724,0.027791555447835847,-0.0029366825005424074,-0.00894875256152261,0.006803153581935728
2023-06-09,1849.1943,1857.1764,1830.7703,1842.2012,12126450799.940767,221907579309.6585,-0.0027037743052225,-0.0027074361049118,-0.2556529770961523,-0.2952479242588638,0.0098484700208302,-4.620439163697248,-0.1088422718137112,-0.03452307487303342,-0.035316461608434935,-0.11016669906582965,-0.0014469486816093072,-0.013440380462650836,0.0002868142639012028
2023-06-10,1842.5631,1845.0839,1724.8399,1753.1468,21799310066.587414,212485250185.3217,-0.0483412995279777,-0.0495488163776348,0.7976661453732112,0.5864892377035587,0.0362604582110352,-3.3170274369168733,1.3034117267803746,-0.07676542451591092,0.08364464539990024,0.26999186652468676,-0.024246112840611976,-0.010471156828508299,0.11431839131118737
2023-06-11,1751.2429,1774.9842,1742.8106,1753.9843,17354161489.411148,211269154184.8502,0.0004777124197472,0.0004775983514957,-0.2039123515193035,-0.2280459880428886,0.0128981107281614,-4.350674433521401,-1.0336469966045274,-0.07439245125474729,0.06302316780354289,-0.07723935353525846,-0.02971453593732175,-0.015102194737448116,-0.010415802998628987
2023-06-12,1752.8106,1757.8165,1724.6213,1742.4688,14997404575.45993,209786943575.0662,-0.0065653381275989,-0.0065869847569427,-0.1358035601656249,-0.1459551751012426,0.0129695185799908,-4.345153399307911,0.0055210342134897,-0.03975873496594464,-0.015689826118393313,0.2341105125017795,-0.03192493952591752,-0.008369402351529942,-0.0036163995412512584
2023-06-13,1743.649,1760.4513,1730.9136,1739.448,15910002493.95122,210098991149.38675,-0.0017336321889952,-0.0017351366683392,0.0608503900724637,0.0590708412749589,0.0118705329786811,-4.433696170047519,-0.0885427707396075,-0.08227159287558637,-0.0597797962403277,-0.3334435765305459,-0.03556931997143347,0.005465334691589163,-0.008916267818302792
2023-06-14,1741.0509,1757.427,1648.8881,1663.3923,15250490495.045296,209024865411.32056,-0.0437240434896588,-0.044708750146683,-0.0414526647093023,-0.0423363329576635,0.0350387108422083,-3.3513018046236214,1.0823943654238972,-0.09971628135299358,-0.07673921093003244,0.24219681820412609,-0.08931011920571974,-0.0050884295666868695,0.23919365429506145
2023-06-15,1662.7519,1678.1342,1635.044,1670.133,23599904004.4669,199185865169.12543,0.0040523813895254,0.00404419260732,0.5474849161169097,0.4366309782702464,0.0181867018667425,-4.007064618628868,-0.6557628140052465,-0.10184676673709282,0.06228195652210644,0.08993507778593246,-0.08887631957602769,0.012711170948264794,0.07352322702448832
2023-06-16,1669.0296,1724.9053,1664.7047,1716.7308,16512003828.327526,202961188018.58884,0.0279006522235054,0.0275185205569246,-0.3003359748750589,-0.3571550232656005,0.0180067575020729,-4.0170081747553885,-0.0099435561265206,-0.07073580690902641,0.0355919676287364,0.13409690704292032,-0.06074973552853666,0.0005546738616715174,0.07623320127486322
2023-06-17,1716.4105,1754.0215,1712.1739,1725.8309,17334536485.219513,208296678160.83624,0.0053008310912812,0.0052868311386153,0.0498142239696477,0.0486132189628358,0.0167324040347412,-4.090408078267164,-0.0733999035117749,-0.01461714874228184,-0.036246693172984124,-0.2450639598241069,-0.0442853336072257,0.0009187853856893469,0.028241659301091904
2023-06-18,1726.2163,1739.482,1719.2285,1720.0915,11334020788.91986,208174403898.4425,-0.0033255865334198,-0.0033311285867786,-0.3461595700246187,-0.424891948158883,0.007981343580262,-4.830648513238911,-0.7402404349717475,-0.01884306966290975,-0.05105153153119346,-0.11886086360380821,-0.05421517980842015,-0.010181350491148322,-0.015776737800346385
2023-06-19,1722.223,1741.3029,1711.2275,1732.1349,12263776158.059233,207704992524.22995,0.0070016042751215,0.0069772068584149,0.0820322625531355,0.0788409974965176,0.0117920609964254,-4.440328770853023,0.3903197423858877,-0.006625349819841765,-0.02407082093032642,0.022652810462661765,-0.05104108534459374,0.002466205987030179,0.005445112201199365
2023-06-20,1733.2149,1783.3703,1715.209,1783.3703,16508611565.581882,209595828341.2404,0.02957933588198,0.0291503070536768,0.346127926081978,0.2972322683720229,0.0210943268739556,-3.858751143184647,0.5815776276683762,0.0240161045670161,0.005320791060736241,0.1339509571849158,-0.014779136186510307,0.013686074201512355,0.03726510396042926
2023-06-21,1777.309,1883.2081,1776.8919,1877.4023,25904926019.223,219820877779.8153,0.0527271313198385,0.0513840650216184,0.5691765425767907,0.45055098659049,0.0229971754437451,-3.772383877388049,0.0863672657965981,0.12141506515149349,0.09025324791879186,0.09494982061227963,0.031494860530318275,0.025590222619612746,-0.011775368007660436
2023-06-22,1875.1689,1912.1701,1865.3886,1866.7353,26620230163.10453,227352286369.43903,-0.0056817870096355,-0.0056979897643287,0.0276126688549789,0.0272383147636002,0.0172890705102841,-4.0576807395356855,-0.2852968621476366,0.1119486965610229,0.024169984294687197,0.0523317938884289,0.00748567367085145,0.016216123754613676,0.014212629698867829
2023-06-23,1869.5694,1925.9641,1861.2269,1886.3524,19004258890.09059,226669470430.17075,0.0105087743291722,0.0104539409798742,-0.2860971233663346,-0.3370083530187989,0.0235298154102668,-3.749486921141176,0.3081938183945092,0.0944098256624302,0.019513400813803372,-0.14770819372341037,0.04550942920465939,0.0017347220960743925,-0.011451807315386642
2023-06-24,1887.8136,1900.9655,1860.8308,1868.0849,19410421940.91289,226721549924.2125,-0.0096840335877855,-0.0097312287814435,0.0213722120484312,0.0211470291127735,0.0136029235158905,-4.297470544937954,-0.5479836237967777,0.07898188498728533,0.015967669122595396,0.12792270015311535,0.03274424242167775,0.0003051486478291565,0.015073270209931433
2023-06-25,1868.2701,1970.124,1861.0966,1895.6631,29178701072.55401,229769430713.662,0.0147628193986257,0.0146549097180499,0.5032491906346321,0.4076288925270399,0.0392262953562117,-3.23840795716805,1.0590625877699034,0.09595279996891357,0.1276637161392813,0.1650246511537321,0.035348692205618634,0.02552912710776667,0.13125893255925458
2023-06-26,1893.2889,1901.887,1844.5296,1858.0333,19358306090.55401,225543646626.12195,-0.0198504681554437,-0.0200501354423466,-0.3365603889488155,-0.4103174451000859,0.0182311418489413,-4.004624056545947,-0.7662160993778966,0.06954055506654529,0.04654877415477543,0.09703095472437795,0.014332155146361453,0.012816214444807628,0.011796486235921666
2023-06-27,1859.4074,1904.5394,1856.5374,1890.1221,20839066833.891987,226239114690.19165,0.0172703040359933,0.0171228674311093,0.0764922683013327,0.0737078555404107,0.0149038679508206,-4.20613450570461,-0.201510449158663,0.06154100752755869,0.027383541915973808,-0.3466385438571815,-0.008534563277782835,0.014482166303768196,0.0014780830549470103
2023-06-28,1884.8866,1884.8866,1828.8231,1831.5656,19866587128.310104,223450070033.3937,-0.0309802737082436,-0.0314703099283456,-0.0466661829597989,-0.0477901564516509,0.011737094032267,-4.445001022286203,-0.2388665165815924,-0.02352761513430116,-0.03839291602583117,-0.2068700472919036,-0.031122599985838655,0.001131180703477952,-0.01007333246503972
2023-06-29,1832.1497,1873.6457,1831.6749,1854.3028,17294655612.609756,222873404564.784,0.0124140789715641,0.0123376561227218,-0.129460158359828,-0.1386417521363861,0.0141714763248046,-4.256524044058424,0.1884769782277784,-0.008199360617377407,-0.06235076000811546,0.03546657758254268,-0.023023974345386874,-0.004206776376062038,0.004956591028442592
2023-06-30,1854.1173,1937.9763,1844.8068,1932.6858,24228006815.6446,227465303678.56097,0.0422708739910224,0.0414018653940199,0.4008955921608319,0.33711174078114,0.0234178648767937,-3.754256091629737,0.5022679524286873,0.02349130771211566,0.035403608533343345,-0.035337573352810736,0.031698316746796865,-0.000490493039539075,-0.005367595742516329
2023-07-01,1932.1041,1939.78,1909.9538,1918.7197,26224343479.700348,231076833420.02783,-0.0072262651280409,-0.0072525010501169,0.0823978909716447,0.0791788493984527,0.0100691870380635,-4.598275306586711,-0.8440192149569739,0.026645218195917184,0.04437374321210186,-0.01209273843678682,0.029444928620861205,0.016907305347686474,0.0015639298693432835
2023-07-02,1918.6197,1951.77,1893.3969,1932.2372,13303218846.264809,230319372130.65503,0.0070450623923858,0.0070203618835594,-0.492714894595454,-0.6786820953677323,0.0210158970437067,-3.862476125558997,0.7357991810277142,0.020363027101591425,-0.10661060413178447,-0.12160931374633899,0.013194266741406939,-0.005240405510718915,0.007791936814972811
2023-07-03,1931.2573,1967.748,1928.767,1955.5277,20338733826.74913,234954611671.38675,0.0120536443455285,0.011981577706956,0.528858095306739,0.424521113815027,0.0118290044098202,-4.437200762621227,-0.5747246370622308,0.05040224547812935,0.006923737271030461,-0.0705444918016429,0.03248231118312038,0.015135039379995163,-0.009928237742696577
2023-07-04,1954.5748,1966.8915,1933.9398,1937.5828,16079180284.620209,235202134579.9094,-0.0091765000311681,-0.0092188634721524,-0.2094306154165228,-0.235001853150311,0.0106429265966753,-4.542859776811112,-0.1056590141898849,0.027573556876955067,-0.034071919884624435,0.169919751637841,0.025158822620635995,0.011945505378886168,0.004781691242050634
2023-07-05,1937.7348,1944.4922,1898.0639,1914.263,15102479339.49129,231458591445.6097,-0.0120355114630456,-0.0121085246565882,-0.0607432050539999,-0.0626663601161116,0.0153178483731687,-4.178736570148721,0.3641232066623914,0.04384271527218022,-0.03530573032726636,-0.13416710313706304,0.05427099900979311,-0.0034155556383907992,-0.026772538203768903
2023-07-06,1911.1146,1956.3191,1855.6799,1856.257,20115131236.25436,229346529144.31708,-0.0303020013446427,-0.0307705975539795,0.331909204050725,0.2866134046677662,0.0326644374961442,-3.4214683312220764,0.7572682389266445,0.001153360854829881,0.021052110534764523,0.06554314237524173,-0.01727731978548881,-0.005892673024128214,0.030528909746712962
2023-07-07,1837.1606,1878.2923,1837.1606,1872.3789,22130729035.825783,224341576648.892,0.0086851659010578,0.0086476668151258,0.1002030648419844,0.0954947671688331,0.0102881159187851,-4.576765844172323,-1.1552975129502467,-0.03139985490566259,-0.015611746692229644,-0.025582400628127555,0.018634408698912842,-0.0038613823219186827,-0.0005456005490431792
2023-07-08,1869.6943,1874.8064,1845.6599,1866.279,13075295857.45296,224331196895.54007,-0.0032578341915729,-0.0032631524872746,-0.4091791627701763,-0.5262424594312548,0.0110208856601446,-4.507963110052556,0.0688027341197674,-0.02765941231929074,-0.10385841566003862,0.02113118647296064,0.009196578220218745,-0.005695521312638618,0.0029335486348700535
2023-07-09,1866.708,1881.3295,1859.2891,1862.3287,12128118833.254354,225142869354.2648,-0.0021166717302182,-0.0021189150459593,-0.0724401982582069,-0.0751980103075772,0.0082040315406433,-4.803129594234865,-0.2951664841823094,-0.036343547704624495,-0.009828845875528458,-0.05497312789103592,0.010670102445401057,2.962412875007203e-06,-0.0003260943818830242
2023-07-10,1861.0022,1901.3356,1852.8717,1878.2888,14129095822.560976,224993301373.8014,0.0085699694151735,0.0085334556932971,0.1649865916402548,0.1527095776297615,0.0173294391877609,-4.05534853655372,0.747781057681145,-0.03981152659530422,-0.05360663741305771,-0.037013964933018784,0.0700353851668277,-0.01371584827707295,-0.05645816156278194
2023-07-11,1875.5739,1884.2669,1864.223,1876.6422,16958672879.32404,225688886677.6585,-0.0008766490009417,-0.0008770334823971,0.2002659683463161,0.1825431725239713,0.007553859192331,-4.8856966950124106,-0.8303481584586905,-0.03203554590125075,0.007769423619215843,-0.04174318870454252,0.06826355935058147,-0.0007123371489790031,0.0030475929199313967
2023-07-12,1878.2883,1895.3376,1868.5041,1872.1338,15202255392.027874,226613389088.38675,-0.002402375903089,-0.0024052662381209,-0.1035704562376212,-0.1093355793628904,0.0098739955706913,-4.617850687728581,0.2678460072838291,-0.02060778220271264,0.0008776196308559747,0.06868446726002686,0.07109880609711353,0.00036903186429881885,-0.004923421464578581
2023-07-13,1872.8451,2005.6512,1865.065,1997.0646,18727972577.745644,230024334738.2369,0.0667317688511366,0.0645995525730558,0.2319206653748673,0.2085744680499494,0.032365595578743,-3.43065928521537,1.1871914025132115,0.08345717487192657,-0.012270929565868727,-0.22294700480686158,0.13718950600335036,0.005062704719307476,-0.06300186055392487
2023-07-14,1997.7814,2017.4947,1900.4235,1935.2559,29887586480.787457,238123638510.16028,-0.030949774984745,-0.0314388366335035,0.5958794448632805,0.4674249603746952,0.0373661445855185,-3.28699020951135,0.14366907570402,0.03446462423273737,0.06676159625976652,0.5529852425260358,0.15176556493270565,0.025892126311990893,-0.015186472798504269
2023-07-15,1934.1336,1942.1777,1918.9862,1924.9053,20327600471.174217,232433209352.36584,-0.0053484399660015,-0.0053627940753081,-0.3198647711403078,-0.385463634613065,0.0079572616855945,-4.833670347658059,-1.5466801381467097,0.030700320039461163,0.058628302748111594,-0.036217837809929154,0.14263439203125577,-0.005730597343145405,-0.10875299523173121
2023-07-16,1926.151,1935.1192,1913.663,1918.0466,11592209303.1777,231721928135.9408,-0.0035631363267585,-0.0035694994165342,-0.4297305616756801,-0.5616463310258348,0.0074357549189243,-4.901455168390624,-0.0677848207325642,0.030192112488370476,-0.004216666992103768,0.001830905629296442,0.1110720807362547,-0.008678033124976281,-0.09433077935376755
2023-07-17,1910.6658,1930.7373,1882.3025,1910.0268,14210100965.574911,230037869434.77005,-0.0041812331358371,-0.0041899989342026,0.2258319871501617,0.2036197866467646,0.0179636856811891,-4.019403021060182,0.8820521473304419,0.018202580784264562,0.0006385100223162965,-0.0442639930803117,0.10118536990835061,-0.005550554981347489,0.04411589421778661
2023-07-18,1907.6368,1913.6273,1882.7321,1894.7235,17159175192.212543,228655751093.0801,-0.0080120865319796,-0.0080443557755015,0.2075336574864597,0.1885799798509171,0.0107070947730905,-4.5368486943377055,-0.5174456732775239,0.008712034217268462,0.0015786760437457303,0.010429422256660104,0.09545701939642746,0.010323677813691035,0.022166955926177234
2023-07-19,1894.8913,1913.7421,1882.3001,1889.1523,15004151446.247389,229140542369.3589,-0.002940376260705,-0.0029447076596945,-0.125590170962482,-0.1342061012892103,0.0115612666148548,-4.460094852981055,0.076753841356651,0.008669491444844024,-0.0015597775131617198,4.6724895417238343e-05,0.08615020227671111,0.004820034385222272,0.013420563485405435
2023-07-20,1886.8799,1922.8311,1879.5655,1888.718,17049418626.202091,228476133964.77005,-0.00022989147037,-0.0002299178994647,0.1363134188082482,0.1277891790846725,0.0160809519837363,-4.1301198140150674,0.329975038965987,-0.05613897279225546,-0.0133147072875488,-0.4313697464250117,0.06079786940715059,0.0009484844889691146,-0.22020521887405975
2023-07-21,1889.8031,1898.1933,1880.2742,1886.5281,15581945834.550522,227464705436.5122,-0.0011594637208943,-0.001160136418984,-0.0860717203222584,-0.0900031792307256,0.0066196467921966,-5.017713265109703,-0.8875934510946353,-0.02492131865286256,-0.12130327509580852,-0.7343429944202358,0.006039420254652364,-0.018261923565834337,-0.16128557651917408
2023-07-22,1888.8037,1892.666,1854.6931,1860.5078,10864531218.665504,226847868960.8014,-0.0137926914526212,-0.0138886944029228,-0.3027487494806258,-0.3606094589739969,0.0108336468255438,-4.525098540990738,0.4926147241189644,-0.03467424991634248,-0.08917097044546907,0.19258841965125217,-0.004858675754068501,-0.028531957392853968,0.0005168823644439158
2023-07-23,1866.0106,1898.886,1857.5946,1886.2263,12093656529.268291,225813416778.7979,0.0138233766071822,0.0137287051915161,0.1131319231234866,0.1071775945806727,0.0140291596456834,-4.266617283619361,0.2584812573713773,-0.012873601295193632,0.00493006703900889,0.26610742643212504,-0.0008411676270793068,-0.012775898756999027,0.0009185047731969931
2023-07-24,1884.9165,1886.6287,1838.4541,1850.7303,15083548024.358885,223691680429.00348,-0.0188185267059419,-0.0189978484576192,0.2472280809244622,0.2209235536815255,0.0143221687153722,-4.245946682312309,0.0206706013070521,-0.030284880560845887,0.008529832862091524,-0.06513238282308054,-0.009432604550779928,-0.008083157767501348,-0.0035497629972809364
2023-07-25,1850.02,1867.278,1844.4339,1863.3786,13285052488.30662,223466622837.31708,0.0068342210639766,0.0068109736338152,-0.1192355759498905,-0.1269650848865358,0.0074674818634533,-4.8971974366076845,-0.6512507542953756,-0.016770183826728333,-0.0384006256131002,0.15976333047623248,-0.01592418389484981,-0.03026510948437533,-0.006687935694368985
2023-07-26,1860.0019,1886.3957,1849.6508,1873.3117,11486058141.665504,224275752693.8711,0.0053306933974663,0.00531653554325,-0.1354149220128843,-0.1455055657604657,0.0131847056285378,-4.32869778566519,0.5684996509424947,-0.007216791233874278,-0.03619711429842454,0.046998922463112436,0.0074499923179819115,-0.015336703941208896,0.008037014061732517
2023-07-27,1872.7497,1888.1761,1856.7452,1861.3318,14045077233.494774,225496393183.4704,-0.0063950382629863,-0.0064155741187188,0.2227934997600671,0.2011379951552406,0.0112446532467837,-4.487862530259398,-0.1591647445942081,-0.015180390740881686,-0.031983523985068985,-0.41066731611047835,-0.012575406929758766,-0.013427812750407497,-0.004148441466764297
2023-07-28,1864.0701,1882.0238,1857.1608,1876.0131,11611143503.132404,225216040017.0,0.007887524405912,0.0078565804926956,-0.1732944354736556,-0.1903066757357038,0.0085248626123196,-4.764768371799357,-0.2769058415399588,-0.006794832200878083,-0.043905406295621674,0.07594023037662234,0.02365885661475022,-0.01656271288048572,-0.0333320403525188
2023-07-29,1876.9101,1889.6508,1869.2421,1886.0775,9370400498.87108,226048050607.1812,0.0053647813013673,0.0053504421236677,-0.1929821127141203,-0.2144094457956513,0.0070560682508997,-4.953867287577864,-0.1890989157785068,0.010696492616518736,-0.0170329770491513,-0.026797973365268124,0.017090541875047074,-0.016160526486231674,-0.02076281926740453
2023-07-30,1884.0244,1886.2911,1855.7308,1863.038,8449001109.337979,225887622710.36584,-0.0122155637825063,-0.0122907870055165,-0.0983308439851753,-0.1035076155437258,0.0092156303794038,-4.686854282234376,0.2670130053434878,-0.011675034216367047,-0.04280798949938358,-0.19441731297177256,-0.036401127706087597,-0.03297859582356821,-0.04904222482722753
2023-07-31,1862.1056,1878.3138,1853.525,1859.2884,11444017827.517605,224678360389.4472,-0.0020126266882372,-0.0020146547429318,0.354481752271222,0.303418910522566,0.0093468236573356,-4.6727187091910025,0.0141355730433732,0.004997384034694514,-0.04465847161051428,-0.06737279872134305,-0.03141218737537299,-0.03191010152897533,0.01659802140109834
2023-08-01,1856.2227,1869.4222,1824.7339,1869.4222,11967740934.505226,221669285743.8885,0.0054503647739641,0.0054355652865954,0.0457639191830256,0.0447476414911558,0.0165320721974316,-4.10245301520986,0.5702656939811428,0.00505188993393342,-0.016668444042430508,0.375569342877502,-0.032541842428151835,-0.002934036220281655,0.0731550071756093
2023-08-02,1873.5962,1877.2666,1827.541,1836.7221,15230588274.30662,223032991809.223,-0.0174920892669403,-0.017646883634433,0.2726368625171353,0.2410910176999904,0.0144122539542391,-4.239676465224672,-0.1372234500148126,-0.019425263124147045,0.046671779526832324,-0.1281366727435973,-0.062190160646561965,-0.011302677401790362,-0.1333969831952957
2023-08-03,1839.5182,1855.1814,1828.6664,1835.6063,13647143332.132404,221547609807.42508,-0.0006074952765037,-0.0006076798765254,-0.1039647920130191,-0.1097755721508933,0.0100928117066239,-4.595931820737745,-0.3562553555130723,-0.015387487199460873,-0.004857660274844022,0.05519260831170136,-0.05414482634663685,-0.005426536386565317,0.048515885385045365
2023-08-04,1839.5042,1847.6909,1822.775,1831.8455,12294279402.839722,221183985393.31708,-0.0020488053456778,-0.002050907018453,-0.0991316568140193,-0.1043961550408359,0.0092432844628328,-4.683857995144413,-0.0879261744066681,-0.024302932244805717,0.008324719677851533,-0.10518383035307544,-0.04236270342843084,-0.006302710552944291,0.06554832352475115
2023-08-05,1831.3543,1871.2594,1827.7338,1866.4349,11507058325.073427,221962653200.514,0.0188822692743466,0.0187062120156424,-0.0640314939958549,-0.0661734505021015,0.0117417099436911,-4.444607824107254,0.2392501710371588,-0.009379986587905322,0.02559885106856541,0.13603289575903643,0.015808913088795108,-0.019571202524694797,0.06281549856082735
2023-08-06,1865.2758,1881.9888,1859.1823,1859.4031,14472790131.41115,225366577764.7073,-0.0037675034902101,-0.0037746184074233,0.2577315350766502,0.2293097293645307,0.0083955390546235,-4.780054779123556,-0.3354469550163017,-0.0014523682156371556,0.06882979272668877,-0.03994618743092282,-0.00551941932431396,-0.017738892122846295,0.008317027993423487
2023-08-07,1863.2023,1872.4928,1810.7594,1828.9846,11333445601.84669,221630803258.8641,-0.0163592821803942,-0.0164945727710097,-0.216913566842302,-0.2445122019089674,0.0207175817757752,-3.876772578065313,0.9032822010582428,-0.014782666918320085,-0.0012216802236828528,0.12864775775973136,-0.020415502213291862,-0.004079139242499252,0.05030217768027834
2023-08-08,1830.5321,1872.6338,1827.9754,1856.6174,11950412281.425089,221873795901.18463,0.0151082737383354,0.0149952804383512,0.0544376971710942,0.0530076363757709,0.014627184773957,-4.224873510767762,-0.3481009327024491,-0.009103455768170472,-0.00019159457792738976,0.03820722204141891,-0.002358929909497083,-0.0004170977020443445,0.013784808989461883
2023-08-09,1858.2205,1870.2222,1847.5898,1856.8785,10420653685.578398,223704196263.56445,0.0001406320979218,0.0001406222101553,-0.1280088552446382,-0.1369760102217829,0.0085974971218605,-4.756284150422604,-0.5314106396548421,0.009393162613522365,-0.0546528545170446,-0.001455147988021377,-0.010017840469245101,-0.008744073648397688,-0.0031440106963533943
2023-08-10,1856.5643,1864.1483,1847.6217,1852.802,7896782993.693379,223187131219.9129,-0.0021953509613041,-0.0021977642769226,-0.2421988838740427,-0.2773343075484214,0.0061692928896259,-5.088171052231165,-0.331886901808561,0.007203009054055488,-0.06951823704641313,0.00978842183720774,-0.01366179553766237,-0.02169419469920797,-0.002879212285967103
2023-08-11,1851.9433,1855.7265,1842.0685,1849.3763,6862255260.292683,222596867609.3589,-0.0018489293513284,-0.0018506407310069,-0.1310062254752224,-0.1404193176954815,0.0051518626712829,-5.268396945954026,-0.1802258937228611,0.009792699319543087,-0.0704291192346993,-0.01187739614890937,-0.012610271381399194,-0.020390618735131483,0.0009236107778023417
2023-08-12,1848.8932,1854.56,1845.1742,1847.3811,5990734189.017422,222809196035.3449,-0.001078850204796,-0.0010794325825815,-0.1270021353356198,-0.1358221691198903,0.0035514836473919,-5.640389833959955,-0.3719928880059289,-0.009639909670150685,-0.07699003277178562,0.0008101693193176551,-0.0782682503016154,-0.03196670735737328,-0.25425964061965667
2023-08-13,1847.7789,1855.25,1838.6769,1840.1947,5626790326.299651,222461400592.9582,-0.0038900473757147,-0.0038976332894406,-0.0607511285319543,-0.0626747960533526,0.0058072953636931,-5.148640330497896,0.4917495034620591,-0.012425292782361905,-0.13735416012441704,-0.1694095694426685,-0.049788093032679205,-0.0638678909933752,-0.4214638455813544
2023-08-14,1840.4269,1852.071,1836.075,1843.4167,8759038264.585365,222168448089.01395,0.0017509016844794,0.0017493706429999,0.5566669018473229,0.4425469340923355,0.0060501419113691,-5.107673550789836,0.0409667797080599,0.007014062266556511,-0.0437940001660273,-0.308673972765249,-0.04390295925023634,-0.03195358700887496,-0.011991428201348686
2023-08-15,1843.2767,1844.8887,1823.7283,1829.7257,8258663992.334495,221443661590.9094,-0.0074269697133588,-0.0074546869750383,-0.0571266224825148,-0.0588232815920205,0.0067459526590724,-4.998812559996642,0.1088609907931941,-0.015453244437690269,-0.06635016072026545,-0.09621690355760837,-0.04328570279564193,-0.009400335660206594,-0.045538413886454965
2023-08-16,1830.311,1832.0027,1806.82,1810.2431,8655020387.912891,219717947082.5296,-0.0106478255183277,-0.0107049192569112,0.0479927983444157,0.0468767140664758,0.0069885062899645,-4.963488437994703,0.0353241220019393,-0.02526648344990146,-0.03335966207151486,0.035662228481211145,-0.05240405286058626,-0.015863918488435047,-0.2106625158439721
2023-08-17,1810.3227,1811.8277,1592.229,1690.8845,12045617568.038328,213372815249.36584,-0.0659351221943616,-0.0682093808470189,0.391749184653632,0.3305613622387592,0.0809130037604942,-2.514380729138921,2.4491077088557818,-0.09098375540028446,0.076692238046153,1.7826982248041183,-0.11390971060730301,-0.014828891758430274,1.3406229674212038
2023-08-18,1693.2586,1704.2062,1658.6673,1672.9856,23951480894.818817,202771028243.223,-0.0105855249131445,-0.010641950128927,0.9883979181251228,0.6873292482277352,0.017628202844116,-4.038255225141209,-1.5238744960022883,-0.09997737510953925,0.26550465165291826,-0.042996269888077254,-0.12031480368662578,0.025804038252378092,-0.023194832961058065
2023-08-19,1674.3385,1693.6341,1665.5191,1675.8878,11367680936.627178,201883996085.43207,0.0017347429649126,0.0017332400362144,-0.5253871363300031,-0.7452558311126481,0.0118228089331354,-4.437724652839417,-0.3994694276982082,-0.09764126849300299,0.07080137834181244,0.011266438955536806,-0.12012958903870005,-0.016308754270042414,-0.10281264722156092
2023-08-20,1678.5526,1694.184,1671.4151,1689.1408,8973188245.36237,202313742841.3066,0.0079080473048374,0.0078769425762463,-0.2106403851949825,-0.2365332764172591,0.0087329248773516,-4.740654927745832,-0.3029302749064149,-0.0857775582922845,0.041660273980660634,0.03497140094437734,-0.11172366841514572,-0.019310437174556938,0.036516632124549364
2023-08-21,1688.1358,1688.9175,1665.4827,1675.9756,9341217452.714285,202203096344.7736,-0.0077940216706623,-0.0078245538064533,0.0410143192462417,0.0401955448179999,0.0087994428331734,-4.733066873914525,0.0075880538313075,-0.09514935958549493,0.007073742712872644,-0.07765776956521897,-0.10740733952786996,-0.004504425027054282,0.016804652262636388
2023-08-22,1677.0058,1677.0907,1608.8245,1637.9377,9928783226.22648,199854689663.2404,-0.0226959748101345,-0.0229574929618366,0.0629003421113449,0.0610013434233223,0.0254723924960929,-3.6701600605156335,1.0629068133988913,-0.11104794724991944,0.02001937516846297,-0.1851330023423272,-0.14044557231707588,-0.006436620679156846,-0.22528775980139448
2023-08-23,1639.6381,1693.6995,1633.3896,1678.939,14902163460.038328,199372222748.47388,0.0250322707634118,0.0247240957663924,0.5009053093912721,0.4060684656455735,0.0209901019604071,-3.863704287590782,-0.1935442270751486,-0.0753430703933435,0.07151907181743056,0.09637207197399666,-0.09703440355668995,-0.0005411799673709083,0.22403683028643817
2023-08-24,1680.7469,1682.1802,1648.9933,1663.8176,12441595988.759584,200777782384.54703,-0.009006521380467,-0.0090473252797217,-0.1651147820165177,-0.180461027073089,0.0126066265357684,-4.373532687732633,-0.5098284001418505,-0.01754011708388946,0.004365420044251778,-0.692701354954532,-0.11146278822376833,-0.002520395979981771,-0.055679432044053456
2023-08-25,1664.9809,1667.3616,1641.6669,1658.1815,8722628357.808363,199441639596.5749,-0.0033874506436283,-0.0033932010443647,-0.298914032758429,-0.3551247643145954,0.0106830458206651,-4.539097296907941,-0.1655646091753082,-0.009696641938501113,-0.18334952970323926,-0.0846424255827749,-0.12168625869178039,-0.008302397651604565,-0.04899112049590171
2023-08-26,1657.7255,1659.4688,1650.03,1654.6312,6885500757.759582,199288908826.1986,-0.0021410804547028,-0.0021433758444542,-0.2106162872804517,-0.23650274844718,0.0038626209736316,-5.556409317214657,-1.017312020306716,-0.014353730333289712,-0.06105400856021603,-0.01692442679110595,-0.11918417873502293,-0.021836326971090614,0.01284779735005337
2023-08-27,1653.1053,1666.2375,1652.9416,1662.8888,4492717624.912892,199762022990.0627,0.0049905985092024,0.0049781867500719,-0.3475104014984174,-0.4269600809060906,0.0043176703399997,-5.445039295334381,0.1113700218802753,-0.015068512307336381,-0.06499975716027251,-0.009182671879097715,-0.12107053001184286,-0.02219407342293067,-0.009630446613331234
2023-08-28,1661.9119,1664.7217,1637.1393,1658.3608,6597502473.25784,198966722566.0662,-0.0027229722155804,-0.0027266862480942,0.4684881232404978,0.3842333839428637,0.011738995074483,-4.4448390666715785,1.000200228662803,-0.011180296772683014,-0.04199575681029799,0.015726663683213626,-0.12758048261867905,-0.008780525667521744,-0.05442694905031065
2023-08-29,1656.1741,1744.1021,1644.4011,1730.6338,10417920252.808365,202871156178.43207,0.0435809867189336,0.04265805517899,0.5790703065343461,0.4568362602698056,0.0313904641982109,-3.4612511201455214,0.9835879465260572,0.0540121530453135,0.007617159303073606,-0.10913954172731355,-0.07322019065999757,0.00624261125274117,0.1942129939880881
2023-08-30,1732.387,1732.387,1700.0304,1709.4821,13584664638.54704,206542717790.8502,-0.0122219385753359,-0.0122972406538696,0.3039708798773934,0.2654141318727452,0.0104549703045008,-4.560677786421134,-1.0994266662756125,0.016952181193862933,-0.020650771465437145,0.3070972257310891,-0.0823531572455403,0.006743160323001263,-0.02359825265137916
2023-08-31,1707.9015,1723.2418,1641.9534,1648.7034,8080238835.721254,203705911875.87457,-0.0355538674549442,-0.0362012983307572,-0.4051940882814842,-0.5195201254433164,0.0262055793979282,-3.641782936767196,0.9188948496539372,-0.009824491081419836,-0.07157293794780273,0.019116029001295054,-0.1278705248644992,-0.012279747946255526,-0.19686927820870093
2023-09-01,1650.0819,1656.4525,1607.8498,1632.2664,10674815405.780487,197469753517.56445,-0.0099696525160317,-0.0100196822991161,0.3211014702423256,0.2784658357940853,0.0199478863392245,-3.914632089167685,-0.2728491524004885,-0.015477003575012672,0.0326715194989049,0.24615661838701364,-0.11953421099207769,-0.01458523449745286,0.049469852869185704
2023-09-02,1630.7722,1647.1399,1630.7722,1632.831,7732708399.010453,196926809234.3589,0.0003458994193594,0.0003458396099469,-0.2756119796860246,-0.322428090500601,0.0070180215493091,-4.959273931248865,-1.0446418420811805,-0.012340201044775779,0.013853225169032868,0.005213654470999973,-0.11918076066467499,-0.019257979019840832,0.001923196841661312
2023-09-03,1633.4577,1649.1671,1630.9825,1641.0845,5022317781.790941,197262990405.0627,0.0050547178489384,0.0050419856497642,-0.3505098701984362,-0.4315676395973239,0.0072860903276775,-4.921788183042259,0.0374857482066062,-0.01261138283036106,0.008563347795259801,-0.00040235801035581886,-0.10969844401841608,-0.024198113811568334,0.04708600616600522
2023-09-04,1640.6107,1647.9321,1624.3255,1634.5149,5745959770.825784,196884258309.12195,-0.0040032064162448,-0.0040112406961392,0.1440852651057842,0.1346054226153283,0.0099367531109713,-4.611514960470633,0.3102732225716256,-0.013164120209064756,-0.013805050798438856,-0.0008482484847323057,-0.13206286112166776,-0.01959514468269319,-0.12673781965796316
2023-09-05,1635.1747,1647.7832,1616.4428,1636.3713,7085166693.783972,196316359076.10104,0.0011357498178818,0.0011351053419869,0.2330693176373777,0.2095064412860008,0.0135709130095343,-4.299826525929655,0.3116884345409785,-0.05701905786938108,-0.05594054125481307,-0.37638656901814027,-0.12981550560245148,-0.025702728101567374,-0.04275938654330158
2023-09-06,1637.5757,1653.347,1619.8781,1637.6927,6920000515.331011,196548022399.39023,0.0008075184403442,0.000807192572746,-0.0233115444690759,-0.0235875564706566,0.014460844382166,-4.236310669615733,0.0635158563139217,-0.041977062921277924,-0.12222984083130584,0.05991360672180601,-0.11131832862378697,-0.015676353921676878,0.11525354910066188
2023-09-07,1635.3123,1660.3724,1627.419,1649.0146,8509687335.351916,197016266197.3345,0.0069133238488514,0.0068895363961786,0.2297235117972913,0.2067893569592327,0.0131923279568606,-4.3281198337503,-0.0918091641345668,-0.00064702565519664,0.008342753141150183,-0.6018955220058011,-0.1194414119568167,-0.012394082246121485,-0.05905133313635291
2023-09-08,1649.4873,1657.6135,1623.9175,1639.2648,8497907658.993031,197260690378.3554,-0.0059125007140627,-0.0059300487491106,-0.0013842666474888,-0.001385225629658,0.0139987466014822,-4.268787481840347,0.0593323519099531,0.005194203670485209,-0.04302665675315254,-0.19586044152294368,-0.12447978046122728,-0.006993558426184876,-0.07165314674193235
2023-09-09,1640.9434,1644.1057,1635.6614,1641.2521,5407497690.770035,197145683353.9373,0.0012123117631757,0.0012115775066421,-0.3636671628165464,-0.4520335236260285,0.0036392560854356,-5.615975990353377,-1.34718850851303,0.0047603697397230185,-0.048099359122598884,0.002383872114863017,-0.12077609405794917,-0.009127481824162231,-0.028150598210162414
2023-09-10,1643.0558,1643.0558,1610.5101,1621.118,5024416047.114983,195872627056.5192,-0.0122675242883162,-0.0123433914712218,-0.0708426828011277,-0.0734772141399886,0.0114166867142467,-4.472679246951135,1.1432967434022423,-0.011952515893994039,4.446458374829376e-05,0.0776423594002198,-0.13147115510949878,-0.006792685518441033,-0.09772651142784872
2023-09-11,1620.6674,1623.695,1541.2379,1551.5974,9521545151.292685,190817888895.7909,-0.0428843551178876,-0.0438310537827346,0.89505507943753,0.6392479037782341,0.0250083747352058,-3.688544520802126,0.7841347261490084,-0.052464667901390545,0.0769676047891501,0.7140355993904604,-0.17469934231191156,0.01300937095179222,0.03778563572150606
2023-09-12,1552.332,1617.3093,1552.332,1596.9765,12621213624.379791,191395675134.05228,0.0292466976291658,0.0288271731411517,0.3255425903920943,0.2818218777977624,0.0230254001612429,-3.7711573175675537,-0.0826127967654275,-0.025104762432563803,0.10311769758185818,0.19596620177969726,-0.14188540154628773,0.025281939461599734,0.26062329017020547
2023-09-13,1595.4309,1618.222,1585.849,1611.168,9217529030.069689,192708115707.28223,0.008886480170497,0.0088472277779291,-0.2696796596276105,-0.314272018666173,0.0129215480192108,-4.348858972076622,-0.5777016545090681,-0.01487441347185764,0.03985761530916676,0.03030684876099654,-0.13458542125511574,0.0016351425340097592,0.004013575717677131
2023-09-14,1612.4977,1643.0933,1612.2524,1631.1887,9024533970.49826,195843009723.26828,0.0124262026058115,0.0123496310269727,-0.0209378304035533,-0.0211601353050003,0.0113231794499014,-4.480903375511094,-0.1320444034344721,-0.011155499515326244,0.0087178146399296,-0.016084482140618306,-0.11517688493073085,0.002725417867608826,0.03355123932658133
2023-09-15,1629.7877,1656.1264,1618.8301,1646.386,7728872024.602787,196203348879.6585,0.0093167025985405,0.0092735698214194,-0.1435710641824906,-0.1549839351009362,0.0148239109918138,-4.211513794346986,0.2693895811641082,0.0033112623109378,-0.013050142758238792,-0.004071091896197032,-0.09492253401912804,-0.0032967241690720073,-0.010748511453316123
2023-09-16,1646.6902,1655.0174,1637.0464,1643.6264,6112378166.641115,197574442821.32056,-0.0016761561383538,-0.0016775624597497,-0.2091500354535562,-0.2346470074023251,0.0076328434608317,-4.875294834586276,-0.6637810402392903,0.00034721945780614126,0.011967949972927272,0.0008110747291549814,-0.029749817889702053,-0.02138182263199795,-0.1367701450695149
2023-09-17,1642.9641,1644.1342,1623.0975,1631.6033,4528216761.979095,196648020935.885,-0.0073149835023337,-0.007341869186615,-0.259172675752906,-0.2999877115476,0.0080197703967031,-4.825845486353533,0.0494493482327431,0.006725111299361198,-0.008409866504276664,-0.0033824482683164625,-0.02585501088656387,-0.07337745212506519,0.005695010156730351
2023-09-18,1632.1718,1672.3274,1617.5644,1640.0148,7391125677.269231,197752760369.08392,0.0051553585359871,0.0051421151718626,0.6322376038462605,0.4899518365367049,0.0233536522012093,-3.757001895911492,1.0688435904420412,0.05494694977592256,-0.036933535405403006,-0.23458767875776232,-0.02322660826503546,-0.01571033921272047,0.0033618243780697554
2023-09-19,1642.774,1664.6334,1633.4532,1647.9698,8252840057.780488,197986188998.0244,0.0048505659826973,0.0048388398910209,0.1165877050584305,0.1102773427806892,0.0132255745995002,-4.325602854204278,-0.5686009582927865,0.032400249585793246,-0.08028554864347015,-0.23474131236018092,-0.024080737098133236,-0.002872503312083552,-0.0010505413982038192
2023-09-20,1649.0155,1654.2898,1619.3917,1628.597,7723343046.452962,196782047612.3101,-0.0117555552292282,-0.0118251981004011,-0.064159369092381,-0.0663100831258058,0.0129355560826283,-4.3477754737287215,-0.0221726195244436,0.009934564646067021,-0.029010621532805203,-0.23220850671916526,-0.029291033415786726,-0.006481768538538546,-0.007290443006408243
2023-09-21,1625.3928,1630.5984,1577.9087,1588.2615,9208779426.114985,193152236309.7317,-0.0247670233949834,-0.0250788861642616,0.1923307524640158,0.1759100070529052,0.0182524792061496,-4.003454361267682,0.3443211124610394,-0.025809739125239973,0.0036230721968131263,0.4094951604050401,-0.03183552494104177,-0.0028981504973337735,-0.00412449612559751
2023-09-22,1590.0814,1606.8503,1585.8896,1602.0907,8052437039.996515,192313187657.2021,0.0087071304064223,0.0086694419606,-0.1255695605911921,-0.1341825309590176,0.0080208532512121,-4.825710472337317,-0.8222561110696347,-0.02745787015498512,0.006331108426692822,-0.011988841909246872,-0.04792881417802276,-0.02799978772709011,-0.035405581312257794
2023-09-23,1602.2129,1606.6629,1597.3995,1605.5225,4854830308.170732,192603860748.4216,0.0021420759760979,0.0021397850023974,-0.397098010942929,-0.506000634342989,0.0038823479544043,-5.551315165484368,-0.7256046931470514,-0.023052739767533942,-0.02483420004834258,0.029843878683939895,-0.03636440312015084,-0.03195605331508489,0.027112736492686196
2023-09-24,1605.2201,1610.578,1587.167,1587.9419,3941636101.829269,192683463084.7282,-0.0109500801141061,-0.0110104735211232,-0.1881001288149139,-0.2083782577723446,0.0078713866224441,-4.844521041164852,0.7067941243195159,-0.027472745355438363,-0.011798224735972695,-0.02995682335007821,-0.04300770683575079,-0.020675405017254178,-0.0144831253498241
2023-09-25,1586.3609,1601.0308,1570.4494,1593.1277,7232337329.383275,190765459789.87805,0.0032657366116479,0.0032604156752104,0.8348566794450734,0.6069663746116228,0.013378082781859,-4.314137524395137,0.5303835167697155,-0.030687085408501343,-0.0032178855460571754,-0.02375150791524172,-0.0369563282402503,0.0015143607054355357,0.013306766448455853
2023-09-26,1592.4173,1602.038,1588.1975,1598.2727,6398563771.850174,191753815289.0836,0.0032294962921051,0.0032242926693317,-0.1152841079668223,-0.1224887114652805,0.0056956100146316,-5.168059573748759,-0.8539220493536224,-0.03125495957102259,-0.03836449269840614,-0.15605249797675125,-0.03904520300626824,0.008280644272250726,-0.0043268294713469935
2023-09-27,1599.4542,1635.9912,1591.6847,1603.02,7789593963.815331,192929822075.4216,0.0029702690911257,0.0029658665575407,0.2173972537532331,0.1967151812456972,0.0193648138613512,-3.944297578178777,1.223761995569982,-0.013860159492361348,0.0013963716902161138,-0.12354565104177828,-0.032620833131291944,0.00514483361283169,0.012446373330251337
2023-09-28,1601.2221,1668.0121,1601.1646,1656.237,10639649039.738676,196361557923.9233,0.033197963843246,0.0326588115090408,0.3658797992761347,0.3117987626034392,0.019890613881821,-3.9175073227503487,0.0267902554284282,0.04076295177471161,0.029692207223039446,0.21650512854129378,-0.04495206462455425,0.000954025403625991,-0.08905092963608263
2023-09-29,1654.6033,1687.3823,1653.0075,1670.2721,11430588885.662022,200444915556.65503,0.0084740891551147,0.0084383856230886,0.0743389037522963,0.0717054991523351,0.0133226659071613,-4.318288490715585,-0.4007811679652366,0.041600811092324635,0.06678918683973478,0.24324276586768434,-0.0222788766261085,-0.009307029945244238,-0.0013206566597991909
2023-09-30,1668.9176,1676.0731,1657.6092,1660.7197,7439758425.686411,200469753621.9164,-0.0057190681685934,-0.0057354846602301,-0.3491360331383727,-0.4294546188828057,0.0072101602947391,-4.932264095652371,-0.6139756049367859,0.03399018149148208,0.04825393633475983,0.05502573162427504,0.006426139583563975,-0.0027840880741827334,-0.19505806420606708
2023-10-01,1660.7374,1713.0671,1652.2946,1704.772,6732382863.487804,200155271783.07663,0.026526029648471,0.0261803148255614,-0.0950804477409281,-0.0999092317647984,0.0196923241990215,-3.9275263537329,1.0047377419194716,0.07198872653319627,0.04960801561880146,-0.09148797036229972,0.0443777324839178,-0.017310097145934122,0.0829772584772952
2023-10-02,1702.9945,1719.1152,1643.2612,1659.3201,12217901429.79094,203395689239.07663,-0.0266615711661148,-0.0270234372983158,0.8147959908895148,0.5959730596855022,0.0275223931186836,-3.5927553104432364,0.3347710432896633,0.04115476396558403,0.08292521520458607,0.1675394318028296,0.015708883748197667,0.0196699097346702,0.09794325605351384
2023-10-03,1654.7809,1663.2077,1644.132,1661.9006,10991529791.797909,199103924107.78745,0.0015551550300632,0.0015539470287368,-0.1003749821555087,-0.1057772493186916,0.007708024772902,-4.865493314514314,-1.2727380040710776,0.03829944113446084,0.07075043976459128,-0.017143783264822243,0.012893336614439267,0.025592038172177922,0.0026429832926329055
2023-10-04,1661.9509,1661.9509,1635.2103,1654.226,7470708030.031359,198141711567.01047,-0.00461796571949,-0.0046286614642748,-0.3203213591245374,-0.3861351794642402,0.0110982585095944,-4.500967074000059,0.3645262405142553,0.032566075530132264,-0.004753685304873301,-0.06270143948372597,0.01158357692550265,0.007274240548770905,0.001048280414283731
2023-10-05,1651.6581,1660.0277,1615.7685,1615.7685,7397553347.501742,196946832130.1533,-0.0232480326146489,-0.0235225308331155,-0.0097922020557547,-0.0098404609653975,0.0133677755861071,-4.314908275224688,0.1860587987753703,-0.023750587325262217,-0.04965832884189325,-0.10835673831524639,-0.013406221579937946,0.0013118702705732233,-0.001489998094588607
2023-10-06,1620.1927,1662.4326,1617.0067,1651.9306,7777266053.268292,197087605995.00696,0.0223807432809837,0.0221339696446867,0.0513294988125749,0.050055552573037,0.0154405467244057,-4.170758325400638,0.1441499498240501,-0.010230608049024372,-0.05908105460778046,0.0495373660447358,0.010110869247525649,0.0035912767808028434,0.002532522648918345
2023-10-07,1649.9352,1654.108,1640.0508,1644.3284,6069228885.759582,198044873374.446,-0.0046020093095919,-0.0046126311548501,-0.2196192281207778,-0.2479733093383329,0.0056519290264733,-5.175758371479789,-1.005000046079151,-0.009929687224543637,-0.023096529811304833,0.000622387469818797,-0.003132478977765695,-0.010257720451637198,0.0030034231191073957
2023-10-08,1644.2918,1653.6621,1627.1333,1640.3531,4358015596.080139,197439530682.8188,-0.0024175827650972,-0.0024205098368875,-0.2819490452394232,-0.3312147448188809,0.0113381445368291,-4.47958261516083,0.6961757563189597,-0.037476648541116514,-0.04132121870037153,-0.15583855639040722,-0.00035979680980864853,-0.01764508467057624,0.00031364051081661515
2023-10-09,1644.4441,1646.0636,1558.5756,1587.5407,6912591505.707317,193596451865.03485,-0.0321957510245812,-0.0327254342880444,0.5861786983793535,0.4613277892359378,0.0318164957039336,-3.447770390863268,1.0318122242975614,-0.041482524106841404,-0.09900592168862943,0.023645128285157302,-0.034371711491234816,0.006451102211705972,-0.03979325160699698
2023-10-10,1584.5508,1599.682,1560.8167,1571.6147,9096915923.85366,190337872945.5366,-0.0100318687892536,-0.0100825270678488,0.3159921161756593,0.2745908421372016,0.0166287413153424,-4.096622676233907,-0.6488522853706389,-0.05588859109375309,-0.03787439561478578,-0.2517222838559485,-0.030734477530913643,0.017249648423398156,0.008234997914979836
2023-10-11,1574.8773,1584.1244,1555.0118,1570.2359,8088662982.306621,188676459457.5993,-0.000877314267931,-0.0008776993333254,-0.1108345894352205,-0.1174719971484988,0.012986986976125,-4.343807424694061,-0.2471847484601541,-0.05055382957010145,0.01251158713656153,0.17633880940396018,0.01146754644045946,-0.0060353047950059135,-0.041261561667242486
2023-10-12,1570.2708,1572.9896,1537.593,1553.1663,8505498927.700349,187208841438.98605,-0.0108707233097904,-0.0109302413515649,0.0515333555502963,0.0502494375312853,0.0145830671424671,-4.227894208101179,0.1159132165928822,-0.04224947128890966,0.022047715510893795,0.3197038185960537,-0.02684823499225556,-0.017540766259536156,0.07139382701243813
2023-10-13,1549.3135,1576.0924,1549.273,1563.339,9331673980.052263,187358391191.6202,0.0065496527963553,0.006528297018381,0.0971342256785503,0.0927015308532494,0.0107660630838043,-4.53135639932084,-0.3034621912196611,-0.05391209589703826,0.030135000295167913,-0.21130037426959758,-0.030960424813199616,0.0004906456488527056,-0.007779761877445779
2023-10-14,1564.6367,1572.8479,1556.3139,1568.5791,7685883448.5818815,188118288752.9896,0.0033518641830083,0.0033462592075099,-0.176366055542498,-0.1940290899406745,0.0073070294707274,-4.918918452962701,-0.3875620536418607,-0.04713959707658716,0.03040720892983373,0.07351906865840174,-0.03827958321273525,-0.005769313136159582,-0.01700058771959645
2023-10-15,1568.7209,1580.5221,1566.3711,1572.1513,5386722153.636043,189007712422.88693,0.0022773476963962,0.0022747584704311,-0.2991407962828341,-0.3554482627381858,0.0062128958989897,-5.081128163394289,-0.162209710431588,-0.0449574577794433,0.018878128639254754,-0.07423583741363915,-0.046322397732649366,-0.010174956574207528,-0.023775132238593955
2023-10-16,1573.5168,1618.3088,1568.4368,1604.0734,10070279751.052263,190831241044.1952,0.0203047251241021,0.0201013328009169,0.8694633700857979,0.6256514218147802,0.018628420196721,-3.9830668968520255,1.0980612665422624,0.012245308773997546,0.05581705304500062,-0.10482752907555515,-0.023955719546678786,0.017134372988973467,0.053304839489393796
2023-10-17,1603.3676,1603.6209,1559.7563,1572.3634,10672499553.04878,190632098109.0871,-0.0197684220684665,-0.0199664312211459,0.0598016953733178,0.0580818107858676,0.0154050995612743,-4.173056684034928,-0.1899897871829017,-0.0015975267062618072,0.026727494051609568,0.022255629551916734,-0.03733168283460579,0.026031199893122192,-0.027089992332013146
2023-10-18,1573.6612,1592.1094,1567.596,1574.0198,8605144306.139372,189846227609.52264,0.0010534460417992,0.0010528915568968,-0.1937086281084765,-0.2153100982146891,0.0109709564879716,-4.512503817249655,-0.3394471332147271,0.0023846407686115437,0.008608152482707965,-0.000463110182420845,-0.04275354700598236,0.005064165232077755,-0.014966332655109937
2023-10-19,1570.2284,1581.0549,1552.0919,1572.3438,7175644671.526133,188189532304.1812,-0.0010647896551236,-0.0010653569463614,-0.1661215179846964,-0.1816675922570192,0.0130466436186403,-4.339224372267398,0.1732794449822572,0.014755442790486671,-0.02231662224738784,-0.2055571462591188,-0.047611070784196956,-0.004492135887755211,-0.01559914167036025
2023-10-20,1575.2943,1633.9106,1567.953,1611.9152,9802329069.4669,193058141878.34143,0.0251671421987988,0.024855664856432,0.3660555278557456,0.3119274102900137,0.0253954510101379,-3.673185215085964,0.6660391571814341,0.0297693807734211,0.00795524527400815,0.06030845538896834,-0.008326472406644326,0.00865178511939746,0.07362701202070143
2023-10-21,1610.9302,1649.52,1598.5352,1639.2142,7867104282.909408,195074994635.17422,0.0169357544367099,0.0167939434256908,-0.197424996941338,-0.2199299665899019,0.0193868415228992,-3.943160715058887,-0.2699754999729227,0.043956406742244054,0.0030462880382948754,0.06227137160962437,0.030431770777078527,-0.005574862697187655,-0.027431355019067016
2023-10-22,1634.7364,1671.7854,1630.4544,1670.1238,7991259163.439024,197536830506.9304,0.0188563520252571,0.0186807747502149,0.0157815221541339,0.0156582887825975,0.0116687901771622,-4.450837507538256,-0.5076767924793693,0.059584641117160705,0.042786614599677364,0.11314621403360858,0.04151201922181782,-0.00025494569841910675,-0.026949378685049652
2023-10-23,1670.5582,1785.6989,1666.0905,1768.0496,12953552162.418118,203861524120.36584,0.0586338569631783,0.0569792627030103,0.6209650941721654,0.4830217090066775,0.0340674417351173,-3.379413138619376,1.0714243689188798,0.09777085075802842,0.045323777097539875,0.7432040857496394,0.0966161369842158,0.03319682843891414,0.1550900224155134
2023-10-24,1767.8561,1854.0797,1762.3191,1784.0301,26270889659.1568,217149758915.2544,0.0090384907753717,0.0089978880922132,1.0280838282626452,0.7070914203098806,0.0354420461476401,-3.339856419368996,0.0395567192503798,0.12547002716307498,0.2148905193608357,0.2301087241713078,0.11743225529258196,0.08620111244606221,0.23732816352605868
2023-10-25,1786.6093,1816.0285,1764.5308,1787.9198,16386723290.79094,215350717581.4704,0.0021802883258528,0.0021779149464025,-0.3762402604786056,-0.4719900175751557,0.0203363443246798,-3.8953456328982927,-0.5554892135292966,0.129831734672828,0.09209295930741135,-0.022626373378618947,0.1157996449696881,0.03329914794149147,0.005997573059976169
2023-10-26,1788.9379,1866.7038,1767.6968,1808.1167,15196619687.578947,217467024910.7579,0.0112963120605298,0.011232985187933,-0.0726260877231514,-0.0753984373785415,0.037960772416213,-3.271201957285866,0.6241436756124266,0.13784369438229666,0.08680711338873692,-0.08316772446599296,0.12262336029776125,0.03099080934999421,0.026237697016174177
2023-10-27,1808.906,1808.906,1757.205,1784.0364,13240044858.094076,214882632589.19165,-0.0133178903773191,-0.0134073688100173,-0.1287506609831191,-0.1378270755683731,0.0186118640653326,-3.9839560486298526,-0.7127540913439865,0.10206666140692967,0.03501538173027896,0.00840193671495415,0.1081112873476898,0.018728083796002437,0.047423843720340475
2023-10-28,1783.8743,1802.3462,1779.0097,1782.9946,8579366820.696864,215256147951.5296,-0.0005839566950539,-0.0005841272641713,-0.3520137648588091,-0.4338858249215416,0.0092101970264741,-4.68744403627554,-0.7034879876456874,0.08681274216317723,0.007104019757392166,-0.12402555300062712,0.0747330280612395,-0.007038086935679644,0.07632998314972994
2023-10-29,1781.7403,1815.2213,1774.2012,1799.8852,5395363593.749129,215802762029.3693,0.0094731638559084,0.0094285748175124,-0.3711233350305812,-0.4638201226378145,0.0148850614344188,-4.207397157252586,0.4800468790229537,0.07456506301436924,-0.02613803952853999,-0.1847004015955407,0.0755476125103033,-0.02090655563211996,-0.0014219309573206829
2023-10-30,1800.7909,1832.1438,1785.4326,1813.0075,8786102938.372822,217324923602.82925,0.0072906316469516,0.0072641834635562,0.6284542803662165,0.4876312706493628,0.0177716928993885,-4.0301483740831765,0.1772487831694098,0.02521949905373173,-0.04344543782047694,-0.5019449870778181,0.08772534795319038,0.004701879731609182,-0.02367998049472453
2023-10-31,1812.6568,1821.527,1791.2164,1818.9075,9569735199.024391,217288595938.7909,0.0032542612206514,0.0032489775724164,0.0891899703597938,0.0854342735119365,0.0116709101081698,-4.450655848734791,-0.4205074746516146,0.01791646843625871,-0.1959493599172184,0.03706753649562211,0.06584787404592153,0.009837168604818203,0.03938413405391872
2023-11-01,1815.4356,1859.0325,1790.8803,1848.0509,10899701382.05575,218512805283.3101,0.0160224750296538,0.0158954700038013,0.1389762783788359,0.1301298575395059,0.0239790166009844,-3.730576139356923,0.7200797093778677,0.032509424335805386,-0.07377338288425506,-0.09130605842595862,0.11046290277204225,-0.0045581984662383945,-0.09760612162463289
2023-11-02,1849.6457,1873.3653,1795.9264,1802.7052,16059571805.254354,219981071456.9094,-0.0245370406193897,-0.0248430905464857,0.4733955768451907,0.3875696532566342,0.0252153866675756,-3.680300888747483,0.0502752506094403,-0.0034338170691534655,0.011969229468345333,0.18259154822063328,0.08129627230649365,0.017412285291332097,0.0923010194434597
2023-11-03,1802.3235,1841.2692,1781.8959,1841.2692,11616516962.0,217376211768.6237,0.0213922942031785,0.0211666908551687,-0.2766608535478312,-0.3238770845782159,0.0189900335972638,-3.963840984951298,-0.283540096203815,0.03166754440474425,-0.022638590839836326,-0.31371223080240274,0.1086754240186395,0.014021709781896874,-0.06307211487978215
2023-11-04,1835.5706,1874.3832,1832.2783,1866.3204,9154967110.376308,221950840484.0941,0.0136053978418799,0.0135136754268316,-0.2119008528697478,-0.2381313758078006,0.0123072387500335,-4.397567673448658,-0.43372668849736,0.04637820856658767,0.00808498104958133,-0.2383030409780864,0.14142369907822788,0.005884993122851512,-0.11440444127501959
2023-11-05,1868.2766,1915.4054,1857.5971,1898.5158,9634724737.811846,227145697224.0836,0.0172507357257627,0.017103631149106,0.0524040798455491,0.0510771468826332,0.0192351001133978,-3.951018538039779,0.4465491354088793,0.052846465726869754,0.05761466456231901,0.4075706380957729,0.1403364086008242,0.006182592051349189,0.16478284526393105
2023-11-06,1896.2604,1917.0975,1878.7148,1903.7499,12539063130.69338,228216182030.54355,0.0027569430815377,0.0027531496844807,0.3014448748580587,0.2634750894713925,0.0140893880321311,-4.262333386794682,-0.3113148487549035,0.049031958349611486,0.0483736908031851,0.06549314596707045,0.14651579789824634,0.02124134814820522,-0.015057280850441668
2023-11-07,1901.8883,1911.435,1860.5789,1893.7437,11806166638.66899,227331602199.2927,-0.0052560475512041,-0.0052699091619923,-0.0584490630907178,-0.0602268304797883,0.0188807828386237,-3.969610655214229,0.292722731580453,0.04223022461591417,0.02775165282872294,0.06435757677213694,0.14115326956296673,0.023907342661896536,0.018240868707490865
2023-11-08,1891.9098,1910.6187,1879.5865,1897.7761,10796369951.13589,227752261253.8432,0.0021293272157156,0.0021270634115368,-0.0855312921152317,-0.0894120294679104,0.0114180928566622,-4.472556088992647,-0.5029454337784176,0.02568861971320693,-0.0012654010756243395,0.09884856030790079,0.1803817667270276,0.01224319926682682,-0.1733037632596348
2023-11-09,1895.4462,2129.0593,1891.6564,2129.0593,17992766491.766552,236198583219.9896,0.1218706463844707,0.1149975120268951,0.666557053268958,0.5107598535645532,0.0420786197349346,-3.168215512066533,1.3043405769261138,0.1666035731494049,0.0234127390709169,0.37483020311773396,0.30150287449480917,0.02749089242244196,0.2084913010169811
2023-11-10,2121.2387,2132.1021,2069.1237,2081.4278,33261575272.72822,252650523170.4181,-0.0223720870527185,-0.0226261384486068,0.8486081775111483,0.6144330194626596,0.0176304883902129,-4.038125580731841,-0.8699100686653081,0.12569871367822788,0.23039428345933644,0.02474580090847356,0.28180601196417865,0.07393092297218118,0.12138867631477646
2023-11-11,2081.5555,2090.4453,2039.2434,2053.8475,15792919049.299652,248239197956.17075,-0.0132506637991479,-0.0133392371519966,-0.5251902857935729,-0.7448411568804609,0.0154307314953913,-4.171394206382,-0.1332686256501585,0.0946984617250696,0.06119577226843376,0.057335673294228506,0.28190293378041886,0.02042065388954839,-0.05736914213531641
2023-11-12,2057.42,2069.4629,2027.3338,2050.0759,11809527304.627178,247098471816.777,-0.0018363583469561,-0.001838046519989,-0.2522264397251577,-0.2906550737439902,0.014372641956219,-4.242428743582636,-0.071034537200636,0.07799308068071063,0.01926180855842574,0.06913100088771129,0.2702231603869321,0.006849462596093758,0.04504400297011313
2023-11-13,2047.2948,2116.9299,2036.5369,2062.0338,14153405301.811846,248586391519.7143,0.0058329059914319,0.0058159604578187,0.1984734813447017,0.1810486481099193,0.0270109324826021,-3.611513588167389,0.6309151554152472,0.08084554256943119,0.01406176483884991,-0.012793383035201167,0.27343220338788315,0.01766004644443342,-0.015415835228957508
2023-11-14,2057.6853,2066.7088,1957.5836,1984.9427,16840325091.052263,244846148404.79443,-0.0373859536153093,-0.0381027300892258,0.1898426372977852,0.173821060814394,0.0311598720405478,-3.4686241645172955,0.142889423650093,0.048003252149147156,0.04262193058384156,0.02185768696334689,0.23227693292335913,0.030529563619481337,0.15869542412434234
2023-11-15,1986.2957,2063.7205,1971.4664,2063.7205,16177509882.22648,241688905773.7491,0.0396876947631787,0.0389203745592172,-0.0393588131607954,-0.0401543145106645,0.0219293644737244,-3.8199286967385886,-0.3513045322212931,0.08505614922393548,0.04363632782791527,-0.2401661384033389,0.2524042544204336,0.01590566258566284,-0.06817964590623782
2023-11-16,2061.4463,2084.0425,1947.1718,1967.1746,16917261810.222996,244049599540.4181,-0.0467824494644502,-0.0479121216992416,0.0457271813389059,0.0447125107233373,0.0382220672589243,-3.264342253225504,0.5555864435130848,-0.07540191042063552,-0.008570474929396,-0.4106040805067801,0.2231934210340253,0.0160064017883208,0.09450473604758147
2023-11-17,1966.9486,1992.5723,1917.3786,1963.0612,16586139923.749128,236328055743.2857,-0.0020910192720056,-0.002093208505155,-0.0195730189783888,-0.0197671072849793,0.0271728084321759,-3.605538495697031,-0.3411962424715273,-0.05861035918268909,-0.14324028035471414,0.3107870324265045,0.2232840050922207,0.02009064297428509,-0.0002507456773117589
2023-11-18,1965.2595,1977.8325,1929.2661,1970.76,12365333494.5331,235113164297.7909,0.0039218339193907,0.0039141635767445,-0.2544779224473079,-0.2936705307923788,0.0174939647959644,-4.045899326335624,-0.4403608306385926,-0.043033515519307494,-0.032167559094421705,0.07897818797359113,0.22397714319050066,0.012850773223533452,-0.05593141299862081
2023-11-19,1967.012,2020.8197,1951.2829,2017.84,8541646952.080139,237226853354.20905,0.0238892609957579,0.0236083772105496,-0.3092263176034411,-0.3699430307188324,0.0190168811364689,-3.9624282134144018,0.083471112921222,-0.014491679576647438,-0.031663377961105965,0.07054112200455442,0.22521585623570084,-0.00310656482025351,-0.12052183054795873
2023-11-20,2012.9647,2063.9834,2003.8788,2026.0671,12166222678.912891,243752527293.7805,0.0040771815406572,0.0040688923593588,0.424341552298654,0.3537096383716912,0.0205044540540337,-3.88711314550921,0.0753150679051919,-0.015485185541961677,-0.019756299381445075,-0.17731352319033222,0.21461495661547883,0.010554437846373332,-0.09254744280875737
2023-11-21,2025.9978,2039.2922,1947.2729,1947.2729,15043384930.038328,241188093143.7805,-0.0388902223425867,-0.0396666438018656,0.2364877190775309,0.2122748759263969,0.0214290548977251,-3.843007572301872,0.0441055732073381,-0.019841565861974848,-0.018207327074591717,-0.008869830877666462,0.1532720588472928,0.01707547253220909,0.07990507827871163
2023-11-22,1947.0494,2091.8274,1947.0494,2068.7505,18773808448.543552,243081372645.2056,0.0623834491816734,0.0605149209116738,0.2479776683142893,0.2215243758082019,0.0339424078492404,-3.3830900774013686,0.4599174949005031,0.0035369780029643697,0.026201423827128423,0.06550763877060461,0.15717723233477301,0.013876357426781283,-0.42307017987216033
2023-11-23,2066.3203,2090.181,2046.5066,2065.4121,15850314540.557491,248499721062.5575,-0.0016137277066519,-0.0016150311676837,-0.1557219418744448,-0.1692733858884253,0.0149290657739144,-4.2044452431387285,-0.8213551657373599,0.04884636276607834,-0.010684497812082583,-0.1386243549768369,0.1450101929771999,-0.02498209345825586,0.0721075327565961
2023-11-24,2066.894,2130.8215,2064.7755,2083.1146,12869322702.250872,251497797495.7979,0.0085709287749402,0.0085344069007885,-0.1880714625996167,-0.2083429508210084,0.0217274226639186,-3.8291800990229934,0.3752651441157342,0.058239879897522946,-0.03813816693902794,0.1170615539039197,0.15224208577373372,-0.008575429052623207,-0.040887749910135884
2023-11-25,2083.8261,2094.0902,2070.3335,2091.0072,13422968595.543554,250800368479.9094,0.003788845798498,0.0037816862009645,0.0430205929326683,0.0421209197668407,0.0077792274941904,-4.8562982395276455,-1.0271181405046512,0.06113022371990122,0.011001231589428784,-0.16185379239436415,0.1449236211162253,-0.004352215659839231,0.041345951224343036
2023-11-26,2092.5085,2100.5528,2049.3238,2067.4395,7960954209.4245615,250183210778.4632,-0.0112709798416763,-0.011334978675758,-0.4069155304388024,-0.5224184456747007,0.0157701735103737,-4.149634875507555,0.7066633640200903,0.026702274605361245,-0.006025219257875136,0.18412361471530847,0.14752331305919636,-0.01306715847231743,-0.1110855784348237
2023-11-27,2065.4992,2074.4683,1994.7518,2033.8879,12626288789.954704,244849793253.9547,-0.0162285764589483,-0.0163617020634539,0.5860270587924115,0.4612321840963817,0.0259972557391318,-3.649764295026217,0.4998705804813386,0.0038868630875194704,0.004776591276893782,0.03434203004704095,0.132358599730754,0.010032452582134255,0.08841289066853797
2023-11-28,2031.0736,2077.86,2002.1548,2053.695,13780640658.59722,245032744322.15973,0.0097385406540844,0.0096914267008599,0.0914244785499363,0.0874837040963926,0.0253249521289935,-3.675965119115965,-0.0262008240897486,0.053325511294832185,-0.013165341066969205,-0.1566859532226852,0.13141465244278996,0.020472453020797587,-0.03530630199482321
2023-11-29,2054.3649,2075.0675,2025.6215,2034.9052,12962173433.645834,246550627064.5,-0.0091492651050911,-0.0091913766878975,-0.0593925380704832,-0.0612293763434852,0.0159945585193146,-4.135506707129774,-0.4595415880138085,-0.015320159519964262,-0.0629318961023948,-0.17633766673334117,0.11565561869315338,0.010041532983798618,0.07401994472564599
2023-11-30,2034.1386,2059.644,2028.4974,2059.644,10282780617.70486,245584278291.0486,0.0121572248181389,0.0120839192903145,-0.2067086071372945,-0.2315646685216368,0.0074910635282702,-4.8940444984395866,-0.7585377913098128,-0.003513845000195684,-0.06424639251077835,0.020171084589968302,0.12620771341176265,0.0017045138801883297,-0.04726306227588051
2023-12-01,2056.3575,2111.7771,2051.5244,2088.1417,12680883069.716784,251618612661.5,0.0138362260662523,0.0137413793692265,0.233215366657038,0.2096248777509889,0.0181128239061269,-4.011135088479256,0.8829094099603303,0.0020688565905473202,-0.002248391214674683,-0.1456546321196761,0.12128042446674536,0.004245211477680755,0.023140606069143477
2023-12-02,2091.5092,2177.7269,2091.1518,2168.3265,11001425710.700348,254629027090.5017,0.0384000760101672,0.0376811401669994,-0.1324400950456792,-0.1420707148429019,0.0178953999439273,-4.023211585534858,-0.0120764970556015,0.035592086369524475,-0.02935203677662912,0.3639576845111616,0.18487900604304783,-0.012102815414134938,-0.20464366103822718
2023-12-03,2167.4955,2212.3457,2154.5347,2194.5698,12925542817.348433,260738098230.85715,0.0121030204630161,0.0120303645606179,0.1748970685478179,0.1611805425230103,0.0170595896763701,-4.071042789003273,-0.0478312034684149,0.0606140958908408,0.05927660424106307,0.07940652706328644,0.17863064958109545,0.003146231207054484,-0.12025022388061091
2023-12-04,2197.6314,2272.6217,2197.6314,2246.8601,17942397610.73171,268708739887.6655,0.0238271300370576,0.023547694042713,0.38813494058058,0.3279610767975677,0.0193222116406614,-3.94649998259511,0.1245428064081628,0.10096921022483203,0.059804603981397975,0.01858198287180368,0.1845173288226469,0.020868055157123422,0.1388462131450825
2023-12-05,2243.4636,2304.7483,2198.7799,2296.1148,17307183878.8223,269214681971.2927,0.0219215695716881,0.0216847467346204,-0.0354029458989068,-0.0360448253628214,0.0299977233673144,-3.5066337879557885,0.4398661946393214,0.11125172812018554,0.03778654636825962,-0.07051653474247788,0.19133474103289733,0.0178708296963066,0.1002937170051772
2023-12-06,2297.2672,2311.2512,2230.1086,2232.6381,20327258586.567944,272989619308.6237,-0.0276452640782594,-0.0280345864494519,0.1744983313802492,0.1608411044093498,0.0180016723514136,-4.017290616989823,-0.5106568290340343,0.09311145386015403,0.07459133412838881,0.187275376718663,0.16033665601434732,0.0178195584247014,0.21885014698451943
2023-12-07,2234.77,2382.3684,2231.501,2359.8526,15551563502.1777,275002171298.0139,0.0569794540369081,0.0554152687019316,-0.2349404403969149,-0.2678015924958909,0.0315307627190052,-3.4567916154543394,0.5604990015354834,0.13766294565957046,0.05014075395832407,-0.14613111889264285,0.22101236438522068,0.008457779104507068,-0.19375787608554562
2023-12-08,2360.6813,2391.0809,2346.1622,2365.7928,19026401682.425087,284668863875.60626,0.0025171911160892,0.0025140282970333,0.2234397962469048,0.2016663965165746,0.0133424711959464,-4.316803008578336,-0.8600113931239961,0.12322727710956,0.05722934650840372,-0.10653279747607503,0.22165891519782516,0.01833735637974243,-0.04291444376007414
2023-12-09,2369.8255,2408.1871,2346.062,2347.8794,14883172926.066202,284679908347.65155,-0.0075718380747461,-0.0076006499721517,-0.217762077428757,-0.245596335898779,0.0175530236970423,-4.042529053480792,0.2742739550975432,0.07994018423888556,0.03345992745365223,0.08924859975190857,0.10151232728034378,-0.00688903035430144,0.47726034508191195
2023-12-10,2353.9034,2389.3012,2334.7485,2367.2263,11316445443.247389,283755771272.1045,0.0082401591836445,0.0082063944297779,-0.2396483263707896,-0.2739742242680719,0.0159507074156867,-4.1382520986541325,-0.0957230451733401,0.07433878820312576,-0.013734523586407477,-0.29843917639308515,0.12860348145322334,-0.05001553112224855,-0.05798794050252565
2023-12-11,2364.186,2366.0215,2172.8362,2226.3719,17070233379.84507,269633213660.4331,-0.0595018735640102,-0.0613456223366143,0.5084448085269577,0.4110791919585685,0.0472658109684871,-3.0519680573447148,1.0862840413094177,-0.007647611775407496,-0.007523989162990574,0.47147084917112636,0.07892053920324607,0.0029807331471758403,0.09256486773647721
2023-12-12,2231.6641,2247.4513,2174.2351,2211.4454,17509170039.585365,266740138416.8223,-0.0067044054948771,-0.0067269809814518,0.0257135711019951,0.0253885373073575,0.022725891359946,-3.7842504159278247,-0.73228235858311,-0.038073913687365464,0.0017475387466063808,-0.05382475024789857,0.07712701695390477,0.013193431974404035,0.0022885455768213436
2023-12-13,2209.3063,2288.4153,2159.3775,2270.0679,15418236983.496504,265323828046.1049,0.0265086807026753,0.026163414043798,-0.1194193129292595,-0.1271737174581715,0.0374158421302723,-3.285661077878113,0.4985893380497121,0.0156714284475256,-0.043361319824462896,0.10658616144272015,0.09822803267302947,0.002904358949336938,-0.03113697239611435
2023-12-14,2267.0949,2337.1193,2250.1144,2321.5086,15912075464.72474,274946330415.86414,0.0226604235053937,0.0224074900321449,0.0320295038762754,0.0315272556781112,0.0224129461676666,-3.7981165331584914,-0.5124554552803788,-0.01673303084390646,0.0032491615547947106,-0.0011367849726786616,0.15594578618702723,-0.002130661221269037,-0.14701917773795725
2023-12-15,2319.4836,2323.195,2226.2631,2226.2631,15541900763.03136,272888346679.87805,-0.0410274163963898,-0.0418927930333124,-0.0232637598102154,-0.0235386324870757,0.0160682553467966,-4.130909670976034,-0.3327931378175424,-0.062491883805266206,-0.03185560425694334,-0.13713160234273936,0.07691661610697995,-0.001461570688679359,0.1784204997767922
2023-12-16,2235.4109,2275.7127,2225.6671,2237.8364,11738110573.30662,270854614668.9304,0.005198532015376,0.0051850662956407,-0.2447442077852279,-0.2806987894766121,0.0157091887825894,-4.153509465056794,-0.0225997940807598,-0.050565465227797646,-0.029650558053667453,-0.0358136246932621,0.1290260983334183,-0.011989653494364205,-0.09619274267059374
2023-12-17,2240.5967,2259.481,2208.8972,2209.3412,8861064803.937283,268429367893.9233,-0.012733370500185,-0.012815134693058,-0.2451029704824866,-0.2811739237793728,0.0134198533462543,-4.3110200754972405,-0.1575106104404469,-0.0677394051101247,-0.023775487850073773,-0.27080901514460587,0.11707007387101646,-0.0181548718492337,-0.006514965555640684
2023-12-18,2215.2821,2225.4213,2132.7131,2219.8065,12043900808.10453,261774503078.80487,0.0047368419146849,0.004725658381536,0.3591934010857252,0.3068914363650689,0.030061593779732,-3.5045068761116496,0.806513199385591,-0.00532751043915686,-0.05050754435238147,0.2763797823851246,0.12090438987396597,-0.0007625956858454686,-0.06480831644233609
2023-12-19,2220.5282,2256.8868,2146.9782,2182.7852,14063390675.264809,266503182313.85715,-0.0166777149269543,-0.0168183538984367,0.16767739118221,0.1550166400744684,0.0336559198885584,-3.391566312998674,0.1129405631129754,-0.012076898827981606,-0.03616052532411018,-0.005461077257707281,0.0809930655367471,0.013020144442364767,0.0843266876358082
2023-12-20,2182.992,2265.3161,2173.6478,2203.634,14297461493.682926,264579980273.78745,0.0095514666307983,0.0095061397701601,0.0166439817980601,0.0165069887167575,0.0286171364963028,-3.553749562399505,-0.1621832494008304,-0.028391416345274225,-0.012049125192376664,-0.031855093935044376,0.08404549585251937,0.004980414858437143,-0.004875023279197421
2023-12-21,2203.1994,2279.1615,2191.2078,2241.3124,16931218256.49129,266670185742.8153,0.0170983021681458,0.0169537713609745,0.1842114954442815,0.1690771484187701,0.0257053590770795,-3.66105578441917,-0.1073062220196652,-0.03428298753945398,0.01096246818982749,-0.09513022473637145,0.1407464887199468,0.004390987263931834,-0.14243896122713728
2023-12-22,2243.2137,2348.5416,2238.41,2334.5749,19761317473.70732,276545513085.0836,0.0416106652513055,0.0407682317163147,0.167152721933107,0.1545672118655489,0.0231898698314323,-3.7640397408640256,-0.1029839564448558,0.043404759829893544,0.04414944330696002,0.10048178305788946,0.12206042630936276,0.00228922914203622,-0.11020415813038831
2023-12-23,2336.5846,2337.3574,2273.8281,2324.5017,15453294959.477352,276222264685.29266,-0.0043147898146255,-0.0043241253838885,-0.2180027986475015,-0.2459041172763521,0.019216862705268,-3.951967119498849,-0.1879273786348236,0.036763479166687055,0.03732259416297978,0.02557691045866539,0.11745869615492821,-0.0009197352186305352,0.017456827718350443
2023-12-24,2318.2148,2338.013,2261.5892,2281.7895,10659466718.181185,276660135328.4181,-0.0183747768392683,-0.0185456899490555,-0.3102139869760371,-0.3713738555420885,0.02133885689588,-3.847225600809416,0.1047415186894333,0.029580249235133277,0.017578274760452928,0.021834137207434434,0.09075432842738919,-0.005134866299293606,0.07981943196312846
2023-12-25,2281.6645,2314.1756,2266.721,2277.8997,10558970699.543554,274894661410.0383,-0.0017047146548794,-0.0017061693343507,-0.0094278655109659,-0.0094725891559835,0.0146147029640226,-4.225727204674546,-0.3785016038651299,0.02550873869314634,-0.014491959501590657,-0.06613247833637637,0.08489024870501616,-0.006694315912238125,0.013482806669960823
2023-12-26,2277.8463,2280.5342,2196.648,2236.053,12238437876.278746,269709280307.27875,-0.0183707386238296,-0.0185415761518168,0.1590559557862767,0.1476058425591377,0.0238704817862795,-3.735112655078089,0.4906145495964567,0.024015845173623675,-0.018102914151519656,-0.15443679851357217,0.0793403175138977,0.00998175756852504,0.011635416592271852
2023-12-27,2234.9106,2392.2243,2220.1078,2382.9219,14889105005.599302,275812025686.9582,0.0656822087848543,0.0636151657119273,0.2165854136056231,0.19604809335834,0.0346285450932956,-3.36307693434972,0.3720357207283689,0.0784168471039508,0.005904879382313766,-0.31489952250836595,0.15976290351710326,0.005240392281731232,-0.3779499288499668
2023-12-28,2389.6032,2447.6009,2344.325,2354.3096,22036625668.738674,287112286033.9094,-0.012007233640347,-0.0120799027593985,0.4800503898959289,0.392076134423409,0.0290472357858871,-3.538831953881591,-0.1757550195318709,0.04833799581948201,0.04955578854510634,0.604712813518475,0.13628077191843763,0.018890243258045558,0.20031019684325413
2023-12-29,2355.2031,2389.6729,2278.6963,2304.5868,18096331672.404182,281655690402.3624,-0.0211199070844377,-0.0213461230993244,-0.1788065947829854,-0.1969966245356851,0.0307946990699832,-3.480412711932335,0.0584192419492559,-0.013788892599984549,-0.015892952892276213,0.07745803282958397,0.12482896100853369,0.011569846977430132,0.03974014906629053
2023-12-30,2302.3851,2330.2361,2279.8696,2307.4329,13963348868.912891,277190698757.79443,0.0012349719264206,0.0012342099758516,-0.2283878787320107,-0.2592732888100988,0.0153911625831741,-4.173961792517655,-0.6935490805853202,-0.004661798833640205,-0.014439495579146922,0.005598301097386127,0.11519939408187009,0.008212563615462187,-0.052760051751492565
2023-12-31,2304.0161,2332.4726,2286.8033,2290.7806,9328770192.160278,277269253933.9094,-0.0072168079080434,-0.0072429750376726,-0.3319102544999605,-0.4033327649186266,0.0135160791125183,-4.303875256897864,-0.1299134643802082,0.0039874123708635335,-0.013074823293802496,0.00019278962914937026,0.09100672219715367,-0.007476924104970806,-0.06460502343341279
2024-01-01,2297.0082,2365.2769,2283.0464,2364.7349,9185275792.996515,278471451405.8014,0.0322834495804618,0.0317732897932797,-0.0153819202540065,-0.0155014492976868,0.0173160074042581,-4.056123921806157,0.2477513350917064,0.03743553135525773,-0.01367906246984063,-0.04801919056581516,0.08709356909191074,-0.004074413344156369,-0.16898127157807252
2024-01-02,2364.3164,2437.7644,2356.9983,2362.6682,14492633488.641115,287040709395.10803,-0.0008739668873665,-0.0008743490190898,0.577811468621475,0.4560387403946552,0.0238202431887307,-3.737219505672557,0.3189044161335999,0.055590346353147226,0.0223495722219198,-0.1992510562200982,0.0724114296072831,0.0035166464614313497,0.06466505063558303
2024-01-03,2362.7066,2388.0097,2146.2668,2212.1818,30271585830.463413,275985780180.7143,-0.0636934123885868,-0.0658123052707244,1.0887567365992772,0.7365690261044449,0.0634169575257851,-2.758023984441411,0.979195521231146,-0.07714805870718965,0.14047501893406533,0.2872169157984459,-0.014041653305360221,0.02724433408882021,0.11611536871624262
2024-01-04,2209.7805,2292.4711,2207.4139,2273.3643,43675967951.84321,270109061320.25784,0.0276570849647168,0.0272815364474325,0.4428040934641246,0.3665885072099289,0.0200969729562916,-3.907186074447776,-1.1491620900063646,-0.03536616099260061,0.16920374043160535,0.09305607152344564,-0.010459437788433753,0.0558902785407831,0.001798970428252833
2024-01-05,2268.7193,2276.9643,2210.1646,2267.6242,36046712358.90244,270066054404.1324,-0.00252493628056,-0.0025281293080969,-0.1746785692615381,-0.1919823555105814,0.0210527550505328,-3.8607238461574815,0.0464622282902942,-0.015212910134764987,0.12144432843120256,0.02517257646331439,0.014594360994562156,0.03189043204335107,-0.0021240709486085585
2024-01-06,2271.0438,2272.2394,2221.6518,2242.0522,35125683216.75958,269755876555.7561,-0.011277000836382,-0.0113410683251117,-0.0255509887551615,-0.0258830843948604,0.0137729702758656,-4.285047283194508,-0.4243234370370259,-0.027262123494294372,0.1264763394854711,-0.012480344074576433,-0.0515586566541265,0.0383395273539513,-0.0529512717621512
2024-01-07,2242.006,2255.7745,2210.3747,2223.9671,33767850830.425087,269560225490.7248,-0.0080663153159414,-0.0080990240487094,-0.038656397882864,-0.0394233874885154,0.0134711351461501,-4.307206019939063,-0.0221587367445552,-0.032314910460889364,0.12856962982094444,-0.007488999283401743,-0.06352374063088313,0.027933551514493615,-0.032486323916981696
2024-01-08,2222.7218,2357.8526,2175.1882,2331.6636,45290627669.21951,271245099979.36584,0.0484254016167775,0.0472894211098607,0.3412351261754662,0.2935909253769324,0.0486481209982804,-3.0231420939473823,1.2840639259916804,-0.013906927312188797,0.1640219664642295,0.020884413116687206,-0.009492967239194598,0.055266038598496436,0.08795604984638716
2024-01-09,2334.3953,2368.7275,2252.0789,2344.5186,39012477133.80139,275993070125.67944,0.0055132309823766,0.0054980887540174,-0.138619199125935,-0.1492185948923055,0.035606861899168,-3.335216909721412,-0.3120748157740296,-0.007727733320378769,0.09779335176539661,-0.17404670441085024,-0.008353683674446182,0.047810892218151935,0.0004155003387067424
2024-01-10,2350.2635,2621.6549,2350.2635,2584.8184,26831117293.5122,290619553017.4599,0.102494303094887,0.0975751610646402,-0.3122426653019414,-0.3743192144606994,0.0497511937087856,-3.000720821518945,0.3344960882024668,0.15676206471195747,-0.013158333085765861,0.16773851711230403,0.1469077136796259,0.01631958969641545,0.15785597977030186
2024-01-11,2585.0706,2683.4842,2570.7171,2621.2241,38483748206.59233,313781312654.97906,0.014084432391846,0.0139861683611409,0.4342954035647912,0.3606737206589117,0.0291037401428332,-3.53688858581848,-0.5361677642995346,0.14442593514407853,-0.020191751084588816,0.2836982815508047,0.17096284755037888,0.03419231192668093,0.07603129993748992
2024-01-12,2616.958,2707.1491,2471.553,2525.3844,26032705737.37631,313268829380.1464,-0.0365629554527596,-0.0372481336389933,-0.3235402747771626,-0.390882367182189,0.06045569580483,-2.8058444829551177,0.7310441028633621,0.10615373916881828,-0.04013344825620635,0.1679811048266069,0.10789405662393305,0.01686793464920555,0.23068205223375116
2024-01-13,2529.5063,2589.5888,2503.1383,2577.8874,27975502424.32056,306731170035.3868,0.0207901022909622,0.0205769375298006,0.0746290726190206,0.0719755533101246,0.0209229424913573,-3.86690899521374,-1.0610645122586226,0.13959922546554762,-0.029674779463640277,-0.08846595225043452,0.10562565159857941,0.018831333724019572,0.00389179428830122
2024-01-14,2575.3412,2576.5324,2475.2055,2475.2055,12911017679.062716,305528490517.97906,-0.0398318018079455,-0.0406468034170559,-0.5384884430944663,-0.7732481833039498,0.0140457542394629,-4.265435118232854,-0.3985261230191135,0.10759094192506906,-0.09195899210547864,0.08542633632022834,0.10189836383455614,-0.004076750457677747,0.006153023038532046
2024-01-15,2480.7728,2554.8887,2480.3448,2518.5584,13574721954.261324,303292197288.8328,0.0175148689674453,0.0173632514636592,0.051406038756721,0.0501283529255419,0.0187119166377368,-3.978594704726381,0.2868404135064724,0.07593378892147955,-0.15837297883429002,-0.1399921008924998,0.11694446001889745,0.002847717384025117,-0.026734548220034293
2024-01-16,2515.9556,2612.7871,2507.9105,2591.9988,12057109216.99303,306419595177.4843,0.0291596970711498,0.0287426411864397,-0.1117969666253009,-0.1185549209366556,0.0222859601022405,-3.803798390620002,0.1747963141063793,0.09790186599715223,-0.15764327944663492,-0.4247301578253615,0.15704956122283883,0.004936303437112599,-0.10123845283041266
2024-01-17,2590.1208,2594.6877,2515.5634,2531.9048,15327106103.648085,306835113536.73865,-0.0231844243137767,-0.0234574106880555,0.2712090292792894,0.2399684391724194,0.0167309572893492,-4.090494545695161,-0.2866961550751585,-0.020780914160532335,-0.07566368196009776,-0.22906894151510304,0.1312268093271471,0.005045677661545511,0.03532945534311094
2024-01-18,2533.5184,2549.2366,2436.9388,2471.5514,14412902514.27526,301792708427.784,-0.0238371521709662,-0.0241258542034926,-0.0596461969526803,-0.0614990883130594,0.0278914260701143,-3.579435946698899,0.5110585989962617,-0.057166523872847125,-0.17967841199223855,0.03495089337188917,0.12414963775594857,0.0005356385703940703,0.0169084408278386
2024-01-19,2473.1251,2505.1945,2421.7773,2494.3614,16761992257.418118,297574351934.60626,0.0092290210917724,0.0091866939029855,0.1629851961335477,0.1509901444215897,0.0233488372931999,-3.757208090830799,-0.1777721441318998,-0.013991400819149352,-0.0788360771045582,-0.20948533405642422,0.12412216787733381,0.0037688533101487565,6.273318628324809e-05
2024-01-20,2490.8598,2492.1907,2460.6756,2475.8202,13074922526.487804,297683211415.216,-0.0074332452386408,-0.0074610094771908,-0.2199660800641748,-0.2484178731468243,0.0081736999220531,-4.806833605787086,-1.0496255149562876,-0.03941029513087103,-0.14137901174477818,-0.10343351393066946,0.09866220987507286,-0.0059034851890551465,0.04962475576493297
2024-01-21,2477.1429,2489.5735,2462.7165,2462.9212,6537648899.470384,298099758514.0139,-0.0052099906124039,-0.0052236099384637,-0.4999856491519471,-0.6931184792757253,0.0067835141165173,-4.993260005033135,-0.1864263992460486,-0.007221999416158956,-0.06716061131493589,0.1132217786261771,0.05265783461646697,-0.020512532611842715,0.054857490208110704
2024-01-22,2468.2272,2473.1979,2313.3049,2314.0749,11764931212.289198,287681259639.20905,-0.0604348608473548,-0.0623381286814904,0.7995660815071115,0.5875455700116989,0.0250370774885862,-3.687397453276421,1.305862551756714,-0.08364269518240894,-0.019923167758289395,0.24894456556177413,-0.0017874102745308634,-0.005797238574327679,0.020255026107634855
2024-01-23,2318.7719,2352.1061,2175.4027,2245.9684,20446886694.738674,271811218929.7979,-0.0294314155518474,-0.0298732096807866,0.7379520819790801,0.5527074556800814,0.0515410336922594,-2.965377017842247,0.7220204354341742,-0.14256772878996948,0.08918733792907574,0.24475176461443704,-0.015768433713141048,0.015310390387163864,-0.0017622451584140553
2024-01-24,2247.3169,2266.5401,2204.4832,2242.5731,18603345288.29965,268429810426.568,-0.0015117309753779,-0.0015128747935578,-0.0901624503506149,-0.0944892122760818,0.0195862755363951,-3.932926185754552,-0.9675491679123044,-0.12198509662063521,0.03277695753372356,-0.05901949351474434,-0.015606479315584478,0.012410584820674586,3.654522261253845e-05
2024-01-25,2238.7946,2246.0683,2184.6585,2225.0667,12003582601.41115,267083306613.2404,-0.007806389900958,-0.0078370192699295,-0.3547621454426984,-0.4381362634086068,0.0192258557811849,-3.951499250605339,-0.0185730648507873,-0.10569568089524739,-0.023998847402239676,-0.0948236995690861,-0.004414334568534616,-0.0003601524282217383,0.0016089241748096228
2024-01-26,2222.7326,2287.5165,2204.1141,2273.8506,12957499757.087109,270076249386.9721,0.0219246910665646,0.0216878012646374,0.0794693707163571,0.0764695969864514,0.0221364030293877,-3.8105318296977817,0.1409674209075571,-0.09115325811708115,-0.03910921811039714,0.03296147185546072,-0.04965263309350986,-0.0029670628354168116,-0.017848791588385815
2024-01-27,2271.6789,2293.0649,2260.0281,2279.8939,11029384042.449478,273665211330.2125,0.0026577383755994,0.0026542128342257,-0.148803067781888,-0.1611117644683194,0.0100133126009415,-4.603839811234995,-0.7933079815372137,-0.082976932802281,-0.02167748501293687,0.03270495337961332,-0.03249805899212759,-0.017077899635555838,0.010361643014812794
2024-01-28,2278.7711,2321.114,2253.8417,2265.7801,8292817062.365853,274940695709.223,-0.0061905512357395,-0.0062097921470395,-0.2481160298300638,-0.2851732619237803,0.0204909421557936,-3.887772336539352,0.7160674746956439,-0.08558104550407156,0.018628771513625964,-0.08789754233517533,-0.016026470973234546,-0.015459811138185842,0.005782667658358109
2024-01-29,2260.5421,2328.6734,2249.4783,2322.1758,10111488487.84669,274762335728.9791,0.0248901912414183,0.0245854763553127,0.2193068304538226,0.1982825255152644,0.0178625182695543,-4.025050712938468,-0.1372783763991161,0.0014668989311703567,-0.017539565625693143,-0.28591904723576533,0.007850860347660542,-0.00614026280826252,0.0014022302323593028
2024-01-30,2319.5817,2392.6054,2308.0007,2352.9496,13153625531.205574,281023747888.4843,0.0132521405140817,0.0131650990471995,0.3008594676258913,0.2630251749610216,0.0238587757366421,-3.735603173912016,0.2894475390264519,0.045932674304504796,-0.08126287776351049,0.04239126246180547,0.02406219647697442,0.006097344959911766,-0.003724846625386302
2024-01-31,2352.1,2353.8383,2276.8126,2290.0626,14902809883.076654,279639745586.10803,-0.0267268793177719,-0.0270905366142505,0.1329811577592297,0.1248523515097271,0.0166577942596799,-4.094877048386902,-0.3592738744748862,0.022641557411335004,-0.043903499754566866,0.08525920814478427,-0.03190977809843629,0.009045767511036473,-0.003184406995881517
2024-02-01,2291.8539,2314.8405,2250.1461,2309.7864,14713552489.602789,274740630302.71777,0.0086127776594402,0.0085758992887872,-0.0126994435920961,-0.0127807707997102,0.0194492064100974,-3.9399490112874953,0.1549280370994066,0.03841771287819423,0.032338971444854536,-0.17082475724728052,-0.02265277357185645,0.0003478815552462322,0.00365999479184409
2024-02-02,2312.2804,2330.6793,2292.9995,2315.8758,11267584415.850174,278070507708.1533,0.0026363476726678,0.0026328786039188,-0.2342036755696953,-0.2668390395974909,0.0114845952341273,-4.466748686463659,-0.5267996751761639,0.019268769684130927,-0.020043260047437172,-0.23180217686719384,0.04689474199975821,-0.030377181089317418,-0.0737618168964469
2024-02-03,2320.032,2339.3211,2307.438,2308.4017,8691507738.801394,279054963723.676,-0.0032273319665933,-0.0032325510345396,-0.2286272356144941,-0.25958354056516,0.0091871136237034,-4.689953469890392,-0.2232047834267323,0.012919073864936237,-0.028407867703347023,0.02195239381501013,0.01733989303619883,-0.05845506362718211,0.015638108893283542
2024-02-04,2309.6633,2329.7065,2288.1125,2300.7869,6526883552.95122,278016924534.69684,-0.0032987326252618,-0.0033041854386127,-0.2490504813321017,-0.2864168482950003,0.0125117357906841,-4.3810882118755945,0.308865258014797,0.01764654307933428,-0.022006175170584896,-0.01541982951189036,0.013011645261318963,-0.0521298728018742,0.0010642482062266367
2024-02-05,2298.9154,2345.6847,2286.611,2307.8871,9642150758.5331,277896391753.8432,0.0030859876679583,0.0030812357816799,0.477297806879559,0.3902146127978935,0.0178726380589424,-4.024484335695533,0.3566038761800616,-0.005054437059475775,-0.0059310324489771915,0.02520880689470051,0.02896142980992745,-0.047296758051736276,-0.0054472481638287995
2024-02-06,2305.9946,2395.3147,2305.8281,2378.9861,11649482311.45993,281834358102.7805,0.0308069662506456,0.0303419578743678,0.2081829669744983,0.1891175507705361,0.0187007160118134,-3.97919346645283,0.0452908692427027,0.011365842373301882,-0.019248443133825788,0.007960557902360055,0.06794190756087269,-0.04294652389155118,-0.031899617599224106
2024-02-07,2383.4195,2450.1408,2363.7444,2433.4726,12917910325.365854,287504436023.74915,0.0229032443695236,0.0226449022125467,0.1088827795084195,0.1033530035106309,0.0218517150752851,-3.823475867372904,0.1557175990799266,0.05995823735991418,-0.025981304770997582,0.08037689772895185,0.04156640530617073,-0.06638164854100381,0.02410930698987923
2024-02-08,2433.9434,2466.0629,2425.3031,2430.7954,13961323062.03136,292905294987.89545,-0.0011001562129773,-0.001100761829046,0.0807725638578433,0.0776761223100435,0.0117574441038291,-4.44326869824277,-0.6197928308698666,0.04998430516307403,-0.010025404293276807,-0.08446549532313341,0.033691079366357436,-0.05457423992614707,0.004900879900367361
2024-02-09,2433.1705,2529.0123,2430.7901,2496.3297,15129231226.439024,298526079407.7143,0.0269600230443087,0.0266030042338778,0.0836531150535337,0.0803378472419077,0.0230410553245319,-3.770477640187276,0.6727910580554943,0.07324055444349845,0.05043194902492587,0.2319566000224218,-0.03493128586939357,-0.026550516736989493,-0.000700798465084862
2024-02-10,2500.1485,2524.6597,2486.2405,2508.1581,14142539283.320557,301449607250.53656,0.0047383164170984,0.0047271259313162,-0.0652175862970603,-0.0674414893924095,0.010659372030069,-4.541315770978794,-0.770838130791518,0.0824469027270807,0.06711975663852243,-0.10186554796643676,-0.04246391544689937,-0.05759488696405768,-0.0048271769417058685
2024-02-11,2506.405,2550.7067,2504.1662,2513.697,10127308481.752611,303284991361.2892,0.0022083536121586,0.0022059187833036,-0.2839115890809957,-0.333951640707231,0.0128953144805537,-4.350891252156073,0.1904245188227209,0.08931713134879264,0.04198396854537734,0.08279544773351866,-0.00626956751288361,-0.039509732046305146,-0.1626917956086511
2024-02-12,2514.0675,2670.1845,2481.6362,2665.8713,11554966027.174215,305929276731.1464,0.060538044163636,0.0587763681779589,0.1409710732119948,0.131879718421841,0.0367892053875235,-3.3025508086982303,1.0483404434578425,0.14501886589575402,0.021608138455388115,-0.04595306575486813,0.03454891583054473,-0.0424961736596039,0.10143951947766894
2024-02-13,2672.7136,2692.1905,2609.1512,2651.6868,20612895019.29965,319145077879.8989,-0.0053207744875005,-0.0053349802208161,0.7838992317955402,0.5788015481429725,0.0216030753208416,-3.834919598461622,-0.5323687897633915,0.10665974457137814,0.09546394707986394,0.21681773401930515,0.06662584126290436,0.02015743222955635,0.011123545485906883
2024-02-14,2647.8073,2791.7027,2633.0642,2785.6156,18386226736.23693,326797392771.88153,0.0505070206632247,0.0492729244440553,-0.1080230739533631,-0.1143150143974224,0.0267751599499362,-3.620280688812341,0.2146389096492806,0.13495614985394044,0.05405841169940828,-0.17600906402767968,0.10181619862220016,0.012389580823711555,0.1276029800761489
2024-02-15,2784.5215,2867.7119,2775.4192,2830.3882,20182399805.3554,337987621112.9721,0.0160727847733188,0.0159449851467875,0.0976912280527053,0.0932090904727771,0.0207833524980683,-3.873602973404256,-0.2533222845919152,0.15121873595372667,0.05814368260689662,0.2614996870212085,0.08870935984221377,0.02058023840108092,0.129683104773741
2024-02-16,2832.5108,2862.7309,2774.6702,2814.5881,20277716111.853657,339213493140.4146,-0.0055823084621395,-0.0055979477754931,0.0047227439460872,0.0047116267795102,0.0217378343399875,-3.828701018627033,0.0449019547772233,0.11846579750710909,0.04568706520198518,0.02073542849370469,0.10520691902961282,0.012334675918722837,-0.017905359334409843
2024-02-17,2811.4698,2813.5999,2736.6692,2800.9727,15941577206.052263,335254980614.4564,-0.0048374396239364,-0.0048491779057803,-0.2138376374283411,-0.2405919397278678,0.019464913271412,-3.9391417535468,-0.1104407349197669,0.11111729416444455,0.015484752821745218,0.06088523676139346,0.12448417611914975,0.003778224209256109,-0.02589007322996184
2024-02-18,2799.8852,2902.5219,2781.7234,2885.0803,13290934981.20906,339170555010.1812,0.0300279970597359,0.0295859834835251,-0.1662722697122389,-0.1818483924085669,0.0235892151832779,-3.746965655158884,0.1921760983879159,0.13765077374528323,0.026661749446951433,-0.06896511013033457,0.14692478111620372,-0.008599640736704828,0.016107848535469982
2024-02-19,2889.2776,2987.9941,2872.9477,2949.559,17499642240.529617,351110983418.3519,0.0223490139945152,0.0221029344564345,0.3166599840621367,0.2750982148361954,0.0246192706890119,-3.704225781369223,0.0427398737896607,0.09856138176441098,0.04825414148228546,0.04680386123300462,0.17454982805321273,0.0109494726412116,0.07474704431104517
2024-02-20,2954.8817,3026.2876,2892.1928,3018.271,22327755664.529617,353847628614.95123,0.0232956858974511,0.0230284832289712,0.2758978359464954,0.2436501158445025,0.0292060430394211,-3.5333796377149693,0.1708461436542538,0.13095228735686917,0.013497855773998424,-0.28711779100306956,0.20118399072743298,0.03812518371114493,0.003318603511455631
2024-02-21,3016.9065,3019.1744,2889.5476,2979.378,26361613659.055748,353887767742.1951,-0.0128858541860555,-0.0129695969812652,0.1806656278012934,0.166078370794878,0.0300391831166912,-3.505252645641987,0.0281269920729823,0.06763850856684288,0.06048661509391806,0.03621992902160809,0.25067686182609666,0.03399582226905551,-0.12573228036774475
2024-02-22,2966.6962,3033.2268,2914.9236,2976.6605,25167939532.26829,357466391574.6725,-0.0009121031302506,-0.0009125193494199,-0.0452807685533092,-0.0463379802125744,0.0280538053092224,-3.573630994566783,-0.0683783489247957,0.049638507750720824,0.03603324607020397,0.13823041327763486,0.2810650188028119,0.010752565165777384,-0.12930600679055115
2024-02-23,2975.2429,2995.8998,2917.4241,2933.4655,21874670149.494774,354623730514.93726,-0.0145112282707416,-0.0146175459304141,-0.1308517679228827,-0.140241590499246,0.0165840726806736,-4.0993125212802575,-0.5256815267134747,0.04247708152378919,0.01127281649829115,0.02852308149435112,0.2702468925934783,0.007383458100228779,0.047086999565700616
2024-02-24,2929.9059,3008.5953,2916.317,2999.7237,15642677136.08014,356516681868.8885,0.022587005028694,0.0223356958074394,-0.284895405088363,-0.335326460397267,0.0164614365030973,-4.106734815178083,-0.0074222938978252,0.06894176808600903,-0.002100276462766004,-0.4390222442892404,0.2997828445789896,0.008149973953059941,-0.22760151612481394
2024-02-25,3002.0591,3118.2668,2995.7615,3116.6889,15293885853.898954,366691756027.6621,0.0389919911623861,0.0382510038702367,-0.0222974161741592,-0.0225497617146287,0.0161468407769788,-4.126030865973604,-0.0192960507955213,0.07576468281702119,0.013990567780570728,-0.2582278321407747,0.3162520266512442,0.005197683162627698,-0.05073261430952636
2024-02-26,3111.1108,3198.4281,3045.6985,3181.2966,22535983213.341465,374864149962.25433,0.0207295954370037,0.0205176612425881,0.473528927090576,0.3876601545540364,0.0316982295375066,-3.4514944502104443,0.6745364157631597,0.07383023332373075,0.03433745298661961,0.4925069387773693,0.3336525431091773,0.025211454448356818,0.1268557412074114
2024-02-27,3181.7246,3288.7675,3172.4334,3247.6036,30298112730.045296,389455446473.1429,0.0208427595213849,0.0206285209769711,0.3444326987299402,0.29597213874645,0.0220512380671096,-3.8143865304972953,-0.3628920802868509,0.07368540187046145,0.05204106813123488,0.3605833897322972,0.3623127187391595,0.04651314218143199,0.06168158586713157
2024-02-28,3248.3363,3480.5369,3239.5579,3384.5946,30562577565.26481,398090927686.0662,0.0421821801158244,0.0413167650123377,0.0087287560639792,0.0086908807163025,0.0438378497358229,-3.1272576855420087,0.6871288449552866,0.1317851924521652,0.02637700746085514,0.1811177379303306,0.37784726783100714,0.04137037208343486,0.3120255213976568
2024-02-29,3382.0145,3518.9963,3312.4522,3352.4294,47452741624.52962,412730072016.7805,-0.0095034129050491,-0.0095488584880837,0.5526420022393967,0.4399579974635296,0.042420750361841,-3.1601176411326213,-0.0328599555906126,0.11935959431721734,0.12935365920382225,0.14878178556497224,0.3543767309013334,0.06575762106696459,0.1263322784294174
2024-03-01,3347.3371,3455.7838,3347.3371,3443.7937,31180734859.74216,409941446388.885,0.0272531615430888,0.0268884064530528,-0.3429097288738321,-0.4199338709615207,0.0140193629764774,-4.267315835178486,-1.107198194045865,0.1616033770214577,0.04942795051632132,-0.23711195905497462,0.4072126301284516,0.029756631859246596,-0.1797577459529267
2024-03-02,3439.5805,3465.5743,3413.0334,3432.7063,19683483285.63763,412506608406.6585,-0.0032195308331043,-0.0032247246733121,-0.3687293332187875,-0.4600205594731056,0.0107306053198799,-4.53465531014881,-0.2673394749703233,0.1340505389275323,0.02072419375590684,-0.1140353313107414,0.3951147350873454,0.008911544269697202,-0.04832407005856143
2024-03-03,3432.504,3501.2329,3396.4347,3498.5838,16299914909.303137,414306161157.8258,0.0191911262551067,0.0190092992192749,-0.1718988619663354,-0.1886199846726087,0.0179244785957635,-4.021587981021974,0.5130673291268355,0.1173784252007303,0.005093557350193123,-0.08155389672483615,0.4107772793531668,0.008943235278906059,-0.08095400596442337
2024-03-04,3498.8305,3643.7974,3472.8237,3635.9353,25816553469.0,424869505147.5018,0.0392591710966021,0.0385081238377747,0.5838459042669766,0.4598560060002322,0.0241675993634625,-3.722742412184187,0.2988455688377867,0.13344300504753717,0.016431660807768367,-0.3159893857610707,0.4537646255432075,0.029848265516040584,0.02246885089045758
2024-03-05,3634.0364,3820.7597,3371.5388,3568.8763,46819957537.74737,439895581457.5439,-0.0184433974938993,-0.0186155975386244,0.8135634407578003,0.595293661625666,0.0877271156955912,-2.433524240441566,1.2892181717426214,0.09410782675899652,0.07888338662489147,0.6612595550980593,0.43981333784299137,0.06690270591519365,0.3380481090566523
2024-03-06,3561.7433,3897.5136,3511.8428,3828.5982,65334878536.79791,452570501214.9582,0.0727741390196123,0.0702479466355034,0.3954493334199069,0.3332164662193247,0.0584140181412135,-2.8401993812875315,-0.4066751408459654,0.12402719310326267,0.14811024793382543,-0.16794495515600483,0.5069866508474973,0.08567008571834478,-0.19709830284216157
2024-03-07,3825.5887,3935.9855,3747.3215,3871.5942,36303801550.452965,459429052528.3972,0.0112302199797305,0.0111676292286654,-0.4443427099966837,-0.5876035596609376,0.0339291228130462,-3.3834815533629152,-0.5432821720753838,0.145501225985408,-0.04514255314738591,-0.193910249485564,0.48513013897260293,0.03570081328041752,0.008037231079703444
2024-03-08,3877.8076,3993.3391,3844.0819,3894.9458,31443856716.763065,471804831393.9408,0.0060315205555374,0.0060134037468694,-0.1338687582603662,-0.1437188325492192,0.0267959770331143,-3.619503513437753,-0.2360219600748379,0.12433024767523225,0.0010892119013021784,0.26228719781042154,0.4701670235579794,0.02601210669293863,-0.0018969445796039874
2024-03-09,3889.7214,3948.8374,3888.2514,3922.039,28234929441.5331,470829221073.5157,0.0069559889639543,0.0069319076809862,-0.1020525981954132,-0.1076437849960621,0.0096480704140946,-4.6409973407139615,-1.0214938272762084,0.13332164764018353,0.03476856350240709,-0.05666154734555651,0.4774165321919644,0.019589880807277638,-0.05102358839116938
2024-03-10,3917.6319,3970.349,3835.2639,3895.0927,17353264580.226482,472096230521.8467,-0.0068704824199861,-0.0068941928481217,-0.3853972748130857,-0.4867791952133928,0.0242129070770827,-3.720869437707534,0.9201279030064272,0.10728870898270111,0.004200290445844246,0.14049515905819243,0.44336734867271804,0.0030181226703014374,0.028313518105012037
2024-03-11,3889.3542,4083.2189,3807.2082,4073.1257,30778140301.30662,478841483542.5331,0.0457069994765464,0.0446932111799471,0.7736224880923777,0.5730240585880136,0.0403224190077028,-3.2108476617879416,0.5100217759195926,0.11406670352816352,0.019550743856139974,0.14923772656789458,0.48556123441578114,0.022290995058618535,-0.061466939173102864
2024-03-12,4076.2673,4094.1757,3874.9522,3982.9636,34803694659.452965,481090290652.9268,-0.0221358501162878,-0.0223845246450325,0.1307926443488025,0.1229188419954861,0.0361544183541129,-3.3199561150489227,-0.1091084532609811,0.11177604930201782,-0.048024209846435184,-0.32549151215427363,0.46012420586806213,0.03217624528873131,0.13996013528295959
2024-03-13,3982.2827,4081.8289,3964.3421,4018.0569,33882154548.174217,483007794678.561,0.0088108512967579,0.008772262249061,-0.0264782265301379,-0.0268350882465431,0.0198891044910161,-3.9175832102059385,-0.5976270951570157,0.049086063634205125,-0.13785078158689146,-0.42166381355027394,0.40770414167981667,0.028246940384743624,-0.0775764459496624
2024-03-14,4011.6396,4018.9962,3751.6579,3890.384,29713647292.99303,472220454419.5226,-0.0317747864645719,-0.0322905601553981,-0.1230295803430779,-0.1312820161902813,0.0447793371761996,-3.1060084697031294,0.8115747405028091,0.0032379250243377558,-0.031458462274571275,0.12192291238717079,0.3847760038879054,0.011288643448835955,0.0380781087580353
2024-03-15,3894.5792,3933.1728,3607.824,3749.2041,44055756685.15035,447371462752.54193,-0.03628945111845,-0.0369642899551172,0.4826775134919041,0.3938495840078433,0.0562884719095219,-2.8772655266232707,0.2287429430798586,-0.03679395807205501,0.059363177122261135,0.33651814911765676,0.29746753212402716,0.03117074373794182,0.07721810466599521
2024-03-16,3749.9245,3783.6849,3507.8981,3532.4625,31656354992.61324,442519542080.1777,-0.0578100296006823,-0.0595483576472774,-0.2814479338341842,-0.3305171110004029,0.0385380003097841,-3.2561105034400186,-0.3788449768167479,-0.10349214430432616,0.015514707715112763,0.021731643316365457,0.22083169301004746,0.013624776816335782,0.14138476819900214
2024-03-17,3555.7336,3682.9814,3442.9855,3663.6151,30996885011.73171,431056161634.23694,0.0371278109817159,0.0364551723582544,-0.0208321514285334,-0.0210522021468503,0.0438768610731548,-3.126368180473947,0.1297423229660714,-0.05979273625690421,0.059579886451722075,0.27847449521891265,0.2647429850717846,0.012562939677369656,-0.07090827184457638
2024-03-18,3649.1913,3649.1913,3472.2709,3528.6413,25266583604.721256,428802919561.72125,-0.0368416976990841,-0.0375374961651984,-0.1848670085668816,-0.204403999381091,0.0282659357862777,-3.566097881804211,-0.4397297013302639,-0.1442687962072866,-0.023642573713836157,-0.3355203290594515,0.23133447966136658,0.010802055371932795,-0.000391358256342178
2024-03-19,3529.8262,3547.1665,3159.7787,3170.3712,37630296750.11498,399043149797.3066,-0.101532025938709,-0.1070642171764258,0.4893306249398701,0.3983267740097985,0.0472368433376642,-3.052581111696315,0.5135167701078962,-0.22800651877157807,0.012194904450868904,0.300328132694228,0.0928421733457164,0.027656897568171246,0.0475765014955456
2024-03-20,3164.1316,3531.3412,3078.0581,3514.8143,47043055768.71777,395100234290.92334,0.1086444073173513,0.1031380143159979,0.2501377834224501,0.2232537719776493,0.0718944118380861,-2.632556738581767,0.4200243731145479,-0.13221334241463878,0.054900699885841675,0.4098737993717414,0.17352807692583558,0.032573964901516206,-0.09547332966254385
2024-03-21,3509.118,3585.6894,3425.0405,3501.3058,44245048506.19512,422368503013.94775,-0.0038433040402732,-0.0038507085110899,-0.0594775831799438,-0.0613197955223833,0.0323823648663138,-3.430141298615312,-0.7975845600335449,-0.10644965291240724,0.05730976928466802,-0.05786004059950223,0.14890401598450517,0.023497962455504506,0.03030649440471911
2024-03-22,3505.3801,3551.8292,3265.4496,3326.7581,27183652182.027973,410744031950.0524,-0.0498521722952619,-0.0511376983829861,-0.3856114277234488,-0.487127697131954,0.0497677759583415,-3.000387573500706,0.4297537251146059,-0.11973742019880998,-0.06685624260186884,-0.24388521903734706,0.114549343170885,0.0008706705638239498,0.004653877278410601
2024-03-23,3331.1195,3431.2827,3288.2894,3356.3987,24481657007.91986,404503390067.9582,0.0089097551156485,0.008870297446457,-0.0993977982066182,-0.1046916263104349,0.0297301452184626,-3.5155937574074505,-0.5152061839067446,-0.05769281551584116,-0.029842762261306888,-0.03112884903410329,0.12054290097047796,-0.0007268309319172772,-0.006756986038465529
2024-03-24,3345.325,3473.0892,3309.7432,3460.4793,16352496809.58885,405839941531.16376,0.0310096056228361,0.0305385217933966,-0.3320510615642239,-0.4035435478345374,0.0267938736941591,-3.619582011098328,-0.1039882536908773,-0.053098475914805786,-0.06382468188086676,-0.05019490216310807,0.1664367990150624,-0.005867753736403358,-0.051555256730663634
2024-03-25,3452.4423,3649.4378,3433.4649,3591.7146,19646724946.3554,422803962851.85016,0.0379240239928613,0.0372225874529536,0.2014510796195272,0.1835300592768476,0.0354474254474086,-3.339704653538109,0.2798773575602187,0.017381058334667184,-0.025616904517246297,0.035438831754249556,0.1793312730474026,0.004258051752334069,-0.12661227684887688
2024-03-26,3587.7997,3676.7396,3553.2567,3595.4684,26064494721.57492,434136144727.8362,0.0010451275833553,0.0010445818177526,0.3266585037833525,0.2826633776821861,0.0241195735447733,-3.724731587844409,-0.3850269343062997,0.1277956327972579,-0.054879995355172184,-0.20807897826573551,0.1446944419190784,0.01136468734044982,-0.00960496927094412
2024-03-27,3591.1871,3660.0635,3470.6405,3509.6288,23415479518.853657,427963136941.0139,-0.0238743858797368,-0.0241639978584912,-0.1016330924891683,-0.1071767111530314,0.0347582918355142,-3.359337121463488,0.3653944663809212,0.0001455530496987471,-0.12244658746069703,-0.149290084110131,0.09808690006961952,0.000922328199276734,0.01790252540151882
2024-03-28,3505.8286,3611.656,3476.2504,3567.0539,25601507536.755245,427348384029.5805,0.0163621577301849,0.0162297401003359,0.0933582426164472,0.0892539163493136,0.024784971199598,-3.697517809519632,-0.338180688056144,0.017441057314632327,-0.10845616749006481,-0.008419855131726273,0.09359705942003911,-0.004935219627597576,0.004475974297030172
2024-03-29,3567.225,3586.3339,3487.5848,3520.503,18536682158.29021,425081161185.0909,-0.0130502373401197,-0.0131361398715319,-0.2759534909544797,-0.3228996496465082,0.0179623430013964,-4.019477767968901,-0.3219599584492694,0.05529544344774603,-0.054595251288571234,-0.157164757930484,0.0401323392572701,-0.01274903872305444,0.03571252596949237
2024-03-30,3516.4117,3568.2412,3497.0488,3519.1419,16656105596.710802,423417638388.7979,-0.0003866208891173,-0.0003866956462423,-0.1014516268618412,-0.1069747365469961,0.014242439753466,-4.251529056671957,-0.2320512887030554,0.050653332681448886,-0.05211743269699198,-0.05375045976462367,0.05005204726450762,-0.03340944247223021,-0.00433130619236044
2024-03-31,3517.0681,3659.4654,3517.0681,3653.6502,14470853501.923346,433640851431.5122,0.0382219029019545,0.0375095411851344,-0.1311982613282059,-0.1406403285708196,0.0150632975907927,-4.19549411704735,0.0560349396246069,0.056644829032762856,-0.012947326969424466,-0.7068952902383794,0.06037720639259682,-0.018605794213669924,-0.005575335941478299
2024-04-01,3652.7203,3652.7203,3429.8378,3511.6981,18201134326.12892,425281550994.6167,-0.0388521320404454,-0.0396270130039514,0.2577789087360864,0.2293473946102134,0.0371900617358808,-3.2917137110336068,0.9037804060137428,-0.021439408002837092,-0.010062033471005094,0.3535842835082512,0.02280968567261046,-0.00166737688604357,0.015135313030404385
2024-04-02,3511.5634,3511.5634,3229.8141,3279.5594,28351731556.358887,400451645261.00696,-0.0661044011727545,-0.0683906255585359,0.5576903641471465,0.4432041883822283,0.0411433452746078,-3.1906930836585,0.101020627375107,-0.09077373226030157,0.01587401509807762,0.36407479162409295,-0.06471968569528617,0.013476227822941667,-0.017813621969834825
2024-04-03,3283.1728,3365.8964,3221.5134,3321.2273,27226114831.296165,398621870510.1742,0.0127053347471004,0.0126252991876902,-0.0397018687491862,-0.0405114893457123,0.0301629809274304,-3.501139903610053,-0.3104468199515531,-0.05409251439031748,0.025899681223194193,0.20551122245385622,-0.0900096031420807,0.001564361196521702,-0.01972876732064499
2024-04-04,3314.8306,3439.675,3262.6895,3331.3943,20347805872.010525,401101564956.0245,0.0030612177612776,0.0030565417745653,-0.2526364485680891,-0.2912035302701493,0.0372243231529411,-3.290792883171295,0.2103470204387578,-0.06839705753736543,-0.03588555598201992,-0.050896178678371484,-0.06685919094862867,-0.02979591131138548,0.018335146197358876
2024-04-05,3324.0272,3343.0863,3225.0019,3326.061,23831950603.118465,396494426863.8397,-0.001600921271913,-0.0016022041157098,0.1712295051871202,0.1580540561780138,0.025425342151142,-3.672008879866005,-0.3812159966947095,-0.05565234530455265,0.03616440617919281,0.046145904048826125,-0.13992364298121246,-0.0485778370616643,-0.08113967490091967
2024-04-06,3318.1087,3397.7313,3316.7243,3365.1664,16843599707.247389,401605907921.0488,0.0117572708377868,0.0116886911456307,-0.2932345325924196,-0.3470563973878094,0.0146467599884196,-4.223536129178831,-0.551527249312826,-0.04415030430097695,0.0012568362705778213,0.03102383603891745,-0.1417925302900509,-0.02361653592910784,-0.0030793506933202153
2024-04-07,3360.5925,3463.4984,3352.8106,3462.0489,12749497898.470385,408159883981.9199,0.0287898096213012,0.028383169340674,-0.2430657270378737,-0.2784788549917639,0.0136286943695279,-4.295577828798995,-0.0720416996201649,-0.05361159623906458,-0.011598583372222748,-0.04177197833377022,-0.11647695409065247,-0.023224759183275268,0.03695842828067342
2024-04-08,3456.3606,3724.6406,3422.8278,3699.5419,20463939705.55052,430431125658.2892,0.0685989732842884,0.0663484197365509,0.6050780876638031,0.4731724081485056,0.0422440198112826,-3.1642924781253203,1.131285350673675,0.05214764975796084,0.01521926139469798,0.16756511234379623,-0.057278362939095044,-0.009815208638428885,0.05312209631490794
2024-04-09,3702.1783,3719.8724,3480.2572,3510.2155,27414389831.860622,432872592945.6272,-0.0511756333939616,-0.0525315695696644,0.3396437942213492,0.2924037534170885,0.0334894969154523,-3.396523414222196,-0.2322309360968755,0.06686715968496121,-0.006276331432463422,-0.03703314110332645,-0.10256569681959216,0.01268949799395358,-0.03678846466835983
2024-04-10,3505.5251,3559.9659,3426.2983,3547.5273,25494309764.84616,421861208539.6189,0.010629489841863,0.0105733939781913,-0.0700391319591936,-0.07261277109559,0.0260291350080604,-3.6485387911055898,-0.2520153768833939,0.06784430430638844,-0.011700618140494612,-0.011917243093886754,-0.13893086662658477,-0.006644099683569493,-0.048601111682899045
2024-04-11,3544.0727,3619.6398,3487.4192,3516.6996,23359330960.536587,425841437102.5226,-0.0086899119846097,-0.0087278894436787,-0.0837433460251383,-0.0874587636249859,0.0258681876209677,-3.654741342410031,-0.0062025513044408,0.05634587626714906,0.020259688200987114,0.031101298953953194,-0.12433226145812913,-0.014543762281242323,0.009354836102997366
2024-04-12,3515.9494,3559.298,3207.709,3245.0984,20597446897.686413,413222734268.3066,-0.0772318454496369,-0.0803772628679917,-0.1182347245953284,-0.1258293860526977,0.0540946945167836,-2.917019166020324,0.7377221763897066,-0.022249278659815862,-0.02177619903154948,0.0909194906950761,-0.2120543622851794,-0.017152139468066707,-0.31032857642542444
2024-04-13,3231.1639,3297.6372,2874.401,3024.3586,32796794122.344948,384236672197.2335,-0.0680225289932656,-0.0704466373282666,0.5922747263413901,0.4651636393316098,0.0880007369194883,-2.4304100904538983,0.4866090755664256,-0.10541826177211616,0.10308205220692557,0.4908312881778707,-0.25288660160012466,0.004007005773054573,0.14791568721245762
2024-04-14,3020.6766,3167.6846,2921.9017,3155.7818,45094615982.20557,366674727759.561,0.043454899825702,0.0425372265011528,0.3749702429446275,0.3184320893895377,0.0502196981289232,-2.9913479362440167,-0.5609378457901184,-0.09097992333259933,0.18114397576163555,0.018364041170952028,-0.17249944400238848,0.0013465430434003167,0.03565859586849918
2024-04-15,3148.3086,3274.6408,3046.618,3104.8875,30679480180.114983,380234324207.1882,-0.0161273190687646,-0.0162587795989259,-0.3196642323726368,-0.3851688267566076,0.0503009553588682,-2.9897312088387564,0.0016167274052603,-0.1759438933015561,0.051004974608297005,-0.17784751119351316,-0.13558391636480266,-0.0012661494432535392,0.0036801498834215796
2024-04-16,3104.6052,3120.097,3011.6021,3085.2485,29508772950.404182,369044674825.86414,-0.0063251889158624,-0.0063452776782196,-0.0381592915798357,-0.0389064257897583,0.0247221047078491,-3.700057508113729,-0.7103262992749722,-0.12770811864934228,0.010143185647347508,-0.024356170949088707,-0.1678733762353836,-0.001931861973119453,-0.07715011938440797
2024-04-17,3086.2507,3123.377,2940.8497,2986.9312,23766865779.35192,365614112033.7108,-0.0318668982417462,-0.0323856993416904,-0.1945830543581994,-0.2163951907540871,0.0374121893645194,-3.285758708824239,0.4142987992894897,-0.1710300402513693,-0.00835863394631886,-0.14159072226641345,-0.16700212878055445,-0.0019507117479911074,0.002477782786570959
2024-04-18,2994.9314,3088.8207,2964.3582,3066.9058,24462589620.68552,364033049456.682,0.0267748383357473,0.0264226647825244,0.0292728476607979,0.0288525797803,0.0250586351741352,-3.686536793322353,-0.4007780844981137,-0.1366404177579549,0.005346425476588479,0.011427616130435858,-0.03120947135319202,-0.017292869041650505,0.1878584434181403
2024-04-19,3064.6866,3119.2634,2883.5642,3066.9869,26626321057.444057,367780406783.8532,2.64435901486948e-05,2.6443240523128376e-05,0.0884506289117033,0.0847552436695044,0.0555552711538711,-2.890376877139588,0.7961599161827646,-0.05214679903664302,0.028721702602712895,-0.31130938244590034,-0.1346691100017367,-0.027418515739316973,-0.1113854927958644
2024-04-20,3061.1119,3164.9343,3029.3462,3156.4933,18414450765.38676,370812382193.7317,0.0291838220763187,0.0287660823710093,-0.308411750701153,-0.3687645159205144,0.0243905128792383,-3.713561038716343,-0.823184161576755,0.043980850190416476,-0.06993246753486204,-0.06645492635224004,-0.10483726346612993,-0.03580228480853975,0.04941934908602774
2024-04-21,3152.6366,3197.1134,3125.9824,3151.7936,13828359560.832752,379923371242.5958,-0.0014888990893787,-0.0014900086010653,-0.2490484925661961,-0.286414199963491,0.0159088493270042,-4.14087976313202,-0.4273187244156768,0.0011063313720407056,-0.17134660889729503,0.04844167670897237,-0.05533674606254984,-0.019026206002376256,0.04966691687431135
2024-04-22,3154.885,3236.2895,3139.1486,3205.1638,15268999696.658537,384038270821.7282,0.0169332788796829,0.0167915090929128,0.1041801183638755,0.099103085239193,0.0191785750312933,-3.9539615067970697,0.18691825633495,0.031876639168215835,-0.09664317825899005,-0.12755440466496282,-0.04280065208969182,-0.013338745741027225,0.007282892607314517
2024-04-23,3203.5081,3259.6654,3161.1935,3222.9544,15615157883.369335,390925135790.0557,0.0055506055571949,0.0055352577131957,0.0226706525370192,0.0224174923557251,0.0213617978194745,-3.846151100853637,0.1078104059434328,0.04334146593448242,-0.09593812854280515,0.04010572742833762,-0.06878343921031643,-0.0010753018896494382,-0.017335770105909587
2024-04-24,3226.5814,3292.5009,3119.827,3143.4108,16777945141.348433,392818371296.6411,-0.0246803367742342,-0.0249900019998087,0.0744652898589968,0.0718231330505023,0.0344606589858364,-3.3679369248546243,0.4782141759990126,0.04838712596068446,-0.0519784615385781,0.07509242301695052,-0.13223066524177374,-0.004194735083164147,-0.08432412011077473
2024-04-25,3144.7356,3191.1677,3086.2351,3160.3572,20916663780.80488,384275950203.8467,0.005391086650208,0.0053766067608188,0.2466761337332528,0.220480916633176,0.023440632335072,-3.753284337884972,-0.385347413030348,0.030739746248522867,-0.027442537909657005,0.03306705071671212,-0.1277977571798833,-0.0075715692843267846,0.008233370073965185
2024-04-26,3159.7408,3164.0257,3109.0185,3136.485,17568442069.9338,383571092868.8153,-0.0075536398227389,-0.0075823130427337,-0.1600743668282188,-0.1744419230023169,0.0115200544029144,-4.463665901250333,-0.7103815633653605,0.02432453016654046,-0.07372321799683945,-0.47791182198535775,-0.1113241515403232,-0.008670098085143962,0.027155540299196312
2024-04-27,3138.1956,3276.4548,3090.4257,3266.4045,16096897368.655052,385995129319.4982,0.0414220058441217,0.0405870925433027,-0.0837606826730021,-0.0874776849739393,0.0330002948702083,-3.4112387820947188,1.052427119155614,0.035450720077643764,-0.01976972039038216,-0.3506598323093839,-0.08809814391863369,-0.014256025758900392,0.030150772952328042
2024-04-28,3262.7431,3349.1001,3259.9104,3267.5264,17495409070.247387,403962888143.5924,0.0003434663404364,0.0003434073693756,0.0868808236496314,0.0833119642715784,0.0190644763497614,-3.9599285526241,-0.5486897705293807,0.035081200805521344,0.031103976477442785,0.2890631921443285,-0.07340782020073545,-0.001574236352876568,0.014767680329063282
2024-04-29,3276.7759,3290.2292,3128.9746,3221.3244,20112239962.38676,390258332156.72125,-0.0141397480369248,-0.014240666713442,0.1495724324954221,0.1393900754111413,0.0339131196157983,-3.383953330148937,0.575975222475162,0.0055460887634835795,0.03965152096853686,0.07497381341353515,-0.08783513705623255,0.005215605692637126,-0.014475460403363671
2024-04-30,3215.8261,3251.9596,2934.4719,3025.4554,22560950656.414635,375229420309.8989,-0.060803873090211,-0.0627309537351758,0.1217522612402881,0.1148919816867562,0.0619538900302405,-2.781364879815586,0.6025884503333514,-0.06436156104485802,0.05425372738476497,0.3810930298181363,-0.18841055207016993,0.01210333213619208,-0.21602314481058915
2024-05-01,3020.1584,3025.2748,2842.6042,2978.4627,27698776252.498257,359085171300.11847,-0.0155324385214866,-0.0156543306804181,0.2277308999221099,0.2051676688397122,0.0431836144651603,-3.1422941504704904,-0.3609292706549043,-0.054322521739919694,0.07976277914817587,0.27253421416518897,-0.16465405649011378,0.014024664327365599,0.135545602284604
2024-05-02,2982.6549,3016.1151,2905.9576,2996.1961,24512610743.36934,358685178592.1882,0.0059538768103424,0.0059362225254398,-0.1150291074264172,-0.1222005242624512,0.0261579982337427,-3.6436002754378194,-0.501306124967329,-0.05314648146656258,0.02493032378866289,0.0019802085575957307,-0.0914667544680089,-0.005645363395167635,0.12265708166293887
2024-05-03,2995.1504,3129.2215,2970.1135,3109.1052,17797249529.780487,364082517035.0488,0.0376841489113479,0.0369914502993109,-0.2739553646037216,-0.3201437847851448,0.0286875146350764,-3.551293281006332,0.0923069944314876,-0.009313017313370687,0.0015654620243452655,0.04107606831434518,-0.06407155352546227,-0.014001768890668842,0.02413347317996961
2024-05-04,3109.0019,3167.0271,3105.2793,3122.9548,16112788053.874563,375675206669.1812,0.0044545292323978,0.0044446371824614,-0.0946472921609197,-0.0994306787892902,0.0136416897072594,-4.294624755407835,-0.7433314744015029,-0.04378867834947267,0.00010863043068454203,-0.027089454825704795,-0.06239745493856136,-0.006353332530203204,0.0011693009790987308
2024-05-05,3123.1863,3171.0526,3083.8993,3145.7927,12769298228.240416,376368010916.2474,0.0073129140389736,0.0072863043340079,-0.2075053562707389,-0.2325695319547894,0.0191896107491201,-3.953386253216186,0.3412385021916488,-0.04079407239230002,-0.032839818785838304,-0.11712925903943594,-0.05332904266352667,-0.016789066460681568,0.005755927934507854
2024-05-06,3147.9043,3226.2427,3064.5102,3070.6776,14774931107.118467,376193524069.8014,-0.0238779561030832,-0.0241676554101668,0.1570668053192163,0.1458881866649682,0.0329274634836215,-3.4134482130850343,0.5399380401311515,-0.04618602261446168,-0.03843159086661174,-0.10011635653887829,-0.09021904385772718,-0.0031710084475236044,-0.029745004659694985
2024-05-07,3073.4499,3129.9726,3017.5895,3018.8003,18009353668.947735,369251753660.5958,-0.0168944144445513,-0.0170387530513483,0.2189128692634609,0.1979593707201197,0.0233278902881823,-3.758105626176963,-0.3446574130919289,-0.00044977953662617403,-0.03398288626659962,-0.013098585615463065,-0.13535668497071143,0.008043061152005038,-0.06269992736607977
2024-05-08,3016.9787,3039.6624,2950.6782,2980.2923,16305526586.721254,361327030605.0418,-0.0127560607437331,-0.0128381178504116,-0.0946078972930755,-0.0993871664537905,0.0195847444378337,-3.933004360821896,-0.1748987346449326,-0.0007924269809502665,-0.09049984973604808,-0.19131541494926374,-0.21689999319115397,-0.0063534367420245985,-0.2460289177262649
2024-05-09,2982.4435,3057.9938,2962.5723,3041.4941,15431620439.303137,360740331162.1742,0.0205355025075895,0.0203274919890261,-0.0535957022160695,-0.0550854251364596,0.0188147067074026,-3.973116443290885,-0.0401120824689891,0.015354427609461247,-0.07849968843233057,-0.1694376238736197,-0.14199144887169438,-0.018536923814927775,0.0867809479167998
2024-05-10,3036.2341,3055.5622,2893.4119,2914.7175,15348847522.299652,358912264073.77,-0.0416823428985114,-0.0425759723597287,-0.0053638512772559,-0.0053782883762951,0.0290197508861406,-3.539778615775875,0.4333378275150101,-0.06452883962071736,-0.022263862360425435,0.05171979998474496,-0.19550364349175967,-0.015967852919978043,-0.19715359309815605
2024-05-11,2917.1542,2942.2771,2899.6712,2917.5761,14615951567.163765,350918186700.95123,0.000980746847679,0.0009802662297067,-0.0477492498424455,-0.0489268858499828,0.0103137889686116,-4.574273544236373,-1.0344949284604985,-0.0681005618859761,-0.013859312391900858,-0.02164605820521004,-0.1865564195511629,-0.013968691612209483,-0.0993375394311311
2024-05-12,2921.2714,2957.482,2913.4757,2940.0684,8710887809.041811,352364420037.8049,0.0077092419285995,0.0076796775716797,-0.4040150058644342,-0.5175397898586386,0.0098224487560494,-4.623084823542012,-0.0488112793056387,-0.06830408345285045,-0.03857317695396745,-0.0012980733428302749,-0.09440956649869434,-0.019308807857559174,-0.08413793040334605
2024-05-13,2939.8921,2991.1717,2879.5344,2951.8969,14451671027.114985,353931208475.7317,0.0040232057186153,0.0040151342679831,0.6590353754888567,0.5062363343618334,0.0267763948228308,-3.6202345697818057,1.0028502537602062,-0.04035269594355167,-0.0031373689722080655,-0.18520184639709125,-0.02303286537466117,-0.030551806042261376,0.1402578271925603
2024-05-14,2950.9286,2962.4673,2876.9228,2885.9471,15243697099.03136,350244429929.1707,-0.0223414984446104,-0.0225948503387076,0.0548051550876251,0.0533560627505289,0.0154192230171263,-4.172140300110872,-0.5519057303290662,-0.044402769843276214,-0.0272519425850426,-0.47518345810504226,-0.0870122259306793,-0.051799388757540754,-0.11498664833810635
2024-05-15,2890.9995,3040.3976,2871.2261,3038.4018,15530322763.84669,353959643433.3275,0.0528265746797647,0.0514785231774154,0.0188028968926141,0.0186283075551393,0.0261423537279434,-3.644198531689609,0.5279417684212628,0.018588722521334516,-0.007773797246603209,0.2600125820978416,-0.021554904050001586,-0.027351287565078763,0.11594719171650736
2024-05-16,3037.0939,3040.4646,2930.0507,2946.525,18409130091.70732,358471069527.8467,-0.0302385286896551,-0.0307051435901373,0.1853668704530893,0.1700523219914156,0.0181684881250339,-4.008066607243789,-0.3638680755541799,-0.029991454694969118,0.029534559723185083,-0.07682041646935689,-0.04633047858706796,-0.020525823888302597,-0.025112008012165177
2024-05-17,2944.6721,3114.4688,2939.1483,3096.5567,17499374712.27526,364653625093.993,0.0509181832836986,0.0496642423219873,-0.0494187055499093,-0.0506815926203977,0.0264830441910377,-3.631250592623748,0.376816014620041,0.05968220020621392,0.020801747720536667,0.09749218645947622,0.03336942576093013,-0.011778915739316886,0.015572225516065963
2024-05-18,3094.1352,3148.4639,3091.3772,3124.6459,15607196432.749128,374230786925.331,0.0090711079180303,0.0090302125434546,-0.1081283366198695,-0.1144330318875305,0.0114111256362934,-4.473166466486492,-0.8419158738627441,0.06730203229282575,0.009444395973833508,0.12894999752011183,0.01937565183140427,-0.016882648286706825,0.010836999754529675
2024-05-19,3124.5805,3138.3659,3064.9943,3077.2446,10498406217.54704,372228665170.92334,-0.0151701349583324,-0.0152863785748978,-0.3273355491625731,-0.3965086608391048,0.0137766570012054,-4.284779640708842,0.1883868257776502,0.04566170619634572,0.016808905247234662,0.16030523846325995,0.005256370217257913,-0.03149953966955721,0.005025999011786908
2024-05-20,3073.1032,3678.9175,3058.8148,3655.0761,16711641275.91986,383216106689.8188,0.1877756158870178,0.1720823275852483,0.5918265048639493,0.4648821021266939,0.073607768383973,-2.609004710121893,1.675774930586949,0.2139970132984035,0.020855002998313665,0.6655639985510828,0.14787779517030689,-0.00338442388349236,0.30674645008182266
2024-05-21,3668.3001,3809.484,3635.5832,3783.9725,51567094232.36585,447199485584.09753,0.0352650386677311,0.0346574699429375,2.085698967621445,1.1267782014257306,0.0268187251434539,-3.618654936059493,-1.0096502259376,0.26917209363770545,0.2864722580166905,-0.0418013267025974,0.18182233847174636,0.07244605148724048,0.09646526692966706
2024-05-22,3782.7658,3798.8464,3679.8664,3740.4041,40014294156.90244,450294175895.4808,-0.0115139314569542,-0.0115807300033591,-0.2240343429747171,-0.2536470161889801,0.0213844572599679,-3.8450909170984224,-0.2264359810389296,0.20829254946262496,0.155208801923159,0.19450716715325234,0.15494716313979154,0.04480413546121653,0.05496640551216592
2024-05-23,3743.3851,3906.8369,3686.0141,3762.9906,38218067429.25087,454989857889.6829,0.0060385186723541,0.0060203598832665,-0.0448896267071032,-0.0459283710508942,0.0410128530905669,-3.193869771391729,0.6512211457066934,0.24521654395298548,0.11003130793179139,-0.011843667942605052,0.15379082694989246,0.03924171305856916,0.1049572983932161
2024-05-24,3768.5169,3813.6985,3651.6707,3729.3849,50662180631.808365,448277908521.6063,-0.0089305830314856,-0.0089706997102832,0.3256081230583934,0.2818713149466804,0.0300054548608002,-3.506376085155472,-0.3125063137637429,0.18673486521582847,0.1607867709579338,-0.023816721600888435,0.17051349722496548,0.05608570225048126,-0.0259461850354179
2024-05-25,3725.8296,3765.8658,3718.0679,3746.9927,21662918305.146343,449798743843.8536,0.0047213683950937,0.0047102576934181,-0.5724045425011723,-0.84957772313644,0.0083180627422532,-4.789325894740449,-1.2829498095849767,0.18165353740703596,0.02676050753350978,0.02148506283932461,0.17046357266630086,0.0012004907087685979,8.358633130667315e-05
2024-05-26,3747.1139,3834.8396,3739.1002,3802.9031,17103181755.10453,454784966401.0488,0.0149214061719415,0.0148111771527973,-0.2104857935488119,-0.236337451209971,0.0153373156126164,-4.177466491014672,0.6118594037257772,0.21307688333465255,0.02839281592969556,-0.16335099675954146,0.19211676367297917,-0.0007482895115451527,-0.04011347692368994
2024-05-27,3801.3107,3919.9212,3801.3107,3863.3463,23755397501.55401,465065452369.7108,0.0158939626939218,0.0157689762823889,0.3889460944577807,0.3285452541334354,0.0192563118984901,-3.949916381162135,0.2275501098525367,0.051805358268715275,0.029417135332401756,-0.9654120825665338,0.1689654417368048,0.01224666470383795,0.05594177175745685
2024-05-28,3858.295,3879.4064,3774.1062,3821.6187,25053251979.163765,460371595445.115,-0.0108008955862952,-0.0108596486995146,0.0546340880014679,0.0531938707489411,0.018530923604167,-3.98831439620511,-0.0383980150429752,0.010218641123794878,-0.11554333564255614,0.1590741185417719,0.15381409466045473,0.011940429191579227,0.02273819656440046
2024-05-29,3822.6668,3848.4572,3742.574,3760.2263,24065068932.97561,455443680075.39374,-0.0160645016730738,-0.0161949345591763,-0.0394433044863798,-0.0402422714321404,0.0168639798366708,-4.082575302267233,-0.0942609060621229,0.004488832744893418,-0.07653437372415794,0.006541110430354102,0.15639486528928365,0.006188641280299834,-0.003652161880598248
2024-05-30,3762.5786,3797.9878,3711.5996,3746.2971,22354133103.777004,451313140941.1882,-0.0037043515173541,-0.0037112296186266,-0.0710962363733005,-0.0737501368941039,0.0160446202706349,-4.132381671223589,-0.0498063689563563,-0.005913616691979334,-0.08241897355232197,-0.0011442399206238463,0.2154586317998408,-0.0003228506250465557,-0.11227258417790575
2024-05-31,3745.2897,3811.4366,3727.1787,3754.9694,21320456633.634148,451477412650.8432,0.0023148991573573,0.002312223906132,-0.0462409553233,-0.0473442131501139,0.0157254786246367,-4.152473039680028,-0.0200913684564385,0.007790597603991947,-0.1730438481694634,-0.26612106589457607,0.23026632611206044,-0.010008340999608123,-0.0929825624898295
2024-06-01,3756.2266,3793.886,3746.8638,3785.174,19357635370.045296,453321558587.4356,0.008043900437644,0.0080117207222873,-0.0920628154132683,-0.0965800827444481,0.0074165015089485,-4.904047827742324,-0.751574788062296,0.010105939769688212,-0.01495394054340693,-0.005483308851822244,0.2340974094357331,-0.00816260514492484,-0.01243323373134353
2024-06-02,3784.9528,3797.2425,3749.5158,3767.4795,15485260823.125437,453279408832.5993,-0.0046746860250017,-0.0046856465410384,-0.2000437797744714,-0.223198277529751,0.0084687941976285,-4.771367142007613,0.1326806857347104,-0.008939718083725049,-0.010630318106969128,0.0029467193946230985,0.1921044680242447,-0.003682654939566987,0.1128903942946029
2024-06-03,3764.2367,3817.2073,3753.4775,3758.8311,18158729639.44948,454180678717.2021,-0.0022955400288177,-0.0022981788199034,0.1726460307553572,0.159262760069473,0.0118715364181706,-4.433611641654201,0.3377555003534125,-0.026117344639898277,-0.03766889765039494,-0.35759503450820773,0.18525430070937576,0.0032595712154019907,0.014386410015835072
2024-06-04,3760.3363,3803.5736,3744.5133,3796.1807,19452924197.55401,453185780723.8362,0.0099364932890972,0.0098874509446812,0.0712712058498254,0.068845986159667,0.0093639446827299,-4.670888636811122,-0.2372769951569209,-0.0069528118782452636,-0.03916967985165343,-0.057266306204732054,0.18725855251550277,0.01057483131152992,-0.00411284514537158
2024-06-05,3795.4214,3847.128,3773.3584,3840.318,20340658273.08711,456769021114.108,0.0116267647638586,0.0115596933164367,0.0456349938198352,0.0446243504608773,0.0115763596997925,-4.458790217244162,0.2120984195669599,0.020450655448627824,-0.026925335965177766,-0.13978841499805084,0.22275449907325534,0.008721550799240418,-0.08777599468475872
2024-06-06,3838.5863,3845.3347,3767.6704,3795.4837,19970081917.759583,458547159096.4808,-0.0116746321528581,-0.011743315764752,-0.0182185035681877,-0.0183865041116524,0.0126054849284514,-4.373623247963531,0.0851669692806309,0.01331288945349245,-0.01762383316676619,-0.052908312150751424,0.22955595974748638,0.0030544518861432834,-0.020705102552305288
2024-06-07,3793.6145,3817.2667,3668.1147,3693.2824,20603711252.878048,452704840800.39374,-0.0269270817840688,-0.0272962579638994,0.0317289301930692,0.0312359680153988,0.0227322505663791,-3.7839706329800338,0.5896526149834971,-0.016899287722453686,-0.005359763481987301,0.43057484908554056,0.2137726709707821,0.006663311753658974,0.045908655071832394
2024-06-08,3692.4326,3715.3797,3688.5027,3702.4338,22112730180.585365,444481579284.3171,0.0024778500555493,0.0024747852468141,0.0732401512128806,0.0706822514793381,0.0048507198253984,-5.328628167437618,-1.544657534457584,-0.02204302934521424,0.020447208646213966,-0.039250382917813464,0.19837242259143018,0.010270119917972664,0.03828517907548035
2024-06-09,3701.2617,3724.9377,3693.7207,3719.0626,13138578064.8223,445617354298.2439,0.0044913159554669,0.0044812600940858,-0.4058364590204348,-0.5206006759990857,0.0051498486896178,-5.268787945394837,0.0598402220427809,-0.012073457691302046,-0.01738961664806382,0.06492891224691011,0.24286309526471167,-0.0033859376119131923,-0.12937395949690833
2024-06-10,3718.052,3719.0333,3683.7432,3690.4326,13743983447.017422,444690143411.09753,-0.0076981764168208,-0.0077279603299009,0.0460784553098676,0.0450483679063463,0.0048965367874853,-5.319227101815135,-0.0504391564202979,-0.01876470793829588,-0.03355749119851836,-0.038376014098992606,0.23372475447796806,-0.001338938116354882,0.03172942466474038
2024-06-11,3692.0118,3692.8508,3490.1683,3535.8359,21582378438.477352,429673502382.0104,-0.0418912135124754,-0.0427939516257629,0.5703146414339533,0.4512760078377626,0.0295226545376694,-3.522597359929944,1.7966297418851909,-0.0708457101987755,0.01632710332395959,0.5156179117948425,0.1845768553306228,0.019584829251360958,0.1274172474435873
2024-06-12,3536.8556,3659.8818,3513.4303,3588.8847,23450549242.818817,430843443790.446,0.0150031849611573,0.0148917503815933,0.086560005870848,0.0830167477864954,0.0274133208944709,-3.596726219695772,-0.0741288597658278,-0.06726266206468924,0.023375431294169857,0.02537127144096374,0.1957215852290255,0.013468078217396595,-0.023743043196585045
2024-06-13,3586.2721,3588.8137,3490.8431,3529.6099,23211103123.770035,425325229002.0104,-0.0165162174198575,-0.0166541307855271,-0.0102106827677866,-0.0102631693775013,0.0168840161436594,-4.081387894910988,-0.4846616752152166,-0.0721319036250871,0.02379323205656192,-0.19331109647543254,0.19958506483986277,0.0117748004882543,-0.008839764941993344
2024-06-14,3536.0149,3575.9255,3384.5426,3497.0945,20153361899.055748,423703071492.34845,-0.0092121795102625,-0.00925487404469,-0.1317361440518056,-0.1412596290076679,0.0382814396782027,-3.262790103956137,0.8185977909548514,-0.054353001161996865,-0.0032724659339606887,0.27199964008563526,0.14103137662345128,0.006769226916784277,0.02356268599207123
2024-06-15,3498.1517,3599.2194,3493.2443,3582.6116,19756475838.763065,426813068665.6446,0.0244537572547725,0.0241595507867287,-0.0196932929741751,-0.0198897899283901,0.0150572841838419,-4.195893405950579,-0.933103301994442,-0.03258172985733321,-0.017298540967697562,0.09608825649079078,0.19609456201727407,0.00196424144115781,-0.13244112702362232
2024-06-16,3581.4901,3663.6045,3561.9866,3640.5622,13016030239.463415,432247167582.0697,0.016175518440235,0.0160460886062823,-0.3411765162121982,-0.4172996350058277,0.0170950671735441,-4.068965326472204,0.1269280794783744,-0.021061754943593285,-0.0009079288165310118,0.010407396248602208,0.16262967159668268,-0.006551085023097869,-0.12919431145620197
2024-06-17,3642.0912,3652.911,3493.0054,3525.994,17339845259.048782,428176093469.0035,-0.0314699196733954,-0.0319757379425343,0.3321915315221038,0.2868253542150681,0.0244214120931584,-3.71229498669873,0.3566703397734745,-0.04600913040586593,0.026304011766626445,-0.17939936535291734,0.12086234815193775,0.002536845492535633,0.10049875190163893
2024-06-18,3527.9577,3527.9577,3387.0528,3490.6478,23930785821.7108,413602417130.9686,-0.0100244640234782,-0.010075047293653,0.3801037704891017,0.3221586923486307,0.0280532082539641,-3.573652277298492,0.138642709400238,-0.013150748795920635,0.01681268849494799,0.014757585146632834,0.12739946963310386,0.01945158378043743,-0.01263691363477859
2024-06-19,3494.1308,3590.9042,3480.0472,3569.4527,22778733739.61324,427145834201.70734,0.0225760101033394,0.0223249436813024,-0.048141005091959,-0.0493383697532151,0.0177751182949757,-4.02995564818273,-0.4563033708842381,-0.004700972003425501,-0.0047808572170708885,0.009395834626827249,-0.027316088033920116,0.008663293853711451,-0.4237643785244978
2024-06-20,3567.5669,3632.773,3505.837,3527.9278,18144710484.853657,428482362066.4843,-0.0116334081132382,-0.0117016056344276,-0.2034363853466011,-0.227448285083189,0.024171887394718,-3.7225649989945016,0.3073906491882283,-0.0022896854848947937,-0.03680965577704143,0.0010390856980651009,-0.06974476211375323,-0.04868428206635045,-0.08219240262304917
2024-06-21,3529.9099,3552.3111,3473.5469,3529.105,18831776300.62021,422523924635.4634,0.0003336802981059,0.0003336246392164,0.0378659012685862,0.0371665868687105,0.0158542366344091,-4.14431851882962,-0.4217535198351188,0.008809554427033536,-0.00982897953323203,-0.01396938204335152,-0.05894601129426191,-0.03212932415556935,0.029272429127183308
2024-06-22,3532.3234,3532.3234,3496.4233,3520.6715,15479329282.728224,422467085586.3763,-0.0023896993713703,-0.0023925592600043,-0.1780207540900735,-0.1960401325294614,0.0069252482597851,-4.97258137776285,-0.8282628589332299,-0.017127204401865104,-0.03248921298820662,-0.013851120508290293,-0.06802979037251242,-0.035678810221373425,-0.02417299312457466
2024-06-23,3523.0682,3544.8247,3443.0237,3443.0237,9130648585.49129,422080922898.7352,-0.0220548267567706,-0.0223016705972422,-0.4101392625790814,-0.5278688082134181,0.0148491359367878,-4.209813601501198,0.7627677762616525,-0.05620795431355333,-0.030457180354961366,-0.29806291487930725,-0.07893947057991538,-0.0686457268880396,-0.03567153308870452
2024-06-24,3441.3306,3451.1578,3262.5114,3363.7635,19520467666.891987,403338358849.2683,-0.0230205211773593,-0.0232896314356476,1.137905920277147,0.7598268080224806,0.0371369202351932,-3.293143649619388,0.91666995188181,-0.04765871184789692,0.017207785261980746,0.5489979574928441,-0.10792548057215416,-0.003672273836269113,0.1941703496649363
2024-06-25,3361.4335,3430.0008,3345.1593,3408.774,22117258703.212543,407521531994.4843,0.0133809942345828,0.0132922594280946,0.1330291405223291,0.1248947015053498,0.0154305571252952,-4.17140550662926,-0.8782618570098726,-0.02473195075811645,-0.014290146038490548,0.06147412918138784,-0.1089932324564344,0.008573336896184003,-0.0036354513429919244
2024-06-26,3405.1884,3432.36,3347.8603,3381.2506,14391379660.648085,408026765037.5157,-0.0080742812518518,-0.0081070547951389,-0.3493144944514426,-0.4297288478967175,0.0170717260185417,-4.070331633137409,0.1010738734918517,-0.05363818175910973,-0.06888368861087457,-0.0859353069943185,-0.13197973498784302,-0.016071111169669194,-0.19701942402936368
2024-06-27,3383.5292,3481.1707,3379.1649,3458.8487,15804001113.083624,411660524696.7944,0.0229495264267014,0.0226901469709637,0.0981574724415217,0.0936337503281835,0.0159683500178473,-4.137146639697896,-0.0668150065604873,-0.020336558507369665,-0.020102055486930226,-0.1493904508690207,-0.10001250619990751,-0.016131805265690247,0.08385877335575076
2024-06-28,3459.8701,3494.1628,3379.6875,3388.7953,16467284123.58885,412898226130.6968,-0.0202533866254397,-0.0204612985304063,0.041969309275492,0.0411124892270541,0.0197070436196393,-3.926779162997741,0.2103674767001555,-0.041481351901634156,-0.020725064514227398,-0.10976576537422789,-0.10463003071987753,-0.013448944928445172,-0.022061061313538577
2024-06-29,3390.5327,3415.8747,3390.5327,3397.4173,13651160559.728224,408853153423.45294,0.0025442669847894,0.0025410358170197,-0.1710132370781543,-0.187551091499239,0.0051123418463525,-5.276097692790467,-1.3493185297927264,-0.036316732353620436,-0.016323838975274896,0.027173034485518333,-0.09748344513324114,-0.01563083887579353,0.02896520367022415
2024-06-30,3399.2329,3472.1653,3381.1022,3460.3454,9247929775.759584,410455781006.1742,0.0185223345981078,0.0183528853575017,-0.3225535854408192,-0.3894248222578678,0.0151825405925511,-4.187609156555338,1.088488536235129,0.0055102117547322,0.0010552484585168997,-0.11294315281570588,-0.08204647898778605,-0.02209533418116294,0.05127482146945139
2024-07-01,3456.2278,3530.274,3450.9956,3458.9634,14646388691.5331,419434933606.2578,-0.0003993820963653,-0.0003994618706357,0.5837478275325798,0.4597940809285644,0.0160527878065402,-4.131872749377818,0.0557364071775197,0.02860142891002245,-0.04482149206598862,-0.36219245523662336,-0.09006446772799659,-0.008756794130761136,-0.024874788871446007
2024-07-02,3459.2052,3482.3441,3424.7669,3437.5581,13864060406.526133,415172819427.9826,-0.0061883568932818,-0.0062075841382126,-0.0534144150809832,-0.0548938898965758,0.0111247150465816,-4.498586065048284,-0.3667133156704656,0.009461096200755794,-0.08080024162666177,0.0953225458674769,-0.09078374030638305,-0.003031146606460311,-0.0024098338916993534
2024-07-03,3438.1561,3445.8218,3270.9404,3308.8933,16202961456.069689,401617098803.439,-0.0374291273796942,-0.0381475816398129,0.1687024566369157,0.1558941219800202,0.0280914531284999,-3.5722899080363217,0.926296157011962,-0.022305523741422483,0.01830338517546437,0.3416169024756033,-0.1278946118632889,-0.0036689554942910263,-0.17934845089319618
2024-07-04,3310.2829,3320.6916,3079.6495,3079.6495,23821827278.689896,382130009152.3624,-0.0692811097897898,-0.0717979912196035,0.4702144014399387,0.3854082414750615,0.0287171174675631,-3.5502619065674947,0.0220280014688269,-0.1164152532036416,0.07721244317260556,0.2041132572067852,-0.2089796537176091,0.008177442620318942,0.04090363338466396
2024-07-05,3060.2769,3112.8855,2838.9092,2986.8941,36750836690.731705,355896931850.3136,-0.0301188170926594,-0.0305817068355501,0.5427379378074666,0.4335587195577599,0.0633752596328305,-2.7586817203086795,0.7915801862588152,-0.12675296271737269,0.17225600444566425,0.7282605738680759,-0.2508700628006663,0.030131755989874165,0.5067731160444018
2024-07-06,2986.2657,3092.5568,2967.2925,3081.0869,23054834715.35192,363661731325.3032,0.0315353664530657,0.031048339371908,-0.3726718412055586,-0.4662854960068874,0.0218492096524987,-3.823590529605098,-1.0649088092964183,-0.09826736417458785,0.07079399133506215,0.06600496420338242,-0.20803683420362903,0.005564115221872612,0.1109344819662963
2024-07-07,3078.5057,3087.1217,2935.1631,2939.0514,13971466195.630665,362298750390.6968,-0.0460991541653693,-0.0471955481193113,-0.3939897480016526,-0.5008583755668997,0.0210658326634391,-3.860102856041889,-0.036512326436791,-0.16209088689573828,0.03375465813078904,-0.19327141720641183,-0.22819860581516013,-0.012001405406632415,-0.24024290852038543
2024-07-08,2951.7716,3082.1223,2843.9711,3027.0641,24973397088.71777,358593406966.1045,0.0299459546709528,0.0295063296716335,0.7874571458024762,0.5807940209223986,0.0546660769695583,-2.906511927026455,0.9535909290154336,-0.1334456458020642,0.07005370242169562,0.01392876064926174,-0.20108055562559185,0.005194205367544669,0.11874715798439883
2024-07-09,3026.4368,3110.1809,3020.9629,3079.5205,25028894458.28223,369545592622.7178,0.0173291341930947,0.0171806971503281,0.0022222595254985,0.0022197939588762,0.0175147319891751,-4.044712924238218,-1.1382009972117628,-0.11016140718711255,0.07059375034185678,0.003309459083065125,-0.18842597216780577,0.02130508456944824,0.03350753230571146
2024-07-10,3078.168,3151.922,3047.5365,3112.4004,19259438464.5784,373278291607.9582,0.0106769544154681,0.0106203582311858,-0.2305118191824361,-0.2620296853824829,0.0228009455306208,-3.780953273240359,0.2637596509978595,-0.06163939273589696,0.018487380694512723,-0.13177486169046526,-0.17077725145635816,0.009730572467660181,0.012288925356730651
2024-07-11,3109.4128,3207.216,3083.5574,3113.2544,19287702681.5979,376253218168.9545,0.0002743862904013,0.0002743486533677,0.0014675514590669,0.0014664756578249,0.0277923795776589,-3.5829934117737263,0.1979598614666322,0.017163207865805993,-0.027549129867466604,-0.19488267864005993,-0.12756947389939213,-0.004036857467937693,0.05900964912847928
2024-07-12,3110.2808,3165.9913,3065.8166,3147.3858,19310170942.02439,374155515511.5331,0.0109632544002828,0.0109035935818483,0.0011649008073899,0.0011642228369055,0.0215070931022261,-3.839372486525981,-0.2563790747522545,0.05254852644008224,-0.11366360463791736,-0.08688693853752572,-0.13054104720635099,-0.007325355557593838,-0.005679325920532108
2024-07-13,3146.3327,3218.7632,3131.2577,3196.7692,13921944276.54007,380319543956.37976,0.015690291288726,0.015568471277018,-0.2790356792625805,-0.3271656287227332,0.016797221565313,-4.086541789267284,-0.2471693027413031,0.037696357872555555,-0.06510940554415257,0.07217634784341564,-0.10085968377637461,-0.016632727467058572,0.04869693210022241
2024-07-14,3200.6783,3284.0263,3189.5346,3273.8138,13053293725.470385,386731211325.7108,0.0241007702401536,0.0238149302131734,-0.0623943418975934,-0.0644258255120613,0.0151327663079747,-4.190892931940944,-0.1043511426736598,0.10355007253302084,-0.006786527737176584,-0.06817470517158908,-0.06627913829048937,-0.012902237461524635,0.03759711321385839
2024-07-15,3266.7804,3503.3414,3257.7128,3498.9224,18467836110.64112,405946797532.16376,0.0687603552773832,0.0664994303703221,0.4148027692509171,0.3469901356917153,0.0286619762709673,-3.5521839032383253,0.6387090287026185,0.14506908145014635,-0.04945116835802921,-0.39034436077831947,-0.02332390748906137,-0.0023596686389097954,0.023555273895670803
2024-07-16,3505.0278,3506.2322,3365.8555,3458.0888,25378090716.470383,414348816782.4181,-0.011670335986874,-0.0117389688595866,0.3741778172835088,0.3178556012079597,0.027650407660023,-3.5881148075411766,-0.0359309043028512,0.11638145169106748,0.002717400255626501,0.24020306998771224,-0.0518419556630941,0.022410288333080786,-0.024894414437843126
2024-07-17,3461.005,3523.8767,3398.8222,3403.4466,24946429985.25436,416601203195.8328,-0.0158012715000261,-0.0159274424633333,-0.0170091885965193,-0.0171555063827475,0.0233269042140725,-3.758147897249874,-0.1700330897086974,0.09035472597677789,0.04324659771447159,0.17636525906652034,-0.03593052422512335,0.013543929879269001,-0.013834496378269723
2024-07-18,3406.515,3501.6378,3392.5912,3442.3484,20420147970.03136,413547323623.1115,0.0114301191033816,0.0113652888361036,-0.1814400704990032,-0.2002086661573568,0.021404327497804,-3.844162157874389,-0.0860142606245149,0.10144090138335977,0.008392779536659845,-0.06708999354349876,-0.014930733727333804,-0.006228092071008717,0.0068520719238267525
2024-07-19,3435.8713,3549.4278,3396.4205,3509.1482,21093211096.689896,415618509967.9094,0.0194052990104081,0.0192194170762818,0.0329607369959474,0.0324291806987409,0.028263136138746,-3.566196933405048,0.2779652244693413,0.10913577758184297,0.013073340801756927,-0.2818004884927503,-0.016510492856906228,-0.0030040617777160605,-0.00031657401789719763
2024-07-20,3511.3714,3542.3218,3488.0614,3529.6639,20635062566.61324,421656402089.8362,0.0058463475552272,0.0058293239836113,-0.0217201889260262,-0.0219595444750515,0.0104264132488884,-4.56341295704263,-0.997216023637582,0.09783989785414214,0.0477425491006187,-0.23932893928277554,-6.969259251876438e-05,0.004435310568474904,-0.09349419922353497
2024-07-21,3526.1437,3546.9167,3443.0805,3538.6512,14600561413.658537,421786112502.5226,0.00254621976897,0.0025429836435078,-0.292439198256578,-0.3459317142973163,0.0208940695341241,-3.8682899146253815,0.6951230424172481,0.07994072486225663,0.010688035750359148,-0.2560084696247098,0.0017897961871309973,-0.007547506505098056,-0.003653447251047881
2024-07-22,3542.9018,3560.864,3438.9392,3450.8457,23551390571.842106,419683197753.821,-0.0248132678349309,-0.0251263061526346,0.6130469167993942,0.478124885390487,0.0184167876858504,-3.994492656096576,-0.1262027414711948,-0.015579120542994965,0.03433243363737404,0.1053123922055419,-0.020712926234509724,0.0143497088641098,0.011084995973564604
2024-07-23,3449.6586,3546.2619,3414.8226,3494.8847,29990394807.038326,418086720661.7875,0.0127617992308379,0.0126810537174033,0.2734022951024664,0.2416922909412921,0.0254498378988731,-3.671045905401837,0.3234467506947389,0.00974137583456384,0.030161656875979048,-0.13680353215738528,0.015442186233744484,0.03615601451001638,0.0014410889200933141
2024-07-24,3494.3649,3494.9253,3331.2702,3343.8444,29532333370.80488,412425600634.34845,-0.0432175344725964,-0.0441792221165266,-0.0152736047384727,-0.0153914477037375,0.0200274392277452,-3.9106519843199874,-0.23960607891815,-0.018568611529062962,0.029113330306881124,0.30473000661068994,-0.005246356856856131,0.01689989821905513,0.00159032313865759
2024-07-25,3344.0852,3348.7542,3104.8417,3176.023,30095533927.543552,381779344703.0035,-0.0501881606691985,-0.0514913778671018,0.0190706419864352,0.018891076652685,0.0428082663447778,-3.151024056146623,0.7596279281733644,-0.07864076190364618,0.05877641515522569,0.6049540403533471,-0.06967048329501199,0.013265685533777827,-0.03771795562466984
2024-07-26,3177.8454,3287.6622,3177.7097,3280.8121,28361645389.20209,390529782514.8258,0.0329938101833644,0.0324611980414893,-0.0576128186499658,-0.0593390683101406,0.0136291661646221,-4.295543211621781,-1.144519155475158,-0.067915690206572,0.04198803522701411,0.04158571118279708,-0.030828323555887906,0.02281312102775246,0.03072254239783212
2024-07-27,3274.3051,3325.5462,3215.0684,3258.4777,18671129755.02439,393263634230.25085,-0.0068075827932968,-0.0068308600865902,-0.3416767786634513,-0.4180592504281064,0.0236992255887423,-3.7423129069554033,0.5532303046663776,-0.07894471441398804,-0.011172476240936646,-0.04290889764514638,-0.05997092188509377,0.004618272948757607,-0.02061829334969656
2024-07-28,3242.7468,3282.7142,3209.2431,3278.9554,19887735032.08014,391185575099.5575,0.0062844376685469,0.0062647729350007,0.0651597034040407,0.0631247441669997,0.0144413032600348,-4.23766289612504,-0.4953499891696369,-0.07742121281272323,0.029798066258575062,0.006546553333175442,-0.03346215162827415,0.005481790333234926,0.019324054055022355
2024-07-29,3275.9617,3402.1238,3272.521,3325.127,18562538334.87108,401697783535.885,0.0140811918332284,0.0139829728049408,-0.0666338673092454,-0.0689577299357574,0.0258558287075957,-3.6552192215263273,0.5824436745987129,-0.03676740075789959,-0.028092905996984996,0.0806658130745741,-0.02204191965245651,0.007819042934816167,0.004827742995582973
2024-07-30,3323.564,3369.3266,3253.1433,3285.9162,23356590933.47387,398756335401.6446,-0.0117922713929422,-0.0118623517074681,0.2582649264942831,0.2297337295042533,0.0237815539808356,-3.738845041627704,-0.0836258201013762,-0.06150612527544727,-0.038621831347942503,-0.20274924779854375,-0.050532245961763686,0.022127154735393617,-0.015923033540181653
2024-07-31,3284.431,3349.4383,3229.4863,3238.8524,19719654939.114983,396484498761.777,-0.0143228850449685,-0.0144264476290295,-0.1557134773956482,-0.1692633602383633,0.0242812356383187,-3.718051422886461,0.020793618741242,-0.03197410383617155,-0.06001194157984813,-0.19058817914540072,-0.06581978216875257,0.007838414612784561,-0.014115863432307973
2024-08-01,3243.4517,3246.3799,3087.2567,3206.9265,25193218995.292683,381012171813.6864,-0.0098571642227351,-0.0099060676977585,0.2775689571180373,0.2449590198135421,0.0348334314179161,-3.3571776804240017,0.3608737424624597,0.009109581849396652,-0.031386697562510335,0.10647216360337897,-0.06962230840188785,0.01728535806236664,-0.004162682613195079
2024-08-02,3206.6366,3214.8966,2976.9345,2988.3481,26483179606.66899,373011856595.4704,-0.0681582194041553,-0.070592242017147,0.0512026911534144,0.0499349288223811,0.0321995501943481,-3.435802795648965,-0.0786251152249635,-0.09138490355136028,-0.01229271062810966,0.09693812119761702,-0.10231289419900516,0.015430499845994206,-0.04783582181564139
2024-08-03,2992.2673,3014.762,2870.9185,2910.0724,27325713249.5122,355624565179.0035,-0.026193635206019,-0.026542799216715,0.0318139156761616,0.0313183365335138,0.0299227098431857,-3.509137560351849,-0.0733347647028836,-0.10824278782242155,0.055420770415150145,0.27649350217703894,-0.05032744146738509,0.005205355885699703,0.0662759773606787
2024-08-04,2907.5983,2931.6832,2673.4794,2689.3252,22756243524.73519,342835645312.8153,-0.0758562570470754,-0.0788876534732144,-0.1672223404766416,-0.1829885877816383,0.0435614034424,-3.133583762832159,0.3755537975196898,-0.19732116771001323,0.01771136314385302,0.1742026008609816,-0.10473336994817166,-0.020954298438525143,0.20004640902528137
2024-08-05,2696.0685,2696.0685,2192.5857,2422.2871,67933658420.22648,284995284198.9826,-0.0992955779390309,-0.1045781306219793,1.9852755946465908,1.0936920690975058,0.130137027026457,-2.039167329601801,1.094416433230358,-0.31632552461787394,0.26401991398721947,0.6714421692020047,-0.23973214041469587,0.06570034791583268,0.475623482613313
2024-08-06,2426.3372,2548.8666,2426.3372,2459.4515,50388457255.84321,299954792785.7352,0.0153426899726296,0.0152261810998547,-0.258269634999657,-0.2987694913441246,0.0338021635714141,-3.3872304675531963,-1.3480631379513954,-0.28925506776233295,0.1196021773432534,0.034281984911608276,-0.18246717486754932,0.050311912292304584,0.04671133909839309
2024-08-07,2462.0024,2543.0155,2326.3285,2341.4748,31259953363.432056,293898195243.3519,-0.0479687035910243,-0.0491573703519461,-0.3796207491586368,-0.4774242930466463,0.0547040676165441,-2.905817210042081,0.4814132575111154,-0.3258571149872859,0.047002524802206125,-0.23373441432458564,-0.256604966672692,0.008434657146622726,-0.06396561171318571
2024-08-08,2349.2904,2709.9281,2327.1725,2684.7862,30921267870.26829,299583882904.9443,0.1466218641345189,0.1368201099781575,-0.0108344849151297,-0.0108936053609982,0.0686251582808409,-2.679096072694761,0.2267211373473201,-0.17762150243630723,0.022534189648474978,0.26414765025822873,-0.13673351759402663,0.007841708503306677,0.0901925145326774
2024-08-09,2681.0539,2704.0312,2560.8861,2600.1855,29064924778.414635,316519810060.9582,-0.031511149751887,-0.0320183085935972,-0.060034507628925,-0.0619121146354622,0.0334185964907017,-3.3986427527858654,-0.7195466800911046,-0.14044860572083565,0.009992929216782187,-0.17427547597843018,-0.17885110943858026,0.012914586147022789,-0.023822712136073898
2024-08-10,2595.6427,2642.4081,2586.2779,2609.7463,18641746063.92683,314218510527.5819,0.0036769684316753,0.003670224908677,-0.358617088946629,-0.4441286352751329,0.0148039555291991,-4.212860868434699,-0.814218115648834,-0.10807440040858292,-0.034016938635449634,-0.06696243455632134,-0.175459997959425,-0.0008456623180101985,0.0022007448518572836
2024-08-11,2611.4138,2711.0543,2552.1725,2560.9146,13783923340.49129,316401034145.3519,-0.0187112823955338,-0.0188885532326397,-0.2605883969654425,-0.3019005401026538,0.0409430779247013,-3.195572520219295,1.0172883482154045,-0.051430140426847966,-0.036405825314780316,-0.2804561587147538,-0.20587309206986365,-0.007264137321570274,-0.021658315306168907
2024-08-12,2563.8531,2741.4118,2531.0374,2727.6733,24379596634.56446,315423830037.49475,0.0651168531742525,0.0630845144328258,0.7686979267323406,0.5702436412593264,0.0412986768601225,-3.1869248168135225,0.0086477034057725,0.11706617965289066,-0.19842651888224694,-0.4830502934879384,-0.15991378134834963,0.013702110827274794,0.031097520242479693
2024-08-13,2725.257,2734.2765,2619.8933,2704.6421,26482751922.5331,321852083355.1115,-0.0084435331753256,-0.0084793817365405,0.0862670256400741,0.0827470712514555,0.0298461771954665,-3.5116985144983723,-0.3247736976848498,0.0939945904295811,-0.12836562426672415,0.10344626312204941,-0.18883531972028353,0.017324961961179497,-0.018424695072566832
2024-08-14,2701.3749,2760.9126,2646.1577,2664.8732,21303300704.296165,324396388468.56445,-0.0147039417895624,-0.0148131162600689,-0.1955782855719744,-0.2176316268830619,0.0288030742765303,-3.547273151824296,-0.0355746373259235,0.12604315163759058,-0.058738851933654246,-0.08640249310195136,-0.27404197523296936,0.0036198877592532597,-0.0793678654713077
2024-08-15,2664.2417,2674.5814,2536.6112,2573.4069,21172796981.00697,315292831859.1882,-0.0343229463975996,-0.0349258137056752,-0.006125986066698,-0.0061448269045591,0.0306227394098894,-3.486012428029005,0.0612607237952906,-0.04097930044752778,-0.06106010942263396,-0.49762793310659204,-0.2963283462784893,-0.005373381717092229,-0.028520280401338916
2024-08-16,2572.7081,2628.9703,2561.2868,2595.7544,21909793862.480835,312471022029.99304,0.008684013398736,0.008646524235638,0.0348086689791145,0.0342165487387075,0.0175904619435555,-4.040398458863147,-0.554386030834142,4.3032731985406564e-05,-0.04731501443733421,0.09417734055060256,-0.27181258728995117,-0.0038981419005814644,0.031167212050990933
2024-08-17,2597.5662,2627.1605,2593.2407,2618.2232,15001355444.735191,313351268859.2683,0.0086559807044919,0.0086187324956954,-0.3153127985186532,-0.3787931851850025,0.0077589745956814,-4.858905093250008,-0.8185066343868606,0.0026041592746281436,-0.02496048621044622,-0.0003466777341669669,-0.27177462730173707,-0.006994103006409347,4.4761739540488676e-05
2024-08-18,2619.1546,2680.5919,2602.6847,2621.8018,10684582235.745646,317468241580.34845,0.0013668047857799,0.0013658715583817,-0.2877588778489041,-0.3393387701941279,0.0208460525948115,-3.870590672651229,0.9883144205987792,0.02235054720719211,-0.02175308539491283,-0.025863306366834315,-0.2921448820877704,-0.013573340353534746,-0.0255598928052454
2024-08-19,2613.3601,2649.5308,2574.9342,2640.3929,13738107673.63763,313884471039.4739,0.0070909631689166,0.0070659405097854,0.2857880046705343,0.2513717636031762,0.0191542820373923,-3.95522898326561,-0.0846383106143817,-0.031635003752376684,-0.07850958493463978,-0.05639232892215951,-0.2892771056988106,-0.009096516992485704,0.0037921198386767774
2024-08-20,2637.8247,2693.986,2570.3182,2579.7431,17076152094.261324,316370088420.8223,-0.0229699905646616,-0.0232379115100151,0.2429770169169036,0.2175093223470956,0.0302099045727714,-3.499585442384592,0.455643540881018,-0.04607104529053708,-0.07493468329576203,-0.07267579354085241,-0.31725628854256166,0.003274628963911397,-0.04000816925753248
2024-08-21,2579.8199,2659.8239,2552.611,2631.0461,16309363308.341463,312938215376.99304,0.0198868639284275,0.0196917034271269,-0.0449040733349728,-0.0459434967761838,0.0264015467473524,-3.634332681631266,-0.1347472392466739,-0.012537953031356335,-0.042188657876931046,-0.22934205128004592,-0.2708937458655518,-0.009609872345585302,0.05156760585165121
2024-08-22,2634.5055,2645.9577,2594.8353,2624.906,16982370735.850174,315199054437.5714,-0.0023337105343764,-0.0023364378808566,0.041265095073607,0.0404364114633245,0.013607833023831,-4.297109694405432,-0.6627770127741655,0.020086006352368076,-0.03682787877141536,-0.15001578166396978,-0.2861065565564881,-0.017496492667689267,-0.062025546141923016
2024-08-23,2623.9889,2796.865,2623.9889,2762.7538,15762387827.1993,322820142857.6958,0.052515328167942,0.0511828500483439,-0.0718381978362692,-0.0745492056142565,0.0317743467612944,-3.4490960203777568,0.8480136740276749,0.06165300621619008,-0.05660645680343279,0.36788684271635486,-0.19096523743983881,-0.0188610528887736,0.033550143273809896
2024-08-24,2768.5943,2815.8938,2745.8208,2766.8233,19522838660.36585,332645946751.1045,0.0014729868437788,0.0014719030627907,0.2385711400069461,0.2139584087554056,0.0178144243659779,-4.027746792207362,-0.5786507718296057,0.05484824504218787,0.04194354693825986,0.1502428509462832,-0.13850358099372126,-0.014727041125528473,0.03895136001489252
2024-08-25,2771.4623,2791.7577,2741.1985,2747.1409,30500044724.74216,332190864697.2404,-0.0071137177426545,-0.0071391408731118,0.5622751002220598,0.4461431564107781,0.0117045521816254,-4.447777437496011,-0.4200306452886488,0.0499239101279311,0.16552843514892146,0.02654068112502639,-0.175544965250443,0.0029961922698333865,-0.02587819873713393
2024-08-26,2754.1201,2762.9236,2671.8844,2684.2857,85489888570.28223,327412167816.446,-0.0228802243088441,-0.0231460390685433,1.80294305604514,1.0306699566160131,0.017506940173483,-4.045157895328375,0.4026195421676366,0.017460058818448216,0.43980135726896563,0.09909521589601766,-0.18900608937333255,0.08936726245886462,-0.0113315389985853
2024-08-27,2685.7921,2699.2548,2441.9281,2464.2258,82975229853.96864,315087112922.69684,-0.0819808040552463,-0.0855369779650703,-0.0294146917064496,-0.0298559788517825,0.0464246581327469,-3.069924535631613,0.9752333596967616,-0.04584190921239895,0.2827779908039325,0.3433572267282594,-0.28473379375278013,0.0776241898584793,-0.11902069217983513
2024-08-28,2454.1869,2552.2925,2429.0558,2528.9692,32740526588.048782,300051646169.0453,0.0262733228424114,0.0259341078038868,-0.6054180669861341,-0.9299284720123508,0.0296066810247973,-3.5197552328236514,-0.4498306971920383,-0.04088370946079916,0.059603148096467606,0.047614779741997904,-0.2732259122347746,0.016645696842665814,-0.013437020950843648
2024-08-29,2530.1333,2595.4396,2509.4422,2527.8966,98737053362.59232,305844574104.9338,-0.0004241253709218,-0.0004242153375259,2.0157442061006474,1.1038466342480968,0.0238199095433808,-3.737233512569297,-0.2174782797456456,-0.03730806734059709,0.25300963081940253,0.005228996612638426,-0.2618058518166143,0.08412796670613787,-0.0013073980795754725
2024-08-30,2526.0696,2537.557,2441.6821,2527.8508,100196674032.34494,301639126556.4181,-1.811782966121278e-05,-1.811799379107105e-05,0.0147829069234268,0.0146747048126282,0.0272304250844498,-3.6034203615314335,0.1338131510378635,-0.09097026291151525,0.2077182816443255,-0.14795463234470585,-0.24926864668341217,0.08263168213461469,-0.08861107873395135
2024-08-31,2523.4476,2533.1541,2496.5843,2514.6596,73116751502.85715,303030283369.9408,-0.0052183459561775,-0.0052320090767579,-0.2702676789525569,-0.3150774955811857,0.0100513173544262,-4.600051573024879,-0.9966312114934452,-0.09723764056418452,0.1124842724122459,-0.12355329342490373,-0.24308515318734888,0.046147118557307465,-0.02515643245613064
2024-09-01,2512.4604,2516.3066,2409.3747,2430.9171,44978505531.73519,298131044326.0871,-0.0333017240186305,-0.0338688529192196,-0.3848399360305607,-0.4858727784221252,0.0228548267957235,-3.778592945624717,0.8214586274001614,-0.12482941509157273,0.028335733682958164,-0.2933539544111232,-0.20776280079749965,0.017255328639688372,-0.1964996807328081
2024-09-02,2432.8884,2561.0235,2428.7995,2539.6288,20035384902.37979,300289757946.6167,0.0447204472748166,0.0437493350588156,-0.5545564561222792,-0.8086847654041374,0.0263210811407385,-3.637385096592868,0.1412078490318498,-0.055957765146706376,-0.13502145821416534,0.22338420714680973,-0.13530948533510836,-0.006766049591146128,0.015821344544079574
2024-09-03,2540.5543,2553.4566,2438.1004,2438.1004,71254116951.50523,299655316014.59235,-0.0399776534271465,-0.0407987171111204,2.55641368003076,1.2687526438525336,0.0203472955736587,-3.894807271568246,-0.2574221749753782,-0.006576293250485316,-0.026227951554322004,-0.3227040905854741,-0.10057538923185415,0.04417266091058991,-0.12427617954341041
2024-09-04,2433.2665,2487.2768,2337.5743,2452.2749,23718907407.45993,290875912001.8885,0.0058137474568316,0.0057969128436982,-0.6671222881956034,-1.099980088266439,0.0436261683183897,-3.1320981178808487,0.7627091536873971,-0.03125586474751786,-0.020666538561670222,0.3085615438069582,0.010633329258756685,-0.040192011235888,-0.20456338755485381
2024-09-05,2452.9409,2465.2994,2356.0129,2369.5972,72221784955.49129,288539329245.0,-0.0337146948737271,-0.0342961414543278,2.044903532646555,1.1134692200841765,0.0237987224967677,-3.738123376351744,-0.6060252584708956,-0.06394459409622252,-0.06333670893209487,-0.3390003646821085,-0.03825501968234019,0.020048804822092592,-0.01454462141450108
2024-09-06,2369.8234,2405.3853,2175.1372,2226.2336,81863728027.09407,279459391465.1289,-0.0605012531243707,-0.0624087939500182,0.1335046354440685,0.1253142804533956,0.0596058657705609,-2.820001290784519,0.9181220855672252,-0.12531487282515982,-0.04626202610185004,0.5164680638185559,-0.053802136164279854,0.04497816233486063,0.3001562664705648
2024-09-07,2231.7322,2308.6582,2226.1881,2272.2729,49391736994.30314,273628974676.2404,0.0206803544785236,0.0204694191357133,-0.3966590798557796,-0.5052728686447632,0.0231603611629663,-3.765313032143046,-0.9453117413585268,-0.10048190398459206,-0.0632327006713922,0.1303953185190383,-0.16542935540800974,0.01592588561832997,-0.17369751711752723
2024-09-08,2271.712,2330.6072,2246.7796,2297.8977,39723810386.00349,274837709949.82578,0.0112771665762505,0.0112140533820114,-0.195739757227302,-0.2178323771372027,0.0249032472072325,-3.692757074085095,0.0725559580579511,-0.05708453198781834,-0.014562782289921472,0.123408576937174,-0.121839493082123,0.009076353438619122,0.09635895598251598
2024-09-09,2296.2425,2375.6777,2276.3507,2360.4073,64310245768.645615,279168424647.32983,0.0272029516370548,0.0268395274278725,0.6189344663498104,0.4817681960194288,0.0248721240092972,-3.694007620338417,-0.0012505462533223,-0.07354809667631251,0.11653823967001742,-0.05739239381205641,-0.10105757160730318,0.037981597266728784,0.031413594329705585
2024-09-10,2358.0765,2397.7908,2326.3383,2391.1928,64427338118.26481,283291464294.5714,0.0130424524614882,0.0129581320503285,0.0018207417530393,0.0018190862120109,0.0195568422228434,-3.9344300679583215,-0.2404224476199044,-0.01744227241304447,-0.017107097058239873,-0.09673340670937902,-0.0697189231827925,0.04049806250550958,0.03399515756248639
2024-09-11,2386.7733,2386.7733,2284.05,2343.4045,84804412342.35889,281297817164.65155,-0.0199851304336479,-0.0201875344057387,0.3162799336314235,0.2748095258077836,0.0289440534262469,-3.542390504482125,0.3920395634761964,-0.045682885501864015,0.1435719247897076,-0.1161502563645378,-0.15095794905788548,0.046267562984574795,-0.12434675820571828
2024-09-12,2342.1021,2382.9799,2320.5698,2362.0268,82098610116.5331,283234649684.4878,0.0079466861141557,0.0079152774906451,-0.0319063849520276,-0.0324264866213454,0.0180121733289659,-4.01670745361743,-0.474316949135305,-0.003295373575261755,0.021393975149642586,-0.16491212523317733,-0.13424080159538557,0.040772567816990346,0.03620157385227141
2024-09-13,2361.6928,2458.0959,2338.8523,2444.3826,71532309022.83275,286352679839.9896,0.0348665815307429,0.0342725116745636,-0.1287025575548994,-0.1377718650813507,0.0279083539632431,-3.5788292097677497,0.4378782438496804,0.09101452046026008,-0.022389765264559713,-0.5421897097822646,-0.08612690108876808,0.03544708143175157,0.07219046038539267
2024-09-14,2440.9578,2440.9578,2396.373,2418.4846,65188499369.223,291221204774.885,-0.0105949044147181,-0.0106514300246311,-0.088684536264373,-0.0928661587492017,0.0116987772253955,-4.448270953290002,-0.8694417435222528,0.06260741341668949,0.03403432773036741,0.19501430222190663,-0.061817933848818216,0.030061789456457433,0.0222963456823555
2024-09-15,2419.063,2429.25,2312.8386,2322.1973,31089434735.682926,288838325340.3763,-0.0398130713753562,-0.0406272961578742,-0.5230840556768366,-0.7404150209737564,0.023677214448638,-3.743242108966811,0.7050288443231914,0.011239758172559339,-0.01845919373458571,0.06929462513899587,-0.11206108019121443,0.006157206162029638,-0.055993133175637366
2024-09-16,2317.2073,2331.3598,2259.9272,2296.6475,59464244325.1777,275802026162.9094,-0.0110024242987448,-0.0110633986250631,0.9126833546744276,0.6485071538483446,0.0212959274473828,-3.8492394242011287,-0.1059973152343176,-0.02639579344253875,-0.010511395517291078,0.05880081734271636,-0.1314011430530705,0.02929825658643992,-0.03299871298104051
2024-09-17,2297.3418,2387.6376,2265.7066,2340.6357,50992990805.86411,279555730048.13586,0.019153222251129,0.0189721082470921,-0.1424596177997132,-0.1536870081059392,0.0352017375230386,-3.3466598361463604,0.5025795880547683,-0.01951981093575803,-0.029731585273399475,0.018345012121781412,-0.11021422884712337,0.025838682823305703,0.035775049147250604
2024-09-18,2340.3952,2360.131,2284.1697,2360.131,60508907994.268295,279199144436.5296,0.0083290620577991,0.0082945668299869,0.1866122586265299,0.1711024056726849,0.0225362136912617,-3.7926317662351594,-0.4459719300887981,0.00766826652851219,-0.05612148760871705,0.018053829332398852,-0.11123747425807605,0.029167669422584197,-0.0015306189943593562
2024-09-19,2382.7849,2488.8134,2377.7836,2465.818,90170205110.8467,293102329047.8153,0.0447801414413016,0.0438064723162288,0.4901971974008863,0.3989084584491602,0.0242514973220925,-3.719276918263875,0.0733548479712835,0.04314494824285888,0.01899654666717865,0.057101738060918006,-0.04519599200762417,0.043945370066069245,0.06541828259815019
2024-09-20,2465.1597,2569.427,2440.4414,2557.5129,84650021145.53659,304654698430.0732,0.0371864022405545,0.0365116645314081,-0.0612196008484633,-0.0631736938432378,0.0283513947753301,-3.563079051594234,0.156197866669641,0.046644759554532254,0.03012293897489471,0.31560904779257104,-0.02966023552850302,0.03941091244600159,0.0068553757987677155
2024-09-21,2559.0148,2618.1029,2532.6668,2615.6591,52774486957.1777,307959493173.6655,0.0227354473950061,0.022480848828565,-0.3765567185571769,-0.472497486014605,0.0191101144186203,-3.957537533378943,-0.3944584817847087,0.07813583653924261,-0.028483753269430423,0.06737408762320518,-0.003179529242209781,0.020037178352080076,0.0050655299566950696
2024-09-22,2618.1437,2628.8546,2531.8988,2581.0899,54299828631.7108,310887251453.9094,-0.0132162482488639,-0.0133043600572089,0.0289030128473024,0.0284931986170357,0.0250518597610706,-3.686807212248154,0.2707303211307885,0.10784904100130459,0.05261293825902413,-0.09922654426290434,-0.07012796687654584,0.021134449242666165,-0.029284795519336715
2024-09-23,2579.1154,2690.207,2554.9903,2647.1911,81711484992.53659,319125880397.1464,0.0256098015028458,0.0252873639861507,0.5048203107001619,0.4086734961890891,0.0326729893444412,-3.421206556347877,0.2656006559002772,0.14174640015353265,0.04795745060825851,0.0031938190441316294,-0.04587597146630647,0.033190275127655156,-0.017791605344664063
2024-09-24,2648.4392,2667.4619,2594.7967,2653.7196,75454281873.42857,317434504108.86414,0.0024661989835188,0.0024631629054961,-0.0765767886812918,-0.0796676324277843,0.0194904842413803,-3.937828920138664,-0.5166223637907867,0.12564247448382043,0.05020417037610869,0.021203928228568536,-0.03713573016897902,0.023324292984710837,-0.038661353978797
2024-09-25,2651.3904,2665.2899,2564.3497,2578.7016,69624453084.36586,314586852255.76306,-0.0282690002364982,-0.0286762620383331,-0.0772630610790519,-0.0804110916875689,0.0211371990367771,-3.8567208032135216,0.0811081169251419,0.0790160867739714,0.01808233572014828,-0.16794346549880634,-0.04068967732126125,-0.00816973027284007,-0.10706513873571089
2024-09-26,2582.5213,2661.5188,2561.7027,2630.8486,62952122714.89198,315750549520.345,0.020222192439792,0.0200204392987094,-0.0958331458832262,-0.1007413624834624,0.0244495671083231,-3.711142768399052,0.1455780348144695,0.06504986332825204,-0.05499146901010832,-0.25737093392005717,0.06951095098478996,-0.010406874048506154,-0.04489190578468838
2024-09-27,2629.8415,2720.2057,2617.786,2696.9133,65927670477.08711,321148187453.91986,0.0251115552601546,0.0248014410684887,0.0472668376199367,0.0461837586531534,0.0221686838511534,-3.809074623324846,-0.0979318549257937,0.05248555614095108,-0.03966233138110198,-0.3619959937603965,0.0638359077125479,0.017190255256760878,0.06147933194519184
2024-09-28,2699.9472,2703.962,2655.4795,2679.5182,47646560991.52962,322449677378.87805,-0.0064500034168692,-0.0064708945693629,-0.2772903904121869,-0.3247477839948133,0.0118908193578782,-4.431988659141692,-0.6229140358168461,0.023171447031930442,-0.011143411172728435,0.22481623591910394,0.058972425248808184,-0.02658800712270093,0.00490006008457855
2024-09-29,2677.9749,2683.5485,2637.794,2661.2174,31376885448.954704,320380074817.1045,-0.0068298845665611,-0.0068533149737509,-0.3414658939491406,-0.417738965592798,0.0115172753375678,-4.463907167524796,-0.0319185083831037,0.031337215344222166,-0.0513901925643232,-0.20065812117218762,0.05315762549613815,-0.036969920863459294,0.005294867598343522
2024-09-30,2657.1184,2659.8285,2582.0822,2597.1898,50825380351.51219,315263733125.30664,-0.0240595150174502,-0.0243536729297949,0.619835099127259,0.4823243534010858,0.0154594653272527,-4.169533820686579,0.294373346838217,-0.019540471010379756,-0.07370317203201893,0.02189488921488092,0.03316750227119748,-0.012274029532925113,0.013748925424293734
2024-10-01,2602.956,2656.8548,2432.4723,2455.3594,75327616226.62718,309755543174.1289,-0.0546091779661233,-0.0561568686943714,0.4820866210081591,0.3934509738892893,0.0507578845527433,-2.9806883124822665,1.188845508204312,-0.07681103600360438,-0.00031372761180747943,0.43765146732031557,0.009193952191588388,0.016673954584966566,0.007918055889204023
2024-10-02,2453.2018,2500.2849,2359.6067,2367.5875,59258335251.52962,294484955477.5261,-0.035747068229604,-0.0364016414313275,-0.2133252289140846,-0.2399403674558001,0.0344865646142231,-3.367185462264744,-0.3864971497824774,-0.08689466558706753,-0.026014464438059548,0.2972842714235755,-0.070510781356106,0.02114547560253044,-0.039310202395752114
2024-10-03,2363.5738,2402.6092,2314.0354,2350.4669,64147590037.62021,283903124990.3275,-0.0072312427734984,-0.0072575149397489,0.0825074610236267,0.0792800732713343,0.0263347912793581,-3.636864351676895,-0.2696788894121509,-0.1123095889411944,0.003034858837200005,0.06554599517333548,-0.034620604082915556,-0.0037981797786024174,0.030617426779314894
2024-10-04,2352.2741,2438.5051,2341.2904,2417.5872,48887108059.35889,288102416934.07666,0.028556156225812,0.0281560287426681,-0.2378964193247417,-0.2716727998887996,0.0231905722291082,-3.764009452335295,-0.1271451006584003,-0.11046219924814246,-0.044154878704247835,-0.05074228336922415,-0.014517654023328186,0.01338705660544548,0.00771535783628674
2024-10-05,2420.2255,2426.3081,2392.0934,2416.1068,36501432257.48781,290444218133.49475,-0.0006123460613953,-0.0006125336218166,-0.2533525973111837,-0.2921622231043215,0.0099863215064533,-4.606538971702643,-0.8425295193673481,-0.10290339016533201,-0.029970571433739934,-0.036979556296647065,0.019342046790812174,-0.019053545725402188,-0.0012676702363905168
2024-10-06,2411.5666,2453.8659,2408.5,2438.6996,26311445867.400696,292330072882.0732,0.0093509111434975,0.0093074620231145,-0.2791667548332097,-0.3273474511561871,0.0112139169890578,-4.490599683746265,0.1159392879563778,-0.08577728090373624,-0.013924238591798144,-0.0020110052765534014,0.08868689117488492,-0.030372786761105885,-0.18864833976741857
2024-10-07,2440.2513,2518.1013,2409.7656,2423.7829,50422252820.89198,297434495018.5331,-0.0061166615191143,-0.006135444926852,0.9163619162170044,0.6504285532646656,0.0308093722426714,-3.479936341697284,1.0106633420489817,-0.07131822080694197,-0.0011165195193463262,0.05008392184830468,0.06479576922909329,0.0005719068103502423,-0.011464767317759694
2024-10-08,2429.1611,2459.0201,2406.5276,2441.5104,60870942465.87805,292978038962.92334,0.0073139801423633,0.0072873626971151,0.2072237764167639,0.1883233237851392,0.0149289367230422,-4.204453887445872,-0.7245175457485886,-0.004777164318017462,-0.0408867805214328,-0.3774100160097409,0.061342772839952604,0.011664403721379557,-0.02873470594764216
2024-10-09,2439.0923,2468.6206,2360.4501,2368.7741,53048689006.77352,292328193279.9408,-0.0297915175786267,-0.0302443002476105,-0.1285055420899616,-0.1375457732963971,0.0259473959790004,-3.651684022035441,0.5527698654104314,0.002197768297297485,-0.018088898826565725,0.0009745123107185449,0.004526319602307191,-0.006194746540415963,0.0439670280946749
2024-10-10,2371.6688,2414.6507,2334.3428,2381.9907,46226053752.18816,287052796605.37976,0.0055795105155869,0.0055640027040473,-0.1286108173891763,-0.1376665791802726,0.0237645640132031,-3.739559714836476,-0.0878756928010346,0.01255400428149908,-0.05411943682340237,-0.11958682232988194,-0.0020058034339569962,-0.010093994234285475,0.00018513137532361057
2024-10-11,2383.0122,2466.7547,2381.4875,2435.8833,39927502626.81882,291683460656.0488,0.0226250253621898,0.0223728756527906,-0.1362554363635506,-0.1464781978286611,0.0208022033300826,-3.872696368554085,-0.1331366537176093,0.0064487246505403354,-0.028195512614185958,0.007911503166405431,0.039260582853116864,-0.025331844626066413,-0.017589390936080473
2024-10-12,2439.8292,2487.1163,2434.7447,2476.9495,30505286230.857143,295887408874.7352,0.0168588536240632,0.0167183204376284,-0.2359831137956743,-0.2691653876981874,0.0117637769326514,-4.442730220332506,-0.5700338517784211,0.026751184922907314,-0.019323669421527967,-0.047818212946955985,0.04764911268886343,-0.02993881762135686,-0.008562511385650229
2024-10-13,2478.6916,2482.6763,2437.0976,2465.9172,22639714811.09059,296267262142.2578,-0.0044539866476891,-0.0044639351976811,-0.2578428984485402,-0.2981943310674865,0.0127025328539456,-4.365953868084018,0.0767763522484878,0.010462801731011084,-0.012019836483908364,0.04320422041786909,0.010173324271447473,-0.029223478765469935,0.025032339806830617
2024-10-14,2466.9809,2648.3699,2445.7117,2629.5321,60792592317.53658,308177026281.95123,0.0663505246648183,0.0642420940806791,1.685218997889316,0.987762288094418,0.0399475581882378,-3.220187730334035,1.145766137749983,0.07925995020610978,0.033583076507717635,0.3359422570273636,0.0834256465082718,-0.00266979671522094,-0.083918227209975
2024-10-15,2630.2038,2676.9401,2540.6433,2602.9998,65487215314.42857,313406512547.4669,-0.0100901221171628,-0.0101413724387842,0.0772236027108479,0.0743869928838903,0.0363819324865412,-3.3136829878268297,-0.0934952574927945,0.06503858728182925,0.01459398892628272,0.16754470777878572,0.1163018385887586,0.02070315785340071,-0.09619326321959765
2024-10-16,2605.3226,2642.3032,2591.938,2612.1408,33198362141.313587,314975201307.4286,0.0035117175191485,0.0035055658369547,-0.4930558280434455,-0.6793543959381122,0.0135110410246168,-4.30424807412251,-0.9905650862956804,0.0965762726335753,-0.06432474665666632,-0.14671016703585593,0.1284173995917905,-0.015769945264146656,-0.07257821953543342
2024-10-17,2616.0981,2644.3317,2582.4598,2603.7922,18293153684.41812,314695812957.885,-0.0031960758011208,-0.0032011941600691,-0.4489742112411844,-0.5959736673694556,0.0164829894397506,-4.105426372908328,0.1988217012141824,0.08860360315424262,-0.0981541915575086,-0.20839458151779233,0.10664911685651317,-0.01998690537678982,0.02479899617904735
2024-10-18,2605.842,2669.3187,2597.2123,2642.2951,19296052208.28223,316945309418.4146,0.0147872399341237,0.0146789746928328,0.0548237084302398,0.0533736519511092,0.0173322654978945,-4.055185456857242,0.0502409160510861,0.07971985869272573,-0.07923230703101325,-0.31140970256551403,0.10337796587783006,-0.025772972866572985,-0.09718798319748112
2024-10-19,2642.4721,2658.6012,2632.0077,2649.1096,15371653283.787457,318192817331.6446,0.002579007923831,0.0025756879897612,-0.2033783326317052,-0.2273754087949422,0.006935563691326,-4.971092946423958,-0.9159074895667167,0.06649274322539074,-0.06238952621636429,0.13930470394005479,0.0719669911231624,-0.048543603861901374,0.10666356558083612
2024-10-20,2649.8269,2750.333,2636.5087,2744.3776,11059235375.958187,321551582964.0,0.0359622720026382,0.0353307261883063,-0.2805435321897088,-0.3292592578759578,0.0204546013875737,-3.88954741507622,1.081545531347739,0.10655921440554116,-0.05051688970783985,-0.037347643508223616,0.06993196905567887,-0.05017600030927838,0.0812205349767039
2024-10-21,2742.7096,2761.2256,2660.1079,2668.0588,21584892444.61324,325393665687.73865,-0.0278091469628669,-0.0282031429347573,0.9517526945431428,0.6687277865953264,0.020044477473242,-3.909801600913041,-0.0202541858368214,0.01428983310929568,-0.19288998145283998,0.15114965837112626,0.018885611581263874,-0.022049700700101482,0.08589575410673111
2024-10-22,2669.7285,2669.7285,2607.5124,2620.9679,19891942427.522648,317076916123.1324,-0.0176498733836,-0.017807489758641,-0.0784321729392303,-0.0816788995231708,0.0121142950683726,-4.413369113086491,-0.5035675121734497,0.005987170722855442,-0.2842342868389558,-0.2098440834278268,0.016097205108665642,-0.02490256570257543,0.001216377325549356
2024-10-23,2622.9519,2623.3804,2475.2726,2527.6145,18301551588.97213,308943355122.8571,-0.0356179104673506,-0.0362677044644884,-0.0799515102331103,-0.0833289040596192,0.034044627133313,-3.380083052278924,1.0332860608075665,-0.03440796032394215,-0.11362428935652602,0.4539273198700142,-0.04669451278062988,-0.0475832099138529,-0.024519988203718146
2024-10-24,2524.2931,2558.6877,2513.2672,2537.6447,22332734473.885017,305357960475.6411,0.0039682475314173,0.0039603948047023,0.220264542343062,0.1990676732253234,0.0122331754795337,-4.403603716253325,-1.0235206639744003,-0.026519480175056166,0.03210923029301682,0.016544932380933908,-0.043847814274780766,-0.041683159676786374,0.0033601611063569514
2024-10-25,2538.0507,2556.4719,2401.4827,2426.0749,20080465780.188152,302453535220.5296,-0.04396588695021,-0.0449616834608878,-0.1008505562241192,-0.1063060249821653,0.0341944027753172,-3.375693309848021,1.027910406405303,-0.08544019661126209,0.006117245379304137,0.09678568156952183,-0.06249148588780418,-0.04050699106416644,-0.02644652973497097
2024-10-26,2435.7022,2506.2337,2435.7022,2486.0441,25499915602.97213,297426388044.8223,0.0247186102951726,0.0244180483597676,0.2698866591098166,0.2389276516925261,0.0156769739266943,-4.155562272053704,-0.7798689622056822,-0.06380158483843562,0.07579750315968425,0.082845688012128,-0.05623084594241454,-0.03174811121002463,0.01007966056859555
2024-10-27,2486.015,2526.7467,2472.6548,2513.9056,12576405459.634146,299943664662.0279,0.0112071624151799,0.011144827470003,-0.5068059967159927,-0.706852666557417,0.0136406612527644,-4.294700148800208,-0.1391378767465045,-0.08710877712344439,0.010875151615188372,-0.09094406654587717,-0.0713946575220275,-0.047040521748392905,-0.02668126532676407
2024-10-28,2512.144,2579.3281,2481.5583,2565.9021,16079442147.836235,302844472305.3589,0.0206835531135296,0.0204725529571687,0.2785403746281567,0.2457190949361681,0.0239463545215845,-3.731939178753041,0.5627609700471679,-0.039666669149932915,-0.04004056658727251,-0.15471224972887,-0.0427507618602315,-0.02891213606921994,0.044280986909522646
2024-10-29,2565.7784,2675.2624,2562.5821,2637.2503,25882317001.470383,315911204405.46344,0.0278062830222558,0.0274267086359762,0.6096526710009833,0.4760184234252863,0.0251848711818193,-3.681511814674741,0.0504273640782999,0.005436458399202053,0.04349173363472403,0.0757625869826346,-0.007505405985774149,-0.00511897768372549,0.02244626890285506
2024-10-30,2637.6911,2716.6984,2606.7913,2659.0627,25752648702.8223,320677976728.23346,0.0082708872949981,0.0082368709415824,-0.0050099184953462,-0.0050225102102599,0.0287676086629515,-3.5485052239920862,0.1330065906826543,0.05201262914115928,0.051583837131207844,0.06017237732842551,0.021325969979454667,-0.023697306727434864,-0.004962328773036706
2024-10-31,2661.3214,2664.8655,2508.7715,2517.618,23856549877.65157,312980070689.2195,-0.0531934429376186,-0.0546604758673652,-0.0736273323591344,-0.0764786764405513,0.0251275940855939,-3.683788670744704,-0.1352834467526174,-0.008083129043158863,0.010229383618831633,0.0722464022478273,0.02591918790389867,-0.0504815028248089,-0.002723377592988019
2024-11-01,2520.6882,2580.2726,2480.8752,2513.8346,25320393925.43554,302926232010.1986,-0.0015027696815004,-0.001503899972378,0.0613602576772962,0.059551347406792,0.0277261448014862,-3.5853794552911813,0.0984092154535223,0.03157422365140263,0.03439792331670688,-0.15358792883562522,0.06163452079444601,-0.03473631116946052,-0.0409849094690391
2024-11-02,2515.7327,2522.247,2480.0381,2491.4827,17934388401.954704,300834856266.1812,-0.0088915555542119,-0.0089313213295249,-0.2917018410231462,-0.3448901454397546,0.0103034724213969,-4.575274312270551,-0.9898948569793696,0.0021969682474114243,-0.05005199666186755,-0.11520920062187301,0.05749543274507556,-0.04932833638235934,-0.048806864104633974
2024-11-03,2492.1993,2495.4708,2416.5102,2458.8649,15221719335.56446,295402979949.6829,-0.0130917224510529,-0.0131781744151456,-0.1512551755650939,-0.163996697995386,0.0211390991279121,-3.856630914021764,0.718643398248787,-0.021436751111909153,0.017787104610935245,0.20543732994104458,0.01583910304618065,-0.03753132726060571,0.04400938170738389
2024-11-04,2455.0852,2485.4767,2369.8167,2396.9635,18194427778.763065,294837405495.8989,-0.0251747869514914,-0.0254970927230345,0.1952938677730762,0.1783920696059278,0.0302259632068676,-3.499054015102612,0.3575768989191523,-0.06805917440189942,0.013997027430292519,0.060784709008262716,-0.006073849842115463,-0.02101641103935492,0.002942312699099947
2024-11-05,2400.4728,2477.1459,2383.5748,2424.2234,21727499229.47387,293008559149.50525,0.0113726804767781,0.0113084977078425,0.194184257601917,0.1774633226639613,0.026531082966823,-3.6294382912048944,-0.1303842761022826,-0.08439272547714369,-0.02768485951503763,-0.06822788730184914,-0.0065898001284880195,-0.005332241795937165,-8.958449920370981e-05
2024-11-06,2427.9603,2736.8628,2425.4696,2720.0061,38739365548.8676,315373594237.8188,0.1220113212338434,0.1151228972758404,0.78296476459273,0.5782775768196274,0.0480747434694684,-3.034998323570029,0.5944399676348655,0.021811356589385805,0.08410542661907883,0.2184624980175438,0.11308815154177197,-0.013720019282420282,-0.2150347472280285
2024-11-07,2718.0301,2911.7093,2704.1715,2893.4593,42116216784.20209,341144625491.76654,0.0637694158112365,0.0618186529703565,0.0871684703012178,0.0835765826075704,0.0349679260358443,-3.3533240366188424,-0.3183257130488135,0.13792081644509624,0.10743462128267467,0.1539036615904923,0.1708268140266324,-0.02242635238726365,0.18065700254676909
2024-11-08,2903.7817,2971.6547,2890.2367,2958.7839,35525344071.01742,352041100923.1254,0.022576643811786,0.0223255633988041,-0.1564925156254045,-0.1701865040365512,0.0158070708216063,-4.147297918701751,-0.7939738820829088,0.16221424619088498,0.05536858139388556,0.054241336646510874,0.22118449694022788,-0.02141837394271562,-0.12526734372131942
2024-11-09,2956.7487,3147.2829,2956.7487,3125.8481,33853867216.38328,365255758030.345,0.0564638059575761,0.0549272990466068,-0.0470502650528239,-0.0481931207408007,0.0274794266395644,-3.59431767649033,0.5529802422114205,0.22654006471796112,0.08068188867495607,0.13983399118909468,0.27134032066757124,-0.015403368083163116,0.07150450301629219
2024-11-10,3116.0342,3239.6794,3095.1368,3189.6556,39633601071.44599,382740517669.3171,0.0204128601130682,0.0202073102177329,0.170725956302731,0.157624031866767,0.0288263540558335,-3.5464652388797067,0.0478524376106239,0.2617514832573425,0.11231292244939084,0.0464054375241203,0.26798491173095434,-0.000368807967081608,0.29105811045650665
2024-11-11,3188.7346,3381.8718,3119.5911,3376.7687,52446293721.80488,388037179400.1115,0.0586624775414625,0.057006297726705,0.3232785390169803,0.2801123988893277,0.0446134320601044,-3.1097202980309606,0.436744940848746,0.3412535283607075,0.13894164371773599,-0.16216424376861727,0.3091884060005631,0.027165814312802183,0.10933572859695406
2024-11-12,3354.328,3435.2489,3217.9822,3256.1818,71973542792.90244,397650434919.2892,-0.0357107373093099,-0.0363639643502631,0.3723284847291122,0.3165089210037095,0.0423516684943056,-3.1617474609197505,-0.0520271628887898,0.29350375980491356,0.17420160658558004,0.26075468562952797,0.277560186642144,0.058513666710894086,0.19903025788328388
2024-11-13,3254.3141,3331.5694,3123.91,3189.1444,58728860863.25784,386517942589.0557,-0.020587732539995,-0.0208026143073673,-0.1840215364659067,-0.203367317094151,0.0437367778477287,-3.129565932479714,0.0321815284400366,0.1598452776680403,0.06166166534459805,-0.18750944317915907,0.1926913339732885,-0.002380336392548088,0.1659657316314651
2024-11-14,3190.795,3235.7841,3048.3298,3059.1004,58895253837.53658,381577978145.9338,-0.0407770811506685,-0.0416317818414685,0.0028332402814037,0.002829234221128,0.0330820944603738,-3.4087630958257025,-0.2791971633459886,0.05210696385288484,0.04897576598736464,-0.15092510610526566,0.16056437950402075,-0.007641437408718588,0.038630260402366945
2024-11-15,3073.1999,3129.4133,3023.3663,3094.1653,39878398753.731705,369878356541.9129,0.0114624874685382,0.0113972908959798,-0.3228928282788822,-0.3899257147269319,0.0240082282486898,-3.7293586636962512,-0.3205955678705487,0.04542792423248063,0.01232361129759596,-0.1415291857756369,0.16783424381769121,0.0077431403175474145,-0.007882179265218836
2024-11-16,3090.2146,3208.6767,3076.3723,3132.193,36153478406.14286,378369135363.37976,0.0122901320107235,0.0122152214872595,-0.0934069687850813,-0.0980616272301477,0.028569115996763,-3.555429004878536,0.1739296588177152,0.005172294638769284,0.006449465971652302,-0.12468550451965932,0.18397755064913449,0.020413014803619234,-0.019265907297152385
2024-11-17,3137.0396,3159.072,3051.5679,3075.4451,32330820830.22648,373823827556.9965,-0.0181176255741585,-0.0182837594458111,-0.105734157387934,-0.111752184911522,0.0211534391505248,-3.855952779119203,-0.3005237742406672,-0.0361745222326016,-0.020626672319369987,-0.03135765894523024,0.1517347582280053,0.014639064570786786,0.03610006955985012
2024-11-18,3076.2365,3216.9972,3058.9683,3212.2461,33499392961.31708,376304266837.1707,0.0444816914468737,0.0435207733274665,0.0361442147487356,0.035506337574814,0.0233573181539567,-3.7568449326659374,0.0991078464532657,-0.04328104022026491,-0.05558795516030912,-0.014462564856302151,0.19247609496853074,0.020009053513167174,-0.047288953604690764
2024-11-19,3216.1673,3216.1673,3079.6981,3111.9588,42127333474.372826,376444761242.7805,-0.0312203040732153,-0.0317180449244934,0.257555130118887,0.2291694630795832,0.0228231739990241,-3.779978855744033,-0.0231339230780953,-0.04472916433537611,-0.0943598536357726,-0.31749955568312416,0.1263060302890253,0.033387939713502846,0.06953537794966569
2024-11-20,3106.3372,3150.461,3036.3053,3071.7452,34553671663.50174,372941161960.77,-0.0129222790481673,-0.0130064980168019,-0.1797802326007257,-0.1981829656083357,0.0251522204838065,-3.682809096719114,0.0971697590249189,-0.03802423291131412,-0.08354778005057639,-0.4065562880267488,0.14026908728856594,0.013613962017117842,-0.011588429515181131
2024-11-21,3072.1877,3385.4357,3038.8448,3363.7218,48480619568.99301,388137180033.7098,0.0950523500451794,0.0908021703861235,0.4030526203153683,0.3386503059874768,0.0515523545217186,-2.9651573950380925,0.7176517016810213,0.09032870805130966,-0.03826126893296333,0.3097287891996152,0.2487476765878484,0.029371962533502938,-0.15450955439213265
2024-11-22,3361.4185,3413.2604,3273.9946,3324.1296,54249579250.94425,401175534651.216,-0.0117703550870347,-0.0118401741204603,0.1189951723645239,0.1124311150796631,0.0286284576288311,-3.55335403387547,-0.5881966388373776,0.07296732706650554,0.05242153004041583,0.1947615114827812,0.27524680226776294,0.03574913931316459,-0.06342874334325432
2024-11-23,3321.6837,3484.671,3318.592,3391.0575,43462675702.20906,407121881988.3589,0.0201339622859468,0.0199339542468759,-0.1988384739140154,-0.2216926967054646,0.0320513425734767,-3.440416206524744,0.1129378273507262,0.07786226699516832,0.025643258292852522,0.19971993009864963,0.28974547419768587,0.02043171707349245,0.02748570633129943
2024-11-24,3396.2598,3442.5551,3290.4186,3359.6938,39206582420.39024,405549864177.7631,-0.0092489437292053,-0.0092919807796405,-0.0979252476534134,-0.1030578883549405,0.0312444669270877,-3.4659129768095958,-0.0254967702848514,0.08814290461653071,0.02353677188732206,-0.04841692374312778,0.3216147460849848,0.018140908662513056,-0.09900304591107512
2024-11-25,3350.5496,3533.9707,3306.4087,3415.4204,41866352589.348434,412516068656.5436,0.0165868091907661,0.016450750529177,0.0678398882218032,0.0656378119039517,0.0455305465251343,-3.0893718260805545,0.3765411507290408,0.06011021829128564,0.027913696989621428,0.22273997404184476,0.31761956253969575,0.01526630144817176,0.08662319098410909
2024-11-26,3408.0632,3460.2276,3263.2728,3328.6135,56832300390.60627,405001229032.5087,-0.0254161683873528,-0.0257447384777889,0.3574695877630727,0.3056223694538747,0.0387590302460965,-3.2503915117231177,-0.1610196856425632,0.06911156801805655,0.04724617843194778,-0.02270115581953558,0.2814192791177319,0.04015061792396679,0.09321786624476469
2024-11-27,3321.7403,3678.7596,3310.6943,3662.2765,47039036336.52265,419508104904.1324,0.1002408360117508,0.0955290976689248,-0.1723186284344445,-0.1891270156077326,0.0433242620071678,-3.13904247740511,0.1113490343180076,0.17569503491106975,0.038433715925282996,-0.2116675473731382,0.3558230462197009,0.02715914289997201,-0.015083666466450207
2024-11-28,3645.0601,3657.0736,3537.5573,3578.2137,48142376764.362366,432732013018.88153,-0.0229537010654439,-0.023221239183404,0.0234558467555816,0.0231849857217284,0.0204858555554721,-3.8880206038824254,-0.7489781264773154,0.06250065190258951,-0.0010219803989137688,-0.05522410138662659,0.30495975825321014,0.01908151505613631,0.12017287056802184
2024-11-29,3578.6689,3640.1139,3542.6347,3593.636,34408606128.78745,431520283111.43207,0.0043100556012067,0.0043007939142846,-0.2852740466636331,-0.3358560918065066,0.0190177951772771,-3.962380149863089,-0.0743595459806636,0.07869271038993032,-0.0618530175290104,-0.08461897475046776,0.3003417369581839,0.007322740551984452,0.008806334713758579
2024-11-30,3590.9472,3725.6221,3577.1108,3703.812,36730972265.21951,441655396895.2439,0.0306586421106644,0.0301980562350337,0.0674937580365711,0.0653136188310142,0.0213873021246356,-3.8449578917231344,0.1174222581399546,0.08668779226650748,-0.021886038715990708,0.10221841122996,0.3848306000785713,0.01079322719180098,-0.1575340056378287
2024-12-01,3709.608,3734.6788,3664.0405,3703.0563,32850450103.55749,445644148166.03485,-0.000204033034074,-0.0002040538516452,-0.1056471397936961,-0.1116548834641319,0.0134576553146796,-4.308207166471504,-0.4632492747483692,0.10003411362249016,-0.021114124840213577,-0.057472323949424364,0.3865944125739108,0.006259221039815799,0.006338416547416514
2024-12-02,3707.9575,3744.724,3567.3985,3641.4213,42617379110.99651,438749014163.5714,-0.0166443594173818,-0.0167844332354338,0.2973149219158286,0.2602966838148337,0.0324040058487319,-3.4294732265197743,0.8787339399517293,0.06622991907314332,0.0025181491320154237,0.19751002203113588,0.379208498818946,0.02024684803697241,0.035977690709782184
2024-12-03,3638.3021,3661.1126,3512.5343,3625.5278,46319722633.17422,434622671971.8676,-0.0043646419050715,-0.0043741947612159,0.0868740311912421,0.0833057147551031,0.0292132542112652,-3.533132761349792,-0.1036595348300175,0.08751104537048285,-0.03583832062293979,-0.2592125994453407,0.3898384123793789,0.02493884657610934,-0.03322442142564319
2024-12-04,3620.3911,3879.7252,3620.3911,3838.9454,53939665394.794426,451213897788.7492,0.0588652499092683,0.0571978157557696,0.1645075213849143,0.1522982692178486,0.0326475995939281,-3.4219839452907634,0.1111488160590283,0.05182483979887434,0.02366915300247996,-0.08506482340713806,0.46953197551180864,0.027917820960372097,-0.15812159155820926
2024-12-05,3834.3137,3947.2674,3741.8264,3790.4221,70890825038.0979,466446560182.9161,-0.0126397473639505,-0.0127203085391636,0.3142614904863572,0.2732749036781408,0.0371110756925808,-3.293839817733645,0.128144127557118,0.05748646929501697,0.07428244428151132,0.17403448423514112,0.4454258627671141,0.03716726831214601,0.11234316479706452
2024-12-06,3787.0958,4084.4091,3787.0958,4005.8846,66701685156.43356,474149691699.2448,0.0568439330279337,0.0552870451142947,-0.0590928357712443,-0.0609108007686723,0.0404650555964093,-3.2073165020972145,0.0865233156364309,0.10934841832826804,0.09678910726267276,0.10010895256944119,0.3878570400519031,0.020538995104313784,-0.22174164349943903
2024-12-07,4005.9638,4024.2709,3977.6211,4000.0664,49316091682.452965,481619669985.345,-0.0014524132821998,-0.0014534690567754,-0.2606469901503486,-0.3019797862307072,0.0081937370979701,-4.804385185071948,-1.5970686829747334,0.07538475032257767,0.03532107727027878,0.15325622875690215,0.32029703902144074,0.005220888270255131,-0.14424159907982426
2024-12-08,4003.0955,4015.2743,3936.9478,4015.2743,25345220862.44251,479874515956.3624,0.0038019118882626,0.0037947028874727,-0.4860659067299826,-0.6656602449583534,0.0138013985408083,-4.282985348417051,0.5213998366548971,0.07962447793608504,-0.020913496910967666,-0.014020692830170045,0.30601541139252947,-0.0073899755130355516,-0.11530053519003336
2024-12-09,4000.7757,4000.7757,3611.9149,3715.3684,37740481899.98606,465714963432.6411,-0.0746912608187192,-0.0776278250713527,0.4890571324991415,0.3981431226764124,0.055781777886343,-2.886308024104232,1.3966773243128188,0.020960722018002094,-0.01382785253522556,0.11370144488071432,0.1759167352402059,0.0028278277601394564,0.36574154675173265
2024-12-10,3696.497,3774.0167,3528.2666,3628.8115,77152357432.54007,443535391626.1777,-0.0232969898758895,-0.0235726546003019,1.0442864941946746,0.7150488260198024,0.0462054995738829,-3.0746564495832165,-0.1883484254789844,0.0023231255219748506,0.08436820262949496,-0.02265640966665261,0.1292810232143441,0.026894460933075237,0.07643416267742498
2024-12-11,3634.7298,3847.8388,3572.6281,3829.0521,55142194679.62021,448844877660.76654,0.0551807664851151,0.0537120948904758,-0.285281791579278,-0.3358669280683938,0.0413003176446303,-3.186885087891449,-0.1122286383082324,-0.001373182740875196,0.003150561622600634,6.331909820911363e-05,0.13236582678969003,0.0019049240221136188,-0.004035616676501652
2024-12-12,3826.3204,3982.7149,3800.9181,3881.3655,44494665436.09059,470541924307.2718,0.0136622324882964,0.0135697456225779,-0.1930922282907393,-0.2145459026097259,0.0318216818861931,-3.4476074012093405,-0.2607223133178915,0.024587579042371837,-0.07154721944425901,-0.010987003835488895,0.17620549322165022,-0.019588709174680474,-0.07298886814149008
2024-12-13,3887.0938,3964.9047,3856.5753,3909.0227,45881430495.07665,470977732537.5192,0.0071256365833107,0.0071003691947658,0.0311669959846743,0.030691166685227,0.0192738759770582,-3.949004676301446,-0.5013972750921054,-0.024496806851715715,-0.06028251823625297,-0.10941140771873625,0.20301729185727993,-0.009291799056178718,-0.06285657710980952
2024-12-14,3908.3892,3941.5552,3832.8226,3868.2654,31182188119.62021,468713304969.1011,-0.0104264679762539,-0.0104812043976122,-0.3203745440551109,-0.3862134326391185,0.018711872394382,-3.978597069177226,-0.0295923928757799,-0.0342617473248923,-0.05563888311740328,-0.03146751140578363,0.23008685803616802,-0.020342162327601443,-0.08389035703861825
2024-12-15,3870.624,3963.2528,3837.5557,3963.2528,25923935187.0,468029748145.5819,0.024555554021707,0.0242589127236981,-0.1686300176385522,-0.1846803577450982,0.0174160254894902,-4.050364491483536,-0.0717674223063098,-0.009423165087032831,0.0018242862377277902,-0.0026650564235133345,0.2488245638955223,-0.010401768403593081,-0.10614639214048394
2024-12-16,3953.729,4087.5678,3894.0727,3988.2391,41992989681.229965,478922486931.0836,0.0063044931173705,0.0062847029351289,0.6198539835220722,0.4823360115536626,0.0338627364214648,-3.385440089787548,0.6649244016959877,0.07596419073079647,0.013304104135581696,0.04455124730299298,0.24007025251243802,0.004365990642533291,0.044878689534916694
2024-12-17,3977.7102,4039.4029,3860.3154,3883.1471,51242538107.21255,479410787577.92334,-0.0263504763292651,-0.0267038720548873,0.2202641082760761,0.1990673175097813,0.0283653571717789,-3.562586696293497,-0.177146606505949,0.06611115776424768,-0.08395008950540372,-0.07650816723153264,0.2329389988585536,0.014010180294551589,0.028856282098713937
2024-12-18,3890.4503,3899.2388,3627.0821,3631.2671,46219761173.52962,461758998677.10455,-0.0648649133070442,-0.0670642823828777,-0.098019675043691,-0.1031625718444323,0.0279525347153429,-3.5772473960029822,-0.0146606997094851,-0.05232195959496472,-0.030621721844926952,-0.09623762815615011,0.12139127962125379,0.009314286209004763,0.252534767318948
2024-12-19,3643.4544,3718.5472,3362.3485,3436.3037,62702704466.72823,433894286019.5122,-0.0536901843436413,-0.0551852628530798,0.3566211264336543,0.3049971424836636,0.061204249199059,-2.793538660516928,0.7837087354860541,-0.12326539542392283,0.06152441622960936,0.38731492250231137,0.10095210497273373,0.01488471028573457,0.022292269145199883
2024-12-20,3421.3389,3490.0832,3120.9825,3466.7475,81092384717.96167,406047469643.2996,0.0088594614032513,0.0088204466389456,0.293283685410914,0.2571844766613698,0.0786128206263745,-2.543220480553498,0.25031817996343,-0.11990848529007661,0.10920473515297857,0.42420206580709374,0.12082692083576792,0.03287164039526047,-0.024836183104893328
2024-12-21,3470.9469,3545.6217,3305.7744,3340.4166,57665605494.19164,412659847194.2404,-0.0364407560689089,-0.037121304765741,-0.2888900024983614,-0.3409281529851401,0.0434211729383118,-3.1368081011172206,-0.5935876205637225,-0.1473202046046219,0.07493196244789502,-0.04811576250081928,-0.006267527755049371,0.0063618712344357675,-0.02580573463441893
2024-12-22,3330.8735,3398.8447,3231.1914,3276.7888,33934014173.43554,401560743953.0383,-0.0190478636706571,-0.0192316113009186,-0.4115380583864061,-0.5302430245283308,0.0342910681845985,-3.3728703615023186,-0.2360622603850979,-0.18779526576199498,0.021600375701439134,-0.10353919619996343,-0.013607874482912277,-0.014125972647711649,-0.0007751350522222644
2024-12-23,3280.1994,3457.3225,3229.2311,3415.7123,35937633351.32056,401341920922.1115,0.0423962325554825,0.0415221326196287,0.0590445671309203,0.0573671498989307,0.0411825988332211,-3.1897394702620563,0.1831308912402622,-0.15232027603127363,-0.016285978138963486,0.03257543400172902,0.005711283778259985,-0.005283433035256024,0.0008105080586275903
2024-12-24,3416.3805,3523.2474,3364.9631,3497.9701,35880466196.97561,413914877729.7596,0.0240821804576456,0.0237967777502773,-0.0015907323052158,-0.0015919988631973,0.0290046617997508,-3.5402987101992904,-0.3505592399372341,-0.10634208046731776,-0.04254724568892598,-0.08724722345329461,0.043058436736165,-0.0023442364396686344,-0.009763798037957017
2024-12-25,3490.7882,3539.8233,3447.573,3493.9157,26142151099.232395,419642039100.0388,-0.0011590722287763,-0.0011597444724949,-0.271409937771769,-0.3166440340447076,0.0186637800587398,-3.9811705285834136,-0.4408718183841231,-0.04190915826561253,-0.05848484958124445,-0.1653384137299838,0.024878930949757197,-0.011157381371713626,0.006641429148578348
2024-12-26,3504.36,3511.2112,3312.8142,3332.2171,23025805597.43554,407925667260.8118,-0.0462800519199705,-0.0473852061013594,-0.1192076922043481,-0.1269334268138316,0.026671801998731,-3.6241483765641274,0.3570221520192871,-0.026394087445430887,-0.1267237312246685,-0.31141816715929416,0.0031490459069532166,-0.024418016575531,0.00324287097138809
2024-12-27,3338.6735,3431.4421,3309.865,3333.8817,28434551798.752613,405256400901.77,0.0004995472833988,0.0004994225511927,0.2348993253864466,0.2109894488514642,0.0254919841717916,-3.6693912224391303,-0.0452428458750042,-0.04029013778201979,-0.19760327310363124,-0.37165983316913875,-0.0892355528692325,-0.013696567872099052,-0.044097939541133835
2024-12-28,3336.2961,3414.4112,3326.1552,3405.2504,22644237413.92683,405371799657.1429,0.0214070883199004,0.0211811750153351,-0.2036365625105367,-0.2276996175779446,0.0134626364151292,-4.307837103579439,-0.6384458811403078,0.022083893904179645,-0.15701022937794562,0.036960560507119045,-0.049672439818590944,-0.01908170244200491,0.030882499040548295
2024-12-29,3403.9568,3412.908,3331.2269,3361.8377,16000753452.45296,407204192264.72473,-0.0127487541004326,-0.0128307168262354,-0.2933851928874383,-0.3472695888385541,0.0152812999925176,-4.181125420818348,0.1267116827610905,0.024583545753570708,-0.09107980066204036,-0.005624810997310714,-0.0659282527258701,-0.014005531663141113,-0.010346813456441284
2024-12-30,3359.7896,3426.9622,3307.2929,3362.7678,23597675148.82927,408156603907.6968,0.0002766641590103,0.0002766258945393,0.4747852480166601,0.3885123846268894,0.0251275203203457,-3.683791606376192,0.4973338144421557,-0.01581727243171976,-0.0678669132043126,-0.2941494127525317,-0.09816182578024542,-0.010113683507626092,-0.030327317024274825
2024-12-31,3358.1097,3442.1557,3319.5678,3339.3388,29921790436.97909,405874329690.13934,-0.0069671774542388,-0.0069915615600095,0.2679973873809165,0.2374387955877668,0.0254042767240672,-3.672837744167842,0.0109538622083502,-0.04435473266805835,-0.03449721691018581,-0.1782748351420027,-0.10470836261422052,-0.002269317110886959,-0.007913027538926753
2025-01-01,3338.8804,3367.6419,3319.7644,3360.3987,21114226602.37979,403129022921.3345,0.0063066077631894,0.0062868043304934,-0.2943528347058537,-0.3486399322857964,0.0093045271555503,-4.677254206347798,-1.004416462179956,-0.041948279873035337,-0.030064053358284326,-0.1663756186669616,-0.0794574891304573,-0.016821663581755075,0.027175883116229427
