Date,Open,High,Low,Close,Volume,Market Cap,Returns,Log Returns,VolChange,LogVolChange,GarmanKlass,Delta_LogGK,RS,Upside_Vol,Downside_Vol,Upside_Vol_Weekly,Downside_Vol_Weekly,RS_Weekly,Log Returns_Weekly,LogVolChange_Weekly,Delta_LogGK_Weekly,Upside_Vol_Monthly,Downside_Vol_Monthly,RS_Monthly,Log Returns_Monthly,LogVolChange_Monthly,Delta_LogGK_Monthly
2020-01-01,129.768840798,132.627390514,129.369808248,130.916545571,7036988925.172684,14267183034.248133,,,,,0.0167114436882171,,,,,,,,,,,,,,,,
2020-01-02,130.955077338,130.955077338,126.913160638,127.117759255,6690036711.347696,14042469285.895844,-0.0290168542061003,-0.0294461684172551,-0.0493040727382519,-0.0505610075626405,0.012238291146137,-0.3115240804432595,-0.0107681362890616,-0.0168195559711541,0.0010564440585353,,,,,,,,,,,,
2020-01-03,127.117141469,134.228639409,126.091449677,133.675368751,7715596550.355361,14242069786.69286,0.0515868871071378,0.0503003443275466,0.1532965936148156,0.1426244446468643,0.0312711911837121,0.9381276091493848,0.0193137976130506,0.0149946360106978,0.0146464821943691,,,,,,,,,,,,
2020-01-04,133.83559883,134.930791615,132.648239296,134.049701907,7986617479.617298,14529037537.345446,0.0028003151178679,0.0027964015399534,0.0351263738964493,0.0345235196467302,0.0120231026328382,-0.955867245911686,-0.0142938252048355,-0.0076876301953622,-0.0120752454482196,,,,,,,,,,,,
2020-01-05,134.054991481,137.896704737,134.054991481,135.26691123,6731959407.653085,14775696881.080956,0.0090802836983887,0.0090393057962171,-0.157095049959039,-0.170901079364599,0.0191801397154694,0.4670453355326067,0.0111983688102982,0.0160177515733697,-0.0096776529163414,,,,,,,,,,,,
2020-01-06,135.466802293,143.906002557,135.120907208,143.906002557,7771586736.179305,15253831829.449226,0.0638669963588551,0.0619103796837451,0.1544316098139782,0.1436081101313838,0.0239385456802326,0.2216145958921842,-0.0106345051602314,-0.0233247573887053,0.0126902522284738,,,,,,,,,,,,
2020-01-07,143.940028855,144.886854671,139.4911167,143.172356846,8884321399.851458,15528292039.508078,-0.0050980897110903,-0.005111129307342,0.1431798552143803,0.133813726077265,0.0266296520640904,0.1065353844224632,0.0172405658242207,0.0088344020815452,0.0159070764783319,,,,,,,,,,,,
2020-01-08,143.038850021,147.050004077,137.552328545,140.934290558,9485569495.645624,15503951637.776106,-0.0156319721020402,-0.0157554397635487,0.0676751851643073,0.0654835605386722,0.0463047496677937,0.553219206269592,0.0161649142494271,0.0254411769226558,0.0022247611054642,0.03395315139383675,0.004466060624720006,0.025127118255393988,0.07373369385931655,0.045317103397024376,0.2488180859212168,,,,,,
2020-01-09,140.593959617,141.117606261,135.956015513,138.028595129,8407091301.869274,15073087981.738968,-0.0206173772010735,-0.0208328825720318,-0.1136967257760779,-0.1206960909831597,0.0237326155959103,-0.6683942529011397,-0.0218100870161322,-0.025204690918684,-0.0082940726714534,0.025860600767362893,-0.0378281111440968,0.004192923793946909,0.0823469797045398,0.030596214748545795,-0.02832571067609191,,,,,,
2020-01-10,137.815048587,144.41254771,135.769017954,144.41254771,8457837520.577541,15135188432.553797,0.0462509422415959,0.0452132434104815,0.0060361208039911,0.0060179764047256,0.0325566275432343,0.3161306715407326,0.006097967428366,-0.009070888085517,0.0078555955735389,-0.054750839038440836,0.00044717538818065533,-0.05016249745434352,0.07725987878747478,0.012941610081069211,-0.547732940743971,,,,,,
2020-01-11,143.838198393,147.038528455,142.171892592,143.021012822,9048431075.987444,15652744922.146986,-0.0096358308891164,-0.0096825559060871,0.0698279618132902,0.0674978521947207,0.0235347530167279,-0.3245027785865382,-0.0043258128487604,0.0246905493717288,-0.0220538044598017,0.009417328596792549,-0.02751777971924808,0.0010864447023452642,0.06478092134143398,0.018227221161642156,-0.07261689732018972,,,,,,
2020-01-12,143.083550476,145.375489036,142.228877515,145.225114385,8263400554.169983,15692954876.635645,0.0154110331028294,0.0152934892420967,-0.086758744717718,-0.0907551887347061,0.0124161422363173,-0.6394807612371727,-0.0141688681794405,-0.0206351553732114,0.0028460799049992,-0.018690156098477476,0.01357832745395401,-0.01592922272304391,0.07103510478731354,0.02571722597847554,-0.22118603900121236,,,,,,
2020-01-13,145.972776701,146.323303031,142.576667997,143.850839525,7169395337.501765,15623030845.427156,-0.0094630661219982,-0.0095081254236207,-0.1323916479053102,-0.1420148734105973,0.0159241142856147,0.2488371627895089,0.0039323268381999,0.0023378278161598,0.0032961170962086,-0.010325139118783157,0.04455263834157768,0.02727373421042572,-0.000383400320052199,-0.010033740810075256,0.3110903290079259,,,,,,
2020-01-14,143.597346693,168.026392545,143.597346693,165.958548745,10369374512.100431,16746578360.063711,0.1536849509742199,0.1429611247247641,0.4463387808815862,0.3690353845952073,0.0651950699216482,1.409549269321314,0.0282862155390911,0.0377142522487686,-0.0144720052557619,0.022967502952390386,0.044207140768882575,0.049611433953639206,0.14768885371205395,0.02456438692503626,0.7469013407013874,,,,,,
2020-01-15,165.658248436,170.813488205,149.831606484,165.804881749,16747466657.10354,17845135788.769855,-0.0009259360072864,-0.0009263649508344,0.6150893805176254,0.4793902991169605,0.092671930976096,0.3516817811284882,0.0611731706764702,-0.0139077688942981,0.1008562936288508,0.03146895440448776,-0.018796570245074043,0.0013648405235088396,0.16251792852476804,0.11212824902780714,0.05551945295110938,,,,,,
2020-01-16,166.111872105,166.921972857,159.110221961,164.021142715,11163152078.07459,17649728777.810226,-0.0107580610123426,-0.0108163473597025,-0.3334423464375329,-0.4056286411352603,0.0329641444429502,-1.0336451937726916,-0.0679394571868395,-0.0209645160909984,-0.0646751442473721,0.01720849791848207,-0.030366609131003974,-0.005605571622418079,0.17253446373709735,0.03946703848898743,-0.03928471591898086,,,,,,
2020-01-17,164.35244995,173.114565251,162.461645764,171.31372806,11738055791.02523,18370633957.46792,0.0444612519111116,0.0435012040655795,0.0515001237042895,0.0502178338061545,0.0367709647443577,0.1092880935065316,-0.0033257164989696,0.0140702568733311,-0.0114039731897611,-0.049313571089758895,-0.006563046390197301,-0.043304948102593305,0.17082242439219508,0.04502895987078326,-0.3293954245022359,,,,,,
2020-01-18,170.422362258,178.527609388,166.570750061,175.453279152,12549934347.486732,18741392986.970383,0.0241635690197004,0.0238762492317812,0.0691663569261831,0.0668792391367901,0.0455619132250138,0.2143635989852508,0.0106467421248164,0.0051039116775255,0.0096847112369599,0.017987698991051133,-0.011147046475392115,0.007319729097064215,0.20438122953006357,0.045929410078852456,0.1264799456931156,,,,,,
2020-01-19,175.424381217,177.346880878,162.956929394,166.816860956,12273014553.100937,18517096928.24781,-0.0492234641480712,-0.0504762221221014,-0.02206543769221,-0.0223125208916101,0.0510157470620418,0.1130622197657231,0.0042566319784142,-0.0025797085125456,0.0070818562404733,0.0548694621897813,0.02533167001994545,0.060310670924745347,0.13861151816586567,0.050127169129203855,0.3166728839564439,,,,,,
2020-01-20,166.879341054,168.897640436,161.686194959,166.913569166,9735039230.54202,18035400763.63476,0.0005797268300444,0.000579558853363,-0.2067931486252221,-0.2316712447354016,0.0308546699081111,-0.5028462374377769,-0.0150372118820964,-0.0139108222670973,-0.0098277123926365,0.004148798619513186,-0.06079650434269228,-0.010718617492641719,0.14869920244284954,0.03080499139587867,-0.103545856390723,,,,,,
2020-01-21,166.740610993,169.575496571,165.457313342,169.545105999,8910265391.380821,18233595547.728195,0.0157658652088545,0.015642874970075,-0.0847221895699826,-0.0885276418329169,0.0139549332369098,-0.7934550307435533,-0.0200402444093286,-0.0101805400900575,-0.0179842285951534,-0.05887327229699276,0.11140905990585823,0.006549845186657743,0.021380952688160343,-0.017402589821440984,0.006224538981613126,,,,,,
2020-01-22,169.330949205,170.919489461,166.30537737,168.08898267,8577764785.13957,18313459158.001022,-0.0085884126257738,-0.0086255055738855,-0.0373165771878006,-0.0380306618206609,0.0188026401989845,0.2981642132848758,0.0048203902975146,0.010748859823329,0.00013662086886,0.00375304517865286,-0.06278733792880326,-0.04567466598595671,0.013681812065109463,-0.10346417319892089,-0.41718747941017975,,,,,,
2020-01-23,168.031373717,168.031839648,159.876987636,162.706119547,8251095643.532079,17778558313.293076,-0.0320238901889715,-0.0325478719573996,-0.0380832477679295,-0.0388273682021974,0.0289278267168573,0.4308066979470664,0.010879394023375,-0.0121883014208434,0.0156712380054217,0.02171861037585282,-0.026615379132058015,0.008444484539117447,-0.008049712532587615,-0.03962974648524779,-0.04177883818787098,,,,,,
2020-01-24,162.804696236,163.985473492,156.058022114,162.479678707,8486145509.029683,17491026576.93503,-0.0013917167997763,-0.0013926861370681,0.0284871095491248,0.0280888967791728,0.0350151005019329,0.1909754173181119,0.0125700973905934,0.007865971879886,0.0117725021775553,-0.021464966702856414,0.03758141781591505,-0.0013063518223733195,-0.05294360273523516,-0.04619407486335371,0.15019149206527826,,,,,,
2020-01-25,162.495360577,162.516464314,158.089066946,160.834470634,7617282553.042113,17428779801.44874,-0.0101256236231658,-0.0101772364536943,-0.1023860544299005,-0.1080152078258176,0.0184574899920895,-0.6403091616197756,-0.020324477014623,-0.0070024663571139,-0.0195563986436186,-0.03351653048803569,-0.0002017438048519879,-0.021270519223389767,-0.08699708842071095,-0.07441429401596156,-0.2196213185273348,,,,,,
2020-01-26,160.48994123,167.619646415,159.792469103,167.467813313,6683902752.820203,17757934495.344242,0.0412432897801804,0.0404154700893679,-0.1225344857201269,-0.1307176243803366,0.0210650255240606,0.1321438573739888,-0.0061751513927738,0.0051138188330177,-0.0074612532955141,-0.01054635885434298,0.00939470053849964,0.004477636423664097,0.0038946037907583927,-0.09160467262851867,-0.12100412151982898,,,,,,
2020-01-27,167.633777539,171.594883336,165.756880261,170.045386298,8467590810.830523,18357052800.064056,0.0153914530440693,0.0152742061666678,0.2668632569882485,0.2365439689069679,0.0228091959077233,0.0795496768198491,0.0067368643416206,0.0082788956302066,0.0026644333925775,-0.005957384172148094,0.0066078107740239755,0.0048542418276801,0.0185892511040633,-0.021994595282619663,0.026222396054426778,,,,,,
2020-01-28,170.001353182,175.33039901,170.001353182,175.33039901,9376107834.731745,18717739032.02847,0.0310800123840946,0.0306068086036992,0.1072934491283137,0.1019187036277649,0.0104080271677259,-0.7845864324508796,-0.0223485065116193,-0.0145550651477873,-0.0169589451866429,-0.016134128871713234,0.022105183436601117,0.02039805482820166,0.03355318473768753,0.008140305639102773,0.18551126724887057,,,,,,
2020-01-29,175.534499583,178.038546162,174.376318412,174.376318412,9932455084.434471,19178744272.00925,-0.0054416153923518,-0.0054564749124359,0.0593366948748028,0.0576429527026788,0.0141090879468661,0.304241773518993,0.0171580779001042,0.0171580779001042,0.0,0.03467509739805431,-0.0069148192399415415,-0.0005045466346641214,0.03672221539913714,0.02330264931059579,0.1279105859193308,,,,,,
2020-01-30,173.858517419,186.094468983,171.53885084,184.383165022,9152294841.784307,19256315503.998013,0.0573865000771307,0.0558002976459128,-0.0785465663844564,-0.0818030363932263,0.0445219138250649,1.149162388468548,0.0228195301324916,0.0079084272311945,0.0311428878640124,0.000470419142589662,-0.006560768191735233,-0.005916378022147936,0.12507038500244932,0.015206510253927845,0.07700212523404337,,,,,,
2020-01-31,184.390544122,185.251240549,176.426162268,179.595007089,11048926824.250237,19699054051.295044,-0.0259685201326741,-0.0263116556695617,0.2072302100460048,0.1883286530473881,0.0303806889911734,-0.3821743374535171,-0.0094747705266729,-0.0130496457605804,-0.0031068719777078,0.03428624330267926,-0.024803741955659264,0.00018022580398736887,0.10015141546995587,0.04202093977241327,-0.003984365571067183,0.05405890825888793,0.011180360994837019,0.04147548098774988,0.3161442918246819,0.014552833414190875,0.14063936321411896
2020-02-01,179.844590226,183.841900233,179.541019447,183.723384261,9652648260.786776,19824991337.475983,0.0229871489130772,0.0227269247332801,-0.1263723242694396,-0.1351009943987942,0.0102130058757655,-1.0901451820962746,-0.0232173221031053,-0.0082517267632319,-0.0217988281279686,-0.025864281088239814,-0.03456048908636173,-0.04119365147383968,0.13305557665693024,0.03215895611984669,-0.36470327663706215,-0.04185839469423641,-0.06047582476442689,-0.07177784679998138,0.36831738497521715,0.010612198014758524,-0.23308615513335473
2020-02-02,183.578449723,192.471393014,180.070329813,188.589445865,10635139992.48182,20432500253.97851,0.0264858043170335,0.0261411281722969,0.1017846817941505,0.0969313030683377,0.0440184711918281,1.4609473517232638,0.0357928492068485,0.0272808709040348,0.0236273591728657,0.00949047362664518,0.01346500076904554,0.015272073598893994,0.11878123473985919,0.059623394697623566,0.12189666470512783,0.016130129559545694,0.0007734259232346843,0.013567433633147719,0.34415816881996747,0.010348896208608764,0.010504379390651186
2020-02-03,188.538407503,193.88503358,187.498515667,189.906156647,11400969970.686195,20658301617.00258,0.0069818900838307,0.0069576295467372,0.0720093932703993,0.0695348249893247,0.0232541537996012,-0.6381255715179672,-0.0175753544210695,-0.0069662336775004,-0.0214640580513659,-0.0008483178544637301,-0.03811889390053252,-0.01312180035014951,0.11046465811992859,0.042072764646039915,-0.19818532951521828,0.0014330294639407354,-0.05599693130974581,-0.015184236541338422,0.3483193968267513,0.01196852479427118,-0.05814826410716023
2020-02-04,189.809543363,191.150456692,185.153936423,188.781874021,9444011536.487234,20444865956.926395,-0.0059202010395578,-0.0059377949035734,-0.1716484158129202,-0.1883175961384068,0.0222837990899489,-0.0426238578934845,-0.0016353973532733,-0.0147109363882941,0.0135514564171788,-0.0007110596973360639,0.046962436052403723,0.017486660994734615,0.07392005461265592,0.0009532686903876333,0.1669549479971124,0.010318646668885822,0.029240235406891132,0.014596540920745443,0.33334229612696076,0.009405674492540528,0.03240544185612326
2020-02-05,188.713226696,206.483771959,188.263691458,204.012524677,10214978765.33949,21368770778.02115,0.0806785647985768,0.0775891445772791,0.081635566186424,0.0784743087045623,0.043812036762967,0.6760486753386075,0.0118417679267645,0.0235486132483534,-0.0081099231342611,-0.005993478298124064,0.00129458683732004,-0.0033679149556974652,0.15696567410237103,0.003956492316808838,0.14635966922998112,-0.03187963379744993,0.12502901179656167,0.06568993900733519,0.34902106102049474,0.008398837687556624,0.2954661172317916
2020-02-06,203.772063288,215.293372166,201.93260916,213.004357797,13981628670.458187,22798639262.37241,0.0440749073334405,0.0431312372059034,0.3687379084819382,0.3138890805578554,0.0359703632936017,-0.1972132340063499,-0.0029690702604988,-0.00867099708459,0.0081588326632507,-0.004808504063369558,0.0429514474424732,0.03354753093833032,0.14429661366236154,0.06531656400131833,0.23883722475395253,0.00019755886841611725,-0.0010008416058293335,-0.0008417450918070946,0.39726342753374017,0.017297479614685324,0.048118870848430584
2020-02-07,212.950282996,224.062227744,212.950282996,223.475309935,14983717369.505114,23920901344.27122,0.0491583939704143,0.0479883132208835,0.0716718146838102,0.069219872758436,0.0198645807120796,-0.5937570753856152,-0.0211898594913228,-0.012695998599224,-0.0220008548260042,-0.016684321885541822,-0.07197822482903896,-0.06911243509740855,0.2185965825528069,0.05023400116191419,-0.3121562721230342,-0.03114766932926305,-0.02134902390089613,-0.03044463339090553,0.4610071805181724,0.018328280779534127,-0.028650159713777823
2020-02-08,224.640472186,226.84606968,214.530925974,223.575235985,14418900263.96583,24258530893.07238,0.00044714581682,0.0004470458769199,-0.0376953923789833,-0.0384242384975895,0.0393584090546663,0.6837713688316023,0.033653362177676,0.0003618602931586,0.0436059808528677,0.0314281829263814,0.04538678556154945,0.05437760996669691,0.19631670369644671,0.057651631891159794,0.3067673256953469,0.05011389066527948,-0.04554402370410218,-0.015235568339636393,0.4822871089671242,0.01966345220482458,-0.01439161263598443
2020-02-09,223.161739128,229.584448992,223.161739128,228.184812911,13672722983.317232,24715676760.30175,0.0206175648465345,0.020407899813703,-0.0517499439616323,-0.0531370393165128,0.0145309901575886,-0.9964260300086004,-0.032031524447897,0.0012599774366202,-0.0436059808528677,-0.020734891867096705,-0.0030923373961640327,-0.014502825212513781,0.1905834753378529,0.035080367368514755,-0.12596596992676945,-0.03160424655949916,-0.012126573916480726,-0.029738725156606582,0.45748176537034557,0.016749212024957078,-0.11892826231044351
2020-02-10,228.291970679,228.711520692,217.959628741,223.586359726,13466778794.72034,24238035442.992184,-0.0201523191939752,-0.020358147146618,-0.015062412136059,-0.0151770023922201,0.0314915575900687,0.7734358758965492,0.0217862192559163,-0.0067214982026428,0.034358180725211,0.03626287577463299,0.006914104857783196,0.027953768197517187,0.16326769864449747,0.02317336081193838,0.17159897157572201,0.05840998874316164,-0.022189587582332103,0.03190143839386693,0.44680617412981477,0.013974602018398764,0.07277097052329307
2020-02-11,223.180236636,237.159865603,218.434392303,236.458583651,13695887436.4544,24557459122.03837,0.0575715975731909,0.0559753342073827,0.0170128762955459,0.0168697780438396,0.0457403071097467,0.3732604059250506,0.0084479288023905,0.0069625631494687,0.0069237850516294,-0.0449551104992356,-0.04512356135147251,-0.06365933032434686,0.22518082775545373,0.04606964438973057,-0.30024077721333065,-0.07397184470942905,0.057068531562977885,-0.007875830652150223,0.48748801909510076,0.01691874684496282,0.024806178824269276
2020-02-12,236.368397826,273.468336649,236.368397826,265.897084944,19873999516.34571,27700565378.39896,0.1244974948190067,0.1173362645970609,0.4510924982814188,0.3723167198243499,0.0726286472613779,0.4623795315565076,0.0205731969459082,0.0505662800573892,-0.0412819657768404,0.06486931414335584,0.026637661595070788,0.0687733593310189,0.26492794777523543,0.09738314827727503,0.48901560867769556,0.09657421289558282,-0.10912772805679022,0.018959487754842963,0.6143324091157825,0.03848384919671506,0.2149373612774177
2020-02-13,265.466740969,275.644472039,259.062907998,268.004209753,24172902881.40177,29119590647.293377,0.0079245878511369,0.0078933532107518,0.2163079133377432,0.1958199696950374,0.0434693171656779,-0.5133040976741823,-0.0205503655177419,-0.0314598920693604,0.0287848526153715,-0.005714169284865858,-0.04995289876992489,-0.018537586589530725,0.22969006378008405,0.09340370353377317,-0.18480600060872154,-0.01484859981167598,0.24164087969426964,0.13515047543153924,0.47926463760177035,0.040199364924502566,0.2300556783888823
2020-02-14,268.270458904,284.704467002,262.116265841,284.704467002,21852616416.01798,29619636232.79473,0.0623134138989511,0.0604489959470687,-0.0959870842475019,-0.1009116313551894,0.0452887404055634,0.0410031087218412,0.000370409659526,-0.0325197416748997,0.0150148252706727,-0.08516847177606542,0.11415466999030771,0.028986198214242295,0.2421507465062691,0.05836634680174429,0.17747892211821492,-0.11963604478029659,-0.0478972969581688,-0.07589153728741097,0.5406399984996735,0.014467459351297406,-0.17016044739161873
2020-02-15,284.609257753,286.995320979,263.844475078,264.160962717,21444866296.894302,30160560279.45076,-0.0721572952519065,-0.074893059756413,-0.0186590983597183,-0.0188353755619105,0.0372761787207301,-0.1947039629878557,-0.015817786499386,0.0263090845931727,-0.0342698135929908,0.14441922699791065,-0.046815527474029034,0.04519235144875694,0.16681064087293623,0.05637288417612067,0.19048591949848648,0.21498114311289734,-0.028649025834159042,0.07731564439475438,0.476563286102963,0.028517038338993585,0.1813927222020395
2020-02-16,264.897053215,272.994670342,241.503198587,261.544872792,20684379742.052723,28631061013.7936,-0.0099033933632453,-0.0099527581529917,-0.0354624059815992,-0.0361064696682297,0.0863075580727482,0.8395626908757063,0.0650838662007263,0.0096095477021756,0.0763251710243079,0.0013550577396249375,0.024547394500405606,0.012970353702441595,0.13644998290624136,0.05325801657761236,0.06689448284550181,0.005012862865319434,0.048137937895710886,0.035315477281853525,0.4231093238843918,0.024168359276392402,0.07571598741956431
2020-02-17,259.950243061,267.853646554,243.459143357,267.853646554,22974885011.57146,27593003142.52517,0.0241211907335581,0.0238348699402091,0.1107359900602669,0.1050228497093362,0.0649061172439171,-0.2849752975900639,-0.0139542896515448,-0.0359186322953484,-0.0067435673815216,-0.014021177045543703,-0.025676232134858076,-0.024863362449270593,0.1806429999930686,0.06796765394386976,-0.11507385617832533,-0.035662283376058895,0.03815208726375788,0.005350161543905219,0.4230679445928197,0.027445159741104883,0.007249969647613819
2020-02-18,267.30948437,285.119695403,260.887432488,281.636860789,22461835255.877247,29572853693.25299,0.0514580048183934,0.0501777770068008,-0.0223308954728527,-0.022584005126146,0.0537722101733537,-0.1881850815364956,-0.0275962653556143,0.0281560919564284,-0.0359715724489148,-0.07127339137355568,-0.0662103048818262,-0.08697429637379944,0.17484544279248665,0.05881625311960392,-0.6263502589570527,-0.08324283570929455,-0.05243318419383464,-0.08856433681514458,0.5237219437217219,0.026114791815064677,-0.188822992137325
2020-02-19,282.222773883,283.673574221,259.726718282,260.430120516,19868006599.69484,30223487932.828384,-0.0752981701812389,-0.0782839395762767,-0.1154771471980998,-0.122706928743878,0.0373415215936117,-0.3646509072081545,-0.0257663271576401,-0.0072194253710411,-0.0281512138297498,0.026548710973072397,0.08448823655749566,0.06081417995597962,-0.020774761380851017,-3.905134540628899e-05,0.3747347068749387,0.1285736791530791,-0.014811901733352617,0.07120701030432702,0.44485844529208196,0.025312367849435698,0.15501945238467396
2020-02-20,259.543295194,263.765444223,248.543575335,257.760443074,19767198242.20545,28038273647.465416,-0.0102510317804654,-0.0103039354621797,-0.0050739039663364,-0.0050868199251458,0.041812981213566,0.113100959688507,0.0183926689188197,-0.0016591670187933,0.0247209386797683,-0.0018892089905866022,-0.0017362652139397555,-0.002564897061347632,-0.03897205005378259,-0.029129406592677442,-0.016374701609035203,0.008421483076469588,0.01824814392789273,0.018114094088777455,0.41891163485982724,0.02642815975280948,0.038064116361772315
2020-02-21,257.47859774,267.225855924,254.812258504,265.350861941,18123916533.392155,28521847429.685715,0.0294475706841521,0.0290223192186587,-0.0831317462737172,-0.0867914880110384,0.0279454973037545,-0.4029507582991098,-0.0179978418412317,-0.0031023395559521,-0.0191704533857816,-0.05955316541847278,0.041610410160095895,0.008238114778560846,-0.0703987267821926,-0.025334014232441273,-0.0469450372955067,-0.0332044582264841,-0.004296511260896585,-0.02749787597035036,0.4565594596523715,0.02267404646950837,-0.05602685263054763
2020-02-22,265.233546472,266.318405074,257.836797263,261.57099353,13993971505.805338,28456047300.98061,-0.0142447941693154,-0.014347225152183,-0.2278726576552953,-0.2586057913366074,0.0211915633071451,-0.2766529431058946,-0.0042322412508045,-0.0076066199398425,-0.0003725545649009,0.0540493078087405,-0.03845358944468541,-0.009825698491189513,-0.00985289217796261,-0.052631593300975006,0.027125882773513244,0.02443918613925186,-0.05024285549907348,-0.012135423467537987,0.47476010645758815,0.013396874278559458,-0.030473560031811786
2020-02-23,261.749328566,274.338022269,261.660064303,273.581400132,13681292041.538204,29282473975.72535,0.0459164314816218,0.0448934690300701,-0.0223438688679207,-0.0225972749339832,0.0190855540631194,-0.1046714281462861,-0.0098728309347287,0.0028214615149249,-0.0162683456265629,-0.01784692713129544,0.0015290341049360723,-0.010075155800876395,0.04499333500509928,-0.052128714657477315,-0.08973270941253642,-0.0643115858547322,-0.025059408979207304,-0.06716780914845952,0.5210462616247264,0.011966439176810239,-0.15131069006893316
2020-02-24,274.679523235,276.228178065,259.527770733,265.413074717,15342793708.636574,29081886449.42304,-0.0298570202910684,-0.0303118165854956,0.1214433302098831,0.1146165433491136,0.0385961929441053,0.7042219261000735,0.0266511530633905,0.0035950000550837,0.0317717355344413,0.0061802376493486424,-0.018300352224634983,-0.010114052047271602,-0.009153351520605495,-0.060087236846123646,-0.09910936065056752,0.048159571158666176,-0.07577863502199857,0.01260834381302614,0.5009116814929251,0.01753417796777902,0.0050783441189279355
2020-02-25,265.583183436,267.79791085,247.440846867,248.891182664,16373729917.104172,27942089874.027245,-0.0622497292969331,-0.0642716013472235,0.0671935129967415,0.0650323176344562,0.0386992756665294,0.0026672400177987,-0.006728097158481,0.0096732961609137,-0.0153348668011424,-0.04207052487760799,-0.04141268740052395,-0.05901307518944164,-0.12360272987462988,-0.05066275178000358,-0.5335683137814033,0.06358797517498593,0.020642872254383007,0.06661484635414094,0.3962246100563336,0.021566553539750854,0.10171412395768642
2020-02-26,247.227625726,249.683009867,219.469030196,227.483093147,18288182164.401527,25531807841.74804,-0.086013852671915,-0.089939863739029,0.1169221830938775,0.1105768516744906,0.0751123995213503,0.6631647687169542,0.0400915919127547,0.0056771242406187,0.0450210964908336,0.08408526978304276,0.04983145074730293,0.09663917842796153,-0.1352586540373822,-0.013577132832998535,0.904241727606107,0.07209083139356609,-0.06765310155532311,0.06394185379227268,0.29101054015063665,0.021393109769497404,0.07209811909635677
2020-02-27,217.74928598,237.254346367,212.032209754,225.03226774,21295881650.226955,24666125572.05743,-0.0107736595854016,-0.0108321156924291,0.1644613695766876,0.1522586363928574,0.076799435848291,0.022211642450884,0.0061801822364734,0.0370237624629607,-0.0255666028820922,0.010051666924122238,0.029942107831440384,0.02655615271995654,-0.13578683426763163,0.01314049778081943,0.17426454935224123,-0.0030488648838353782,0.07905689518538016,0.005873126948778673,0.2495716158545083,0.02536573083042794,0.02001488466093848
2020-02-28,227.253195178,233.357772888,215.357370087,227.739811505,17413289895.91313,24515322258.124027,0.0120318023374685,0.0119599956061642,-0.1823165538803811,-0.2012800024613198,0.0567466815332134,-0.3026001149351653,-0.0178036934406829,-0.0419431914537956,0.0150354019350945,-0.03149165108046849,0.018989547223641476,-0.0067352205690336675,-0.15284915788012604,-0.00608704573179538,-0.036415237344558316,-0.005335053354143693,-0.017359493215963917,-0.008711896809802111,0.26698808637310845,0.01559702333708759,-0.020276994355296285
2020-02-29,228.441802446,232.555505428,219.008177245,219.281186467,14837537619.78141,24599185846.40877,-0.0371416178054327,-0.037848936986233,-0.1479187615624687,-0.1600734064195776,0.0339728323192642,-0.5130360236935081,-0.0272408361655096,0.0069717663333608,-0.0475767093558046,0.022947209520826545,-0.042337311703260994,-0.014715731634251578,-0.176350869714176,0.007221668587905582,-0.06420780725866404,0.004585284806100709,0.03628884203346733,0.012683445725953646,0.17333885174096267,0.011692750990458944,0.011789411479385503
2020-03-01,218.382464879,225.793358324,213.4343117,218.553323119,13121312388.824162,23908687483.06864,-0.0033193150754387,-0.0033248362227275,-0.1156677930621841,-0.1229224872361046,0.0398008684874723,0.1583275775729888,0.0071943243503991,0.0005911706357236,0.0160582754154463,-0.07520420330365699,0.004401950791524195,-0.04398473180179585,-0.22456917496697368,-0.004788095019015347,-0.21779163236439003,0.011785138254473804,-0.07976048931873582,-0.0013930197953435641,0.19632567118779679,0.0042284689496666665,-0.05666738429502072
2020-03-02,218.387728515,233.534163838,216.855022853,231.27030835,14173996849.20794,24521418837.6896,0.0581871053229225,0.056557165931627,0.0802270709811301,0.0771712699449574,0.0384235584297891,-0.0352179610908098,-0.0071194006502751,-0.0074209934697101,-0.00201632013779,-0.0013891356460979873,0.05129566201000629,0.04843774918591373,-0.1377001924498509,-0.010068253576560594,0.1473920347888238,-0.04625236777434877,0.051260032897771216,-0.03903942314430342,0.23015591238614383,0.009163709402057973,-0.03983558160226952
2020-03-03,231.662471441,231.988728798,220.965678845,224.141985089,15118211689.47201,24693731527.69264,-0.0308224748427806,-0.0313074793746508,0.0666159905571612,0.0644910111563285,0.0276445373760343,-0.3292426270583521,-0.0063726685194611,-0.0185991102991618,0.0046849154108195,-0.0022405422717596546,-0.04749245856544862,-0.046177120082521575,-0.10473607047727819,-0.010929426969075194,-0.361235106983238,0.011691585072437782,-0.010651478620968782,0.009339910204226476,0.17270730483919616,0.009003969030297997,-0.02054852924803674
2020-03-04,223.90173482,228.321549628,218.416450113,223.857502181,13852813891.307665,24411801481.9744,-0.0012692084791121,-0.0012700146063617,-0.0837002301697852,-0.0874117082057901,0.0313609202433759,0.1261343943506485,0.0046729856121444,0.012687381073421,-0.0012704668353902,0.0379568743578091,-0.0543563239236705,-0.017770627535071984,-0.016066221344610967,-0.039595812896184884,-0.23569674398915952,-0.0017671313603445649,0.009824022813947217,0.0001779473498607076,0.16447966068609698,0.004890295039707384,0.0061352050799499125
2020-03-05,224.301180161,233.586211106,224.301180161,227.689300197,12452992052.827,24984078551.368603,0.0171171302219828,0.0169722827276053,-0.1010496386845291,-0.1065274614793605,0.0271254791549554,-0.145089063143649,0.0006402878811923,0.0125582521114455,-0.0247047255341136,-0.0441031256133803,0.025687650627971015,-0.011204370616108392,0.011738177075423647,-0.08395434763802152,-0.1959454429721923,-0.008980943461951552,-0.047363486255554546,-0.015525463740889922,0.18738973831727593,0.005969024117693386,-0.06391558764173944
2020-03-06,228.305974732,243.931534048,227.777699888,243.87209343,13692445973.306034,25629907533.39059,0.0710740171760309,0.0686618994193676,0.0995306120184715,0.0948833723881524,0.0258225696871347,-0.0492245728101963,-0.0190023931481056,-0.0281877910971952,0.0125762049019861,-0.022511924601315972,0.031492005401546716,0.026278612007809093,0.06844008088862696,-0.03754707992027629,0.2901323322542626,-0.07538625429369691,0.020072080980884078,-0.07251724549270319,0.1784624931593644,0.006854286437660789,-0.2113329994949067
2020-03-07,244.460777528,250.541975576,237.337621367,237.589797378,14232754402.633663,26407124846.170444,-0.0257606188704951,-0.0260982343562011,0.0394603294678672,0.0387016644976265,0.0339374369553568,0.273269836430158,0.0233449443557871,0.032098158045705,-0.0069723399672657,0.08139559349573185,-0.04560812204967244,0.0034762512815432883,0.0801907835186588,-0.006238312528355973,0.16461402636086664,0.0012975874272826704,-0.01919242692987235,-0.0012651878640435876,0.10923302159725991,0.0004931690211099807,-0.09006208848540442
2020-03-08,237.646846654,237.646846654,199.555331734,199.971510806,14767672602.756908,24328453234.67804,-0.1583329208036241,-0.1723707358065987,0.0375836036364305,0.0368945516944223,0.0612338388675446,0.5901812193617775,-0.0174695117502715,-0.0361148263850944,0.0134736339592741,0.09057959454778396,-0.03586406705750203,0.07776751664332301,-0.08885511606521246,0.01689174194092261,0.40891117289474566,0.06006089291475297,-0.0064681302868560935,0.05944200290504059,-0.11112602743022239,-0.0004242612439987508,0.19462452955197884
2020-03-09,199.661593498,208.03754661,191.870951582,200.908224197,18677623019.65456,21842094396.77833,0.004684234205285,0.0046732973208931,0.2647641589892588,0.2348856692165966,0.0570708311123885,-0.0704068119079166,0.0380611882099738,0.0378548074811639,0.0237225374906771,-0.04445617308602284,0.0794265467912329,-0.01535247397818626,-0.14073898467594634,0.04480066070895902,0.0964052493384826,0.0020275131482036524,0.0676794756391597,0.013003727511443353,-0.10689977598624911,0.00833011489861278,0.11684909358316209
2020-03-10,202.434757916,205.738928545,197.224093405,200.615887326,15684378003.296276,21950399282.259983,-0.0014550766757728,-0.0014561363278804,-0.1602583483566659,-0.1746609920177655,0.029356417551639,-0.6647819691716768,-0.027934108741109,-0.0176494659685667,-0.0217132734346191,0.02654382582715087,-0.010183078790338071,0.01735107279610304,-0.11088764162917603,0.005492636177528838,0.0542094270932878,-0.013268160877223822,0.00462669222385044,-0.011433920641729323,-0.12876381212783275,0.003910821752111087,-0.014457157651817987
2020-03-11,200.643536449,202.770295233,182.947947059,194.640330801,12545190706.132994,21325048250.95888,-0.0297860583458664,-0.0302386733978147,-0.2001473884717354,-0.22332780387734,0.0702487763367654,0.8725317110628485,0.0492259834388694,0.0005662902882447,0.0545432068824486,0.009069678308217005,0.02941077185405884,0.02288434859288349,-0.13985630042062897,-0.012731776070080844,0.14885193345896974,0.026243606810354037,0.022958816172748434,0.032137514490342245,-0.13864433837902934,-0.0017897443594037702,0.11624445629258506
2020-03-12,194.448650545,195.021217706,107.008379492,107.008379492,15189358319.210878,16914804881.326963,-0.4502250430235591,-0.5982462536218957,0.2107714163153553,0.1912576906150124,0.205722059199725,1.0744831412088167,-0.0364218004619349,0.021237129538952,-0.0756299698325014,0.11405503009803658,-0.11236111772757562,0.0797963956902793,-0.75507483677013,0.026459999113283398,0.6061907958585993,0.12506955778210288,-0.11097135331925706,0.10595087256333324,-0.7928659262083076,0.002898744908373656,0.47629896324810306
2020-03-13,108.136949222,138.121224506,93.028377133,132.4093142,22030640951.208355,13465711592.543434,0.2373733237395581,0.2129908455661869,0.4503997132877497,0.3718391827804302,0.2495232387275187,0.1930260214694277,0.2099026451888339,0.0596573740463241,0.2304850399806528,-0.15600623457754392,0.5839903181750429,0.3160698407102955,-0.6107458906233105,0.07656370285832888,0.4515805775689772,-0.19196665151172132,0.6083942743344638,0.2185292862206865,-0.6972113452391817,0.004171150047767612,0.30334558277392365
2020-03-14,133.992935372,134.20557666,122.017448407,123.395869415,14719502280.77803,14042308431.351326,-0.0680725886955768,-0.0705003521962283,-0.3318622770269113,-0.4032609545806389,0.043705569769797,-1.7420765033803447,-0.217489298483778,-0.090126660970823,-0.1980547755279834,-0.1251798990141097,-0.06926231366668512,-0.08252796979359134,-0.6551480084633378,0.0042934141926400365,-0.11619175137364579,-0.006960341266825848,-0.0614154102021921,-0.05932644459272163,-0.7756050506461619,-0.018414203946988908,-0.054298650025878914
2020-03-15,123.042809514,131.600807866,121.279386863,124.502642483,9018642945.12451,13484627613.015388,0.0089692878152811,0.0089293026676654,-0.3872997352022007,-0.4898794270688045,0.0572867337828339,0.2705935261344034,0.029662933405591,0.0495199147300855,-0.0129714994636545,0.14525034396504627,-0.042960169327881215,-0.02110613228951297,-0.4738479699890734,-0.05192639621736259,-0.07085997642257902,-0.1551405273630553,0.023873279106060186,-0.01984403524689715,-0.827124743925565,-0.02555453800923548,-0.0402860609529298
2020-03-16,124.377190867,124.377190867,103.29195307,110.425878106,10997643817.125843,12325807939.537008,-0.1130639807819507,-0.1199824309336418,0.2194344408624342,0.1983871781983752,0.1085601836034398,0.6392356319868053,0.047296930880978,-0.0610593891453806,0.0919232073424041,-0.04487763568847952,-0.10666950739926978,-0.11497762029442132,-0.5985036982436086,-0.07386152183687587,-0.15859502322245456,0.1806658192920817,-0.14729454822925686,-0.07774258275934931,-0.8722141151027939,-0.021295344670320626,-0.055695808871145114
2020-03-17,110.131637348,119.040062528,109.831727661,116.672575198,11485836831.622955,12669567187.27911,0.0565691412116613,0.0550269995783127,0.0443906915531202,0.0434336450810962,0.0442166530043128,-0.8982032238584523,-0.069820801961186,0.0395292993443511,-0.0985458757328339,-0.024033726590869817,0.05211650288974695,0.045497063036288365,-0.5420205623374154,-0.04281119332215981,0.04663188194032042,0.023200583856787693,0.05884697838679842,0.06232616835489513,-0.8072343573714895,-0.019133012579276305,0.0674041671357235
2020-03-18,116.20147987,117.480339295,110.999277954,117.290632819,8427429833.56682,12569080534.62266,0.0052973684685635,0.0052833867679614,-0.2662763752342092,-0.3096228542906112,0.0397052433555845,-0.1076182295090171,0.0088650296176315,-0.0353234856397641,0.0374144036606005,-0.037674067888220114,-0.00386139683100023,-0.008983469284820633,-0.5064985021716393,-0.043846599429386623,-0.04046333205251662,-0.04800488678105383,0.012179137655847938,-0.012049530922689566,-0.8257858405437372,-0.031026482857381455,-0.01908783064784092
2020-03-19,117.536701356,141.272704679,115.877339538,136.152129013,36623756445.27088,13827166500.559216,0.1608099107377705,0.1491179604026778,3.3457800502113777,1.4692052708460632,0.1062248151810546,0.984074492697494,0.0448815487043793,0.0782015847330869,-0.0023695265481345,0.060674293207389554,-0.17394092193212196,-0.15595400907933682,0.24086571185293426,0.20970539738051538,-0.48242681173520874,-0.17801202581779402,0.15555829678083666,0.10356938142800831,-0.7268456571478602,0.030216521752908395,0.06561500687165728
2020-03-20,136.118806081,151.002226905,122.107298349,132.025663106,13363195754.2957,15197520934.739985,-0.0303077589525317,-0.0307765350984418,-0.635122197957352,-1.008192770378221,0.1489818721501516,0.338266889004513,0.0544222960224873,0.0356420044735298,0.0442245351501656,0.027348008735861934,0.013311531883842598,0.023495814875734933,-0.002901668811694618,-0.07958190885159608,0.037796976869227006,0.15311344374144598,-0.050808407467802796,-0.01648067249810703,-0.6793382526700252,-0.013765684409372448,-0.0006480595789677968
2020-03-21,133.107993025,136.684380659,127.012198571,131.558644018,21781866530.1902,14524123248.275312,-0.0035373356740882,-0.0035436068391019,0.6299893326929866,0.4885734704371256,0.0513827979379394,-1.0645211891437063,-0.0981348179076939,-0.0862154526933488,-0.0515017277220573,0.04131519717540105,-0.046994237362015495,-0.017087972513651573,0.0640550765454319,0.06531439636969728,-0.011556901143805476,0.013878078442392305,-0.0053663440476232616,-0.00020298817763009236,-0.6725779240469475,0.004283795693917183,0.0027738029566735656
2020-03-22,131.840684639,135.830642473,123.305883425,123.701864468,75975977548.40855,14353949740.47841,-0.05972073981642,-0.0615783625375066,2.488037971544082,1.249339392324657,0.0557757984924881,0.0820366105531027,0.0032068820814404,0.0209741059974493,-0.02595522020691,0.028676752209782747,-0.022712944188189754,0.003047707364153107,-0.006452588659740259,0.4696583951401749,0.012063884186900742,-0.04770537540062211,-0.04755661337240591,-0.06085198596477259,-0.7631786058031128,0.11577918318778545,-0.06444858232146161
2020-03-23,123.488411741,135.083723308,121.565962566,135.083723308,51833881395.340576,14102016155.783638,0.0920104065443923,0.088020407079862,-0.3177595989164561,-0.3823731889927844,0.0494682829312179,-0.1200083411883827,-0.0141284067323586,-0.0528080562153043,0.0260251412238698,-0.009169656379572927,-0.15926142661279305,-0.07965108864197049,0.2015502493537637,0.20585500402761617,-0.36757533307983037,0.015612443232691314,0.07475913507861653,0.0759387682228343,-0.6608109735710676,0.06906831112913733,0.07056436449834003
2020-03-24,135.532095896,141.602691852,132.712477413,138.543429936,11303396253.388798,15101369615.983517,0.0256115729066159,0.0252890911559162,-0.7819303523273317,-1.5229407824804184,0.04376733371292,-0.1224439818531535,0.0024656482816654,0.0309356702876423,-0.0106073112844455,-0.037315156748912115,0.07700394376287698,-0.008147036192081708,0.17181234093136752,-0.0008315405044217638,0.012197936596480163,-0.13396234350143615,0.03550149163526495,0.008185297022667348,-0.6804153514452213,-0.0042026397124676415,-0.014286887324719943
2020-03-25,138.529956972,141.298798573,133.901670712,135.969074848,10361114819.707329,15074721381.083397,-0.0185815746671583,-0.0187563809633014,-0.08336268255649,-0.0870433948365483,0.0362100793692045,-0.1895502178008135,-0.0073403942726243,-0.0033509051857621,-0.0072487223494703,0.01189766218511154,-0.05307858284518178,-0.011901859793986197,0.14777257320010473,0.008778506802227968,-0.13840098504777454,0.012739516644158268,-0.02569706950221229,-0.024199627865172824,-0.6688599158230271,-0.008862188071040144,-0.0319371083683434
2020-03-26,136.062452457,138.207720708,133.848875651,138.207720708,8291805623.359117,14942715553.076674,0.0164643751713586,0.0163303069117244,-0.1997187785635082,-0.2227920862896634,0.0204682438255009,-0.5704629122951879,-0.0128720066864168,-0.0275847651018802,0.00010928095654,-0.06624236495409017,0.07276463903262656,-0.015030008111099752,0.014984919709151197,-0.13703232209885932,-0.06837684063354121,0.013979174068180819,-0.008954220556251502,-0.0070634231532379355,-0.5882580075640791,-0.014546575000738882,-0.0344706366237304
2020-03-27,138.272183236,140.039554183,131.713810213,131.713810213,8250116076.044247,15102739895.142128,-0.0469865971432964,-0.048126311568799,-0.0050278008444174,-0.0050404827610418,0.0310855051069772,0.4178670334145096,0.0049742605574143,0.0279012100361575,-0.0229269494787432,-0.028927339321622836,-0.035168687611222646,-0.045528658774221575,-0.0023648567612059583,-0.026862416257604164,-0.3514710319840435,0.2113294702552607,-0.07821783685510564,-0.007129777351907229,-0.5464444553938491,-0.018367111563606927,0.043865938302802665
2020-03-28,131.850392067,131.975853576,126.059560096,131.050002169,8111606820.691839,14208110195.87638,-0.0050397755780241,-0.0050525180778847,-0.0167887644338234,-0.0169312932466062,0.032209525100571,0.0355205825753479,0.0139369727937867,-0.0253136014238312,0.0417580869315305,0.00745549242105871,-0.0072050749435968175,-0.0005710375645625737,-0.0038737679999887613,-0.0755776814704538,0.001242425140943304,-0.04888930162977462,0.009427568749721282,-0.013535311822536533,-0.5406648577793045,-0.024648063165150023,-0.025351080133880877
2020-03-29,130.990089377,131.116210368,124.808348341,125.423225043,7682366877.8732605,14171270929.08978,-0.0429361086064218,-0.0438851275909287,-0.0529167589488723,-0.0543682899218151,0.0220665651978167,-0.3781986434057507,-0.025096123840729,0.0039484146316241,-0.0263445558840092,0.054492597901920584,-0.0559331351234956,0.02292845705447162,0.013819466946588971,-0.4979155294270599,-0.003426350393167521,0.001332562244161839,-0.03513188796747568,-0.0312168304808772,-0.5965099809763976,-0.018589782416084773,-0.03007312243409882
2020-03-30,125.051241121,134.103338729,124.700347956,132.415454403,7888248583.709354,14417090285.12961,0.0557490796270212,0.0542505430598297,0.0267992545928876,0.0264464440629755,0.0371162811004729,0.5199921410501518,0.0157216976123304,0.0232165030370479,-0.0024257416827792,-0.07465544669884372,0.04857390141416229,-0.041654224755128214,-0.019950397073443326,-0.5365376645392751,-0.19162930553022894,0.04320183755834034,0.030777536862985566,0.04711915614720241,-0.5044105009303349,-0.013490553283768913,0.056610029243990445
2020-03-31,132.154688721,134.60485156,130.783622252,133.364760282,7958860154.116491,14623432567.05758,0.007169147160956,0.0071435709922417,0.0089514889975657,0.0089116619179189,0.0195602890108425,-0.640554276925223,-0.0131286417225217,-0.016713078498487,0.0012887462413569,-0.020397024229720194,0.013340630564297032,0.0014972343463895282,-0.038095917237117916,-0.055556244120917204,-0.040994528897515536,-0.0016883288875807478,0.005533118580773988,0.00408228288146828,-0.49394209371536546,-0.010140943883700732,0.003454771806989998
2020-04-01,132.994241753,135.469230635,129.197354341,134.912692355,7762114817.492286,14534627264.210337,0.0116067548108427,0.0115399131449212,-0.024720290696708,-0.0250309677901623,0.0323157145331871,0.5020521898694468,0.0171298599675345,-0.0043270203549865,0.021132333323595,-0.0010374028267618463,-0.0012043778493707052,-0.001503079247956729,-0.00779962312889526,-0.04540944866235777,-0.03934444052699959,-0.07407425074644186,0.027958855990204312,-0.005061905036499836,-0.5389593465020714,-0.01274017377847927,-0.024477306154087497
2020-04-02,134.857063831,147.30560625,134.857063831,140.917345023,10034955895.688004,15276177857.224115,0.0445076928136589,0.0435456670554887,0.2928120920182429,0.2568197620966468,0.0561379493278718,0.5522584124685923,0.0261017028030663,0.0538542502221,-0.035408868929694,0.02018935865255212,0.029537789330418396,0.03514574789199301,0.019415737014868976,0.03068265501782561,0.35893110502372183,0.03412929159272671,0.021562980084530947,0.032691164086472546,-0.4641062000719319,-0.010216870763908838,0.03831726160910026
2020-04-03,141.272194341,146.031540698,138.53750517,141.163267686,10602273859.710106,15702595664.757122,0.0017451553814036,0.001743634367098,0.0565341761258639,0.0549939059898321,0.0372483935322996,-0.410203225195084,-0.0239602995818117,-0.0290490824219971,0.0191578505493656,0.015739554670438728,-0.029237689688751622,-0.016379525770526357,0.06928568295076633,0.03996427229057252,-0.06441447404171674,-0.0024069736582523205,0.0018803488105817445,0.0008053288748570697,-0.46109255109847197,-0.006588427664230638,-1.7011942082034714e-05
2020-04-04,141.215555541,144.316118899,139.652962609,144.082239582,8179879982.047704,15668105902.169844,0.0206779847466613,0.0204670974151053,-0.2284787121815241,-0.2593910147942341,0.0195806570218512,-0.6430666249429313,-0.0190448900974023,-0.0275824513121384,-0.0005184868714136,-0.017746517732544875,0.0011667632071043071,-0.009343587015055096,0.0948052984437563,0.0011364738189391069,-0.07615232709141839,-0.025183370014613016,0.020896153703387488,0.010358349441537906,-0.457597736410972,-0.008727619235970136,0.0012096167971207827
2020-04-05,144.010828369,145.150346904,141.369760576,143.164730689,7575353955.932993,15813205348.008568,-0.0063679527446394,-0.0063883146441558,-0.0739040215066061,-0.0767774012261034,0.0182984938322102,-0.0677234400935926,-0.0010655669786207,0.0044841727453604,-0.0033574484296763,0.01737519817529483,-0.06461776724631407,-0.027400388509873252,0.1323021113905291,-0.0017819100005449131,-0.21044901146453565,-0.10949107719644692,0.01866055070101469,-0.010533535261707971,-0.5326479504744954,-0.012627934291438521,-0.0364429114784221
2020-04-06,143.164729866,169.820779919,143.164728233,169.820779919,11535643994.17995,17103249000.307396,0.1861914530325594,0.1707477150623201,0.5227861379527052,0.4205416424854984,0.0575766038177888,1.146297549258562,-0.0184517891007915,-0.0104193166608496,-0.0152377833572771,-0.06833812024021994,0.058963816412582706,0.0075412728056277745,0.24879928339301952,0.05901222999362854,0.3265392794460462,-0.11726472627043914,0.10593385065633254,0.0953667282527425,-0.33580200105597413,-0.005618890735715707,0.020631253921917392
2020-04-07,170.564744344,174.95734022,163.73440048,164.963310711,17553029602.361004,18807127995.59708,-0.0286035031185045,-0.0290205553344633,0.5216341290713367,0.4197848422836139,0.0420344238511524,-0.3146274033823202,0.0423964801590889,0.0386730607440268,0.0174372846384147,0.12700523799442362,0.005471951026747787,0.07368269537922134,0.21263515706631442,0.14040120962125954,0.38118963900579494,0.09764107285842297,-0.08988412866930617,-0.08271588675612429,-0.1924518205838387,0.005802202542718095,-0.12300579821633006
2020-04-08,164.857143913,173.169673164,164.170923963,172.788017549,14116847315.037016,18737803985.919106,0.047433012857678,0.0463424212300873,-0.1957600690687491,-0.2178576327657443,0.0238960877130955,-0.5647741465602332,-0.0244983454306681,-0.0282549440926158,-0.0028736180340915,-0.07001393137212818,-0.08413355507155863,-0.09535299280173674,0.24743766515148036,0.08320265124337702,-0.5078222794243397,-0.0444817929496052,0.03241698311972541,0.027282205813162097,-0.1507826966746446,-0.009518239531614603,-0.007298218451140981
2020-04-09,172.870783621,172.901974755,166.931814883,170.178764328,10992699000.375565,18826537968.94915,-0.0151008921684053,-0.015216071653581,-0.2213063756334364,-0.2501376039676273,0.0228523828287286,-0.0446593582773071,0.0080637672926144,-0.0087257393808613,0.0113431101401765,0.01996448221103317,0.06341185831092912,0.04272457581077144,0.18867592644241066,0.011960441104812983,0.1551795098273807,-0.01017615739642487,-0.012506468857362174,-0.013185435170450455,-0.16454263200034525,-0.009886893310115018,-0.020424802468190895
2020-04-10,169.876442281,169.952355044,153.492238898,157.644271357,12597805394.073025,17701498488.055992,-0.0736548594679016,-0.0765083918226216,0.1460156776459196,0.1362912985182746,0.0550567942202061,0.8793098813824058,0.0263449805552855,0.0041030445894627,0.0260783312323103,0.07246167957967696,-0.02669165493572674,0.0541475414300064,0.1104239002526908,0.02447020996706209,0.20137699645391072,-0.01797138307694637,-0.05774145864753211,-0.058594554120500075,-0.21081235042515212,0.0001114199711253336,-0.06578856819256595
2020-04-11,157.957912209,160.86796693,154.389427669,158.095047555,11721136920.780052,17465826817.168415,0.0028594518159126,0.0028553713602956,-0.0695889836261024,-0.072128837377125,0.0290611751653633,-0.6389621780299088,-0.0230356930421953,0.0120207235705865,-0.0287489256033043,-0.008963475213352196,0.008773755929512662,-0.00622526978714566,0.09281217419788115,0.04200306302634757,-0.03404010306800598,0.19580916483568406,-0.3410871461645348,-0.2655243651387217,0.390289274557039,-0.007371202034001986,-0.29035011169123914
2020-04-12,158.188123551,164.371297395,155.499633064,160.111920812,10328332720.539024,17624421181.45965,0.0127573462179346,0.0126766568071956,-0.1188284216501017,-0.1265029179219225,0.0385073894849399,0.2814470609498141,0.0095141685198356,0.0139121567067045,-0.0008962991450109,-0.007103870896154163,-0.04545823648047915,-0.01428802698758036,0.11187714564923272,0.03147636169497366,-0.1184157171875928,-0.06702580073553521,0.05523062269068363,0.012535498358863972,0.18997508579804775,-0.02528032434299821,-0.06354472363408603
2020-04-13,159.300556264,159.300556264,151.250189811,156.421702697,12659600707.783655,17019486049.997229,-0.0230477412068085,-0.0233174932374976,0.2257158101238012,0.2035250081345311,0.03487282641985,-0.0991422442299989,0.0029252260004945,-0.0317283021373033,0.0193707008259607,-0.07998808165504626,0.06352893750296952,-0.05035631150742492,-0.08218806265058516,0.012571337432978589,-0.3420649183601161,0.044750562568639796,-0.06826152023356852,-0.03638471504819035,0.23715794475677845,-0.0045168862683820366,-0.04115599671186354
2020-04-14,156.454055487,161.203475522,155.79907323,158.143844714,11247888932.4516,17486981307.55301,0.0110096104780033,0.0109494459061141,-0.111513135992044,-0.1182354159559727,0.0231696350515647,-0.4088653259037147,-0.0165412723309817,0.0239384710667938,-0.0338384452398469,0.013459031690514968,-0.0016017028061365984,0.008135015275658741,-0.04221806141000766,-0.07265769214105097,0.04844018722311283,-0.012867895007388969,0.011820652034998158,0.0023314275850905286,0.23917808799522716,0.004887313292611927,-0.00012965715548785006
2020-04-15,158.284172535,160.853390577,153.019187589,153.382301651,11232326018.028685,17452271662.78964,-0.030108937035211,-0.0305715200133914,-0.0013836298096804,-0.0013845879092776,0.0293974898850824,0.2380667052246141,0.0038719100282011,0.0037342157840714,0.0010380689670505,-0.06217219762192926,-0.01871621922220308,-0.04763294128497556,-0.11913200265348635,-0.03508568789089938,-0.45417667980766163,0.06113623377422539,-0.25111022476077066,-0.08839323450788034,0.32858899891547755,0.0005131213397068672,-0.2844220202128884
2020-04-16,153.257978445,173.526563229,150.02365646,171.904882084,14951703711.64688,18243136113.506863,0.1207608715844252,0.1140078042824521,0.3311315650603739,0.2860293813050942,0.0741482655719893,0.9251573848664996,0.034713011965646,0.0064775147686837,0.0449343899805542,0.009479530735983822,0.08683128300542754,0.08734715941107896,0.010091873282546848,0.047846711421524704,0.5621216575423689,-0.16194608085353235,0.11136492929298404,-0.08361545118501779,0.3875698036196171,0.007547453471003503,-0.19958470006541118
2020-04-17,172.137899629,173.599844709,168.960424094,170.651507317,14838850111.007711,18855291941.22982,-0.007291094655401,-0.0073178045950283,-0.0075478756679252,-0.0075765050330459,0.0183803509208505,-1.394784468224406,-0.0456210873890206,-0.022114276029712,-0.0402670579989065,0.02608889640958605,-0.04859574379000019,-0.03997615227093115,0.07928246051014018,0.026102839460556967,-0.11662237665136033,0.014693285417107224,-0.06735567181816991,-0.04087446750692883,0.3749686122566273,0.01381344271855305,-0.17554476272823005
2020-04-18,170.71045552,188.267760566,170.71045552,186.680127126,13252706071.796516,19639682340.29459,0.0939260371092147,0.0897730939530521,-0.1068913040663822,-0.1130469855424559,0.0412616879919049,0.8086522086209107,0.0106158706262223,0.0167572232556844,-0.0136216716543054,-0.0018217705300352521,0.026147830157393928,0.023406708743441612,0.16620018310289672,0.017455093175598676,0.29939900391251983,-0.04715240010766542,0.14604085355763302,0.10221650638127638,0.3156237458070017,-0.051300543656078675,0.30289233686510997
2020-04-19,187.00371124,187.643092413,177.652670148,180.458774447,16082484089.770609,20201648639.71384,-0.0333262719218147,-0.0338942467938945,0.2135245437908133,0.1935289716007612,0.0317234009410738,-0.2628798093228219,0.0018204958669638,-0.0172497034798146,0.0283539082256964,0.04573334390661861,-0.002356608435001531,0.020486096572332302,0.11962927950180668,0.06298445099886035,0.1319757346142878,0.06878272802243002,-0.030934960723139004,-0.0016133456707849159,0.3125060341115489,0.006106042241854249,0.02360754305708479
2020-04-20,180.357286195,185.748619527,168.749319191,171.139673356,15529472258.276129,19776337128.813385,-0.0516411635818626,-0.0530223289191066,-0.0343859709984869,-0.0349910805124008,0.059522961065003,0.6293075297819004,0.0272523036833287,0.037576184437809,0.0022357951352805,0.04874725398361206,-0.030930874268278008,0.017499588672346245,0.0899244438201976,0.02999030084381827,0.06839457275491423,0.06315316454371674,-0.022707955223689652,0.023697417658542552,0.2630273120315442,-0.014095577903797294,0.07354054580559266
2020-04-21,170.90541922,174.069667862,168.692741799,170.993902333,16029201040.782064,18985086815.84796,-0.0008517663972442,-0.0008521293563608,0.032179379581918,0.0316724693792119,0.0221843058855719,-0.9869770415778948,-0.0354245674049335,-0.0310349706260004,-0.0173020894588891,-0.003668555297357712,0.00939875273698089,0.0017121855536721686,0.07812286855772253,0.048050035242051425,0.017445336466987316,0.017112478449917007,-0.0934210181148845,-0.03413113792333122,0.32375354521268984,-0.14630139566283196,-0.11844004492899263
2020-04-22,170.968359149,183.259847306,170.113064447,182.08903682,12960518895.825829,19575333821.07649,0.0648861411759169,0.062867883752165,-0.1914432376977982,-0.2125043955002364,0.0351673949737878,0.4607342774031746,0.0055973813614783,0.0030097812189202,0.0051838987217682,-0.04634918999680919,-0.019463765116227383,-0.049104306617726426,0.17156227232327892,0.0168147448537186,-0.24776097873528014,-0.09673332131874188,0.10441327177467012,-0.008173914474668198,0.2986010218849928,-0.10776603433226034,-0.033726538908725345
2020-04-23,182.436599018,190.107238127,179.074728239,184.983476264,15160613340.609268,20460562380.35966,0.0158957370226591,0.015770722849701,0.1697535771883347,0.1567931088388755,0.0413869933443604,0.1628472868546597,0.0135432981747887,0.012450543692154,0.0061008661820232,-0.03077335865237167,-0.021106449378966052,-0.037216602816682445,0.07332519089052786,0.0020135992852437674,-0.5116805114754968,-0.011732443508892507,0.026076768084924595,0.017723136471051254,0.28908265357877744,0.011227287662678194,0.0504428449571952
2020-04-24,185.255466402,189.150173451,185.255466402,187.458860779,14789422005.387545,20753779881.24307,0.0133816520534366,0.0132929085606954,-0.0244839260049888,-0.0247886413560993,0.01274484109127,-1.1778400916123122,-0.0279119482982668,-0.0198748718597089,-0.0245723788058793,-0.01322908974526791,-0.00775713347996089,-0.015077406102636845,0.0939359040462515,-0.0004760523922145383,-0.1566657695369189,-0.02449097027499919,-0.015116017249375613,-0.023283886419054656,0.32113194310277415,0.012736036175243371,-0.06967927757295245
2020-04-25,187.486041297,195.441515992,186.163971701,194.007912757,13384323121.60397,21286671075.2778,0.0349359424824462,0.0343395334806775,-0.0950070180749268,-0.099828090091204,0.0270355149395454,0.7520248003658359,0.0107840817653307,0.0038213418034911,0.0170896647053108,-0.02083052017102384,0.08462087753276878,0.06880762260828036,0.0385023435738768,0.0012671298811840405,0.504616255927337,-0.018026615274448113,0.025147248370370023,0.018969155997844905,0.3391411696717273,0.01444858001556172,0.07009863539692884
2020-04-26,194.043743935,198.637826163,192.937488304,196.766652388,13217089945.688004,21588663015.49167,0.0142197273904771,0.0141195753732788,-0.0124947055145456,-0.0125734207169753,0.0186785259518201,-0.3697768506118812,-0.0061832080579172,-0.0026096042602465,-0.00648968949571,0.012202915122339751,-0.018582807935172974,-0.015521062836901578,0.08651616574105,-0.027955975132359843,0.005417723448523315,0.011805936858719397,-0.05421879467214735,-0.04836876756610581,0.401387056613805,0.013894094980822282,-0.09911436113739791
2020-04-27,197.002494323,198.201157009,191.740922032,196.224923813,14347611517.262917,21603694237.84471,-0.0027531523681756,-0.0027569492627108,0.0855348322679561,0.0820727985067366,0.0233023720695668,0.2211806417656632,0.0079316913071543,-0.0070852223618642,0.0144158776791155,0.012641254173629629,-0.05706616425313561,-0.04415143481222543,0.13678154539744586,-0.011762318623993276,-0.27790499716199824,0.00905476073793806,-0.010107363407457298,-0.005677103483465562,0.4036826254289789,0.01717498679456693,-0.012835999042461355
2020-04-28,196.394889074,197.249745341,192.905731784,197.125676833,13468804790.343697,21633460948.41619,0.0045904108535081,0.004579907049856,-0.0612510818167781,-0.0632072283058181,0.0155764629939455,-0.4027941684929268,-0.006437986799559,-0.0061435218558835,-0.0053204160982092,-0.009012625715432744,-0.017198959203350735,-0.01828680106574604,0.14221358180366278,-0.02596670665057503,-0.17809240552227656,-0.011867908154787908,-0.11348852998335021,-0.09607227688976089,0.4521476600697636,0.015677196619978975,-0.23393045315190264
2020-04-29,196.805817986,217.321518535,196.620324981,214.900441797,16360133178.812218,22936538165.923862,0.0901697092411677,0.0863333806731322,0.2146685198482811,0.1944712163993613,0.0449641611134318,1.0601047603004463,0.0148001483381232,0.0316770379905143,-0.01053958558467,0.010417817848212482,0.031054113831419098,0.029737796342385214,0.16567907872463006,0.034333134794034235,0.34667604656565887,0.015182229117709299,0.07144100632881414,0.06127450289387426,0.4842304976830661,0.02251844166145996,0.2184311214353254
2020-04-30,214.852805848,226.324198151,203.729402474,205.781142308,21949772004.71876,23687201250.67058,-0.0424349964697341,-0.0433616714272213,0.3416621836028577,0.2939092807828153,0.0693690168980477,0.4335745726782924,0.0394772318100711,0.0370227633912063,0.0139243719994054,0.09375855520144641,-0.0582410897027626,0.06487405103787669,0.1065466844477075,0.06522663692785301,0.31681037436444326,0.15027449896326325,0.008800871136808497,0.12240348732988779,0.43372525526360295,0.036112565123154625,0.3217256287249075
2020-05-01,206.358719858,216.737901838,206.358719858,212.204744134,18548033560.403915,23414272057.97709,0.0312156971914636,0.030738394784027,-0.1549783042659186,-0.1683929765296229,0.0300434104778455,-0.8367969737647969,-0.0418355183035893,-0.0381463546476038,-0.0230802232052425,-0.027908914954187833,0.030438254615866914,-0.02377977812170047,0.12399217067103917,0.034361086989710604,-0.09105473338864734,-0.04229793074112209,-0.11611316678341871,-0.07050059879802059,0.4529237369027086,0.026976173521349674,-0.21227575063791182
2020-05-02,212.103100832,214.919726303,210.862117325,214.083305507,14573505775.51044,23572154369.86175,0.0088525889497255,0.0088136345137718,-0.2142829735535006,-0.2411585686183363,0.0121772793765291,-0.90307148244132,-0.0203572950515331,-0.0250343148953801,0.0094320680576687,-0.017623067507002627,0.005836602762610717,-0.014893778594411322,0.09846627170413365,0.010630106650509214,-0.1362004752693653,-0.020746747887327582,0.09223611439936345,0.0036866983481771975,0.41819170436099196,0.011137174660231052,-0.008641054320761565
2020-05-03,214.030630846,218.139820618,206.717089625,209.905658997,14992442059.90345,23574043182.18239,-0.0195141162460396,-0.0197070304366654,0.0287464314246883,0.0283410041571366,0.0360571413530202,1.0855330706664508,0.0237026217111134,0.0198784701760481,0.013637290770574,0.009721249683117508,0.013225712977516915,0.014217362633382524,0.06463966589418926,0.015662525492803257,0.0983080467938553,0.026595286853430017,-0.0248995111502832,0.013829460094118756,0.39674103955722817,0.010656310635693984,0.019643805595250363
2020-05-04,209.885114289,210.473847574,196.686523804,206.969221359,15841145131.260136,22535527526.08184,-0.0139893209741522,-0.0140880937831347,0.0566087277820135,0.0550644659657264,0.0471108961325141,0.2673993747636154,0.0223857371026884,-0.0201925634935759,0.0344609220113651,0.010384529239589615,-0.0139842829994377,0.004498143357217668,0.05330852137376538,0.012988891845966586,-0.020660434247872672,0.012561413276316602,0.016661639639328638,0.017736657759819446,0.36218584835898804,0.018328553769861748,0.0350280943700243
2020-05-05,206.606605398,210.361138639,203.003307576,204.561741584,14903296223.768282,22792153207.41204,-0.0116320666386625,-0.0117002483711648,-0.0592033530228284,-0.0610282658564858,0.0244046225834363,-0.6577317501638142,-0.0326785983659404,0.0155798734548086,-0.0459305677522996,0.006256775795755523,-0.029405899552897748,0.0009455764538785216,0.0370283659527445,0.012318559398761923,-0.11371275182321794,0.014139904608004794,-0.08393444115508608,-0.0027029498927490514,0.35687391463197904,0.01722228174771186,-0.0367297622952536
2020-05-06,205.280071639,210.312762119,201.102547339,201.102547339,14224517545.597456,22909378778.51637,-0.016910269819831,-0.017054881027194,-0.0455455402603006,-0.0466153480706286,0.0289717743465763,0.1715494931335319,0.0076744630975062,0.0104954632519338,-0.0115997130873082,-0.040468807417836164,0.03817869591522378,-0.028980232756348104,-0.0663598957475818,-0.018395058447503252,-0.06645317258098116,-0.03236352090211897,0.1938463718414033,0.05132292020060761,0.16907131854246485,0.006245794104239546,0.14266413450047422
2020-05-07,199.698996713,213.358696424,199.381616613,212.422137125,16443503902.286232,22908102772.1318,0.0562876499367184,0.0547605439644844,0.1559973018118678,0.1449634361746831,0.0286646701578234,-0.0106566981274047,-0.0131385240668856,-0.0158726825878288,0.0100384000883017,-0.03999382633697979,0.016494596151110805,-0.018142688176869468,0.031762319644124064,-0.049050523074355236,-0.24146037874122062,-0.041077686989629464,-0.012826957358634539,-0.03654238885667671,0.2528524178414126,-0.002572513092315944,-0.10765378660864577
2020-05-08,211.842763855,214.939794659,207.890631879,211.708988088,17108159080.405815,23495972723.490257,-0.0033572256011168,-0.0033628737278854,0.0404205321486967,0.0396249892579687,0.0235757943331506,-0.1954448376737931,0.003923583745129,-0.0022346747228489,0.0084752495892514,-0.009422508571436429,0.013741864518917596,0.008063462708115435,-0.0023389488677882588,-0.013233542124898315,0.031055639773664545,-0.007623547053830032,0.039873724072476135,0.028515848794302745,0.20314712288344,0.0069204925886381585,0.06988243682804374
2020-05-09,211.512145438,214.396271741,209.162246744,210.611160817,14312675013.655306,23512928700.96547,-0.0051855487143686,-0.0051990403332787,-0.1634006355454229,-0.1784099796509029,0.0172741339901297,-0.3110102842491518,-0.0058756066874249,0.0007059388826452,-0.0097315471584992,-0.003134406904564232,0.0015043416369994872,0.0003409930944480166,-0.016351623714838878,-0.0024160816985123535,-0.009313112020485015,0.009568457545951203,-0.015633332407443606,-0.007869524028904673,0.2131641542037424,0.007625205124772204,-0.014629966485343981
2020-05-10,210.372617876,210.372617876,181.920287234,187.998004298,17690796421.269115,20948998322.948296,-0.1073692221783467,-0.1135822462906209,0.2360230637802396,0.2118990188777782,0.0753202716384511,1.4725390726611494,0.0512609087833314,-0.0155320623542964,0.0603217400374249,0.03061040390152164,-0.007479913403514102,0.008502103644219716,-0.11022683956879427,0.024717140461251327,0.2809918081101124,0.11463584459488221,-0.09748848228685876,0.029317422410581828,0.17609029973574314,0.011585547377368171,0.044022664428593705
2020-05-11,188.058857193,192.513698382,179.302871049,185.950354751,15293555758.23684,20749655914.87574,-0.0108918685315096,-0.0109516191918917,-0.1355077864188265,-0.1456129807458853,0.0497779992815737,-0.4141762053189999,-0.0186283356840497,0.0284976677720738,-0.0274425928682957,0.019233374172916727,0.0032818701539635703,0.015543513463619013,-0.1070903649775512,-0.004966793791286171,0.13755264485860064,0.006975636724210754,-0.0011736182978247106,0.006009982172250239,0.16228330918355569,0.008047186753569436,0.010930508506709735
2020-05-12,186.055893873,191.625966306,186.055893873,189.455769786,14204738794.046532,20995086175.34272,0.0188513490049211,0.0186758643105738,-0.0711944940341221,-0.0738559205735219,0.0175613513448596,-1.0418725638182758,-0.0321457835246962,-0.0101679444243409,-0.0416612496881831,0.0004901288225435813,0.014494009189361112,0.010783568534518534,-0.0767142522958124,-0.006372137869457158,0.06911413547590461,-0.015403330946914234,0.011667230232955433,-0.009442173059262038,0.16828251668693403,0.008659304691841833,-0.010249152718988297
2020-05-13,189.712391587,199.946263727,189.061447979,199.427059646,12166676581.24192,21455829784.105515,0.0526312282347647,0.0512929612105215,-0.1434776268929916,-0.1548748400097857,0.0245620279689577,0.3355011307923949,-0.0004392636345559,-0.0066417984283889,0.0135447761084701,-0.0019533098933463833,0.02072547190544212,0.015134800567126142,-0.008366410058096756,-0.01901082177501146,0.08199548488426389,-0.03375770856005092,-0.009027213081797644,-0.0342916882838146,0.24289297113495323,-0.0010969656425993501,-0.0829001064219832
2020-05-14,199.397088448,204.672558772,196.630272669,203.065721079,15161884337.338676,22253289110.904907,0.0182455752968475,0.018081122137334,0.246181258792943,0.2200838823316598,0.0259818289088458,0.0561957336679901,0.0077183972249175,0.0026584177117125,0.0076683332060108,-0.045505871707821055,0.03701399436839599,0.016633592249118756,-0.04504583188524729,-0.01202517805833523,-0.02148109926053765,-0.019215308207042342,0.018081282331618695,-0.007671598136134272,0.250024647366173,0.00867732505476792,-0.01001956213345756
2020-05-15,203.019102795,203.552604793,193.398294304,194.582349625,14812112522.72331,22078903959.819443,-0.0417764820616851,-0.0426742109621395,-0.0230691520152277,-0.0233394093985472,0.0247668390852314,-0.0478917808140146,-0.0052470478636374,-0.0034707341513602,-0.0039990334176749,0.00752084787755232,-0.02783109043170312,-0.025147237568732633,-0.08435716911950145,-0.021911711839451894,-0.08470096699300056,0.045801318523777584,-0.05290435420542443,0.01936136046031997,0.23792195641742483,0.007870992553217694,0.015934457187916973
2020-05-16,194.763272214,202.946073879,193.753554156,200.689502116,13145310042.868347,22186135445.207912,0.0313859530567377,0.0309034832446518,-0.1125296933369846,-0.1193802154733829,0.0269675416805545,0.0851283581009165,0.0049954592524479,0.0105760500274034,-0.0036930772540491,-0.036239928189991555,0.01795636738775569,0.012437861717860543,-0.04825464554157082,-0.011327299952134535,-0.05466888303857109,-0.061337227802588046,-0.015222426316664268,-0.06307315929412544,0.15481763537962462,-0.003964032702083623,-0.3032428334913102
2020-05-17,200.535866551,209.464935635,199.923838463,206.886260398,12082489921.020638,22667835614.60225,0.0308773414486733,0.0304102274904213,-0.0808516587575137,-0.0843077537195355,0.0266692425222696,-0.0111230469249941,2.5053154107584907e-05,0.0017781839479994,-0.0032917922572769,0.0365425062943329,-0.05159239756468845,-0.043869960686389986,0.09573782823947147,-0.056283084844154826,-0.16457980900618452,-0.022245027627993158,-0.009995340579560738,-0.024229027364998018,0.19254566746507443,-0.006079127542297082,-0.08228396322712972
2020-05-18,206.906394604,215.960440639,206.906394604,214.388030733,14238424661.54951,23607089905.73852,0.036260360260601,0.0356184252563291,0.1784346400966627,0.164186981607165,0.0207302797204431,-0.251915516060198,-0.0076911561600476,-0.0055386771341342,-0.01022920638548,-0.0035396173744190185,-0.08259819763092358,-0.057317745589308154,0.14230787268769243,-0.010952360176998233,-0.470133800949184,-0.057447977131006384,0.10790755153866011,0.020611116383744188,0.1383909987683513,0.002178240773050631,0.10917141092555172
2020-05-19,214.354505157,214.737532332,210.084464823,213.618374781,12335601728.802904,23562418762.109505,-0.003590013627946,-0.0035964731914518,-0.1336399902360777,-0.1434547411427897,0.0153422074355171,-0.3009877336589053,0.0008826251739322,-0.0146368536770446,0.0183209408527548,0.004587290363980902,0.020487482916234444,0.00980784028245256,0.12003553518566659,-0.019701257163142905,0.008824425732942398,0.012844776871919025,-0.03152326847701589,-0.01718327834099856,0.16868877237079394,-0.008305242029762957,-0.05662401991572397
2020-05-20,213.971895401,214.757647407,208.382815282,209.938714222,10743231231.302834,23546246017.28044,-0.0172253934745658,-0.0173754765551255,-0.1290873791573522,-0.1382136276641989,0.0177237121157081,0.1442957243731522,-0.0018383292829714,0.0060663592368319,-0.0042892258948151,0.009913783986915226,0.029580110593545136,0.0262065906984743,0.05136709742001943,-0.015268273488805063,0.19810187636154897,0.030753493462514506,-0.07225554016202503,-0.015228291494425894,0.2043356247347749,-0.010710387012684966,-0.08979612456729158
2020-05-21,209.957999688,211.28733027,193.427873483,199.132573331,10726046150.24131,22728535458.54375,-0.0514728354465057,-0.0528448505300915,-0.001599619396765,-0.0016009001538704,0.053077245315538,1.0968449006936765,0.0357759118391226,0.0102169083447448,0.0347894108935192,0.02329927657086385,-0.012404150011388483,0.01118014731748286,-0.01955887524740622,-0.04913261036680708,0.08021015295408684,0.04419493486966716,-0.025283694747813827,0.0367687464266217,0.1523429035610443,-0.01200263083721251,0.0843811440288793
2020-05-22,198.924679866,208.366425552,197.026807166,206.802576103,10925135757.071203,22539267176.47634,0.0385170675178834,0.0377937989778763,0.018561322974115,0.0183911639778883,0.0313524820366434,-0.5264548755058875,-0.0239882281392574,-0.0006467475251628,-0.0272753001302477,-0.003896536399849687,-0.01621571053523724,-0.009937149721809521,0.060909134692609765,-0.045131748298378765,-0.11936700758122454,-0.050033544984929595,0.023639916420981004,-0.04281527376151276,0.12726881878675567,-0.0046452122112656345,-0.19889182167522867
2020-05-23,206.977883147,210.270623056,205.311708256,206.558717117,9571982860.134628,23038612241.3608,-0.0011791873708505,-0.0011798831593087,-0.123856849656148,-0.132225787761765,0.0168287301487601,-0.6222058820599075,-0.0103556851455468,-0.0019243900069658,-0.014549896383305,-0.009475657772507827,0.027237872376138183,0.0050298755828266095,0.02882576828864905,-0.04336737769314098,0.10131132619350902,-0.004174691414797371,0.01623650886449035,0.0026559001247307423,0.11031821277774587,-0.01286663036585963,0.027272976791193893
2020-05-24,206.441807299,210.118137161,202.033900279,202.033900279,8430894690.689257,22981052883.21166,-0.0219057171788931,-0.0221492098912947,-0.1192112633420785,-0.1269374812826755,0.0242842145174473,0.366738977216233,0.0081487148092529,0.0095497328821286,-0.0069959293379061,-0.003999279641836391,0.0054652350852100046,0.0007838967245816786,-0.023733669093066987,-0.04635003395371405,0.010262595168005983,0.01092894679788775,0.005002489250358788,0.012012042431473802,0.07487609432575573,-0.014843356797179321,0.05097607031093965
2020-05-25,200.888264634,205.190888347,200.888264634,204.124765896,9480976188.595482,22568285868.8068,0.0103490830702799,0.0102958979402412,0.1245516088661258,0.1173843863095134,0.0112192494386975,-0.7721955280138468,-0.0158092814101029,-0.0158092814101029,0.0,-0.04366389568842318,0.020209297609397985,-0.0010751470154984066,-0.04905619640915489,-0.06380073357912683,-0.1260740006085901,-0.020156966709061558,0.028226431238882813,-0.0017555116342569121,0.05083245878531968,-0.00922233695703117,0.02283468375115727
2020-05-26,203.971672721,204.763700726,198.075288,201.069135536,7916217217.27367,22447980819.436405,-0.0149694249327728,-0.015082597614412,-0.1650419682736927,-0.1803738168000484,0.0217274588047539,0.660945840421765,0.01209002232723,-0.0021066182690753,0.0209775110879977,0.005769647693985318,-0.01182351059013488,-0.010561032838865628,-0.06054232083211509,-0.06315127730952873,-0.06703943810322466,0.0020870909057077724,0.0026438514744153707,0.0032844531519158893,0.021630285797628667,-0.012661990074984501,0.015629531999395985
2020-05-27,201.093265222,207.520483727,200.973833214,207.449727431,8177164284.053426,22729532646.05019,0.0317333233566203,0.0312402260662002,0.0329636061792686,0.0324319583254538,0.0118177127457057,-0.6089773572104695,-0.0171590823884224,-0.0051247791732763,-0.0166368709695955,-0.004781660045245051,0.013218982822659986,0.012077454310779306,-0.011926618210789261,-0.038585616301856314,-0.01699913415474663,-0.016992183220707224,0.01136825965748757,-0.004846222206397494,0.055627461126539664,-0.014943923734873975,-0.018845422765326303
2020-05-28,207.729322002,219.171397479,204.871617438,218.63981951,8538289784.823976,23311545615.00424,0.0539412233391434,0.0525366832313455,0.0441626813680131,0.0432153023861292,0.0355512534489568,1.1013759282672284,0.0266743420817181,0.0081351736616898,0.0256758290171163,0.004586048398215661,-0.04416738671512071,-0.04139855975474003,0.09345491555064783,-0.03411529235569195,-0.27382061240139066,-0.04165768232061179,0.020697686487314945,-0.007437446116597302,0.10358423730802939,-0.01210361141840719,-0.06396162356599522
2020-05-29,219.128253603,222.682866803,217.987402275,220.137673345,11557721298.612597,24480632708.163696,0.0068507824345853,0.0068274224533478,0.3536342276828532,0.3027929959588532,0.0147961996606444,-0.8766050462784332,-0.0167428157871434,0.0021900364062013,-0.0228583960486312,0.013653658463160133,0.0365508827428346,0.03893507317138343,0.062488539026119116,0.009984551991931542,0.4427182977340709,-0.03151067500262612,0.05672311666516047,0.04370052652874026,0.02407827908824487,-0.011931673556779604,0.08156597602349014
2020-05-30,220.105280056,244.411254478,218.568864723,242.460016723,10876356549.790243,25774904554.49009,0.1014017411868271,0.0965836787300744,-0.0589532080951065,-0.0607624149105178,0.051280193385675,1.242934215666481,0.0242064121129758,0.0153749666094577,0.0197984122124913,0.0077913833214494806,0.023320506783974168,0.024528751150929284,0.16025210091550238,0.020278423684034486,0.4045655604236247,-0.0011379168870736603,0.013291178736647563,0.01285275656950774,0.16402362924554084,-0.02806709704189987,0.1721013988125375
2020-05-31,242.517450268,244.055692686,231.015411605,231.996814124,12368591238.364492,26377298345.34081,-0.0431543424784703,-0.0441131779427523,0.1371998685169095,0.1285689851746777,0.0273469025912287,-0.6287013120999201,-0.0166329460471601,-0.0110761462530623,-0.0126044748478836,0.06431994493948104,-0.04424584975388799,0.013006750752460744,0.1382881328640448,0.05883555151374449,0.07587187812726182,0.04913891038810154,0.002112248636868541,0.015907234390637265,0.08917205651876135,-0.01601203245988845,0.08394699918040738
2020-06-01,231.801692689,249.235123879,231.276033225,247.859401309,10850713400.148502,26523602719.17356,0.0683741595542841,0.0661380158457589,-0.122720349388529,-0.1309294655898934,0.0326093713956816,0.1759964415105033,0.0006916700600369,0.0021347609324363,-0.0018134012818438,-0.06780052685976862,0.03388549559006688,-0.02391524130800532,0.19413025076956245,0.019680715212624673,-0.09186432812556466,-0.05693751959317865,0.03137653765960638,0.01606772256552022,0.14649643785074837,-0.009771646804559865,0.011367630835029452
2020-06-02,247.861846793,252.740673166,231.676521125,237.680967249,11977471608.17327,27122578746.14589,-0.0410653540121757,-0.0419323545044884,0.1038418550442357,0.0987966903514973,0.0557391478197977,0.5360830202636668,0.0304524758059377,0.0145707844370261,0.0290292809984978,0.08519960050140526,-0.07111620763975471,0.03125357580375214,0.1672804938794862,0.056174846995911486,0.13872855538381623,0.07780781951748715,-0.02874102454126168,-0.004953090069198501,0.12427111378292555,-0.007984325619048733,0.0713395232388192
2020-06-03,238.005728,244.170851121,234.722208674,244.170851121,10085839970.36355,26549234714.344563,0.0273050212943684,0.0269388890840376,-0.1579324668587729,-0.1718950623251989,0.0229374033459389,-0.8879138214461784,-0.0306721278191803,-0.0346050715167913,-0.0181530466567626,-0.03625277427637774,0.039320887040875836,-0.0230275075975864,0.1629791568973236,0.02534875847127813,-0.12891308009724378,-0.023458138446249693,-0.0014744475115536504,-0.011012023731037157,0.16529809665009806,-0.015420651151695677,-0.047566810349901845
2020-06-04,244.236271117,245.915343005,237.639555325,243.63383384,8592508026.881329,27034792042.582573,-0.0021993504897678,-0.0022017726131066,-0.1480622286165813,-0.160241793102619,0.0241571676304576,0.0518122203506323,0.0038974045854788,0.0079912513421453,0.0027021777217362,-0.00988616265770298,-0.02520815032930481,-0.01962505259525832,0.10824070105287144,0.0007107597894599142,-0.29699664579851426,0.003983323685900847,-0.005538951153012672,-0.00359593816704068,0.17479657240815621,-0.017186900348545166,-0.005788118679346699
2020-06-05,243.383686132,246.497939243,240.010492138,240.433126031,8488057700.597578,27002678521.468105,-0.0131373699561858,-0.0132244285219069,-0.0121559765736595,-0.0122304647231825,0.0172685153386068,-0.3356962115468547,-0.008838131405766,0.0098059003644583,-0.0211617837364448,0.010711910038872341,0.0017469604815365455,0.010732351092257883,0.08818885007761672,-0.04105811660446114,0.06633085457311605,0.021074930146345774,-0.025889641918833084,-0.013374162031174364,0.1786270249134433,-0.015883265207922066,-0.021216486154447267
2020-06-06,240.385957665,243.949615597,238.969173065,241.858638944,7336086541.571643,26840704645.745865,0.0059289372331174,0.0059114302492177,-0.1357166974659979,-0.145854667472983,0.0140829563897277,-0.2039196212582208,-0.0044126388661935,-0.0065419774475848,0.0034736539499734,-0.04045022007267705,0.021366780818449414,-0.023397742824791998,-0.002483398403240238,-0.04954559597385683,-0.31220009929649306,-0.020299738696102604,0.045625139858886804,0.03192103565625498,0.1297779111981764,-0.025746813982863503,0.06688491036860045
2020-06-07,241.955581697,244.733351624,235.814783102,244.058421395,6788697026.450641,26769799203.08623,0.0090953230391299,0.0090542096932727,-0.0746160111415115,-0.0775465045192058,0.0256927267264287,0.6012426455430187,0.0161851379695347,-0.0056405281470176,0.0212920357941579,0.012353853745932245,-0.036158210681069336,-0.0075255454072098785,0.05068398923278514,-0.08344325350809997,-0.16309050099746836,-0.00924121200727411,0.002289846787051214,-0.0010751706247171255,0.14219499461933466,-0.029997548295551922,-0.01095881365001583
2020-06-08,244.324077583,246.467671811,241.687328289,246.378115693,7925119435.491823,27066613601.24809,0.0095046681230706,0.0094597829532984,0.1673991937795083,0.1547783631752783,0.0128347380936399,-0.6940525366162702,-0.0156949067319641,-0.0038328986567246,-0.0152787109065838,-0.03268930745246635,0.05340618347162786,0.012121590234937328,-0.005994243659675368,-0.046701013600943767,0.12929133512505508,-0.010501796402940522,-0.00034125689889805133,-0.0035837046546946527,0.15685381790591194,-0.019029138861411825,-0.01723852963945416
2020-06-09,246.223917044,248.771769252,241.697632852,243.84233572,6957291391.688233,27082672879.780075,-0.0102922289419558,-0.0103455601773642,-0.1221215720067602,-0.1302471596343244,0.0194838946001235,0.4174327978919883,0.0046822863111826,0.0125721770210056,-0.0016394263975313,0.007463142767045818,-0.041445515172999985,-0.030587382260439798,0.025592550667448744,-0.08559865812562853,-0.47362276520875257,0.03453586260169032,-0.10428105746328821,-0.0765901933492859,0.2600905040191686,-0.032814883055673365,-0.20269776792070227
2020-06-10,243.908995177,249.258755956,242.763002176,247.42369167,6048210826.644841,27196719059.67717,0.014687178661676,0.0145803666279939,-0.130665874672068,-0.1400277335673866,0.0164184020290728,-0.1711854256511293,-0.0034264006070566,-0.0016921205728464,-0.0033392401684492,-0.017492112286682772,0.018051866819160232,0.0052397656472332466,0.013234028211405176,-0.07459176547839604,0.0031093736826712792,-0.022231125370806293,-0.12107256608067753,-0.07821239216238779,0.2856224898390543,-0.029155004286565627,-0.3748130737449058
2020-06-11,247.60200633,249.331586839,229.90951286,231.684924223,8853781172.725199,26921226607.39092,-0.0636105917778945,-0.0657238545975446,0.4638678158705502,0.3810821217568506,0.0397869824622512,0.8851370042592537,0.0170752130897546,0.0099430060166391,0.0144174389255961,0.029834837310365236,-0.020132616575650377,0.004159272633105303,-0.05028805377303282,0.0049988645198426095,0.2340766339802789,0.0772606584425726,0.026434573227595223,0.07945725733843781,0.20122277093093574,-0.017270810690418376,0.2711287107309237
2020-06-12,231.307608095,238.767722682,229.529059746,237.337352054,9458729936.574564,26239287824.54417,0.0243970463333189,0.0241041920252526,0.068326599906598,0.0660934989451275,0.022864526276205,-0.5539531463760254,-0.0116944132869876,-0.0087942658992214,-0.0078118587150481,0.0003432922421709797,0.018388791242188837,0.010841465425643515,-0.012959433225873253,0.01835575129376453,0.17871818042493448,-0.03586843149875213,0.05264644586440624,-0.014691723360972964,0.17403400174566688,-0.008855202267857423,-0.05153526970186517
2020-06-13,237.557316441,238.191677688,235.122588623,238.133141992,5982190206.347008,26361234944.13896,0.0033529907160121,0.003347381976512,-0.3675482600242807,-0.4581513617251334,0.0090459507894249,-0.9272694075974646,-0.0097112223914459,-0.0130009481293227,-0.0046205477218445,-0.005294491246494698,0.0047285561587069105,-0.00023534509512918717,-0.015523481498578708,-0.02569645008609168,-0.0052382226654672515,-0.007893826197608061,0.021426913136014594,0.006662571011171542,0.15930026158484492,-0.030615546438373865,0.037751544313122665
2020-06-14,238.146277275,238.206241595,231.575004899,232.857388897,5675792063.770384,26255355630.37263,-0.02215463606144,-0.0224037360309976,-0.0512183885847595,-0.0525766318126172,0.0142725174866463,0.4560186030502642,0.0011814665324491,0.0015815830916123,0.0009821617702736,9.246164744040886e-05,-0.014060357465781416,-0.009807977568102269,-0.04698142722284935,-0.02162846788088277,-0.13649899005499222,0.031920236963458776,-0.06478100618071714,-0.00170519614491918,0.17957073651598682,-0.03143094493069994,-0.05139481547563851
2020-06-15,232.624829364,233.112739367,219.776560866,230.8181249,8069366775.601371,25319096182.011845,-0.008757566193882,-0.0087961390446893,0.4217164203582459,0.3518648883981526,0.0413733913657688,1.0643021195101392,0.0403106937344363,0.0021614189994012,0.0403425828648549,-0.006132740624743276,0.04464412976659536,0.033042284213704386,-0.06523734922083714,0.0028298660246395277,0.4595882466546457,-0.0012305073311633663,0.0441338231906137,0.015016577150787913,0.1398711142266455,-0.017898918726709224,0.09114989609311586
2020-06-16,230.856096181,235.755735852,229.165796756,235.256045376,7268339509.613482,25969642417.54557,0.0192269150350419,0.0190444134884914,-0.0992676734449453,-0.1045471503568001,0.0162536290792816,-0.9343217417666524,-0.0375644345696827,0.0021227960614174,-0.0388898837708298,0.004637753728443952,0.009576129898953345,0.010625275020796493,-0.03584737555498137,0.006075072059100182,0.08049261736734703,-0.025120097844823164,0.03497567243941513,0.0004869798062500097,0.1285053002247157,-0.017277004334240786,0.02209784832695938
2020-06-17,235.258578906,236.625682245,229.70845142,234.045622635,5843949644.620144,25969430964.32116,-0.0051451291679472,-0.0051584109221725,-0.1959718396628785,-0.2181209851216148,0.0207313936036468,0.2433329388086131,0.007180457522033,0.0012948517197754,0.0072488416790676,-0.014759498187316717,0.002387955115765228,-0.002378122275743369,-0.055586153105147924,-0.003985256504751579,-0.05083177319790666,-0.007256287184835064,0.025095138481513415,0.013627018166967597,0.087728464046214,-0.030859090180055417,0.05450458743940789
2020-06-18,233.866657235,234.30692029,228.737283504,231.691059821,6037576925.368263,25886349462.59302,-0.0100602728113056,-0.0101112193344443,0.0331329481810935,0.0325958829027895,0.0159888801227256,-0.2597556623151669,-0.0051021445508437,-0.0033750895234327,-0.0042637578751825,0.0099175473023441,-0.03463778622559064,-0.028648715685165013,2.6482157952376596e-05,-0.056629023190121426,-0.3368732194899291,0.007820562959456129,-0.004951259598208968,0.0012759732715031669,0.08121371790322139,-0.023794068806172294,0.00814572072867703
2020-06-19,231.476806248,231.529276213,227.484740898,228.744304803,6241277839.442248,25586876030.57818,-0.0127184666524319,-0.0128000387353762,0.0337388519586538,0.0331821832189251,0.010040697585868,-0.4652468957769473,-0.0075433837130866,-0.0029390162945901,-0.0070676410509532,-0.020388292302529726,0.003821165018197431,-0.003692040986037079,-0.03687774860267664,-0.06888328202760305,-0.12199641192139277,0.0156838953443732,-0.017711886935896204,-0.0012407437512715613,0.0857891557229707,-0.017362294629998706,-0.005913554640975871
2020-06-20,229.133547189,230.772598241,226.581526402,229.006598026,5597088075.697095,25483447404.681747,0.0011466655890117,0.0011460086701548,-0.1032144026138598,-0.1089384673596843,0.0129552624613057,0.254855480754899,0.0032508049784296,0.0057435638326983,0.0011186910176633,-0.007366197285150788,0.001686805889788083,0.0007905520505344585,-0.039079121909034,-0.00857198474732428,-0.007402484895836725,0.017642702971031238,-0.0792959270017291,-0.021307476548100307,0.13978001492321698,-0.020154875997097362,-0.17198981071315944
2020-06-21,228.954865504,231.990092674,227.822271356,227.909630797,4729805925.796794,25593151862.13908,-0.0047901118939615,-0.0048016212487135,-0.1549523856281794,-0.1683623048434545,0.012499592781392,-0.0358060069800014,0.0021588018291806,0.0078876736027411,-0.0095407313202295,0.0221489722855149,-0.012029272855409695,-0.005547656137035083,-0.021477007126749825,-0.021374009268148975,-0.01616241790943196,-0.009934500618580477,0.0405662996099063,0.005502040044260942,0.09718459469662714,-0.024899752709812737,0.05602525068096553
2020-06-22,228.097004904,245.517866384,227.932914069,243.139308904,5889313680.440288,26494315033.73429,0.0668233196365672,0.0646853725136618,0.2451491187660432,0.2192552968535967,0.0344396167554256,1.013511485317411,0.0122725159688403,0.0114800438475005,0.0054385789846696,-0.0008144028222325343,-0.009130572699150859,-0.008214475086901395,0.052004504431601366,-0.05106933918162542,-0.080850593367364,-0.0552012874304454,0.013551427925929296,-0.036046102125173646,0.1630498503695978,-0.015100325473337933,-0.149685109545183
2020-06-23,243.137333364,244.531512067,241.049207225,242.932288731,6553742454.596989,27081200544.18829,-0.0008514467443918,-0.0008518094310579,0.1128193895263918,0.1068967855644355,0.0101285331133083,-1.223851050019921,-0.017392769337814,-0.020642345583757,0.0013752296849333,-0.003225623642578005,0.014864758785910807,0.01162071281229729,0.03210828151205193,-0.017323975940955295,0.12856982482166446,0.006808101869382466,-0.03843716902314925,-0.01834507295968886,0.18434725082983455,-0.007785665755841188,-0.10316679754500724
2020-06-24,243.025659017,248.620987559,232.180011481,234.694322127,6446440943.768268,26745071802.723763,-0.0339105462144718,-0.0344988467944924,-0.016372555310509,-0.0165080667423634,0.0432476741828467,1.4515869542262982,0.0322431677283814,0.0300987272771516,0.0139824775960927,0.038127907777567624,-0.017805572615435382,0.012705859377729799,0.0027678456397319255,0.014625965834953552,0.21075867703798368,0.030688468690665424,0.01688850555658624,0.03502740982553286,0.13955250609510095,-0.012715645754573396,0.1692908360524712
2020-06-25,234.993162066,235.192664896,228.86134089,232.737107377,6748072455.670779,26004097530.629253,-0.008339420963669,-0.0083743884762521,0.0467903940381393,0.0457287151301629,0.0183408620473451,-0.8578119864170328,-0.0211904213115077,-0.0332394066966482,-0.0011034969808519,0.00929553657058186,-0.009429661380709053,0.004615628557840937,0.004504676497924142,0.01697740061262008,-0.0007636983532099961,0.011268724931574353,-0.061204866405406316,-0.00681398501065178,0.14626071523326084,-0.004938316194425079,-0.10210361312567673
2020-06-26,232.641394352,233.308791746,228.343151047,229.686568066,5423818528.62356,25744843751.91229,-0.0131072322131191,-0.0131938900437326,-0.1962418061967273,-0.2184568090147468,0.0129727914444419,-0.3462772710601678,-0.0088634422266904,0.0037106934206135,-0.0106124504514915,0.0117288856552554,-0.011589497906050216,0.00861972700110021,0.004110825189567952,-0.019558464488531404,0.0010629552380736484,-0.00032584032066743096,0.030459930257825216,0.005021586464424688,0.10182659912332796,-0.011737131108613744,0.00365246866028901
2020-06-27,229.632652354,231.084856973,218.086579518,221.084688333,5014409697.544436,25353715086.41368,-0.037450512694013,-0.0381697987590796,-0.0754835046413365,-0.0784843858493801,0.0334647232949617,0.947637649692262,0.0189385847552125,0.0100048799932649,0.0160809139889274,0.017941038360274927,0.013421715499958691,0.02031836285779033,-0.03520498223966637,-0.014178381614290763,0.3167174981952905,0.0012263280355949424,-0.031214917502837534,-0.00417200498542411,0.011120117132902937,-0.015225638507197879,-0.25435056340896534
2020-06-28,221.147151809,227.509752616,218.781902993,224.869009574,5629967266.954202,24860526806.8464,0.0171170661773736,0.016972219760805,0.1227577335197012,0.115787920977754,0.0256417240644879,-0.2662709770312519,-0.0063320666789642,0.0014978413101243,-0.0093619016402594,-0.005338820830194685,0.011305135633368567,-0.001542208555023003,-0.013431141230147863,0.02181995207638194,0.023721494022936884,-0.011089153570356364,0.00821658502360308,-0.010250101867740169,0.021264914440360314,-0.026146907187734766,-0.009893643609754754
2020-06-29,225.118267606,229.089143541,221.774171202,227.752304824,5098196136.706358,25080931976.69294,0.012822110327529,0.0127406030615942,-0.0944536806402305,-0.0992168496154722,0.0217779447283988,-0.1633231230317005,-0.0026548844066063,-0.0080818077854222,0.0027739629949801,-0.04879324960334907,0.031595316418243355,-0.018454025535300594,-0.06537591068221546,-0.01915124118576378,-0.10216520964177223,-0.06153860686508561,0.051059829233888174,-0.03385000678907704,-0.06257816122812007,-0.026162459264776387,-0.06730001416281661
2020-06-30,227.597074198,228.169449524,223.340931546,225.840111104,5302482851.151292,25246259090.584705,-0.0083959357578299,-0.0084313801584946,0.0400703913633482,0.0392883948660419,0.0143369356553637,-0.4180586277233713,-0.0070131055754808,-0.0050392616510319,-0.0054585563499932,0.0025518856834534365,-0.007166143443375329,-0.004408121145025826,-0.0729554814096522,-0.03105958557546276,-0.03178721243213056,0.03308951898058199,-0.02169863321151811,0.014560597195775696,-0.026896363443862422,-0.03295329329098931,0.06330474823848053
2020-07-01,225.631318012,232.050798204,224.546004794,230.572226533,4919654732.454436,25454416463.45383,0.020953387801075,0.0207368846644464,-0.0721978985021581,-0.074936821633817,0.0189510681337115,0.2790211755935194,0.002165014570228,0.0083144895826662,-0.0031933213279524,-0.042667781179869746,0.002969731302175836,-0.012663634342202967,-0.01771974995071323,-0.03925404783942484,-0.43768946907760986,-0.05635143667208565,0.03824947395881583,-0.014502264739174,-0.07229749462517476,-0.028523658418976392,-0.0905291785934983
2020-07-02,230.786832381,231.746830721,224.251673639,226.93722266,5302575968.565262,25499234910.43223,-0.0157651419152156,-0.0158907334932559,0.0778349817081136,0.0749543825762985,0.0207637447183604,0.0913481276198209,0.0031907234674811,-0.00406083981468,0.007191928401263,0.00480292900236728,-0.01377629143072557,-0.013130362694333944,-0.025236094967716945,-0.0386401346386184,-0.14279278140428708,0.023843119000537295,-0.025442959823345254,-0.005803492591076834,-0.046255873613942323,-0.03310509911901691,-0.04529469496332039
2020-07-03,226.881027065,227.882143718,225.004767705,225.17716095,4918815292.68684,25303728248.99544,-0.0077557206762723,-0.0077859526933773,-0.0723724993575636,-0.0751250269483376,0.0076669597042752,-0.996288274627474,-0.0130358718785355,-0.0020795674925989,-0.0159703013127178,0.008841546349134241,-0.010068709675544109,-0.007137749742923458,-0.019828157617361713,-0.013859239100069034,-0.06835107839700649,-0.020276010019355854,0.0012276793225567614,-0.012933728753667523,-0.08098071539135734,-0.026400961516022576,-0.11596016281830135
2020-07-04,225.209757071,230.13107019,225.1372853,228.977044999,4053794606.509942,25307604961.093662,0.0168750864118218,0.0167342839689827,-0.1758595585939132,-0.1934143249960534,0.0115904669401345,0.4132627959038304,0.0030056359806825,0.0031738211346303,-0.0001889057577527,0.00758528484861528,-0.01849706252893563,-0.010696764792072301,0.03507592511070064,-0.026905241990341368,-0.16978640395362898,-0.0005231424920561847,0.01293587407026809,0.010369022149671808,-0.06204465880926782,-0.02377995329192692,0.07993625753585087
2020-07-05,229.083181414,229.572383484,224.072722374,227.704448657,4223751344.540536,25274447418.645603,-0.0055577463758672,-0.0055732481114134,0.0419253451464123,0.0410702950316874,0.0167301814638674,0.3670314168236341,0.0086302298071391,-0.0062499633424003,0.0165231400413175,-0.001385611434583437,-0.002257312254383935,-0.0025186076569043425,0.01253045723848206,-0.04073909302885468,-0.13027487264210214,0.012233117835063811,-0.008311103596118821,0.0006516936269391482,-0.05439347839877431,-0.022869528346639446,0.019772051687127146
2020-07-06,227.717940722,241.338889174,226.876424898,241.338889174,5936682098.405289,26120514122.3264,0.0598777959649707,0.0581536146524396,0.4055472526996229,0.3404267306496337,0.0246106925511501,0.3859666434985249,-0.0041869991277749,-0.0041746815805667,-0.0037303977673473,-0.023947466162170434,0.0183766394995003,0.0071303038775208175,0.05794346882932757,0.024490778822940824,0.2705123844515094,-0.02629887723388298,0.03775962782608165,0.0205422521172392,-0.0021512939955523253,-0.007620461782256663,0.06753433280149901
2020-07-07,241.284665233,242.864476202,235.127003231,238.810832281,6915350158.74218,26601832965.52176,-0.0104751327133909,-0.0105303830914697,0.1648510134305121,0.1525931933722487,0.0219802821525459,-0.1130352193747272,0.0074958073907133,0.0104808010883937,0.0049213855824298,0.035197215982519035,-0.017236605813193286,0.0027428489524736546,0.05584446589635233,0.045486598238688315,0.08792705687022329,-0.0017048442187631782,-0.0010257628551163384,-0.0014700385308702019,-0.021735886780295054,0.0006920850944215737,-0.011212588989778283
2020-07-08,239.175028562,248.039678287,238.010184374,246.493853394,6300945588.984236,27149995555.18592,0.0321719958831669,0.0316653158501772,-0.0888464872572262,-0.0930438857726734,0.0223801879290689,0.0180303143579725,-0.0026588800236957,0.0046028868690472,-0.0069707910740696,-0.013967299681942876,0.03204883097503825,0.01615879582744762,0.06677289708208309,0.03737565470367929,0.2786935246521889,-0.017592719780868363,0.020343529907976984,0.016712180959406353,0.00046964611658373734,-0.008911678439246892,0.011327079437375431
2020-07-09,246.609300412,247.213441403,238.984508147,241.995412052,6581563334.715961,27217782950.42741,-0.0182497100031521,-0.0184182901363887,0.0445358147866443,0.0435725903559224,0.020862252522266,-0.0702346734429713,0.0011420597347599,-0.0078588509695254,0.006753220479406,0.025670472497485736,-0.022104051126456515,-0.0009549923279558031,0.0642453404389502,0.03340452433381533,0.009645469108182425,0.01364389956969839,-0.01400284875122966,-0.011588853360841006,-0.007603083842440946,-0.0020729425237095925,-0.0013127289550554089
2020-07-10,242.033545813,242.033545813,237.230177909,240.769551595,5297644650.104778,26734803565.51598,-0.0050656351151673,-0.0050785089391932,-0.195078071776482,-0.2170099898400541,0.013795622942967,-0.4135900627879212,-0.0038750902987004,-0.0072248369879156,-0.0025999181846892,0.0066944624909747175,-0.01188516773411864,0.0006909625958274879,0.06695278419313433,0.009683774209239259,-0.016787129675752688,-0.010029623152640896,0.004176343382817985,0.002254898493554952,-0.027261959409628247,-0.004153885560616346,-0.015825236041717705
2020-07-11,240.850002634,241.305442637,238.049427605,239.015310988,4087550050.7487617,26764214522.827805,-0.0072859736431739,-0.0073126459840893,-0.2284212474183377,-0.2593165351601099,0.0083481247929819,-0.5023144258546175,-0.0091441279429735,0.0042444195178564,-0.0103477496966656,0.0006867309070225092,0.01871137448043437,0.009249813181983799,0.042905854240062144,0.0008583360410895489,0.1308026816093819,0.037733680814648334,-0.038630056084125064,-0.022389196304720152,0.031149249203827088,-0.026788413727913272,-0.029159468925808785
2020-07-12,239.105653642,242.846802135,237.381317595,241.750859459,4016136538.339789,26768967560.474106,0.0114450762994733,0.0113800768923573,-0.0174709817671568,-0.0176254005778318,0.0145711160307299,0.5570042771763752,0.0061355334983078,0.0041354713771197,0.0046079129505944,-0.007428195611821807,-0.022451150180538962,-0.01683875122695125,0.05985917924383294,-0.005290952715978928,-0.2715127083773936,-0.017614709356085813,0.020419976684105473,0.009664610748999797,0.018425134070931673,-0.031494064062452844,0.017839754008893483
2020-07-13,242.541549581,244.643910482,238.356041567,240.008287268,5193115977.344976,27054971351.774742,-0.007208132351213,-0.007234236454069,0.2930626057578542,0.2570135176104856,0.0172165129863646,0.1668277654784331,0.0026714721482247,0.0044695258101248,-0.0005239620147742,-0.016706517716483276,0.007714497089534091,-0.011350862668129541,-0.005528671862675771,-0.01918241686415164,-0.3021545034493971,0.0032409625492126892,-0.0020546704537662552,-0.000696822125340571,0.007843515640350485,-0.004649504894252345,0.005570163359041924
2020-07-14,239.774243681,241.842858411,237.529897912,240.363279077,5112761889.145238,26766273352.572063,0.0014790814643979,0.0014779887008002,-0.0154731934642484,-0.0155941526949261,0.0126324371985177,-0.3096010938558295,-0.0040771957112729,-0.0055887979984951,-0.0004057321041893,0.0036776846267394837,-0.012697390828896914,-0.002574963795364295,0.0064796999295943245,-0.04808980994149933,-0.18318518593918443,0.008439354258758004,-0.012579497339809023,-0.0074081288590006344,0.03172524037214849,-0.0033308388410478707,-0.023325235377545273
2020-07-15,240.312292711,241.097627137,237.16986839,238.845592292,4398236329.799531,26735721114.390232,-0.0063141374623775,-0.0063341559390892,-0.1397533417041572,-0.1505361188853642,0.0109734928671823,-0.1407852613933782,-0.0017116019962333,-0.0017271914492777,-0.0009333865431328,-0.02464550680940522,0.006226552610695784,-0.016424262630620447,-0.03151977185967227,-0.05340204295416974,-0.3745684656770183,0.0071363735700743225,-0.007295529740658627,-0.00205582832747582,0.03418722347774867,-0.02199442047048692,-0.002052405846052263
2020-07-16,238.629575741,239.082852703,230.687310308,233.809780972,5550009276.867542,26197654559.073605,-0.0210839616995882,-0.0213094028460963,0.2618715459340741,0.2325959728323422,0.0218653046169734,0.6894184911273014,0.0111991357902296,0.0009721850615754,0.0117062188225089,0.012864234154169455,0.008830446716323041,0.014688323535778564,-0.03441088456937977,-0.03019008546565564,0.5000210339159863,0.003719306779110955,0.0007092342757594045,0.002846673467601507,-0.0061665928568392855,-0.010463434119181209,0.025884925900569122
2020-07-17,233.698934354,234.297969887,232.037605962,232.798653616,5206630776.510648,26070671972.61145,-0.0043245725298425,-0.0043339505406503,-0.0618698966482987,-0.0638666366606914,0.006421381596923,-1.2252678199218128,-0.0159944960368596,-0.0024516573049267,-0.0164996341838163,0.005807806163000719,-0.00558857928155556,0.0005459957688671163,-0.033666326170836806,-0.0027079461657830155,0.0059184470094937325,0.005174594448578929,-0.0051071724031959975,-0.00046429068573831944,-0.005342132475317065,-0.0039088318800224375,0.0003876740772943421
2020-07-18,232.735683797,236.413297388,232.548586111,235.672144182,4303371590.218035,26205592875.56612,0.0123432439207309,0.0122676871935458,-0.173482473611842,-0.1905341563945823,0.0086663690085437,0.2998166070333647,0.001434916194183,0.0029623098137467,-0.0015575825241756,0.0013982764436642516,0.007862718993625142,0.006088592992432862,-0.014085992993201726,0.00640948041981418,0.12578528818861967,-0.0016058053465351219,0.0004461960558696798,-0.000762240294101213,0.017036774052673107,-0.010714312475970584,-0.006839931070497851
2020-07-19,235.637857805,239.16032928,233.609688772,238.910017118,4348865425.38883,26271596776.132915,0.0137388869068018,0.0136453640266604,0.0105716725170112,0.0105161831216528,0.0142212486112229,0.4952873236211896,0.0067300551702065,-0.0030744312150276,0.0106504831052541,-0.014942305159450612,0.014211889046625629,0.003997526956711905,-0.011820705858898422,0.009801608643073938,-0.002164059692741027,-0.004792483202280297,-0.0008495830541861288,-0.0038027192365627516,0.043482176814710054,-0.011824242030998244,-0.03359083576859856
2020-07-20,238.746161144,239.258811155,234.986683042,236.235268522,5374214599.600117,26606411478.553474,-0.0111956318461059,-0.011258774657103,0.2357739488155374,0.2116974530013926,0.0109144722242341,-0.2646475916377309,-0.0039191579425947,0.0012810791914162,-0.0047549614391697,-0.00011096543850046443,-0.01159212087361421,-0.010807175169436259,-0.015845244061932447,0.00529474558143966,-0.23189918166196666,0.007864668923532166,-0.004778320288908414,0.0019102826876279677,0.03107739348745221,-0.0014018140391726113,0.018356662179815242
2020-07-21,236.164648967,246.301797532,235.833278107,245.387860402,6690414255.424458,27019923340.11645,0.0387435455224909,0.0380118534714561,0.24491014108783,0.2190633514788019,0.01939636235516,0.5749959054425897,0.0040062768154639,0.007276775349142,-0.0017036808356888,-0.004629507382136083,0.0199503099950411,0.017692214866542717,0.02068862070872343,0.04497682886085643,0.32591181552828674,-0.03130980270156231,0.010405630165151267,-0.009859656304473094,0.0738908682076219,0.012264823501585241,-0.11482311333402695
2020-07-22,245.366021012,264.762454414,242.250366937,262.929689668,7388905990.470613,27444243924.86857,0.0714861331659297,0.0690465943320546,0.1044018663687127,0.0993038910115078,0.0458451598822381,0.8601840879262284,0.0251296953937752,0.0104892960891273,0.024886943889117,0.017301064040456986,0.016293969618480175,0.020610681588148626,0.0960693709798675,0.08007764708775975,0.5433261537180298,-0.009253868775671626,0.06983730360359688,0.06452131743890217,0.07825209002601473,0.009280392478824675,0.4622140591002073
2020-07-23,263.326907632,278.656790854,261.001776538,274.710130889,13303054454.401436,29901461716.94103,0.0448045301992146,0.0438298154793416,0.800409217759467,0.5880139822632737,0.0380819901867034,-0.1855281570840365,-0.004177528944793,0.0054213389600777,-0.0110472446540872,0.023230088884589165,-0.031841183967816114,-0.010820645601777472,0.16120858930530557,0.18190467459771517,0.06428035987905112,0.019848059155966668,0.015497258142879722,0.019493063966638274,0.12293371493641449,0.040734609423386296,0.1939749373679407
2020-07-24,275.171054268,286.033090575,269.009480168,279.113886085,13852769271.587755,30841252158.872177,0.0160305525746313,0.0159034201358775,0.0413224511010281,0.0404914929676203,0.0424781175326066,0.1092475898838318,0.0067138052768756,0.0023797367554816,0.007589845196269,0.020961717088623877,-0.022588533456159555,0.011140983936038497,0.18144595998183338,0.1701460098709402,0.1318132592029979,0.025199703067153773,-0.02236335438069892,-0.011716715240079834,0.17333598186678426,0.042869593040425424,0.022385599097632936
2020-07-25,278.966709199,307.307235236,278.966709199,303.87840323,14332847880.980394,32188468307.239944,0.088725492996283,0.0850077396281678,0.0346557861450336,0.0340687976294962,0.0430649115939409,0.0137194876397113,-0.0092774592563546,0.0021589049767508,-0.0288971124465506,-0.016473802995600167,0.035563175852512584,0.0003917190108790741,0.2541860124164554,0.16677710898971648,0.18706848172817248,-0.013490752614312491,0.010670384442343556,0.004271633001902447,0.2667181099712042,0.04207696760315861,0.104677747473372
2020-07-26,304.435974242,316.648463833,300.088303572,309.379644636,19926080284.206684,34355262213.38248,0.0181034300151834,0.0179415141609761,0.3902387334096022,0.3294754830495354,0.0366393064323984,-0.1615869390073134,0.0038205727879635,-0.0027265237446377,0.0209428496831614,0.02639577694006448,0.018392780679171924,0.032038662248768016,0.25848216255077106,0.21396643923653247,0.1927703518028474,0.03049639121554596,-0.012086323584253184,0.00298969329066473,0.29785351417591316,0.07583356604296577,0.05964183888299002
2020-07-27,309.778459529,328.663112369,309.778459529,320.763709049,21951074701.575413,36005433156.85901,0.0367964234569919,0.0361355970121146,0.1016253266315367,0.0967866589373932,0.0358022233154743,-0.0231116151175072,0.0011733182056096,0.0077204147382108,-0.0209428496831614,0.008688353333031779,-0.04528989620625272,-0.01246884620731184,0.305876534219989,0.18646788167735445,0.008959855179195397,0.011796880458455991,-0.07016720547446925,-0.042415820094320406,0.3721589099471075,0.08184588082691993,-0.09029965148710462
2020-07-28,321.131414566,325.001075936,306.953476612,315.643498887,21915536968.656822,35480594844.83927,-0.0159625606561926,-0.0160913345400693,-0.0016189518464004,-0.0016202637650876,0.0389522266647881,0.0843259426805631,0.0021884361719629,-0.0192361699211373,0.0355046546844854,0.01902244473368518,0.0373726979151371,0.03122533861804483,0.25177334620846337,0.14517596141443767,0.07737149514555886,0.025494835770787358,0.008536556742513107,0.026173628360718737,0.339095355646233,0.07284607292006215,0.0616621745690249
2020-07-29,315.838200309,323.521408934,312.334066094,316.367864464,15560635407.901968,35746643054.45192,0.0022948851459134,0.0022922559187449,-0.2899724323361783,-0.3424514820050279,0.0248626654240845,-0.4489686402271502,-0.0140432592653139,0.0044756094114797,-0.0235394285554076,-0.01676571406999043,-0.016848067516290095,-0.02249135143675199,0.1850190077951536,0.07001831408853365,-0.2426498146808589,-0.005308825475572265,0.00839529270940892,2.0506153823429685e-05,0.3286470085033838,0.04414610237555228,-0.007767856127422368
2020-07-30,316.694463857,339.176021619,313.99761681,334.319944496,13258573932.769266,36010074369.24999,0.0567443221909247,0.0551927875531668,-0.1479413542433925,-0.1600999214740454,0.042914476118923,0.5458419099679737,0.0129674088150547,0.0082660855463016,0.0111935056401719,-0.03701058044080984,0.02885217138061446,-0.0116851265355076,0.19638197986897882,-0.0003681560252233677,-0.052158124207650314,-0.04169574232777118,-0.028410878996935507,-0.050454827530995686,0.3922711762150453,0.03231266102368767,-0.11121679951100027
2020-07-31,334.492591544,348.593267299,329.19580263,346.00670621,17719726515.883938,38057898521.63668,0.0349568187791435,0.0343597048606531,0.33647303290203,0.2900340789911227,0.034590546801456,-0.2156287767806524,-0.00585126817342,-0.0139120734362909,0.0050369248913508,-0.014179723940163626,-0.07015849526376475,-0.04835910033583897,0.2148382645937544,0.031510191290638,-0.2851527311865061,-0.021247939530888042,0.06059501636357223,0.03307764406084297,0.4058939964112519,0.0498895128821522,0.13467788311611506
2020-08-01,346.278149273,391.263467154,343.880579834,386.654485124,19568367863.86502,40487397050.34286,0.1174768528599843,0.1110733339666641,0.1043267426460539,0.0992358666083455,0.0602737398596919,0.5553160864285291,0.0143548082496075,0.0205071510192995,0.000344700809861,0.013791983479816167,0.060379619921639385,0.04062116481986984,0.24090385893225078,0.041138956451946714,0.3206948191699954,0.024937715117258973,-0.030827650867166767,-0.010972375849720856,0.532858063871172,0.052818319246744454,0.14198661130263512
2020-08-02,386.729885763,413.255029356,356.705043326,370.477146264,33878467864.251072,42423426174.51504,-0.0418392634313086,-0.0427397316107237,0.7312873562036364,0.5488652683112668,0.1005748736502255,0.512005944229136,0.0539819973872242,0.0470976521876392,0.026791023336632,0.12293544300459336,-0.018868400756560967,0.10089663364096484,0.18022261316055072,0.10202276711892057,0.4435898914665539,0.17719188377527328,-0.03198331365996041,0.14732531785023498,0.4979042849538257,0.0993376148937345,0.34922302276786543
2020-08-03,371.891677828,397.365511036,369.006389368,386.637181777,25750777805.41308,43368125346.23832,0.0436195205992124,0.042694979164154,-0.2399072499796963,-0.2743148136475747,0.0464444256801574,-0.772646010388188,-0.0548839846833925,-0.0425575865217264,-0.0362652171979655,-0.04787977127404222,0.06057291672194499,-0.01728992451948541,0.18678199531259015,0.026071081025641877,-0.015042989929404005,-0.05935947188650956,0.05938683348527795,-0.035853853298508154,0.523864980148997,0.06845082777375053,-0.058492723797213486
2020-08-04,385.791775536,400.661188925,381.953239941,389.516060666,23516223052.890213,43816992661.75726,0.0074459442202856,0.0074183600199378,-0.0867762041755934,-0.0907743070396145,0.0332809792722452,-0.3332704104048578,-0.0111188846355729,-0.0099201466662632,-0.005063984673513,-0.0034719372469625698,-0.05244788137421931,-0.0294355771437316,0.21029168987259725,0.010782589407319243,-0.16503322703868784,-0.010423542143414427,-0.06510204238964024,-0.033568488851166756,0.5368565882803482,0.0571631497676858,-0.08702668048752304
2020-08-05,389.64975326,404.874346724,385.717179004,400.576612484,17651056126.10829,44173389481.488594,0.0283956245580438,0.0279999417895428,-0.2494093934043152,-0.2868949068869889,0.0296531515962791,-0.115417627675066,-0.0073871665810734,-0.0124388595763093,0.0055795594098702,-0.03504878769914632,-0.004000756879888587,-0.033670300551265825,0.23599937574339516,0.013908732365813319,-0.15182274774678506,-0.05828127852943607,0.11270092186445832,0.010821056618031871,0.5067029154174515,0.033179430741545786,0.01575874094656249
2020-08-06,400.744039701,402.417277239,392.595556583,394.986153398,18247300097.68184,44449353714.31471,-0.0139560296626736,-0.0140543307112112,0.0337795068642732,0.0332215104688632,0.0149791371345177,-0.6829100378297572,-0.0139251810137846,-0.0114119555989589,-0.0084143279656038,0.00671492544234506,0.008292664728577058,0.009805560731484836,0.1667522574790172,0.03243137461651369,-0.03846249776666344,0.027759419894828746,-0.018037104541896415,0.006293854669677551,0.5031789677977103,0.0310815618201242,0.014325274922541542
2020-08-07,395.108319772,397.847749038,367.787681268,379.444306217,16408768547.609228,43578110185.06243,-0.0393478278853475,-0.0401428792184985,-0.100756360679692,-0.10620126974773,0.0495378173497798,1.19607798948645,0.0364002680763578,0.0092772619980663,0.0361163415413353,0.025075736032244514,-0.027779224044857657,0.01394205924873912,0.09224967339986562,-0.008421092572385429,-0.053073633388662333,0.052674164417879615,0.04284950485799871,0.06785563665199207,0.4313707727290343,0.026931637676890535,0.15021519813654538
2020-08-08,379.181745769,392.359942908,376.783560949,392.359942908,17856927606.742508,43220263682.34385,0.0340382935766432,0.0334718098072923,0.088255194467002,0.0845756746683768,0.019225076785819,-0.9465208553049368,-0.0345942994042808,-0.0180898243703651,-0.0312520210495829,-0.06418535112853374,0.0615978128289755,-0.020052619152279502,0.014648149240493595,-0.011101450756644987,-0.1197196674792842,-0.0433126125613536,-0.022557697018217193,-0.04721503628725038,0.4832608726727155,0.029210718860330345,-0.10391142000549025
2020-08-09,395.627674262,399.124592156,385.121690673,389.395375694,14523340272.351046,43911342559.80936,-0.0075557336256804,-0.0075844227841103,-0.186683141008689,-0.2066345049066933,0.0232456715390106,0.1899034348918409,0.0066440922654491,0.0147367539568498,0.0012025674244831,-0.001114792742312222,-0.06257712846592615,-0.04273654169055757,0.04980345806710717,-0.1349594965153429,-0.5201045972920286,0.012577212175558544,-0.009455596588997361,0.0030533088829526323,0.48075495882779845,0.023281866628666693,0.0062177724673260215
2020-08-10,390.397002579,398.433670398,390.32904349,395.518236671,15748723556.50336,44257636303.19905,0.0157240207747397,0.0156016791616101,0.0843733783808089,0.0810022887106398,0.0120647427092743,-0.6558315708680977,-0.0103490351553105,-0.0025035817877077,-0.015717986775452,-0.023956689937020346,0.03377144416024353,0.0050273150431015545,0.022710158064562964,-0.07760226415834001,0.07079542245108783,-0.024256259040349504,-0.011223278337546772,-0.025681114653278797,0.5036692839734979,0.028673056823729476,-0.05690758354167702
2020-08-11,395.616973679,398.038534302,370.8445619,379.113262194,16027343383.069344,43464783448.52701,-0.0414771632657888,-0.0423618912881256,0.0176915815155653,0.0175369071127185,0.0424557450469988,1.2581748669280812,0.0291849773015186,0.0050082624402832,0.0362455685906849,0.01660047115915609,-0.01709275147266727,-0.0024905993406746513,-0.02707009324350051,-0.06231955869273298,-0.005839923243292855,0.0594339921651654,0.018765546869606547,0.058015619345711616,0.44992731579301487,0.028698570655834716,0.12663728815254593
2020-08-12,379.238879159,388.667323322,369.155865507,387.609860231,18936799773.849228,42743500619.499855,0.0224117668367194,0.0221643136092548,0.1815307952940796,0.1668108818790646,0.0337969484564656,-0.2280917243361742,-0.0043444861369933,-0.0090618514947919,-0.0015058315234297,-0.037699113573855005,0.025269789196630636,0.0029184887291287126,-0.03290572142378863,0.010979394096338973,-0.08897261075013274,-0.027613321017109893,-0.016181476355272867,-0.03180712795998494,0.4793258658563388,0.03185836919545854,-0.06945556587282309
2020-08-13,387.153267693,428.23085466,379.030115274,425.516046717,19037714675.13064,44286596280.14016,0.0977946909384848,0.0933033410302151,0.0053290367161598,0.0053148876450186,0.0632401401815593,0.6265687129383246,0.0184607044709444,0.0171449213396806,0.013273155276705,0.010128589807315014,0.03509220164228727,0.036413010417807035,0.07445195031763774,0.006690265939352039,0.47995144799838174,-0.12613395354159268,0.01660180267925293,-0.06494771085442475,0.5711512181857537,0.0312755834052026,-0.10726643514924694
2020-08-14,424.105097466,443.374015015,418.94676713,436.923851688,26567843615.532307,48139329064.79784,0.0268093414079564,0.0264562675659434,0.3955374407537704,0.3332796032679901,0.0355415897982482,-0.5762356746262189,-0.0214914529077052,0.0001930634948693,-0.0268541855660223,0.02524767892978195,-0.03500680170899745,-0.022172530501972973,0.14105109710207991,0.08222672598756568,-0.023459517776558414,0.034666853087255145,-0.011160655646398399,0.005797330755908853,0.6039416416907865,0.047858834870448945,0.05019230239298911
2020-08-15,437.752128184,442.43568758,428.955637588,432.844379771,19175457741.18531,48895113723.52793,-0.0093368029720499,-0.009380664145833,-0.278245610796399,-0.3260703791224941,0.0207264918626851,-0.5392908722173848,-0.0137296235503001,-0.01024519671475,-0.0091400067846303,0.004457041793966464,0.03778465636917258,0.0347954257071665,0.0981986231489545,0.010192968188539894,0.20748548672541967,0.028781803816453982,-0.08034175338892245,-0.0343545898895988,0.6158703803910498,0.028316566083578146,-0.06840272239574285
2020-08-16,432.566678537,435.269070617,414.454632704,433.501322587,15249440776.954985,47999551650.75246,0.0015177344253554,0.0015165838305135,-0.204741759869334,-0.2290883867207233,0.0346228727206727,0.5131018427951219,0.0237200800830794,-0.0102380133723936,0.0303038553053291,0.0011988423997234543,-0.01017756813851943,-0.008429124075988892,0.1072996297635783,0.00556911228255899,-0.042570565670630334,-0.0035912097175229,-0.044313488524412484,-0.01832033651139997,0.6217209147622136,0.020369482099613746,-0.03390396324929057
2020-08-17,433.3790852,441.650580165,421.556475737,430.798284303,16203065799.78892,48321849380.02878,-0.006235363407588,-0.0062548844756085,0.0625350815667324,0.0606576392165144,0.0327166794663148,-0.0566295016685991,-0.0114132458116793,0.0166536220403568,-0.0193476356100745,0.0037343539710589305,0.00858277320428065,0.009313773385066351,0.08544306612635982,0.003469046216562817,0.05410265300241024,0.014391785263405357,0.050354107088701736,0.030693787549196744,0.6031983430930593,0.02361064220297963,0.047827954635021985
2020-08-18,429.962040829,433.270918058,418.031296373,423.128213226,18872381370.109787,47995026120.98093,-0.0178043213180609,-0.0179647250181729,0.1647413892718772,0.1524990789180732,0.0232789102724554,-0.3403372111162301,-0.0098525710142656,-0.0082121252823411,-0.0060241129969692,0.028191366408934763,-0.04275399053796684,-0.01340742675965953,0.10984023239631248,0.021453348971945566,-0.07012007276190024,0.03522891196376621,0.023884032768047,0.04239155330228586,0.5715882540482259,0.028081147665660323,0.0743056762293024
2020-08-19,422.759690373,426.246565752,396.072376347,406.046971897,18577230989.38973,46185622619.7216,-0.0403689491626422,-0.0412063904353183,-0.0156392759838734,-0.0157628596600948,0.0454626581196307,0.6693434761650789,0.0220899712395573,0.0064937601708579,0.0218047034658572,0.023744115636136237,-0.02242901887218901,0.01090743926237435,0.046469528351739314,-0.0026860986027513376,-0.031068541532959237,0.06526840582822252,-0.06899727602217795,0.04135781581200981,0.5416406382700106,0.024861254419901294,0.06712336721638335
2020-08-20,406.727679251,418.195273593,403.376240815,416.472303895,18247659340.960785,46163564211.83835,0.0256751871570279,0.0253511149077104,-0.0177406228418636,-0.0178998739786642,0.0208398237122982,-0.780025530583667,-0.0254792954430474,-0.0092555120159194,-0.0240126459097999,-0.05646333076788499,0.020393963113879136,-0.036853006890713635,-0.021482697770765325,-0.005927442915614416,-0.30229756541061237,-0.042918455590810645,0.05559219782335767,-0.02731325678015445,0.5289798997062649,0.021266241477990125,-0.07035205081682738
2020-08-21,416.068822391,418.054211038,386.279688147,387.510974517,15709687764.511189,45599879080.12148,-0.0695396287031409,-0.0720757924184029,-0.1390847740538741,-0.1497592393947946,0.0342235152164081,0.4960472294746476,0.0049736589319152,0.0082900896265806,-0.0008831101809092,-0.015178434070180193,-0.03865186837363563,-0.03631008789019207,-0.12001475775511174,-0.08523762809977493,-0.29301107980111096,0.07244392501746597,-0.02400851198358467,0.061759293017734335,0.38785751295580717,0.015035635554244555,0.052082233514578524
2020-08-22,387.986044011,396.552550811,380.92627261,395.874607855,17851384658.10134,43747655157.48946,0.0215829586463314,0.0213533445539255,0.136329691951506,0.1278034999810605,0.0255269527352224,-0.293178123247658,0.0028347207674876,-0.0128912499820883,0.0112104471737913,0.0101285272925885,0.05000089272078165,0.04213191024048151,-0.08928074905535319,-0.010909242128287271,0.411500249430111,-0.032391559769461814,0.03433363094891098,-0.02081641130084444,0.36538104203039096,0.008124252923866515,-0.057556284596927076
2020-08-23,395.894162205,396.520790957,384.699362767,391.440359425,12836541319.938156,43884331269.9608,-0.0112011438521568,-0.0112643490877909,-0.2809218127450602,-0.3297851827297507,0.0202133411467052,-0.2333920247622303,-0.0045057220625434,-0.0015968816580669,-0.0042642543449656,8.017852169885792e-05,-0.010686875271471934,-0.00854144543060964,-0.1020616819736576,-0.02019156964097523,-0.06522004298269657,0.007756015195785726,-0.09353832197615294,-0.010354897733667295,0.3382132728067227,-0.0018094745678699517,-0.07860365382733381
2020-08-24,390.934487514,409.42060935,388.566342717,407.983250603,13579573557.56466,44979716402.094666,0.0422615879525054,0.041392955925171,0.0578841464462394,0.0562708250265182,0.0257426229033745,0.2418052576631657,-0.0013555009709209,0.0082311344801628,-0.0051093941050289,-0.026295695477711357,0.03188891127675272,0.01753023984649256,-0.0544138415728779,-0.02242659462422391,0.020351112948290062,-0.0634052601754645,0.06646836322776688,-0.051326555066204094,0.29459848910372594,-0.0013433809080109324,-0.19019794250206656
2020-08-25,407.724065372,408.328382212,371.769261693,383.916156352,16506629922.53795,43945355557.809456,-0.0589903978053726,-0.0608019352037328,0.2155484745205964,0.1951953942919617,0.0547784209640288,0.7551482414998332,0.0338926279152765,-0.0031918547743339,0.0372671500946084,0.007839528217490399,-0.026871966157107643,-0.022999518016194362,-0.0972510517584379,-0.02066383885564128,-0.11324571094087732,0.05037243109202902,-0.021195665655396552,0.042760059278736134,0.21585503973901676,-0.00612100221107798,0.07281187230744424
2020-08-26,383.266694225,391.549932692,378.071816574,385.870423938,18065341230.888485,43256831192.96734,0.0050903499466383,0.0050774379146525,0.0944294090111204,0.0902331397940291,0.0244090841787313,-0.8083409729555369,-0.0309999826492437,0.0081200973754453,-0.0377876469108094,0.017983670619104372,-0.006441229951921042,0.004065683979733878,-0.050967223408467,-0.004527891410608924,0.007919675487614963,-0.015539877778207228,0.05637145849506985,0.003132891081126521,0.18479688064155475,-0.007001458808434978,0.04558328494586639
2020-08-27,385.809033018,394.22251526,376.600645895,382.841359736,14933767456.30503,43096839478.5535,-0.0078499517301348,-0.0078809247990953,-0.1733470591316053,-0.1903703324172955,0.03197798061458,0.2700921947330661,0.0077665218913802,0.007463711161498,0.0032332988732409,-0.02682838860867964,-0.0003631477603456973,-0.013702182081705788,-0.08419926311527288,-0.029819518289773986,-0.1649872877595726,0.011457401797032168,-0.053989979093193204,-0.006649795763059019,0.1930072903825287,-0.012704515327132728,-0.07400010970422266
2020-08-28,383.064697593,395.808977908,380.635762369,393.979330873,15522931906.76594,43849464999.48484,0.0290929149992584,0.028677749178993,0.0394518296996893,0.0386934873669666,0.021425770603761,-0.4004531288114421,-0.0128217980427215,-0.0128250619948944,-0.0051212371837065,0.025001248299701375,-0.00770518797497121,0.006400658284312966,0.016554278482123097,-0.0017072554604530075,0.04041877884294243,-0.023779847084584554,-0.003602187269484969,-0.024002649920571967,0.21939278364277667,-6.904797387192938e-05,-0.06778411828189301
2020-08-29,394.010824921,404.34286427,391.726985487,399.093090287,12559044215.073914,44705738516.30759,0.0129797657218937,0.0128962504588515,-0.1909360750593877,-0.2118773478134359,0.0209506945450548,-0.0224226330132597,0.0018759211342158,0.0060781789872218,-0.0043977791784355,-0.016170453807967024,0.017002429017895726,0.005505782002308057,0.008097184387049065,-0.049633632246557584,0.007154456648339913,-0.027162886725458885,0.011385881676706601,-0.023267840742628554,0.17709624654846143,-0.001281943138459158,-0.12072639978726896
2020-08-30,398.381200723,423.727135245,398.381200723,423.189464679,14574425303.318256,46007348759.67987,0.0603778290791043,0.0586252871408865,0.1604724892858799,0.1488272405365696,0.022191731013481,0.0575479442940705,-0.0122826391403229,-0.0095426120091148,-0.0104066500061005,-0.019184051867282025,0.013919857682474807,0.008406900275286525,0.07798682061572638,0.016571734764821832,0.1403913297017758,-0.06487794733619434,-0.017465934310033696,-0.0670622587000423,0.20136182882869466,-0.005784405064977966,-0.32820244709621216
2020-08-31,424.287957798,434.930525781,416.527702996,429.800932695,18539887567.87415,47836146347.525536,0.0156229503988596,0.0155021684651138,0.2720836109848565,0.240656194664017,0.0294988102508774,0.2846301894324767,0.0206965464497325,0.0082944932484515,0.0240635860965642,0.017570329990175007,0.03502119552555884,0.037655289893491165,0.052096033155668985,0.04584269934923308,0.3031198498810723,-0.04212494723168017,0.08476917078368089,0.02514372459217344,0.10579066332714422,-0.0018987218191867789,0.07214830323418453
2020-09-01,429.318881079,479.491871828,425.212150759,475.932746796,25596090611.992413,51532928241.2277,0.1073329781109073,0.1019544017320696,0.3805957839973759,0.3225151335359261,0.0557885407467322,0.6372185532818699,0.0141184185543677,0.0115519990445432,0.0088473564655563,0.01316819033761175,-0.05162907117194632,-0.042981602490673385,0.21485237009147168,0.07891047810187642,-0.008056874134702241,-0.02167826065604849,-0.06925810573337438,-0.07003163022670236,0.25048479666993767,-0.015423309210807498,-0.2529281578469307
2020-09-02,475.930387765,477.516965726,420.902989998,436.479540574,30274356437.219303,50461826334.43701,-0.082896599335937,-0.0865350533616742,0.1827726700981049,0.1678614026234731,0.0712075688837276,0.2440306319791219,0.0253572315776408,-0.0114029060739761,0.0339094113665469,0.10208531629541126,-0.004384478907583783,0.07890379220555825,0.12323987881514481,0.09705310311852096,0.3724539903103765,0.09943930531079406,0.03698074529895184,0.10022362422700759,0.1212547641441093,0.0084532021000783,0.460197630448935
2020-09-03,436.211917385,444.732365188,375.617027734,383.078292239,30361676281.301502,46920175569.04324,-0.1223453641487382,-0.1305021159752778,0.0028842840726697,0.0028801325063124,0.0880160972236088,0.2119206034306517,0.0073230722415814,0.0364361130075405,-0.0125828775660546,0.08156835125092152,-0.040052226961594606,0.07045888500670669,0.0006186876389623635,0.11053698082281177,0.12337013792040752,0.07286396385397259,-0.04196574792156063,0.05202662095846683,-0.01666571185110634,0.01265772135243391,0.08998995532201315
2020-09-04,380.759608724,399.092518167,369.277022383,385.844748822,31294251884.84838,43458888090.02728,0.0072216480000228,0.0071956967656565,0.030715550581152,0.0302532703448288,0.0542814146353603,-0.4833378243025494,-0.0222027095004667,-0.0138861636512139,-0.0175782414060496,-0.017950358897143415,0.03368993362276371,-0.012032401820390809,-0.02086336477437406,0.10163208443515373,0.06490827173801028,-0.018374401152555314,0.01563584889969613,-0.013601526942626868,-0.03746995687499275,0.024759180356137105,-0.006354718484636646
2020-09-05,384.58490827,390.622362551,316.579278335,331.381124974,29781436708.83354,40649192206.85466,-0.1411542440690969,-0.1521659354832945,-0.0483416309672924,-0.0495491646530956,0.1162803303416775,0.7618220201594985,0.0528804396581493,0.0107723118238649,0.0576377388431204,0.055107119391573506,0.04913994493340852,0.06768375096185927,-0.1859255507165202,0.10032444087843101,0.3834943259477006,0.06998135653610602,0.03649161846858806,0.07813149218691001,-0.17558156164707603,0.020463913370005308,0.3813844860648783
2020-09-06,338.209575779,360.465877372,317.208177788,355.343349978,43155697539.316925,38830870179.43039,0.0723101685585745,0.0698153571408769,0.4490804443466092,0.3709291789449438,0.0850176175671204,-0.3131454160930143,-0.0165237179581921,-0.0204132415835228,-0.0089864777234675,-0.07021850030455251,0.08143711736015337,-0.015540661133485734,-0.17473548071652958,0.14705126247297082,0.00646631544146814,-0.0022255335689441713,0.043745562871229826,0.01622008595025337,-0.06562332528770047,0.045902432855161344,0.06510541884179166
2020-09-07,354.667133096,359.635046456,327.598067661,352.275398693,29841577729.94176,39004023776.65021,-0.0086337658638889,-0.0086712527449815,-0.308513604657771,-0.3689118021963445,0.0658405161080527,-0.2556231053490485,-0.0126944588633341,-0.0132431487516472,-0.0093768074996976,-0.006844038224988996,-0.003513075548630701,-0.007359878216024407,-0.19890890192662497,0.05266284008762567,-0.02043505841068982,-0.02173379331557279,0.009948516031305366,-0.013696375139601591,-0.10776638783997428,0.019903457712660694,-0.021600394645860277
2020-09-08,354.063817633,355.076471354,330.018045148,338.912343717,24433336896.179176,38638126869.27597,-0.0379335458155157,-0.0386717515084376,-0.1812317325412786,-0.1999541808816059,0.0440360818310863,-0.4022260556768389,-0.0330447906173929,-0.0054236828235069,-0.0326859910158741,-0.1508198976761887,-0.013696530528497147,-0.08801770574244927,-0.33953505516713234,-0.005291902396597413,-0.28811806078025803,0.023608443091102105,-0.0347899538365484,0.004348336233348016,-0.13885371656430162,0.01616393823249883,-0.015824960122364562
2020-09-09,339.308056777,358.511500408,333.687459217,351.904314534,21737601651.66808,39029821339.54914,0.0383343099118531,0.0376178040959237,-0.1103302122000637,-0.1169049100466276,0.0454004451437412,0.0305125704440172,-0.0010341286592488,0.0204653862052189,-0.0134505131428607,0.03351678131155996,0.01743787663622498,0.02596146178523001,-0.21538219770953432,-0.03973435439731076,0.0001085106306206729,-0.0231755129671484,0.0340175872824873,-0.0043948157053672054,-0.11683759162998797,0.009643135273133397,0.015253538539134581
2020-09-10,351.790316019,374.922055285,351.790316019,366.5997324,22628775637.97213,41213478402.21826,0.0417596979038465,0.0409113005200483,0.0409968864359819,0.0401787986927028,0.0370258945916662,-0.2039043882379032,-0.0059165148973918,0.0058082275396931,-0.0297971844177834,-0.004102329319126519,-0.019588478337336096,-0.019783121328543513,-0.04396878121420816,-0.037408508326874146,-0.209589093397343,0.0070406533486408185,0.009217609688588924,0.010896507010058398,-0.03356439982181396,0.010522808255897234,0.0291299855582694
2020-09-11,367.171066286,373.104533835,357.318274601,372.29578282,21294709859.152035,41152437967.72024,0.0155375193067108,0.0154180479896779,-0.0589543950659651,-0.0607636762416412,0.0293304517455254,-0.2329912366529183,-0.0038722645933476,-0.0319110397452346,0.0334203295709201,-0.035835347406885834,0.013053863471668231,0.0034317911245876354,-0.035746429990186956,-0.0505459340723924,-0.09605086466572388,-0.01828584412348458,0.017859524794067105,-0.004565149954958214,-0.04031066544139108,0.003731875206623776,-0.0008622466265701956
2020-09-12,372.683697387,384.206333528,365.853789834,384.206333528,17250620646.840893,41907711053.153175,0.0319921719708509,0.0314910817310393,-0.1899105101247986,-0.2106105560908559,0.0289773751743919,-0.0121109259386211,-0.0038482614553607,-0.0058980022276148,-0.003331813646779,-0.02735872860216786,-0.06677733183526373,-0.06887209775166099,0.14791058722414696,-0.06717582410360115,-0.292438053962905,-0.06774508722756722,0.05730819328256875,-0.005043914488522816,-0.10212292474056678,-0.002827163517014979,-0.018928237102570522
2020-09-13,384.447166517,388.158162201,354.644373819,365.278917049,18956358547.76353,41970280565.37436,-0.0492636763824213,-0.050518517112804,0.0988797989268293,0.0942912963068036,0.0553744363262228,0.6476026900050558,0.024387894540605,0.0241580660343861,0.0187383941009848,0.07403929729981808,-0.017863198071658842,0.008016083572884705,0.027576712970465937,-0.14408469020692743,0.07562812650102346,-0.007495149873492285,-0.022591657979381063,-0.022753126251690292,-0.1790977094193145,-0.012131616221564346,-0.05703266815316055
2020-09-14,366.099187536,382.573784928,357.140849536,376.469185953,21340863191.520466,41682754908.94669,0.0306348611477593,0.030174982409915,0.1257891718891473,0.1184842758536816,0.0454393861058993,-0.1977387847748453,-0.0096013321021383,0.0024508050815135,-0.0126918766643051,-0.021019583798247185,0.0032658253866610504,-0.008974906025673551,0.06642294812536252,-0.0559799030473116,-0.09108328349628625,0.00042599755953687257,0.01722335111909057,0.014327553832476803,-0.13954206286356624,0.003466351289269775,0.034177473643160594
2020-09-15,376.817582689,380.903407566,364.153928836,364.153928836,20436343769.98343,41914196734.46471,-0.0327125235650429,-0.0332595408070902,-0.0423843878019158,-0.0433088214062735,0.0236578865833386,-0.6526827342250181,-0.0228529289640099,-0.0045867217173018,-0.0361350333608208,0.03964235398470958,-0.058035070623370266,-0.00964788897386841,0.0718351588267101,-0.027445348471203803,-0.10445814919138385,0.008961265455151024,-0.022882512499922597,-0.013133996436639372,-0.17431818750116995,0.008254585849286547,-0.027731973220076478
2020-09-16,365.859502259,373.619358821,358.056606535,366.745934276,20421971346.96865,41206465060.70352,0.0071178840450389,0.0070926714777892,-0.0007032776105424,-0.0007035250262492,0.0300472482981623,0.2390745559085232,0.0080883406575574,-0.0022810320886584,0.0227360924254155,-0.017947313541867876,-0.038202429794847004,-0.025513407732145207,0.041310026208575656,-0.00920108381147865,-0.4118975647213432,0.004159075089582576,0.002519612529701565,0.0045662197563839935,-0.1609706315477721,0.00666419693035844,0.012798813809131504
2020-09-17,366.772800412,392.92227083,365.801414779,388.297506774,23907331520.7911,42972984781.46265,0.0587643119767513,0.0571024846984307,0.1706671757885802,0.1575738220037948,0.0360733050858665,0.1827820344777055,0.0010934277557312,0.0088142864899262,-0.0101554167425442,-0.046385238875289385,0.05609716337586559,-0.011870079047725968,0.05750121038695806,0.008942953444566337,-0.015309010720514937,-0.007972089061428933,0.030821880832741705,0.02011740891977093,-0.0859034218311686,0.007895529598544384,0.04368645029058493
2020-09-18,388.912282344,390.916460434,377.097565642,382.332058793,23187725688.406048,43287510591.79259,-0.0153630859764238,-0.0154823209698239,-0.0300997972843286,-0.0305620965758865,0.0231333537546523,-0.4442776588792245,-0.0079786256532854,-0.0178721536622355,0.0080416996010092,0.009681688434801827,0.004974286744346738,0.009089834287726278,0.026600841427456084,0.013095684844759549,0.10617129265947733,0.03006362653615488,-0.02556847098618853,-0.001834172369684972,-0.06017935236567427,0.007175648382381845,0.007824572632202376
2020-09-19,383.867759217,386.304021437,377.991596052,384.772459639,17067636602.330557,43150877663.82871,0.0063829354349833,0.0063626507739634,-0.2639365830145023,-0.3064389995827283,0.0153117509438106,-0.4126548924570086,-0.0059217572236204,-0.0056700187048023,-0.0040609794536068,-0.01663283595379446,0.020041182460408147,0.011948109773671667,0.001472410470380218,-0.001258403257173274,0.024591656551072205,-0.016347213072878675,0.013435852727677083,-3.5220156536674985e-05,-0.07916781649942119,-0.0018316582096579966,-0.005247424780555399
2020-09-20,385.081944287,385.081944287,367.880025656,371.930762008,15024813309.859678,42457495312.910645,-0.0333747837437437,-0.0339444323299507,-0.1196898750581515,-0.1274810188867159,0.024037047613396,0.4509757215490735,0.0050671115503691,-0.0050132314328277,0.0058092506550761,0.04092838718577853,-0.049406658969288225,-0.013972673683014955,0.018046495253233673,-0.027427445276530335,-0.08156294131249009,0.05522636977013143,-0.049854758190871123,0.0034713460542494246,-0.04103645641096914,-0.0010646184470022937,0.009877778551266259
2020-09-21,372.171450077,375.911925661,334.117569511,341.387142339,19397296349.03768,40228744271.89587,-0.0821217892924464,-0.0856905652373943,0.2910174621809553,0.2554306378620724,0.0637669022844333,0.9756379920679512,0.0349446095513674,0.0310386923824167,0.0258127339455016,0.01440029418047082,0.01917309660530586,0.022137059779790774,-0.09781905239407591,-0.013841820534830233,0.3712235693861743,0.023183203242252204,-0.05116226863980977,-0.007951464895612492,-0.1480803662022891,0.002401470871837749,-0.047750481863758854
2020-09-22,340.764996335,346.368000673,336.489548619,344.072333127,19631714707.97354,38610568995.29117,0.0078655299364895,0.0078347579094423,0.0120851047856207,0.012012662967399,0.019559398637013,-1.1817783631651606,-0.0375714208011416,-0.0206247035818932,-0.0314093568505613,0.020627776158008967,0.0007398792800867166,0.018128237715043738,-0.05672475367754352,-0.005787015639220858,0.11014632006560499,0.005205267629796229,0.002674176723601207,0.005851971867743833,-0.12898125920505596,0.01048799295536497,0.013822605612467509
2020-09-23,344.275706035,344.640788714,318.310542462,320.765563108,13914982251.095644,37947415442.51127,-0.0677379951104562,-0.0701413826775656,-0.2911988352477438,-0.3441802364191169,0.0350071931807415,0.5820976402178792,0.0063053727974471,-0.0016909892827533,0.0077712512920896,0.020875386363819082,-0.018621873376937916,0.012553975921982152,-0.13395880783289857,-0.04807210833880253,0.13258475855656204,-0.005009655896508924,-0.07489495738222146,-0.03038372415734336,-0.24051559780779277,0.0005148478557218122,-0.11121602884899762
2020-09-24,320.123723654,350.960896285,318.576415496,349.01067627,17593858755.432884,37758939953.39559,0.0880553164383486,0.0843919894559828,0.2643824072465182,0.2345837873480356,0.0424616200969569,0.1930470515640281,0.0048464971215381,0.0139147771305123,-0.0035196793892541,-0.09406816896624579,0.1028155224550103,0.015212436171164564,-0.10666930307534647,-0.048961003902405445,0.0424029360858631,0.011426528148924253,0.07888791089511926,0.03791448252578944,-0.09532167314807709,0.0016670618514208265,0.12911863972919813
2020-09-25,349.039097168,357.138141412,338.461614861,351.665338148,16489367064.393242,39120343263.04257,0.0076062483428052,0.0075774666906726,-0.0627771148099379,-0.0648341539632494,0.0376932584357689,-0.1191193542558357,0.0082438633631112,-0.0038166395526841,0.013291610437203,0.00023719282932164673,0.000796311020090007,0.0008255649497688755,-0.0836095154148498,-0.05470802816752184,-0.024949951391908254,-0.007119214320021994,0.0076354270100693344,-0.0026881579947410916,-0.09282164437205706,-0.0024173677157621892,0.000419673898328643
2020-09-26,352.047722637,355.486741709,348.158100197,354.90198596,14128977255.956898,39727397152.060585,0.00920377262384,0.0091616760098831,-0.1431461740901696,-0.1544879397982071,0.0138485667886216,-1.001299510818262,-0.0240018654184144,-0.0148206353283606,-0.0197176839852925,-0.024379235301283834,0.007340201741642294,0.005181891523709792,-0.0808104901789302,-0.024979206700775247,-0.006891231086020078,0.00030084722570461464,0.003414301568023387,0.001934150766352949,-0.07577904356307849,-0.0012367156460664,0.006381440710499842
2020-09-27,354.09870992,361.942347108,348.749211285,357.076831843,13274405428.624031,40025975230.8945,0.0061280183516501,0.0061093184040531,-0.0604836296252492,-0.0623900357197515,0.0257350173400789,0.6196708605852432,0.0104697384647178,0.0132192134343371,0.0043536432842371,0.022672700983069193,-0.009913035234587142,-0.00800897353068003,-0.04075673944492609,-0.015180861761879343,-0.08332430676513392,-0.01933454801603393,0.014702898719882396,-0.008692352285647797,-0.09834747433801828,-0.0034634236220682513,-0.008955939535777002
2020-09-28,357.5036342,365.987277281,354.128740002,354.753624845,12240570630.41233,40668342369.49875,-0.0065061823978024,-0.0065274398559309,-0.077881815782303,-0.0810818811915161,0.0227908581236151,-0.1214931108340349,0.001739801745224,0.0098200611983744,-0.0148638854717756,0.02450853330985462,-0.04807744403054673,-0.03788425936406846,0.03840638593653745,-0.06458338758172168,-0.18402652283181586,-0.004282036693296076,-0.0005318919040003811,-0.003840623546255806,-0.11777116465280076,-0.0004915186965777175,-0.008899780027448179
2020-09-29,354.212956014,360.108716779,351.833177811,359.528061471,13604204070.49359,40129528865.10481,0.0134584576213592,0.0133686970430653,0.1114027671792718,0.1056229716745773,0.0135853950857799,-0.5173641711073729,-0.0142138903085242,-0.0218784596613674,0.0079873824803028,-0.014181835246686134,0.011756401810251546,0.005080866629528502,0.04394032507016047,-0.05782834533828662,-0.005554724412593526,-0.048631949439827016,0.03125286666461846,-0.01715434850492198,-0.16302775475062178,-0.0014988893580534257,-0.034501294265021354
2020-09-30,359.837365673,360.814517382,353.083276388,359.380501348,10750901718.026724,40211921987.96927,-0.0004104272762361,-0.0004105115245633,-0.2097368091276612,-0.2353892360012485,0.0152956247308615,0.1185714972426383,0.0054613247569149,-0.0018750667483613,0.0062253213234542,0.016387570357956335,-0.07355020546904588,-0.048154823686719306,0.11367119622316287,-0.031750040172266104,-0.352377711089479,-0.009144714501041817,0.0035284865224508855,-0.0036918722984446983,-0.17894043474029897,-0.012115277881244117,-0.010822152285490327
2020-10-01,359.820327257,368.594671524,346.405843559,352.924169416,11757675812.717,40636249573.51056,-0.0179651703633975,-0.0181285031949346,0.093645549098654,0.0895166561625211,0.0422221293771195,1.015377654219487,0.0232978246285031,0.0290664225804286,0.0083116658359524,-0.0007216716943380594,0.011718743712159401,0.005482464410866389,0.011150703572245558,-0.06134674136796765,-0.10799944522539606,-0.14680027944772148,0.013952882429519586,-0.052644067725304694,-0.29902333966730327,-0.021893627841874413,-0.19644459344352483
2020-10-02,353.212845711,353.687695184,336.717391467,346.046835924,15708735701.089428,38909141646.78079,-0.0194867172270468,-0.019679086499246,0.3360408937367534,0.2897106837304017,0.0323507738882386,-0.2663065334013792,-0.0053349180395977,-0.0269358834351284,0.0095404011287785,0.00517998022270455,-0.0010007119269512463,0.0036926706458624975,-0.016105849617673224,-0.008498496318412825,0.05121202476649023,0.03794588685820711,-0.04158889311988967,-0.030162238925927315,-0.23216737280487507,-0.02357393919375819,-0.14914653904637576
2020-10-03,345.940163672,350.911453821,344.379293583,346.309049309,10864336123.746744,39200137939.91324,0.0007577395825622,0.0007574526428659,-0.3083888907117278,-0.3687314621321573,0.0132702095362331,-0.8911163045769661,-0.0219410886146873,0.008308090722618,-0.0311271607859812,-0.003822872776378626,0.002716315078534502,-0.001579592454110046,-0.02451007298469053,-0.03634516319526581,-0.009770578919243711,0.012009386067448488,-0.04018683341329021,-0.030263866237368042,-0.1009078041867313,-0.03245153977129788,-0.23089538078313798
2020-10-04,346.360799422,353.893554567,344.796522369,352.214924145,7696532627.991435,39342098538.08229,0.0170537698849746,0.016909986745468,-0.2915781930597008,-0.3447155901758576,0.0151845041922494,0.1347538083716699,-0.0005220507691362,-0.0036107242955794,0.0047892824395401,-0.012756132002950879,0.014318312088868072,0.0013302867872328206,-0.013709404643275842,-0.06532879968674403,0.013325700898956683,-0.033244207471347084,0.015351590579777419,-0.0004519164729689662,-0.09119351420692,-0.040739167842665305,-0.06874699352778557
2020-10-05,352.552667944,354.989240882,349.527811804,353.854553219,8863022283.018194,39778145130.65974,0.0046551947734192,0.0046443928645837,0.151560411864476,0.1411179025276855,0.0107212005107837,-0.3480523094934389,-0.0027779775919234,-0.0054183775385128,0.0004800457041263,0.0030360050250035284,-0.0017718869797788556,0.00042618167470470647,-0.002537571922761161,-0.041738095760248395,0.010550608434334308,0.07688022634126293,-0.06035338647046931,-0.0012895112925704055,0.06561681414095825,-0.037555792522801994,0.04169015918528607
2020-10-06,353.729931139,354.702109825,337.628505565,340.661695968,9434934522.359806,39344170733.628815,-0.0372832767898142,-0.037996071194854,0.0645279026813925,0.062531417014813,0.0258732959538956,0.8809882552438806,0.0116512151491097,0.0058327464521169,0.0101161463374594,0.003228910006517184,-0.022335817490557554,-0.012677874049028759,-0.05390234016068056,-0.054046689676287896,-0.16641548230487269,-0.004402192664897733,0.0019526187066572082,-0.0025198871713559834,-0.04219461419477272,-0.06367662760630165,-0.013139595049197483
2020-10-07,340.989220524,342.421614868,334.807049042,341.50761016,11889771755.563202,38366213556.06716,0.0024831502984106,0.0024800723749531,0.2601859321212765,0.2312592752523333,0.0158736294870601,-0.4885521830343986,-0.0036348299377872,-0.0071812644820178,-0.0013714860934675,-0.0006482757152930646,0.009975402420739979,0.00549868253358482,-0.0510117562611641,0.015055627085823408,0.09804703515129898,-6.317897968821651e-05,0.0008621514603067565,0.0004487306012538328,-0.031043289074838058,-0.035629126636128126,0.0028563174507734157
2020-10-08,341.967560207,352.617497142,335.545360884,350.939676997,9820746332.50727,38816785742.84501,0.0276189067429009,0.0272443850167007,-0.1740172532822456,-0.1911813934302137,0.0311818411701975,0.6751767020757495,0.012237827438275,0.0087470537344344,0.0101213476612754,-0.03529630411551088,0.012399289386826724,-0.006400055165034307,-0.005638868049528747,-0.025742530316910803,-0.3715504347005081,0.00790497954850257,-0.007577551815050501,0.0023996024994940857,0.03487284745030023,-0.029969221782214426,0.001492023749151361
2020-10-09,351.294341222,368.293487308,348.242872443,365.9897107,10996941195.680214,40324893145.094986,0.0428849591239826,0.0419908718758965,0.1197663419204368,0.1131200402568142,0.0303006285156305,-0.0286674562136473,-0.0045490605698302,0.0051256069892536,-0.0083381472110873,0.012235092723414758,0.0037875540767503477,0.0067420943511115605,0.0560310903256137,-0.06553584243878006,0.3351647088082279,-0.040142534132719565,0.03919233819376147,-0.0033493980900763387,0.039245915230273105,-0.022615429851564454,-0.003833236400251794
2020-10-10,365.377999123,378.005623463,365.377999123,370.816399761,12467964683.456812,42189659370.20421,0.0131880457834958,0.0131018405991676,0.133766604876858,0.125545368317341,0.0222009456844019,-0.311033569022872,-0.0014791088249408,0.0083225899077413,-0.0208240785678507,0.02115139709533582,0.004898115639927883,0.01422831087212953,0.06837547828191574,0.0227901277452552,0.2586973220875457,-0.025959675007479685,0.029509734883714486,0.012714740991672635,0.011436455309392567,-0.02187580151088851,0.012978022604932082
2020-10-11,370.944728015,376.997667838,369.580340685,374.894787513,9827859503.10054,42163564866.856544,0.0109984017821989,0.0109383592083993,-0.2117510954983141,-0.2379413703432978,0.0124130580582813,-0.5813858986286307,-0.0135780646039551,-0.0160274004708927,0.0072533197467447,-0.016972028422300684,0.01755404961716827,0.008379270832274521,0.06240385074484702,0.029507364777161937,0.029619948913009342,-0.012813541598543234,0.012975653735491172,0.007787703944197755,0.006956766528114012,-0.025276435208925002,0.000545999369993666
2020-10-12,374.484491641,394.6500779,366.815046567,387.737987195,11027452762.148428,42830237861.439575,0.0342581441774638,0.0336844008050192,0.1220604810914762,0.1151667103638083,0.046985013715704,1.3310797060128392,0.0335835651173587,0.0209275979094475,0.0266268048757929,0.019978749209487955,0.013406834097798526,0.019914826791658694,0.09144385868528251,0.02910033157116817,0.27651696749654997,-0.028323035328613282,0.032360532817007265,0.02600261769891868,0.009150085602093945,-0.013990003238840797,0.02031892420913528
2020-10-13,387.015415111,387.304242932,376.262918438,381.301105511,15351943869.008823,43212049710.93997,-0.0166011118244207,-0.0167404545971892,0.3921568471101639,0.3308542330862623,0.0182421730996349,-0.9460925769675992,-0.0258900940438646,-0.0270289618444985,-0.0145208880346366,0.026935573642795044,-0.041054175858832996,-0.013948437336012864,0.11269947528294726,0.07548461434033082,-0.08286986951911102,0.029320063412860958,-0.03407087356214755,-0.027334331479368146,0.04292814811770861,-0.008193329560383461,-0.013423853073711411
2020-10-14,381.369972429,386.754657849,374.134479167,379.642177259,11511322207.715668,42975263463.28172,-0.0043507040184863,-0.0043601958720496,-0.2501716847106424,-0.287911011603872,0.0232880448643318,0.2442040161574161,0.0035835235278467,0.0127182386280809,-0.002628318289619,0.0036174997074818055,-0.00039428867122665023,0.0027888261275384324,0.10585920703594462,-0.004661092836814961,0.013819883329497351,-0.008493431761657337,0.013504587816929259,0.01069494461703313,0.008392969835743825,-0.022691191344449052,0.013565093635977687
2020-10-15,379.082988183,380.361849038,371.424129121,377.346643678,11174692621.189137,42595675430.65225,-0.0060465715310495,-0.0060649260701137,-0.0292433467200579,-0.0296794566416534,0.0165700005118902,-0.340346270610397,-0.0045414042213389,-0.0109546977600273,0.0012381401031387,-0.002299215649086639,-0.02192035458940957,-0.011931347544006696,0.07254989594913012,0.016576363102920686,-0.21232703580141132,0.01593759415077168,-0.018522231072807344,-0.012980291149080836,0.03558758457272034,-0.021861891093593207,-0.007587043803191751
2020-10-16,377.63777813,379.75661985,363.29518358,365.910710021,11967627185.512655,41792476292.8949,-0.0303061756308044,-0.0307749022912812,0.0709580649064098,0.0685536356163142,0.0244434170652627,0.3887670766534894,0.0033356487356041,0.009238286509099,-0.0013028453539806,0.004101454348517344,-0.020058302220496947,-0.00032495154918266156,-0.0002158782180477236,0.011717236272243586,-0.26737892144097497,0.016146662041765257,-0.013371493403846496,-0.005545211340775846,-0.0022799891963502907,-0.020382318113516436,0.008007154864994481
2020-10-17,365.818559956,369.59554345,364.255744585,368.881792554,8584714398.926545,41549095303.30958,0.0081196927327693,0.0080869053902555,-0.282671972826934,-0.3322220434594998,0.0088901531671598,-1.011416660455316,-0.0134400259569161,-0.009959593047715,-0.0093157304721011,-0.011660378744758698,0.011428376779579311,-0.009515172677109482,-0.00523081342695982,-0.047722313094642,-0.0016364996634239404,-0.04297708054264103,0.031332298555224514,0.01569514867840957,-0.051295568504525345,-0.03803407883347855,-0.02388969173783706
2020-10-18,368.46730115,378.221060061,367.980208855,377.953189114,6931830365.419728,42196882960.76512,0.0245916083230701,0.0242941022913673,-0.1925380340799104,-0.2138593260223665,0.0112765300241979,0.2377792982470703,-0.0012550659067834,-0.0001535829892449,-0.0014029045098942,-0.017058265719997495,0.016806991273218316,-0.008205093207379402,0.0081249296560083,-0.03713398862223871,-0.003058603099927115,0.0031578619021600876,0.007472919787360588,0.007927745284991017,-0.011519145243333946,-0.0419975300949574,0.021916459167684588
2020-10-19,378.115750083,383.882364748,373.581366589,379.977811465,8241124031.633262,42711983662.76135,0.0053568071637286,0.0053425105058003,0.1888813772398561,0.1730128459022143,0.0189896497801433,0.5211705055473046,0.0116214175485944,0.0081369697697041,0.0083639555651377,-0.04384194073843567,0.018649509916409568,-0.005460715796196565,-0.020216960643210505,-0.037077976485900124,-0.28543626323078186,-0.004111331738859282,0.004297098018716944,0.0035035370122045995,-0.012539285511496934,-0.023564623698337273,0.0005290395656101232
2020-10-20,379.568507299,380.54838887,367.784578672,369.000854349,10191174721.786827,42265122042.70384,-0.0288884160727134,-0.0293139007872485,0.236624358845755,0.2123853761900791,0.0165518780477827,-0.1373945097311728,-0.005413170247758,-0.0035260688782057,-0.0041074074246229,0.02189350390683068,-0.025781789262943167,-0.015799383700824815,-0.03279040683326985,-0.07253193721489659,-0.11033095613544219,0.03228343219407795,-0.03164674576590462,-0.02170698644053501,-0.007908753968794811,-0.013143880816301952,0.0008782349658598143
2020-10-21,368.962422274,400.9086161,368.580551888,391.92282695,14535344579.192616,43456508705.089,0.0621190231156496,0.0602659910367151,0.4262678225032061,0.3550611181744124,0.0461125479041493,1.024585529183693,0.0305641378230764,0.0344729670807558,-0.002229991376842,0.00995426008415988,0.029296062102651232,0.029425847744582102,0.03183578007549481,0.04313646124642363,0.5283534573997599,-0.0020765545065260793,-0.03290512475228209,-0.03078138706908698,0.1380478023053148,-0.013397487076330818,-0.09577643560058746
2020-10-22,391.670009101,420.290728773,391.670009101,413.517074183,16498182125.948956,45975664275.73199,0.0550982125768215,0.0536338550850711,0.1350389415305741,0.1266669600633686,0.03672764373654,-0.2275553949268962,-0.0102616230839348,-0.0095349102185737,-0.0079741348291175,0.006075471755764061,0.014003439838251378,0.015123406547167886,0.09153456123067993,0.07169059903667423,0.2596457943374877,-0.003766257009618454,0.024160696529405848,0.02048250180825978,0.18384689948094374,-0.008730796780963519,0.14853974573368323
2020-10-23,414.319749643,418.825138941,403.76206844,409.400043187,13901313261.369255,46684347444.3752,-0.0099561330185317,-0.0100060267528729,-0.1574033335766883,-0.1712668857430394,0.0248128143027717,-0.3921694813678247,-0.0092727639799059,-0.018161604324267,0.0189192723390664,0.018670121763216994,-0.048441182364118554,-0.01779444538435962,0.11230343676908824,0.02481857991383862,-0.1652492761033595,0.02760764171044229,-0.10838327713233628,-0.06269704263088485,0.24398225540563645,-3.825265963275876e-05,-0.26772698215397717
2020-10-24,409.711515755,416.389970678,407.489831454,412.727660389,10079249596.447544,46656124531.6599,0.008128033343856,0.0080951787893809,-0.2749426326175204,-0.3215044998337619,0.0145819713731493,-0.5315742972626318,-0.0100085341092282,-0.003738126769458,-0.0105858909107021,-0.011484447554430233,-0.007742841177385445,-0.013354109755263674,0.11231171016821336,0.018768821043743496,-0.15316806822758355,-0.026462559888157863,0.05846753490526504,0.018477452978770778,0.16768544473903452,-0.02125431260548969,-0.0003826857517901239
2020-10-25,412.676931245,417.124578618,405.239686622,406.295759838,9283611355.992443,46332490577.23184,-0.0155838853759834,-0.0157065906032697,-0.0789382416658801,-0.0822281892375934,0.0179992434430985,0.2105437978550934,0.0035766778135889,0.004840375019028,-0.0014535010440998,0.010959108347930305,0.0379015533464968,0.028599914070558383,0.07231101727357617,0.02883906167814547,0.2815893897913173,0.019381928921195363,0.00524811410647108,0.015445210133140916,0.14440138744509223,-0.020814000182602307,0.08884649531634503
2020-10-26,406.123840744,411.788364698,384.759925767,393.73438339,13265450638.119244,45411074338.42223,-0.0309168287973482,-0.031404838780245,0.4289105962580584,0.356912333140327,0.0439742578284771,0.8932746872834465,0.0250616550824711,0.0081278717223748,0.0284183491475027,0.021715910660936213,-0.006153620286086577,0.014195445532651604,0.035563667987530655,0.058958874211940494,0.09689458891905112,0.028299785599259705,-0.003276013322966273,0.01699444739718342,0.10383487265496398,-0.002523638688242689,0.09119726034814768
2020-10-27,393.389766052,409.639744052,390.619462728,403.84218438,12959368782.190647,45230438397.31827,0.0256716238571119,0.0253476407999711,-0.0230736116155034,-0.0233439743178184,0.029403891307414,-0.4024773903761116,-0.0147088527505135,-0.0008998925759118,-0.0199599027432802,-0.009447570084903198,-0.03664362897106305,-0.02105501917943367,0.09022520957475064,0.031057499823396978,-0.21396762502549693,-0.025390026589254128,0.01558784909229817,-0.0054126429828477984,0.12307319505088175,-0.0009222759718868975,-0.03339768091280493
2020-10-28,403.671362474,408.477120659,381.476846588,389.01314445,12850058519.35489,44606623506.48188,-0.0367198883711623,-0.0374110355140783,-0.0084348446805507,-0.0084706192938563,0.0425418903750228,0.3693622233922542,0.0125384081176477,1.7670308189325634e-05,0.0179228279589074,0.0017410021813953208,0.012985908548002,0.004501630241257007,-0.007451816976042867,-0.018792796214380677,-0.07801494050932734,0.03464100921079069,-0.018938423105993238,0.01029832960767263,0.0921895993927345,0.0017835194085184132,0.05514621942610409
2020-10-29,388.808810998,393.164461071,381.355066159,386.735117859,11937811703.093252,44038887973.62652,-0.0058559116150709,-0.0058731246972466,-0.0709916468386196,-0.0736375486464185,0.0213070426495776,-0.6914515874824727,-0.019710650788956,-0.0104847666304019,-0.016793826884437,-0.04448968382072434,0.0113674750277275,-0.03228116817629067,-0.06695879675836071,-0.05269848982337072,-0.30162069125994373,-0.0013391265691813647,0.010007629138604354,0.005448677087152992,0.07294777765242255,-0.0048838563654071245,0.029921754365652475
2020-10-30,387.370760636,391.163501648,374.886930845,383.357277893,12127768326.4197,43297473286.23812,-0.0087342468010146,-0.0087726139031325,0.015912181231442,0.0157869096246766,0.0293474634998035,0.3201684611545614,0.0091409604028212,0.0004617195355212,0.0105864243898982,0.009544644815941708,0.010469771030096733,0.014163204660770416,-0.06572538390862039,-0.021268855355057875,0.22240062845682784,0.005860449969965376,-0.003182817359254575,0.0023647951572392523,0.0645856752738533,0.004037025627321129,0.009482082921201673
2020-10-31,382.935654875,392.626681183,381.379855806,386.563428677,10543037027.50612,43803552325.27255,0.0083633492016157,0.0083285701748981,-0.1306696546520703,-0.1400320817093842,0.0196976071096681,-0.3987089581935685,-0.0093988056503609,0.005707506003076,-0.0196402394606719,-0.01034701471196594,0.009724451035262253,0.0021824217767767093,-0.0654919925231031,0.005605698357131491,0.00707579300689698,0.0010685844992968374,-0.01106820689779102,-0.005941831542742054,0.09104274864368594,-0.00356051956829405,-0.033914278810089016
2020-11-01,386.708350411,397.173189552,385.325915364,395.485324349,8576498192.594864,44052559038.61572,0.0230800303653526,0.0228177149607759,-0.1865248912415541,-0.2064399505066579,0.0162467748410848,-0.1926027440921252,-0.0066848898682465,-0.0090583540256847,0.0022404974658768,-0.004905272105294747,0.011154499290102649,0.008243502269589538,-0.026967686959057324,-0.008559340234311378,0.010607417864123114,-0.011776340532900526,-0.013893887573316138,-0.017625200684178194,0.13353955010370794,-0.02116672189096987,-0.09092499087495165
2020-11-02,396.572484543,403.818551465,380.865690444,384.201793149,11422822896.433895,44215670707.5416,-0.0285308467983572,-0.0289457623911858,0.3318749260970648,0.2865876683828517,0.0363904810981663,0.8064128143914515,0.0210289476482126,0.0193642019249872,0.0091193320878047,0.02728657385292582,-0.031042606569479055,-0.008112846379017935,-0.02450861056999824,-0.022654738990234815,-0.05369353794566578,0.022966271753546375,-0.005484897107817882,0.01695475538055799,0.10383633506965619,0.001673715382124725,0.0682146293297956
2020-11-03,383.331575993,389.634859607,372.681772551,387.41287207,11099741489.160349,43118282221.233154,0.008357792645061,0.0083230596891503,-0.0282838498156536,-0.0286915437290712,0.0307593353172653,-0.1681136964188105,-0.00098201139407,-0.0203699940400006,0.0142758889007096,-0.025909304827150162,0.021259807110823946,-0.000443649098591653,-0.04153319168081912,-0.023396268696821314,-0.022212259883054752,-0.012144234909288884,0.0184874924603895,-0.0006254783208921311,0.09524940801333842,0.010138890552019301,0.016288514378690833
2020-11-04,387.962597535,407.623557092,378.301501193,401.774060651,11165254705.09666,44091767235.33133,0.0370694667533018,0.0363989151940437,0.0059022289843677,0.0058848790661962,0.0481020703019366,0.4471316820732598,0.0128188471839737,0.017073027024137,0.0059129192357343,0.0011034319557160083,0.0007826527058816188,0.0011702116001645058,0.032276759027303,-0.02168001692451396,0.006648385936554924,-0.03150929817660876,0.013307513242200392,-0.014435478605100832,0.1270039303427985,0.006801012409827952,-0.06749730988464209
2020-11-05,402.458293901,420.147284115,397.508574321,416.238824465,15579144258.269035,46143774628.63113,0.0360022341675381,0.0353693003673387,0.3953236777623661,0.333126415429008,0.0331072533021217,-0.3735728264342519,-0.0160767955263345,-0.0066807215139898,-0.015092151366562,0.0014168776654549867,0.008939187767148644,0.00874994510355323,0.0735191840918882,0.04628054184103813,0.18287356501146723,-0.04313156690686314,-0.03701050068153003,-0.055873887941010905,0.2003693019049914,0.01792733616792349,-0.3120999179681332
2020-11-06,416.69118261,457.564952401,415.565244923,455.736005307,21090683806.81053,49677931359.506805,0.0948906697801834,0.0906545133340212,0.3537767837033863,0.3028983039597923,0.0391893226739533,0.1686519375560387,-0.0061846420231383,-0.0006911623031899,-0.008069035122415,-0.0008477994101255514,0.008528499267091108,0.007636354786995564,0.1729463113290421,0.1055492500189995,0.29435546842775073,-0.010855553116188348,0.013073377619251161,0.005973674661704995,0.2885437428640593,0.026259049153242307,0.21830320973045714
2020-11-07,455.821650421,467.707082546,428.309614067,436.08436012,20441258183.8034,51355260975.46573,-0.0431206772301477,-0.0440779949894306,-0.0307920610330055,-0.0312760988155819,0.055809540603673,0.3535405044050028,0.029066091065683,0.0230909684091147,0.0176644501888655,0.0886786306623703,0.002291498137702269,0.059693696256186646,0.12053974616471329,0.10492098641163386,0.385450442502564,0.10740120708028204,-0.031887153991199804,0.0648319088982941,0.21722136285792817,0.029477274778962836,0.22444198618947464
2020-11-08,435.886745408,459.747487704,433.953858333,455.133898522,18027015604.48351,50522834361.10052,0.0436831497390963,0.0427559469775984,-0.1181063590905969,-0.1256838187848198,0.0307519364628603,-0.5959918666608615,-0.026681608152719,-0.0192656164097175,-0.0189126357297377,-0.04833161049590576,0.03525044071194032,-0.008211897502858112,0.14047797818153582,0.09084491635004943,-0.04528337171402974,-0.05952548210967322,-0.008404516633288159,-0.05878547718100274,0.21798643795963005,0.019044718024315035,-0.3253038187679609
2020-11-09,454.786266087,458.707067889,435.662846072,445.258615926,14727778060.99544,50908996547.00297,-0.0216975325900112,-0.0219363853814983,-0.1830162915412085,-0.2021361250078661,0.0339880244032697,0.1000552724659917,0.0071427924981639,-0.0072020461975784,0.0160401831285455,0.03186949886865931,-0.04063392526930665,-0.008405826059012134,0.14748735519122336,0.029917175754235904,-0.0375303855922029,0.024748462217057315,0.02921421228982593,0.0355237362720246,0.18294821197896396,0.006045674940328753,0.18019686105418065
2020-11-10,444.377921759,454.482202428,439.669402367,450.367594159,14818758592.08207,50816313089.31213,0.0114741816334646,0.01140885246892,0.0061774784159451,0.0061584760139533,0.0219029599493876,-0.4393864539418897,-0.0130552840817682,-0.0016828304092419,-0.0145900836651655,-0.014885288132274951,-0.004492818720777614,-0.014601826381135177,0.15057314797099317,0.032628603324228254,-0.10405130094138393,-0.01513616717450425,0.015621445707471135,-0.0029330839930001434,0.18341870523948475,0.013224039504661902,-0.007173880670667598
2020-11-11,451.037645117,474.980197765,450.353635795,464.017197465,15303700857.244804,52556764777.56869,0.0303076941658928,0.0298574898298611,0.0327248913699051,0.032200834600159,0.0332613661187876,0.4177747616517524,0.0139390245677026,0.0204537425444902,-0.0092678203205361,-0.02183499074924758,-0.022556949683068206,-0.030999131001959238,0.1440317226068107,0.03509923699545024,-0.2749236823893084,-0.02248303040290879,0.04367786733265551,0.020209977950973054,0.17959179426432664,0.01119301393205966,0.10642335432228722
2020-11-12,463.784090606,468.947881898,453.223681108,462.371309759,15104558481.301514,52222107493.443085,-0.003547040314436,-0.0035533459773083,-0.0130126939751972,-0.0130981008017736,0.0240418213024756,-0.324601678716014,-0.0105675906199594,-0.0222480763024676,0.014718694181944,-0.0028491853728582275,-0.026761114365432166,-0.014312269662552328,0.10510907626216368,-0.003963108566474189,-0.26241683302668184,0.007692286701179468,-0.01619998091050054,-0.009617129269287261,0.19277890288420754,-0.0006441244602393188,-0.03594481976701891
2020-11-13,462.771088907,477.181867767,458.445935843,476.451976907,14349713424.488558,52975260765.44899,0.0304531592916941,0.0299986659646841,-0.0499746522049887,-0.0512666128540202,0.0217789441405693,-0.098851230196256,-0.0046161853653629,-0.0056539010058162,-0.0024339830672892,-0.05097868070194848,0.06444028687050046,0.020126831582437298,0.044453228892826525,-0.05805643122337678,0.03375594222874945,-0.058079088174859406,-0.0008086940125406061,-0.023693177716550648,0.22713776472094147,0.007365588982020766,-0.12002952367259989
2020-11-14,476.531036159,476.531036159,453.910922542,462.499749101,13920288683.709352,52613383585.1475,-0.029283597261101,-0.0297209205609431,-0.0299256666719468,-0.030382578123851,0.0289392962233989,0.2842567644996321,0.0099766789468276,-0.0068513452966972,0.0111730556200744,0.04481328971127192,-0.06460729116815687,-0.026078856195023384,0.05881030332131397,-0.05956314848443348,-0.238712312706705,0.0667390944010606,-0.010713647845214239,0.020045860814825858,0.2034817702301121,0.007073535376347315,0.11318020915469873
2020-11-15,461.373748035,463.112181474,441.312365361,449.015839118,11047060426.91518,51673927487.23706,-0.0291544157790568,-0.0295878509158816,-0.2064057953163468,-0.2311830256040991,0.0296252844398523,0.0234277983195281,-0.0004343708632964,0.0107820599536422,-0.002456336883206,0.0008932138731413547,0.019186063552611588,0.009188577781192503,-0.013533494572166039,-0.06794974545310953,0.12906152478773913,0.04164775949964286,-0.06675837806129015,0.0015576554238214968,0.2046688216055117,-0.0023661036931903676,-0.02563054516676222
2020-11-16,448.698711155,465.201562204,446.37750266,461.602180387,11740238768.401651,51738393719.96255,0.0280309516335177,0.0276452751726348,0.0627477640837017,0.0608577843577736,0.0232931386245089,-0.240469363185225,-0.0084394250967604,0.0059675558209477,-0.014547425992597,-0.005456489665081915,-0.0132407622954594,-0.01128180813969746,0.036048165981967,-0.03055665927802753,-0.18949276658417302,-0.03451596967948803,-0.009399968046007012,-0.035743342447100576,0.22422719138789077,0.008087356483100583,-0.1741536587220709
2020-11-17,461.029994428,484.369166003,461.029994428,483.025220229,13666803243.397312,53417731912.71923,0.0464101790507993,0.045365429359645,0.1640992583712119,0.1519476191884535,0.0195021339412328,-0.1776349451031103,-0.0096052105731965,-0.0050357979778103,-0.0131890614542299,-0.0345480697395628,0.02159812712665653,-0.007142241903608973,0.07000474287269202,-0.01203624717529941,-0.05149685635458923,-0.06640898099025126,0.0663693410744542,-0.004117695652213996,0.24529851845616837,0.017045482484260795,0.01582814591825077
2020-11-18,482.427455557,494.879528171,465.994365101,479.756428717,20614086056.65511,54283181255.88982,-0.0067673309282904,-0.0067903331467222,0.5083326868420499,0.4110048598706823,0.0423857430738678,0.7762881649698641,0.030707907451141,0.0164093142846932,0.031759915222464,0.030803788734262625,0.020038079658960782,0.03195262331472654,0.03335691989610851,0.05431867842310174,0.443645097170283,0.06450540175268617,0.004657239216328851,0.03813067259151273,0.23316567480364575,0.030576965531214778,0.21906883610222638
2020-11-19,478.874849063,480.438516159,466.296418055,471.625888948,18476367260.256664,53863371587.747856,-0.0169472242211392,-0.0170924717930725,-0.1037018469081387,-0.1094821612124187,0.0188802567497877,-0.8086952977756994,-0.0233730706213638,-0.0203544414625559,-0.014367425775884,0.011941723044579654,-0.008245637527047607,0.0013906925981531926,0.01981779408034428,0.033018305733914254,0.024249965861937284,0.02813883899954804,-0.07557638384772235,-0.008955777554169903,0.24538710379782183,0.019964483482787298,-0.06345155719390916
2020-11-20,471.65228915,513.784907054,471.65228915,509.879561053,17153498152.543404,56536329647.20795,0.0811102040863953,0.0779884798867851,-0.0715979006630161,-0.0742903433425075,0.0362537729395537,0.6524266973155037,0.0065024194396093,0.0177823834472492,-0.01739248944658,-0.03285486639380157,0.04914037738565614,0.02810332007484527,0.06780760800244558,0.026649356204134736,0.21083145184980756,-0.07337051102615919,0.10882949223698245,0.012899441435023057,0.26310959264789197,0.006226868892979861,0.10173753052167345
2020-11-21,510.484489648,551.389459971,504.739667268,551.389459971,21431198111.267124,59431059105.29003,0.0814111843045326,0.0782668403429605,0.2493777024769405,0.222645589333272,0.0401495690612913,0.1020682501412588,0.0060787906134625,-0.0255510740661662,0.0316298646796287,-0.023965323925683013,-0.0058054165036955235,-0.008498062942600512,0.17579536890634906,0.06807602951289,0.12300579056172722,-0.045505086586423674,0.07887873668905154,0.0708418480078433,0.2877425779057813,0.011628085805165297,0.30233015301102095
2020-11-22,550.711786592,578.750259397,515.23447607,561.982123225,27406674038.013973,62200418544.07661,0.0192108555258876,0.0190286568052249,0.2788213657362131,0.2459388457088117,0.0812303748791797,0.7046775449687974,0.053477130272926,0.0382104474237832,0.0444172411004631,0.08650507891837997,-0.06493574752315948,-0.0063435556677265,0.22441187662745563,0.13395630649930348,0.06093674883668321,0.10077515689591257,-0.006431603629093174,0.017820066957921016,0.3167772614638791,0.03115985931962884,0.12750117841163
2020-11-23,560.314836144,609.057922253,552.452761751,608.360619371,33207042698.2737,66663990291.54644,0.0825266396017216,0.0792977899235477,0.211640735837352,0.1919754211288247,0.0462930223408439,-0.5622980077321658,-0.0469262070238406,-0.0284352243589458,-0.0391388738949133,-0.06864515450513453,-0.03456163358971299,-0.07529390103190052,0.2760643913783687,0.15230092839602855,-0.2226993596561595,-0.07965879104147483,0.026252032129373715,0.002995658735499951,0.387979872598046,0.051204533809880985,0.034482082522388824
2020-11-24,608.99083457,621.768091939,593.058291343,603.418407357,34719065009.14516,69054347751.60458,-0.0081238197487369,-0.0081569977828136,0.045533181759364,0.0445269770771958,0.0329362524945347,-0.34041729369808,-0.0053003156206385,0.0151649555668513,-0.0154813107572707,0.06932391956070036,0.09463966073595989,0.11081675581394615,0.22254196423591,0.12974860858288084,0.44891551353499937,0.09183795944091425,-0.020011731265120597,0.008240152218502744,0.39552946541850215,0.053442367293714266,0.0601330427100375
2020-11-25,604.610942261,605.824683128,557.893556729,572.319809116,25917481064.8077,67239991438.0676,-0.0515373708555118,-0.0529128903363629,-0.2535086685663649,-0.2923712743494374,0.0472543843646405,0.3609714897654252,0.0136718899312139,-0.0142585989718421,0.0238834119764557,0.0599197578882496,-0.020792842687751487,0.0359222936963311,0.17641940704626927,0.030193607617358523,0.13481543993070289,0.08181411126672831,-0.0511884368814102,0.014506932704719921,0.37402141386238424,0.02555594964913752,0.04264098397438998
2020-11-26,570.476136701,575.955317532,486.320554722,518.23509946,31155087716.173134,59254123142.94486,-0.0945008521363933,-0.0992689427263601,0.2020877969687173,0.1840598758488084,0.1036565394191796,0.7855374878278716,0.0590599716474127,0.0210896929595161,0.0554098302450989,0.0772384558561412,-0.0738468180482084,0.05974308379481391,0.09424293611298178,0.06869026876267961,0.08832433088569669,0.08572669460398416,0.009976099493658741,0.07680849921288782,0.24940483033605312,0.03564512951959157,0.16591777829392362
2020-11-27,519.901591907,530.585003983,496.603824221,516.511589801,25719042781.075684,58430782421.45877,-0.0033257293085626,-0.0033312718383271,-0.1744833776306624,-0.1917458797019243,0.0466247563867467,-0.798951275247672,-0.0571476212003185,-0.0083873883722246,-0.0582699297424472,-0.033093892288541815,0.054043288191309546,-0.025604698928422376,0.012923184387869264,0.043871535598426,-0.07132836641861884,0.014588071036536643,-0.044697837081149785,-0.006409254797235531,0.2834845940118043,0.024464412295252126,-0.034113516696957946
2020-11-28,518.547769393,547.708050206,508.183799434,538.321369461,15138980070.966011,59693807461.53013,0.0422251505883979,0.041357995410971,-0.4113707807933887,-0.529958802541604,0.0475807794035847,0.020297232647072,-0.002542008063551,0.0073692886389267,-0.0083454369162895,-0.059003204098867834,0.05834793327030148,-0.025184725680960057,-0.02398566054412019,-0.03203896369229461,-0.002442258056271518,-0.03394843433999972,0.001644458141566385,-0.03058190212638623,0.3307157141200217,0.0059937043734295415,-0.056530360912372624
2020-11-29,538.287029663,574.930757462,532.479617113,573.802384401,15787770057.23106,62527302125.68247,0.0659104708689639,0.0638293361649983,0.0428555941829476,0.0419627140678792,0.0369438242975802,-0.2530303889596226,-0.0152614310731205,-0.0193786008530375,-0.0056314265572879,-0.04084021452365047,0.04067138261655025,0.004725207651164631,0.02081501881565316,-0.06200257582107092,-0.0003090035406985159,-0.06387159055803598,-0.011000168967857535,-0.06206331272104032,0.40331766418815274,0.006809070273785577,-0.13685032229271066
2020-11-30,575.458049058,615.564511095,573.102358025,615.564511095,20300381107.93863,67471025961.74106,0.072781375311983,0.0702546920143317,0.2858295398494683,0.2514040663684347,0.0283003303596251,-0.2665250186226027,-0.0135384299940407,-0.0113745720330274,-0.0113505265777663,-0.07697529155097826,0.07717832175772599,0.05241479698274473,0.011771920906437134,-0.0737052346160293,0.002895440938033511,-0.1282560028125344,0.027933026419245083,-0.07235277572596316,0.4652437860275862,0.01792921672776259,-0.17787485685554083
2020-12-01,616.183533867,634.754677317,573.516677404,589.8144674,27801311744.23318,68561448547.40495,-0.0418315923528378,-0.0427317255972537,0.3694970353714812,0.3144435449661746,0.0663872284511429,0.8526312173128652,0.0476162815612888,0.0466950426984686,0.0277182905546253,0.04534217047524424,-0.025286382395832807,-0.01720022073628047,-0.02280280690800288,-0.04186113367610467,0.07816521167513923,0.11684290106013773,0.03273073545334132,0.09847735561266002,0.3996943454695567,0.03441204338525268,0.26622584986944475
2020-12-02,586.970964167,602.820206624,578.508053652,598.357253473,29296849357.987724,67424332064.17282,0.0144838530507025,0.0143799639921625,0.0537937787796922,0.0523967751693326,0.026547129953022,-0.9165830532320052,-0.0385107834227533,-0.0326241937552705,-0.0227066108932547,0.01963032727436869,-0.02305080920446409,-0.015014109199394193,0.04449004742052273,0.020668423913790535,-0.009198822514081773,-0.01327697310723247,-0.053393326226939944,-0.04347004740062471,0.44302007185290515,0.030965510459252735,-0.10805798109893638
2020-12-03,598.537314268,621.269532426,588.64983249,616.904853214,18849754263.437267,68867173618.92322,0.0309975347225182,0.0305268138801873,-0.3565944913357066,-0.4409801024104852,0.0331887203730134,0.2232884282473795,0.006078896615571,0.0021404072345345,0.0058110098847741,-0.003947858586067193,-0.08217797176491462,-0.07342412728899761,0.1742858040270702,-0.07740791191210981,-0.30452335840101474,-0.054069492114792464,-0.004449918231027,-0.04525331685167461,0.46522382604394236,0.013133981853636805,-0.12441938217076709
2020-12-04,616.551824352,618.836052545,569.723830812,571.978333171,18578754854.95589,67897663570.45096,-0.0728256874766638,-0.0756136916939741,-0.014376813866854,-0.0144811615880029,0.0352619917342228,0.0605955920539242,-0.0077483019601686,0.0008526716829343,-0.0102830383575818,0.06965713262578639,-0.050863665020903,0.02806267936954146,0.10200338417142309,-0.047826548510972317,0.055248566692880585,0.099326464120273,-0.04394430297748035,0.06552813298672547,0.3532112191559243,0.012404294403201715,0.09765053442915095
2020-12-05,568.823974868,596.047596655,563.49121208,595.548506193,18657983308.10796,66795290397.97293,0.0412081571190448,0.040381728451654,0.0042644651792116,0.00425539811589,0.027626047223023,-0.2440465948030805,-0.000887414079845,-0.0108060284562091,0.0051668648966234,-0.04259331514101074,-0.014016312742263372,-0.04483874126182824,0.1010271172121062,0.023856628943169367,-0.30202399471488683,-0.0540181028501959,-0.03590155992424761,-0.0611746815472792,0.3582236472402397,0.0051066443320515,-0.21188861964092043
2020-12-06,596.938911543,606.785505299,584.894523995,601.697268376,13355002634.15766,67785938031.35104,0.0103245363208204,0.0102716023298812,-0.2842204640437132,-0.3343830701112938,0.025508885098599,-0.0797322409310283,0.0030695350192888,0.0054796931035009,0.0011979803503589,-0.030093391963770727,0.0022839083236809304,-0.02689061839857941,0.047469383376989235,-0.01643172342181079,-0.298501387885453,-0.03073087390369822,0.1142651809817354,0.030401626956001876,0.2778407362360999,-0.012880500176482278,0.08140481699435198
2020-12-07,602.213641605,602.85844828,586.09441863,592.59222528,12541614833.203392,67581252695.5934,-0.0151322659658649,-0.0152479269948279,-0.0609051022478941,-0.0628387423115486,0.0172470289182172,-0.3913869346962468,-0.0089219413406718,-0.0074502999579025,-0.0067316753387067,-0.02724807319020913,0.029962563824984356,-0.000503124288159254,-0.038033235632170266,-0.05428536675285635,0.013980034670188157,0.027646534844042947,-0.10825712369072349,-0.032180000744188614,0.3066708042307026,-0.013326997753386808,-0.14135780610080673
2020-12-08,591.932557333,594.423944823,554.499859054,556.157757742,13094354178.450588,65996956607.72508,-0.061483202080123,-0.0634545244264862,0.0440724222995465,0.0431288570731812,0.030259992942368,0.562186583109284,0.0039639799599953,0.0124302451593882,-0.0033304507162027,0.03411639992370969,-0.05405777499587602,-0.0005273398372267063,-0.058756034461402956,-0.11176277038985985,-0.09841166269442647,0.04920680800904481,0.06520861929118253,0.06860682789589659,0.20046033282661785,-0.008412571486908965,0.21530434383167196
2020-12-09,556.855121774,577.422205889,532.874093954,573.995816622,20405094324.35625,63697896538.32011,0.0320737392074195,0.0315701172271147,0.5583123876347384,0.4436034328922009,0.0535544061951746,0.5708716002710026,0.0372775789079447,-0.002025466876718,0.0432388625303693,-0.024977629610143347,0.0799075769929691,0.02729225144152822,-0.041565881226450864,-0.07417616629902408,0.3658609994859021,-0.02052447282458475,-0.049129349071013594,-0.03682190148661607,0.2539668354352308,0.009676441806268282,-0.13511402922264204
2020-12-10,573.748460102,574.487692579,549.501451665,560.295981996,16786263794.833849,63991075370.57099,-0.023867481659752,-0.0241569247979465,-0.1773493654083645,-0.1952236707504739,0.0277707845555454,-0.6567135225683369,-0.029527398628155,-0.0090169241434975,-0.0282212002729266,-0.03514520793073787,-0.007390227339776484,-0.019976001272847516,-0.09624961990458479,-0.01802998433385956,-0.18634491501940698,0.01706896206255129,0.01884410772954461,0.021952753035455214,0.2184010581683644,0.0033316955059792238,0.06416451582747773
2020-12-11,558.830476491,558.830476491,536.789332989,545.385177056,16090933180.57788,62156477074.42877,-0.026612371709113,-0.0269728914530672,-0.0414225954479496,-0.0423049638341733,0.0240942205570129,-0.1420125520047528,-0.0042492285903562,-0.0056751466892288,-0.00369882859594,0.06384919595612752,-0.046627591870845496,0.004017961105923576,-0.04760881966367783,-0.02217891838920917,0.006790010681920755,0.011743301476869611,0.030414220150313212,0.022399991853972095,0.16157067688543586,0.0013299650654315209,0.07750433393431422
2020-12-12,544.799938166,573.051854068,544.799938166,568.071724637,13077358658.153696,63603071003.47253,0.0415972940508988,0.0407553945913919,-0.1872840119715143,-0.2073735686854811,0.0245386738821618,0.0182783979658474,-0.0042770766366269,0.0210069709611829,-0.0252840475978099,-0.05017693321428579,0.04629101052440194,-0.00036625800909644013,-0.04723515352393998,-0.051616565682585484,-0.017398925689775968,-0.030942230885458638,0.006942362703622598,-0.02417851475654237,0.20587941745413615,-0.0034283832165643404,-0.05765268102430121
2020-12-13,568.04074277,594.40786573,564.499674343,590.398159713,12883086837.63333,66128516592.93795,0.0393021410989373,0.0385494697457248,-0.0148555855657624,-0.0149670349179575,0.0275124527503475,0.1143883306716588,0.0032338155961121,-0.0034824884067684,0.0167483803430767,-0.02811464401043906,0.026766859071130772,0.020756870247122444,-0.018957286108096466,-0.004489540969343215,-0.0016642781998292833,-0.04316416402561088,0.039995652865360484,-0.009294847841325588,0.21443022123517688,-0.0024876948955451722,-0.015263795096725818
2020-12-14,590.513204255,591.063281364,576.975374048,585.830926747,13285092245.33701,66560148570.68324,-0.0077358523072297,-0.0077659292268373,0.0312041215564398,0.0307271694894301,0.0163245421184605,-0.521969102567188,-0.0052266448778445,-0.0146471359446044,0.0020467908530903,0.00309282937748679,-0.012189706988587193,-0.011983492503892829,-0.01147528834010602,0.007063917944767534,-0.11466452504196356,0.01584842883527121,-0.0372671704940403,-0.012241506441196814,0.23638521256928258,-0.0010793449888176197,-0.04657545094061888
2020-12-15,586.312592578,596.181620904,580.97819159,589.174710094,12501104462.707764,66871715262.24858,0.0057077617352285,0.0056915341826033,-0.0590125960852414,-0.0608255253367647,0.0180135799643638,0.0984562890167994,-0.000975538759513,0.0111706400265502,-0.0074794623466156,0.020583357503648494,-0.033299882369313874,-0.02779323664156999,0.05767077026898358,-0.005632548200120222,-0.0784016719172711,0.0008106340936651635,-0.07427787678900835,-0.030210485046738872,0.2716645976677676,0.0024690388705616347,-0.13933127200472262
2020-12-16,589.156207076,636.77174969,581.908844275,636.77174969,14853794060.064754,68666279763.76693,0.0807859515701312,0.0776885094022203,0.1881985391271095,0.1724383274547467,0.0415380479835118,0.8354839101825635,0.0153557886574158,-0.0140479866363602,0.0220786827278018,-0.028403814746006166,0.040152452211541956,0.034339841622712794,0.10378916244408917,-0.05430304204536276,0.35865929835683064,-0.16077489928231342,-0.037941913562194535,-0.165191274115793,0.32170783189735297,0.005266557078462464,-0.5165397243103456
2020-12-17,637.567152504,675.086558503,630.326991879,644.532271585,32464770188.75662,74173427174.36496,0.0121872898707866,0.0121136227843905,1.1856214013387962,0.7819001823205858,0.0480367258730184,0.1453560146108214,0.0204845356211138,0.0514627134037538,-0.0174404602379992,0.09356006359606661,-0.020850157018505663,0.02029688780303221,0.14005971002642625,0.1463561160840072,0.2859716688409999,0.12475040633661837,0.10602381842729025,0.1637183983401206,0.2884560253220985,0.03122057364936894,0.5590660629014943
2020-12-18,643.444513826,662.890064589,633.563559275,654.529322299,32211180193.387463,73626723357.33124,0.0155105510689415,0.0153914920079024,-0.0078112364231975,-0.0078419039356107,0.0301832498737946,-0.4646787101349323,-0.0241850380290077,-0.0320228925995671,0.0064920130851795,-0.012129672759381455,-0.0857948150733137,-0.045511469058166415,0.18242409348739594,0.13101597896396464,-0.30610038593775624,-0.02169927968630518,-0.01101883112329441,-0.023556055620931937,0.3106378504767232,0.018785885319969255,-0.08284875320085483
2020-12-19,655.127199244,668.961087297,647.281421717,659.957348257,20605945919.77005,74785644445.1421,0.0082930218296934,0.0082588236648223,-0.3602859070652685,-0.4467339322313815,0.0228436614695681,-0.2786134491052561,-0.0069600842397925,-0.0026124152023584,-0.0071598622812339,-0.01887494316042085,0.03125688790576749,-0.01150058978211646,0.1499275225608262,0.05576496012185082,-0.15551595262246787,-0.012896273101555056,-0.09500498730399584,-0.05000748917043055,0.335989145934618,0.003411632290030345,-0.19762500559330576
2020-12-20,659.717654114,659.717654114,626.936869221,639.936581816,19625176203.116863,73932221969.31624,-0.0303364550661895,-0.0308061285478411,-0.0475964423313468,-0.0487664288990299,0.0306719137084553,0.294673691468533,0.0096079491632551,-0.0168274056018281,0.0170556719496222,0.022044479480689078,0.017753582373762455,0.02784122671942224,0.08057192426726006,0.047429610731697776,0.14814672748905489,0.032092209562342225,0.11537409323153837,0.07793894713493471,0.22719453749999158,0.003945143968230999,0.24879743774898433
2020-12-21,638.545755017,647.012974377,600.741283702,611.39595163,21788103341.29225,71141544271.93866,-0.044599154036495,-0.045624292571879,0.1102118582676405,0.1045508604163403,0.0449858845716744,0.3830013914447456,0.0103055394843027,0.0273107417700383,0.0004136276546974,0.03360053318290078,-0.027413677269356007,0.022386245384473064,0.0427135609222184,0.056778214570110584,0.037022803699453544,0.019805312154754687,0.053324955828628326,0.052447003868380554,0.10330340458515189,0.0005683868772911961,0.18767952906983587
2020-12-22,609.121688929,635.279992483,591.02132177,635.279992483,21143128007.717854,70012589619.62695,0.0390647677488285,0.0383210467948681,-0.0296021789263344,-0.0300491667446922,0.0438684165670525,-0.0251541436049911,0.0040260137337947,-0.0273107417700383,0.0139179255634,-0.02723617682537953,0.011360067432757269,-0.023406792407428115,0.07534307353448329,0.054581736799140405,-0.0906256534347154,-0.035633600662588055,0.025834902875511934,0.0011987139009390912,0.1225957945747953,-0.010022185999943263,-0.019226382716358792
2020-12-23,637.205159991,637.599744715,562.19335703,587.243686104,22016623613.67007,69727710853.99295,-0.0756143856998384,-0.0786259629053387,0.0413134520887055,0.0404828510227572,0.0731132921433824,0.510815564518881,0.0275621318556935,0.0071365166254135,0.0272183062776006,-0.0016830748188260969,0.041102096066092136,0.019248929874024448,-0.08097139877307562,0.04308526028648519,0.23484011451604436,0.013429308803374049,0.011418619330641755,0.016546076385311637,-0.035327958254091324,-0.01815950318414273,0.05532257351886627
2020-12-24,585.250435334,613.230446742,570.198414957,612.106973917,25875008468.279205,66920036302.47502,0.0423389614930602,0.041467189370625,0.1752487085355574,0.1614797920366298,0.0432332127053409,-0.5254011728038712,-0.0302631815940169,0.0021175227607676,-0.0309041480773976,-0.030508997355362714,0.03309705187580887,0.006215903304076453,-0.051617832186841066,-0.03956904213486862,0.0007754625601519294,-0.015935767041280205,0.017840777480286618,0.008455630812427867,0.014296228899347565,-0.014588897149103207,0.004225793673427125
2020-12-25,611.382113595,631.60813,605.402919868,625.399119623,19584229908.45132,70257009800.94087,0.0217153966094207,0.0214829761008155,-0.2431217971402753,-0.2785529329945849,0.0264447875032024,-0.4915499434273758,-0.0186562074294331,0.0086773750676553,-0.0251166297573762,-0.02126111586219697,0.020513531792293094,0.010850811636331253,-0.045526348093927964,-0.08049462484754451,0.00456770878007573,0.009542531095516213,-0.023434261854577282,-0.016489697724054397,0.08869209533652607,-0.010579490066109434,-0.030756553132980757
2020-12-26,625.556582603,649.758255539,616.066315928,635.630449012,19986054740.754555,71874072129.43272,0.0163596798715794,0.0162273021291786,0.0205177754847449,0.0203101215234571,0.036317576790925,0.3172427641345083,0.0109105139083639,0.0109553518780864,0.0039905153908453,-0.037511095478088854,0.012470668570667948,0.007074083182325219,-0.03755786962957157,-0.004123589381591662,-0.07639407900295758,0.011966367226155059,-0.09398160580254065,-0.06579287179539145,0.20418834019206478,-0.01893468376845095,-0.235611092177745
2020-12-27,635.636073392,707.727119779,629.972352168,683.881508808,29408105948.798782,75386130382.96674,0.0759105544282841,0.0731673304295265,0.4714312719674112,0.3862355814962507,0.0685926488653735,0.6358835363971806,0.0302341345217944,0.0317937933773096,0.0052475796391186,0.05937673226020991,0.017822818611426927,0.02861379667545705,0.06641558934779603,0.06317343226812383,0.34984997878702684,-0.022173468496353363,-0.028950483086497086,-0.0354042601844414,0.2806869424599184,0.006293747135289427,-0.11086097158603114
2020-12-28,682.12974047,746.711974872,682.12974047,731.985374426,43965957947.58786,82572772373.9873,0.0703394740147962,0.0679758635901683,0.4950285483919006,0.4021453025746399,0.0465755331394145,-0.3871100062698258,-0.0240123051757575,-0.0182321663115689,-0.0271089307838101,0.004315756458102546,-0.01250297282642901,-0.0099605528384068,0.18001574550984362,0.12996101197805626,0.049297028464921455,-0.022505921281204308,-0.018675087090295382,-0.02919935438357829,0.3073048106391158,0.04786210379156929,-0.10030900160066691
2020-12-29,729.785169041,737.589556445,692.840494143,732.943832297,33560625431.58293,82058302031.14748,0.0013093948383211,0.0013085383284913,-0.2366679358700475,-0.2700621338151964,0.0441747119367904,-0.052922866094156,0.01223635689811,-0.0342501478339807,0.0540667243745048,-0.0093657594699455,0.03679829079978894,0.0313893488305195,0.14300323704346687,0.06600854056051207,0.09154421150309222,-0.011112295297900476,0.09779991596571208,0.07148306246759248,0.24478401280260875,0.028406337673271245,0.25336129983322486
2020-12-30,731.317989248,754.803257909,720.620070971,753.752103938,27809473840.69383,83882375417.262,0.0283899948728516,0.0279944675338508,-0.1713660433001603,-0.1879767693677131,0.0268563446859188,-0.4976504030372979,-0.0281052624422323,-0.0015612535472493,-0.0283292126157829,-0.03549713869566093,-0.09698505739483096,-0.10285533084569157,0.24962366748265633,0.029363766260529008,-0.40330563716688395,-0.05281356732693092,0.06788729041572805,0.05373009443200877,0.20252378832212795,0.01176345361409453,0.134733968417855
2020-12-31,753.30415685,756.931006003,730.761952387,744.03743925,32085916100.308968,84951925020.5771,-0.0128884080551754,-0.0129721841921105,0.1537764534529735,0.1430404348086736,0.023659793232195,-0.1267249748091807,-0.0014897966225446,0.002447046510077,-0.0023500610614863,0.041742259063314,-0.04025671367243161,-0.01185932547195094,0.19518429391992062,0.030553597184453,-0.1866278042779448,0.04928252234784182,-0.04478450605820339,-0.03363991160578503,0.23228332972727103,0.0066506063553829695,-0.05959334942526562
2021-01-01,743.134659745,754.297612055,722.419457314,730.868534178,23706827592.34648,84369986354.00629,-0.0176992505716842,-0.0178577553693881,-0.2611453723735755,-0.3026540923694062,0.0287279334304579,0.1940928203030631,0.0031801225309071,0.0126058865254715,-0.0052565510678148,0.021155759588946485,0.006093664237570427,0.020925104594266858,0.15584356244971695,0.01977693164319245,0.0821981540888328,0.02460131924255135,0.011955342263381241,0.020564233536847887,0.20004561036572016,-0.00868571088974102,0.07341331329727474
2021-01-02,731.435387636,786.291987118,718.063089123,771.806380703,22035309315.237297,85527530455.51093,0.0560125995450635,0.054500116600262,-0.0705078851481932,-0.0731169550714604,0.0548149917188431,0.646093788366267,0.0234650725235535,0.0149807856156308,0.0183623523235285,-0.018838134663840322,-0.00847904183536357,-0.020416247004568164,0.19411637692080036,0.009687043043994502,-0.08433274501985943,-0.023454604006106536,0.04083915797513782,0.02998786379178195,0.22401891308579489,0.0049589207501592085,0.09807584514964351
2021-01-03,771.219259193,1008.35935322,771.135299817,982.082462806,42437519218.11326,97932978277.89398,0.2724466749179632,0.2409415628025548,0.925887157334703,0.6553867225290475,0.1157694094648064,0.7476366352182282,0.0325597809414592,0.047467654556448,-0.0313623241305033,0.03870041197865515,-0.04263119666752441,0.02561288383236214,0.3618906092938287,0.05948897085636937,0.45913820428037644,0.055705487397064796,-0.032661413376742277,-0.007391390815706417,0.540574167582324,0.0363789445223859,0.2253393850188683
2021-01-04,976.801806718,1152.226308046,916.755032657,1040.789196724,99914889203.75732,115565400020.68764,0.0597778049617783,0.0580592681904739,1.3543998575937368,0.8562858574519631,0.1567681955514998,0.3031678895795524,0.0733470431380533,0.0454775925816213,0.0845942767128946,0.11394232877997627,0.14539745912370636,0.1583996458688341,0.35197401389413435,0.22154130086277185,0.5843355104538599,0.1356854048402809,0.07589749303178517,0.14342549411439842,0.5582517073211438,0.11481946549701175,0.3510678253305355
2021-01-05,1043.052999786,1126.863340374,988.166014122,1102.305802444,87973351491.36487,120627872433.06578,0.0591057304530353,0.057424901534593,-0.1195170990785965,-0.1272847709716326,0.0862910755573283,-0.5970420719578082,-0.0703963253157859,-0.0883497046333097,-0.0128561368846004,-0.07363369439231421,-0.05685632254368794,-0.09273307331273514,0.4080903771002361,0.17668984522181969,-0.272550536383813,-0.08911246274530008,0.022503369383165273,-0.03500620984038577,0.6054050065258555,0.09495635191014286,-0.06533278413377264
2021-01-06,1100.763600351,1208.067837253,1063.596389609,1207.112288746,66136904550.03913,129833780388.10132,0.0950793201574611,0.0908267991448872,-0.2482166084518119,-0.2853070396786996,0.0694646954738174,-0.2169075361799999,-0.0207531408176313,-0.0326869814010146,-0.0109326237155258,-0.12256640110733633,0.06921401029851248,-0.008321197970509009,0.4709227087112725,0.10803092649639665,0.027557342720573308,-0.14576460790854692,-0.005022156846408443,-0.04888070100597369,0.7114797326655706,0.06303600120513597,-0.058914088027059885
2021-01-07,1210.802895462,1285.913678071,1165.888174574,1226.270760769,69636874878.29745,139281646039.65222,0.0158713254778497,0.015746692984013,0.0529200807335978,0.0515673335323119,0.0688361334244052,-0.0090898425170369,0.0025515967979259,0.0448841238579785,-0.02224757450735,0.1420433143438471,-0.022229746570795267,0.05179956011248457,0.49964158588739616,0.09560617964616416,0.19389389256523892,0.17560710655059614,-0.10162447708408576,-0.017658477761307467,0.7906809500760701,0.062457966675616705,0.029653852144405524
2021-01-08,1226.194419254,1271.78220296,1084.56771964,1219.75417602,74834975973.38991,137209481945.74884,-0.0053141483573443,-0.0053283186681103,0.074645812354116,0.0719911304103018,0.1125505016526322,0.4916732223015816,0.0572179871805428,-0.0144152160527939,0.0763831461906598,0.011257040320174133,-0.03664946021812433,-0.011791556018421884,0.5121710225886738,0.11702288383143059,-0.02912047094519221,0.007098507777322682,0.04223829853014857,0.03542966591957192,0.753782514180845,0.05664983548774991,0.04718306383934101
2021-01-09,1218.928226794,1302.811666173,1178.471553288,1284.753112714,56769902511.29867,139875193474.2568,0.0532885543430468,0.051917226327424,-0.2413988008563654,-0.2762790689961405,0.0629454288905005,-0.5811338815671299,-0.0642656507137656,-0.008569406182396,-0.0660852543104446,-0.0870849700850558,-0.09142111432492571,-0.11307155895884942,0.5095881323158358,0.0723444839320012,-0.3110385114680916,-0.09776930155397409,-0.0463809430018306,-0.09525812544602696,0.8298566653062157,0.0396606322117614,-0.12768019800403185
2021-01-10,1281.157188706,1347.314268958,1186.689738394,1263.993464009,57825073378.14089,148884402277.58685,-0.0161584731724415,-0.0162904448718163,0.0185868007547171,0.0184161771620615,0.0893717228522928,0.3505361900257431,0.027714555945865,0.0262147986318052,0.0155391661266661,0.05773201115261904,0.1352948861166549,0.11638184703648884,0.2523561246414645,0.03044874941644199,0.13635649202799316,0.1317235719535835,-0.18739928211048434,0.02377826682965406,0.8405391118874666,0.03978480671291972,0.04173439486757724
2021-01-11,1261.123629239,1261.123629239,926.606220764,1091.401730226,82360308517.97612,122548355276.07928,-0.1365447992393821,-0.1468132637365003,0.4243009771797379,0.3536811510353554,0.1985758156430739,0.7983666370369595,0.1349088310735265,-0.0566935720259518,0.1550936370809019,0.0889236425977589,-0.003547249987677581,0.06847810730688425,0.047483592714490236,-0.03481229904613087,0.17864798316802877,0.186117704875771,0.08284995371344238,0.19408954644349302,0.652970453559574,0.06274029031428768,0.2330293876017232
2021-01-12,1091.806095005,1147.680907097,1020.566617372,1044.332167129,79469006351.34503,124096575846.87712,-0.0431276236727726,-0.0440852544919337,-0.035105528605445,-0.0357365396907805,0.0782701758790901,-0.9310043350959404,-0.1454801340472914,0.0686279314371401,-0.1852081894886967,-0.0053014894812583035,0.004322854889540678,-0.0022472405647451232,-0.054026563312036646,-0.01731083530696144,-0.00200170665232946,0.03185773793574409,0.0916079967826391,0.055961684773933984,0.5703357293219155,0.05680117278507667,0.08287867902901702
2021-01-13,1049.92706161,1134.814214075,993.590997213,1130.065833872,52027694718.78536,122028960436.7805,0.0820942507006103,0.0788982844870074,-0.345308352179934,-0.4235909208792337,0.0821037265326618,0.0478167706986925,0.0070241014798441,-0.0505723792401856,0.0448391518120641,-0.08984471653346696,0.08691221349536629,-0.00036865494027338297,-0.06595507796991629,-0.029397624406162934,-0.005609277054657857,-0.07590339646494376,-0.0032013062100154366,-0.07138999353850928,0.6569999430357604,0.03162298884623173,-0.0865626823587129
2021-01-14,1132.295139701,1244.069800787,1094.997820433,1220.241033479,45944451364.51135,133757391116.16,0.0797964126550294,0.0767725165655895,-0.1169231769186491,-0.1243430798055269,0.0773563633291033,-0.0595605652611603,-0.0123531927687156,0.0246137177878329,-0.0240234600936065,-0.040456324659664436,0.047260306263227136,0.02590425064228019,-0.004929254388339868,-0.051396201969812816,0.013237627715207756,-0.09623213277428977,0.019277599506332788,-0.07520893258423789,0.7280809254187466,0.026515789091485813,-0.09824454935026705
2021-01-15,1220.514139066,1251.778369055,1088.65836296,1166.958014808,54737261213.83709,136634407069.9976,-0.0436659784494265,-0.0446480320275513,0.1913791456462472,0.175111581985261,0.0947045851824302,0.2023395766634834,0.0247549828994672,-0.0005422880064689,0.0288820804052963,0.02336426009092611,-0.02622699702232878,-0.01539992065887924,-0.044248967747780844,-0.04576963014180158,-0.005195791957116391,0.04165457212414342,0.11258789016376766,0.10268250404527168,0.6057443839889748,0.030729305748773066,0.15344295710070288
2021-01-16,1171.890015013,1285.778492683,1155.918232051,1235.766738172,55657526833.38291,138951671848.07645,0.0589641807938747,0.0572912424342775,0.01681241624331,0.0166726519154348,0.0676737425601678,-0.3360641622356803,-0.0307704391980496,0.0185319778263849,-0.0588331378323248,-0.05400066414868247,0.05395134684882269,0.033844288018990476,-0.03887495164092736,-0.0025955078740073955,0.0016611835507882589,-0.07519149467613656,0.022942631384697654,-0.03401694299375052,0.6509220036388619,0.017444677588765094,-0.05103414033347353
2021-01-17,1229.650905818,1268.291605118,1174.88761693,1234.467925024,51283343265.1442,140011451226.6686,-0.0010510180504788,-0.0010515707572538,-0.0785910516888995,-0.0818513148809615,0.0540378605085849,-0.2250133333378778,-0.0122073101808719,-0.0317393335899331,0.0171964401473799,-0.03788443267674352,-0.008065810777826699,-0.01378514250507673,-0.023636077526364898,-0.015401653638935815,-0.1314436955011078,-0.0015814097082402778,0.020820157056523347,0.015716299868734407,0.6344789408737056,0.014120760219241336,0.02129918168184075
2021-01-18,1234.467843321,1260.238661084,1187.844748272,1260.238661084,43122868894.01037,140298020785.50586,0.0208759867612591,0.0206610692796574,-0.1591252412882424,-0.1733125495854108,0.0398131290448745,-0.3054881880306568,-0.0078628391049512,-0.0289196262147702,0.0002522841293191,0.029199914830421884,-0.14765936635799212,-0.1383977405796724,0.14383825548979284,-0.09771704413275066,-0.37470638284549307,-0.032719816826794534,0.012456596991680169,-0.007736821699523055,0.6468811864885408,0.016418533973998645,-0.015140597236854014
2021-01-19,1259.33620875,1427.175262344,1255.551822295,1386.98081218,60479280675.5025,156467075270.19852,0.1005699594924205,0.095828190606669,0.4024874092712065,0.3382473810276843,0.0678750973395708,0.5334724789607694,0.0145151887264826,0.0597845376193124,-0.0304152855322711,0.036366730383468666,-0.014065582941112986,0.0045382159389027454,0.28375170058839544,-0.05095633152820827,0.17157103205236623,-0.06684248234584214,-0.020225435983498852,-0.04906549306106983,0.7735155056430507,0.029118058817609073,-0.04417978912277265
2021-01-20,1375.560773134,1403.278939717,1243.607283904,1385.325719148,76141583200.16394,152605052292.24884,-0.0011933063654994,-0.0011940189224626,0.2589697223532876,0.2302937058082059,0.0853019789343138,0.2285284415738342,0.0433062907912226,-0.0437569408125784,0.0870127415377275,-0.01065006790641114,-0.03831226843834587,-0.03691578483457697,0.20365939717892528,0.0642728131927085,-0.2657204171195371,0.007608091029832842,-0.07022410437830001,-0.05897168946615028,0.8179457792924674,0.03747007689216397,-0.07587613828448914
2021-01-21,1377.877321411,1378.407099431,1098.657772734,1128.559276247,70734494737.57494,143333717589.0029,-0.1853473442035825,-0.2049934457925563,-0.0710136069586921,-0.0736611871632855,0.1016742677252473,0.1755765957278074,-0.0270746622991295,-0.0072595971172892,-0.0263420224517923,0.10863240902224947,-0.03316889728911224,0.07417734988327018,-0.07810656517922036,0.0620319921774332,0.24651017540610587,0.2758970072085659,0.026536048253425926,0.21342509206946747,0.5746312867050428,0.03300393820476259,0.2875604850678586
2021-01-22,1120.961436406,1272.354830584,1047.741913039,1237.203402514,78630119586.19547,136581632502.33836,0.09626798392752,0.0919116695206834,0.1116234006889185,0.1058214700220642,0.1228919294010634,0.1895310967464167,0.0430888831817247,0.0508065266467752,0.0279812169728323,-0.023844614816680154,0.07227915199797713,0.014169753021242765,0.05845313636901448,0.0563523313947323,0.15372044963054132,-0.07824632743480103,-0.1533604732180772,-0.14182629642990996,0.745168919131065,0.03639202855284813,-0.2045441063375153
2021-01-23,1236.376384497,1271.518276772,1203.253254759,1231.985488668,46981137924.26482,142160104863.416,-0.0042175068670172,-0.0042264256345795,-0.4025045596838573,-0.5150086264756437,0.0389573892564007,-1.1488368807452871,-0.0824958001002084,-0.0298219358965915,-0.0806467839174347,-0.019768750360068504,0.02460920498958158,0.0024771043192574893,-0.0030645316998425595,-0.02009835402538048,0.012025312014181111,-0.003742431898833276,-0.05850541540916297,-0.021230270020573927,0.6994753041258603,0.013235465184655027,-0.06900316583388333
2021-01-24,1234.232438001,1397.406839193,1228.046950762,1397.406839193,45300423691.65884,150906609117.61362,0.1342721582734309,0.1259911749879851,-0.035774234232371,-0.0364298149370068,0.048883315808784,0.2269676826015234,-0.0135873237961709,-0.0297525904396283,0.0001627098948594,-0.09271944583867671,0.05628522966910657,0.0055201580578744525,0.12397821404539656,-0.014098212396192963,-0.06636491094598562,-0.22123819840607017,0.028332826944389822,-0.18991241851994214,0.8039835030130301,0.015893176159427803,-0.27204323722566204
2021-01-25,1392.181697479,1463.065644961,1311.942580803,1322.609995904,65227836093.71216,160632114841.9383,-0.0535254595806866,-0.0550112073534748,0.4398946141804531,0.3645699263128784,0.0701997939921275,0.3619092281845235,0.0486371606764456,0.0707970639292174,-0.003551742436413,0.06772401710464798,-0.010311287721706475,0.016558921204286203,0.04830593741226434,0.0511276939021376,0.1352791723399176,0.15821101076079408,-0.030419310541217923,0.12835761252863312,0.7327449935303767,0.027361636201224053,0.17821893175764447
2021-01-26,1322.313127755,1371.622973545,1251.734445723,1356.036023241,64819621702.518906,151704261005.39264,0.0252727768885139,0.024958700979388,-0.0062582850457705,-0.0062779502013262,0.062752660667564,-0.1121443982526697,-0.0047705099862463,-0.0503413176476786,0.0443326193183387,-0.05457181542356154,0.05796738040450983,0.03287054953147242,-0.02256355221501658,0.009739097487202778,0.007688355393557167,-0.04929974207193383,-0.08147565505662646,-0.06052519008890084,0.6845363640802381,0.02090601871303452,-0.15264659484586451
2021-01-27,1362.995782518,1366.099612093,1215.430041733,1250.249614514,61210536935.20993,146738943477.9639,-0.0780115033184477,-0.0812225319875918,-0.0556788927876251,-0.0572890147312415,0.0628374129630884,0.0013496657170373,-0.0107085447901417,-0.0062582468405288,-0.0093675636849462,0.028659249376630072,-0.04497774417576045,-0.03319738001915093,-0.10259206528014578,-0.03390895675229096,-0.033148968803185186,0.08988678461471289,0.17511782100703546,0.13339623245328697,0.5353379685024778,0.010024644863884068,0.2156435822561732
2021-01-28,1252.531546964,1357.175689141,1224.034932118,1331.961424886,60091691953.16979,149948979647.6473,0.0653563971733461,0.0633093884133501,-0.0182786336807404,-0.0184477519088542,0.0622110331109868,-0.0100182786862248,9.638317500931803e-05,0.0245935084487606,-0.0127920752346355,0.06102242574482225,-0.09267229458442688,-0.037458341692966524,0.1657107689257608,-0.024891911164908073,-0.08155696810797863,-0.0755050368866515,-0.06881135665649134,-0.09775425571113522,0.5973388185873367,0.015229472753220247,-0.19030277400186757
2021-01-29,1334.917808915,1429.036567381,1295.99193611,1387.439978418,66558092995.15381,155903909257.21887,0.041651771962351,0.0408076955018816,0.1076089028583746,0.1022035502548957,0.0648052367441376,0.0408540488251745,0.0047535213298775,0.006070948479183,0.0008212781876368,-0.06360518906052293,-0.0651378466165192,-0.0898727554486928,0.11460679490695891,-0.029005616360470474,-0.5762283415305705,-0.0674490960959184,0.07133753997473337,-0.01797432936249449,0.6101520465553677,0.021834021084161714,-0.023394753531198242
2021-01-30,1381.158688579,1400.192611215,1331.080317955,1379.867068339,61266389536.710815,155705536956.90442,-0.0054581893247985,-0.0054731396661636,-0.0795050341786127,-0.0828437472849726,0.0357882611002856,-0.5937664766373927,-0.0243758391224502,-0.0307148539030183,-0.0084587370476451,0.005264725738584247,-0.018056856124877847,-0.004035422818413362,0.11336008087537475,0.03423329101759258,-0.0603940780186516,0.01144874357643541,-0.02792025652800978,-0.009281633726599875,0.6176510910813146,0.016133522448240577,-0.017978228300471022
2021-01-31,1375.221178859,1377.734489716,1289.264631615,1315.587630859,37349232211.3779,153177365281.8127,-0.0465837898119967,-0.0477037338512293,-0.3903797417506014,-0.4949190431254574,0.037989762585929,0.0596967803884163,-0.0018431977735483,-0.0049667883712095,-0.0003432580500882,-0.027149132973548595,0.0595534637192823,0.017487649716467338,-0.06033482796383971,-0.018909506223958778,0.12658153622774382,0.07225739497339018,-0.04402601588721071,0.042108191706896086,0.5878051125994735,0.007454344409274932,0.0658609000698347
2021-02-01,1313.638975359,1373.843459124,1277.668886252,1373.843459124,42264270582.10683,151547773703.21667,0.0442812222451212,0.0433288231534625,0.1315967713315304,0.123629707252384,0.0431030565394379,0.1262771941868123,0.0076220810011836,-0.0091803140947258,0.0087705334578818,-0.017348000847700898,-0.002071387865614227,-0.010915290964061825,0.03800520254309773,-0.05670952885408066,-0.12039776173474825,-0.07068312477769026,-0.09776843152342991,-0.09038198287905236,0.5766338191526741,0.01095201565279411,-0.2271666826286598
2021-02-02,1371.951572705,1546.106454734,1366.850386559,1516.837913238,56250945162.93805,164906432245.89307,0.1040835134194817,0.0990155912071717,0.3309337742777152,0.2858807818097326,0.0608234249459551,0.3443810815041677,0.0068014897114873,0.0477910612980944,-0.02519431729304,-0.006209121630347328,0.05770776374606247,0.05102796307289484,0.11206209277088147,-0.022012745709525553,0.3355494594190669,-0.10704067424908581,0.17080655881613716,0.0009194237753416545,0.43470784755729086,0.0074102989286143625,-0.10559840119292074
2021-02-03,1514.304823054,1662.07451972,1513.794088524,1662.07451972,72681831089.72115,180131952917.71375,0.0957495888087096,0.0914386850565784,0.2920997305767741,0.2562685932302462,0.0318941201507426,-0.6455533219794956,-0.046075353180722,-0.0477910612980944,-0.0140795461761945,-0.04908312406386764,-0.07541850736745563,-0.08280765833032726,0.28472330981505195,0.029360970473814307,-0.21768482697011904,-0.09368258866211507,0.0842618434923399,0.061198458931938815,0.46808726442339543,-0.014662316697124781,0.1703983799673363
2021-02-04,1664.337903137,1692.529020884,1564.966966014,1593.07972489,69234192110.52061,188340036905.1236,-0.0415112523604676,-0.0423974561172171,-0.0474346742165127,-0.0485965908332975,0.0482742808125424,0.4144772589748915,0.0403549636362383,0.0318921251698134,0.0274926588705484,0.11988716359931618,0.014433912215887856,0.0711540210733715,0.1790164652844847,0.022798323598465897,0.2739399926566366,0.16140591425746328,0.042503652121031577,0.08252067156563186,0.36826490677158524,-0.01021551917227298,0.19662914234824536
2021-02-05,1596.839657043,1758.480607669,1596.839657043,1715.445469406,64957851199.79559,191558387721.7657,0.0768108102841176,0.0740037191262445,-0.0617663148852603,-0.0637562297515618,0.0516317560736019,0.0672379804893865,0.0029091940242054,0.0169865336305249,-0.0331071600104431,-0.04252820820274435,0.05314503551335599,0.015034298699651033,0.21221248890884728,-0.00395312444336613,0.08985665967812784,-0.06524939803163099,0.10040432271658961,0.07162128420629293,0.3514418267529425,-0.0006462555415411275,0.10370901559611523
2021-02-06,1722.12019728,1740.31480488,1653.012383472,1675.289347758,62409578101.26129,193803156410.742,-0.0234085678409262,-0.0236869005252815,-0.0392296397043121,-0.0400198576767077,0.0321057664224479,-0.4751012576411293,-0.0180811266098782,-0.0288732834058904,0.0234152288980835,0.031793398937774026,-0.010291704195451834,0.008370603730386256,0.19399872804972934,0.002825645762562813,0.045071221495632585,0.03602913241625347,0.0014069656658037832,0.011085323308090311,0.31200823324364796,-0.003970534350464225,0.028434586524346606
2021-02-07,1678.682379689,1690.569363604,1500.109549583,1613.342017918,54472202357.21178,184283957472.41125,-0.0369770928961631,-0.0376780802355245,-0.1271820125297258,-0.1360282357500249,0.0808362740016776,0.923390147118556,0.0614760388366409,-0.0018413994005813,0.0670528974569356,0.04935103908179303,-0.06071707016850532,-0.0007020562991350288,0.2040243816654342,0.04139479483387866,-0.017919657978340053,0.045491822960208844,-0.017373497434460095,0.0002861864739662767,0.27965847167623387,-0.011272440660794471,0.021207591772313017
2021-02-08,1615.010367499,1769.672984124,1571.898909008,1747.959634061,61836707429.3533,190887316030.97025,0.0834402220037153,0.0801413692712889,0.1351974907099842,0.1268066364225497,0.0678594773327438,-0.1749867432640153,-0.0290157945627995,0.0154373068033199,-0.0368724168477177,-0.10244360202573258,-0.050208603033429784,-0.1140542293708455,0.2408369277832605,0.0453083296035249,-0.5885644156017271,-0.11452678618433873,0.06352397873898541,0.02932812053337608,0.3078826146200987,0.0028167836202510226,-0.008198601321306676
2021-02-09,1754.043716365,1807.041935347,1714.450002602,1767.664448768,70192533802.42464,200692708968.18463,0.011273037616561,0.0112099704577103,0.1351272847542477,0.1267447898034953,0.0368809895389542,-0.609742827540908,-0.0264647975093222,-0.0079919626786201,-0.0271781770062077,0.006340779277389186,0.009047879233432948,0.010044323102078784,0.153031307033799,0.031065667924674037,-0.13999728758538632,0.025869939753914883,-0.007278005279447275,-0.0028603526518147238,0.33538302994962543,0.006842293306121339,0.019897363604498675
2021-02-10,1769.266943543,1825.557257994,1689.29918232,1742.193880436,62851334886.27421,202302962843.2887,-0.0144091647878941,-0.0145139849351307,-0.1045866065586713,-0.1104697752333914,0.0540075716508902,0.3814280228472024,0.0169648126315547,0.0126516216810561,0.0113448891488367,0.0033374932071882565,0.08535383287933795,0.06718640815760885,0.047078637042089776,-0.02180427473291737,0.41326036556902457,0.0659853443272633,-0.21610756459574415,-0.17755771898260003,0.467682308750995,-0.010814760858363507,-0.2878388277744921
2021-02-11,1742.35166098,1808.740446561,1713.388102317,1779.925305264,54693213689.393295,202077386093.1614,0.0216574201365908,0.0214262302418412,-0.1298002852547611,-0.1390325364992897,0.0359262713507899,-0.4076554321264183,-0.0185557390533935,-0.0137550658693116,-0.0124909644811363,-0.007527349983411341,-0.02128905224806435,-0.022297289667867662,0.11090232340114804,-0.033149859497687686,-0.11327285750540694,-0.036672770263789595,-0.05076582508845548,-0.0625830399269455,0.53319379348477,-0.013905177620020774,-0.13145620151966164
2021-02-12,1786.450941236,1857.992870711,1747.625572091,1840.848917148,52066984581.37952,205640343115.44788,0.0342281845782084,0.0336554331499363,-0.0480174583071369,-0.0492085829168421,0.0390835336461978,0.0842324235552243,0.0036038435229995,-0.0054272647963048,0.008520615361865,-0.03167833598221709,0.06469879708841775,0.051518210542219126,0.07055403742484002,-0.03033606191408114,0.18157594806168054,-0.05057662086052975,0.029828977572768228,0.005004469425183566,0.48795094214769896,2.2204839628746344e-05,-0.030236765498985685
2021-02-13,1839.296662606,1865.725076705,1773.587535721,1810.679595308,55058152711.43413,208675349893.8134,-0.0163888092928021,-0.0165245914099873,0.0574484609412992,0.0558588940520895,0.0344599935119149,-0.1259022010999602,-0.0044516684999813,0.0015913309893768,-0.0063518385011117,0.02971415767427734,-0.02260442547497815,-0.014190673057907527,0.07771634654013415,-0.017721281762262845,0.009381507674152578,0.04497786266759128,0.07982504798395673,0.09033514400840029,0.39465383417212196,0.005137372517575009,0.18927708033164015
2021-02-14,1812.441953258,1846.790159224,1790.009772699,1804.822142695,47153885175.01547,208859532549.63217,-0.0032349470487095,-0.0032401908018098,-0.1435621637697471,-0.1549735426840958,0.0219257274758851,-0.4521383249132338,-0.0112416410731487,0.0001040458759144,-0.0173094356138418,0.01295797582651425,-0.08433045206422166,-0.06362332118629391,0.11215423597384896,-0.017959015685746434,-0.3887918373025361,0.011496566511134745,-0.04219096338088846,-0.033896880956114206,0.4360616753978636,-0.004272885779337867,-0.05954086228076827
2021-02-15,1803.175190228,1832.028207815,1692.343858051,1778.190187559,53889692951.65651,204129961688.06897,-0.0147559997774808,-0.0148659525246327,0.1428473550300371,0.1335228282391308,0.0554054880926045,0.9270179339824204,0.0369902328155272,0.000986053537473,0.0458946375928668,-0.01474207117046527,-0.01722735028210319,-0.022383341025514536,0.01714691417792731,-0.019874186921030268,-0.35624667550501377,0.01731229094131914,0.04422798310998971,0.04731933799106025,0.36390448043895324,-0.000998723278214236,0.09377251590692826
2021-02-16,1781.515509452,1824.742605401,1732.203301141,1783.388753478,51392448545.31964,204516328788.0337,0.0029235151309299,0.0029192499713864,-0.0463399264229822,-0.0474479880350606,0.0367954029582242,-0.409305734131915,-0.0231295851997711,0.0016831289148687,-0.0274345668560344,-0.005514145895056839,0.006151696225400752,5.681826789605271e-05,0.008856193691603289,-0.048650745847337085,0.004891593674481776,-0.005011424231533362,0.0043435191503497506,0.0017770503121939396,0.36787530116759365,6.166702330903903e-05,0.0012357107663247824
2021-02-17,1780.9048429,1850.611813674,1740.604679161,1841.841587839,49391979613.00318,206705846494.7863,0.0327762717169795,0.0322505855739208,-0.0389253477687947,-0.0397031912066471,0.0379550297192826,0.0310291127237549,0.0014504718782362,-0.0099380320569013,0.0073812369568642,-0.019259334406124644,-0.0004186717063624154,-0.0121705667308026,0.055620764200655017,-0.036343703347797206,-0.15993998996493985,-0.06536881897319999,0.026787279825405352,0.004523019985324839,0.3794648174618572,0.0035369709744437947,-0.015817666726624546
2021-02-18,1845.136404918,1937.155854269,1845.136404918,1924.322706533,53999855956.57917,218122365160.39685,0.0447818744231818,0.0438081310196959,0.0932919955766036,0.0891933240893291,0.0224091309993199,-0.5269335207829822,-0.0204380738837581,0.0044804936985062,-0.0359721061094022,-0.006487194783161763,0.033726981286370125,0.028695638793978635,0.0780026649785096,-0.0019085013956579879,0.3367365814595269,-0.023459946457977804,0.0846773141034442,0.07969788160587188,0.32744475787488403,-0.0036558452332114844,0.13633903341748987
2021-02-19,1926.540954058,1959.25959197,1886.000241958,1950.33821389,50698098934.25925,220911151056.7558,0.013519305919261,0.01342873548948,-0.0611438116608096,-0.0630929655615247,0.0258437913358885,0.1426018819775749,0.0101262136566435,-0.0092187979376101,0.0267098949895556,-0.006220627713797115,0.02531888758900827,0.023469296223483607,0.05777596731805328,-0.003778653296105677,0.14780708006547805,-0.007621004163807413,0.005737620194638804,0.0048928698516813585,0.3420675122868267,-0.014486515836888902,0.013367249870681275
2021-02-20,1948.059237493,2024.822617845,1853.611542152,1915.886606046,58705087546.89709,227347183336.1041,-0.017664427430402,-0.0178223054075852,0.1579346914569832,0.1466379798548518,0.0616067700069269,0.8687013755338104,0.0333663004067602,0.0374643603845737,0.0138146544372255,0.061299166938278526,-0.016468010618963955,0.010955776172569431,0.05647825332045548,0.010035468796244292,0.2303749488097746,0.1407481544134651,-0.21063512706774234,-0.14344015902546842,0.5292386526717978,-0.006922827297720554,-0.17083371651801793
2021-02-21,1913.794017256,1966.347079466,1892.402848168,1928.444381413,61283948088.286606,222415931641.7921,0.0065545504245247,0.0065331627656798,0.0439290809221495,0.042991557001892,0.0266858767450971,-0.8366373026111953,-0.0342873920875938,-0.0232687382546067,-0.0259621763998447,-0.0030880732118107324,-0.0012089149844451974,-0.0029095137233844104,0.06625160688794504,0.03795838909062537,-0.018897178879937027,-0.025725972800543673,-0.08873643268177524,-0.07904476140171618,0.4438601459167941,-0.010067726115557243,-0.2923725562080548
2021-02-22,1928.239734831,1928.239734831,1591.115787627,1777.266854706,63114500948.373375,207693548133.54825,-0.0783935114562287,-0.0816369485447094,0.0298700217135103,0.0294326017674445,0.1260842401876575,1.5528157918748162,0.1186246737385139,-0.022962456285601,0.1312530547806316,0.05401379339273099,0.020809366957816378,0.05281869307554471,-0.000519389132131781,0.02402575010586228,0.3528431800487899,0.09897237547922957,-0.03680174256789874,0.07330145002469846,0.3664496230066641,0.009367097671025879,0.14437780642964904
2021-02-23,1776.284612883,1777.48830368,1409.685340817,1560.590130514,93043539824.40686,180792765234.78195,-0.121915695225095,-0.1300126708507453,0.4742022582182017,0.3881170015980901,0.1428266342540967,0.1246812904241825,0.0077954071984528,0.0093891975204776,0.0075081894246392,0.053625590927038946,0.04235405125037306,0.06828498026507915,-0.13345130995426358,0.101821942294402,0.35280100211965015,0.05826164003216938,0.10784999856621241,0.0973136092230159,0.1104457771679336,0.02721667220979537,0.23098354995768622
2021-02-24,1576.051781015,1713.75748504,1515.280479718,1624.800425112,82119677003.40965,187974839627.6544,0.0411448806079861,0.0403209544042839,-0.1174059245984501,-0.124889894834584,0.0849519849855068,-0.5195453325376433,-0.0687046387098805,0.0574312959421588,-0.100939613730294,-0.0398162991491878,0.041340897491060985,0.0030808549808888086,-0.12538094112390052,0.07331458220553964,0.004144154956965851,-0.006097753017613228,-0.02780675645904293,-0.01874622436266432,0.20577793892569224,0.009454747453173347,-0.0475380555503242
2021-02-25,1629.681024099,1668.136381347,1489.263837614,1496.222285362,53748315677.10185,185285097502.7585,-0.0791347280335287,-0.0824415379372558,-0.3454879800017942,-0.4238653286393138,0.0601051423580424,-0.3459908131180285,-0.0305308158383128,-0.0164551537210157,-0.0318897469248963,-0.020324240937219754,-0.05910722858990736,-0.05877194936674868,-0.2516306100808522,-0.0005434726098612483,-0.18612584347845873,0.039799768339008335,-0.002092776511677885,0.035018555121791306,0.09837770000904847,-0.006186757531992962,0.05419258856618692
2021-02-26,1489.154576551,1560.220132262,1419.681427646,1440.986686716,59540366533.24595,170683524312.77945,-0.0369167062851468,-0.0376153769318226,0.1077624625660904,0.1023421813759424,0.0635414866382942,0.0555976242135529,0.0120908354652733,0.0105124542471107,0.0061825509194176,-0.008033157532011767,-0.05213208976858051,-0.041170032825249,-0.3026747225021549,0.018929313459153354,-0.14731789368741754,0.05816408872994061,-0.09304500121192946,0.029929799643575117,0.1419848550648175,-0.0009366396234296233,-0.03174219136264944
2021-02-27,1443.160927622,1526.506430848,1434.969855554,1465.575895445,47595898108.70398,170748731842.5408,0.0170641470567911,0.0169201898627309,-0.2006112679516754,-0.2239079283154842,0.0426638154173738,-0.3983418785929098,-0.0174035496381339,-0.0130549981556601,-0.0157166331502667,-0.02542502844875344,0.024743103493034033,-0.0014152899501968796,-0.2679322272318388,-0.023840548422206734,-0.04411634962920341,-0.03723953646639294,0.01627125467197091,-0.03375332333309761,0.09559565651419842,-0.007035676807023693,-0.0743072150175288
2021-02-28,1460.696984839,1468.470739201,1304.694594484,1415.204588062,44125895718.1041,158732816100.66217,-0.0343696341755849,-0.0349741620706477,-0.0729054924580845,-0.0756997687294141,0.0812719408705288,0.6444496793753989,0.0477830624523604,-0.0338188323225085,0.0848677139779458,-0.08923288942060625,0.06918852014843299,0.03732772835610515,-0.3094395520681662,-0.0379760107411201,0.1721816998292771,0.0032186100415222407,0.011682452140167013,0.005716778644927201,0.019813798941668993,-0.012755852028744092,0.015063827405257468
2021-03-01,1419.50945034,1568.604468408,1417.707266087,1568.604468408,50350338859.40641,171830471143.47,0.1083941372434835,0.1029122446057284,0.141061003748611,0.131958534611649,0.0355232667098157,-0.8276129441617357,-0.0855102098890024,-0.0140039635105627,-0.0844923694757888,0.009202559175823391,0.060197945066557734,0.06037548418665595,-0.12489035891772836,-0.029216963767094165,0.03086182298016671,-0.05591347605146002,0.03362459234452095,-0.04335537671168194,0.12819918321356097,-0.006266659817924763,-0.031499144552570524
2021-03-02,1570.315949323,1600.848438639,1460.199273506,1490.240623077,44690190941.05312,177049712326.78772,-0.0499576833480097,-0.0512487515353978,-0.1124152894811325,-0.1192513137155184,0.0563043998371238,0.4605847998753027,0.0421370368247762,0.037131142637359,0.0271429485933105,0.09899302837372026,-0.07990540129208543,-0.046676792109391546,-0.046126439602380866,-0.11913582259559605,-0.07548782114300479,0.04992221585393125,-0.05749174862424465,0.03258053670541439,0.12465416552939242,0.004218601260442282,0.0027166540799887784
2021-03-03,1490.892997162,1651.539154074,1483.069383485,1580.236853521,45575401259.49394,181555018378.78235,0.0603904020937093,0.0586371441787469,0.0198077094727211,0.0196140893992441,0.0669310655651567,0.1728905356246293,0.0161702715334447,0.0300717516059084,-0.0202056902403173,-0.07266369937010908,0.047928102679010126,0.01755751268771083,-0.027810249827917705,-0.10050887909965489,-0.09373615492523113,-0.05355189575868319,0.032771000395727265,-0.04423822728499738,0.13996248655467664,0.001896986719324208,-0.058297028566423714
2021-03-04,1575.14705532,1624.15096266,1516.005583644,1540.806484542,46922872406.608185,179527360797.28354,-0.0249521892184348,-0.0252687724875083,0.0295657549879178,0.0291371162453917,0.0467583309820139,-0.3586707748945494,-0.0223679712749032,-0.0270293939826324,0.0066471321116454,0.04922077977133561,-0.05812496078790075,-0.03865249137729718,0.0293625156218298,-0.019945635836780936,-0.04358062211863145,-0.02892297014509898,0.059285185496237916,-0.003055899318103905,0.015678122859996577,-0.005353403668067925,0.04103328601087197
2021-03-05,1540.987085672,1547.512081923,1453.298540688,1533.479448739,49050114937.41569,171910360871.4108,-0.0047553251342772,-0.0047666676654115,0.0453348744802741,0.0443372881304517,0.0443114425639408,-0.0537495018297415,0.0091594763280099,-0.0339694894864706,0.0311723727578073,0.015263467761009078,-0.020651577507459745,-0.008645929384892503,0.06221122488824084,-0.03145235422711511,-0.018146139601331157,-0.0482821478479942,0.04090876729283502,-0.016404839807561578,-0.08052722986199344,-0.013691975287969947,-0.012990411954316494
2021-03-06,1533.624304657,1667.152345569,1517.647905208,1657.837504531,44369988462.768776,181243517504.88177,0.0810953520728701,0.0779747420499886,-0.0954151989372177,-0.1002792239115361,0.04550594995352,0.026600144764175,-0.0191116528902135,0.0154235601236072,-0.0256746790689592,-0.072799825714723,0.03682507928132278,0.004547854603987184,0.12326577707549856,-0.009874374047994145,-0.04993204568320131,-0.015528017832198177,0.021672075700525956,0.0033407097486928827,0.0398449683052124,-0.014611369433597412,0.010774500865443848
2021-03-07,1651.973829002,1729.839443585,1637.636948002,1729.839443585,46505016366.48272,191491669989.8872,0.0434312403098693,0.0425145520337933,0.0481187392127779,0.0469968802563538,0.0260894196114708,-0.5563132323471467,-0.0154722592121664,-0.0216275708977715,-0.008567182844539,-0.02721630999705626,-0.148585681659619,-0.150822132826947,0.2007544911799398,0.00729181161751909,-0.8125872079400744,-0.05823314575301575,0.05981022965867064,0.012513871579308389,0.008355801212761338,-0.010983455321922912,0.0027782062275607533
2021-03-08,1725.498816045,1833.544460285,1673.954918556,1833.236059487,47681903949.83549,199561468724.1621,0.0597723773067147,0.0580541466744946,0.0253066803391339,0.0249917681697411,0.0522406851778732,0.6943317475749402,0.0307495996457398,0.003196310911841,0.0306523957656105,0.00510575382749885,0.11821036691717687,0.11830752344263226,0.1558963932487059,-0.008182173379068975,0.6647585391000059,-0.023165115589323243,0.01296929772522043,0.0008758136652307624,0.09009684841253748,-0.00885356907140524,-0.015717641199735066
2021-03-09,1832.407908294,1865.817801691,1807.435650165,1865.817801691,53363960468.997055,210610682302.5601,0.0177728023815535,0.0176167128481308,0.119165889959836,0.1125836667422909,0.0194730494463463,-0.9868301709023736,-0.0317140888176857,-0.003196310911841,-0.0316168849375564,-0.00510575382749885,-0.0542262710198414,-0.05432342754529679,0.22476185763223455,0.02635496318987596,-0.2051411595416366,-0.000514858883701591,-0.016505284434488676,-0.015108013026842448,0.14539164149619288,-0.0006694036432128814,-0.027755177546654686
2021-03-10,1869.621122093,1874.680050551,1763.088558491,1801.122722666,47168717435.65584,209727438014.3545,-0.0346738459491416,-0.0352892512743065,-0.1160941387950483,-0.1234047138647554,0.0366743310358656,0.633045653589686,0.01599675905353,0.0104001564347527,0.0145000771341977,0.08347702926478995,0.051554622959289614,0.0758226128684805,0.13083546217918088,0.004766621773120536,0.38564332735347007,-0.006353640472982813,0.032635794281457575,0.02707907328557818,0.029961020950597172,-0.00890227803121796,0.042107969259427724
2021-03-11,1797.769484928,1843.751869073,1734.714275888,1824.804384624,48700475346.36169,206181404429.65027,0.0131482778269249,0.0130625895073201,0.0324740207913298,0.0319578840753141,0.042095002963836,0.1378519556660675,0.0085989896908261,0.0057518310274794,0.0071310060283826,-0.010775027164292433,-0.015953746283235315,-0.019242852232060154,0.1691668241740093,0.005291263012341978,-0.08768651540622985,-0.011181141556699775,0.010762463865807537,0.0059046490798495554,0.03181364000020706,-0.013188756668783512,-0.0005091106172052662
2021-03-12,1826.493117611,1841.045175066,1730.017045048,1768.988476727,45495982299.1033,205007602060.17453,-0.0305873376715394,-0.0310648936296983,-0.0658000363336861,-0.0680647698069648,0.0392331471137601,-0.0704070600742436,-0.006421330449789,0.0016478650540706,-0.007748118044275,0.03524562959306239,-0.0754244095318479,-0.021322090457002313,0.14286859820972245,-0.010607452299688562,-0.19587915099868392,0.023999158464792475,-0.022920868444168463,-0.01174062682658894,0.015262731305639212,-0.010778660360869939,0.0014534182344578817
2021-03-13,1769.016820965,1939.090847445,1734.17454971,1925.332966902,46288353881.74932,211670851306.76,0.0883807284399444,0.0846910214489389,0.017416297936744,0.01726637248084,0.0588845948324256,0.4060575294877138,0.0132245009263612,0.0077659564679354,0.010839162088665,-0.07416868122880152,-0.0025004213919015833,-0.06462645510340381,0.1495848776086729,0.0057394108571743015,-0.5092261597272993,-0.06301946314208903,0.05294217760681408,0.02942895916188132,0.07852752251273691,-0.005261948525970756,-0.010876011682012798
2021-03-14,1923.580506017,1931.390586754,1844.114079458,1865.143312594,42846097820.83449,216869171841.3308,-0.0312619455142085,-0.0317610292439825,-0.0743654887730206,-0.0772758185482023,0.0264853302208122,-0.7989885054723915,-0.027388997749481,-0.013673672106432,-0.023736145838116,0.033582539627925394,0.01971036430370477,0.03790141278161523,0.07530929633089671,-0.010975495520161667,0.242304518926995,0.00940900127511235,0.0006240493134208602,0.0028058351631785605,0.013111060118818086,-0.00580486104992036,0.010946988371518751
2021-03-15,1854.713705727,1890.218498152,1751.468849607,1789.715533139,40030011278.306656,208248944705.80984,-0.0404407419771388,-0.0412812061679726,-0.0657256246368945,-0.0679851201213613,0.0491374364107796,0.6180301935004029,0.0227829589818665,0.0202949326909328,0.0133028173928771,-9.695523384173343e-06,-0.013103204316166198,-0.007874457694045406,-0.024026056511570484,-0.023349966312857687,-0.14848616722631425,0.028098168649511646,-0.027986951336743726,-0.018519170623484682,-0.011645554639167143,-0.009533537288817453,7.105765094661542e-05
2021-03-16,1792.339956779,1817.643371932,1719.055046763,1797.156957545,39430216685.71304,205056109873.12704,0.0041578811091551,0.004149261007474,-0.0149836228729383,-0.0150970114233315,0.0393972613311145,-0.220924892113949,-0.0028036296979482,-0.0195814652989003,0.0078935959372817,-0.014690377293322988,0.016911013809060772,0.00010392420239718758,-0.03749350835222713,-0.04397227398227509,0.02754719592319832,0.0006465430027877556,-0.00043095720336933097,-0.0001837796606355413,-0.004256102829883304,-0.00493532205318099,0.0002961575701725394
2021-03-17,1806.002220975,1836.684374947,1749.349287855,1819.454703152,31674453805.307163,205629870434.60263,0.0124072332766413,0.0123308943458862,-0.1966959233885231,-0.2190219609845775,0.0341387121025633,-0.1432643118729442,-0.0073103585614401,-4.868472471624211e-06,-0.0076799462660419,0.016757641460296603,-0.010665926547195302,0.005146906095667883,0.010126637267965768,-0.05128063032504926,0.03960068405903794,-0.0005846393934712396,-4.4967420691599536e-05,-0.00024242630903675844,0.022940744040635643,-0.014332552950736016,-0.0008664199772658865
2021-03-18,1825.821768443,1848.066780049,1764.037943114,1777.959900558,50989302242.06761,208374132512.4189,-0.0228061751260501,-0.0230702588224168,0.6097926283270014,0.4761053684192798,0.0284632717054662,-0.1818174485703179,-0.0103811765676804,0.0090402909557339,-0.0189379507255748,0.0026202855133640873,-0.00521776704324587,-0.0007503611150698197,-0.026006211061771232,0.007742763421461481,-0.015853291099094946,0.012177317344543692,-0.011535243856986122,-0.006328271046678935,-0.003048764753167695,-0.00026200412428362797,0.000883293714355915
2021-03-19,1777.075394307,1839.95,1740.298108238,1809.971829443,45068684294.67869,207805010835.7765,0.0180048655062203,0.0178446975925678,-0.1161149042456252,-0.1234282069712181,0.0376865503645193,0.2806887324630804,0.010126948379679,0.0022579547377634,0.0122012585577766,0.007493201954500137,-0.006769065416773232,0.003286233487405324,0.022903380160495052,-0.0014409420997444158,0.005549162592103585,-0.02708781953765306,0.026501891934234578,0.015820022904469544,-0.017454652734520584,-0.0028140263386983422,-0.0007354805451635915
2021-03-20,1813.041780986,1868.5,1809.149648813,1811.77,28905329290.242504,211453681064.13345,0.0009934798584978,0.0009929866839954,-0.3586382708390848,-0.4441616611663254,0.0228205626113398,-0.5016412781058559,-0.0067807837229215,0.0065798467420966,-0.026888053040851,-0.06343701998485227,0.038419209704316705,-0.009816638701166863,-0.06079465460444844,-0.06045259238139367,-0.133685863751138,-0.027721752822237475,0.020904500403185533,0.013420695250218495,-0.060269797070220954,-0.01649224542037226,-0.006860870908714123
2021-03-21,1806.24,1816.64,1756.69,1785.710083516,33122376468.37996,205800009150.2907,-0.0143836781070445,-0.0144881259778322,0.145891684394718,0.1361830975906314,0.0226399587772162,-0.0079455659004001,-0.0069851428556931,-0.0205494503498214,0.0195848754693615,0.016744888657198993,-0.023090522612930472,-0.015520091008723022,-0.043521751338298074,-0.03548110824100478,-0.156124199483334,-0.00468506026226348,-0.003033012963448878,-0.00390139211484819,-0.08818665853753321,-0.011714979313777867,-0.007774345489748313
2021-03-22,1786.15932113,1803.84,1663.573274445,1685.692430727,27839283763.512627,203531217756.55847,-0.0560100173663513,-0.0576397245098376,-0.1595022238187166,-0.1737609719653031,0.0445175656060536,0.6761674114670493,0.0165350086477279,0.0159018962715405,0.009296649625663,0.032616099301760855,-0.02237290389667581,0.0095983329901769,-0.059880269680163065,-0.046338844186214416,0.1464857213321049,-0.0051007092488457445,-0.04139583115802048,-0.04158876074510248,-0.12800407763978566,-0.02091150316742046,-0.09203928288565777
2021-03-23,1685.152478525,1721.22,1657.267539459,1676.195721839,34476629424.40467,195025429853.89023,-0.0056337139058662,-0.0056496431273425,0.2384165382010019,0.2138335782546283,0.0265676132951816,-0.5161909153227637,-0.012678367072939,-0.0021387168586099,-0.0168794585306709,-0.004670695063277719,-0.00013900223319207247,-0.004245549180916686,-0.06967917381497961,-0.019460569921564246,-0.023894660248319877,-0.03599664399697849,-0.00044768973385844735,-0.005732395348399866,-0.14018688353280792,-0.018523624605365455,-0.04697513815729093
2021-03-24,1672.882506583,1736.28,1565.368784838,1588.349569452,30382285901.984,193741386170.47275,-0.0524080519013744,-0.0538313038857545,-0.1187570708267219,-0.1264219485210078,0.0658048516382648,0.9070006400341746,0.0380238405555955,0.0338604179463825,0.0173486908208606,0.0004785075445870937,0.016119300744755708,0.009091900509776388,-0.1358413720466205,-0.005139286776291415,0.2407092947597116,0.10368398942822735,-0.06647827920801741,-0.034518326715736625,-0.11238123887385301,-0.02309306070761823,0.019014762944178143
2021-03-25,1585.767306333,1621.683184733,1554.974117123,1588.852929807,51539371565.98612,183564012099.3005,0.000316907792013,0.0003168575873453,0.6963625361257144,0.5284862740344892,0.0296779408203346,-0.7962895321939074,-0.0357484654266975,-0.0361507833144337,-0.010555894077544,0.0289202381939049,0.006282200883318309,0.02749627551537767,-0.11245425563685815,0.002190997757492066,0.19348395321400513,0.07093401579140063,-0.05341935549740984,0.0005871846939715653,0.017948289564237604,-0.03007013274419958,0.031593187496256725
2021-03-26,1588.606123252,1700.7706093,1588.606123252,1700.7706093,32814613566.24832,188997678463.8219,0.0704392945334435,0.0680691198576409,-0.3633097849430391,-0.4514720602931113,0.0230054726689225,-0.2546719067710605,-0.0296766851163228,-0.0214021919280191,-0.020558497517319,-0.0369505333531963,0.06366521900699454,0.023889510538554537,-0.06222983337178523,-0.04998481174871029,0.12003792559381887,-0.05222686896166265,0.04987103554641584,0.005712861908928335,0.045696455017594714,-0.03693835340696492,-0.00434436316854514
2021-03-27,1700.063370234,1731.570704456,1671.116847812,1717.067681916,26404756086.336147,195746419493.00668,0.0095821697099456,0.0095365519019745,-0.1953354552529326,-0.2173298030131474,0.0243550195003511,0.057005838177071,0.0249057094977437,0.0124279115564342,0.0215833588658358,-0.03524400609720971,0.004563935829836233,-0.005629084691746861,-0.05368626815380616,-0.010514234580924544,-0.15992532517486913,0.02819142885945075,-0.05225057460051796,-0.024360660598667594,0.13767454485682515,-0.021089107754878815,-0.04805819386088084
2021-03-28,1714.00900612,1724.97,1668.39,1689.59,23353438462.73413,196143288741.26523,-0.0160026784065605,-0.0161321038914749,-0.1155593944373151,-0.122799917933548,0.0218310019731877,-0.1094068995118235,-0.0031634483963025,-0.0009342012228213,-0.0031274508532171,0.007397102537820749,-0.014595809566145188,-0.012953414498652047,-0.05533024606744884,-0.04216919661313854,-0.0611300322398054,0.02252715822286669,-0.029096718298765673,-0.0031994294333064777,0.1591578178971729,-0.02861148865035945,-0.012657033716281463
2021-03-29,1687.249031771,1835.34,1680.57,1821.258442566,26220359471.65584,202573786632.0801,0.0779292269521008,0.0750418181535927,0.1227622653296451,0.115791957290008,0.0402996420500732,0.6130115183632845,0.0093519758897316,0.0139616414307584,-0.0005987906468359,0.0002556358051671488,0.005454408295920948,0.0053710635336218365,0.07735129659598146,-0.007163383400490989,0.07467647085307005,-0.06843326301389183,0.03261717963258903,-0.022933982989734508,0.21727944618803474,-0.01729351805973082,-0.07165806531357632
2021-03-30,1818.243961509,1858.78828312,1791.66967088,1843.018902615,32649726728.286816,210678905491.4565,0.0119480352378442,0.0118772209676851,0.2452051530254995,0.219300297888269,0.0246071896633591,-0.4933039238049552,-0.0065192931604861,-0.0117478967547137,0.002539782924203,0.004320483072748082,-0.0012804229551603985,-0.0002025915340489043,0.09487816069100923,-0.008145751131836366,0.037621459715131866,-0.007375533160792175,-0.1758405116974438,-0.1082342563964605,0.2641308292263675,-0.009409477556596466,-0.48338644024870825
2021-03-31,1843.244348489,1944.575038361,1793.19,1915.294767036,33375887879.376125,213379958569.9827,0.0392160190644004,0.0384666010595263,0.0222409564751482,0.0219972335373961,0.0521188117201384,0.7504872900977881,0.0266653278980414,0.0147871779167657,0.0221897330733395,0.025666736238196028,-0.047521989999800646,-0.0306640128918806,0.18717606563629002,0.013313297980435068,-0.04577642865054665,-0.06894475826100999,0.12795036862456197,0.029695603896195355,0.19968518568016533,-0.01408197047057047,0.08964523958159809
2021-04-01,1919.030585323,1982.06,1908.861248873,1971.372781832,44889449904.98929,223705833984.09048,0.0292790518520464,0.0288586075042063,0.3449664640300913,0.2963690789363263,0.0206946528335188,-0.9236506033934728,-0.0326409880611226,-0.0152764061245577,-0.0295018393961855,-0.021041501288790544,-0.06392860429106437,-0.05015561219429896,0.21571781555315095,-0.029818047614126326,-0.2746647580795769,-0.01771205943553429,-0.05796397716297508,-0.06033343216196277,0.27979254471976944,0.00016646037291282847,-0.20586574372465227
2021-04-02,1970.62772767,2141.796555716,1953.439526346,2133.90000968,45813296618.7868,233740680780.1872,0.0824436805386767,0.0792211523250423,0.0205804864116818,0.0203715697429057,0.0423005286769218,0.714924234566142,0.0142903629049288,0.0043219619309089,0.0147373308777542,-0.005379455810232893,0.06803027031533919,0.03944721824599442,0.2268698480205524,0.05747933847528325,0.27537911664519266,-0.005546868089309834,0.08761549281919728,0.08248327614277023,0.3003765528660648,0.00019870082560639594,0.39419756114572313
2021-04-03,2136.571387853,2137.194335666,2022.747977564,2022.747977564,47145055916.32941,241303585817.3876,-0.0520886787627262,-0.0534943241011908,0.0290692745519756,0.0286547767938196,0.018888744620501,-0.8062333622998188,-0.0288840923814333,-0.0135346345416735,-0.027822124844894,0.08367169499654305,0.004049668599430956,0.05989553143376623,0.16383897201738704,0.08537578953333905,0.3028672472990628,0.10352286582726922,-0.03668158549540934,0.016385848193784552,0.27215100125238234,0.0001855419373845453,0.08161451431861733
2021-04-04,2019.717755938,2092.33364455,1999.997445273,2082.75,44968079087.34515,236886825275.96045,0.0296636175645867,0.0292321640123351,-0.046176142687111,-0.047276260521532,0.0255679776895456,0.3027744750439232,0.0196580334280755,0.0087286635599375,0.0199450514484064,-0.031218336036151248,-0.04290781085135223,-0.04721469227403652,0.20920323992119716,0.0818404254259233,-0.25888319423333983,-0.040582396536379114,-0.08160355440970737,-0.08296019630322961,0.3061498329301291,-0.0034143496636532366,-0.34991912487819143
2021-04-05,2080.873381281,2128.97,2017.31453578,2108.653788805,37656941013.01613,239343006878.0357,0.0124373010706999,0.0123605932126888,-0.1625850652888243,-0.1774355909356661,0.0371901332213071,0.3747027931208304,0.0162459531994952,0.0020679585131978,0.0171179628137891,-0.03112432887602519,0.019801722575455347,-0.016342302730912278,0.1465220149802932,0.04073707930667554,-0.2497426123468709,-0.032993953794375405,0.07818884916204236,0.037454599932074936,0.24053568409282924,-0.0056404891224884224,0.09947866177423226
2021-04-06,2113.793194577,2150.908302926,2062.799478031,2122.406132527,44254943019.28283,244681132244.7169,0.0065218594892211,0.00650068418201,0.1752134355253682,0.1614497783558897,0.029467398518376,-0.2327589728479111,-0.0094491885852679,0.000435764687869,-0.010688059973644,-0.0051599549145010595,0.01914724212244745,0.011477185908494364,0.141145478194618,0.039708175199529246,0.08676463528518852,-0.009417708828791338,0.044158141989664834,0.03797556162380483,0.2045218162410457,-0.0018977156335839539,0.12225057517942428
2021-04-07,2119.238110725,2127.933894729,1956.410444959,1985.808114041,44849034140.44638,235476551555.46643,-0.0643599810576133,-0.066524471627249,0.0134242884665944,0.0133349810771724,0.0435629996241195,0.390923640324738,0.0079506817247647,0.001586440051097,0.0081554342640649,0.050068864792787375,-0.053630524642035125,0.014689241971211534,0.036154405507842775,0.037764946179731126,-0.14166358080457764,0.0589132091484349,0.02045693451855954,0.04219635543116229,0.07994319793930207,-0.0023943798785383396,0.16458931576098323
2021-04-08,1979.183625275,2086.56,1971.121525752,2083.36,49430987096.612335,234821099855.3741,0.0491245278278613,0.0479560333579498,0.102163915990195,0.097275443762153,0.0245580554416839,-0.573168233271105,-0.0208858386263896,-0.0078195401695164,-0.019495585162582,-0.04259635971318849,0.009259977662177734,-0.0385986674516188,0.05525183136158631,0.014563581454338165,-0.33120878710280266,-0.046259020231809125,0.03179773874383157,0.011505215473047392,0.11028251844912128,-0.0033337358966279537,-0.020663499130015417
2021-04-09,2084.36,2103.96,2060.51,2074.94,34631471594.116005,240111592961.124,-0.0040415482681821,-0.0040497373963359,-0.2993975312200591,-0.3558146444168791,0.0144846782526272,-0.5279485057949369,-0.0030232346315094,0.0023966303530495,-0.0060730335352455,-0.03734316012963944,0.04823269839743874,0.015692698255421925,-0.028019058359792025,-0.03624653223023771,0.09490769034968549,0.013430986376095452,-0.027592609345931968,-0.021835028846656612,0.14152203232709182,-0.010701834768746546,-0.036828551518209185
2021-04-10,2072.89,2195.69,2065.807306384,2142.175399356,42423990355.71053,247490848704.0125,0.0324035390690815,0.0318896168582686,0.2250126374334753,0.2029511602157027,0.0379660183097256,0.9636000861123866,0.0247959565556299,0.0262824874208419,0.0021847795805256,0.029893786568276334,-0.01823567936332922,-0.0032779424343528235,0.05736488259966756,-0.01570705229447631,0.12275612622631238,-0.012906252707190202,0.022483340369743948,0.017078364207885777,0.16034905967804042,-0.005400958194619436,0.05324788317917761
2021-04-11,2138.080325278,2165.408945827,2121.967615766,2153.53066197,38987180885.34921,247581647199.3602,0.0053008089895036,0.0052868091533775,-0.081010990280378,-0.0844811156537565,0.0136131279605112,-1.0256568862725204,-0.0258237787144922,-0.0293256146448634,-0.0005781770140759,-0.013132264541027332,0.023198896302502506,0.013082112239949636,0.033419527740709803,-0.020259472697003462,0.07684034799346273,-0.002674759829903145,-0.02213302018573679,-0.02194672291218261,0.19670076246111645,-0.005631849491572343,-0.05441506327907231
2021-04-12,2155.808879109,2197.749407797,2113.227673611,2146.72,38091609782.083206,248333003325.06067,-0.0031625563035958,-0.003167567753567,-0.0229709120518264,-0.0232388546618021,0.0276062549058949,0.707007755710158,0.0142089410855257,0.0129173317182364,0.0071431639872755,-0.00201938420092658,0.007803064437310631,0.006547352947264898,0.01789136677445414,0.0014862918487143638,0.03662579387921383,-0.008774481132042572,0.05698602753946405,0.052917212260403884,0.10884217325861059,-0.007137792853298895,0.10678526998521654
2021-04-13,2143.32,2315.34,2142.45,2304.28,46341439163.7112,257247515645.2729,0.0733956920324963,0.0708271673674961,0.2165786489157091,0.1960425329524321,0.0313980659464421,0.1287039228826061,-0.0077025480412828,-0.0020491880844055,-0.0122742744923412,-0.00966409214112256,0.029633997676396878,0.02623491986260057,0.08221784995994033,0.007103903198211802,0.2712507907456865,-0.023358221893335827,0.001385635668182117,-0.002514096257218823,0.2114303698700892,0.003050005079610762,0.05035324982954936
2021-04-14,2303.88,2447.519364047,2288.212164612,2422.634114283,62784990994.89689,272607949336.01883,0.0513627312145226,0.0500871619559755,0.3548347252034032,0.3036794728725999,0.0359039384568882,0.1341006988420767,0.011762520636928,0.0056348053009147,0.0142994419593997,0.02600359190800085,-0.08536843338124098,-0.06133563732212841,0.19882948354316482,0.05907070293171253,-0.203528017963857,0.02383553160143364,-0.012325748865615882,-0.008070213876484322,0.3027987379940373,0.019631585285878182,0.05253690707323688
2021-04-15,2435.197377729,2543.25,2410.359314109,2518.66,67143967546.95572,284483168532.2312,0.0396369741311182,0.038871588881031,0.0694270474995071,0.0671230354321268,0.0316446124432842,-0.1262790846573303,-0.0022066846038897,-0.0043232736026505,0.001490325486831,-0.0026202954577768736,0.01905327095297318,0.010259120595819023,0.1897450390662458,0.055100491624633735,0.04227878517736494,0.0012448302637724368,0.017674827322274878,0.017530331114382514,0.3375210658675942,0.023400598860715688,0.071861756233633
2021-04-16,2519.38,2539.72,2346.379205008,2432.944330389,68393132409.2391,281526481050.77936,-0.0340322511220252,-0.0346248315816369,0.0186042753790174,0.0184333327686272,0.0516137098180214,0.48921942020517,0.0245253755752013,-0.001953772344524,0.0295400647286795,0.05125521614740652,-0.02440648624462451,0.03297517981021737,0.15916994488094485,0.09729254564619975,0.17104442223242788,0.063551833119194,-0.0005515455476075015,0.01946021849198709,0.2905653399400709,0.030183971920029678,0.06518269847446212
2021-04-17,2430.726646129,2494.815174969,2324.63,2331.75,62116093784.28458,280102877125.386,-0.0415933604090398,-0.0424831238580541,-0.0917787854399627,-0.0962673016833307,0.0427597617471242,-0.1881898170667848,-0.0105230338909612,0.0233577958597072,-0.0390844465876407,0.027523317355467494,0.010257340115008045,0.02922782621351369,0.08479720416462194,0.052663110509446415,0.09828358169844087,0.05519696261758669,-0.03552299945655926,-0.0023145629732230777,0.2711524749044336,0.008969582734415664,0.01832014727377107
2021-04-18,2327.21,2340.75,2029.679341057,2231.02192183,87591818115.93604,252472966924.58545,-0.0431984896193846,-0.0441593172119578,0.4101308176287292,0.3436824785465134,0.0973560276151277,0.822777132573902,0.0714247947977283,-0.0252528747053507,0.1020630290872603,0.024386826660406202,0.04159351348694273,0.038032630950386975,0.03535107779928663,0.11922312082142063,0.2807707395273167,0.03412563487651604,0.002858150571220297,0.023928732462796976,0.20914846009990784,0.03355631405435645,0.06040913892842936
2021-04-19,2239.651335213,2280.751478091,2098.890046234,2167.436455614,70423975604.98383,256222165284.6009,-0.0285006012687871,-0.0289146290724891,-0.1959982436741859,-0.2181538253207133,0.0551138826858356,-0.5689730080573194,-0.0600752419327941,0.0137524857489223,-0.0680726316465802,0.018263481701949164,-0.015701053735844295,0.010499850132440702,0.009604016480364455,0.07210045331633462,0.008058297923274171,0.023369381227564157,-0.012406432860228439,0.0073528339211243465,0.1792408443434234,0.03171184787661843,0.01781802677764799
2021-04-20,2169.003310603,2350.08,2071.171501333,2330.63,69787407007.45953,253664319031.1767,0.075293346646128,0.0725935049555361,-0.0090390892030134,-0.0090801896309128,0.0773620762985572,0.339095051423552,0.0233011565305315,-0.0046275189887664,0.028132209865917,-0.07250061988003172,0.07255135265754632,-0.014171031561085234,0.011370354068404564,0.04921257923359083,-6.137079380463817e-05,-0.058270193703364614,0.013807183951952573,-0.028339604819100084,0.26632247527679176,0.027192202189480427,-0.07200299641021113
2021-04-21,2336.13,2463.63,2242.336615259,2368.14,72134642389.69153,271651546449.68784,0.0160943607522427,0.0159662195998414,0.0336340821773346,0.0330808277453393,0.0660113573498606,-0.1586698819374579,-0.0123298266625969,0.0200191003764301,-0.0265104304584894,-0.03724509420635295,0.03524499689796515,0.014896657933062635,-0.02275058828772935,0.018968602616956116,-0.00494220280215818,-0.004292150174747322,-0.05293913365097688,-0.04350417049383998,0.339928419386471,0.03189444301886232,-0.10256895841271052
2021-04-22,2368.34,2642.179487559,2336.014458359,2415.177090859,93568879279.79698,287510013581.7486,0.0198624620415179,0.0196677770685297,0.2971420690534752,0.2601634359998104,0.0862310033943567,0.267202972871881,0.0355648055639843,0.0533075896086524,-0.0258937665140492,0.009733091115848656,0.026259854968287755,0.027991317397081855,-0.04195440010023067,0.051743591582315444,0.1522493701231069,0.0312750967346567,-0.0045046818872984395,0.01927206252975272,0.36524583958234313,0.041024299602518355,0.07377015673958431
2021-04-23,2406.273482034,2438.920885946,2127.7,2364.282567194,131320333808.73576,263869063588.6309,-0.0210727916630323,-0.021297992293617,0.403461651133508,0.3389417927083511,0.0959079118218355,0.1063586980829063,0.0142955172644023,-0.0786747329928567,0.0924946742171899,0.03089451352825444,-0.027991120382841322,-0.012803295146504606,-0.02862756081221071,0.11340584663988067,0.005724600104530131,0.03556452121642012,-0.08874808571588882,-0.015771991350046533,0.39777915117448076,0.0664031443931212,-0.057015537254546
2021-04-24,2367.00775925,2375.479261709,2179.839979217,2358.089307746,80373889421.7639,262071815997.5649,-0.0026195089935253,-0.0026229459105443,-0.3879554895220862,-0.4909502695754009,0.0607289254829791,-0.456968362830453,-0.0350914294493276,-0.0153426332894674,-0.0334301938870984,0.023883106617495736,-0.02264523513684938,-0.004832995374051879,0.011232617135299085,0.03063257767768101,0.0033187271385184403,0.002372084988304074,-0.09064594039360335,-0.014292941595683784,0.39483934767659107,0.018186612252642988,-0.06603091831412322
2021-04-25,2383.178045008,2383.178045008,2176.30124999,2308.101084726,51522511166.61633,262296699622.5219,-0.0211986131550639,-0.0214265305317717,-0.3589645650187373,-0.444670542807392,0.0610512329079671,0.0052932790004862,-0.0075574763942541,-0.0051234585675558,-0.00739452914699,0.029312845301166526,-0.05119603923428022,-0.01142316640468602,0.033965403815485316,-0.061448786119927726,-0.08481140053948422,0.0035782338511199385,0.07812765972735713,0.015774352898760058,0.3053436972871785,0.011625031042990458,0.003075671927150081
2021-04-26,2321.598588433,2532.483306047,2312.808035793,2532.483306047,61536391085.80819,286084390327.52075,0.0972150755466747,0.0927752200039383,0.1943593138697843,0.1776099025884572,0.034591420620308,-0.5681077030393524,-0.0545177233887184,0.0,-0.0545177233887184,-0.05799975174566996,0.004301399095903546,-0.042689551774865525,0.15565525289191268,-0.01573925850768146,-0.18162772905101043,-0.10867664225761417,0.02797696794710186,-0.08426544012272583,0.3885823653891423,0.02147210635438046,-0.19802993021670745
2021-04-27,2536.221397569,2668.57,2491.47,2647.247267377,50763629760.85928,298237584422.7664,0.0453167691395908,0.0443199678458992,-0.1750632615085769,-0.1924485762040217,0.0406036451302051,0.1602521517435722,0.0200180983502517,0.0202009782009272,0.0143050792395307,-0.05880526675124965,0.046553779142317356,0.01372992233878853,0.12738171578227586,-0.034546137615832,-0.01895514288763689,-0.07482096148439824,-0.06365139543524678,-0.09804564293812536,0.4490344371265164,0.01643840380732922,-0.24746640140651244
2021-04-28,2665.402959511,2757.930778414,2571.332391011,2750.461036657,53970914198.68619,310030287360.7626,0.0389890927651306,0.0382482142420943,0.0631807546650229,0.0612651269222011,0.0455275903455468,0.1144606792931961,0.0115515187589926,-0.0105805460873265,0.0163326166713865,-0.01234720254233643,0.022963805661170428,0.020517034811097762,0.1496637104245284,-0.034136780203188125,0.12156523206441316,-0.027031063936933122,0.036986517497538854,0.012231067662365078,0.41224083321501787,0.01637173310079132,-0.030573811364874803
2021-04-29,2748.581501285,2798.517828857,2680.68,2765.425747369,56240079646.25469,317259972779.6067,0.0054408008375892,0.0054260531493515,0.0420442284748947,0.0411843881836376,0.0301813929492617,-0.4110929164145278,-0.0186153164327785,0.0050142884687436,-0.0212884198601382,0.022059781668948782,0.013741474300591222,0.017434195253016538,0.1354219865053503,-0.07404130209505258,0.09218588067672218,0.0368632786445049,0.029768434853722534,0.043716131200034786,0.40578966539668443,0.013709663079564631,0.13944549285084262
2021-04-30,2763.1,2796.935393312,2733.43,2773.602299667,50888363092.24325,319677946836.4189,0.0029567065056002,0.0029523440458135,-0.0951584099395534,-0.0999953892104972,0.0160681005971348,-0.6303896297980445,-0.0153994429739792,-0.0045371153907846,-0.0153522369428003,-0.0036839106368952365,-0.036866624116199315,-0.03664653811785146,0.15967232284478075,-0.18103116235351666,-0.1583847823803639,-0.012391832326644599,-0.06465192564863001,-0.05676848536612279,0.37027540838297146,0.010057279559027566,-0.26757375060464583
2021-05-01,2775.427315775,2955.577532134,2759.829975096,2953.032414227,46664803194.00891,332362717792.8759,0.0646920845795169,0.0626856348968845,-0.0829965760655037,-0.0866440728891355,0.0293528127939266,0.602552400741398,0.0047606507209737,-0.0027369773380153,0.0069772896286666,-0.02508131699234877,0.023749434801920405,0.01915212888693721,0.22498090365220969,-0.0868349235379719,0.1415938868365072,-0.039398546816400815,0.01561166564738082,-0.010203401098563644,0.4041024357756498,0.0010139475800034585,0.04070878401618905
2021-05-02,2950.901549708,2985.21,2867.216960105,2957.5,46938879043.1526,339357210656.4665,0.0015128807091571,0.0015117374580601,0.0058732884397738,0.0058561079191718,0.0284825591131521,-0.0300964389236835,0.0107493319041151,0.0030220530175466,0.0103371780653268,0.03480359888877363,-0.13593730765894335,-0.10978609819677068,0.2479191716420415,-0.012412008033648319,-0.5374804211637909,0.03716265601178344,0.13062542456779364,0.1357965742207724,0.32639302090866756,0.0006423154600112403,0.3824960331506444
2021-05-03,2954.75,3451.592950491,2954.75,3440.551612077,58401789517.57545,366479272303.10126,0.1633310607191884,0.1512874940078037,0.2442092931934862,0.2185002222828203,0.0559234510646271,0.6746918713306198,-0.00930271812784,0.0119327269605282,-0.0298647924338562,-0.016999149322117546,0.04526023787668754,0.02480771504382897,0.30643144564590685,-0.008577761504682702,0.2749077592731588,-0.014413164023439048,-0.05671152118909015,-0.05846102599117273,0.5311748390176622,0.006401080258660196,0.03109181422211016
2021-05-04,3435.782899419,3512.142263693,3222.786707599,3242.717708545,98694381701.456,388265146300.8616,-0.0575006353160245,-0.059220033735556,0.6899205061474167,0.5246814900460772,0.0490330099428337,-0.1314900667406413,0.0240419257782789,0.0195705035126281,0.0198638568833256,0.11696397912006903,0.015497583438352489,0.09216767841790553,0.20289144406445167,0.12374345269307645,0.33717689061493283,0.16296012140853192,0.04245446962387828,0.1297410533136083,0.44272264126977096,0.029999091170401882,0.3065048078273729
2021-05-05,3243.403117679,3535.38,3242.727692459,3527.6,91189517896.49866,389933274353.1102,0.0878529422108798,0.0842059758892362,-0.0760414491238118,-0.0790880667057229,0.0317434753371802,-0.4348065405687653,-0.0319547859781046,-0.0281056120412145,-0.0156761690481456,-0.12483664089809898,-0.00842796039627558,-0.0880716773597705,0.24884920571159347,0.08652668485115818,-0.43156294048499344,-0.17073491212623207,0.03703261388152393,-0.05387419196404222,0.5145680239463183,0.029021784753872383,-0.12747026515966509
2021-05-06,3522.92,3609.980624032,3396.382514747,3502.82,72288736164.40137,403872434796.8114,-0.007024605964395,-0.0070493946643167,-0.2072692362904027,-0.2322716311250721,0.0429806336850253,0.3030624317950092,0.0287759518338011,0.0133423626427774,0.029409098098502,0.06620736893995431,-0.031126452789113107,0.017451853112615157,0.23637375789792534,0.035117780927011046,0.08689019100269801,0.09303004923815114,0.0022195736074349104,0.034025360524031795,0.5010179450999916,0.014868542856238053,0.10010245719139266
2021-05-07,3491.39,3582.948972845,3380.066128521,3488.96,66618974093.65691,402672260790.4252,-0.003956811940094,-0.003964660831692,-0.0784321648375494,-0.0816788907319776,0.0412156351936885,-0.0419319554663637,-0.001758428659787,-0.0008905926267341,-0.0015421325305129,0.004923928918950826,-0.015396660903736287,-0.0021860032661643325,0.22945675302041987,0.03326497042311828,-0.033945118107756134,0.016465388371907946,-0.16751123834800874,-0.0991525603684279,0.5635777558955486,0.011395731588376102,-0.21231091296054316
2021-05-08,3486.9,3947.699350842,3463.61,3908.027689808,60277015038.49128,422677563164.39374,0.1201124947858387,0.1134291220361363,-0.0951974890254199,-0.1000385790132326,0.0594568919566956,0.3664338656836579,0.0039965199835394,0.0091745541143693,-0.003611064741237,-0.040464959218749756,0.05804174565066593,0.00743406663596996,0.28020024015967165,0.027918390067217063,0.13275980125729436,-0.06284095512135514,0.08369495578879999,0.003412345407285605,0.6290508445737351,0.005629379404067638,0.0764793608186991
2021-05-09,3905.350769305,3984.889385864,3752.065302203,3925.563386861,77380429957.75514,451228146063.3341,0.0044870964191814,0.0044770594155125,0.2837468794422233,0.2497830514434395,0.0424489500211339,-0.3369493670745922,0.0005444951485206,-0.0180163189044358,0.0141004911727096,0.012764180787234757,-0.0943899382981666,-0.04187220797949538,0.2831655621171241,0.0597504128550358,-0.2105739429078115,0.018695411173186557,-0.01409186119456178,-0.0005456078814063681,0.6375776413855837,0.02188430327926449,0.010016583178455774
2021-05-10,3937.181806961,4203.965080703,3842.948461084,3954.376898667,80777018463.8208,470717613815.97375,0.0073399685513779,0.007313162074753,0.0438946708866825,0.0429585944154281,0.0634320780898541,0.4016675190821677,0.0226335389447831,0.0459562636704172,-0.0162299228056405,0.04415120579711897,0.11442279217742536,0.09252770940816264,0.13919123018407342,0.04174789751346984,0.357229163080919,0.10441413016434173,0.06840313736949662,0.12188745006198343,0.613001186602068,0.019234459733978644,0.265135959953853
2021-05-11,3953.053405648,4172.78335984,3803.283563525,4172.78335984,103099874135.13107,462300950683.5885,0.0552315742201061,0.053760244471504,0.2763515675106089,0.2440056701005082,0.0562846241872513,-0.1195483042256455,-0.0087522209140105,-0.063346568199427,0.0335282469396392,-0.06718550645166504,-0.10717582756933859,-0.11496848115793523,0.25217150839113356,0.008018356301919211,-0.5521636747555398,-0.13291220705405155,0.022163211481202955,-0.055782039691554014,0.6614746219201947,0.03134939193553106,-0.104325611683866
2021-05-12,4174.648683415,4362.905859772,3932.003491347,3932.003491347,82734304295.57562,488276338564.3161,-0.0577024608586995,-0.0594341953176732,-0.1975324413380241,-0.2200638501384246,0.0634170745628653,0.1193117472326354,0.0078832797844213,0.0677256837530616,-0.0598424039686402,0.10517796613552882,0.07188039604821218,0.12427724715827371,0.10853133718422417,-0.01544632911793796,0.5562358688280005,0.2013573323568067,-0.01864449335553131,0.11151949748478687,0.6052079943560885,0.021262802725322747,0.22185759546662087
2021-05-13,3839.187516785,4039.432141675,3568.057477215,3731.181210244,128139930381.3757,443004721774.1565,-0.0510737799559286,-0.0524242283427958,0.5488125690110897,0.4374885528294893,0.0859285286192428,0.3037827481064878,0.0177726819601731,-0.0041968824253471,0.0572194192691416,0.03757094803147443,-0.022536375800526823,0.026266625831844387,0.06315650350574498,0.09787354335205953,0.05035933932911241,0.044162198827702226,0.08795880059664951,0.08917708122104606,0.48195659864579643,0.03782397480624986,0.14940283002093657
2021-05-14,3722.706900934,4167.109627046,3722.706900934,4087.82,90462378452.42944,459965539569.7255,0.095583347379871,0.091286958747525,-0.2940344342064855,-0.348188816341946,0.0545641297392189,-0.4541391857906593,-0.0389533653641885,-0.0169838009786682,-0.0572194192691416,-0.06587878852579242,-0.023267222635333352,-0.06975578706582136,0.1584081230849623,0.03903177132338406,-0.3019834154649548,-0.12115876592167518,0.07935159276935771,-0.013923461923754987,0.523156395437346,0.012480916195680588,-0.03533409690410805
2021-05-15,4084.213641366,4124.559328747,3659.42,3660.04,66435941958.60588,452218163655.3938,-0.104647464907946,-0.1105377443055392,-0.2655958963809259,-0.3086958519748635,0.0501368393285863,-0.0846206485536091,-0.0120031267146043,-0.0122735033937128,0.0043134128736217,0.01869021370764741,0.014624673565247118,0.022188737561800564,-0.06555874325671339,0.009839400165823051,0.048624243398583955,0.11570868007515378,-0.00013584311382147662,0.0663510176372723,0.37374706225077586,-0.00031734514479641283,0.11678091525240297
2021-05-16,3648.26,3882.649555276,3373.796812414,3577.7,65897724755.6561,429011635844.8862,-0.0224970218904712,-0.0227539404678927,-0.0081012955801113,-0.0081342893910493,0.0985892274943158,0.6762059471999731,0.0638598292881399,0.0370960868866418,0.0634329015251901,0.0032251173904177532,0.047245866668753626,0.024047731254392857,-0.09278974314011881,-0.01842329759842674,0.23081133253609298,0.030099302547800633,-0.037275774903770764,-0.005977492537172224,0.3856179533645201,-0.001119273816836164,-0.008093942777502305
2021-05-17,3585.9,3585.9,3155.524964594,3288.114859136,90005707448.41422,392952960333.5687,-0.0809417058065236,-0.0844057264363628,0.3658393788579004,0.3117691692114385,0.0725947566092673,-0.3060693048086289,-0.0258590490818688,-0.0713675838419752,0.004796339441901,0.024303412769979854,0.0011105210900844015,0.02124482785764925,-0.18450863165123482,0.01483354073097475,0.14427726755096737,0.08091697610718707,-0.0628087518439358,0.026502741462503254,0.34369535078621133,0.012438745178191392,0.02400806631749408
2021-05-18,3285.013596626,3559.820749295,3273.765405416,3393.210256184,77818604570.96991,397209656184.8501,0.0319622037399311,0.0314620421056731,-0.1354036674221933,-0.1454925485135507,0.055704538185884,-0.2648310770858195,-0.0095039109107776,0.0620561684011785,-0.0614559467754466,-0.06173939786995565,0.046260910012371356,-0.015574175165124077,-0.20680683401706573,-0.04117145464452455,-0.046397787243736444,-0.01219389971718049,-0.06040496532047274,-0.03958535065431357,0.4193167101038423,-0.004341257758730296,-0.07842398687218632
2021-05-19,3383.306512226,3436.304879004,2044.925026759,2484.922822154,102230713084.2078,327577715692.5048,-0.2676779113155985,-0.3115348499337216,0.3137052976961858,0.2728516161381483,0.3129022258878955,1.7258291452613406,0.2581453973370803,0.008925670794922,0.3021557397126262,0.10055113976896794,0.20779856164409033,0.2291247622911714,-0.4589074886331141,0.031899045833818876,0.8070038636334617,0.21780441332650347,-0.08934364943193922,0.18218088973323343,0.13669648924260988,0.014059947077050137,0.14175902484614256
2021-05-20,2462.550479752,2976.61,2198.57898009,2757.93723163824,137107676795.76848,311843503874.1623,0.109868365749719,0.1042414188772946,0.3411593508384549,0.2935344270969958,0.202333956199146,-0.4359711835843372,-0.1207660732896173,0.0492924839162296,-0.1529256080776872,0.00989719199319633,0.07295699718606691,0.06876827656649892,-0.30224184141302357,0.014337746269856967,0.09642551306157332,-0.09195677442478978,0.09241458077686286,-0.06505181334966303,0.16834440316436824,0.029122039765112736,-0.0062917598924343565
2021-05-21,2767.53,2922.635174702308,2135.25,2411.06986994752,81705366912.0,303952189983.52924,-0.1257705787178765,-0.1344124420264454,-0.4040788318971673,-0.5176468889488459,0.2047508599396481,0.0118743418729196,0.0045275426563408,-0.0178415180458,0.0171943534943917,-0.14309651635099818,-0.08577019771810285,-0.12984749444610838,-0.5279412421869942,-0.013998451295981248,-0.22709829850132146,0.06668911664286148,-0.04404617462415744,0.050462359476757146,0.01796574153808131,0.004072187537304621,0.018671803580641244
2021-05-22,2426.58810239345,2479.2192198516486,2188.239011884151,2301.8,81332266112.0,272295526675.77533,-0.0453200760830287,-0.0463791528815941,-0.0045664172881304,-0.0045768752205553,0.0819549791824916,-0.9156238605439586,-0.1223371015923985,-0.0625170634165884,-0.105186236824052,0.10778312828078762,-0.075825793008998,-0.027388286576706222,-0.4637826507630492,0.023696848242466914,-0.05802171710563386,0.014911844438883715,-0.016751472180196292,0.010562415471697784,-0.048081188412042626,-0.00520943886194999,-0.001112067991466792
2021-05-23,2295.7,2376.06,1752.6291422278648,2113.044802634557,61748691441.77778,243779935469.3113,-0.0820033006192731,-0.0855614838139415,-0.240784815257137,-0.2754700309079546,0.2089307795578853,0.9358329366890732,0.1508758581198965,0.0236159629162397,0.1523496354416562,-0.1804302274479936,0.10417241003995348,0.04800590541052091,-0.5265901941090979,-0.006543996931994242,0.09074420315707477,0.04899232674393372,0.09830310701826692,0.07452046128737067,-0.11234467993236716,-0.030145553059307405,0.1805826806756245
2021-05-24,2111.674945298686,2656.87,2097.0262452169027,2634.611179525757,83352504620.75525,273310483519.0493,0.2468316697501671,0.2206056694146983,0.3498667368416623,0.3000058741272243,0.0953209943786498,-0.7847529146384866,-0.1741474656318807,-0.0195746787755739,-0.184816747818951,0.15549957449092108,0.1401535794021539,0.16350575154237323,-0.22157879825803675,-0.010583880991670824,0.22462276967538486,-0.11356540385166514,0.11686922840774575,-0.05082947895299683,0.11088393539287549,0.0013094336536489141,0.0013243544495571413
2021-05-25,2641.715103694702,2743.8815191726912,2407.7538520024978,2691.3770050889584,77043354339.55556,300302010663.2258,0.0215461871582203,0.0213173492883393,-0.0756923899276408,-0.0787103514094131,0.0916762480921986,-0.0389867560021195,0.0458289845961309,-0.0168807961447297,0.0617627316085048,-0.09387251662168693,0.02510480921327929,0.0053158062476247325,-0.23172349107537069,-0.0012405827492760052,-0.05891989526868935,-0.00022096746678024193,-0.006671294361248026,-0.003762470202684276,0.15362781521298638,0.011149527639593535,-0.005554922942847984
2021-05-26,2703.975505553211,2904.3339367080366,2666.44,2876.2038316819835,69161700977.77777,324333387797.32544,0.0686737035515825,0.066418350230806,-0.102301534367789,-0.1079210514420633,0.0466777497428124,-0.6749957279456269,-0.0632816956889013,-0.0006999508443407,-0.0690847905887118,0.019029366822496882,-0.12071686624172179,-0.11643010669580217,0.14622970908915697,-0.05440448406547053,-0.22753342469966042,-0.07663742285158609,0.08059621156638125,-0.012596326703901761,0.12727094543985418,0.0033073619496266603,0.002845256648660477
2021-05-27,2887.9454373309272,2887.9454373309272,2658.44,2750.555668066751,61653272846.22222,321610911805.79486,-0.0436854169482676,-0.0446683582900911,-0.1085633815450558,-0.114920939601803,0.0501062700376091,0.0708785504787519,0.0112256418445377,-0.026376278801537,0.0205740472680804,-0.023132037330039247,0.0433124004756571,0.03909426606780647,-0.002680068078228921,-0.13647853234101892,-0.0008646221647634622,0.0013776495700215663,0.006819980756321231,0.005599550398480924,0.0382826193038636,0.004704331889898699,0.0069442773428308735
2021-05-28,2745.1430281494745,2762.3366747944515,2351.44,2429.01,50687604614.689896,296923457650.64905,-0.1169020761149515,-0.1243191854499599,-0.1778602777322671,-0.1958449199427543,0.0847691544565215,0.5257855812988121,0.02322655448456,0.0283355867694217,0.0177727357872313,0.12169401860345774,-0.12788406149589526,-0.08548436701260931,0.007413188498256621,-0.0619948508595932,-0.012305526364579267,0.043395764400123826,-0.05146168863093664,0.0009100801973863648,-0.12428478038819063,-0.0014160626493541738,-0.006686342414152946
2021-05-29,2424.27,2566.781452330586,2221.41,2282.84,55547577514.66666,278935543053.0108,-0.0601767798403465,-0.0620634850642181,0.0958808950811671,0.0915585102493559,0.0951098844634661,0.1151011697158423,0.0189546537434543,0.0534971104174993,-0.0220584758648745,0.05874005532234916,-0.0587703235695049,-0.014176865193618715,-0.008271143684367316,-0.054632088434221876,-4.627871755058521e-05,0.023741654880481078,-0.036343756353138634,-0.0009834539405845222,-0.1917743186017603,-0.00029892634208005556,-0.010077955817098638
2021-05-30,2283.59,2466.0968980511057,2198.49,2392.56193204806,51062077955.58042,276697762271.249,0.0480637854812688,0.0469444480555561,-0.0807505882304568,-0.0841977987035515,0.0758792162745487,-0.2258900851977383,-0.0208581224171754,-0.0335880189630257,0.0078566830492745,0.010599357974793194,-0.23680215446600295,-0.10732494767205347,0.12423478818513045,-0.023547591329707254,-0.49904745762700586,-0.02264090222270787,0.03138253198029434,-0.0010561076793358382,-0.14778221459201757,7.499437325029885e-05,0.006884457781983155
2021-05-31,2390.85,2716.0342414575857,2292.45,2716.0342414575857,45078368241.72823,290733955874.90857,0.1351991374085892,0.1268080870048705,-0.1171850021273614,-0.124639615762627,0.089954661096983,0.1701629612803219,0.0099820770542372,-0.0482446782238953,0.0277342198934449,-0.1688525111112547,0.166747020798609,-0.03784482826608451,0.030437205775302647,-0.08919910309822393,-0.10030728931335986,-0.09079266120168794,0.09947341981912305,-0.0009858341691763028,-0.08365976248403147,-0.0006850881292083512,0.007134505103265687
2021-06-01,2713.4867533810443,2736.2539969140107,2538.9019430365365,2633.37,49942346991.05226,303715671803.13824,-0.030435640389137,-0.0309084221697528,0.1079005061416915,0.1024667883921983,0.0495469515360342,-0.5963850419114833,-0.0319769336528726,0.0178948110589516,-0.0351247727481754,0.00396562540206398,-0.0037713741863530936,-0.0019475663292662926,-0.02178856568278937,-0.06834556789653556,0.00034982266136895923,0.013074330346915464,-0.016586375812256304,-0.0032304077789558905,-0.11607992211184451,0.001296624904524646,-0.0029913131290227324
2021-06-02,2637.83,2798.562802743759,2569.17,2717.69,45146552334.22222,313209552298.97205,0.0320198073191386,0.0315178600138853,-0.0960266176054813,-0.1009553632773021,0.0575627113150381,0.1499542491654639,0.004277616666228,0.0237522983000928,-0.01079104844973,-0.08367093355310118,0.04721074075343451,0.029876627995285843,-0.05668905589971011,-0.06473158488674398,-0.03657808896189185,-0.10730199774618843,0.0822527548644858,-0.0008241841627733004,-0.2358495561057629,-0.005735114613809643,-0.020008990754580014
2021-06-03,2711.79,2890.51,2675.66,2859.22,51316261091.55556,325412209113.568,0.0520773156614624,0.0507666055897424,0.1366595772731142,0.1280937656047402,0.0435904261494171,-0.2780374425486651,-0.0169080515245797,-0.0152905759976105,-0.0086666368867729,0.023698459524094162,0.0010824635921722059,0.002242140239335111,0.038745907980123485,-0.02920685738178753,0.01416961398178751,0.017707120278962263,0.005466231337596605,0.014079767743494176,-0.12586291678046452,-0.020772137631620672,0.018768323136321985
2021-06-04,2854.91,2854.91,2571.02,2693.41,56377336561.77778,311942054067.9743,-0.057991340295605,-0.0597408115558893,0.0986251796714601,0.0940595614447775,0.064614708194581,0.393604523389842,0.0299839096324822,-0.0263565333614339,0.0399589992059362,0.08776049513841026,-0.10067795762903933,-0.06307964057261148,0.10332428187419411,0.016181572708732963,-0.05208509320107635,-0.032820712331168955,-0.001139483078494874,-0.018173500082024008,-0.26980970422559,-0.015542600385164449,-0.027212967981801506
2021-06-05,2690.36,2816.859300926553,2564.84,2621.39,50568307598.22222,312764999759.08,-0.0267393378653825,-0.0271033373657408,-0.1030383717611433,-0.1087421957214436,0.0642789565227417,-0.0052097584777022,-0.0038640119307944,0.0574843149616988,-0.0375116364650997,0.040307321353266326,-0.059144808746787514,-0.00726468231252822,0.1382844295726713,-0.014146657272921533,-0.048576943787317584,0.015766695798469343,-0.02097996039086003,-0.00965408134447765,-0.2898636469270142,-0.00982134962889118,-0.005029597734700686
2021-06-06,2634.93,2742.7522145816465,2619.61,2715.42,46832836456.85609,313163988674.6766,0.0358702825600159,0.0352419261137248,-0.0738698073711578,-0.076740457427354,0.0265579161759684,-0.8839044431259264,-0.0412065608001926,-0.0374427669387136,-0.0178070849235037,-0.04286768077638417,0.0026174916018789907,-0.03462847595785054,0.12658190763084004,-0.012174951837739407,-0.18930258803186972,-0.010925753258449744,0.0220583934474875,0.013043343843026078,-0.25065705998159726,-0.009031458949460067,0.009760306002395858
2021-06-07,2717.42,2842.471156631274,2592.081961731028,2592.081961731028,42937529080.888885,320038750237.60376,-0.0454213485460709,-0.0464852385259835,-0.0831747054132773,-0.0868383433207574,0.0582252273306355,0.7849908558101224,0.0396895859766901,0.0443690004901753,-0.0144728138788541,-0.025911598231883548,-0.04722939388772033,-0.04683644149531867,-0.04671141790001416,-0.006219925549905475,-0.4986574259068668,-0.08582410893519996,0.0111618342681149,-0.02902827293696053,-0.4105714205437173,-0.007982297651307608,-0.054912202843406976
2021-06-08,2592.03,2620.5916912181365,2334.78,2514.757227313584,60987077209.51049,290409137351.43616,-0.0298311301722132,-0.030285130031102,0.4203676484182062,0.3509157454392137,0.0794623384955047,0.3109644596883454,0.0262180649740751,-0.0431558302497944,0.088100979189585,0.029878822540606656,0.0580675766653831,0.05673768925472723,-0.04608812576136329,0.03168179794008231,0.5293321616563196,-0.002337069330865915,-0.019385469170162928,-0.018711499422878974,-0.4453336099903318,-0.007605792990450009,-0.018472582848263586
2021-06-09,2518.918934387232,2620.639033085594,2419.93,2613.3554057192514,60566912853.333336,293858733117.64966,0.0392078318076836,0.038458722727382,-0.0068893997778209,-0.0069132412578944,0.0514891760080443,-0.4339115688198358,-0.0341215290476487,-0.0107579350837155,-0.0325773974000245,-0.03265776675427323,0.034698483722486656,0.0050113834513235145,-0.0391472630478666,0.042618717694937504,0.008008597399711492,-0.012990282100776324,0.029473295007344857,0.022206867133956476,-0.4141880493377029,-0.009456922935417365,0.016671072474522153
2021-06-10,2613.278031755644,2619.4596328496987,2438.89,2483.09,50281390622.32753,294183379954.0332,-0.0498460352672159,-0.0511312393794,-0.1698208105127111,-0.1861137105440498,0.0392684027765154,-0.2709514160830131,-0.0195377853635883,0.0007423556695658,-0.0203041151255313,-0.08020805279383646,-0.018601328536019937,-0.041369445824723114,-0.14104510801700895,-0.002804005853238269,-0.280585177032876,-0.06717884006117233,-0.020168212957437648,-0.04075224554628487,-0.519079533188607,-0.025146140084536195,-0.05767490501409933
2021-06-11,2473.3,2490.04,2334.39,2353.48,40483088448.0,283031887226.368,-0.0521970609200633,-0.0536086685039565,-0.1948693553033232,-0.2167507231827556,0.0336252089093531,-0.155144144075551,-0.0077932430109146,0.0082665052721985,-0.0135221835409829,0.10189504468801935,-0.0772954968532028,-0.0038766038190573004,-0.13491296496507604,-0.04408384361710617,-0.009055202251887717,0.05872243349483827,-0.06910237199095948,-0.044806677304816134,-0.5132540063748903,-0.020580590184643855,-0.048958619452802
2021-06-12,2355.85,2444.41,2268.32,2378.03,41453918257.77778,275038813281.7306,0.0104313612182811,0.0103773299911889,0.0239811201910842,0.0236980891339523,0.0525445532983221,0.44638539314461,0.023779657474261,0.0123686064352835,0.0205914830910437,0.01440581747142275,0.050122263784503525,0.036117243815731184,-0.09743229760814633,-0.02618474999508325,0.26957088059516265,0.0351182360391567,-0.0013167798392685892,0.014193216860924673,-0.4504524480409056,-0.04359908192012155,0.02572235158357583
2021-06-13,2375.39,2548.58,2317.910108808084,2508.03,36890377002.66666,278292125320.7615,0.054667098396572,0.0532251705892101,-0.110087090603429,-0.1166316756546207,0.0579629233360827,0.0981421093461758,0.0023593491502892,0.0017222197033555,0.0016547582966209,-0.041255606467553566,0.050590391252821554,0.010669400753976821,-0.07944905313266112,-0.029368016388134802,0.03566335949782462,-0.1815851422636935,0.07116870041541812,0.013626470277043112,-0.4885142361992205,-0.02792660106407526,-0.040414695730116246
2021-06-14,2512.8,2598.76,2473.889423658993,2583.08,41433968512.0,293520706586.2305,0.0299238844830402,0.0294849009507562,0.1231646808327522,0.1161503086674658,0.03030657144605,-0.6484389849030792,-0.0256906097422424,-0.0193287813157901,-0.0179812198244557,-0.062457226447082764,-0.0030500757952055535,-0.02194256077600798,-0.0034789136559211916,-0.004517259552210277,-0.3953640629803763,0.08937026430579544,-0.017379404950123245,0.0014833907429374626,-0.348491590942925,-0.013305118969834006,-0.007522215383318764
2021-06-15,2584.61,2637.17,2518.46,2552.59,41452076693.333336,300154117278.60425,-0.0118037381730337,-0.0118739553878362,0.0004370370974262,0.0004369416245297,0.031633425025494,0.0428497471286637,0.0020812758375161,0.0113497171670585,-0.0072807163728996,0.02608336573495232,-0.020429361871277432,-0.014499124702356356,0.014932260987344513,-0.060624297338249505,0.039843792258253075,-0.1592990464726307,-0.01443597039775113,-0.037721397903343834,-0.3376116058628684,-0.013182500605355307,-0.1223318343403752
2021-06-16,2549.03,2551.4825766268627,2360.793390448012,2366.096057817739,36061754150.3554,287552863279.1878,-0.0730606725648306,-0.0758671660057538,-0.1300374546456644,-0.1393051195770978,0.0295711750141469,-0.0674142457641715,-0.0160640035172019,-0.0171001296428137,-0.0055621534585544,-0.007252630242705171,-0.03393781134141147,-0.0343268289015721,-0.09939362774579125,-0.08164509605732086,-0.20174547065925985,0.1811522595296056,-0.08458712898632426,-0.04831531701262792,-0.3290730454322593,-0.029719550695864693,-0.0051324289748190255
2021-06-17,2370.2855316599434,2457.8071992060786,2317.3970750023564,2377.83,35905639734.41115,279005471204.2629,0.0049591994135196,0.0049469430884463,-0.0043290854708106,-0.0043384830931982,0.0415486109224263,0.3400640195002617,0.0265533696376609,0.0261164974534994,0.0109830077183517,0.05007358369260628,-0.01342666422918401,0.02010203735606632,-0.04331544527794494,-0.051194350165783005,0.17766465056711,-0.10550073941214037,0.013718656464696277,-0.016209865652874522,-0.35558814444948617,-0.02371686194821376,-0.07966941122926441
2021-06-18,2373.3,2377.3,2151.616738034038,2227.47,31839007651.55556,265727093238.5261,-0.063234125231829,-0.0653218948085693,-0.1132588672123899,-0.1202021850540612,0.0584906064137641,0.3420020779479862,0.017026220867001,-0.0241635035445194,0.0341859583315965,0.05651473069034131,-0.00781503925392435,0.04541814092130178,-0.05502867158255783,-0.032094081650522355,0.2974338621662609,0.15879452132157407,-0.16240521099081717,-0.08483249573863194,-0.10937518932433396,-0.04114281257412984,-0.13485467539848306
2021-06-19,2231.11,2269.63,2172.12,2181.05,33007749127.11111,259285180760.05936,-0.0208397868433691,-0.0210600000383118,0.0367078486976162,0.0360501621657831,0.027663259107577,-0.7487610204640034,-0.0310895777942644,0.0156344955803883,-0.0478033698626812,0.0028937426834578783,-0.01938731831185351,-0.003362595076519037,-0.08646600161205865,-0.0323867525480357,-0.04286808750635407,-0.1081134299372343,0.030536796265245247,-0.029067427946014135,-0.23467660823994055,-0.06412658262097738,-0.11280198635457361
2021-06-20,2178.25,2275.24,2053.3512554220933,2245.5318023888944,29647835484.444443,252657944988.5144,0.0295645686201115,0.0291359639455177,-0.1017916620042105,-0.1073532353658085,0.0700511481986716,0.9291205170221876,0.0483901063707505,-0.0021764266864046,0.0621994049966021,-0.05277420725652192,0.09774496514271674,0.015131213928741671,-0.11055520825575099,-0.028632076045309755,0.19502486748764336,0.08868954932523762,-0.03211602637087563,0.015796756338459617,-0.07112820226797736,-0.03367932719555104,0.07014974761807813
2021-06-21,2248.2589284754185,2253.3179901594417,1878.22,1895.47,42688597775.48754,235596608028.7768,-0.1558926050463784,-0.1694755472754517,0.4398554591914574,0.3645427329884575,0.0729507388686685,0.0405587395644904,-0.0314354406721179,-0.0042126641409916,-0.0321372295917282,-0.0065895143031780845,-0.08038502350023169,-0.06291338308704295,-0.30951565648195917,0.005019022545124464,-0.12834156338456904,0.1017651653914905,-0.13853820388817878,-0.007615095566343655,-0.19422459666183495,-0.025755669925257064,-0.04971954958249447
2021-06-22,1895.12,1992.29,1726.73,1872.0,51600065696.55749,221151713309.6392,-0.0123821532390383,-0.0124594508350184,0.208755227050045,0.1895910921193842,0.1008672598762058,0.3240209904510989,0.0580185598224839,0.0360877986331815,0.0461511546337827,-0.06428003227121268,0.12334953237069976,0.08040092916827069,-0.31010115192914134,0.03969592583771566,0.32823342554725077,0.05735426685021727,-0.01792249904236809,0.04669833796778272,-0.12112256368291183,-0.006875410597671527,0.0667786513748545
2021-06-23,1876.98,2042.094093073391,1834.91,1972.07,48773871073.24381,231092260567.8616,0.0534561965811966,0.0520763744524449,-0.0547711438960866,-0.0563282050368758,0.0691299621720026,-0.3778171510383519,-0.0354591679918549,-0.0015650420806904,-0.0462737871386801,0.07209476131116618,0.027773666527029395,0.04555019694268536,-0.1821576114709426,0.047600890410221315,0.11144946652753651,-0.18259628174501882,0.11017337031559157,-0.09001781192310648,-0.28965185864516524,-0.023787467324576577,-0.11882081608898964
2021-06-24,1971.05,2034.047031494804,1893.1225351996509,1989.072367989647,32379233621.33333,228445324480.27768,0.0086215844212664,0.0085846308095185,-0.3361356622132909,-0.4096774609421345,0.0504539790959688,-0.3149266269960162,-0.0157052546884413,-0.0277160223291694,0.0042339256143848,-0.07202405274571566,0.006948471603106188,-0.010958925247169404,-0.1785199237498702,-0.012979246535405373,-0.11583322702700749,-0.027051834900048727,0.014186782615483923,-0.004432712399271954,-0.3023845771239857,-0.03158754557829625,-0.016952347449552763
2021-06-25,1991.9980716518269,2020.7710253568723,1803.14,1823.51374362508,31200907836.86713,221435966519.2284,-0.0832340879240592,-0.0869031151309482,-0.0363914043873431,-0.0370700879691923,0.0589523358776324,0.1556676351648089,-0.0010270460131058,0.0118574514980062,-0.0112044977877644,0.048511802024805664,-0.09387687134973914,-0.07748599425680705,-0.2001011440722491,-0.0023666882193005925,-0.2797206143178059,-0.14427214896799276,-0.08438471717093599,-0.1321261970822636,-0.45570604248574,-0.027654178662669483,-0.32991908060270014
2021-06-26,1821.330290920335,1850.817183498193,1725.2249435691035,1815.11,33875120911.7112,208387694253.60745,-0.0046085441661513,-0.0046191962454686,0.0857094636100366,0.0822336568153006,0.0496427491805034,-0.1718769097589869,0.0044589451180539,-0.0206917334527991,0.0190172975504789,0.03337114728606966,-0.00939823402457654,0.011940665144881346,-0.1836603402794058,0.003215683359948168,0.0652675092691215,0.13472608377320922,-0.013886637926186524,0.04947782744162907,-0.4156568804411175,-0.020732029969370118,0.13631922911113548
2021-06-27,1831.96,1973.73,1814.2737761821545,1973.73,30500859218.929577,216183482943.74017,0.0873886431125388,0.0837790815998619,-0.0996088457241516,-0.1049259942138902,0.0374422205314628,-0.282053382248415,-0.0267852874654292,-0.0176881273990096,-0.0238841468607014,-0.08195470458050547,0.07994657480297361,0.04229723619370784,-0.12901722262506163,0.0031524360887544914,0.06728437640281482,0.10410505422371977,0.06036332987646356,0.11781140052636296,-0.20755861339129558,-0.015340565466694779,0.2776129091431019
2021-06-28,1978.8,2140.5142439967253,1966.66,2085.09,35536020321.35211,237573586576.0246,0.0564210910306881,0.0548868662459799,0.1650825986993045,0.1527919846754424,0.0503025933043145,0.2952576736049779,0.0206132994609817,0.0453963808428177,-0.0096173586944231,0.03926269336404409,-0.05537207333352445,-0.04467982666288328,0.09534519089637,-0.02674596362342195,-0.19425051232859136,0.01839913648154684,0.01652687124661356,0.02471203982176695,-0.09060826208109761,-0.01544331481523122,0.053271843880441816
2021-06-29,2085.95,2241.77,2085.95,2167.134093681875,39270642702.22222,253245632543.61508,0.0393479867448767,0.0385935807246074,0.1050939960946086,0.0999303956909627,0.0450758898886086,-0.1097091212295868,0.0001891164007883,0.0039931874773948,-0.0189697937640193,0.021028784509013035,0.005261868090309957,0.013994503832968908,0.14639822245599576,-0.047852969537479625,0.14388886587994065,-0.0436504352385188,0.04230144516089329,-0.0014273635412511698,-0.09895912941204635,-0.0092126178939404,-0.002058360973962836
2021-06-30,2165.320993675224,2284.325209025022,2101.19,2278.5542275263456,35796252729.087105,252450163074.2961,0.0514135854210904,0.0501355305876511,-0.0884729592912547,-0.0926340191391668,0.0498802307850923,0.1012772363143943,0.001322384220459,-0.0377561946753937,0.0493595659232065,-0.05823125185580595,0.05384302533728577,0.03459776831776759,0.14445737859120206,-0.05297191145318633,0.08640637805105311,-0.11118627213470432,0.08215853868550621,0.016255303605706817,-0.17563168582926592,-0.007312270671780526,-0.03214775112264823
2021-07-01,2276.911315433322,2276.911315433322,2086.5,2122.9,41271193271.74913,250767575201.5836,-0.0683127158642731,-0.0707580526432281,0.1529473094320075,0.1423215415714201,0.0438017379219214,-0.1299512524294059,-0.0118479744456402,-0.0116333736448188,-0.0104955878281751,0.08086085106583109,-0.01980507540814097,0.00618034623524058,0.06511469513845526,0.036595754734425036,0.09511540199115864,0.04541535157237454,-0.058170290395386015,-0.03448484311830885,-0.2154813163027411,-0.006879613103078514,-0.02721697435827619
2021-07-02,2115.94,2154.353693605902,2026.486929624968,2141.6483445222166,39089640334.22222,242357369515.18668,0.0088314779415969,0.0087927085338568,-0.0528589741314851,-0.0543072783315675,0.0426097233392342,-0.0275910205471929,0.0110751994773565,0.010316008926459,0.0099980871134277,0.02068777006256986,-0.06443152910028183,-0.03738432267673958,0.16081051880326047,0.031382360523910746,-0.12849276873378068,-0.029689756282925223,0.01593550392162396,0.0009022891507747821,-0.23820646778276955,-0.004833729544909329,-0.014572388949032344
2021-07-03,2141.33290795262,2237.22,2123.97,2232.1732960064,28746181073.454544,255834595862.42963,0.0422688214504136,0.0413998960953653,-0.2646087089144225,-0.3073525526033938,0.0261235191963819,-0.4892464474303968,-0.0275010645896899,-0.0003697625929966,-0.0287488581519401,-0.04947369980645143,-0.06342047509496823,-0.07795659889660517,0.2068296111440944,-0.02029120977004022,-0.4688180245688347,-0.1383404898503921,0.04751319194575604,0.018278946855012523,-0.24757317727714664,-0.018220689224237377,-0.03807857932044034
2021-07-04,2230.28798190229,2385.32,2195.389149234033,2326.5035407362016,28505858773.33333,269052935565.2952,0.042259373364321,0.0413908311317767,-0.0083601470229079,-0.0083952890507744,0.0524713597121266,0.6974314642491906,0.0284803102567263,0.0310150929813065,0.0101333548428029,-0.003091395871892319,-0.01268717118453317,-0.008815852055844606,0.16444136067600926,-0.008005235612016354,-0.1491901416616792,0.10496026611424344,0.004273543207872044,0.01908492119992372,-0.14644153458948045,-0.022968480987126304,0.05936668985209215
2021-07-05,2327.212600805145,2327.212600805145,2167.87,2218.608428400879,35384275342.22222,262719015846.59827,-0.0463765089741406,-0.0474863489288909,0.2412983458447326,0.2161578849397735,0.040409976570218,-0.2611907921608756,-0.0104106562513273,-0.0409613393147689,0.010261205088775,0.030273086143366337,0.01902481175873992,0.03557710180185876,0.06206814550113838,-0.000611529921776642,0.16481327438209004,0.03210546761164787,-0.03811927128219411,-0.025317318114397025,-0.16682454615263062,-0.012738540929962633,-0.014228493271942755
2021-07-06,2200.3040743828988,2349.66,2200.3040743828988,2321.289686158132,41013952924.44444,267876923930.51355,0.0462818298365808,0.0452427651416574,0.1591011127901951,0.1476448019588576,0.0324006953950919,-0.22089681390919,-0.0122623873039558,0.0282453796841411,-0.040507766988097,-0.04726008028292093,0.04368721472862158,-0.003211570930791663,0.06871732991818842,0.007003082931234906,-0.017227165504448028,-0.04160398422529282,0.04081597708557927,0.02540881667847178,-0.15682370712469806,-0.004925046446727449,0.008038604590770104
2021-07-07,2328.754646281736,2399.73,2304.7084214215347,2317.446610014416,43124795171.55556,275445802328.35205,-0.001655578003311,-0.0016569499870667,0.0514664424324007,0.0501858016545891,0.0284079279027207,-0.1315116276635608,0.0049917298199971,0.0041196599389895,0.007563706656346,-0.00849913701255993,0.030159688818392635,0.02429888672639008,0.0169248493434705,0.02891468821120517,0.10782620843600199,-0.048224709450395226,-0.02058605308365441,-0.02958817013674836,-0.1119954185857813,0.00015887852852617762,-0.1503077566354365
2021-07-08,2319.2781441233788,2322.7648224812783,2100.59,2131.930867302812,41682520320.0,255589582405.46323,-0.0800517871306859,-0.083437900882854,-0.0334442133769683,-0.0340162617480456,0.0481002802316696,0.5266197454011015,0.0067068076116638,-0.0210166785374191,0.0307342203792308,0.0792209222724384,-0.07821949016597442,-0.0014516449002536236,0.004245001103844607,0.001598370411520233,0.003459988949722881,0.0515402239971485,-0.06356370069604639,-0.050026836694474996,-0.16514818943753332,-0.016512472459439525,-0.0359117603449981
2021-07-09,2127.128068224008,2185.761437015109,2065.97,2157.344745304012,42035981361.77778,248775719379.30496,0.01192059198118,0.0118501013648641,0.0084798385285782,0.0084440866689921,0.0388794867284479,-0.2128212250406935,0.000285229048983,0.0075150949973575,-0.0027654879728026,-0.011894635634069284,-0.007431066604265887,-0.013736299331237892,0.007302393934851912,0.01137506103766703,-0.12138960579874114,-0.05602524620625905,0.021618319465041058,0.007862428197599858,-0.19175681080005116,-0.016111424680353027,-0.02225757170587772
2021-07-10,2153.2808029450352,2192.455110149125,2097.3,2124.9265136251656,37241989148.44444,248182574578.8665,-0.0150269129444483,-0.0151409609695642,-0.1140449695244272,-0.1210890853360798,0.0302741807364551,-0.2501715497314349,-0.010083441893565,0.0048861399425576,-0.0169657976156146,-0.015770364268342524,0.007026791029445784,-0.01180580716892668,-0.04923846313007778,0.03209371513496752,-0.04110223201346219,0.07495561390195038,-0.03069175349207315,-0.00946088658719979,-0.15576653239021535,-0.011494529924460768,0.033755582671151974
2021-07-11,2124.601732411252,2174.98,2097.81,2149.604075365733,29896356746.25784,248855445042.60703,0.01161337184243,0.0115464542340495,-0.1972406031511188,-0.2197002402586891,0.0244878175692511,-0.2121194765313911,-0.0059683277057282,-0.0071655802874337,-0.0009735757795461,-0.036252654928346756,0.022335653223498605,-0.015146279999071768,-0.07908284002780501,0.0051560264836481365,-0.08032338065532318,0.0341470905518418,-0.01220928593209697,0.004434051488958812,-0.09061140965220943,-0.009430616498060151,0.033723214466931495
2021-07-12,2147.775881940519,2171.64,2036.2886444329608,2055.4296450345605,29241104234.666668,246443484204.7927,-0.0438101282977655,-0.0447987750840125,-0.0219174703176229,-0.0221612263293333,0.0363951606414176,0.3962600645790726,0.009085646397018,0.0080678518529676,0.004738842465646,0.05780004263547338,-0.04181838165189772,0.02898672851957282,-0.07639526618292654,-0.022982607877763232,0.14333060801946296,0.009560251077671361,-0.02510009550769962,-0.01615282415171948,-0.14578751472741083,-0.010990761670840038,-0.02870920296878965
2021-07-13,2055.188056942788,2060.25,1926.95,1937.9080522251704,30844963185.77778,234082107843.0532,-0.0571761690278695,-0.0588758314342148,0.0548494659517564,0.0533980704457183,0.0300560581802995,-0.1913715723927853,-0.0105485363658644,-0.012380125597084,-0.0032177183837565,-0.03580924871488937,0.005850006727588775,-0.03245027916792702,-0.18051386275879874,-0.03924448504639657,-0.029069271452296874,-0.039415869809401594,-0.0275749024262959,-0.04439097041757853,-0.25788851675083585,-0.005485516184321485,-0.12388905810331718
2021-07-14,1944.2089381121425,2015.8688937042232,1875.02,1993.812198074764,30744751815.11111,227932358151.24744,0.0288476771565102,0.0284394159201576,-0.0032488730838515,-0.0032541621307439,0.0487641472515413,0.4839311113758384,0.0285119782519957,0.0076835279144064,0.0280656566233782,-0.06496164014617097,0.08151773116895406,0.028736832882653898,-0.15041749685157424,-0.049954547395590104,0.12249413736190107,-0.04696576646989663,0.032758029055023646,0.011140126999767436,-0.25893400178143433,-0.009773488688274035,0.0004113956582780798
2021-07-15,1997.92447192236,2038.89,1890.39,1908.8836168704927,29515926684.444443,226994302575.3557,-0.0425960786508773,-0.0435299062005697,-0.0399686144177198,-0.0407893017397947,0.0453483098806608,-0.072622447851574,-0.0079147485967266,0.0166136460578859,-0.0239716764809873,0.04958121428499494,-0.0667705443670413,-0.034991345854999995,-0.11050950216929001,-0.05165141215953107,-0.3020667599723943,-0.05832877154264672,-0.043122148669583915,-0.053793809544224,-0.2905899525941679,-0.011027687416430827,-0.1845670676168496
2021-07-16,1913.53,1959.47,1857.9532302713503,1879.51,28135131768.88889,223094806334.6092,-0.0153878511035937,-0.0155074728184524,-0.0467813506354609,-0.0479109689420821,0.0359268209920682,-0.2328887881290593,-0.0068640989413445,-0.0051296930997012,-0.0047689705286416,-0.012032744275740505,-0.006267241942465508,-0.013376413421390648,-0.13786707635260664,-0.06247621136105862,-0.08038006514194951,0.0819200890214664,-0.0337689868753383,-0.007234050215638582,-0.23023025940686656,-0.007391101214459704,-0.028144028005947064
2021-07-17,1880.08,1917.16,1858.2,1901.01,26145684529.77778,220317830876.5296,0.0114391516937926,0.0113742193098039,-0.0707104290626067,-0.0733348869746673,0.0209885004021395,-0.5375094315572317,-0.0156666086205924,-0.0185853895156722,-0.002110412195867,0.0034763247512694592,0.014177653820076859,0.01199403748130684,-0.11135189607323857,-0.05283370424702224,0.0757844047778704,-0.047829818604428226,0.010961626649516026,-0.009087387549271492,-0.22380298318550895,-0.009176262462191664,-0.0830985339757555
2021-07-18,1904.33,1990.07,1887.5,1901.58,25804942983.11111,226630183960.3544,0.0002998406110434,0.0002997956678311,-0.0130324201792686,-0.013118087280911,0.037406913500686,0.5778808524590788,0.0247063516778192,0.0319024682833517,-0.0082063849829857,-0.01786436590748707,0.002574159860899851,-0.009403891927722827,-0.12259855463945682,-0.020207374133736022,-0.08475122081824438,0.07940394227250254,-0.01771125262398207,0.021789799519669667,-0.15818129270910844,-0.005715610488176828,0.11491169792006262
2021-07-19,1898.18,1918.14,1812.16,1824.42,24047289351.11111,216972319118.69308,-0.0405767835168648,-0.0414229912460139,-0.0681130600889277,-0.0705437807633823,0.0317552824048359,-0.1637964538414178,-0.0165616030908889,-0.0218651833763652,0.0095608141220781,-0.021013491465394236,-0.028873741680969504,-0.035634993504138075,-0.11922277080145821,-0.026254694727415994,-0.4254527781560724,0.0327175987783484,-0.04402844099650531,-0.005948122909619491,-0.17854428391681035,-0.008548296862019276,-0.026147572360824656
2021-07-20,1821.23,1835.5,1728.21,1786.71,28687798940.444443,206982275841.41943,-0.0206695826618871,-0.0208861884517151,0.1929743316004519,0.1764496270422747,0.0408951403936394,0.2529521527526674,0.0152954478422974,-0.0083904383097078,0.0240929163919013,0.061941181632103756,0.03348410453116296,0.0671117615899092,-0.0812331278189585,-0.011110348337444113,0.6886995529395361,-0.024234180833667546,-0.01787519305772059,-0.030102977743805548,-0.22856643631404328,-0.0009202258664592562,-0.10856462407477951
2021-07-21,1790.52,2013.8378757374908,1764.39,1994.5,33026273258.59233,221829928031.9484,0.1162975524847345,0.110017452511497,0.151230644329128,0.1408314957026153,0.065169074050215,0.4659737928139549,0.0099661921043122,0.0191756494490361,0.0006759444732171,-0.058097171208875,0.08154849586978767,0.04471580312883666,0.0003449087723808123,0.011747095132473608,0.11262146625873592,0.070279355574904,0.020419653302724758,0.07051182193659011,0.05092656347290561,-0.00930910673449199,0.22531513073982556
2021-07-22,1995.33,2036.10408738752,1959.1,2028.47,38578752668.44444,233852320247.23108,0.0170318375532714,0.0168884219385357,0.1681230990362361,0.1553982718630583,0.0252656225058222,-0.9475403545228044,-0.0274739137917945,-0.0249592492318438,-0.017200884913689,-0.005865150473207084,-0.016420116894943465,-0.01705177306299971,0.06076323691148634,0.0453458232707234,-0.05972202359430545,-0.005750919070348165,0.00012349231137082084,-0.004942503431023287,0.08027443624645969,-0.012683980470250537,-0.012487002712087802
2021-07-23,2026.59,2129.661767519447,2005.03,2129.661767519447,31527067121.77778,240161660026.2628,0.0498857599665989,0.0486813582184686,-0.1827867688535871,-0.2018552253395726,0.0294553880848597,0.153432172904874,-0.0013169027644025,-0.0087170801654666,0.0001453884094137,-0.01527186013731708,0.004897534797989461,0.003987881973188084,0.12495206794840745,0.016456343883951747,0.13274603886240666,-0.049928734461721,0.05065619125255355,-0.007359291193602291,0.0768794200124836,-0.017051557422893486,0.0001268955473758826
2021-07-24,2128.271094840756,2198.34,2112.95,2187.59,30717181034.666668,251222801825.2722,0.0272006725969569,0.0268373087401024,-0.0256885958970687,-0.0260243096999847,0.0221999448557836,-0.2827870455026353,-0.0051578877138887,0.0126011893300397,-0.0095594496161552,0.02652919852369278,0.01860393113223041,0.02091300698455109,0.14041515737870608,0.021759159793541413,0.1540785301743557,-0.021997663440773224,0.017274436588402636,-0.00038487604671058606,0.09513209794306733,-0.0016587016571431843,-0.010415580562037174
2021-07-25,2189.5070685623346,2195.75,2114.8490625594727,2193.32,27764064762.648083,252381159367.2146,0.0026193208050868,0.0026158963628519,-0.0961389089931712,-0.101079590787604,0.0265229133583346,0.1779192095234094,0.0153579381477858,-0.0108255947866069,0.0197151882792737,-0.008209177207210445,-0.0017191686611237045,-0.002910123989866481,0.14273125807372686,0.0091819185153148,-0.015096226204935448,0.026209982037190577,-0.07069256801893116,-0.03219278098393438,0.1846511094368675,-0.003438665534692991,-0.10841893937831482
2021-07-26,2193.54,2424.255327552617,2182.43,2235.15,42334135941.79791,271524658923.0725,0.0190715445078692,0.0188919622841586,0.5247816306332576,0.4218512067789025,0.0733830105431341,1.017683430413697,0.0551967340472788,0.0883478345346727,-0.0245431101766474,0.13408992208825965,-0.03339919125092321,0.04096600968814196,0.20304621160389952,0.08186902312767756,0.3382274612101943,-0.006657548428726151,0.008381770363399946,-0.0001804261945179686,0.20816226796649495,0.008442331892688431,0.010561641185024229
2021-07-27,2234.19,2321.38,2160.59,2292.95,46156114709.333336,261535310117.2318,0.0258595619980761,0.0255308582355975,0.0902812513473756,0.0864356917164176,0.0481235824890211,-0.4219201074379861,-0.0411603781811541,-0.0684036530138378,0.0336190859404471,-0.022511387652165815,-0.054059450142370846,-0.0476440733012454,0.24946325829121213,0.07240331170677251,-0.2126406488416095,-0.04450710039222998,0.07320947774324532,0.02840460438809081,0.14991404460223037,0.015438817564605158,0.07606515831250316
2021-07-28,2300.95,2337.22,2259.677601821116,2301.05,38761611384.888885,268847011147.6901,0.0035325672169042,0.0035263423568501,-0.1602063642273856,-0.1745990890262816,0.0238577956939119,-0.7016613099980487,-0.0257096215017314,-0.0061014130880315,-0.0265066463518167,-0.02912103507134936,-0.007770310545008638,-0.029491387839342686,0.14297214813656522,0.022672867457911652,-0.2962324794374738,-0.01778875021933865,0.03640965000450133,0.025701384273157074,0.0985535207131006,0.003151595411670592,0.04558738830893394
2021-07-29,2303.04,2394.3,2276.8358543232703,2379.9,29086706993.77778,270031121696.1956,0.0342669650811584,0.0336929294940404,-0.2496001596797094,-0.2871490940829345,0.0291366460342179,0.1998856683949239,0.0032987062602561,-0.0003073771241866,0.0043864587143721,-0.04325764089678393,-0.011479594686233732,-0.04276725425008811,0.15977665569206975,-0.03780742557335231,-0.3060293860927512,-0.042869896393777626,0.03652628416966916,0.024065139922513995,0.0936528694825338,-0.009984329070358565,0.0025305023647756997
2021-07-30,2381.44,2463.85,2325.483257704746,2463.85,33147690744.88889,278806879367.6697,0.0352745913693852,0.0346666972009099,0.1396164836390669,0.1306917879447533,0.034974086001114,0.1826106914923824,0.0098491283051958,-0.0153109858520495,0.0145630925742688,-0.057519879784442875,-0.009498889995988094,-0.038388851441568186,0.14576199467451104,0.006557079747704677,-0.4132758447060869,-0.045670921390012664,0.04410333808690792,0.04024827393340813,0.07818403609579253,-0.0026130670203175044,0.05831655321856122
2021-07-31,2474.15,2548.6387411638448,2431.09,2543.373795728221,33746910933.33333,288383655593.1236,0.0322762326148999,0.0317662985053803,0.0180772830619229,0.0179158318105894,0.0286478812387062,-0.1995279001375278,-0.0078465967405863,0.007831970815711,-0.0089156025302534,0.017722369946446725,0.046689957725553,0.0486292943173177,0.1506909844397889,0.012144213349057877,0.45423252712298634,0.019615259537166144,-0.03304071312108814,-0.03235366951057672,0.18070838724440103,-0.007460915904866366,0.015459039201650704
2021-08-01,2537.632790580004,2694.04,2525.051079474015,2572.8347144621785,35564211989.333336,303852637948.9434,0.0115834010649316,0.0115168270836883,0.053850886073397,0.0524509657970708,0.044999426962271,0.451570268365193,0.0241276498746146,0.0446397659389173,-0.0185026311305692,0.07954568155813659,-0.028596596841416418,0.028072263538764033,0.15959191516062526,0.03060352434049663,0.25406027777038753,0.08319495707283117,0.012380494549536603,0.02926134975387562,0.18343250579423254,-0.0035149821433775263,0.15782170823669794
2021-08-02,2566.159574149908,2665.24,2529.2981176032026,2614.357383888439,44237357496.888885,304142285547.88043,0.0161388794984991,0.0160100322345152,0.2438728435809813,0.2182297733216845,0.0351656722394198,-0.2465793692213318,-0.0185843362081694,-0.0254488347236761,0.0122232950870787,-0.022305977367829855,0.028500992648636682,-0.00045063874771637813,0.15670998511098183,0.007327189393839287,0.00981018799079747,-0.027498898127240545,0.03286995463471143,0.0239159386075532,0.15804264193338233,0.015353973420404874,0.018740722030557322
2021-08-03,2614.4689640970714,2630.2403737905984,2463.84,2520.81,42120189838.22222,293836950222.5237,-0.035782171353062,-0.0364380465707596,-0.0478592705004036,-0.0490424300112078,0.0402676533494087,0.1354781139467227,0.005382244089234,-0.0110361988552291,0.0149538994655386,0.02742113088974732,-0.03542132558171654,0.00206390858992693,0.09474108030462483,-0.015602155264866637,-0.09522208852855307,0.023319491586617794,0.010249417433837227,0.01584650784949254,0.08021376423084613,0.013301824951503073,0.03942718468235462
2021-08-04,2509.32,2765.3578520200863,2469.1,2731.143015084163,39522265713.77778,302703463833.4342,0.0834386626061318,0.0801399299683407,-0.0616788322755121,-0.0636629922853837,0.0604022792470008,0.4054783398634107,0.0131359950978958,0.018792668208167,0.0035407415038868,-0.05465926434154979,0.001137881589083664,-0.045605506562289067,0.17135466791611542,0.0029592284020616903,-0.23405171942738168,-0.04528555920696774,-0.0027166676593791683,-0.012674924025616818,0.20784004312807774,0.0040081917108730795,-0.019288833193457977
2021-08-05,2728.522680123845,2841.54729933318,2558.078565867469,2833.4524127261675,52632716487.11112,318971851904.5404,0.0374602857034389,0.0367756935500039,0.3317231574798844,0.2864737107867111,0.0705132876487663,0.1547743292397903,0.0286323249617536,-0.0240187186904851,0.0408377541333423,-0.02527549417875682,0.022911499207348043,0.006095674991103778,0.1744374319720789,0.08752297076969506,0.04685296404049133,-0.029517633848297014,0.051550710806105404,0.048036547401416385,0.19937297153642436,0.011169178535511783,0.08130979648048209
2021-08-06,2833.9866974640854,2948.46,2739.995957224448,2896.3900138226777,53153706140.44444,330295765443.9072,0.0222123374346547,0.0219692367711402,0.0098985894725935,0.0098499193493231,0.0500513174404739,-0.3427523414442861,-0.0311468464614787,0.0158017554380157,-0.0379397605871498,0.033453299240815734,-0.013089480538870275,0.006616135469835999,0.1617399715423092,0.06878235866743242,0.03474999306082971,0.041569385645809226,0.005746907529316503,0.010456858640318534,0.22299915829463124,0.009541538998495152,0.06394175879082176
2021-08-07,2895.233101387644,3172.840750441233,2882.2124108421176,3172.840750441233,46200937880.16783,354822797734.15735,0.0954466543867458,0.0911621836479669,-0.1308049572668702,-0.1401877338683928,0.0370961257224387,-0.2995362917079913,-0.0299623877734886,-0.0265624081314207,-0.0224596491020987,-0.05590174574700991,0.030940938821462698,0.007652735433137853,0.22113585668489597,0.04054542891748721,0.17102634249170157,-0.06539700265991903,-0.03453187053082801,-0.039980375074250896,0.3975992428254523,0.004269267386700313,-0.0033204157656736566
2021-08-08,3167.28,3186.742437048214,2961.7696351966943,3016.8806914858988,51550912256.0,361612386434.29614,-0.0491547074758308,-0.0504039084041535,0.1157979604160523,0.109569808515855,0.0420206789688992,0.1246493173242901,0.0188441569579565,0.0183182628156839,0.0143593994298797,0.10892117834798677,0.004381712280788555,0.05539584017709992,0.1592151211970541,0.049747251320726556,0.29644460557875263,0.14653489234812553,-0.005189796170058825,0.02424525157150259,0.33534523305643466,0.008931102912927896,0.07718526164673623
2021-08-09,3020.3028161138072,3187.018896313597,2909.1846,3164.762982057769,49748753436.44444,358023399038.3279,0.04901827605885,0.0478547516254525,-0.0349588152893609,-0.0355845000972297,0.0575907248679123,0.3151996746188379,0.0197847628521869,0.0010858889900605,0.0210129748141607,-0.07166907611256598,0.031113139101882084,-0.014335359796800312,0.19105984058799144,0.01659228587710874,-0.09450991830300137,-0.09322754103142303,0.0034282049452878938,-0.022009582160226526,0.3983409456514515,0.011619326395596673,-0.0645663687824759
2021-08-10,3171.0171422140984,3221.474645890425,3069.5082,3147.2257869545174,47538539804.44444,367515039408.1722,-0.0055413928950371,-0.0055568033693417,-0.0444275178638117,-0.0454446603701931,0.0338465962929225,-0.5315230864807048,-0.025063446395196,-0.0002178347820804,-0.0276595834283203,0.039072468166552875,-0.05926760392569315,-0.028727194001996928,0.22194108378940927,0.01604812169890277,-0.10065334967078354,0.04392025873966712,0.007496431117325897,0.016364765760696287,0.3812376880480603,0.01616415179407587,0.04400566107274151
2021-08-11,3148.3595062628947,3270.0135,3137.222763585334,3172.898,43014164913.77778,376421434904.5653,0.0081570928758578,0.0081240036134357,-0.0951727779035331,-0.1000112683192971,0.0289140532184142,-0.1575106941956732,2.1295355899196566e-05,0.0146222179497838,-0.0221920412432597,-0.002446683823758719,0.055252135622896006,0.04038491242270249,0.1499251574345045,0.010207521182992046,0.15834176666007305,0.021101951107736994,-0.036483862305537074,-0.028446023572820445,0.4341604667455087,0.012440036766724403,-0.026250136468646268
2021-08-12,3172.4227,3241.698540973018,2999.4412,3053.8291,38645201884.44444,364682460572.4124,-0.0375268603024743,-0.0382491200173654,-0.1015703324263287,-0.1071068534254117,0.0495549898114203,0.5387552107966549,0.0135335280360456,0.0021032711693272,0.0254124567813532,0.025058436244089224,-0.05739346629736889,-0.023152943828585903,0.07490034386713486,-0.04153092550719821,-0.22993667718913646,0.07025122885091176,-0.06553209221317446,-0.02504239528718427,0.45478717816235803,0.006977255137069745,-0.02316451707862477
2021-08-13,3049.5017,3330.019992678402,3045.5628,3330.019992678402,38197176696.888885,375387487676.866,0.0904408477469818,0.086582061948514,-0.0115932940108639,-0.0116610201991398,0.0315454119485245,-0.451654801444584,-0.0371866549437,-0.0359118061427751,-0.0209995644906214,-0.09893632282230418,-0.034962935972965396,-0.09044227416288006,0.13951316904450864,-0.0464032936130516,-0.7740134221506643,-0.18858079001501837,0.049479579776442906,-0.011913551161681302,0.5129298241907141,0.006620969526829363,-0.04312923526639367
2021-08-14,3328.8174087441075,3330.622509991804,3224.5928678687665,3273.1094,33226024256.0,383900149701.8158,-0.0170901654655316,-0.0172378878288551,-0.1301444994308644,-0.1394281724280393,0.0203302145236195,-0.4393199771562441,0.0112682627925977,0.0030729545097321,0.0110527012352569,0.029595996239944904,0.07457989525928307,0.07886373228743686,0.031113097567686487,-0.04207678847643297,0.557033256226469,0.0982530836070108,-0.05335414641978353,-0.03508417199932512,0.5392218425624288,0.0032798951923972003,-0.047572226436834786
2021-08-15,3272.7754,3321.1426,3126.5284,3312.1702,29447591395.55556,376691353048.31726,0.0119338510347377,0.0118632041387358,-0.1137190784949879,-0.1207213114708128,0.042046490525816,0.7266677437271065,0.0297242580685554,0.0032268460339548,0.0295548250153179,-0.006286132572810136,-0.030359650268556762,-0.030850765881304004,0.09338021011057579,-0.07602720792429118,-0.19918513004677907,-0.04188870775415131,-0.020983283404268555,-0.03256275661122793,0.5665925195196171,0.0011577029659429246,-0.06446848926576498
2021-08-16,3314.0409,3335.0811,3151.020704247126,3158.2022,35668256582.466896,381418226920.1052,-0.0464855338653792,-0.0476006824420465,0.2112452968853067,0.1916490013548727,0.0267448115591092,-0.4524354292613486,-0.0302945666892914,0.012271104424199,-0.0406344813720407,0.029120381149718797,-0.016170816580462162,0.0014261663700568666,-0.0020752239569233103,-0.05163050425804387,-0.021327229016147253,0.11838303323251749,0.0078106980585650465,0.05763885996836299,0.5076176177677668,0.008359831308240508,0.1248256067789697
2021-08-17,3160.3397,3291.2492233110243,3017.2454,3017.2454,35642646234.405594,371543808136.0468,-0.0446319744821912,-0.0456586457018565,-0.0007180151348886,-0.000718273031212,0.0542995337458136,0.708175146147624,0.0379561126213573,0.0408260505593634,-0.0107159336125646,0.02353254263734727,-0.03662901302539742,0.00287437799853367,-0.04217706628943814,-0.04579859967656475,-0.06577350437058627,0.06283670011153941,-0.013247846860154205,0.03132453473920027,0.4616591763980791,0.008563710981006896,0.06353459678300166
2021-08-18,3021.522,3126.9545,2977.14,3040.6022,38846090958.22222,357750149353.60754,0.0077411005415735,0.0077112919581077,0.0898767365012411,0.0860646040676957,0.0344952452911868,-0.4536941433769268,-0.0237231505119532,-0.0284049739440173,0.0176668458365938,-0.007975996284265471,0.019672387317395065,-0.000611818939914327,-0.04258977794476616,-0.016556317207653437,0.07720960247499464,-0.0010980491928820613,-0.056537680103027455,-0.037250296446659614,0.5107934596022006,0.012745765530086064,-0.07485405411509927
2021-08-19,3029.5245,3183.079260505549,2976.617511921291,3179.7232,30035902570.666668,357503002880.4709,0.0457544232520781,0.0447385610726341,-0.2267972959500774,-0.2572140344348285,0.0366624160884689,0.0609306486517313,-0.0008159958161071,-0.0237699441924884,0.0164346063039494,-0.002639246871708689,0.003352426034745691,-0.0006190687436078562,0.04039790314523348,-0.03509084663409661,0.003488518980932387,-0.06423409889950993,-0.07904932996898924,-0.0967010199548394,0.57641820912655,0.0011530482518291856,-0.21014175331910545
2021-08-20,3186.5441,3302.54699884713,3185.7748,3286.687850385833,30429153699.55556,380111602458.735,0.0336396106383829,0.033086176297945,0.0130927022407159,0.013007733656738,0.0166754718664712,-0.7878132563038966,-0.0214543838366933,0.0058974985651468,-0.031357442710879,-0.06010562547184646,0.06530945428907178,0.028802491436217784,-0.013097982505335396,-0.0327545664026491,0.05030588201683672,-0.0856009242139959,0.004317363598470278,-0.06543625269893172,0.49948693291299795,-0.002222533505734337,-0.25395631721156886
2021-08-21,3289.507085322501,3312.1191,3223.0593323158487,3240.0862,28040550435.679443,383600585270.8246,-0.0141789097435468,-0.0142803908877176,-0.0784971967166804,-0.0817494597897244,0.0168213131303675,0.0087078318387634,0.0026636601182668,-0.0008464024102516,0.007625244584827,0.01810243571797742,-0.01557743782180633,-0.012719675328896549,-0.010140485564197943,-0.02247779070804451,0.0018505986732346713,0.03332751384074399,-0.025723250671412665,0.00939996635209367,0.4683181200867445,-0.009069294252837645,-0.010076465066135354
2021-08-22,3233.67975972525,3275.9605,3146.959,3248.846116882156,23759242236.432056,378118404951.9917,0.0027036061207741,0.0026999579517414,-0.1526827445512536,-0.1656800907676357,0.0282584190590961,0.5187447119049566,0.0151441690624566,-0.0018824734574166,0.0190616242104724,-0.010468230539907156,0.007247561498949742,0.0051107793380175265,-0.019303731751192453,-0.02525303869661214,-0.008915282707461447,-0.011500903989319203,-0.015894897804545213,-0.01777715204628831,0.42233671982001714,-0.00673813327468801,-0.11836884159483207
2021-08-23,3248.270527758374,3377.1301,3244.375823757879,3324.1944,29702255736.88889,390338633014.40265,0.0231923213371996,0.0229274666972603,0.2501348082281811,0.22325139208173,0.024452467959832,-0.1446602831050714,-0.0058381918615784,0.0144011464245349,-0.0240310041819438,0.019499886201731886,-0.015609517812237142,-0.010253600682969183,0.05122441738811442,-0.027189208212565083,0.05034244323487558,-0.02573434705661555,0.06950681466160827,0.028154664871617982,0.41842687777717497,-0.0008837514242346751,0.09275352684837324
2021-08-24,3326.254,3360.3078640431168,3167.65329562032,3181.2344,29952223060.13986,384316800650.61633,-0.0430059084390491,-0.0439580614657432,0.0084157690064099,0.0083805538595096,0.0312302567224881,0.2446562417625486,0.0023186085707796,-0.0011737890370642,0.0090575775743982,0.049164741746951235,-0.049778738463613574,-0.00010474017980205419,0.052925001624227704,-0.02664080771301525,-0.0027202682048415028,0.07783597938612803,-0.04873607623405038,0.027759817992974306,0.3718529199485797,0.0019043777913125598,0.047220215655850106
2021-08-25,3180.2573,3249.838266390748,3095.867272086715,3231.552,30534726741.33333,374389708592.6196,0.0158170048708137,0.0156932196178106,0.0194477611903425,0.0192610700828367,0.0328486052622738,0.0505218946179581,0.008025688191549,-0.0125669559411522,0.0195072919354118,-0.01235816478216345,0.006498968762060867,-0.008476209254682954,0.0609069292839307,-0.040232785936223626,-0.04401044240457486,-0.02565400893380576,0.03960434520329695,0.00013731322146709468,0.3686541772822318,-0.01031237144745165,0.008170309857991498
2021-08-26,3231.9817,3253.1857,3069.535,3121.0153,28224284029.770035,367784936192.69135,-0.0342054529835819,-0.0348041516381355,-0.0756660680521421,-0.0786818744170896,0.0348826006626244,0.0600788702831427,-0.002117640358452,0.0054178320548949,-0.004677943342402,-0.0014966920946127005,-0.013104995728179428,-0.006819608507147065,-0.01863578342683908,-0.008988571130342154,-0.1848244947681299,0.03903433277129004,-0.039673369749873524,0.012001021507486581,0.3083191674084988,-0.015878429191243392,-0.02498523926469609
2021-08-27,3102.9291,3282.4614218427373,3071.6771,3268.2547,25812508266.666668,372478068624.2525,0.0471767632795647,0.0460977459857425,-0.0854503788496284,-0.0893235522073259,0.0340818111152417,-0.0232243129410227,-0.004071538339372,-0.0008493724146767,-0.0042279890564988,-0.038334926843683725,0.04094667927077352,-3.3341100476591556e-06,-0.005624213739041621,-0.02327816342613444,0.016847231538297258,-0.06195829440969103,-0.01213855284532428,-0.06086483665488393,0.3508905710373913,-0.01162510892526127,-0.19444023385073073
2021-08-28,3273.9851,3283.4691,3225.9707926734586,3247.4221,23693021018.140846,381064609607.4322,-0.0063742278103356,-0.0063946299452052,-0.082110859844754,-0.0856786580121271,0.0114200671921087,-1.0933917556690789,-0.0181331424152198,-0.0099687355622501,-0.0151635839951053,0.011879703957055964,-0.01171764403160077,-0.004053777275360659,0.002261547203470814,-0.022427991853168246,0.0010202881035650258,0.004964833970498003,0.02479237582005389,0.017887652945169724,0.3108030115981455,-0.004882357363084193,0.0327472545156835
2021-08-29,3246.9984,3285.5897,3168.3971,3236.1842,21213475622.3554,377507350006.22217,-0.003460560301046,-0.0034665618897512,-0.1046529859525702,-0.1105439106606118,0.0255985184288316,0.8071623880041354,0.0150202400370062,0.0077288264852692,0.0128809207017849,-0.0005058518451492855,0.000527441182428777,0.00011717165829944198,-0.0039049726380217835,-0.013370444516408043,0.0001733635453238236,-0.0017972941493476502,-0.018238870719908817,-0.011814980128130342,0.2726697525074842,-0.010888313384680272,-0.10742234649253013
2021-08-30,3230.8939,3342.7962514552105,3156.236900461339,3233.0987,23938587323.31708,378165075732.7963,-0.0009534376936888,-0.0009538925045188,0.1284613492609327,0.1208550670309078,0.0406049447842468,0.4613553759699975,0.0147986896018306,0.0203263821907312,0.0009408735551504,-0.020898374990274554,0.009873334048671314,-0.000646637341207984,-0.027786331839800945,-0.03094823090213457,-0.09269461313046579,-0.0035604905572237805,0.01867832331749958,0.007864566498541031,0.2399495614975851,-0.00903835143225786,0.016492225093010404
2021-08-31,3229.163,3454.714985315106,3201.6717,3441.6881,40154035000.888885,392207422680.7629,0.0645168673631892,0.0625210505646955,0.6773769670935157,0.5172312441596718,0.0363826496908901,-0.1097978477449639,-0.011665121786437,-0.0177350436208059,0.0011438523728992,-0.0021424123675153166,-0.0008942090731239721,-0.0014595183929979744,0.07869278019063777,0.05414293260878574,0.09506283387160863,-0.07809304793421312,0.027072550156105935,-0.021751303895993446,0.2909537849785923,0.004239684571629071,-0.0630892884911265
2021-09-01,3439.5209,3797.4873,3394.0427,3797.4873,46300622080.0,419815205140.60754,0.1033792690278936,0.0983775334142336,0.1530752035000977,0.1424324633577462,0.0502096846088798,0.3221159244245006,0.0091163870038634,-0.0159709506677033,0.0138043593985303,-0.01768403298679053,0.0410799246656505,0.038670085073428895,0.16137709398706085,0.07830066421466256,0.5064426992504565,-0.03351530982897247,0.04360416253413567,0.03888370090776391,0.3733212861583107,0.0019000261133081708,0.25566844187235294
2021-09-02,3828.9017,3834.0126,3738.644260130366,3797.8858,43137180097.560974,443522188940.0607,0.0001049378097985,0.0001049323042117,-0.0683239628394865,-0.0707701243364776,0.0170787976680762,-1.0783701368446263,-0.0189760396230464,0.0035537086111534,-0.019299399915334,0.044754570464362944,-0.058410523721920064,-0.04032984936187131,0.1962861779294082,0.06881579214914338,-0.17979686832295494,0.06335003401638636,-0.07681161830092206,-0.055482040940664015,0.40986426503328216,0.0009352028616490294,-0.13285957282051974
2021-09-03,3795.3939,4015.3308,3732.2044,3938.859318478456,38345291183.72125,456995658075.4785,0.037118946145894,0.0364466248353607,-0.1110848901806323,-0.1177535375446684,0.0462766972214957,0.9968007429007386,0.0248975473107604,0.0293579106354465,0.0107141065620703,0.01789347421172645,0.04372476726062618,0.04528833243594531,0.18663505677902636,0.05438182682793362,0.2920622583658812,0.022842412244392,0.08344782281550334,0.08306509868316685,0.36617095990030235,-0.0010824006807341774,0.24321500201370738
2021-09-04,3947.5663801362775,3970.7878,3848.9772,3899.631262556614,34933022343.111115,459649064912.4413,-0.0099592427020205,-0.0100091677130629,-0.0889879496353583,-0.0931991541865657,0.0206814461193272,-0.8054015590465529,-0.0236884771328554,-0.0226131676180979,-0.0118953496134231,0.016154020154738977,-0.012639258777283724,0.0007620132205509861,0.18302051901116884,0.046377530005110995,0.007746211176093976,0.01474049389896738,-0.057756557717639684,-0.03917626723949341,0.3193860986372353,-0.016420356097655502,-0.19347065527717255
2021-09-05,3892.892451885187,3985.0219,3846.0497,3960.2367,25297265870.22222,460020114391.7762,0.0155413251568952,0.0154217956040993,-0.2758351790534119,-0.3227362592643439,0.0227234605712959,0.0941609205357427,0.001465032563078,0.001781811740053,0.0006351934811557,-0.024002021790687347,-0.004598894718239488,-0.019331500157021675,0.2019088765050194,0.016331336128070577,-0.10546333699826516,-0.0337127083881584,-0.07125841708044515,-0.07148891844094304,0.31283865747019457,-0.0264017919310192,-0.3397574035522981
2021-09-06,3959.7173,3973.4222908546144,3886.9396,3940.4683,25138240713.915493,462816423173.1994,-0.0049917218331924,-0.0050042220925175,-0.0062862586463906,-0.0063061003674426,0.015262734494013,-0.397983692749936,-0.0055555902273298,-0.0067160347203851,-0.0028910664084254,0.009237853340303581,-0.03070319275339963,-0.014493723113999865,0.1978585469170207,0.004747241647557254,-0.11393936231063995,-0.00039943836818305545,0.1227523099833873,0.09680238425539794,0.2166722517297099,-0.02043607746604192,0.3371576272684791
2021-09-07,3937.4973,3951.1869,3179.8431,3441.5586,37655810446.22222,433990031965.1148,-0.1266117786050963,-0.1353751239445529,0.497949314542824,0.4040970491039214,0.128777918949914,2.13267515886713,0.1150347228173982,0.0165280962561863,0.1140834058617501,0.09045323554403789,0.036662975933295254,0.09676990712188463,-3.76275922277116e-05,-0.009911446679449296,0.48431169878112046,0.14272408521298935,-0.08122886579669814,0.05012853830994052,0.13170103618931056,-0.013714028419199407,0.15140702522947724
2021-09-08,3435.37,3561.2584,3236.2108,3490.7883,57381083975.11112,404473580244.64087,0.0143044782093788,0.0142031344638897,0.5238308057944832,0.4212274312814052,0.0669429108352862,-0.6542491831673654,-0.0594430256373975,0.0049273782585383,-0.0627635015011581,-0.07291006936279963,0.05284497516266483,-0.018554972654575508,-0.08421202654257168,0.0432310846777777,-0.06467260315295587,-0.027754962323534832,0.021034191375433484,-0.016398919141402457,0.09804941902774757,0.0075561404332280206,-0.04741727467924628
2021-09-09,3502.6584,3564.1433163035185,3415.96,3432.1643,37246966904.888885,410880342282.57,-0.0167939144290131,-0.0169365311939476,-0.3508842230822155,-0.4321441854026557,0.0272390788265213,-0.8991875153133693,-0.04455665963843,-0.0011953995098553,-0.0563576421500977,0.012440389976124094,-0.015398702030406719,-0.005363458858066189,-0.10125349004073118,-0.022748141548303822,-0.012868698620683183,0.013584215911659425,-0.011026816580610485,0.007173235574078868,0.08666969120314172,-0.010202306402299518,0.008274128659700342
2021-09-10,3433.987,3514.506112115211,3171.2246,3218.4576,29160810017.89547,396036440125.2725,-0.0622658711297706,-0.0642888148552021,-0.2170957143340458,-0.2447448309921105,0.0604891075344768,0.7978106443067716,0.0288706117403275,0.0195365613876682,0.0234150104241256,-0.049104639698124494,-0.059343032072926516,-0.07701517510950408,-0.2019889297312941,-0.03653661124919983,-0.4238919720642418,0.03293309782898038,-0.018830956221277825,0.024111054167660406,0.014256872734503863,-0.013899642393969798,0.032298826280786175
2021-09-11,3216.9992,3346.797370140545,3216.9992,3273.1945,29240999572.069687,386695710464.9101,0.0170071838137622,0.0168641807718211,0.00274990832302,0.0027461342424613,0.0258156402865712,-0.8514827871623614,-0.027055302905822,-0.0155028125868359,-0.0343059899278522,0.022926179950101086,0.023655541768908883,0.032825673947566275,-0.17511558124641008,-0.023332157975253925,0.18585742202043454,0.008813171706439193,-0.022611248503559146,0.0029591193310515296,0.06937017352369038,-0.009546932151375411,-0.02118897073461934
2021-09-12,3274.9041,3466.861378308592,3245.242394000502,3416.4496,22647023004.444443,397228438509.9485,0.0437661434418272,0.0428354638339318,-0.225504485623797,-0.2555434107801996,0.0386045412713664,0.4023893981551847,0.0064269506373767,-0.0007728534294201,0.021628054129145,-0.04499975158002019,0.04805146900544588,0.02530185119211796,-0.14770191301657762,-0.011052182786550025,0.08080356485919316,-0.06309447990921252,0.07621064953516046,-0.028148753280354155,0.025623575409108326,-0.01598890114502974,0.019165044080093674
2021-09-13,3417.8972,3434.0905,3151.2617131550546,3303.3638588991003,28643691313.77778,383911773503.99457,-0.0331003686109988,-0.0336605827224098,0.2647883701163063,0.2349048118331421,0.0569636856025705,0.389044051043856,0.027256493795389,-0.0153410669133201,0.0402484495955816,0.002086940456764476,-0.026138032613668497,-0.025161885891293215,-0.17635827364646994,0.01459270417771424,-0.10929500757125554,0.025749833733440947,-0.024750427918733345,0.009367486013622223,0.009200880515553619,-0.004760806499306367,0.0025462951357695385
2021-09-14,3293.025717585573,3428.9998,3288.314236710956,3422.591,29507197598.77352,393159262718.7988,0.0360926456162882,0.0354565661095492,0.0301464736348555,0.0297009995435099,0.017385031017213,-1.1868044205170087,-0.0518090502489976,-0.0048439103588122,-0.0543065983811651,0.013687358646394181,-0.018030350233284365,-0.012607623850161773,-0.005526583592367735,-0.03425531079427016,-0.2953914729510094,-0.024679073226895,0.023046092402670137,-0.009476122578338325,0.032794242486366976,6.207347737380178e-05,-0.004125302377099516
2021-09-15,3430.0608,3599.9151,3375.995664402015,3591.1752,23595684856.88889,407007863110.13904,0.0492563090360491,0.0480816361141759,-0.2003413818644148,-0.2235703697187457,0.0353298692052432,0.7091192096818126,0.0216213195651682,0.0021387874193854,0.023761996826689,-0.03045826790909887,0.03309961423356979,0.024970629491110313,0.028351918057918413,-0.15605561847379554,0.0645758285419844,-0.011600012534401016,-0.01641488461468872,-0.018794230953850133,0.12847656104258937,-0.01265159538493871,-0.07139719220172358
2021-09-16,3611.0175,3666.8641,3501.4712,3577.8433,28934761280.0,423436333879.8738,-0.0037124058998848,-0.0037193139810348,0.226273424801753,0.2039798345094776,0.0321274395871026,-0.0950182784899378,-0.0008754226153991,0.0085822053254165,-0.0055499726031366,0.03199782587588541,-0.013095781897905875,-0.005924577148735205,0.04156913527083122,-0.042440203746667654,0.1142553849439496,0.017620783305324655,-0.05354003034862308,-0.0062963213748013225,0.17041589276341101,-0.0070994052110215115,-0.06546516809520608
2021-09-17,3577.1171,3592.176905982103,3367.4574,3401.2832,26073960824.88889,410170899880.04834,-0.0493481925270455,-0.0506074165261305,-0.0988707122007094,-0.1041065379951229,0.0332443285240365,0.0341737010607476,-0.0034150971203584,-0.0042749509447673,-0.001212076148334,0.059043092372612904,-0.0647386427886266,-0.005045296883498404,0.05525053359990279,-0.01623097862173488,-0.025964090973751297,0.035112116300194396,-0.004011565220800671,0.03302743824446641,0.11209718427917288,-0.013658555270392603,0.07998253162509794
2021-09-18,3404.8274,3539.7579,3382.0438,3435.5227,23194678197.07317,407729686116.7316,0.0100666419073836,0.0100163107629643,-0.110427512227728,-0.1170142824790357,0.0317422120780966,-0.0462367754757409,0.0067310560566429,0.0189362610880555,-0.0143065261666612,-0.013368384057788868,0.01794995953669845,-0.0034532853428028837,0.048402663591046134,-0.03257650542494362,0.014994720252644811,-0.02635302496081396,0.016442832667754974,-0.020929345820800638,0.07737493396950315,-0.007393482384192731,-0.07823945343317584
2021-09-19,3442.2762,3455.394,3300.8785,3329.2156,19223792853.33333,398600875163.0068,-0.030943500970027,-0.0314323622586508,-0.1711981218278299,-0.187774141345111,0.0248111996720421,-0.2463522554620087,-0.0132328590456285,-0.0221875187037252,0.0086719041483404,-0.0034177236778784037,0.009144275180593193,0.0026875292236817616,-0.025865162501536424,-0.018925422762032074,0.028372073589189473,0.003412878017920812,0.010055567266789064,0.006653025103655424,0.01285639541290737,-0.012229265203118294,0.030492163446984133
2021-09-20,3334.9831,3338.5683,2957.3912,2982.0818,31036572604.444443,367686043655.0034,-0.104268945513772,-0.110115073468721,0.6144874656752675,0.4790175475906812,0.0501652185966234,0.70402677901102,0.0111102253385198,-0.0008801342890462,0.0126721287543084,0.06667678368479829,-0.03690135042352541,0.04597407836294487,-0.10231965324784757,0.013266694203134222,0.27193831062722285,0.06049796696928589,-0.047721508801594995,0.04792629886334801,-0.08297828716809608,0.003284463116414103,0.10268103831511599
2021-09-21,2972.7091,3098.0626,2718.1892335110724,2756.2493,42039727438.22222,349332013316.1132,-0.0757298139843112,-0.0787508409757756,0.3545222268583266,0.3034487920490749,0.0796729605107175,0.4626083324488408,0.0444590577098263,0.0584732882627486,0.0036714404087836,-0.011042393904580422,0.02697629174272287,-0.0027542419245041305,-0.2165270603331726,0.06674646141915962,0.15489582056329465,0.02863720900704997,0.022521983631709524,0.031530588647250835,-0.16442908609561319,0.019810036343336838,0.1978023246398739
2021-09-22,2769.0927,3091.1997,2752.945012685347,3076.640245368333,43141827840.0,347021972161.9458,0.1162416423537353,0.1099673659274495,0.0262156885626179,0.0258779474254502,0.0492975483500377,-0.4800559117655223,-0.0437303824763185,-0.0466954583878056,-0.0097806380719668,-0.08615030400537914,0.13069823231337632,0.0453132824256364,-0.15464133051989903,0.09594800620552875,0.14086625999460423,-0.058519203681619836,0.10836542021472526,-0.012658058981164455,-0.07738918686542405,0.014317778067217842,0.05794303556920655
2021-09-23,3079.180575436474,3169.0311,3046.7762,3158.7165,30667544903.11111,366565945900.78125,0.0266772349335373,0.0263276020308254,-0.2891459069178115,-0.3412880839059101,0.0228617150740305,-0.7684106699408271,-0.0123945137210073,-0.0131092714611349,-0.0059603678722846,-0.028655026385746126,0.015514739114392356,0.009793136464702534,-0.12459441450803878,0.00807784816189915,-0.029780665129869544,0.01262599155937924,-0.004576959511992662,0.007888223197240807,-0.007103523368855328,0.0007563487016396404,0.015569269996159818
2021-09-24,3159.9768,3159.9768,2774.3783,2930.0015,32613387802.759583,350310448316.9147,-0.0724075744056169,-0.0751628392287702,0.0634495818232607,0.0615179467518229,0.0791351478767298,1.2416934427844346,0.0624701678348437,-0.0096834300614457,0.0647382035446292,0.062474215794743826,-0.07308335622467418,-0.04869343374065979,-0.1491498372106785,0.029910723867398844,-0.11442557598672409,0.02497958716381074,-0.0395818088978358,0.0032633335761065863,-0.09795958221543641,0.0021946404707854834,-0.024917666265470206
2021-09-25,2936.397,2970.035912178559,2830.872737979356,2945.6517796242874,33405874595.55556,343783091739.0995,0.0053413896287382,0.0053271750019287,0.0242994318035527,0.0240088977433697,0.0338769315602143,-0.8484228256455495,-0.0449249543609089,0.0096904276490885,-0.0461367760905177,-0.06107855136389863,0.007763863861983883,-0.01576589119866964,-0.15383897297171417,0.044986246264498556,-0.14904464371576576,0.021076114991989525,-0.010834731778946158,0.015552165061163747,-0.057828255575372,0.005449822679475099,0.018120937061126607
2021-09-26,2933.932182620237,3166.9589,2753.8006,3067.592,28967767888.20601,348479150350.6003,0.0413966855210787,0.0405627790270575,-0.132854079142715,-0.1425480108763102,0.0948890795506195,1.02997432796399,0.0569497955932672,0.0396699593194624,0.0445493736743967,-0.015101965156304534,0.019491381435280092,0.017594364839710552,-0.0818438316860058,0.04111948737957256,-0.025983511372362766,-0.04816785277542118,0.04684776870302375,-0.0225242401456609,-0.06336322253405703,0.0033041048997711543,-0.003963429240436023
2021-09-27,3066.1482,3163.7205776327773,2948.7074943100365,2948.7074943100365,28446766900.65248,361635229651.3271,-0.0387549927402222,-0.0395259521838057,-0.0179855413632215,-0.0181492470733559,0.0434463015574458,-0.7811828971838897,-0.0493452904072806,-0.0024048379795446,-0.0826885957478077,0.058347833094282736,-0.0718988097618463,-0.04848469567560419,-0.011254710401090485,-0.010765044453792677,-0.2251513716288842,0.021658127889137735,-0.029699267673757246,0.004625622660311746,-0.09649454477265745,0.004957474205945378,-0.013261545765149707
2021-09-28,2929.048132328178,2973.726,2806.0571583475507,2811.5444,25309393038.5348,341804480226.18866,-0.0465163447289066,-0.0476329959122951,-0.1102892948458659,-0.1168589194848933,0.032194367322699,-0.299734219199895,-0.0164140835142059,-0.0178183271271618,0.0091544205454016,0.059186893362162304,-0.07425934171056081,0.018494130759555874,0.019863134662389936,-0.07248321117465847,-0.08987603116345921,0.022246786061537682,-0.043906036116179284,0.005692226245040122,-0.14066097879520134,0.004251831399693212,-0.027485989959929125
2021-09-29,2811.9907,2949.2297,2796.3706,2854.8556,23835927706.498245,339291071404.68884,0.0154047718399892,0.0152873229882937,-0.0582181220147449,-0.0599815832507229,0.0364398051278329,0.1238702152409376,0.0102635873777892,0.0102296823879557,0.0015833254047356,-0.07227261146918415,0.052343410494192756,-0.043723102364349384,-0.0748169082767657,-0.09074298248988825,-0.12455201893323808,-0.005699401614278954,0.015538229858653538,-0.000910647500191708,-0.12441976330238869,-0.00010634684950048427,0.011540825468624671
2021-09-30,2855.1193,3045.1343,2851.6814,3009.435707489463,24796819448.88889,352341441492.1697,0.0541463839675333,0.0527313246953213,0.0403127478075326,0.0395213869920764,0.0329194327794089,-0.1015985792358398,-0.0120878978757471,-0.0118024045819472,-0.0026833466537951,-0.044187420961285966,0.047071527193698545,0.02718982930075907,-0.04841318561226969,-0.029310107474928286,0.07273883313424756,-0.0613532565353235,0.06285638837125102,-0.02580312222797848,-0.13420948917176287,-0.016037564701290613,-0.007381381400877629
2021-10-01,3007.802247227105,3327.892622263552,2988.687494287574,3307.919375969526,27033261098.666668,373053879927.9087,0.099182603481855,0.0945668158340103,0.0901906655564244,0.0863526034727203,0.047794238389043,0.3728419510510012,0.0067199266760195,-0.0028909245742358,0.0173818238543388,0.01683696812060649,-0.0020218308571633564,0.0008882651150461662,0.12131646945051097,-0.028678901735820016,0.1704495998433302,-0.11528397130667153,0.10458956914849979,0.014659992050367499,-0.1380202067519862,-0.020491674793853956,-0.010000051715545855
2021-10-02,3313.7771406076204,3463.5459,3268.552550398857,3393.1203,26572499128.88889,394129116783.8396,0.0257566507362358,0.0254305360980673,-0.0170442614413436,-0.0171911867473319,0.038243692240753,-0.2229264585031871,0.0022730177480402,0.005460875924353,-0.0027653947875293,0.030938898689426494,0.0065204990554791065,0.017073972126634585,0.14141983054664928,-0.03627856852476401,0.18795758995544665,0.0014010263156295777,0.012725856474678665,0.012437706515843083,-0.11269460295813089,-0.017959307370583613,0.02455038344525806
2021-10-03,3397.2497068743764,3483.78546300414,3369.505920153644,3423.3294,23648606208.0,402661231047.08417,0.0089030441979909,0.0088636457712769,-0.1100345476240928,-0.1165726345645327,0.0231004699136923,-0.5041256780301979,-0.013829541204668,-0.0091503924896332,-0.0112712517287735,-0.011106789234237004,0.021482862022659102,0.015467849805867379,0.1097206972908687,-0.0291796807657341,0.03568015850012918,-0.05951048669526257,0.021267440724561937,0.006799104769319886,-0.14027758202221466,-0.01620863526032757,-0.043373075541447204
2021-10-04,3424.0484,3438.2525897409523,3299.1712449081115,3396.324,22691844920.88889,397336157346.2531,-0.0078886361329996,-0.0079199160354648,-0.0404574070326162,-0.041298573725061,0.0287573531187048,0.2190405352878586,0.0097206556162167,-0.0138570758818897,0.0214371054152334,0.019126484548541677,-0.04157372475068294,-0.028607392629948367,0.14132673343920968,-0.03255963526988207,-0.10772725052085619,0.02326872890691401,-0.010519697071865619,-0.006420876414712229,-0.13818833034461658,-0.013703990752959395,0.004945086683165956
2021-10-05,3395.026,3528.9762679967694,3382.0503390089266,3509.114453474486,25529465585.77778,405005698574.11176,0.0332095681903392,0.0326700429306394,0.1250502405063032,0.1178276928870595,0.0219592366521527,-0.2697056399865554,-0.0146371248807875,0.0076516035739854,-0.020952656707444,-0.030603995332181284,-0.059359120677843207,-0.06538140445513727,0.22162977228214417,0.0012647966416982224,-0.3291845268762943,-0.04042607122775947,0.027127417163911982,0.021285154567064868,-0.1209400830180766,0.0002617025175982362,0.0033553069800746904
2021-10-06,3509.9409410189423,3624.167708118581,3367.561983036488,3590.824179012665,28165578716.444443,414381330634.6122,0.0232849987144978,0.0230180392889558,0.1032576699190763,0.0982673212567245,0.0499589026112853,0.8220128644633373,0.0353888332304278,0.0024263093706974,0.0396740168555019,0.011149388942831233,-0.01889862526577147,-0.000641483754434409,0.22936048858280622,0.024563390715441676,0.018308395032006874,-0.002502114763824566,0.01123736802439057,0.01106183372364905,-0.09291782163660317,0.003405732610555354,0.0018168209998092877
2021-10-07,3585.050523030245,3653.393348962792,3496.608043600706,3594.659128928895,30544829464.97561,421737798620.8008,0.0010679859901367,0.0010674160988204,0.084473703611211,0.0810948035138334,0.0309712154087343,-0.478142481742386,-0.0227795932211486,0.0002895426178238,-0.0252745924209363,0.009185264004579786,0.017643317797075883,0.015968913210111305,0.17769657998630525,0.03170495588611253,-0.032750916524446616,0.017794143687876327,-0.06538977070565377,-0.0633836269023701,0.043524718406770205,-0.008018253729759893,-0.20762063885342497
2021-10-08,3592.201076583479,3668.2369165719774,3557.4779,3564.0715,24510042581.33333,425281199786.9824,-0.0085091876119027,-0.0085455974413191,-0.1975714708298536,-0.22011248816818,0.0211215976229722,-0.382762136922965,-0.0066456290900682,0.0070698408895909,-0.0220424107266806,-0.002031409582388302,0.0001806220641296999,-0.0016276928191678586,0.07458416671097583,-0.013793990737905692,-0.2692430062599862,0.00046451483183421183,0.006283784860193764,0.006287511366126042,0.02077598650156139,-0.03792408677061598,0.008882829236568801
2021-10-09,3567.8012,3630.750443616456,3553.3935971463047,3590.297313577324,20008727310.22222,423723521175.1543,0.0073583859294978,0.0073314450877703,-0.1836518747845537,-0.2029143909576533,0.0147188265615374,-0.3611687081679324,-0.0095079190108393,-0.0105656194394703,0.0022248072908458,-0.013508511007691522,0.015284546711393315,6.671164529524487e-05,0.05648507570067891,-0.03680051842241166,-0.01813151746276942,0.0011683447297891197,-0.007059632774048585,-0.006822392254249687,0.045043962783279344,-0.020478349261647814,-0.007291798223303614
2021-10-10,3582.2060424830024,3604.313994053826,3432.5308,3433.7703,20452277987.55556,418059407926.43646,-0.043597228838233,-0.0445761459097278,0.022167860576856,0.0219257254342088,0.0223722314247909,0.4186931284639339,0.002290207610078,0.0032707990330409,-0.0025403543482364,0.026857180734358638,-0.01122846275793582,0.013460652690487476,0.0030452840196739926,-0.01842306328119409,0.11750884718038046,0.05546810288510957,-0.056616218947358216,-0.038618458844416115,0.06475663172875355,-0.010507054193643822,-0.010032941600123468
2021-10-11,3429.6781,3617.7625034338735,3407.5698,3542.1059609140025,26114599353.441696,417997851754.9005,0.031550060559963,0.03106258415955,0.2768552906102413,0.2444002508251884,0.0372759531966347,0.51052791103261,0.0194217066303229,0.0163213958691593,0.0118990860235049,-0.015414721867310223,-0.01828446115092042,-0.021845722206127023,0.04202778421468895,0.01971535973195081,-0.32011758768988186,-0.03011672600500108,0.023676398077548094,0.011676636207090696,0.0789550351164824,-0.0037991713813538834,-0.008548948664541589
2021-10-12,3542.1059609140025,3543.074442754636,3418.7842,3494.82021500588,24503337026.30216,411778540937.21765,-0.013349613599905,-0.0134395207384456,-0.0616996763125599,-0.0636852067139661,0.02382905346634,-0.4474428622653454,-0.0091452209176343,-0.0316546555763018,0.0120948394124927,-0.005820104168575944,0.01893272469317801,0.0047549993184192105,-0.00408177945439614,-0.005869899234070746,0.10436843749321811,-0.004488442172373187,0.017826387596353743,0.01609586378701,0.022680050544104942,0.002257515252386331,0.025040014308622682
2021-10-13,3499.203294219242,3607.459328222844,3430.696860060744,3602.4665,22314184291.5053,413455343814.5828,0.030801666000418,0.0303368160155837,-0.0893410041435172,-0.0935867702858736,0.030582670636722,0.2495279594102757,0.0037650867842154,0.0045598299224618,0.003160531590055,-0.02584830399880246,0.013948940061536075,-0.003687643221821066,0.003236997272231717,-0.034147381766507875,-0.14929948826294526,-0.014324295785077358,-0.0074808859174872455,-0.010349683137488075,0.08667744928209839,-0.007718519224241108,-0.0338073488091295
2021-10-14,3608.9164,3817.9563,3600.5729,3794.0518776720896,24671591984.848057,437947753846.00726,0.0531817235974545,0.0518157952777646,0.1056461514589262,0.1004299165201382,0.027413663110166,-0.109391986714455,-0.009961584452101,0.0123096570752811,-0.0200731670017732,-0.0008063107047294356,0.02215101381614143,0.020880635837413758,0.053985376451175925,-0.03548912423621805,0.33686245979591645,-0.018243911802895155,0.046062821593649605,0.043106200105394066,0.10303667845031393,-0.0059371868424938044,0.1259611248605217
2021-10-15,3791.9876717500297,3897.732475574186,3748.689121481084,3874.388228902718,27764274438.28772,450716097050.6285,0.0211742890769115,0.0209532289010965,0.125353988317374,0.1180976424445878,0.0241151300808525,-0.1282020950685449,0.0015336156886678,-0.0059516724900494,0.0084550855572785,0.003484567815916887,0.0015158763995337388,0.0023993583459796103,0.0834842027935918,0.019819130253787783,0.09370105919480887,-0.004516470159027029,0.03876440681387938,0.038281479340686986,0.07590827123723466,0.0051203132060848415,0.07938449003743231
2021-10-16,3874.766891154749,3966.7506,3814.4507,3842.72310861372,25330359719.349823,457578982328.7084,-0.0081729342590858,-0.0082065157845189,-0.0876635449036428,-0.0917464368802842,0.0271982668568104,0.1203138050774699,0.006021635101303,0.0144459277161854,-0.0086982448385935,0.033863221379387964,0.0006944561822398027,0.015962757837488017,0.06794624192130244,0.031586924517705645,0.20437257763325256,0.035884866021961594,-0.008945689292507497,-0.004387478214939178,0.07142106943375047,-0.004425780405533863,0.04844138977905166
2021-10-17,3836.379833356975,3911.724712276786,3703.54840089263,3856.7769893859513,20901648263.314285,453494588404.0179,0.0036572712566067,0.0036505997015942,-0.1748380798813706,-0.192175645094807,0.0385288404403463,0.3482538104310513,0.0119306126337863,-0.0107126368865711,0.0270326243837897,0.007041733891289037,-0.04920348809312267,-0.02621856950244829,0.11617298753262459,0.0026221427893762506,-0.21884776286987195,0.008225341014633986,-0.027617645062564866,-0.025350174944646475,0.12567908566147518,-0.006385408564465872,-0.029805627444764005
2021-10-18,3856.226215032041,3892.961578299813,3716.5266317503606,3754.3723,25054686272.44755,448827563039.2581,-0.0265518824831652,-0.0269107503853397,0.1986942827098716,0.1812328666440622,0.0282629560443595,-0.3098550897060348,-0.0144890225320513,0.0019513951999383,-0.0184610407401426,0.014977672786936222,0.02930430300441527,0.027780217333642332,0.058199652987734884,-0.006195804249068377,0.22408483241740962,0.02280334352529058,-0.004540172080916727,0.0016956037360167375,0.08875202451317095,0.0023009454927409075,0.02308021567620311
2021-10-19,3756.9331,3886.6498,3752.1008,3882.9354,23232424942.035088,449956534058.7912,0.0342435671603478,0.0336703065289194,-0.0727313569444447,-0.0755119570657758,0.0141511324463509,-0.6917573210661101,-0.0180363605662347,-0.0128417058699756,-0.0126933122298792,-0.027180670765231493,-0.008122778950884146,-0.026116255865342455,0.10530948025510013,-0.007480184857174399,-0.21347233889136197,-0.027470289596251203,-0.006116199982719284,-0.01312579933084973,0.15385469330074128,0.004940999220354026,-0.04605461654515919
2021-10-20,3884.143,4164.844166759179,3840.6040535096186,4164.844166759179,25564426396.444443,468018449166.1668,0.0726019718894057,0.0700874459851039,0.1003770144626614,0.0956528615028454,0.0374661488634769,0.9736431758950156,0.0214760867679839,-0.0056969936522433,0.0235846494389767,-0.05175209985898915,-0.031123672561549475,-0.05324346307171861,0.14506011022462037,0.019019594311211165,-0.4340206260972814,-0.060867123905939256,-0.07462333978003105,-0.08139769082848425,0.3340572127545664,-0.006751012868834149,-0.14122509118744375
2021-10-21,4158.800900432247,4360.0497,4048.796395559031,4075.5561179778015,41948811555.55556,491659342235.11066,-0.0214385089108521,-0.0216716519241244,0.6409056438438177,0.4952483112737142,0.0508408732641047,0.3052627945608992,0.0277846300625978,0.0564685993746087,-0.0169376928843861,0.09705266735086487,0.029169970458269894,0.0897080692968792,0.07157266302273117,0.09544337527962336,0.7219817974703568,0.17501934096522168,-0.14753153606454417,-0.013977000721622473,0.3911364018062176,-0.00011254915293730573,0.009402067863467423
2021-10-22,4067.36827332443,4165.484140174109,3927.8352436694,3980.624047911576,35881919985.77778,480643376859.7345,-0.0232930346971467,-0.0235686050881231,-0.1446260655499858,-0.15621655542118,0.0393180664284208,-0.2570165040862773,-0.0186659324094413,-0.0235744611065457,0.0082987308177037,0.006596289658312271,0.009575168144803928,0.010272527701682271,0.027050829033511557,0.04188085433439002,0.07112569616885933,0.0029335056248491753,0.15495250629676954,0.08839012102205698,0.25760043079064504,-0.009028530409879545,0.2559207618369794
2021-10-23,3981.1377037070047,4164.092,3958.827078059567,4161.5046,24613138254.22222,478328127544.9717,0.0454402500490651,0.044438088611234,-0.3140518048092764,-0.3769531713225089,0.0227873960323502,-0.5454765412923961,-0.0217805198842119,-0.0276095607617208,-0.0048366807417423,-0.026425027287496558,0.006993377666737799,-0.017979308220434878,0.07969543342926459,-0.003630481807789339,-0.09592943812873811,-0.05546369430908486,0.03548841391170965,-0.0018709804691363074,0.2757109173710539,-0.007592190903692821,-0.02436744067156349
2021-10-24,4167.6736,4180.6152,3978.221010296581,4084.265881710706,21419554595.55556,481680260999.836,-0.0185602866543255,-0.018734690131535,-0.1297511770210294,-0.1389761048005863,0.032762500156459,0.3630769959167055,0.0184379209093908,0.0032178175365205,0.0182333746694544,0.01235042919358964,-0.005090556405752872,0.006903875203999946,0.05731014359613544,0.002622896270463286,0.03223093968044344,0.03822639168989554,-0.0792652109464348,-0.04184461805103337,0.3321390664682891,-0.01419063545745969,-0.09164802894505208
2021-10-25,4088.794759789565,4232.1457,4077.542826132751,4216.984185683597,22752207857.77778,491252700918.84015,0.0324950206026504,0.0319782231805504,0.0622166654435818,0.0603579184364446,0.0180094565991584,-0.5983875868657234,-0.02129443949535,0.0026182781157634,-0.0253581725379236,-0.019096458013852846,-0.04674364554655244,-0.03572546121794272,0.11619911716202556,-0.011713782733223377,-0.3143188428116428,-0.04575247599342591,0.005241840606268061,-0.025588171215738753,0.3587901146469108,-0.013695496013506179,-0.07440681808536254
2021-10-26,4221.854877342664,4285.80065989907,4129.0054,4144.227,21401297024.0,497207622792.7394,-0.0172533693464167,-0.0174039431738764,-0.059374933730485,-0.0612106605922585,0.0236962801396984,0.2744210931319615,0.0095157225075559,0.0113508358079915,-0.0005801181291801,0.006123178460408149,0.01702545468342294,0.010472216732753878,0.0651248674592296,-0.009414758069639553,0.024147569533037316,0.01872746893198013,0.026026529097004203,0.03206154582298901,0.3008233924459767,-0.009842032010091494,0.07486766531901412
2021-10-27,4137.8404,4298.627771478221,3951.9679851603705,3953.5218,35496672056.888885,481429930425.2575,-0.0460170738716774,-0.0471095048341293,0.65862246653004,0.5059874184213653,0.0522763291451787,0.7912255913198245,0.0324192410390719,0.03401195225142,-0.0047954672423675,-0.008591331285675255,-0.009987677499248872,-0.011313779106130947,-0.0520720833600037,0.0500349728063932,-0.18245811646930576,0.06363134765620698,-0.06364896113061663,0.001891130094528598,0.29323983979565327,0.009173184993333154,0.0024869806606879763
2021-10-28,3945.3471,4290.081035311788,3932.0774,4277.879612456707,33911031608.88889,487793034855.6868,0.0820427529846192,0.0788506925684614,-0.0446701157071502,-0.0456985695692227,0.0355947423161838,-0.3843457318077097,-0.0337835573713334,-0.0410372309059273,0.0126010607344947,-0.051652461603360164,0.0352908545951789,-0.013707211255456535,0.04845026113258217,-0.04029614366329558,-0.18421464409715416,-0.10597297790280909,-0.07803327561153572,-0.1309927387134407,0.4197235282764098,0.011079484587582643,-0.36745066721449415
2021-10-29,4287.938859796452,4453.406627243186,4281.6430928356485,4411.123735735959,36124664853.333336,516027109957.9099,0.0311472353946706,0.0306720031749301,0.0652776733534759,0.0632354913317301,0.0215321559348721,-0.5026504965249905,-0.0027353761470021,0.0035592835775497,-0.0102352962698241,0.016344932703927246,-0.016834008702542043,-0.007038442723322193,0.1026908693956355,0.0012410448942277769,0.08910931161314783,-0.026225934377066634,-0.025737977901216808,-0.034462022089173885,0.4351082084630461,0.015618739579769699,-0.07730555299044028
2021-10-30,4414.742546465173,4418.937279592537,4269.350078905884,4315.823838736527,24115032526.22222,511919920928.49774,-0.0216044488227287,-0.0218412416582783,-0.332449653882476,-0.4041404666568798,0.0198645329424759,-0.0806115652676422,-0.0005032080663854,-0.0142701477554538,0.012424750508327,0.012914920867163025,0.0358559783437276,0.036650993907739224,0.03641153912612282,-0.0025482541441448777,0.340102069009085,0.04585368746869399,0.02547536814949668,0.0520317149874695,0.36053564210944644,-0.0008601753940501141,0.05275816703530811
2021-10-31,4327.840655162599,4395.1307,4195.5043,4297.53169998587,23144903765.33333,507009035265.71497,-0.0042383886447072,-0.0042473960741933,-0.0402292122075305,-0.0410607857447879,0.0325774253843358,0.4946836982186466,0.0134341074877563,0.0138783416381836,0.0082751101341079,0.009549465055699237,-0.014676443327821177,-0.005874068284448641,0.05089883318346454,0.008799126456540327,-0.034575334002294955,-0.008355527880017963,0.012925660562519585,-0.0015228225594470235,0.2617214302012428,-0.004919933439587897,-0.1470896956979295
2021-11-01,4295.127856493886,4374.995805164399,4178.051953099486,4337.678549681309,25023704490.666668,509350796493.3687,0.0093418391062878,0.0092984739914207,0.0811755686859854,0.0780489386850004,0.0319881711222471,-0.0182533935977975,0.0014995365547197,-0.0060507994072817,0.0048738941285103,-0.017671463849862692,0.024614995685083817,0.010851804749709926,0.028219083994334797,0.011467607326113701,0.04734976095384891,-0.018195889332366544,0.028211616748055127,0.003514484789824579,0.24558936809459628,-0.00196644870265218,0.004452199287508618
2021-11-02,4330.602975734566,4598.079618776445,4300.05164906807,4592.980814032476,25026544957.54704,523940744210.3162,0.0588568888697214,0.057189919498377,0.0001135110463532,0.0001135046044619,0.0301442417848358,-0.0593722626761055,-0.0114664327369787,-0.004408440599501,-0.0105897752298787,-0.026677812502072663,0.005468731530706136,-0.001904180492590432,0.10281294666658831,0.018033862808739566,0.03662217270543877,-0.06633929372716367,0.02133175990031831,-0.010728434992651525,0.29391564182169627,0.0017497088061531863,-0.0034848675082326253
2021-11-03,4585.911150493974,4653.128730779269,4475.246964826769,4605.6244271349615,29633102307.55556,541078964139.7789,0.0027528120874915,0.0027490300395519,0.1840668521293174,0.1689549978149003,0.0274325790958763,-0.0942625941860262,0.0060800291870733,0.0040650473830696,0.0048850390155099,0.030331068290191825,-0.06593909052750246,-0.042494672356471815,0.15267148154026958,-0.029333037897688437,-0.24475151248367943,0.038788841783306674,-0.06044141163180781,-0.03632369728231427,0.30458458789671317,0.00876776371066613,-0.14332272305206972
2021-11-04,4603.645402494889,4603.645402494889,4433.68597749977,4535.317603043713,28082568959.108013,535413683577.02747,-0.0152654271323171,-0.0153831432932537,-0.0523243679434876,-0.0537429955552397,0.0249228744033,-0.0959452926652555,3.0181881194888543e-05,-0.0122195151486768,0.0027131465458524,0.004634104873346277,0.02307317745043891,0.017829646605351114,0.05843764567855433,-0.030035855186297054,-0.03587537595160528,0.028156318508523653,0.06060332965911789,0.06383951186227224,0.2565314016728199,0.0032056809220198583,0.24898735357167534
2021-11-05,4537.561460653615,4564.366712831694,4460.013326986349,4488.1321804851,24256463402.666668,533047984675.7006,-0.0104039951969284,-0.0104584950956466,-0.136244855732845,-0.1464659481817786,0.0148697222552069,-0.5164589504038828,-0.0147920175146365,0.009960259045225,-0.0187898711548359,-0.0022086585673374917,0.016656238010865458,0.011435230996823087,0.017307147407977577,-0.06409941790240745,0.10844797238829473,0.011997432556251852,0.0072256715360786705,0.013117346510780753,0.22305486728821733,-0.004912479496754465,0.03805976328017535
2021-11-06,4485.262593732431,4527.731,4349.2654,4515.412838669978,20576344970.666668,527839633171.4392,0.0060783990060491,0.0060600000585961,-0.1517170236612243,-0.1645410003424922,0.0281290468888103,0.6374756574530478,0.0199444587718883,-0.0048933464585701,0.0235665609607684,0.0030873350369131983,-0.010510474502933957,-0.006355270527661466,0.04520838912485185,-0.019935470737138486,-0.05473014481378735,-0.008855840288633884,0.0036171180770851186,-0.002542985207733689,0.22804745124799305,-0.012637462354285119,-0.012422514352411262
2021-11-07,4521.470283637077,4638.961643167891,4514.492302576885,4619.167746375777,20506340693.33333,542340698434.5021,0.0229779449660156,0.0227179275640819,-0.0034021726129269,-0.0034079731622211,0.013904250395768,-0.7046081622909348,-0.0223052897386251,0.0054065732824639,-0.0280251335516378,-0.022444408534741125,0.0003683536449102798,-0.012120793234547567,0.07217371276312708,-0.015127551685843807,-0.15336758578779408,-0.044064577138580585,-0.0036429291331849523,-0.024234200727743183,0.259310976253394,-0.005120956386458329,-0.10919960941278295
2021-11-08,4623.573969282661,4822.4666,4623.573969282661,4819.161293786869,24100025956.251747,561271186532.1271,0.0432964461115332,0.042385360094279,0.1752475157153092,0.1614787770847776,0.0149609363765285,0.0732479853389813,-0.0066718516955277,-0.005099738938991,-0.0059500033613235,-0.015628435872255066,-0.024261205687014332,-0.028292057538039702,0.10526059886598546,-0.0053502285320774145,-0.276692354560764,-0.029830760194091598,0.013384848329188057,0.006197295405228176,0.29436489125990273,0.005232704856097055,0.07253146086586582
2021-11-09,4817.782386770097,4834.0028433064645,4727.7406,4736.7254,26270877096.585365,566926305532.6239,-0.0171058590408976,-0.0172538544008653,0.0900767137875417,0.0862480733861209,0.0116539643220161,-0.2497961553220262,0.0048315564700101,0.0028923210315231,0.005985009435434,0.024138494449642795,0.038835547539860085,0.04510690516141204,0.030816824966743185,0.007200879051239965,0.4373258197591805,0.06925120682973362,-0.08546569213049533,-0.03695844402055809,0.32168718276876535,0.007395046651268405,-0.1160585076564653
2021-11-10,4739.446434240457,4867.173594094124,4548.1943,4637.645275427002,26262380366.22222,560685844087.3088,-0.0209174305466384,-0.0211392994020061,-0.0003234277383242,-0.0003234800523554,0.0459906982435839,1.3727927566660243,0.035476830756464,0.0275755452877936,0.0223387639851224,0.01912860457102363,-0.006832810532822482,0.004829998801562471,0.006928495525184938,-0.019627477804543846,0.09865534155286904,0.040372447313431314,0.05779796139627129,0.06630048988149712,0.26948529920720904,0.000187109425446198,0.249000678262014
2021-11-11,4642.050923695175,4778.072303116837,4593.539136197657,4727.230918092841,35289895544.888885,556372385531.8075,0.0193170536652549,0.0191328478138293,0.3437432194942065,0.2954591669233051,0.0254543221960511,-0.5915536044824732,-0.0209769504702777,-0.0182644756051304,-0.0109631762762224,-0.006625208858562978,-0.0009791840799727933,-0.004929190380288426,0.041444486632268095,0.041508792013366984,-0.052333759831602045,-0.0257852016876199,-0.02433469719502855,-0.035377536229991347,0.3020576677594841,0.013563466608186395,-0.13497400633507883
2021-11-12,4727.829420845446,4808.224,4529.32462586912,4677.705311073397,26261109916.444443,553461443381.2195,-0.0104766633738775,-0.0105319299567594,-0.255846198721665,-0.2955075433648245,0.0417305895563821,0.4943488629194617,0.0182679828295639,0.0039642809147091,0.0198235436534203,0.01173122957545595,-0.01208462861712633,-0.0006150866165289676,0.041371051771155284,0.011245457946609503,-0.0030009136982447338,0.010862229334988677,-0.05500184923527052,-0.014630372473529288,0.261188921787141,0.0049174115963107196,-0.14954642968643306
2021-11-13,4677.051356781548,4704.316891203014,4597.248848921077,4658.156012516753,23889874876.20906,550282310477.0747,-0.0041792497082628,-0.0041880071806174,-0.0902945476326017,-0.0946344105836484,0.0160837748710589,-0.9534234305195683,-0.0261259830367444,-0.0139705095137299,-0.0221339272641253,-9.38681148208026e-05,-0.04038903422985223,-0.016777115130311174,0.031123044531941774,0.01831502343729476,-0.41014474818668534,-0.004302889976648752,0.048953420972067826,0.016217820789142953,0.20518511932875888,-0.0009720104250056506,0.03816298811673491
2021-11-14,4655.0937,4694.537514126889,4528.2011,4630.758968435111,17833173630.66202,545527382975.6899,-0.0058815213591011,-0.0058988856248588,-0.2535258672107428,-0.2923943139237488,0.0252999121705872,0.4529899323462687,0.0102522874944672,0.0031722712167622,0.0098288018188033,-0.0063045337859703315,0.014649814908533659,-0.0023057101313685505,0.002506231343000998,-0.01474926998503161,0.023228097486839072,0.0018804918443618007,0.02692162744996654,0.018523742922555708,0.17833300480280334,-0.012431584039560822,0.08882984625220058
2021-11-15,4634.113550400038,4770.282399667801,4555.681321864844,4575.842252768675,22289251496.27972,552895704459.3907,-0.0118591177041964,-0.0119299979829389,0.2498757628847399,0.2230441566825189,0.0315839039611726,0.2218466982942764,0.0086854625122955,0.0239726153666928,-0.0161971377643915,-0.025472221006411597,0.003865442014555749,-0.019231990261252344,-0.05180912673421695,-0.010116034492141966,-0.24989684888506591,0.01464257564424809,-0.014157857080033698,0.0023368090914854533,0.17460952260438328,-0.0038379239454061635,0.005365067599098827
2021-11-16,4571.8677,4571.8677,4155.1316,4230.1812,38229605532.44444,510419922979.23047,-0.0755404215605396,-0.0785459517290339,0.7151587857862931,0.5395056627963519,0.0472943947151288,0.4037441610066206,0.0055782216742259,-0.0347157956287485,0.0326812775720917,0.035984284867252456,0.023060412341057848,0.04225577224706064,-0.1131012240623855,0.06498914544654495,0.7798289859518368,0.05951685443609861,-0.017214759594643275,0.0446795480956462,0.09241297117375519,0.021673580326931154,0.13338678974279383
2021-11-17,4222.0718618430365,4292.0509,4106.563,4292.0509,34832910080.0,498078106078.682,0.0146257800966067,0.0145198549510512,-0.0888498692345062,-0.0930475975331059,0.0295206778879275,-0.4713008203582634,-0.0063562306653174,0.0,-0.0063562306653174,0.002124452584336141,0.025054615427335267,0.018991068025342478,-0.07744206970932802,0.04410772165229612,0.14606116180439832,-0.00027767980485046695,-0.05596004350835009,-0.012564412015341836,0.13384357651014625,0.012026280140637247,-0.10130904974625632
2021-11-18,4291.5766,4343.115519984542,3973.6198,3995.3938,28548142542.22222,494855807713.332,-0.0691177963430024,-0.0716225363944592,-0.1804261407773191,-0.1989707576810846,0.0444679119861689,0.4096768869554283,0.0026342569845137,0.0315627232520999,-0.0144970965074545,-0.0073200261717751985,-0.04276895802686711,-0.033186584894726257,-0.16819745391761662,-0.034531381106271276,-0.1656027215633955,0.030581869196598055,0.007950180952345889,0.031155749799486182,0.028550733586767463,0.006477643243719313,0.013650186392426322
2021-11-19,4006.8030964585473,4307.1171,3998.3392,4294.152739005697,34323611555.55556,493348196002.005,0.0747758428732849,0.0721121215792623,0.2023062973288549,0.1842416267200631,0.0302299583972572,-0.3859344175239712,-0.0184368538898994,-0.0168021306158985,-0.0082244259511944,-0.010322566689852021,0.08162955776377101,0.0575108452128634,-0.08555340238159481,0.04115880187698697,0.3260573643242073,-0.07065693698915251,0.05027297568946232,-0.05460338993653088,0.03057540918092591,0.010583099299495791,-0.10278259261146627
2021-11-20,4300.9138805132,4436.529986422346,4227.782144520988,4422.128531286758,23245987662.22222,511810301053.68585,0.0298023382164773,0.0293668791812953,-0.3227406263878526,-0.3897009574155604,0.0293763879191941,-0.0286422129221,0.0103206080199182,-0.0047137345123082,0.0154775672678274,-0.002517081607604041,0.017659102117760492,0.015715203055294197,-0.051998516019681966,-0.0032254926898812072,0.06098194177249683,-0.009159013284503387,-0.007052764780608983,-0.011345338557269297,0.0816139402863457,-0.022734619584880364,-0.05380985454469944
2021-11-21,4417.183082491513,4418.946412151297,4284.636769940774,4284.636769940774,20657591516.444443,516625645121.83374,-0.0310917605341463,-0.0315853676890009,-0.1113480822320258,-0.1180496637095129,0.0108526997668748,-0.9957773441867666,-0.026015094057206,-0.0065370165717515,-0.0277629693039935,0.012722900328997894,-0.022459881890660505,-0.01580823515649829,-0.077684998083824,0.014072022625545584,-0.045259926239724635,0.028846947668024647,-0.031694657894548936,0.017219371833942648,0.07359717768546781,-0.018895632722286233,0.009411299259926897
2021-11-22,4280.02788794463,4300.1512,4050.1939657032303,4105.1047,25889685009.9021,496114950103.4696,-0.0419013511717717,-0.0428045325880424,0.2532770332539811,0.2257617474486687,0.033473819196304,1.1263497412851566,0.0274903874587233,0.0112460190949799,0.0272631394980256,-0.05576279411547378,-0.040077616212605846,-0.053663423632708665,-0.10855953268892743,0.01765593297871985,-0.49187436085021696,0.0024926414786648754,0.017428223990551127,0.006733954761122041,-0.013645443513808638,0.0015981683697492474,0.04609924283643019
2021-11-23,4098.833945538736,4387.332044193312,4077.5573,4355.124816760217,33298571313.77778,500449652670.4553,0.0609046869767333,0.0591220223984248,0.2861713574746847,0.2516698653637495,0.0354940824105749,0.0586023731672051,-0.0019502220367151,0.0076308514076171,-0.0087499542351818,0.03029135241330763,0.006997047043215937,0.012914967101423633,0.02910844143853157,-0.024260686544238554,0.03124906435722563,-0.02336275643357516,0.01313671990013144,-0.01722126671509469,0.06421126901615136,0.014750688713868606,-0.03304551026710234
2021-11-24,4345.398588245484,4373.9907,4186.995669721616,4267.1911,32144551872.0,505994321914.97626,-0.0201908602990696,-0.0203974816920304,-0.0346567253863017,-0.0352715159099958,0.0287592115538621,-0.2104078721276399,0.0003887566761942,-0.0096540223398862,0.0080295994042953,0.005663490456264304,-0.0004926726736627085,0.001854517652310872,-0.0058088952045502636,-0.013478905144109238,0.03056942233739468,-0.0023861463713749365,0.013065219893287822,0.003759669103844593,0.011835564143570504,0.011510779376934255,0.03402205989749896
2021-11-25,4276.9243,4550.477718779292,4263.4167,4525.307417931792,35422437674.666664,521717529111.2017,0.0604885771185152,0.0587297237420679,0.1019732928839465,0.0971024753045122,0.0298659203992096,0.0377599265678947,-0.0063636424913174,0.0058114552204428,-0.0128104904260982,-0.009388793431243474,-0.057892407299106774,-0.05123225163281631,0.12454336493197683,0.034111249718785285,-0.4143323216613992,-0.028061145429722822,0.008399146998234866,-0.018810477066246972,0.08796923105951467,0.01694076874326062,-0.07212208038604451
2021-11-26,4524.3324603908,4544.8713514456485,3946.249773969944,4048.131895970803,49447816746.66666,498984137167.2645,-0.1054459902702197,-0.1114299980576252,0.3959461853194432,0.3335724543990347,0.072080049272582,0.8810592525147305,0.0402400877431811,0.0043523156787693,0.0452979333519374,0.05466223911300251,0.03065661935639268,0.06265865526255185,-0.05899875470491084,0.07118786397257867,0.5970084080288864,0.0879644185944656,-0.0747602919540502,0.05914167805571363,0.02364873783601866,0.016576076474667783,0.06744587976808858
2021-11-27,4042.2979633897216,4184.982233264034,4042.2979633897216,4082.366357992869,45184787050.66666,489113105108.6513,0.0084568543965033,0.008421295540092,-0.0862126980821125,-0.0901574458590274,0.0237504913690522,-1.1101740773918485,-0.0339693396819177,0.0064494086062255,-0.0590302275929782,-0.024418459948987302,0.01499361645579271,-0.009797736798486945,-0.07994433834611413,0.09501331767656727,-0.059716681478839906,-0.047433190220850824,0.04316656428625711,-0.038529809045868224,-0.04678065919235063,0.013197059493749844,-0.033018165637889174
2021-11-28,4099.295458301602,4300.929187517085,4007.493924007929,4300.929187517085,35456327388.44444,485625557108.4085,0.0535382693168366,0.0521542794844798,-0.2153038732109877,-0.2424587357739633,0.040076883370291,0.5231964740409643,0.0106603017941404,-0.0293458692202901,0.0400061710144305,0.0019766435867594884,0.021763559891848826,0.018228530470438847,0.0037953088273666134,0.059344104037691865,0.13447763076391972,-0.03941452660748945,0.04519464960677685,-0.011032330571629695,-0.025298382882800906,-0.0007775183428632654,0.01562990159627553
2021-11-29,4298.531080015639,4460.0291,4297.3593,4452.2641317013695,41952501048.888885,517299622320.9707,0.0351865695960573,0.0345816709516468,0.1832162025489874,0.1682363261585798,0.0146028571886257,-1.009582486111806,-0.0314083497275433,0.0080167255419172,-0.0368989789594036,-0.011028944767253322,-0.01594084333261564,-0.01938352352963242,0.08118151236705591,0.0606614664502129,-0.1503711022338674,-0.007553932497400259,0.007267074184992561,-0.00041305914643685604,0.031124529727124282,0.02054695871151447,-0.001078380978877247
2021-11-30,4448.375062921311,4721.5876,4363.3249,4641.645683920893,44349213511.11112,538577176957.6536,0.0425360101327039,0.0416562161879758,0.0571291914021825,0.0555569240192662,0.0491397960813889,1.2134520099174972,0.0384290921303903,0.0238869289882487,0.031442589611084,-0.010103980182262731,0.057399548731914204,0.04778710106046523,0.06371570615660688,0.039694003023079745,0.32606797906913565,-0.025275666128218133,0.011731120718462829,-0.0066795569810851885,0.07702814198929352,0.02388838387378358,-0.048761305209164885
2021-12-01,4637.115750576484,4769.294091530394,4543.111175442001,4586.9631,53583852202.66666,556435612197.6102,-0.0117808612816611,-0.0118508055061187,0.2082255345800419,0.1891527828974886,0.0336842901075899,-0.3776376575829743,-0.0110782906788151,0.0011956716698332,-0.0205234463678822,0.02751882499893754,-0.015022500764022437,-0.002715426784746483,0.07226238234251847,0.07278730322761309,0.05396536350805059,0.006203079273938095,0.0009918627002772767,0.004308978154574539,0.05587886249175407,0.03129910133416418,0.025945782362378544
2021-12-02,4590.6256,4624.227941198096,4458.616999837173,4520.32557689881,39617597980.44444,538745993422.5416,-0.014527590836994,-0.0146341495717352,-0.2606429670154839,-0.3019743448192767,0.023938700323653,-0.3415351500008148,-0.0121411093200717,-0.0202253614565104,0.0060001153845621,-0.012002945673745151,0.026230279984099755,0.01838348494647582,-0.0011014909712846513,0.013643252688061875,0.05570748251846824,-0.016885904061172602,0.02458859743122066,0.01289134531575195,-0.015945206578358132,0.01562007078561349,0.028094668206974482
2021-12-03,4522.420617559839,4643.006075327383,4126.377116854704,4248.6659,35657670385.77778,529960591517.7703,-0.0600973695981393,-0.0619789937622225,-0.0999537527898919,-0.1053091311890217,0.073833331699876,1.1263138689407564,0.0469893429004371,0.0354541589343396,0.0317092944689825,0.08509622657297183,-0.1137809348193675,-0.006185536354108623,0.04834951332411826,-0.045565470357605005,-0.11744935519574762,0.02064176825298142,-0.03617450190623289,-0.019859323471069307,-0.0806732303801326,0.006378946081056263,-0.058173092832133566
2021-12-04,4229.8035,4238.4659,3642.6823,4097.563825071206,66819603939.55556,477093961474.7836,-0.03556459333006,-0.0362124196722162,0.873919502217589,0.6280322278336509,0.1052783595419672,0.3547976069038894,0.062069826813322,-0.0400114127777722,0.08087039273914,0.013328640611122877,0.09540369460223823,0.0519535376050366,0.0037157981118098047,0.07058849664528023,0.46991031219116874,0.022883457529266488,0.05411152653409901,0.057094895346331054,-0.10150250675909513,0.040071399148057865,0.33295873203593285
2021-12-05,4120.112138724015,4243.921291463281,4054.031,4192.6384,45377214535.11112,493922850663.4619,0.0232027075080742,0.0229376173971285,-0.3208996782417482,-0.3869864130615144,0.0304974535107216,-1.238964696921382,-0.1028081294656846,0.0106556155068471,-0.1092916042427858,-0.03586785486906448,0.03468924009995769,-0.0005379191473126321,-0.025500863975541476,0.030774677372348413,-0.0033196379715108026,0.0005491637994035764,0.010272418228279234,0.008861332688080342,-0.06810639426631984,0.02119022789964154,0.02891307304962254
2021-12-06,4200.7952,4364.452882372813,3953.6514,4348.484879257936,52471101454.22222,490986560423.0954,0.0371714572995218,0.0364972553098129,0.156331475869285,0.1452524729785919,0.0665189297574801,0.7798433764856125,0.0468292731946616,-0.0071365189303855,0.0526568529444928,-0.035511110463913365,0.035547837504227825,0.013011921161496437,-0.02358527961737537,0.031626400943523404,0.000569187766183088,-0.019294748490307184,0.024593478748910547,0.012230957505025758,-0.03766913901510282,0.031172079162248966,0.014339104413130466
2021-12-07,4358.190657733947,4422.8824,4273.3958,4306.102212618619,53119410176.0,516486410496.328,-0.0097465365101027,-0.009794344894814,0.0123555386452747,0.0122798319378898,0.0231352929809056,-1.056127278914591,-0.053562283013941,0.0080205795432619,-0.0637319057912259,-0.02662962702616796,0.012838943145952797,0.003472334872784144,-0.07503584070016522,0.0256256703550241,-0.02731095465362987,-0.011814830924439884,0.004096056147109839,-0.0009146635549293902,-0.07018141147399877,0.030900084143807502,-0.01678582639905346
2021-12-08,4310.244505449821,4450.6467819054415,4240.4096,4436.876579188187,43043314076.44444,517097885881.3818,0.0303695453829093,0.0299175198198547,-0.189687650261374,-0.2103354886854981,0.0291013028113725,0.2294236570785206,0.0056424539914484,-0.009889914353251,0.0149600471608044,-0.030887155614912072,0.012625703791781961,0.00680682218055273,-0.03326751537419163,-0.030879060194349855,-0.08251119009804309,-0.04857559573268385,0.035090034847965274,0.021924943508345923,-0.08264925174842301,0.017519467539954946,-0.008384849441221531
2021-12-09,4439.345953865967,4473.078773812109,4090.570449073211,4153.46424386153,45092418503.11112,508923356862.2733,-0.0638765424884801,-0.0660079121516909,0.0476056379633662,0.0465072154270928,0.0477903073729097,0.4960399009849818,0.0135721199668591,0.0137229076165635,0.0081342361269591,0.03144900459404724,-0.04510077132139395,-0.03781630531057298,-0.08464127795414732,0.016157732096056105,-0.04226167283007509,0.03421114332992924,-0.04898490742980824,-0.039967983260333434,-0.13140330949924856,0.017108096966762437,-0.05509998844405595
2021-12-10,4129.372570297307,4219.469858617035,3918.3373,3918.3373,47781683513.979095,484912277876.6261,-0.0566098394151406,-0.0582753379246959,0.0596389614959869,0.0579282477435402,0.0409645170548771,-0.1541165899995515,-0.0025635517447744,0.0162871857776266,-0.0353337640891583,0.03190200450584914,-0.06407710565682317,-0.04167411114687794,-0.08093762211662084,0.03487845652886892,-0.1735892811733124,0.019904795084667998,-0.052858383742668796,-0.03911780881442822,-0.16853934802193843,0.019208230069917353,-0.1254665262258119
2021-12-11,3910.7981,4095.695081544233,3859.8901,4091.655288045867,47587895793.77778,477743280662.72974,0.04423253405108,0.0432821984243669,-0.0040556905062715,-0.0040639371237171,0.0311225245949151,-0.2747744337759426,-0.0115227344306869,-0.0332247553125636,0.0276411574658388,-0.0004577357531634907,-0.04272820857549676,-0.02979737812831064,-0.0014430040200376535,-0.055906242242757274,-0.27550733053783616,-0.03267820375548163,0.04110211729129595,0.02399028885308846,-0.14438999741140088,0.01081381657102604,0.05236273850707773
2021-12-12,4085.7292651233774,4175.858550347876,4005.647432741752,4140.566284343947,31766340003.55556,483666765652.288,0.0119538408919679,0.0118829580581954,-0.332470169699979,-0.4041712001182359,0.0282352563937822,-0.0973603967437597,0.0005452938497738,0.0068567612276856,-0.0020334233339036,-0.015941365654824527,0.015398003267521658,-0.0016152468398383801,-0.01249766335897079,-0.041544638808508595,-0.0028654931198270894,0.0006972125389010375,0.004858006632604439,0.004855121328930706,-0.12197510939644601,0.004803197923335991,0.0027134621427375993
2021-12-13,4138.943628401802,4143.792754466247,3694.3441,3793.5513,28397948935.236748,467182948163.7135,-0.0838085808832618,-0.0875299633049211,-0.106036486039682,-0.1120903167663843,0.0604760038510121,0.7616752320050244,0.0268107973799999,-0.0034399509257546,0.029268004000296,-0.0041720591403825585,-0.010901797774583305,-0.01079033556429218,-0.13652488197370508,-0.07799014809984565,0.003102963115435564,0.02197231339761082,-0.07918301307995218,-0.06187972629555183,-0.20531706552074971,0.003916091408866331,-0.2085376119240392
2021-12-14,3792.8126,3880.333305460678,3704.8133,3867.817310165112,35363992001.560974,451420262693.7315,0.0195769094160165,0.0193877465548858,0.2453009223381137,0.2193772054000465,0.0303836192742023,-0.6883430322747914,-0.0228785302686735,-0.0015835884823873,-0.0230830686343292,0.007946870870317799,0.017940415559068154,0.018559953216430433,-0.10734279052400518,-0.061689306708689585,0.11860319503771954,0.003098872807802841,0.020388933592035377,0.018502382388026706,-0.180030433341005,0.015084613184912653,0.08119602604054577
2021-12-15,3867.637876790931,4079.183914444722,3681.0649,4012.8137,30124147328.0,459419803027.2565,0.0374879106760859,0.0368023206944279,-0.1481689248580784,-0.1603670404234092,0.0689100586576873,0.8188985330689391,0.0387620141880115,0.0209713052429328,0.0335247666950748,-0.04475525299806828,0.04301680174778896,0.018670656528580215,-0.10045798964943224,-0.047405789459697145,0.0446247476769428,0.007515683238823262,0.02812854243887168,0.027925789135647555,-0.1312981146636382,0.006668756240455604,0.11254285476913584
2021-12-16,4019.2212,4104.889911214258,3968.8079,3973.235,38004166243.55556,479369223916.66815,-0.0098630793649852,-0.0099120417448404,0.2615847954053518,0.232368704759375,0.0227405796931483,-1.108651176370103,-0.0452057608001355,-0.0033356721763142,-0.0615661586502467,0.007355293629374184,-0.033443153370670525,-0.0299482657226445,-0.044362119242581655,-0.026997275701488455,-0.2714300229638935,0.06373642667864461,-0.03504936646804213,0.01615086293728024,-0.06266420467944468,-0.00019126497896983745,0.07980391689250155
2021-12-17,3965.1851,3992.7539,3723.238267408882,3889.8186984670992,34426731072.0,462347587408.37726,-0.020994555200712,-0.0212180748743568,-0.0941327103094175,-0.0988624630385264,0.0479569534278153,0.74615282473144,0.0277026963094077,-0.0127682645672083,0.0487427802435119,0.03218966490378068,-0.03590190297014721,-0.01097511286298071,-0.007304856192242487,-0.052934970255348615,-0.04807635599424609,-0.0025092102733692834,-0.00949500998417313,-0.007637380884909034,-0.09840213450485284,-0.0003446987490791588,-0.03420586959191696
2021-12-18,3880.897521222242,3987.5375,3784.485102942421,3961.200250995882,38068638994.02817,465802251071.4703,0.0183508687839135,0.0181845235622612,0.1057872126868939,0.1005574909978015,0.0346948261626015,-0.3237132310580977,-0.0177525418858961,-4.958521073676614e-05,-0.018610760643047,-0.03428134112427078,0.029675455225927183,0.004413218387762402,-0.03240253105434817,-0.039518628054357206,-0.023124530548805033,0.03316149020781087,-0.014368180709888642,0.021166249127948955,-0.008595074548132367,0.008048368038234326,0.053533062666230036
2021-12-19,3963.925808162224,4018.2439,3899.8359342966382,3924.8675,23808039570.797203,468957394085.8634,-0.0091721570972707,-0.0092144803258305,-0.3746022920721706,-0.4693674989350045,0.0202346266497584,-0.539195246452242,-0.0158393344495046,0.0044858668688293,-0.0236709599976346,-0.02596148148289247,-0.0007531701788619644,-0.006739541671996377,-0.053499969438374144,-0.03428084294227369,-0.12369681646567887,-0.03790935877785559,0.02195973062290664,-0.020437412038900066,-0.0899216764532253,-0.008893328915740574,-0.045943130650399455
2021-12-20,3927.1166289944567,3971.772178490128,3774.4116705855454,3936.136323767621,26250691868.444443,458973596640.2926,0.0028711348262384,0.0028670209910125,0.1025977922450775,0.0976690248542617,0.0360115062720151,0.5764431786145798,0.0214239753467259,-0.007793800190917,0.0305795605721137,0.04964164358003568,-0.0419479273517038,-0.01411674085569889,0.03689701485755952,-0.009454353312904042,-0.045439256798775585,-0.020578615952391438,0.010888683442122488,-0.008153254802157395,-0.11642153464350827,0.002549248029657075,-0.029610161976750815
2021-12-21,3939.558288844281,4057.832067866085,3922.349319818159,4027.1658,28618196096.0,475804903326.7503,0.0231266065869504,0.0228632394163853,0.0901882601578778,0.0863503970685782,0.0197409848388433,-0.6011415827762736,-0.0235874752659041,0.004884967535924,-0.0300470354783157,-0.02387842816803154,0.02189323191884926,0.0017471864064080994,0.04037250771905908,-0.03029687690175665,-0.00929899607257978,0.013954518508603936,0.004981894175322271,0.013477456188909082,-0.061972927538121954,0.0067226785552025065,0.056124168131719054
2021-12-22,4023.0643,4071.3591460747584,3953.199199712144,3988.063927072029,20454123953.77778,477606869300.333,-0.0097095264684585,-0.0097569712814781,-0.2852755678532556,-0.3358582201624648,0.0201049021103624,0.0182667481375791,0.0015773772380517,0.0007257956780715,0.0016578219403437,-0.00905835499211189,0.005843915111587217,0.0018777474138333694,-0.006186784256846949,-0.045096566392572056,-0.056692022962671285,0.029321751330407736,-0.023816997300658213,0.008689239859309805,-0.02892536623155778,-0.004585397659495229,0.016117873726003484
2021-12-23,3984.6046,4149.494505795375,3908.535862200113,4110.144167730176,22592386496.0,474713740885.261,0.0306114051556281,0.030152223370866,0.1045394340551697,0.0994284463236915,0.0376527242167023,0.6274416365642863,0.0168090586986687,0.0039504564994374,0.0187333606478709,-0.0038704257882982776,0.006395818067610581,0.005008636504485825,0.03387748085885946,-0.07636147591295828,0.0632056001474619,-0.04696098985537661,0.04255737832134966,-0.006929985456189003,-0.05789516525911658,-0.00909361591170202,-0.012748643139180782
2021-12-24,4112.805044642448,4134.710727099428,4042.036939082792,4048.6063,21211889521.77778,486787818660.1765,-0.0149721920251183,-0.0150854067619676,-0.0611045218470673,-0.0630511178407115,0.0127011634744881,-1.086711706548794,-0.0249902160573799,-0.0090829766945986,-0.0258269981946879,0.01977862183523975,-0.03472342929646459,-0.02160670403753047,0.04001014897124866,-0.07046645464530654,-0.1739602799821327,0.01594391209127416,-0.015712227925900518,-0.0008899512494779105,-0.052583090329053776,-0.009372112540240096,0.00048488388398104654
2021-12-25,4049.1365,4134.1729,4039.6481,4109.646471445121,15636280544.0,484025892661.45337,0.0150768355631718,0.0149643096908838,-0.2628530085475612,-0.3049679610180599,0.0135090977299638,0.0616697629621691,0.0009739851263057,0.0005475026838022,0.0010394991034711,-0.019573758749877903,0.020394304443900876,0.007912913175450481,0.03678993509987134,-0.1323126682926102,0.024154732153932823,-0.045012395431690624,0.031464489307541726,-0.0022023616436405713,-0.09634850438023788,-0.017188453763189504,-0.03547595921838309
2021-12-26,4099.685281661994,4105.3506,4020.0622,4076.411441991241,14905552739.555555,482835685601.648,-0.0080870774858142,-0.0081199552737327,-0.0467328404851907,-0.0478600793419028,0.0144169568922893,0.0650417113692105,0.0040106911814196,-0.0079951075633042,0.0101742973226086,0.01027370881784202,-0.009313387285314896,-0.004403804361167718,0.03788446015196896,-0.05777927803197566,-0.004322730727297497,0.07253263786002782,-0.053476605900768706,0.009722502223326712,0.006961538403654479,-0.030734111466420192,0.051372626319518444
2021-12-27,4071.6423791295615,4128.6383,4042.1039,4044.835105740426,14068084000.0,485130867631.5859,-0.0077461111814048,-0.0077762681343065,-0.0561850173682674,-0.0578251250206289,0.0144044937517014,-0.0008648517743736,0.0002131687832881,0.0137584889104676,-0.0143051601902418,0.0051329908639325544,-0.03879031082283933,-0.023528686472203693,0.027241171026650086,-0.08490117149351112,-0.4772794958204929,-0.0031994946650697187,0.0029934288692524125,-0.0009399745830421524,-0.009236025270744026,-0.028518878083713266,-0.0005766041633210595
2021-12-28,4044.256507503601,4044.256507503601,3788.353454021501,3814.2797,19605723971.55556,464303561207.7908,-0.0569999517194711,-0.0586889451498167,0.3936314263943519,0.331912877374437,0.0285009213967689,0.6823961924733664,0.0040854504782687,-0.0168840095840848,0.0188967986137368,0.014635197642877636,0.003786290577269577,0.01495613580120811,-0.05431101353955206,-0.06779895744933445,0.3477025183128455,-0.005542282279027977,-0.023910372789273687,-0.01753416298453711,-0.12007924990504058,-0.014846086025623177,-0.08147464987808317
2021-12-29,3808.7489,3836.195188878529,3634.019302788115,3639.101875632903,20503962392.88889,450262973409.69366,-0.0459268428498038,-0.047014925830156,0.0458151110684059,0.0447965919583866,0.0257622400791817,-0.1010265594122494,-3.481630683264264e-05,0.0194606632123697,-0.0130129463655042,0.021898464675957408,-0.008902670201214316,0.018906710791778518,-0.09156896808822984,0.00038785091772566144,0.30582914108602166,-0.015126998754531301,-0.07048566628817964,-0.037334661314898265,-0.20167584668684368,-0.0204467385291573,-0.18243372373251088
2021-12-30,3640.3732609483295,3774.378773601587,3620.6228049524334,3724.1063,23603716035.55556,441901636086.4255,0.0233586272855614,0.0230899898426917,0.1511782738999618,0.1407860038451433,0.0257892588682741,0.0010482252550541,0.0041796833110163,0.0025558364348934,0.0042802429965365,-0.049380788050444616,0.04858704365988271,-0.009427661686077754,-0.09863120161640412,0.007838008895623595,-0.057750372598000865,-0.053877571807917635,0.0666952715845988,-0.020277504859414444,-0.2202420730321277,-0.020182403726505503,-0.04873204071910098
2021-12-31,3721.8755,3821.7261,3644.5903673246166,3691.611156368285,16844827160.88889,446016606895.1422,-0.008725621938266,-0.0087639130827934,-0.2863485081961412,-0.3373605425226987,0.0331721130530286,0.251751472363138,0.0091796546123593,0.0082664032352463,0.0040191586726067,0.024938901697381305,-0.013328552416124378,0.0028680871134517394,-0.09230970793723002,-0.03429472181998833,0.04660696166598077,-0.032376501616998024,-0.015616366335449258,-0.03309263215467399,-0.2171551806088023,-0.03677284572161857,-0.21641151149829518
2022-01-01,3685.986363216292,3785.0750671340993,3685.986363216292,3773.5834,15838957063.11111,445142658771.2209,0.0222050048500659,0.0219620634954717,-0.0597138865344522,-0.0615710740038944,0.0117797509538044,-1.0353275181119326,-0.0254578319115481,-0.021301731695055,-0.0164009367860988,-0.02335392431635538,0.025103239256130096,0.008722587515630306,-0.08531195413264211,0.0016179244542651823,0.041060501701785324,0.022859229206949924,0.028041298504141193,0.0361582552658931,-0.18055896754159545,-0.024542263696432535,0.18663464593370094
2022-01-02,3777.2303,3850.0803,3738.1076,3839.8139,12081725038.22222,449902546900.96594,0.0175510895028847,0.0173988478877382,-0.2372146101487625,-0.2707785587544057,0.0181999549077855,0.4350370799282661,0.0091984355396354,-0.001839255838243,0.0167179886917163,0.006595639998468839,0.011362277544567367,0.012939143119772692,-0.05979315097117098,-0.02278133810163101,0.10036641448961703,0.018528851590896303,-0.0003249073217695131,0.011881908947601869,-0.10118112589163468,-0.024942607364701424,0.012582890119654078
2022-01-03,3838.5395,3847.9775,3701.319266438544,3770.2317,16383773891.555555,452052040715.2713,-0.018121242802939,-0.0182874434262324,0.3560790234609052,0.3045974647087451,0.0251086686625338,0.3217940350686694,0.0086839227884166,-6.205232741815676e-05,0.0091958060443531,-0.03175163717119884,-0.016134230223317753,-0.02199564872723747,-0.07030432626309692,0.018720023448583548,-0.27346836183122925,0.026142159918041682,-0.02326827854129858,0.005909734502342112,-0.08325614964565074,-0.055545003611789885,0.015043503585088214
2022-01-04,3771.4726,3888.932141387376,3731.840156498289,3797.755381997401,21877374442.666668,452461871672.89465,0.0073002627391312,0.0072737448014998,0.3353073954434025,0.2891615241058364,0.0288349814562187,0.1383761324132715,0.0033452326814781,0.0198942985870287,-0.0123136506568645,0.02223219514264207,-0.017747074324539557,-0.012956115926857373,-0.004341636311780428,0.018029673473908346,-0.25150162100790974,-0.017151420494518954,0.011918286429322023,-0.007039828547389215,-0.0989200222412796,-0.026973170033033095,-0.023531547305135403
2022-01-05,3796.654582017801,3849.9841,3454.7647,3563.1909,22750588508.444443,448668527035.3266,-0.0617639785619982,-0.0637537396252849,0.0399140247869405,0.0391380412619589,0.0656518968393785,0.8227772095761487,0.0330044712280379,0.0058862321533266,0.0404008503731471,0.0537795808222179,-0.008974203285605761,0.03201477057326049,-0.021080450106909288,0.017516955739172724,0.4921747522108748,-0.024459214680829178,0.0004708342996036785,-0.017386854171203475,-0.19917101717637753,-0.03518945857562425,-0.020081706123792342
2022-01-06,3554.2026,3554.4911,3323.8636,3419.993783293521,33165849173.33333,409263796091.321,-0.0401878879704364,-0.0410177303111265,0.4578018129519157,0.3769296935870404,0.0409608193833311,-0.4717505085365454,-0.0194703120856885,-0.031090954470128,-0.0102938754453638,-0.0008994919121798617,0.01657137413552924,0.008167813386197459,-0.08518817026072775,0.0713032156864172,0.16824408259637114,0.022846182002566953,0.0013488775359224159,0.017331785768048946,-0.23039440259269017,-0.02433968616798146,0.13996169875174824
2022-01-07,3418.008117890768,3419.455029922317,3117.95117495753,3197.2259,31764463352.88889,385410870936.8552,-0.0651369263832378,-0.0673552057472805,-0.0422538802827099,-0.0431725468663438,0.0503755389952372,0.206889734859899,0.0045825989801181,0.0035634878434574,0.0043232443303162,0.02734220273430832,0.00803768738873497,0.027077488059804797,-0.14377946292521476,0.10199638801032884,0.27565152192454123,-0.04935386522803406,0.008111445973052828,-0.02493772186106441,-0.32766712815982557,-0.014024820693405117,0.00204985468592378
2022-01-08,3201.9761,3246.629484450562,3023.8653,3099.6255005366006,29076178126.22222,378092197372.5927,-0.0305265885226937,-0.0310022296602302,-0.0846318477602164,-0.0884289424539198,0.0460281849919478,-0.0902517937961207,-0.0029608587879735,0.0199992426416783,-0.0103974828968312,-0.02114446403757518,0.009370858740081464,-0.011166267001379307,-0.1967437560809168,0.08253130070798231,-0.0013000121344273197,0.031173769156325387,-0.006378288961254391,0.013032296608871438,-0.29266144566836494,-0.020259745136551627,0.004430383733238452
2022-01-09,3096.0077304568285,3215.3340310306576,3081.716363446548,3164.409305068424,25730508117.33333,374386539808.865,0.020900526376689,0.0206851067933355,-0.1150656731557032,-0.1222418436832767,0.0267636757995389,-0.5422083385273262,-0.0184152599746325,-0.0007607375347007,-0.0265642327440942,-0.029454649008853008,0.02991044695449427,0.0062313719711954985,-0.19345749717531946,0.07851571424601686,0.02048289443469109,0.05327332375193859,0.020288158832461226,0.05297465036365985,-0.21370100095033326,-0.02858273594008954,0.19125635363910232
2022-01-10,3159.754600522976,3188.1384,2956.975722615866,3085.3671,23895435747.55556,370221733938.7537,-0.0249785022885069,-0.0252957592924994,-0.0713189324287604,-0.0739899063547353,0.0511228733069482,0.6471864280461723,0.0288374807129158,-0.0074534678145982,0.0420270350586897,0.03239891173432561,-0.002413330156249699,0.015755693032268037,-0.20046581304158637,0.040718231604967764,0.12077354838957466,-0.05360115849317933,0.009132755043470622,-0.030197884448264822,-0.2822789586671995,-0.031648854240408246,-0.0890068923487759
2022-01-11,3087.9618,3258.216493812775,3063.2179133422387,3238.0088,25028994711.63763,375498413358.3949,0.0494727839679109,0.0482879275629876,0.047438304789986,0.0463474735044331,0.0321661941817582,-0.4633159846706989,-0.0278521753827312,0.0011547917086266,-0.0319662191546619,-0.03511501552531,0.04895306340073263,0.02639599671182441,-0.1594516302800985,0.016602168253617173,0.06568337121559309,-0.05613444787161951,0.05750081978082257,0.033886974657999114,-0.24587398916240727,-0.009185871958536049,0.07958140959334781
2022-01-12,3239.9182,3409.9251,3215.343755391536,3374.3038,22110662012.444443,393437328160.1887,0.0420922265560241,0.0412304485853181,-0.1165980788607646,-0.1239750051115987,0.032986358694736,0.0251780721986207,0.0021395790527211,0.0049018049783666,-0.0019617200733242,-0.04708437225262884,0.005199590814791294,-0.002598790163364062,-0.05446744206949534,-0.003348789648747705,-0.22719160958646167,0.11120409400480427,0.0065582577172554335,0.050302752014771274,-0.11711357727216777,-0.008649038626905229,0.2118098924766223
2022-01-13,3373.8813,3409.0415714044507,3248.2023992831546,3256.1415,22032964476.444443,396581487216.72736,-0.0350182754735954,-0.0356461161370899,-0.0035140302880244,-0.0035202189949128,0.0260857661130629,-0.234704297204344,-0.0062328650813634,-0.001363062129314,-0.0095411210378218,0.0024961662575507795,-0.03767435800500836,-0.0376002997239248,-0.04909582789545865,-0.06012904470574208,-0.24955186963874,-0.005741615035762704,-0.02043275288562002,-0.01963842171929875,-0.17214743996414358,-0.018589947037881693,-0.06290030779946965
2022-01-14,3245.7687,3334.329197144645,3202.7613,3314.714161542115,19039040515.55556,390370373247.9108,0.0179883649227512,0.0178284887140481,-0.135883846410668,-0.1460480821892387,0.0252921551166614,-0.0308955327030293,0.0010005737675079,-0.0092088293669316,0.0117812595983574,0.03766136103891318,-0.022823666034832685,-0.013984769744140813,0.03608786656587012,-0.07347301741038877,0.0023277256843297067,-0.04594589944105254,0.026364934725770423,-0.0017259203941946133,-0.19112127194452325,-0.01572561787877996,-0.03265180535023138
2022-01-15,3312.161662827348,3367.666119645886,3280.944129660557,3331.8342671135447,15214683509.333334,396645693303.3561,0.0051648814157372,0.0051515891646732,-0.2008692088814871,-0.2242306530971491,0.0180766121677445,-0.3358753159066348,-0.006855074943895,0.0007304502112737,-0.0093348876268862,0.005089050150031249,-0.021291769468380364,-0.016400617770703008,0.0722416853907736,-0.08669779211321886,-0.09137939712047549,0.015209936343559508,-9.195855228008587e-05,0.006637958243874809,-0.1760576410350096,-0.03312801014250117,0.02983853232464173
2022-01-16,3331.3751929371515,3378.9543,3292.9095,3354.693114781434,12274577792.0,397500373926.8478,0.00686073971131,0.0068373119301823,-0.1932413326593187,-0.2147307045804375,0.0177169651345422,-0.0200962945969855,-0.0001523279181908,-0.0032242730092745,0.0026199929597806,-0.01202708804675695,0.01743415632626323,0.010181223039060258,0.05839389052762003,-0.09202451512375606,0.04141290769443584,0.019429806972803082,-0.0018944692403225771,0.008215139994733334,-0.14800225423047064,-0.033288856453643774,0.03688028887132577
2022-01-17,3351.399313915948,3356.418118243735,3156.9267541394106,3214.910372467172,14173655228.444445,388767509715.992,-0.0416678180481999,-0.0425608158611176,0.1547163143714951,0.1438546985426134,0.0347781636603817,0.6744670461017317,0.016113348377332,-0.0020803056167978,0.0182919358925009,0.041150341280674074,-0.07176858537565622,-0.01912497663381106,0.041128833959001763,-0.072185904613599,-0.26905625710689707,-0.01123328036388338,-0.028678001941541797,-0.030095763403360287,-0.20874759365384946,-0.037195479774548235,-0.09783054397393309
2022-01-18,3219.258878444262,3242.991,3100.9488867968453,3168.5187,16272064177.77778,377737630532.74,-0.0144301604375894,-0.0145352877644382,0.1480499501019425,0.1380648074925803,0.0300911709637628,-0.1447579035442472,-0.0026788156094264,0.005034201667205,-0.0045750148713128,-0.015145227160120116,0.011021632106161437,-0.01036984408459933,-0.0216943813684241,-0.06980683366453402,-0.0852157504826292,0.013835668890251673,-0.01653693026840164,-0.004584360585243863,-0.21406840109245712,-0.012023560546508272,-0.010652933329377667
2022-01-19,3171.3412,3179.1756185618533,3059.9144,3100.98763982978,17881558800.947735,372575667613.0153,-0.0213131329066228,-0.0215435373658706,0.0989115213402358,0.0943201638458791,0.0231633791068617,-0.2616592604877947,-0.008066640105262,-0.0052243919617386,-0.0065715124707748,-0.02994420863310214,0.0053476173840965036,-0.020763641202686124,-0.08446836731961287,-0.03554149869585692,-0.16762328482483912,0.001083595331812806,-0.02321556558363512,-0.016036882531086705,-0.23847895944934025,-0.0135244960753044,-0.057935500734839884
2022-01-20,3099.2925298469,3269.945701637155,3013.742768394251,3013.742768394251,16122431587.555555,376541975390.839,-0.0281345434322073,-0.0285379032714528,-0.0983766143083088,-0.1035583786030572,0.0550077510656092,0.8649015589923459,0.0429278245457761,0.0582919580629575,-0.0218383959709258,0.03648673731206633,-0.03608871271040249,0.020027723264268237,-0.0773601544539758,-0.051888781568477316,0.17881521506163134,-0.02349469759887618,-0.04028944627439417,-0.04410354591745144,-0.28988010213717846,-0.02053979446883311,-0.1687498842267119
2022-01-21,3010.655836976852,3032.107988606642,2529.4797238743017,2552.5915,26722596512.0,336919136786.5326,-0.1530161343663568,-0.166073633350188,0.6574792931747597,0.5052979501942699,0.0768224288313139,0.3340225358234301,-0.0131566554226712,-0.0311691567167967,0.0397985653430007,0.007007066005361037,0.04951794162785754,0.02190767609075185,-0.26126227651821204,0.06694338356554341,0.634381823952133,0.04088577407389865,-0.012224674681277636,0.028885855761799112,-0.4461967642058883,0.01035647505653858,0.3003640513157193
2022-01-22,2573.6066,2622.087238044495,2332.1483,2406.109564771601,37481679800.39161,294846864361.7441,-0.0573855766692003,-0.0590979629643392,0.4026211780565618,0.3383427561486768,0.0715274825956686,-0.0714148917766657,0.0154374728446126,0.005091440259304,0.0156619796179688,-0.0054370000547995095,0.055996834016112856,0.036558182764120234,-0.32551182864722444,0.17197765131421297,0.28617586518488736,-0.08673398728493664,0.06879761891639963,-0.010898865997263335,-0.5354469505410937,0.02417779335918329,0.07137407816652908
2022-01-23,2411.9547625485934,2547.2713430322106,2384.2653,2536.3249,27362524849.77778,293446356443.9493,0.0541186224995366,0.0527049888524238,-0.269976025741197,-0.3146779039285539,0.0347875254198256,-0.7208228902464016,-0.0376062708566895,-0.0247204171970854,-0.0287423203808458,-0.04891698590429193,0.06892911808591969,0.049353513505913854,-0.27964415172498275,0.10170871813630611,0.1324022945117984,0.047140181211709486,0.08209433927867921,0.09412173220652661,-0.46765655492670216,0.009819490887081117,0.20240967625216055
2022-01-24,2542.4014,2542.4014,2175.5201334970425,2448.138,24891950019.55556,282734341622.7109,-0.0347695596885083,-0.0353884079006645,-0.0902904554234614,-0.0946299122046122,0.1076654354735937,1.1297697416904111,0.1048366428529769,-0.0153321753176521,0.1089232738103354,0.0467690738464967,0.04065082234732467,0.049719457560731345,-0.27247174376452965,0.06644271957585927,0.1994439473789631,-0.04012275694698709,0.05832815617221726,0.04254497362481724,-0.5180092725182506,0.014597304903946574,0.1282607896554513
2022-01-25,2444.3887,2500.2778,2360.4715541384435,2464.1057985482616,29708526609.83972,289439961460.83923,0.0065224258388463,0.0065012468617576,0.1934993677273244,0.1768896370331591,0.0403796728876659,-0.9807020872577796,-0.0928576224478032,0.0181506317411312,-0.0968985686086988,0.025833284196948303,0.0015743295780313582,0.010454513709589275,-0.2514352091383338,0.07750332770783563,0.03885793523685899,0.024057678828145364,0.005904076529983149,0.011817843343985612,-0.50338807038276,0.02291200669785889,0.024985847850946152
2022-01-26,2459.6840450826294,2706.0679,2417.30496691216,2468.201021927636,21633409863.11111,300580462488.2585,0.0016619511149995,0.0016605716024886,-0.2718114180746366,-0.3171952232245371,0.0797633717023098,0.6807378858566624,0.0528480418895061,0.0755688256040393,-0.0197132943889277,0.02970964603137624,-0.00531470927937383,0.008617297925549189,-0.2282311001699745,0.020609951688452394,0.03764204899098966,-0.0847033923467023,0.0003379586071918794,-0.012218660692183858,-0.4939512306459648,0.011509971778073764,-0.04755778819288814
2022-01-27,2466.030388291811,2513.429473709501,2326.7222,2428.660073346452,27014150272.0,289773379819.0132,-0.0160201491814887,-0.0161498589499924,0.248723638249189,0.2221219402466363,0.05374842137195,-0.3947501011059819,-0.0395376128173776,-0.0681620987745554,0.0309042456698755,-0.08309262885008128,-0.022247797103602335,-0.05120499396274214,-0.21584305584851404,0.05753171827408903,-0.26234380648939437,0.09903770781544288,-0.031470273988680686,-0.012446414149984264,-0.4514121444461406,0.011144316001536276,-0.039965087264269616
2022-01-28,2424.0306302128383,2551.123,2372.182345127957,2549.8198,24445587932.444443,291652895022.7258,0.0498874782779303,0.0486829948821808,-0.0950821074767566,-0.0999110658917619,0.0406895450643328,-0.2783431153287683,-0.0162516185668886,-0.0204474391947242,-0.0104202329476929,0.014939745157307817,-0.025774814762725057,-0.021000643159223842,-0.0010864276161450515,-0.011756907852429279,-0.2248688977480855,0.0679347767003747,0.037602611267476105,0.06376789345795664,-0.35571422373380346,0.0058790595535911025,0.13998126050928317
2022-01-29,2548.5067,2629.5541,2527.8444561058823,2598.4454,25683150954.666668,306200052521.05145,0.0190702103732975,0.0188906531165617,0.0506252099823592,0.0493854250449554,0.0251510290079844,-0.4810723708843611,-0.0154126937037996,0.0141923968715098,-0.0245388314896963,0.013699329898848193,-0.027952081257273276,-0.020579010077647036,0.07690218846475608,-0.06323698623626525,-0.0464454693844325,-0.0339153728211814,0.022965852497129347,0.0052189899327124145,-0.35991356045993356,0.0030876721512339885,-0.003765793283880825
2022-01-30,2602.6171796526964,2634.673456628319,2551.231645923043,2608.2808,19499216650.666668,310265547913.42505,0.00378510935808,0.0037779638569798,-0.2407778669726025,-0.2754608790194265,0.0227166826182277,-0.1017992388685926,-0.0006760028596837,-0.0082005708167157,0.0060252615607508,-0.02041494609090254,0.03276694983292219,0.02319324760936059,0.027975163469311806,-0.0444811343065528,0.04180846257399984,0.013260151228522199,0.0004379327435610203,0.005859357277874067,-0.3473716835201603,0.00392759812465255,0.015202649097303622
2022-01-31,2605.5429,2699.2795,2492.282285970716,2689.512101406059,18380646346.666668,308666161908.58514,0.0311436182047804,0.0306684952411351,-0.057364884140705,-0.0590760109329865,0.0528607751049075,0.8445620007523593,0.0355155874314677,0.0002174555661105,0.0371785990419084,-0.02293613889334909,-0.08359752024302457,-0.08667852583264489,0.09403206661111166,-0.03839223185538143,-0.5477142402690633,-0.0426474906734169,0.03278785739717016,0.015288227492210649,-0.33866525177449697,0.0037464374171204532,0.006673224489750718
2022-02-01,2689.116436168133,2805.341025069112,2683.2284,2799.5787,19492302478.22222,328910614125.4641,0.0409243738060887,0.0401091393532193,0.0604797084166277,0.058721360861823,0.0190867900368648,-1.0186650977570997,-0.0458514108474116,-0.0019917441916777,-0.0485326552020754,-0.008539543412229279,0.016847992960659516,0.014558892199219811,0.1276399591025732,-0.06337504793874735,0.16802853920115757,-0.03819709566922391,0.03634941954170279,0.026607407014755113,-0.3159549603090158,0.010843712381467958,0.023895273490103897
2022-02-02,2793.2257,2807.0536494175185,2632.1813105685324,2678.3973,17227720252.444443,327141368348.8662,-0.0432855843631043,-0.0442503483265628,-0.1161782825968293,-0.1234999138297985,0.0372554290406056,0.6688012055963486,0.0221530762413555,0.0058939135690683,0.0225039887338633,0.06151175176038946,-0.010926213095212842,0.016701591851216405,0.08172903917352171,-0.028620433313497742,0.15311317958964832,0.041471176148447336,-0.0401740858183231,-0.029292710663248456,-0.34191786520934603,0.0012275004348841054,-0.026677989047790618
2022-02-03,2681.9238,2714.3062,2588.173383003928,2672.9835,20149039189.33333,316045646316.3745,-0.0020212833995912,-0.0020233289497712,0.1695708366563695,0.1566368752431798,0.0335829103431051,-0.1037803634253369,0.0009169870297567,-0.0016521363846112,0.0017213163247255,0.006778431037251731,-0.03966471893407682,-0.020625639305175372,0.09585556917374306,-0.046297128452771334,-0.1787083450155733,-0.03560298694508622,0.00037993147085851886,-0.008690252567803813,-0.3512149389606171,-0.002515442440803787,-0.03401705472158101
2022-02-04,2690.9014,2987.9202559383475,2677.474286174202,2987.9202559383475,21792889333.33333,338456825805.1123,0.1178221848127187,0.111382314509904,0.0815845424962116,0.0784271348732752,0.0422225507780169,0.2289371401017135,-0.0130623509161415,-0.0135692339895747,-0.010445448261052,-0.08473311462452926,0.012804594058374488,-0.0351868629433091,0.15855488880146593,-0.01847962241534286,-0.22531994853980652,-0.06758672291919725,0.05602745009403015,0.04861205241228439,-0.17607888482542822,-0.0013965776017270412,-0.028810434129560525
2022-02-05,2991.6681050501697,3058.2666,2967.5512,3018.1714,24305494229.33333,360046729863.41,0.0101244817365959,0.0100735725027584,0.1152947118469895,0.1091186855447172,0.0205740313151832,-0.7189247921552773,-0.0027506246330189,0.0170459197345863,-0.011725333697654,0.04614220740617841,0.027457702896717978,0.038480223675506256,0.14973780818766239,-0.009733680974840179,0.31226754203829765,0.003514412770950622,-0.01007001084374265,-0.010019185770440031,-0.1249875820115433,-0.013014074333949587,-0.06153494518156011
2022-02-06,3020.0692,3059.32454864352,2971.9124,3051.908917354185,14038595022.22222,359407051031.431,0.0111781316840338,0.0111161180730025,-0.422410633177761,-0.5488921008142488,0.0194339622579535,-0.0570074974306078,0.0007325889257406,-0.0114475441662357,0.0089623186128608,-0.026402801734904956,0.003813511878110881,-0.005177447963877119,0.15707596240368543,-0.039541353954930705,-0.046696464424521356,0.0762749664483742,-0.022884315991517357,-0.013430255015293935,-0.04651625819126006,-0.02655537154067583,0.019508871587389898
2022-02-07,3055.8824168462534,3186.4624,2994.4055010798493,3148.5198301236724,17695866744.88889,369924442545.22095,0.0316558964850244,0.0311651778194731,0.2605155086301327,0.2315207711243998,0.0398467201030188,0.718017928423929,0.0175942187270856,0.0167898342786438,0.0112734617837331,0.025347192645499683,-0.00828945956737362,0.0007136415888507885,0.1575726449820236,-0.0050707885044992485,0.0283178326147544,0.004221884557899305,-0.0005472690464412566,0.0004410399135482135,0.015651149288443463,-0.017428388186188463,0.003884861026185016
2022-02-08,3140.523216555693,3224.5617983763746,3033.627624767584,3122.9978020113185,22725888988.444443,371952319266.3997,-0.0081060401361204,-0.0081390727094824,0.2842484245654924,0.2501736636294224,0.0430199615308841,0.0766241338479045,0.0040166061824986,0.0066831199200024,-0.0002272797422269,0.022705207860104694,0.0330815972609155,0.039914174042762984,0.1093244329193218,0.023721896795768832,0.2384321596152743,-0.005927807731219564,0.006172226526847291,0.004667104128657729,-0.013173030214374656,-0.004652564793886546,0.0002793877095383923
2022-02-09,3118.414183292349,3264.4265,3061.0133,3239.4858,20890519217.77778,377153184923.3546,0.0373000576284936,0.0366212390118894,-0.0807611870145059,-0.0842093285941502,0.0388489396837246,-0.1019834457515105,-0.0055516863993834,-0.0103376250304728,0.0007381886017617,-0.02896610908555146,-0.030305090459891035,-0.04010287142623273,0.19019602025777393,0.026207984809492692,-0.19283870951926696,-0.010525066860248955,0.0060983124754557805,0.003840595159197935,0.04874396809001416,-0.0046747761267885175,-0.004146201207206213
2022-02-10,3246.8971,3275.1346,3068.224441215285,3076.2148341122183,20885131431.11111,381069125565.9786,-0.0504002721320098,-0.0517147222621303,-0.0002579058285006,-0.0002579390919281,0.0316701543611811,-0.2043060492837596,-0.0112032100556674,0.00455954151088,-0.0203142060552591,0.07213117200845412,-0.06301655813972326,0.016604866202242607,0.140504626945415,0.005184988898481659,0.008244867880463413,0.0012626835731078534,-0.0019751451470123027,-0.0016998069821712591,-0.05125868173510377,-0.0064827052249191,-0.0007598299370357164
2022-02-11,3074.640969375972,3130.099367923384,2888.4834,2933.0463,25198476152.88889,365320155841.7372,-0.0465404862250253,-0.0476583154881607,0.206527056629028,0.187746031549713,0.0486626553585902,0.4295371709153883,0.0197645145994914,0.0108006569534626,0.0187895991861301,-0.011022914435141723,-0.0031711150984811386,-0.011455942728754234,-0.018536003052649755,0.023644905594432223,-0.27369231378002956,-0.03308918007853994,-0.00937429000787715,-0.014251150336204665,-0.14014744580858268,0.004834596436001971,-0.03443370603411955
2022-02-12,2934.972,2980.7219424326304,2870.1907,2911.9484,20355416256.0,350353080331.5145,-0.0071931697771016,-0.0072191653582551,-0.1921965386916325,-0.2134364910039116,0.0262673107319273,-0.6165866773584661,-0.0198855405129011,-0.0150922565883642,-0.0129676678493646,-0.002313400182489253,0.003933527123291772,-0.0012710970723055354,-0.035828740913663254,-0.02747767780713547,0.02863208039746823,0.037854749258492616,-0.02054292357845533,-0.01404216599792013,-0.11172049502974794,-0.0026236402435704147,-0.004948170072077707
2022-02-13,2920.9481,2950.0177,2853.9692283100067,2890.3408,15399377852.444445,348594645958.8171,-0.0074203237941992,-0.007447991349923,-0.2434751685362712,-0.2790199221500227,0.0224712140317668,-0.1560901144023359,-0.0038683342056531,-0.0047754942750696,-0.0008153565411561,-0.004560084964929864,0.0023072506117838287,-0.0037155025242825573,-0.054392850336588985,0.009551417499641984,0.004815407600671229,-0.021498081793233724,0.00403576871530148,-0.0001287933154058285,-0.13699697509371914,-0.005716114146355519,-0.014377970669073203
2022-02-14,2877.0377,2958.758714162838,2848.0359491373133,2935.178633064014,15487090307.14386,346427321956.02686,0.0155129917773066,0.0153938954348581,0.0056958440490173,0.0056796840634356,0.0239313596149354,0.0629546028991057,0.000735670643724,0.0007442008452699,0.0003347324479411,-0.025241072544614634,0.02485822542544868,-0.010734070760243936,-0.07016413272120418,-0.015550008165746426,-0.017181345702869777,-0.01115859921742423,0.011671538144847116,0.009972363868152367,-0.12675466882353428,0.00042894971271811275,0.005405705083122214
2022-02-15,2938.56860754374,3185.112738060397,2915.7199127670942,3179.9854,19834285770.666668,367647600334.9032,0.0834043843799836,0.0801082911044195,0.2806980121706619,0.2474052513058421,0.0386866047615973,0.4803036932846543,0.0053981910173857,-0.0035775152779138,0.0085493695027335,-0.029797705458780868,0.04571392370262911,0.020112258522603108,0.01808323109269797,-0.020729660500540877,0.09217838079853902,-0.0356950818684109,0.047766915047266933,0.04508294716624173,-0.05348368964929677,0.011831196658728454,0.012000618003654928
2022-02-16,3181.9594,3187.5958,3055.8564,3129.9013,18818804646.801395,374253837596.3009,-0.0157497892914854,-0.015875135078034,-0.0511982702884662,-0.0525554276885526,0.0280286487102887,-0.32226625460761,0.0032217628964826,-0.0057072271874022,0.0050911307568569,-0.018203566480368093,0.011223275359965895,0.005990481495179029,-0.034413142997225706,-0.01512069857468656,-0.019761184248919594,0.018948454206194357,-0.027463400296179163,-0.026530901414393016,-0.026798008866213294,0.007200989041229152,-0.05433637392737811
2022-02-17,3126.4848,3155.2644,2862.955551854376,2884.361,20353951651.55556,362121637009.7012,-0.0784498539937984,-0.0816980855490542,0.0815751602488255,0.0784184602965676,0.0470720071177411,0.5184513403087134,0.0068207329010661,0.0229945496709075,-0.0055040953115238,0.04023659043622449,-0.08006812082952974,-0.04531699195766782,-0.06439650628414961,-0.003913998562524448,-0.3310131266045633,0.036029280499715016,-0.051516372327294724,-0.046332757985484085,-0.09396080665082931,0.006285288334132591,-0.019377694556954372
2022-02-18,2891.9721,2942.3693,2764.8907,2790.531296327876,21438118112.780487,342866915255.592,-0.03253049936264,-0.033071378464122,0.0532656498249108,0.0518954803708362,0.0379839629460717,-0.2145144527160134,-0.0019791849095737,0.0015747943985731,-0.0052437537414823,0.044752585639893025,-0.007674828766609881,0.03975158156836034,-0.049809569260110875,-0.02815515919274163,0.3252492247301735,0.03003655218521134,-0.029196693683940178,-0.020883306453360284,-0.10548864774908073,0.005444366452651252,-0.004878856064442383
2022-02-19,2788.0207213680565,2833.302294590167,2711.4276662387824,2769.437357004013,18514676433.77778,332572025025.074,-0.0075591122563725,-0.0075878271429823,-0.136366525439557,-0.1466068194432736,0.0308106794507841,-0.2093026776168973,-0.0055361120851405,-0.0110896113634283,0.0039166092110583,0.006028726811417279,0.016220030764869213,0.010325686884308655,-0.05017823104483803,-0.014076753289924162,0.13602390003245324,0.02483169152103197,-0.016796040827112224,-0.007154343579438116,-0.08453857162061018,0.003645435275034351,0.009725255335447436
2022-02-20,2768.92731536824,2772.2785,2591.45932662952,2637.055031045848,14951276362.666666,318859485558.19794,-0.0478011627969721,-0.048981403391307,-0.1924635347453397,-0.2137670666948211,0.0368077453434756,0.1778469290232447,0.0039328193948912,-0.0113880862466554,0.009706285002202,0.02857532248810349,0.0030060626207239205,0.02807450481916758,-0.09171164308622222,-0.0034569830573593454,0.21684639941114225,0.10971427216585616,-0.10023130996341373,-0.013407633817818232,0.03255365833827073,-0.018067370587147195,0.014992715436747295
2022-02-21,2634.330810098991,2755.1098,2573.7750744871046,2573.7750744871046,18522682040.88889,321624812686.75665,-0.0239964489985052,-0.0242890542544596,0.2388696183250296,0.2141993657337098,0.0459213691536612,0.2212222733118629,0.0203771420755254,0.0474681762092089,-0.0339898809900501,-0.007506038964576162,-0.04270066261476169,-0.013898910753012833,-0.13139459277553978,0.023188363317232834,-0.06993460192305356,0.04296970355270652,-0.048111340098538596,0.010970960888333547,0.06736256704815043,-0.029803691465531267,-0.00845811178730771
2022-02-22,2579.544872239021,2654.1101,2512.577566615353,2644.6942,25153610176.0,309418376752.9529,0.0275545156279937,0.0271817225530591,0.3579896324124827,0.306005394654109,0.0355135328709439,-0.2570167361584481,-0.0171764210763551,-0.0451818528408034,0.0367147660327806,-0.11372727529100728,0.11001709950724435,-0.020396553123096378,-0.18432116132690038,0.03938023300473378,-0.031719035818220664,-0.038826645113744174,0.042758570018280456,-0.010945714136576967,0.04183930074878554,-0.003530920918039649,0.006224497382631755
2022-02-23,2640.4628,2754.0263,2592.3175800479576,2600.9274870528466,20045765536.0,320074749865.05334,-0.0165488747043621,-0.0166873370542011,-0.2030660650403808,-0.2269834957736894,0.0417482141134089,0.1617428431827994,0.0116252495468148,0.0390129144990321,-0.0289034091959581,0.023897229459960607,-0.023099928216711793,-0.014943119289766466,-0.18513336330306746,0.008867522439030624,-0.08050710606109313,0.026986902218764652,-0.10031641441598872,-0.0207710065166406,0.060540371595249005,-0.007790521683543362,-0.18871757866437866
2022-02-24,2591.126219032511,2694.7542,2313.8222599903347,2598.893303367795,28182890062.22222,295324428973.9513,-0.0007820993453979,-0.0007824053446492,0.4059273521686581,0.3406971221877204,0.1077513855069138,0.948169912778806,0.0710185043930593,-0.0113883602410531,0.1068672219417248,0.0042337000146558945,0.07405992769698194,0.07094002265171323,-0.10421768309866257,0.054801933979870446,0.32180151501378984,-0.0023476113916093833,0.010140393286331248,0.0007259827150167819,0.05325671938884191,-0.00246516313139865,0.019235264412569064
2022-02-25,2601.7917163732363,2830.4895211715907,2581.2175846233167,2770.4928436922296,30941965461.33333,319312526345.9189,0.0660279281577531,0.0639395244227469,0.0978989519179762,0.0933983096337896,0.0521983146703689,-0.7247763790749002,-0.0720630106290602,0.0047971038971394,-0.0909761904071714,-0.027304457124947442,0.022273532485634517,0.016727791518690582,-0.00720678021179349,0.06272700081959709,-0.0884988740750654,-0.039430676670292764,0.022846829566342805,-0.02797140993631389,0.11553567220910033,0.014947290819656409,-0.03556832050801506
2022-02-26,2770.631716089936,2857.132943589112,2754.0076,2784.8057,23993767608.88889,335238761873.464,0.0051661769639135,0.0051528780550486,-0.2245558014447164,-0.2543192543957454,0.0258001042844449,-0.7046716744069772,-0.0194058980684818,-0.0144089989035386,-0.0155214371189712,0.009351325301091153,-0.0008548036590394492,0.00035335920535461973,0.00553392498623759,0.03445174483892921,0.040611555937030586,0.003016784557558494,-0.014273931318998317,-0.0031725661784292314,0.13683840921414142,-0.0048255616910934385,-0.020372936737258485
2022-02-27,2792.1015,2846.128517380177,2594.959903480599,2635.913672830367,18528048650.666668,328540758488.97565,-0.0534658583791439,-0.0549482375402586,-0.2277974450414096,-0.2585083864827915,0.0546604569970918,0.750762007235318,0.0219140087959706,0.0102713212857298,0.0256804109218751,0.05253273610258492,-0.052367462512582064,-0.03145178530856932,-0.00043290916271398794,0.021866409674580266,0.0002808680047585721,0.012464223830563892,0.019358175478736,0.019318490977161262,0.03320717679170179,-0.009522290576192303,0.06208229944000698
2022-02-28,2635.7606113303723,2946.428757127266,2593.76538008472,2938.1166,26591377329.77778,325795621466.4714,0.114648264199463,0.1085388970276301,0.4351957851115087,0.3613012755228681,0.0597519781352611,0.0890617559424242,-0.003023357264338,-0.0206056202339578,0.0108840789303318,-0.06150605439376687,0.031117069562616395,0.009171883059562513,0.13239504211937575,0.04763916542025572,0.009368613206958809,-0.07539927489722104,0.05540708992737052,-0.028621992733881524,0.1228554207027702,0.001467388434675678,-0.045752307390473534
2022-03-01,2931.7687,3042.9525,2885.6934,2980.1923,30933609287.11111,353270922981.212,0.0143206365601693,0.0142190648106779,0.1632947366163986,0.151256269302194,0.03611335370759,-0.5035395913929435,-0.0122714616845483,0.0101099937109996,-0.0221527894223088,0.034993184058689335,0.021668672996523808,0.028422517924445945,0.11943238437699469,0.03278285710126317,0.17028085621959055,-0.011066480147180507,0.005738777779001641,-0.003097699793309816,0.13329652165646824,0.018292257844421587,-0.011964438655323262
2022-03-02,2983.4188,3049.8164664259634,2929.507475357196,2954.2317826499607,28155179555.55556,357084750977.1049,-0.0087110208794377,-0.0087491836076664,-0.0898191253974756,-0.0941119359225714,0.0277952864714982,-0.2617962508007778,-0.0066369338363148,-0.0013772707025782,-0.0102129147043629,0.017666056734533288,-0.016510052874019854,-0.00949186752572112,0.12737053782352933,0.04425516018951167,-0.005767218212557879,-0.004333629323034466,0.018288555188094413,0.011629842180611666,0.09387884280766687,0.015375918385179217,0.03224856099213658
2022-03-03,2963.764412442328,2980.4524804570133,2805.6532580317325,2853.323398720905,22524687192.30662,347007626162.08984,-0.0341572332007545,-0.0347542253062175,-0.1999806945694983,-0.2231194198172495,0.0356275303904823,0.2482522096350043,0.0049561978341988,-0.0108299278820206,0.0180122463188376,0.030822244459110887,-0.1380962017521031,-0.07457601342054421,0.09339871786196113,-0.030670546519121628,-0.5433072640597099,0.005553758237561296,0.007012440175796747,0.008941381185931324,0.019015478148229785,0.004722466687774354,0.027668134363867836
2022-03-04,2852.9937440110266,2852.9937440110266,2595.7104580604805,2626.6276893621657,21749493537.23509,325057167479.741,-0.0794497074745761,-0.0827836437065272,-0.0344152905855359,-0.0350214446447586,0.0427316991209123,0.181822348415698,-0.0007303913380971,-0.0156447359749418,0.0030599367620634,0.016891779787812866,0.0006106321230767847,0.01651293104059877,-0.05332445026731307,-0.051925298917956164,0.06156244972855873,0.06184684736648949,-0.06183421625089505,0.002818197405451889,-0.01951781723173471,0.007000792913275002,6.132582540252507e-05
2022-03-05,2629.957404703656,2691.8042,2608.021143836549,2677.936768255024,18990932485.50537,317557129524.3636,0.0195342031535949,0.0193458594187071,-0.1268333465791774,-0.1356288439718645,0.0193300178509555,-0.793281796282554,-0.0149684208444666,0.0109570210938711,-0.0185662413052121,-0.012609318513120735,0.01969098999107272,-0.0055584353670350695,-0.039131468903654654,-0.02943493935957162,0.01746750702996458,-0.011100299633227978,0.011720197889241446,-0.0023935530162396412,0.001851371136743923,-0.001788364283191638,0.0013161000297141623
2022-03-06,2676.7601,2689.4531,2561.7422,2565.7078969624945,12411206368.0,316738940264.68414,-0.0419087084590348,-0.0428122116673529,-0.3464667215539456,-0.425361823808056,0.022132648432454,0.1353946063143358,-0.001431516044912,0.0039705757257657,-0.0066432893426639,0.05166171795765381,-0.0418716430705422,0.041330800038508544,-0.026995443030748967,-0.037207988491374654,0.09094319219975056,-0.050221959339914024,0.014399293603228336,-0.027664839305331895,-0.15234315504051307,-0.014606442355159378,-0.08175911397060398
2022-03-07,2569.549526065506,2644.386941579716,2458.177720143773,2503.1642903063544,17797825340.444443,305445070285.48724,-0.0243767448080058,-0.024678776114302,0.4340125216459896,0.3604764741100092,0.0490022667150706,0.7948127335132691,0.0317252323027401,0.0247666688168277,0.0201051329640757,-0.07050510786014696,0.04988813331181441,-0.054101159414290015,-0.160213116172681,-0.05603892314918782,-0.04633388034649588,-0.001031771733952913,-0.01819226143080946,-0.013814637752222969,-0.18709550365757346,-0.010258656497295774,-0.04594741129559177
2022-03-08,2503.103463893755,2625.763,2498.43480259244,2585.4529028023458,23721453504.0,307508367580.9816,0.032873836054093,0.0323450491394773,0.3328287613933642,0.2873035718744973,0.0288209403380794,-0.5307643385233844,-0.0204215776115942,-0.0124889926136391,-0.0203528167372159,-0.028004821009012457,0.04234519022889792,0.010961848885971862,-0.14208713184388155,-0.04842721188103578,0.05989962281175254,-0.019627858534340153,0.030969273909409012,0.010643801483154719,-0.16586657259109863,0.015226064841979919,0.029266671260717025
2022-03-09,2588.655843041321,2773.981643278484,2578.2623408511504,2737.208498830336,24474104832.0,325793355635.65,0.0586959429288012,0.0570379082344186,0.031728718810299,0.0312357631332969,0.0383927920489006,0.2867675169060835,0.0057533033535823,0.0031714637785946,0.0075189571163522,-0.038434270699021084,0.04293932330415931,0.02767851449023484,-0.07630004000179638,-0.02565166467163764,0.02475124026303721,-0.04122460528852351,0.05085196250867155,0.025222958729530176,-0.13999384217615318,0.010522329774138502,0.03408433572476044
2022-03-10,2732.0539269031124,2736.050623306801,2577.5440707211383,2612.8125526090803,21561721763.55556,314434458890.5004,-0.0454462808640308,-0.0465113575299304,-0.1189985533050624,-0.1266960109418148,0.0318032600791476,-0.1883009321709363,-0.0048079276381975,-0.0221686423937742,0.0126141985718409,-0.02186398042958811,-0.04648526839931223,-0.04816083608686504,-0.08805717222550923,-0.006820463902895904,-0.34361778684347666,0.01847739065511704,-0.03613192661776313,-0.025030079054550264,-0.1783661269966011,-0.0017993607124039306,-0.047301779789772125
2022-03-11,2617.918275682457,2674.405479358024,2535.223,2564.6659021802643,19237647114.666668,310495894802.0437,-0.0184271353031958,-0.0185990299194474,-0.1077870623865081,-0.1140504555934087,0.0355676575004871,0.1118679250032883,0.006266731608084,0.0216991448680443,-0.0088763279744628,0.06467562910463727,-0.04180380176207903,-0.011375950945444732,-0.023872558438429465,-0.01801290545482754,-0.06905007030850685,-0.059238505324433956,-0.0036976752329009044,-0.0252630076479885,-0.23358639592793806,-0.002560287529029637,-0.10832472769992862
2022-03-12,2566.1916115259555,2615.029,2566.1916115259555,2584.0402542049965,15228387212.444445,310925663983.56415,0.0075543375876996,0.0075259464738923,-0.2084069781675944,-0.2337078805624073,0.0126152826995736,-1.0365277361092835,-0.0205764770911502,-0.0149159711827636,-0.0192515333515548,-0.014371335600535294,0.011699038966698487,-0.001582829887692011,-0.035692471383244204,-0.027603875661080614,-0.016995712690453413,0.04100976369799323,-0.009537832647032146,0.005092482349408151,-0.17434572719191532,-0.008812198066459461,0.009834671425246855
2022-03-13,2577.7505421986825,2615.2419,2512.5811,2521.0874258812787,10640645864.88889,309775291584.8514,-0.0243621701408385,-0.0246638373987407,-0.3012624569860235,-0.3584800822009332,0.024718444853735,0.6726407285252396,0.0098277919179999,0.0080183221202365,0.0093029295411864,0.035240838782539426,-0.03175820466078161,0.009490477211916093,-0.017544097114632,-0.013258145559759727,0.024313903637146694,0.052146401319995137,-0.034371516766859844,0.002004263742844681,-0.15135124910249528,-0.023042163007265686,0.03350173581152194
2022-03-14,2522.281257329478,2613.1585,2508.3859,2598.469708299939,16265850392.88889,308040390183.75165,0.0306940099039247,0.0302323713661484,0.5286525460415499,0.4243866585083347,0.0222515087780279,-0.1051399036012505,-0.0049585749759329,-0.0088842695790634,0.0046582374160947,-0.0035939427872307417,-0.024901235986882337,-0.009459769372907323,0.0373670503658186,-0.011615170402821616,-0.1866057400718808,-0.005563154968241696,0.02158976966702586,0.012438972590036568,-0.11389971237809167,-0.006569657839874373,0.04117998283000768
2022-03-15,2596.2596560309903,2667.3340340838254,2518.6481803866664,2623.92001220108,17829431089.77778,309124385792.8884,0.0097943431165845,0.0097466894430145,0.0961265878587236,0.0917826817273254,0.0400192195681105,0.5869500113570423,0.0211994859590432,0.0069269588044034,0.0212911059974421,-0.01993950691520359,0.02910077494314697,-0.00984468348302861,0.014768690669355768,-0.045973517446969356,0.006185379625073484,0.007626603431104467,0.0011093399977654128,0.005733187180102961,-0.09670503158515405,0.0039089453919393564,0.02137583569767343
2022-03-16,2620.790469332773,2791.8345407550487,2613.6882827425416,2779.2660158476924,22942450328.88889,322557695089.23584,0.0592037878152771,0.0575174823038018,0.2867741103664591,0.2521383967884024,0.0290218971406021,-0.3213092090432003,-0.0198009046066984,-0.004162484487701,-0.0223417063451155,-0.0521291505039667,0.055927766236516664,0.02155741782500599,0.015248264738738936,-0.012305372372490558,0.058831015120208274,-0.03563833233919529,0.04377743585133864,0.01684111095125365,-0.05458144471621011,0.011898102164980592,0.021153794215483135
2022-03-17,2778.745613127549,2833.9325304695603,2754.1739,2822.0378138158926,24026359953.77778,334880886498.8464,0.0153896020475587,0.0152723832261732,0.0472447192584326,0.0461626383481044,0.0177528472866939,-0.4915047053005219,-0.0039697552514885,-0.0077949813779551,0.0017933323844474,0.00837898024097174,-0.02262748905404996,-0.020835751759964605,0.07703200549484257,0.019727458312842158,-0.032150869005235005,-0.090914387640742,0.0422085429089461,0.017507978320818185,-0.1194173525944565,0.00662852339693998,-0.04557465628322355
2022-03-18,2822.085396382116,2978.675,2779.52253715024,2946.027729896141,21138622396.444443,342203959367.4118,0.0439363056983961,0.0429984777318326,-0.1201903893427386,-0.1280497464430918,0.0409955031318103,0.8369164674021019,0.0211722180035534,0.0153009327551307,0.0150305386976538,0.022268949078031272,-0.010431109409906221,-0.00042692263935124874,0.1386295131461225,0.014954309878078683,0.17022314010872464,0.010391721903383314,0.018133788073496082,0.018868892720569408,-0.06054373978458986,0.003649307441720944,0.01066914460324897
2022-03-19,2941.942865833156,2979.0170211575946,2915.2536347601995,2946.087099688774,22101064704.0,354142742535.74347,2.015248941145132e-05,2.015228635276466e-05,0.0455300392573094,0.044523971427225,0.0152743223235749,-0.9872892419723508,-0.0231290842231062,-0.0125973767333825,-0.0199424847700178,-0.00042872184925548534,0.005705707985462209,0.00458305723846715,0.131123718958583,0.052272392828352526,0.03198633924420857,0.01780853154260211,-0.037526742998504586,-0.03476215340807573,0.021174498050817326,0.00273962020895209,-0.10341678327206694
2022-03-20,2950.245384738668,2962.4472,2832.041615547708,2867.0284283064016,17790052778.666668,348174816032.926,-0.0268351439408305,-0.0272017804601514,-0.1950590156207766,-0.2169863155811379,0.0264018516849042,0.5472610082675562,0.0099101778593046,-0.0001739457323092,0.0126148044175857,0.039755205796105586,-0.03906598687007149,0.006922439703465219,0.12858577589717218,0.05162460058875514,0.033723785095225,0.0315954392703711,-0.03220690232413864,-0.022712051724447152,0.02704409605478788,-0.005729024020552174,-0.0022267310338275337
2022-03-21,2865.824096140164,2959.0131,2839.677059855326,2899.6020264536264,19877094901.33333,347893273420.85547,0.011361449306056,0.0112973927676956,0.1173151169719621,0.1109285903927764,0.0281826057199731,0.0652708219203304,0.0037476818876524,0.0138516572459723,-0.0085717634529844,-0.018899435236916555,0.03821099213735376,0.005037349171087613,0.1096507972987193,0.025096926746636432,0.052217976206483385,-0.004620104366278854,0.0013842403589215124,-0.0002614116124735333,0.0459293159654658,0.0021434219397859257,-0.006916556358600667
2022-03-22,2897.019513179667,3045.8872357068008,2892.210348274922,2975.1235601579674,26056952661.33333,359758073182.10834,0.0260454824542621,0.0257120756434863,0.3109034690771368,0.2707165705505201,0.0326609543275393,0.1474753379944076,0.0060078791200245,0.0088446656031314,-0.0069823146072952,-0.0015148195500229583,-0.04663395215333335,-0.027060996526042644,0.12561618349919107,0.054930277137761066,-0.2668215353193846,-0.00959689577241142,-0.020712583790194333,-0.022700543518339278,0.12062279500025919,0.0173027109293439,-0.07031978628098123
2022-03-23,2971.953643086127,3035.693871623356,2934.3023872856606,3032.3746263839603,22252975792.61324,357034796913.02893,0.0192432566474494,0.0190604467006864,-0.1459870199773943,-0.15780888621937,0.0205063819094324,-0.4654441568351748,-0.0139653282147788,-0.0295025205057557,0.0136208575331101,-0.039240467624413265,0.010487670612444253,-0.02679262432259491,0.08715914789607544,-0.004489128841956623,-0.4762922957959703,-0.02926925208562808,-0.009120922957483762,-0.016131716166502108,0.16397229595540505,0.00574529302839333,-0.07269977925278126
2022-03-24,3034.6505916303586,3124.490855545514,3016.505599700345,3112.869496245636,26185802972.444443,368345793210.176,0.0265451600739925,0.0261989507361112,0.1767326409053429,0.1627416494633834,0.0191928743547648,-0.0661970675589374,-0.0037903204675682,0.0056085275238244,-0.0067408086282363,-0.0007258981029153802,0.012253108164494899,0.010296120314581693,0.0980857154060135,0.013993250705608428,0.19443372636684897,-0.005947682074425215,0.026455090307544282,0.025254971176779994,0.16298952413845738,0.001583941012488046,0.10590066633461137
2022-03-25,3115.5631953097045,3191.0562,3092.8711,3110.018620241833,27651764586.666668,376208787331.7227,-0.0009158353754442,-0.0009162550088913,0.0559830689845513,0.0544721519969684,0.0220708527939522,0.1397187771438797,0.0083754937844171,0.0143899044269817,-0.0073753008805538,0.026249276558887508,0.018216991234305355,0.02937101448886246,0.05417098266528968,0.041056929928339925,0.31977720801257714,0.048148038312405106,-0.014962425037926719,-0.002443540012520007,0.1787606061837672,0.011594987681417998,0.05653894413088478
2022-03-26,3107.888313582765,3152.8764,3093.9376905578474,3148.620544067638,20321615182.22222,375363250019.5984,0.0124121198421645,0.0123357210140189,-0.2650879433560256,-0.3080044377525559,0.0106091904104919,-0.732537214605673,-0.0157068176230063,-0.0204106993831677,0.0025206150470552,-0.013315208981261206,0.006120223728073054,-0.001831512973875002,0.06648655139295581,-0.011050810499548747,-0.038866890286872735,-0.020913340299954564,-0.06440279193836464,-0.06748502804330778,0.19187873254243565,-0.011986485172073433,-0.33164467216524307
2022-03-27,3149.463637258438,3292.163107012206,3134.1842540530847,3290.4748621094186,14160547217.77778,381267234450.4495,0.04505284649465,0.0440674549463916,-0.303178064794489,-0.3612253740232657,0.0216347180449474,0.7125786959033751,0.0061943417403379,0.0003616067329935,0.0065056879081054,-0.02397600478785057,-0.029076878077222826,-0.03566773251106966,0.1377557867994989,-0.022925909565678193,-0.2169771737634556,-0.04287326435242553,0.06823998556717055,0.05746177791533377,0.17200666306608026,-0.026078556203653035,0.22345367783911274
2022-03-28,3294.19574337686,3429.9826010758247,3282.243034557996,3330.9823261030347,27477202773.33333,402544105598.9822,0.0123105222471286,0.0122353639646048,0.9404054342502546,0.6628969379674882,0.0303578487327522,0.338755750177321,0.0190599468222277,0.0296276595330553,-0.0080638346014303,0.061892944965491796,-0.02142991557362696,0.0342720918554329,0.13869375799640812,0.047418647012044145,0.33979030552259504,0.06822362568280271,0.009932791715313721,0.02445852853685379,0.17908914897563633,0.005469524518533838,0.16496551516541547
2022-03-29,3336.2728014352697,3476.4987004673885,3336.2728014352697,3408.382377751033,30811204579.55556,410022852889.9647,0.0232364041806698,0.0229705494031736,0.1213370164978324,0.1145217380666557,0.0259018741813719,-0.1587397631092333,-0.0066226500226714,-0.0058523752370845,-0.0073198956570476,-0.01462402445722881,0.028379047261083763,-0.0011783101468026969,0.1359522317560957,0.028558752868328693,0.007632159732293697,-0.0036134222378666064,-0.04574546170619584,-0.0433415176751141,0.2570079359190688,0.019051149446854175,-0.11484980702839209
2022-03-30,3404.908873164394,3445.591615480311,3343.048119698184,3389.6566884307795,28170767239.11111,407871610868.9689,-0.0054940107197154,-0.0055091583027409,-0.0856973096792355,-0.0895935913237255,0.0211805356180445,-0.2012326995895863,-0.0073706947005041,-0.0146001863334074,0.0159330564251431,0.002936340916945855,-0.01725078931779403,-0.006470330166203131,0.11138262675266841,0.03444521149438259,-0.14367379063057006,-0.008356789454505548,0.08694487940554457,0.07867202329389725,0.1429598805886978,0.0024235047615147466,0.2039064373965318
2022-03-31,3387.408868772327,3442.9001741208813,3273.10263985572,3287.1915170538045,24315855326.10453,404829678034.038,-0.0302287755945014,-0.0306950864303118,-0.1368408563489382,-0.147156197424519,0.0305050311737868,0.364808997814118,0.0088186902105925,0.0134801310728078,-0.0037905220078572,0.01970328851102312,-0.005341888221585243,0.016808225426155537,0.054488589586245126,-0.010756577284597682,0.03448230245118378,0.026884526897100067,-0.0007003217961716601,0.007818027903669589,0.09804572934770787,-0.010194143282812491,0.04158312877674164
2022-04-01,3285.4926094166644,3473.5423536906496,3228.196330997304,3452.5600350424143,34345837122.00697,402195742810.5892,0.0503069313517892,0.0490824370266915,0.4124873117309038,0.3453522011527351,0.0416240032413854,0.3107853753338538,0.0089879706958255,-0.0090589748572695,0.022239411775408,-0.05051397776881369,0.0011073006162503063,-0.04552911094409064,0.10448728162182823,0.03798382812450516,-0.4097657079101036,-0.05933900120305924,0.014836754315846329,-0.00039744875344266406,0.1558773499820661,0.009539361710076445,-0.049996388831559324
2022-04-02,3456.4658,3526.407951774491,3442.778439716974,3442.778439716974,37472480597.333336,418513591389.8282,-0.0028331427190723,-0.0028371636643092,0.0910341321488124,0.0871259915575406,0.0167911014262246,-0.9078279327906388,-0.0170513310227465,0.0035636653010365,-0.0343819461926938,0.02425990076702155,-0.0008419134308338995,0.02069547379112812,0.08931439694349984,0.0912046596295705,0.2163444053200836,0.038112038215475014,-0.028067911530227058,-0.019166542925875746,0.18779441162397445,0.022665163098070984,0.003941586760015436
2022-04-03,3444.1989825684564,3573.3175,3423.2922143713017,3520.924140853028,28103429518.22222,419754998643.838,0.0226984403743617,0.0224446638207096,-0.2500248430251465,-0.2877151970339225,0.0270617154362801,0.4772709454649124,0.0048088802024792,0.0013880899774184,0.0130849985713742,-0.017428280660625323,0.020542324348667797,-0.0019143503243553434,0.06769160581781795,0.06846634173964329,-0.06026991503448276,-0.004028524437195091,-0.06820862793338753,-0.06537710951098877,0.29302271915121125,0.009480949344692747,-0.16390645572758977
2022-04-04,3523.0969571818923,3540.471,3425.088093068438,3521.9834628711947,28208979399.11111,419276219688.79095,0.0003008647661206,0.0003008195153929,0.0037557651396407,0.0037487298634764,0.0234274461883267,-0.1442117654668182,0.0017736841976478,-0.0182406338328924,0.0149697316624593,-0.0031450007477764816,0.011643401302580021,0.007753120223893566,0.055757061368606045,0.0034671094350157486,0.07750155039758022,-0.002633374327945401,0.01923612567100852,0.0168857182479224,0.2739776792478972,0.013596744266290463,0.048680632516967304
2022-04-05,3522.4544305954573,3551.9484574547296,3416.2949491942563,3416.2949491942563,27999827143.11111,420122679199.80585,-0.0300082367765517,-0.03046769904298,-0.0074143857897457,-0.0074420089720503,0.0199099493039285,-0.1626886772573343,-0.0104908832493586,0.0129442250062424,-0.0280547302338335,0.015061559799834486,0.0013820801018966794,0.009884330342748687,0.002318812922452433,-0.013386254000425837,0.12365288479403258,0.05707804241660214,-0.05425960802334806,-0.015111449737744198,0.2863221918722701,0.02258093612344191,-0.028291303091254827
2022-04-06,3411.694262327064,3411.694262327064,3174.9556282102258,3174.9556282102258,37579667120.61324,396515992437.0751,-0.0706435845186468,-0.073262958759744,0.3421392542367567,0.2942647993634358,0.0242500519410235,0.1971991874679632,-0.0180191661361726,-0.0180191661361726,0.0,0.03289214717079504,-0.05493847384451872,0.0074438338052346675,-0.06543498753455068,0.044113791117322124,0.02006638942796668,0.08338942114837354,-0.09961382924293599,0.03473677598491992,0.23773800922682806,0.027939948686307916,0.044036267721010436
2022-04-07,3173.6817292432406,3268.7389,3154.07897296121,3238.5894933808177,36511988864.0,387187877972.6638,0.0200424423589389,0.0198442365863236,-0.0284110621093713,-0.0288224673752656,0.0218903086076468,-0.1023747497328151,0.0209115709533549,0.016536867063107,0.012799446373743,0.011413989593539287,0.03285328658563596,0.017169775567917156,-0.014895664517915342,0.05443030057738103,0.18113563712755765,-0.02706099755161248,0.06855981731277414,-0.006826219993099819,0.2252371966736742,0.01765852818543422,0.012183778386149147
2022-04-08,3233.109854501414,3310.7578960982164,3181.8331,3197.0275,28615327308.7108,392040259471.389,-0.0128333626307884,-0.0129164216115543,-0.2162758535204071,-0.2436981745269758,0.0272060574744756,0.2173956402289296,0.0091841556412529,0.0122657504804133,-0.0040723631325288,-0.030059079706928553,0.002334921144984174,-0.026369631754434825,-0.0768945231561612,-0.025206236696707022,-0.1746116901331325,-0.005231226164019415,0.054233510969418086,0.025538966969997023,0.1552828668277011,0.0056511621983687315,0.10255516398994424
2022-04-09,3197.9921,3266.452679316528,3190.7633,3266.452679316528,25321252828.444443,387784853193.1888,0.0217155402374635,0.021483116676198,-0.1151157365676404,-0.1222984183087503,0.0100751226039435,-0.993370372890579,-0.0228118962149932,-0.0288026175435203,-0.0014432528615994,-0.0033390462141322796,0.020314301706566527,0.009637209343653586,-0.05257424281565398,-0.05564774794305556,0.10477683438596452,-0.005692400776972056,-0.03770802617795613,-0.026879349700132033,0.2232773410338296,0.005102791261434221,-0.09726220655362905
2022-04-10,3268.0509347891857,3268.0509347891857,3268.0509347891857,3268.0509347891857,17648769024.0,393188103599.1314,0.0004892939312355,0.0004891742659926,-0.3030056947192444,-0.3609780385838921,0.0,,-0.0072838303796146,0.0,-0.0072838303796146,-0.03141971715547957,0.007167677530163431,-0.012032055571441477,-0.0745297323703709,-0.05048873839920847,-0.15916615035496173,0.004806921060674069,-0.028599497275149335,-0.00938378344150484,0.2423655452192699,-0.0021533996439876777,-0.043720683632729296
2022-04-11,3206.7931,3216.9408,2966.0036,2986.513993866609,29636449064.99644,372748989306.2842,-0.0861482720252455,-0.0900869439099665,0.6792360433010809,0.5183389538610296,0.0366281479830909,,0.0277980972854273,0.0153239184894713,0.0231929242403393,0.011957865799899943,-0.02824754330598847,-0.016584334917991217,-0.16491749579573042,0.007045798451916985,0.08052439232196651,0.07009667078137269,-0.008650784649056914,0.06302092101158838,0.1447526548354108,0.01935961181526998,0.15191639000431634
2022-04-12,2986.587013199494,3086.3396,2962.991066763156,3042.067411940469,37747924257.48523,363906850245.8784,0.0186014256715185,0.0184305351056348,0.273699294227163,0.2419254965011228,0.0264745266351836,-0.3246340037636059,-0.0016521452961982,0.0064636148390871,-0.0087390598131342,-0.03802329843516743,0.026519372621694043,0.009651767497083838,-0.11601926164711548,0.04683223867762405,-0.08186132742219776,-0.005257947371613114,-0.03634209531288377,-0.01265749553791462,0.1878470273397867,0.035437414735006806,-0.05032581162082517
2022-04-13,3036.1039495393347,3134.407,3013.2999,3124.1736,30500782667.18881,369784378132.8362,0.0269902592352999,0.0266324462230576,-0.1919878174191087,-0.2131781431231072,0.0214590221605335,-0.2100378411511041,-0.0067389930795168,-0.0115794655307856,0.0020514500490275,0.04952603438669424,-0.0006202915621278948,0.017106292829822678,-0.0161238566643138,-0.033789101353573936,0.11031345179683383,-0.029644788644203446,0.04821851714713427,-0.016660397956352657,0.18424710219669568,0.018118357161061725,-0.011435633374678567
2022-04-14,3122.8519,3148.2826,2989.8922,3025.7075331291,26582297731.28205,370003513059.2248,-0.0315174761322163,-0.0320248408329621,-0.1284716191929744,-0.137506849082396,0.030765574210092,0.3602511739269909,0.0095788267372533,0.0077386041624158,0.0062563360598163,-0.0033015518546590517,-0.017573475866174776,-0.01508708639998689,-0.06799293408359956,-0.049407159260053915,-0.15348674943702179,0.01995496580120859,-0.060931819440182285,0.005603874445328727,0.14247557192071905,0.010979912335466887,-0.07902825806803859
2022-04-15,3025.3836296254563,3048.986213897852,3004.1751,3047.2329,23006111150.22222,365121923073.2512,0.0071141597907975,0.0070889735381672,-0.1345326358620749,-0.1444856126008808,0.009466110754708,-1.178678212732064,-0.0187592070594675,-0.0158324050585479,-0.012756012871467,-0.0072877030513884555,0.0035088131915202853,-0.0024981051495595943,-0.047987538933878075,-0.029028007381523956,-0.06700307808948214,-0.026960452881363672,0.010038143875526557,-0.025601988875220777,0.09204706315508421,7.941846281601071e-05,-0.14520554600095292
2022-04-16,3047.5085,3077.3551,3019.6113,3064.2317,15160119968.0,366423416035.62585,0.0055784380642516,0.0055629362026956,-0.3410394364780088,-0.417091589180772,0.0129552323017769,0.3137816136105673,0.0030605924310836,0.0043395130404634,0.0016089065854491,-0.038936779480646735,0.011122218499252517,-0.003083837017806061,-0.06390771940738042,-0.054831208896682776,-0.09907616374588235,-0.009671808581818181,0.008527696645214123,-0.008051643542923426,0.0823376161316067,-0.01112203756687158,-0.028136376107340988
2022-04-17,3062.7604,3085.402678826283,2993.2429,2998.1528,14763718400.0,367482634341.2873,-0.0215645899100906,-0.0218005034305698,-0.0261476537676961,-0.0264955820753635,0.016858397412082,0.2633491501006197,0.0024899426822458,0.008081952644471,-0.0054802313381871,0.014917562770061352,-0.026837129169042462,-0.02338874230761695,-0.08619739710394303,-0.016132377246521366,-0.33638941628689745,-0.005742213498800469,0.008087577158788516,-0.0038103243941521037,0.01753863496920432,-0.008073985150488983,-0.03669843526597738
2022-04-18,2997.2418,3068.774,2900.5910379897387,3064.8061,25849521738.666668,357141913332.3027,0.0222314553147524,0.021987939051111,0.750881521735518,0.5601193878137251,0.0373693533626178,0.7960020443064297,0.0270666724786043,-0.0090116208689435,0.0363518519411997,0.022724040626274387,0.009569690187174643,0.021017189763482325,0.02587748585713444,-0.021578286357565254,0.32044597991786716,-0.013215342566393312,0.010247305188486378,-0.009827862410792282,0.039506421733962425,0.004755412817201158,-0.007914213801545333
2022-04-19,3060.3374,3129.8074,3041.1774,3111.4076,28521931636.85017,370568930350.8444,0.0152053664993685,0.0150909235539594,0.1033833401329824,0.0983812230771561,0.0175158406847137,-0.7577452862152216,-0.026238545991409,0.00598018213944,-0.0305118078952747,-0.01696626087856933,0.01648831927648984,0.005250449828323872,0.022537874305458925,-0.05460605122532519,0.004227753118930089,0.0032551294355498694,-0.02788996638658602,-0.003535545305242971,0.08179912574807324,0.013491069845722998,-0.05323510018165556
2022-04-20,3106.9042,3164.5756,3048.1446857465207,3083.575789543945,24373213590.745644,373124632482.0703,-0.0089450866084067,-0.008985334086845,-0.1454571204688116,-0.1571885968415192,0.0260892896637111,0.3984192189137094,0.0098059911610248,0.0103335494225259,0.0028803305942682,-0.0021243781992965546,0.010606298289393919,0.009461592866091939,-0.01307990600444369,-0.037988342503671904,0.08864929559695467,0.0011027170448617563,-0.018624074867644294,-0.0009751381790856495,0.06151639889353274,0.005598425348092106,-0.06588759301868108
2022-04-21,3083.1409300070663,3179.7554,2963.8028133184457,2994.3645,28040145400.88889,372341793247.7416,-0.0289311162211255,-0.0293578721371092,0.1504492543213733,0.1401525220206263,0.0462977500311627,0.5735684920754793,0.0211127544147966,0.0212150818042297,0.0052692997419465,0.036126070551095735,-0.030596888643767528,-0.003918260125907749,-0.010412937308590898,0.009169734251868516,0.056822263993820954,0.004618156274127705,0.01749148646936114,0.006445625306961966,0.0064464511129370666,0.002459482593313225,0.020548730582543362
2022-04-22,2990.015,3027.8229,2946.740743539438,2972.3624,33543664532.587414,360406287654.81934,-0.0073478362437171,-0.0073749645637763,0.1962728457008664,0.1792107613672366,0.0188376544818594,-0.8992355997908765,-0.0285897018224294,-0.0278117086193439,-0.0088895567762904,-0.0011499262897117293,-0.0018575637781765852,-0.001982600181798952,-0.024876875410534523,0.0638920581117859,-0.02448134877844499,-0.007021494875603801,0.005423153633861415,-0.005996676055407157,-0.019988960151525677,0.01388820213972886,-0.0033323695926981145
2022-04-23,2968.0086,2980.1595637961927,2928.9519,2942.9099,20367053272.88889,357154270396.1992,-0.0099087850122178,-0.0099582037464992,-0.3928196708173476,-0.4989294493697251,0.0110608711331569,-0.5324440073889125,-0.0082400852376969,-0.0080726111387822,-0.0032986266139334,0.0003407786889727954,-0.006681065705206081,-0.0030757872582614365,-0.0403980153597294,0.030125269917235617,-0.04942854451004397,-0.010340039198218937,-0.0010516979539221746,-0.010350729625968669,-0.056146114634136254,-0.007133308930926279,-0.025892357597137483
2022-04-24,2941.0767,2967.547066813842,2925.3916,2928.560607417434,12625181187.555555,355363606583.7562,-0.004875885796764,-0.0048878117099688,-0.3801174368036214,-0.4782252330835242,0.0097634234159011,-0.1247706585432597,0.0004539923946282,0.0037168254273956,-0.0055296530180554,0.015878094491314228,-0.010335265757194099,0.011222536375851869,-0.023485323639128444,-0.012263112897464326,0.053583092318904235,0.0035202474022252017,-0.006442299827122251,0.0023522077590115154,-0.06011767133521378,-0.01866023981723224,-0.002663952042114781
2022-04-25,2928.6654177855307,3023.6947,2810.2063,3012.940143975673,27844104916.292683,349190501837.7617,0.0288126311419074,0.0284053519743597,1.2054420053581634,0.7909279447549462,0.048680581675384,1.6066371182590764,0.0435318265173502,-0.0002186936419276,0.051223365668653,-0.024328145644636263,0.05933306142452607,0.017490307367861224,-0.017067910715879615,0.01144233473252982,0.31503251920750497,-0.019881446197010127,0.06336474682607875,0.0030740001400769157,-0.04404804037487295,0.009385066708396552,0.16037105684527653
2022-04-26,3009.614200385713,3028.896126036575,2785.867642994387,2807.1230422220547,31751980586.666668,354923101338.50616,-0.0683110489815559,-0.0707562635437583,0.1403484034456188,0.1313338327725844,0.040294839339946,-0.1890568123361564,-0.0219266435639838,0.0113697153907718,-0.0293977548994323,0.008330997251005952,-0.04827644929339529,-0.028481112215078257,-0.10291509781359731,0.018256558188941504,-0.22907420392790856,-0.0066558301869203695,-0.05341076109367535,-0.02711228697295459,-0.15887175886502286,0.021609255292928647,-0.14333492441350182
2022-04-27,2814.8725,2914.1693,2811.2782,2893.559731371515,33208244913.77778,345795593750.7309,0.0307919132326452,0.0303273546281686,0.0458637319689791,0.0448430817918941,0.0187724799651857,-0.7638314389234155,-0.0159334911099647,-0.0063505120078927,-0.0181605399499241,0.00019728589963090293,0.033219911042614444,0.021218189673921466,-0.06360240909858371,0.048298046689859,0.20536243808642274,-0.019753370612564894,0.04700183292916197,0.0014439254396325096,-0.14077976820145918,0.00694033267856552,0.046584069679426854
2022-04-28,2892.4452,2977.649124634782,2865.9869,2938.5451,28783281875.244755,351894358306.6626,0.0155467219635248,0.0154271098066395,-0.1332489280906607,-0.1430034577182139,0.0251763815467968,0.2935143490780785,0.0079498742134203,0.0039045444306604,0.009086409044584,-0.03416583485953656,-0.0005855720550289323,-0.017660183883953545,-0.018817427154834917,0.003958081245295926,-0.37712489324494713,-0.023178392512755316,0.02077706505041403,-0.004076003712842419,-0.14832320779799343,-0.0024503259226621313,-0.012073428804766362
2022-04-29,2940.3813,2948.3567161169167,2785.5244,2817.7266741826747,30590870236.444443,346669495958.3387,-0.0411150490143319,-0.0419841789850034,0.0627999395285885,0.0609068780053155,0.030207094189624,0.1821704889090272,0.0025181045811495,-0.0085111441792618,0.0097798030956741,0.0185282496790323,-0.03441978508473954,-0.017661619162670908,-0.05342664157606197,-0.015820527937046743,-0.15801283290707913,0.015493273611876093,-0.05605120761017503,-0.01970860685377472,-0.18479822848025595,0.0029235027824181872,-0.11614008774250739
2022-04-30,2820.8338044785,2841.5676,2732.4181,2737.4254862715898,24933748195.55556,339655822766.82306,-0.0284985725006055,-0.0289125407890934,-0.1849284442437753,-0.2044793711214394,0.0204718622623439,-0.3890254330005023,-0.0090739755775188,0.0054566626648856,-0.0173015815536578,0.01625316663088023,-0.01539933503394,0.008911492479364652,-0.07238097861865622,0.024362879588324813,0.14835199595994997,0.03693067639634472,-0.02904863276823008,0.02848175133579904,-0.1830156828390376,0.0007450516374857486,0.12764758539553434
2022-05-01,2734.9087394793387,2841.386800157657,2734.9087394793387,2831.7863,23559751092.759857,335408645528.37665,0.0344706419230906,0.0338898387994068,-0.055105918774002,-0.0566824411289356,0.0161654013645066,-0.2361781306358157,-0.0068442207225774,-0.0051663379741112,-0.0076358522916012,-0.006975769185299907,0.03816784928736387,0.013079497523795919,-0.033603328109280364,0.05603057006080664,0.19193276612513888,-0.06165572172662315,0.07326153902646217,-0.02371501295368883,-0.19820828106632227,-0.013086208312001359,-0.056806992610319185
2022-05-02,2829.069,2874.807468613305,2793.8178,2860.254390362953,25575277753.822395,342229475898.9089,0.0100530503883549,0.0100028546107564,0.0855495736405267,0.0820863782390867,0.0190232994927075,0.1627912768785888,0.0080229138665087,-0.002347739668652,0.0171661582031957,-0.02845850203965632,0.01669298046062958,0.00030349901635248755,-0.0520058254728839,-0.01137054854925085,-0.0615318680731165,0.0025709227724855094,0.011252019640913283,0.010027146355595734,-0.18536826279125684,-0.01463570935128384,0.046609689455748615
2022-05-03,2859.943528132765,2862.98521571111,2765.578409720927,2786.853135797596,24878253084.444443,340949914175.0483,-0.0256624917044677,-0.0259975176057943,-0.0272538455334576,-0.0276321203850751,0.0184443634714926,-0.0309056960670823,-0.00248792903138,-0.0036694201808003,-0.001131262358811,0.04188697930685854,-0.04225147342200907,-0.003521122653063216,-0.007247079534919923,-0.03525963179398483,-0.08184449973644048,-0.046028255132707835,-0.03207873644779573,-0.05341134562867321,-0.2338104442177607,-0.004004734181790259,-0.27122180376265614
2022-05-04,2784.9167959179504,2962.5856,2781.0248065363976,2944.0970213911023,22697061057.82857,344551274393.37366,0.0564234561102923,0.0548891050094586,-0.0876746457724436,-0.0917586044707322,0.0283960908851072,0.4314926698917505,0.0047020952748861,0.0143239039561798,-0.0071079500846104,-0.042876391487701615,0.040950178854809886,0.001999541837484936,0.01731467084637022,-0.05644364552769003,-0.011396476731769578,-0.004919463447413709,0.06685362157147448,0.05961329903243433,-0.1792221587236952,-0.00688155130253234,0.2558724316282839
2022-05-05,2943.6787,2953.0716,2704.426050858595,2752.9804,28859075223.63763,345567655687.2639,-0.0649151913141771,-0.0671180493300364,0.2714895179648682,0.2401890620118987,0.0462094203733884,0.486932190685315,0.0200100535321653,-0.0047258018819509,0.0299116599837248,0.005357401792617959,-0.02658604224560905,-0.022471943249574425,-0.06523048829030581,0.000418617946412393,-0.18231107297413507,-0.0395606824561694,-0.073363305108979,-0.07893504171147726,-0.21587250901075164,0.0010758795910992976,-0.434924964825099
2022-05-06,2751.9133,2757.2097009572453,2648.615425355524,2699.8252,35827804572.44444,327568655126.9105,-0.0193082377193821,-0.0194970764553624,0.2414744510974118,0.2162997466946561,0.025811639656498,-0.5823581418210431,-0.013811983255908,-0.0085913532611913,-0.0117707712087357,0.04398545695177579,-0.003848245206150319,0.030722673902092504,-0.042743385760664825,0.028508070481252857,0.4009820832912987,0.09287453450585274,-0.005445555984694067,0.04565421007412655,-0.1621066267063701,-0.002194764988075435,0.23707073845437066
2022-05-07,2697.7517,2701.7974,2602.2619,2644.9258,23775022823.11111,323439675260.68445,-0.020334427577015,-0.0205440181870553,-0.3364086048019604,-0.4100886876003707,0.0235247244001792,-0.0927735694530751,-0.0029467277653581,-0.0007130032875139,-0.0028594808064894,0.027753076629878123,-0.006298660378337179,0.023493265139943445,-0.03437486315862676,-0.006238057051422009,0.18294101623608583,-0.01987596302032904,0.0005623170317107448,-0.015829733741026683,-0.20249488147974898,-0.016103594230267696,-0.048928240632758246
2022-05-08,2639.7191,2642.367858073762,2502.067,2513.908346448814,27735353642.666668,308667938429.77795,-0.0495353985171099,-0.0508043597430609,0.1665752688870529,0.1540723358044909,0.0238135889812059,0.0122044131216405,-0.00745573866994,0.0014235691327593,-0.008306800159623,-0.008210209427696902,-0.0043521605751751825,-0.009093785610438429,-0.11906906170109464,0.022299340666612488,0.053807879562434824,0.0024030038306627477,-0.02537349841958078,-0.011391618117253158,-0.2403828196112557,-0.0011222037304760538,-0.004802040957105458
2022-05-09,2523.5374961147945,2530.1183,2243.03163684753,2258.0034668690773,38118695661.97183,289669504878.6552,-0.1017956282858251,-0.1073576511457606,0.3743720795155809,0.317996957370074,0.0497752889709195,0.7372622721412645,0.015464682410695,0.0101446786757361,0.0120967107723708,0.0108338151042537,0.016122738157080995,0.015500334491077142,-0.23642956745761148,0.06414347575069085,0.3284741394314641,-0.07540157531618645,0.015998910559399053,-0.03269068502901176,-0.36922358743321443,0.01619746145878698,0.15244354161506113
2022-05-10,2239.565182254911,2454.3536,2210.412168899242,2345.8123,66000267207.11112,284989942500.70984,0.0388878203330118,0.0381507374073881,0.7314408602116638,0.5489539290426521,0.068187458933467,0.3147420058574028,0.0372855735096123,0.0471469392827709,-8.781282551015984e-05,0.02229392949515084,0.07699558952660801,0.06205131008921161,-0.17228131244442904,0.18538682715844462,0.304747887905813,0.03158716624771429,0.09869614429900894,0.10201328497898177,-0.33156202429181897,0.0589333520995506,0.29706239465532436
2022-05-11,2344.8802,2447.4303735806616,2031.489243153676,2077.2963,58673029305.533104,275651132950.0544,-0.1144661062609314,-0.1215645461066003,-0.1110183066166216,-0.1176786360499113,0.1080592191551221,0.4604187410249603,0.0309299481106126,0.0194161774801276,0.0286491959010225,-0.08667472892222819,-0.026259925515946816,-0.0709396682726134,-0.34873496356048805,0.13805715217901723,-0.1569672996324758,0.13175977535588587,-0.0560368802111757,0.03576501736889465,-0.36303962648845284,0.03379122787674823,0.2075523066510525
2022-05-12,2076.2308,2180.2381,1763.3276,1967.9552,76188638848.0,235933942921.74045,-0.0526362560795972,-0.0540721582553708,0.2985291495902888,0.2612322005327639,0.1463316959293276,0.3031965324363372,0.0503834505126712,-0.0130159265425601,0.0773609771961656,-0.008012936547537767,0.13012045893653884,0.1256162043389772,-0.33568907248582247,0.15670160958207505,0.44866230533697093,-0.014413444128437286,0.1515526295159656,0.09825917446122712,-0.43554231984945874,0.04304787221977373,0.3580617986019996
2022-05-13,1958.5821,2141.5723,1944.4588,2009.0528,51155420174.22222,250620530629.45865,0.0208834022237904,0.0206683330763333,-0.328568918572233,-0.3983439020496136,0.0664193491340448,-0.789887518141396,-0.0743818989529506,0.0047727593227397,-0.1185418621301859,-0.004393792181783877,0.014468318270075275,0.013947138411209176,-0.2955236629541268,0.045901510449526506,0.008767757652112351,-0.05787861071572575,0.028813980116474208,0.0017697331607433586,-0.441506432996183,0.022386866316494898,-0.012685756128573367
2022-05-14,2012.0259,2066.8634671037853,1956.7860132899104,2062.2008,27245265528.88889,244100160847.5758,0.0264542574490824,0.0261103948172019,-0.4674021748604837,-0.6299886890888321,0.0355422839982861,-0.6252653304245039,-0.038078422941276,-0.0677414842499552,0.0228405119728956,-0.005302157149386821,0.015810684318798618,0.015364233269753141,-0.24886924994986936,0.010106169803485974,0.00665215616894832,0.05574551452223628,0.017663552969490792,0.03784295186870479,-0.3833711973460189,0.0007103325714252208,0.08555488186421956
2022-05-15,2058.8749,2154.3462,2009.851569948916,2152.196458188688,18953485528.88889,249741880517.84293,0.0436405893105502,0.042715167075798,-0.3043383809641349,-0.362891916417484,0.040631429217705,0.1338187995655193,0.0021560357403602,-0.0010659049123313,0.0023890212918864,0.004758410809776761,0.015935223220388373,0.016228141656538908,-0.15534972313101048,-0.025775435711241374,-0.025124651272621756,-0.01803488388933608,0.039475029896792024,0.02873278836055404,-0.3477450038083881,-0.004350065594777,0.041005134230244655
2022-05-16,2147.94516545756,2147.94516545756,1995.641201167386,2032.479307944053,24109528206.22222,247091332938.3253,-0.055625567911858,-0.0572325473179696,0.2720366483238396,0.2406192760782305,0.039052690224373,-0.0396301200929758,-0.0044843019889462,-0.0067270593015797,-0.003930879959322,0.11090032283648492,-0.08298705362299097,-0.041710540569783544,-0.10522461930321947,-0.042544776400472356,-0.041032161359125796,0.0007625872240491771,-0.0501494567249276,-0.04586431061813373,-0.41054048732905335,0.009581122899310237,-0.07736773162429755
2022-05-17,2031.3783896959603,2119.266622070993,2024.6973088365644,2107.521592901767,25815361144.88889,250404341000.00027,0.0369215492942078,0.0362562747889501,0.0707534765539885,0.068362584348127,0.0227788306480319,-0.5390801413960395,-0.0175079818627379,0.0153423677943015,-0.0251848552604689,-0.05142435412266254,0.04115375984470149,0.012864565616762219,-0.10711908192165752,-0.13315633819899528,-0.01687129460794834,0.026395568920755896,0.027504255013059198,0.036267431905434244,-0.3524837091095333,0.011706459596870854,0.07272397902569705
2022-05-18,2107.876241595576,2120.682434822821,1931.41,1932.2717,27132605629.101044,244861557048.4665,-0.0831544945930883,-0.0868162992109969,0.0510256074598032,0.04976645645033,0.0380413507338293,0.5128421209907206,0.0053775265339529,0.0083969399818595,-0.0052476798966456,-0.003180021579829981,-0.10318945131758685,-0.09483022801480132,-0.07237083502605401,-0.1185467247527224,-0.43849557415804563,-0.017839912943166253,-0.08296338848626958,-0.08117750458486622,-0.4612879473716413,0.0013502711828632054,-0.1561220259961702
2022-05-19,1929.1163,2046.025573151766,1922.7377,2041.1424026294344,32641303838.433567,240141298213.3799,0.0563433717056636,0.0548132950302288,0.2030287206704606,0.1848423109140916,0.0264649346069475,-0.362853110915716,-0.0061482112108718,-0.0118821500994001,0.007823587151059,-0.0051126747759969865,-0.08902873190223101,-0.06535380491541688,0.03651461825954559,-0.19088460528594434,-0.6311063878499437,-0.036720789369651285,0.06328049863031251,0.041551883615994656,-0.4215655758953719,0.004322796435518265,0.06836070715884368
2022-05-20,2039.065838192254,2074.8232,1946.9523,1985.743911720596,30493566165.33333,243866167039.7866,-0.027140924042082,-0.0275160418612958,-0.0657981581780866,-0.0680627593661763,0.0418559911678138,0.4584143104400371,0.0225259733661366,0.015762721652401,0.0161304591346544,0.002920859718807789,0.0050335042811148895,0.004832730179565675,-0.011669756678083508,-0.10512741409907103,0.0484998107093384,0.019165277815035187,-0.030243144876629546,-0.02076762872536214,-0.4400962836698227,0.006388279527865569,-0.03221305896219895
2022-05-21,1981.41179101304,2015.449915871284,1957.7459,2000.3315218439311,22812438293.33333,240319858641.23688,0.0073461688776854,0.007319317203527,-0.2518933938508086,-0.2902097895730687,0.0196729743352186,-0.7549891120965775,-0.0212569721499117,-0.0162951633185274,-0.0141187771780297,-0.016646388659528367,0.013766800621730496,-0.005963375682936381,-0.03046083429175849,-0.0240697619685039,-0.02029816989879274,-0.04731452477570702,0.0004300666839665568,-0.016184903631658587,-0.40341909432918643,-0.00545401142881611,-0.08283578429188587
2022-05-22,1995.853838698604,2066.098942640342,1980.1965,2065.5447729237494,15038124330.666666,244253923700.471,0.0326012215313709,0.0320810764293698,-0.3407927667661293,-0.416717327701519,0.0211336704340222,0.071621691060038,-0.0011846705368728,-0.0082785595675571,0.0021501869159704,-0.05798402728281261,0.03705700192429257,0.011179449494058566,-0.04109492493818673,-0.021752790873870435,-0.051687562109044016,0.014954362300395069,0.0289374306336313,0.031990437687861695,-0.36396305333604023,-0.019549226131165272,0.06502359054447848
2022-05-23,2061.146943649311,2102.568936922626,1975.496404921663,1992.8111330214808,22851228878.940765,248708432463.3248,-0.0352128120657075,-0.0358477326016469,0.5195531288660207,0.4184162974663361,0.0387816169865659,0.6070788215651683,0.0194266427002713,0.0296152375757633,0.0010149331662352,0.05172712081037033,-0.04472409504203844,-0.02093969687658001,-0.019710110221864006,-0.00709248524313669,-0.08687701916671431,0.022817440801132072,-0.03682366517049518,-0.026547968218007978,-0.38985258219118785,0.0026465935191939166,-0.04235385761273425
2022-05-24,1991.82439246023,2012.0014,1939.3116,1988.8964,26343086855.11111,240128775034.24817,-0.0019644275147867,-0.0019663595331384,0.1528083235553414,0.1422009859714719,0.0260032561956157,-0.3997245768769835,-0.0097857856802944,-0.021871944259237,0.0067267074493813,-0.032014016958944326,0.011410690218802269,-0.008992066853206762,-0.057932744543952606,0.0029806868025325475,-0.1434649611809613,0.007986733463625328,-0.003046426929455781,0.0005869195705818786,-0.38693113001435747,0.014489984825163681,0.003847855865113159
2022-05-25,1992.1097,2035.3178,1957.7253,1958.134721245504,24420884913.77778,240236547736.3705,-0.0154667074436336,-0.0155875647592731,-0.0729679840447545,-0.0757671768441266,0.0253196167534929,-0.0266423074292836,0.000741080614172,0.0180124328189134,-0.0240638895422238,0.058564449158348526,-0.04799455234491075,0.019513441032997292,0.01329598990777126,-0.0154116187055929,0.055967621367837506,-0.06619196811792824,-0.010440223864203235,-0.03177343897498616,-0.4309240467479904,-0.0035962755146474214,-0.08290340170445365
2022-05-26,1955.9631,1984.1081199274663,1772.0384046087515,1820.733965530661,31938422684.444443,228503387626.2696,-0.0701692045108351,-0.0727526497222172,0.3078323245537027,0.2683710525804494,0.0663789442602217,0.9638004406359356,0.0336229941830034,0.006236120829912,0.0498325145972683,-0.011841402959480954,0.05391241765101057,0.011995288557233738,-0.11426995484467482,-0.0040337754004578855,0.4526705401422655,0.11351130494462919,-0.11427883062299711,-0.03601467546933851,-0.4329204329264494,0.00019620075577409868,-0.07968214315886701
2022-05-27,1809.4888,1828.199913196845,1729.0918,1733.7826073590802,46593465770.66666,214592983638.97803,-0.047756212504246,-0.0489341976712171,0.4588530633154883,0.3776505539244421,0.0291138270219296,-0.8241666849597467,-0.0366300560145314,-0.01168193491464,-0.0406442993794596,0.040549659491558976,-0.04247517850078365,0.01803897644021188,-0.13568811065459604,0.0885442177457535,0.117691942721045,-0.04098690497156551,-0.08507482975491157,-0.07573893466080728,-0.512181985225835,0.013986177425364179,-0.15880300025581762
2022-05-28,1733.1684346030925,1822.1433,1733.1684346030925,1818.077891551636,32093727921.77778,215764688673.75964,0.048619292773363,0.0474743395883812,-0.3111968085880686,-0.3727996925867664,0.019220704005974,-0.4152251850255228,-0.0152834892810589,-0.0127816020445577,-0.011096302945715,-0.019965411482731635,0.06564336514429508,0.012846062982203227,-0.09553308826974187,0.04769384584007101,0.12650019196508655,-0.0646959886067213,0.12589676428694896,0.04337220159081889,-0.48013475544409356,0.0034291118489493256,0.08981603473694144
2022-05-29,1814.6285302322929,1841.4654488943625,1775.7517,1827.2122,18532626119.11111,218961820855.4705,0.0050241568256288,0.0050115778645803,-0.4225467928100848,-0.5491278663799828,0.025333221322343,0.2761285984278685,0.0164951063843122,0.0001061125223186,0.0248734196728757,-0.03417198892621543,0.013614375815657248,-0.009789213928781515,-0.12260258683453137,0.017383753582602884,-0.0768100186881906,0.09332219025793151,0.001129122195353216,0.05106637129504843,-0.4331389985945096,-0.012547482582063047,0.12935345083705174
2022-05-30,1821.1235,2023.6897,1815.69311472278,2011.8934,26197168607.776222,232335012001.8069,0.1010726614018886,0.0962848513866097,0.4135702322706076,0.3461185837021677,0.0452483713969997,0.5800500481497233,0.0033115589909254,0.0141506033414706,-0.0073684045094062,-0.03703554999137931,0.04791366127308454,0.03547950733807055,0.009529997153725208,0.0163662172609768,-0.009764700457272735,0.021981265192996785,0.09918010067680536,0.09167083329529549,-0.3079416064188065,0.0013220893272866143,0.20440781545736342
2022-05-31,2008.0673,2016.586585808638,1943.8538226306448,1964.277388560135,34403463729.77778,239875018668.03653,-0.0236672636034617,-0.023951832229455,0.3132512236290163,0.2725059126078419,0.0220657361519492,-0.7181406732266375,-0.0091454204103062,-0.0142829301646978,0.0009256607840101,0.011797661782089294,-0.012002517769638843,-0.010046921512244428,-0.012455475542591457,0.038360131803724495,-0.0014220977107339827,-0.03825211286076938,-0.01296430852461039,-0.03095765599237338,-0.3657832774476685,0.011275946646548471,-0.07435660178381642
2022-06-01,1956.3429820975985,1981.3891593283367,1788.3898469544988,1837.2244810249729,32242294151.63509,231576440051.20807,-0.0646817543566466,-0.0668684379340305,-0.0628183718685306,-0.0648781754733409,0.0610478038971047,1.017631222663229,0.0368950822332684,0.0204516531954833,0.0307444706080242,0.029752346230052004,-0.047900600813701094,-0.03341236290542361,-0.06373634871734883,0.03586698631787212,-0.09818200593886983,-0.007861345483125448,-0.07586459812712396,-0.06824913146344952,-0.4426545699924554,0.006870171882105484,-0.14993946335385866
2022-06-02,1830.217021807096,1866.8872258219724,1802.6911762304865,1850.3163760314312,37556545564.44444,222181028598.4189,0.0071259092950657,0.0071006399769881,0.1648223723726511,0.1525686053265278,0.0237935210945308,-0.9422439070091296,-0.0342137636838034,-0.0177006113761502,-0.0292966883093786,0.042739312996229566,-0.030984479152516696,0.010681469741175384,0.01611694098185675,0.024991813251939127,0.05746504236177996,0.040819343106198946,0.004998965939085137,0.030152379122484724,-0.4095564124096728,0.012935816791012121,0.0741334970824632
2022-06-03,1850.402661542546,1862.8379,1759.7873867404437,1788.8870812856253,28622626581.33333,218333095768.62656,-0.0331993466314987,-0.0337629543478023,-0.2378791459342586,-0.2716501347351777,0.034317578998135,0.3662444094200019,0.0091706351967107,0.0031722183232172,0.0088179329662606,0.03814545074318189,-0.05549393624259089,0.02379229711409253,0.031288184305271555,-0.08224236773093177,-0.023620673818271598,-0.13065700335152064,-0.04521649068650477,-0.10749788156862936,-0.4982084717669336,0.005989020466322408,-0.26398774538562253
2022-06-04,1795.2814467396329,1838.3380016712024,1760.3957214579168,1822.5099114394225,21736441543.11111,216543481168.60013,0.018795389885444,0.018620939069193,-0.240585364122842,-0.2752073584215677,0.0291705980373227,-0.1624964446559857,-0.0033320823740766,-0.0021557378796045,-0.0026108912180259,-0.03139487303812845,0.032783165789355403,-0.026478906196135882,0.0024347837860832777,-0.05066519048886427,-0.08753337700700525,-0.011746900480487134,0.021876003865681976,0.01858989787554527,-0.4124694833677042,-0.007203274806286454,-0.045755978067415715
2022-06-05,1834.5075944532807,1854.9221,1789.8036261428351,1815.3933550802951,15356599601.77778,219935424736.62045,-0.0039048107856415,-0.0039124544638437,-0.2935090331450909,-0.347444862707292,0.024416826197577,-0.177888792566303,-0.0054944015311015,0.0011237968932981,-0.0073712125693217,0.00018017980160199565,-0.00013627559515317494,0.0001324333969021929,-0.006489248542340827,-0.016064967982631292,0.0001752105310619534,-0.0038043216373355795,-0.009178600146936527,-0.009693278036512931,-0.3968848613761856,-0.02099661431229939,-0.05211245013350174
2022-06-06,1819.0869784446568,1935.9038149102585,1819.0869784446568,1871.375701314711,26476270936.88889,229021583766.65533,0.030837584635722,0.0303716607492553,0.7240972365929124,0.5447035723870113,0.0403317270051953,0.501865936921186,0.0216730294741384,0.030494639424732,-0.0187142874250381,-0.08924575197031161,0.057432090351224215,-0.020082822720456292,-0.07240243917969531,0.0014221437195197104,-0.1412266113825451,-0.005808491067909861,0.03571740157022066,0.034650524469586164,-0.345969182439875,0.0027959564296424822,0.06283640388379341
2022-06-07,1881.2685,1883.7787,1739.4655,1829.2034,38037738339.55556,217047070748.21432,-0.0225354541501652,-0.0227932580107449,0.4366728014766723,0.362329885607807,0.053590227093529,0.2842282912898808,0.0171636722032536,-0.0396731018602021,0.0627864742305171,0.014097845356834924,-0.013199094675392486,-0.00858870089138876,-0.07124386496098517,0.01833586165119607,-0.04421830730773957,0.010464485211964431,-0.03703563110546673,-0.035111502967462654,-0.31795808070755904,0.010592404348612451,-0.15451617971063358
2022-06-08,1823.3981,1847.357597975216,1781.9471,1803.5530381752928,39977175184.22535,220030435472.14008,-0.0140226952479463,-0.0141219421372543,0.0509871756137763,0.0497298897402313,0.024566813295744,-0.7799702419794237,-0.0387994453858835,0.0114385002381399,-0.0461390148249382,0.03116712704714905,-0.03398428839718123,-0.006969507794538449,-0.018497369164208955,0.03793998145628086,-0.08859198025817516,0.13891263710995322,-0.041438162515588364,0.04905547433424687,-0.22472237169905282,0.0018989086785263125,0.14335186021723723
2022-06-09,1803.31729418945,1847.237096774846,1789.8827348705895,1800.6847843349078,25759760118.119297,219635762207.15955,-0.0015903351771051,-0.0015916011024346,-0.3556383111259977,-0.4394950818458091,0.0222843331618288,-0.0975125963624203,0.0013761031628181,0.0070832212665576,-0.0099397504593848,-0.005862022253632818,0.0033481846847599195,-0.0027128695989164092,-0.027189610243631857,-0.058455622096474695,-0.01835810959856632,-0.05336852369926007,0.006737243534565063,-0.03812573567673572,-0.2644647102088756,-0.04194437584839484,-0.128708985143144
2022-06-10,1799.738660010121,1827.881947074514,1672.2001,1676.316830600834,27751559708.444443,212870707732.5913,-0.0690670320624771,-0.0715680043643067,0.0773221327058912,0.0744784553146871,0.0448601977672178,0.6996670548587653,0.0133614941262905,0.0118652824071039,0.0067357967460951,0.047009365166935324,-0.03302898903886428,0.031486864826932276,-0.06499466026013637,-0.004454884198091393,0.24667288247170482,-0.001263701641726095,-0.08810489512773291,-0.04400121683234873,-0.214468168466582,-0.033470179747755686,-0.3232915202762552
2022-06-11,1673.3663834448405,1699.8555,1517.0898256381045,1539.5003,37880931086.22222,194885984345.28256,-0.0816173458998175,-0.0851411406812365,0.365001876802461,0.3111558035828357,0.0615132672593091,0.3157019417153495,0.0156807535317646,0.0028008418379211,0.0244736000614565,0.006823249998256134,0.03956677141578156,0.01789652843144264,-0.16875674001056598,0.07950567827038402,0.34741470395647145,0.0655737139690521,0.038133202313310174,0.07342787720177507,-0.24553715089244774,-0.04308179804691774,0.40176634713305925
2022-06-12,1539.1446,1554.4773,1443.3148,1453.179150355219,46614410993.77778,180561519779.1399,-0.0560708884855566,-0.0577042093910118,0.2305508248378835,0.2074618942120555,0.0384265543342135,-0.4705041396155738,-0.0214629013712368,-0.0136039707226195,-0.0169920535968639,0.022587123496563624,-0.013081773336034441,0.01645253366273064,-0.22254849493773388,0.13799773596844833,0.14043076345755967,-0.014877904400708325,-0.013633247542540014,-0.018298083895385064,-0.3239096933597928,-0.0052322004832339,0.0027733118130226497
2022-06-13,1446.288167473749,1458.982907025416,1181.3227,1211.1208,72609564686.32169,154882688896.09488,-0.1665715822416318,-0.1822074619929721,0.5576634593970051,0.4431869160262354,0.1005893477244358,0.9622976249034648,0.0484063830485839,0.0144932631124766,0.050076536079377,-0.10934018916284394,0.06796447398371491,-0.029017375792116135,-0.43512761767996144,0.1741567117528275,0.18135093086892096,-0.0024684003146452083,0.07007119635666378,0.029062850364275555,-0.5322275501699669,0.051079182765032705,0.30075389962082744
2022-06-14,1209.600813637752,1257.315669259514,1098.5827806799962,1219.0641,79186706417.62807,145569711970.07205,0.0065586356043096,0.0065372213350769,0.0905823049583078,0.086711778326214,0.0953067609705708,-0.0539456124070256,0.0242328009349341,-0.0057650182917949,0.0290885428338327,0.04939426966908105,0.12195816731114596,0.13078319089107324,-0.4057971383341394,0.13327655242326664,0.3788688799383977,-0.16157363398782887,0.14650659623940945,0.06428322310717927,-0.568405495910688,0.06402424538009566,0.17016956105668024
2022-06-15,1216.3363,1238.68758984061,1022.6750165399365,1236.4271920493968,58263423445.333336,138613968716.82776,0.0142429688885077,0.0141424907545419,-0.2642272158908344,-0.3068339251592202,0.1351202358958248,0.349064266101569,0.0756266000870084,-0.0288061715698142,0.081337904349116,0.02462397130887843,0.09849048920564432,0.101369038146155,-0.37753270544234296,0.05396704751394462,0.2514205373819305,0.15235361461589536,0.09677158322855794,0.12761049155462695,-0.49703045783817645,0.034561576339976016,0.2632723252969359
2022-06-16,1241.4543540356929,1257.0353288748645,1058.9442,1071.8412,58699222597.57491,139381851940.0455,-0.1331141802022268,-0.142848006609219,0.0074798068234089,0.0074519717826631,0.0797909836717863,-0.5267545068194508,-0.1189676399466614,0.0388181400908625,-0.1375541618209753,-0.007280470734161659,-0.16520022831320344,-0.1559090807783033,-0.5187891109491273,0.09042150673786331,-0.30663367024107435,-0.08806467037993713,-0.17663082814447056,-0.19657789503302553,-0.6761347392363455,0.03218438974541937,-0.32423148011778247
2022-06-17,1072.133,1118.707,1061.9162993595105,1091.9019,35704587128.888885,132514958768.3382,0.0187161120509269,0.0185431207751792,-0.3917366270134559,-0.497147311556833,0.035045241137006,-0.8227706807925652,-0.0265252982654921,-0.0124713339616969,-0.0275452096707157,-0.007630248197426304,0.01667814409374513,0.011392628409630429,-0.42867798580964117,0.02065889678582788,-0.0500669963610052,0.17322879324349288,0.01959711078411283,0.11784438576579864,-0.5707753192501693,0.008222181120153008,0.20535615201357782
2022-06-18,1093.1285,1102.8297,897.0112056280113,999.8306,30554862520.88889,122856483939.99658,-0.0843219523658673,-0.0880904524722587,-0.1442314565747579,-0.1557553325980365,0.1351306601248517,1.3496023324369588,0.1133839708452852,-0.0026806196012405,0.1301542447918516,-0.01723727395667575,0.06246306974812427,0.05292586438494837,-0.4316272976006634,-0.01901471302947677,0.15026911775136997,-0.08653259737293215,0.09463328661603918,0.021505087696019554,-0.7136790667526567,-0.0019950828838371467,0.10671820298518209
2022-06-19,1000.821,1151.3764,946.3026351642284,1131.4833,48424583310.22222,125367020636.70204,0.1316750057459734,0.1236988411630937,0.584840490678584,0.4604837654691758,0.1158490076979691,-0.1539544777097035,-0.0378164754240601,0.0199874908300095,-0.0464286095339732,-0.019006251007254324,0.09100285267444794,0.08544792041998162,-0.2502242470465579,0.004732017049338724,0.09069776264617113,0.040783586722377,0.13047116197694508,0.1353721842413782,-0.5624641837282671,0.01701737140086597,0.18567356780254518
2022-06-20,1132.8838,1165.3526,1067.0502512155044,1141.6753,43042361969.77778,134761406030.26784,0.009007645097369,0.0089673182479893,-0.1111464667845325,-0.1178228115800341,0.0621287342537738,-0.6230790941149018,-0.0435717510550344,-0.0253367963646282,-0.0364380958177444,0.013962693316316797,-0.0645265975226178,-0.06098253166609807,-0.05904946680559626,-0.08024499316415605,-0.2669304958422145,-0.013420210421364653,0.010203108531303129,0.004122240183610182,-0.5608161826838047,0.018857773379141938,0.001522999110330936
2022-06-21,1132.7445,1194.8579,1116.7070836954003,1130.713300448671,35559221620.36364,139410372544.02237,-0.0096016788235053,-0.0096480721496731,-0.1738552441584974,-0.190985271612719,0.0478178253420032,-0.2618101062364704,-0.0121352998554635,0.0301898486166017,-0.0502845618734215,-0.00205655777108954,-0.002993744247588248,-0.003372086133732244,-0.07523476029034655,-0.131573031401042,-0.007625009996495846,-0.06725161758329609,-0.0002993456626815272,-0.021287708079048007,-0.6025453312628478,0.01877264484473522,-0.04023055235031037
2022-06-22,1134.1085959490672,1134.1085959490672,1052.7273333250405,1055.502329868538,29379230300.444443,132482832509.10052,-0.0665163932804973,-0.0688318772477523,-0.1737943362736633,-0.1909115488912668,0.0279147522351655,-0.5382431820517288,-0.0418862501423682,-0.0542737867569751,0.0006692857288079,-0.012355441126027274,-0.03559314989490753,-0.03738627520844415,-0.15820912829264086,-0.09772337249331883,-0.07999319883600942,0.00799953268786592,-0.07862107434534732,-0.07328891425775641,-0.6355294759089531,0.005898662742384532,-0.10870911596550925
2022-06-23,1057.6902068260135,1157.7644,1056.524666760712,1149.4405,29923908337.77778,134490820435.78725,0.0889985436064,0.0852585065820687,0.0185395611717267,0.0183697985142939,0.0389028838912166,0.3319130808626602,0.0132983695430529,0.0255404605191689,-0.0043605703628464,0.018121696781404892,-0.019655724003589642,-0.014587485252342769,0.06989738489864697,-0.10788675890506526,-0.08782189557580966,-0.008369490785142361,0.0845263865880837,0.07892644739791588,-0.5483046097937461,0.0032208919189577264,0.09802820944065327
2022-06-24,1149.156,1250.1469407765348,1138.6749,1241.881626164086,31774249685.33333,144340572154.08694,0.0804227153681169,0.0773523676765358,0.06183488221756,0.0599984325938777,0.0451135077266874,0.1481133239031451,0.0094936415512913,-0.0019024466079046,0.0185547598864643,-0.03496782862761545,0.043335562601550554,0.035325288163051666,0.12870663180000347,-0.0156825542708324,0.10921516424040889,0.018197139066405715,0.058795454416222415,0.06146148371182203,-0.4553646773579371,0.0065818858983227495,0.0690953099142887
2022-06-25,1230.3907782617011,1259.9276,1187.1993,1252.329273236871,29037533184.0,148265867329.15,0.0084127559766349,0.008377565970616,-0.0861300118314538,-0.0900669625379326,0.0405823084930363,-0.1058494875631921,0.0085064123066675,-0.0116589675261555,0.0154916502962829,0.007480494805927388,-0.12834390093380563,-0.12465285574508317,0.22517465024287817,-0.0061207566974785955,-0.40865291369893564,0.10279169900709526,-0.019689348712031596,0.01668724390535925,-0.37423446166510377,-0.0025913707851763267,0.051725648400490765
2022-06-26,1248.0670634953317,1284.66419996055,1204.447,1204.447,23158357536.0,150581973667.316,-0.0382345715780567,-0.03898469544883,-0.2024681508152176,-0.2262335088387107,0.0398714280277152,-0.0176722423871096,-0.0021314511368585,0.0311888531020815,-0.0436867670429378,0.05271864988494098,-0.02588151306737195,0.0033948292397776303,0.06249111363095422,-0.10784584056618239,-0.07982395791882935,0.05185936898048216,-0.043328985196119385,-0.012573697350457103,-0.3642849594427168,-0.02118459775574958,0.0020801350919252837
2022-06-27,1205.8617,1245.897804147165,1186.2155859814063,1202.7,24295839580.444443,147642750959.772,-0.001450458177072,-0.0014515111098134,0.0491175612379337,0.0479493929517127,0.0346723214787598,-0.1397182610999769,-0.0060295762566721,-0.0092185928394897,0.0150565477621809,0.0010523379732785554,-0.0006201202692675267,0.00025221343536721563,0.05207228427315134,-0.08827554388501625,0.0016895279759052695,-0.04537314759862221,0.013979130391489736,-0.010761955843235804,-0.4132108101409114,-0.007149739026298462,-0.026020043915533475
2022-06-28,1197.9045070573775,1240.059581061982,1145.2878,1147.729,25052082638.22222,145214769322.86206,-0.0457063274299492,-0.0467838220220183,0.0311264426682531,0.0306518383184036,0.0495292732008594,0.3566221558245246,0.0155084074257997,0.017781120059496,-0.0052769157910768,0.027441343016670075,-0.0185675439397964,0.008753285455622234,0.014936534400806415,-0.053112424679884335,0.03488392412333141,0.006369642750399168,-0.03677712166711339,-0.02908565473570951,-0.46500621002751014,0.005981066382339144,-0.03303261797305601
2022-06-29,1148.0614,1161.8372634649902,1093.4198,1101.1178,27135989253.35192,136954609540.0296,-0.0406116774952972,-0.0414593616531406,0.0831829690658236,0.0799039002548388,0.0341830640918884,-0.3708335531508528,-0.0213040959786885,-0.0264273316468602,0.0087166954725511,0.05459450792876734,-0.07345862245442787,0.030137419448310804,0.04230904999541784,-0.011714212064376341,-0.03349457258327826,-0.19395897858178326,-0.011313950340027745,-0.07449814774523461,-0.6027504230672606,0.000858351823641522,-0.13802455882813403
2022-06-30,1103.895,1109.533,1012.8309821820676,1071.8162928168974,29618717489.77778,127637935456.48456,-0.0266106925009318,-0.0269711663369018,0.0914920850405032,0.0875456455299005,0.0618210760880642,0.5925140239234366,0.0397182398859093,-0.0120295715889964,0.0513138542520742,-0.03102736421204938,0.07779460899599942,-0.007909261815957108,-0.06992062292355271,-0.0016043649793926241,0.1778963066173478,0.03779838558652387,-0.03386267622367295,-0.026656163011031186,-0.6057697571747072,-0.004382344385372236,-0.04002991876726247
2022-07-01,1073.6864622678754,1106.5238,1044.6455,1071.6436437815794,35559509660.44444,130004404233.34567,-0.0001610808087869,-0.0001610937836937,0.2005756046904121,0.1828011123641425,0.0406738034601301,-0.4186601077584826,-0.0302617437156388,0.0177894724787694,-0.0433591068489952,-0.05363310983207298,0.020254060633418558,-0.02820152572989229,-0.1474340843837823,0.019719088142189905,-0.11678041773328562,0.0937975346063987,-0.016438866223005444,0.017117913263301976,-0.5390624130243706,0.0030402751355562492,0.030796827118846015
2022-07-02,1062.5635248916626,1082.0161968113314,1036.1839563379244,1072.7705351227685,22044447196.444443,128577868996.1294,0.0010515541688957,0.0010510016730963,-0.3800688646456178,-0.4781468791210132,0.030022260545096,-0.3036451109162978,-0.0087362239759435,-0.0185856369741997,0.0030844209179558,-0.01628789500495642,0.004779505511507923,-0.005931925002349958,-0.1547606486813021,-0.036739955774822385,-0.03667812044178431,-0.018911908761000823,0.003787332309523328,-0.004805639386339211,-0.5451120513282626,-0.014297187954825813,-0.01130076183757156
2022-07-03,1070.3150942705586,1094.1404,1048.3995,1083.1197,15787262478.22222,129675710711.96677,0.0096471375176678,0.0096009010152843,-0.2838440294039873,-0.3338572997163633,0.0292779099549425,-0.0251058194475763,-0.0021142426815077,0.0024517870227521,-0.0035731559906464,-0.004552998542479786,-0.0013918409357113748,-0.003630678240242158,-0.1061750522171876,-0.040245191857817005,-0.06651226378669328,0.045973991888971694,0.0017327770944953191,0.02260291777923873,-0.5017481959651758,-0.01198662241997978,0.04276179629411292
2022-07-04,1081.6856,1164.3997,1051.3719,1158.1628,19456842912.0,132990424467.71776,0.069284216693686,0.0669894682616305,0.2324393123152157,0.2089953862215649,0.0583988414213825,0.6904627457373627,0.0261362664922274,0.0049641192617081,0.0264759806315635,-0.019013042881667316,0.04182171772871229,0.030105417429285575,-0.037734072845743705,-0.027329185998113716,0.0825326123983523,-0.04302310359749015,0.06588965018219894,0.04089318365866218,-0.45337966677273844,-0.002143966301793104,0.04114854696741066
2022-07-05,1155.2573,1176.7304770502194,1085.5213243662442,1139.1559148605768,29154314261.48252,138268747897.76654,-0.0164112378151183,-0.0165473938935724,0.4984092945264831,0.4044040750959907,0.0563780882475111,-0.0352154741963297,0.003918584538024,0.0045539021201084,0.0023591051353033,-0.020319196400336678,-0.028640087682159504,-0.03306592680306754,-0.007497644717297686,0.02321605735554842,-0.2899166930422308,0.015424749613930533,-0.016522808937016853,-0.0093483106778941,-0.46601460620246693,0.012907039046628875,-0.006830578536487941
2022-07-06,1139.1187617892538,1206.9389,1120.7566,1196.153205961658,30791107583.090176,139430848923.67215,0.0500346707220118,0.0488231833595419,0.056142405097489,0.0546230295041953,0.0426863895823236,-0.2782004524862036,-0.0202897465520412,-0.0016625994057474,-0.0222697929176685,1.1592089296345864e-05,-0.0016907932325811864,-0.0016433803773303474,0.0827849002953849,0.020241162666018487,0.06887444261673226,-0.157063385161304,0.050636823773022144,0.012934700767186391,-0.4475630835921802,0.004002346837861658,-0.03736801251553512
2022-07-07,1191.3862854828665,1260.2895529881644,1170.1369,1245.3451088794006,27355582592.0,146479360698.31143,0.0411250855430298,0.040301941437398,-0.1115752326160847,-0.1183053087103099,0.0446814073785752,0.0456773484978687,0.0026152002993116,0.0031130104065011,0.0009545573869609,0.015417303091935827,-0.03882612564008496,-0.03106344445554826,0.15005800806968506,-0.012484313630743283,-0.09419769021889568,0.04714019482806528,0.02075746500145953,0.02540818407835166,-0.3844678841440371,-0.009937946864340587,0.021853194816611743
2022-07-08,1247.103757452188,1275.0164,1204.6779048296191,1239.227641699923,31799601437.43554,150820926578.43365,-0.0049122665965117,-0.0049243714358046,0.1624538183564465,0.1505331315452779,0.0399323753968072,-0.1123700644460661,-0.0022180484664639,-0.0007937059171821,-0.0021983038899192,0.02831725502353038,-0.013780908452240948,0.0065116131080214384,0.14529473041757412,-0.021091974696896384,0.073975859859432,0.026261468814308395,-0.007386039763820018,-0.002687040355912107,-0.3752703134425874,-0.0076751627489729,0.00425379625315192
2022-07-09,1222.001238125183,1240.3202,1213.4956,1235.5251504623131,23189467064.88889,148905367041.54578,-0.0029877410033647,-0.0029922132116043,-0.2707623361093613,-0.3157555865369491,0.0138647956339563,-1.0578344690800314,-0.0265721378843785,-0.017512031145063,-0.0200739539108024,0.0021656624776979216,-0.008781923637816547,-0.004067679309080002,0.14125151553287357,0.006470462635753303,-0.05027872616504814,-0.020054253152832796,-0.0028773583746466436,-0.006490466842383025,-0.3766709255517572,-0.0024245986628716213,-0.019361297115832343
2022-07-10,1222.1854005543432,1229.368577548065,1162.470745490023,1177.649502893323,16618974752.0,144597728340.49762,-0.0468429538219712,-0.0479755975320035,-0.2833395133447139,-0.3331530698374128,0.0321417807457742,0.8408038254274546,0.0164897768854281,0.008278537451774,0.0142821344676464,0.04008861171658487,-0.001508822791055138,0.03325940930978315,0.08367501698558553,0.004673861347285052,0.17277849879661522,-0.0020326621844420356,-0.060197971195408595,-0.059652419653917876,-0.35307851871945395,-0.010569952912994458,-0.11897204344835566
2022-07-11,1175.9659715904672,1182.1782,1101.2458258627864,1102.0936951312865,20335328192.0,139820260718.5402,-0.0641581451666274,-0.0663087752909963,0.2236211015094513,0.2018145785769758,0.0298093497415348,-0.075334670660986,-0.0095319480108295,0.0033542691006803,-0.0183840432625728,0.005607248328749231,-0.02606653212455516,-0.0038486669524907813,-0.04962322656704117,0.00491309746637754,-0.13417258917751118,-0.017535353536261664,-0.0785626022236871,-0.08042626683406234,-0.33424615332921365,-0.016889034933183764,-0.18561248289970944
2022-07-12,1106.7296336708043,1106.7296336708043,1041.3910204067215,1041.3910204067215,22624625941.33333,130853539895.79842,-0.0550794138399765,-0.0566543908290997,0.1125773691832496,0.1066792779733517,0.0205194740618745,-0.3734477045569768,-0.0204966114917264,-0.0192246478714413,-0.0071080234145547,0.0311351211525491,-0.030714264543725923,0.02726364301871853,-0.08973022350256848,-0.037109074937059866,0.18146500451652514,-0.004104893880548667,-0.06641213314968869,-0.06602386560534812,-0.3331963347673016,-0.023563629935452707,-0.17181010283875708
2022-07-13,1041.4937,1122.3607,1027.2042874841948,1122.3607,27991844408.88889,130300605137.9273,0.0777514670345969,0.0748768958453838,0.2372290477408554,0.2128742401668476,0.0420037761288435,0.716385132610343,0.0349846710142205,0.0,0.0349846710142205,-0.05802148772382358,0.11461388310517649,-0.0034278143378021486,-0.06367651101672658,-0.016340218565305153,0.11748724594595172,0.035892734433889815,-0.008148406829694088,0.0016467824431359301,-0.07611197692894547,-0.0453588844224498,-0.10320143655766834
2022-07-14,1121.1215,1210.7222906596376,1083.2803774487536,1200.3983,33212883811.55556,137803595186.90802,0.0695298757342448,0.0672191834505371,0.1865200208460975,0.1710246706207649,0.0661968920907857,0.4548739925002989,0.029694004469844,0.0256601263965272,0.0243861044202235,-0.05647733177442227,0.05923950377190175,0.03004404221693016,-0.036759269003587614,0.0338910191211531,0.018166553239581384,-0.029283253967859087,0.03900490510062954,0.029908113011807957,-0.015430014813485406,-0.04899457446969221,0.01654472241443572
2022-07-15,1202.1311,1287.6012,1188.2194,1242.9366327086418,36489480042.14634,149254700290.3573,0.0354368485099001,0.0348234135233507,0.0986543730794846,0.0940861337650721,0.0528735815667161,-0.2247297037265907,-0.0103748091066203,0.0235827961768198,-0.036478757612184,0.006430209583453694,0.00809100088827927,0.009297798363917309,0.0029885159555679023,0.026331748653390243,0.05445382397332921,-0.02499711079279946,0.027704285531340467,0.023516623580089657,0.005250907955323425,-0.024069837193664245,0.006854565384141642
2022-07-16,1242.1294909309358,1385.139629262649,1203.3131,1363.7754754133634,34886580302.22222,153971930575.81848,0.0972204370880809,0.0927801064919442,-0.043927722129028,-0.0449217643210656,0.0808045457108548,0.4241294118970744,0.0209830484489631,-0.0080860442847503,0.0401494836955208,0.0011416034160100716,0.03999624934386187,0.03933231830695755,0.09876083565911654,0.06280331051004973,0.2273959313141114,0.027204212119981905,-0.05222939804418186,-0.04701349113417125,0.24087902105648668,-0.02700421321765964,0.04880030446147354
2022-07-17,1363.644408142562,1390.0026525750643,1339.1401,1349.2181987126703,40294502407.11112,165788536804.15442,-0.0106742473105998,-0.010731625768275,0.155014394017416,0.1441128062488435,0.0255172084566864,-1.1526801567423193,-0.0487144681831723,-0.0172792834001891,-0.0513815108251316,0.026459528835214956,-0.029898123134045246,-0.02168377561543061,0.13600480742284496,0.11618847455479606,-0.02039947071356818,0.021487702793659455,0.010768595117368718,0.015904741982924686,0.21160427451303243,0.005262141655494196,0.04496987488356141
2022-07-18,1346.9463688477426,1580.4684481684196,1346.9463688477426,1580.4684481684196,45472385489.77778,178588463808.17148,0.1713957384182871,0.1581959766425864,0.1285009808621653,0.1208901864484609,0.0539123697660022,0.7480068803161175,-0.026572446643235,-0.0238775948884076,-0.0116599906926491,-0.07056728794373238,-0.012793701776695782,-0.02534852234339341,0.36050955935642776,0.11016663660082407,0.06502740948350394,-0.08458771400212656,-0.11460614390144314,-0.12693109076696857,0.4578907036278773,0.016913540096308015,-0.21857267456665785
2022-07-19,1597.162683639545,1625.3763400606304,1514.6933,1556.6581,60577417358.22222,189274361362.7257,-0.0150653739377163,-0.0151800094925146,0.3321803267136725,0.2868169433707659,0.0472450265012746,-0.1320125571487618,0.0469601699591756,0.0275032159265891,0.0380635084600733,0.13866059552426777,-0.10346658919806047,-0.021230756033906922,0.4019839406930128,0.1462612657440212,-0.01018542119282917,0.12487332530920524,0.049917840326178464,0.08296298881694025,0.3190118529722691,0.01357055707910321,0.17929591762264407
2022-07-20,1556.3268,1624.4504675590988,1515.7945,1530.9961,48044646014.66202,191257381374.37048,-0.0164853155615867,-0.01662271046793,-0.2068885054879138,-0.2317914688544175,0.0478786394428727,0.0133220751386029,0.0059710190559641,0.0228791416902055,-0.0218360991927299,0.010396574500120687,0.03320203314633399,0.026631904635695924,0.3104843343796989,0.0694263774739658,0.021749930308658127,0.02209963995986429,-0.004403069519665348,0.007983624017525448,0.29342182425634966,0.005532774881978591,0.026372383373355124
2022-07-21,1531.9813,1610.88317221926,1484.4246260632528,1588.9633,44777262279.11112,186642742970.7428,0.0378624086632224,0.0371632216832504,-0.0680072392364754,-0.0704302317478234,0.0531673331835893,0.1047747055407302,0.0003054369391721,-0.0241513912429727,0.0300983367719244,-0.0663860447422308,-0.05082164159947867,-0.08356878210515674,0.28042837261241205,0.037950397594916946,-0.4288210538976118,-0.056671827243838055,0.010665725284396854,-0.017370503674129623,0.3402331180892733,0.010116117358475844,-0.06136266619129449
2022-07-22,1586.2305,1653.4436738053014,1533.6317,1550.0487,39748902783.55401,194088635573.09525,-0.0244905593477204,-0.0247954412084661,-0.1122971624351155,-0.1191182343771106,0.0512198831947555,-0.0373163695395062,0.0018892311704097,0.0255357949254855,-0.0273768002027378,0.0532341558533629,0.031497753003246746,0.06173536515046797,0.2208095178805952,0.01044120711257639,0.25334260996106694,0.07955123479692551,-0.08987889973326815,-0.025608954958474067,0.38426955412855934,0.011258960570177577,-0.032317133538175113
2022-07-23,1546.9792,1607.2792,1506.9930576514555,1562.7439860544457,33412789469.98601,189175758750.7328,0.0081902497995358,0.0081568917205383,-0.1594034770738261,-0.1736434928386933,0.0451184570039013,-0.1268363913106722,-0.0101168197994841,-0.0189873375787335,0.0118945757116282,-0.031638750015093656,-0.03674498062810986,-0.04589115017493353,0.13618630310918917,-0.004707630970709268,-0.3700326156039848,-0.026582296951424278,0.09822050270899005,0.056927976336215685,0.307167939267029,0.0037597606282758988,0.1361051019472923
2022-07-24,1559.1414870054143,1665.7811917716504,1559.1414870054143,1610.5631646500924,31552703891.1777,195321834743.3526,0.0305994961569993,0.0301406680286918,-0.0556698679851075,-0.0572794578555937,0.0422109478430273,-0.0666117940401362,0.0022163173117329,0.0144459309163964,-0.0308435215481581,-0.019638583794286457,-0.052915386922410095,-0.03229744634450461,0.17705859690615594,-0.028388331503948202,-0.1932156316659186,-0.04221094034713897,0.06640142322791392,0.04257056789455421,0.259956239619185,-0.00023832692936688707,0.0679678316677943
2022-07-25,1607.7257977417212,1615.322116698492,1460.9212,1460.9212,38214308430.22222,186748965978.7017,-0.0929128195245936,-0.0975167138881705,0.2111262655023089,0.1915507246206658,0.0387943741782137,-0.0844043742468314,-0.0254635076834812,-0.0254635076834812,0.0,-0.010330404284436906,0.0,-0.010330404284436906,-0.07865409362460088,-0.024198233609998895,-0.30655736580497184,0.09358155463525687,-0.023829132778231177,0.02124947069446309,0.15406195976039833,0.009824632578080944,0.08798330644229635
2022-07-26,1451.74,1457.1624,1374.63,1451.6643495365652,38720087186.28571,172372771139.0349,-0.0063363105850163,-0.0063564702044563,0.0132353240668223,0.0131485024014726,0.0412288231928867,0.0608623631058722,0.0329193446304914,-0.018007735692565,0.0545521710079864,0.022402851913862598,0.0822744267792619,0.052667206737196146,-0.06983055433654263,-0.07662253501205282,0.5481886388730031,0.016198561280744955,-0.02600774555382951,-0.010729423562509721,0.18669018500477208,0.016442847610130013,-0.016539976559685865
2022-07-27,1462.7833443511845,1651.4757841488135,1435.6967,1651.4757841488135,38162597909.40767,183481724070.94275,0.1376429990004486,0.128958577348688,-0.014397934441519,-0.0145025904679826,0.0641576436494633,0.4422056329067199,-0.003523922429937,-0.0037541112609241,-0.0033949018539428,-0.06982694030656644,0.05874177472815183,0.016589252785819353,0.07575073348007541,-0.036668152732432374,-0.00934175099284884,-0.15751192375178028,0.03586216690904609,-0.03611531328627576,0.3171002734632737,0.014427524551191258,-0.1373237146269688
2022-07-28,1648.3852066277234,1788.0517,1619.8921220349998,1736.871029175618,54525808867.55556,204397199071.1136,0.0517084451654967,0.0504159325253894,0.4287761277938078,0.3568182231294443,0.061816481444557,-0.0371732177725534,0.0086568138731432,0.0485998602305074,-0.0162892592601831,0.03210256792730043,0.0419835799901003,0.048714276844699256,0.08900344432221444,0.036181638162268784,0.32845759760178295,0.06010470198518223,-0.02646287257934732,-0.007716539033624903,0.4143000280106814,0.029991211180367034,0.06349040594069488
2022-07-29,1736.4374112332669,1772.4409,1673.8285,1741.7085,50718220608.0,210260371837.7069,0.002785164092856,0.0027812927099691,-0.0698309358198477,-0.0723889199155096,0.0404338439000943,-0.424502864374892,-0.0171670977503962,-0.0296537778977666,0.0033394673513046,0.002692827760149945,-0.015797042995698035,-0.014055477219659357,0.1165801782406497,0.03920609699007832,-0.03719902692606847,-0.0008942606631079653,-0.04394428783521159,-0.04005839907997255,0.4585406823737911,0.023364910324394687,-0.08016485216417624
2022-07-30,1739.2731,1752.9588,1690.8993,1709.116983627041,38780805376.0,209973617207.02408,-0.0187123829119275,-0.0188896747343864,-0.2353673904347712,-0.2683598094463969,0.0230528305028397,-0.5618785942832658,-0.0202686104008748,-0.0048564172411502,-0.0208214771389348,0.0169766776139881,-0.001579387799098081,0.005134445852306435,0.08953361178572503,0.018640097085616925,0.03594295774176026,0.03921089302602691,-0.06593154920482908,-0.03014586014692819,0.46662217397630656,0.008932413848897562,-0.07322242459233208
2022-07-31,1707.1588713550286,1757.9290085900388,1683.6326,1691.1316,26165296341.33333,209051180693.17697,-0.010523202214557,-0.0105789626374337,-0.3253029149950027,-0.3934914517893973,0.0299666868972819,0.2622977676218001,0.0122184230020862,0.0196040675410646,-0.0095329239770641,-0.0016760992015674298,0.01453509694802363,0.012564362695666215,0.04881398111959947,-0.01870806715202377,0.034998208269944264,0.018555673306978965,-0.02021378473815208,0.0007387939455678894,0.4562043051225667,-0.009159759980554377,0.00042313754931644354
2022-08-01,1691.5817,1713.4912,1619.2664749149642,1642.1101065313976,29122110556.444443,203935920384.1055,-0.0289873913234205,-0.0294158255263252,0.1130051873496358,0.1070637329740435,0.0354847308665325,0.1690161596058659,-0.0005433235115226,-0.0102932292742289,0.0168866805188035,0.05622604090254364,-0.08165021823556204,-0.030246573997402798,0.11691486948144474,-0.032389255159852665,-0.07846063763873246,0.038726559464041355,0.008983341108436932,0.03677284005543768,0.42573747792314526,0.006908806368874386,0.08285604261011326
2022-08-02,1641.834316493051,1683.1536888140563,1574.9974,1642.811334153925,36179693226.66666,197328796703.3783,0.0004270283824077,0.0004269372317363,0.2423444776278565,0.2170003022431829,0.0469614711884983,0.2802250160555859,0.0144747537928375,0.0011553721667021,0.0171171174048921,-0.0027728128488372084,-0.04832110909822909,-0.025919494939701443,0.12369827691763755,-0.009240391130925096,-0.20944631805946745,-0.002682716407755553,0.016899918421929283,0.007586452608556893,0.41656351413959714,0.01964311324718639,0.019609797776853233
2022-08-03,1641.113057569082,1686.4746,1603.7184423672425,1625.3491,36776126456.86411,200987582856.0789,-0.0106294823945308,-0.0106863788885506,0.0164853036884748,0.0163508962232401,0.0350689217008373,-0.2920121869486576,-0.0122598383491207,0.0071708221517067,-0.0242838050566092,-0.04233606767257876,-0.012329785534941962,-0.04386840698030525,-0.015946679319601333,-0.005079381025437056,-0.43111527438205965,-0.0022090414843289885,0.07640708329246049,0.05061807554381159,0.3388876669894161,0.016385131709876617,0.11571203191950952
2022-08-04,1626.1248863445346,1667.756614564216,1592.3655020103715,1618.822772450144,30469246030.22222,198395883527.16675,-0.0040153389507866,-0.0040234220691271,-0.171493874811406,-0.1881310490365188,0.0325900369121828,-0.0733086911541818,-0.0031242163002409,-0.0042889514038026,0.0010201103207636,-0.04495307256071588,0.013893922252733261,-0.028507313265649148,-0.07038603391411782,-0.09250590132306358,-0.22588896380634704,0.00758944105930498,-0.015302034887690635,-0.006068459525619629,0.35141163881386117,0.001233111392631492,-0.012534138498687453
2022-08-05,1615.1411156372592,1733.5388400182974,1615.1411156372592,1730.8868765460238,34332756216.88889,204649384598.31625,0.0692256780686788,0.0669347211452714,0.1268003213087216,0.1193820421715499,0.0255305802379825,-0.2441296667844583,-0.0227372210731264,-0.0170307938362036,-0.0185931793170161,-0.030272784810646665,0.04501554390743077,0.030247862222138808,-0.006232605478815417,-0.06829396182161987,0.08614488573235013,-0.09687076810530654,0.06126999180863599,-0.0021615892540096104,0.3695231765995907,0.0033137295433077374,-0.030069607275409194
2022-08-06,1742.5443279913638,1754.8106630888954,1697.5081,1697.5081,31936933674.666668,210393597855.9242,-0.0192842045302411,-0.0194725703917988,-0.0697824120815465,-0.0723367546967821,0.0169187425002364,-0.4114549275881605,0.0048535897489846,0.0048535897489846,0.0,0.01915451410471041,-0.019076184628453202,-0.013589070609057674,-0.00681550113622793,-0.029966116521384492,-0.00028134083581088376,0.02197499738498135,0.034002229143261176,0.039894319796898836,0.30974866477039376,0.004270297964155076,0.07942243370969071
2022-08-07,1696.5739,1732.6398422959237,1677.6249,1706.1710361805326,20121560003.55556,207413169864.0016,0.0051033253865078,0.005090347556175,-0.3699595518928423,-0.4619712583128105,0.0225453342584022,0.2871061069403882,0.0073964192218812,0.0027346581252785,0.0137662872988122,0.00010211090810878509,-0.0021082525026134696,-0.0019054232317847891,0.008853809057380821,-0.027230590076348034,-0.017703876030413568,-0.0032577165094344884,-0.015320803660603122,-0.015324365289339281,0.3197633837623735,-0.010921368224849664,-0.02772988646123764
2022-08-08,1707.4366806665869,1815.7831690083751,1703.7666051928832,1786.564,26660251576.88889,215048813760.3065,0.047118935976921,0.0460425223583637,0.3249594749203299,0.2813818740046672,0.0351359381847569,0.4436963485323293,0.0105120668577648,0.013597149766216,-0.0036614442684792,0.008301275827678256,-0.0032062076280710977,0.000774179413213047,0.08431215694206974,-0.011308224344455857,0.1179682362447858,-0.053436691782871984,0.01330954979495147,-0.0051739074276917485,0.36879811933234147,0.0032583719150724643,-0.01841254969903261
2022-08-09,1785.4938,1822.7509,1682.2709,1716.0553792613443,32706398968.88889,212047593999.6456,-0.0394660480893244,-0.0402659492351385,0.2267850839502676,0.2043969946824691,0.0510723440815706,0.3740186524188846,0.0161236605821873,0.0037019658344556,0.0243056268611339,0.03915378304297596,-0.024881383538114484,0.009771518416417074,0.043619270475194954,-0.016174775426497257,0.0634889911345371,0.08245013566027261,-0.04669098544379624,-0.010745949291116552,0.37650776762920646,0.014965744948916128,0.012467621033774856
2022-08-10,1710.5438519509355,1881.7926026399064,1673.9062672607452,1865.856097051032,34392203512.888885,215438491180.54657,0.0872936384221862,0.0836917082017157,0.05154356936707,0.0502591507440097,0.0627245355611878,0.2055095488690037,0.0069385482547069,-0.0068078698448328,0.0140712216687185,-0.04433151025681409,0.010169634652789694,-0.025088526110962586,0.1379973575654615,-0.011255055705361299,-0.1151553133742631,-0.09539844899346447,-0.05248404373444909,-0.08817425200868317,0.5265082511219187,0.012895897809401554,-0.16948447735503502
2022-08-11,1867.4742283929847,1942.047026292868,1867.4742283929847,1897.9421,35785405902.22222,232379153385.8825,0.0171963974068951,0.0170502128832828,0.0405092505576507,0.0397102573047284,0.0257956465469445,-0.8885469486606845,-0.0262395526908629,0.00150523834456,-0.0484816915601856,0.02983041665455609,-0.05766440729770992,-0.0025090396147855465,0.1590709925178715,0.024927321878087674,0.02143602212878193,0.05245016774889298,-0.11887513696882038,-0.07043013201774245,0.6002128548343012,0.01192490930239785,-0.10034413308587453
2022-08-12,1897.582,1973.6109,1876.6402037587177,1973.6109,25462167594.666668,233298781484.38147,0.039868866389549,0.0390946151932186,-0.2884762111057819,-0.3403464271633503,0.0259423891651282,0.0056725389609608,-0.0063462600893595,-0.0299916844114908,0.0236454243221312,-0.06507132203985128,0.08135651154575402,0.016285189505902742,0.13123088656581866,-0.04194742438042325,0.04441933868476289,-0.11964025337722668,0.05142146250294488,-0.007464573262602442,0.5644305741821359,-0.0022811132762845655,-0.061111555452547206
2022-08-13,1974.6185,2031.887024032448,1963.0583,1997.2170005725009,25526361080.88889,244086328781.66293,0.0119608685645691,0.0118899026913545,0.0025211320278824,0.0025179593059797,0.0233188494060352,-0.1066162572588456,0.0007128756711401,0.0221818669143054,-0.0135810535639442,0.05571294975311798,-0.032618888712791026,-0.007334294275520861,0.16259335964897198,-0.031448604001120053,0.05756367340943713,0.09504267686232268,-0.06576919393653262,-0.020724998897218586,0.5091012934229533,-0.006963352082381985,-0.11976549157534144
2022-08-14,1997.8545003458084,2038.344,1932.604095705316,1952.2013397607243,19248559004.444443,242576320713.1,-0.0225391936874524,-0.0227970837704172,-0.2459340779733982,-0.2822754850524346,0.0348194121889995,0.4009130318775855,0.0103026003507837,0.0072521122140924,0.0082391503601541,0.031746263539685904,0.006491966032280909,0.02941579061864702,0.13470592832237976,-0.0043602625357097675,0.19161170607628142,0.05120214749811164,0.04619808902816219,0.06891141407557223,0.45148079612918507,-0.015797476362184273,0.15033823705648275
2022-08-15,1950.4265034167,2022.0255,1897.4129,1921.266,26022651548.444443,236423528037.43988,-0.0158463879368692,-0.0159732842934987,0.3519272555642154,0.3015311711171747,0.0439927073922203,0.2338488263169766,0.0121051301511528,0.0134938063510495,0.0002509080593315,0.0010531128340748042,0.03908107217757123,0.025902367333722684,0.07269012167051739,-0.003196592939167262,0.1645185434264529,0.007957274717093066,-0.04304252880326634,-0.017566306506775986,0.34272740534374213,-0.008220005938239853,-0.1677727713570718
2022-08-16,1917.3466,1928.407,1875.782398442438,1894.5207018596907,24174489756.444443,231826434937.7756,-0.0139206638436891,-0.0140184649832703,-0.0710212711629102,-0.0736694372688745,0.0180931820488473,-0.888488694170765,-0.0288824142041443,-0.032829561663123,-0.0037946999321405,0.024752632322647544,-0.042536447241840136,-0.004803151761976543,0.09893760592238542,-0.04378781324773513,-0.059907378703391245,0.01990969795130268,-0.08090288052114049,-2.4825875524853158e-05,0.33944056612874685,-0.0151243773628696,-0.02361304032105882
2022-08-17,1892.872989582588,1969.1631,1837.672921704091,1844.6625215312208,23311337543.358887,229990857645.48428,-0.0263170417085061,-0.0266695331619946,-0.035705085062052,-0.0363581027992626,0.0461614123459486,0.9366090335560702,0.0340107840793598,0.040702118960442,-0.0041600139866748,-0.019770577968120776,-0.043959477204752066,-0.030716813689243658,-0.011423635441325151,-0.05989135911623927,-0.5311866791955397,-0.018059862339835586,0.210070797349327,0.08757875728897524,0.15457505632416585,-0.021172897749793466,0.2660604642996889
2022-08-18,1847.7352456432857,1889.6271,1840.0578500676288,1848.1317,22129731861.33333,227965480310.28,0.0018806575339858,0.0018788913116985,-0.0506880259370695,-0.0520177946029555,0.0187961906702427,-0.8984899930994481,-0.0291782629027167,-0.0284890598892987,-0.0063301066857973,-0.009769071729432935,0.005678300659375168,-0.009014812196729102,-0.0265949570129094,-0.07911144986981114,-0.02026439576718264,0.006524772350865016,-0.018379875664041173,-0.010341006618831583,0.17163395712837898,-0.037831633372553,-0.02497368233689845
2022-08-19,1848.7237,1848.7237,1617.290556971125,1617.290556971125,26545661425.77778,212391369057.99945,-0.1249051369168522,-0.1334229835488299,0.1995473597292103,0.181944285410397,0.0450985825808139,0.8751965922697789,-0.0227161374677069,-0.0223112828874677,-0.00426960857306,0.0020032179835730857,-0.013493037255598096,0.0009229291608920526,-0.19911255575495795,0.006510737265744441,0.4010322942704292,0.09447989977864674,-0.05895570946825576,0.03795433349058813,0.054833684047479174,-0.02179555953210426,0.07213958749405802
2022-08-20,1618.057728180201,1655.1277927310568,1541.9544343655143,1584.1249891055302,27657180399.052265,198182547072.3592,-0.0205068704090547,-0.0207200558222992,0.0418719637626026,0.0410190603136146,0.0483191927492335,0.0689780294869399,0.047885711458635,0.031514886963273,0.0360534778016181,-0.014607436926160691,0.08359919536804374,0.02403045869097399,-0.23172251426861157,0.012681791385818259,0.23345357332923333,-0.00561609258022705,0.009774958504232018,-0.0002857486106291329,-0.0030495934580705287,-0.017702546418896185,0.007358827622496733
2022-08-21,1582.116311738924,1645.702153154136,1572.4913649553978,1623.638156439745,22272454165.33333,196830429233.25107,0.0249432131971643,0.0246372092967732,-0.1946954156578975,-0.2165347074834394,0.0278593542852557,-0.5506600561817976,-0.0209194284245529,-0.008452775115234,-0.0220778054463157,0.017821747015542205,0.02653823286709335,0.03180754070418543,-0.18428822120142116,0.017725361648676465,0.1344475498333697,-0.0009541891898813271,-0.0022778443745022914,-0.0019493178517391851,0.04638305704716891,-0.018400187227372213,-0.00585210254447488
2022-08-22,1624.192760987107,1629.18,1542.4863345014626,1629.18,22886773482.666668,193726999424.67227,0.0034132257475441,0.0034074139135218,0.0275820218451505,0.0272084908155633,0.0386184664620576,0.3265617768674596,0.0261598630136645,-0.023062111848039,0.0391504736924443,-0.017850452706386424,-0.0006398484675232963,-0.011014440530270897,-0.16490752299440053,-0.018387850619375663,-0.0944197308903667,-0.005437654675931991,0.006048396579075271,-0.0016797806859074615,0.04163357924015249,-0.0112479904796321,0.0010273041494455182
2022-08-23,1629.7592,1671.2389619743165,1574.818198137329,1667.7250656137285,24779859818.666668,199058414395.6161,0.023659181682643,0.0233836408289455,0.0827153000589502,0.0794720526276366,0.0395074512499534,0.022758725532233,-0.0081977201118191,0.0072732011098501,-0.0087903365626836,0.009932232423801535,0.017299614095520416,0.019922220702664806,-0.12750541718218456,0.003576143582667665,0.09370103570098354,-0.026819113117677984,0.027713422729983728,-0.006286718783746481,0.03487655204040633,-0.007304862010961703,0.001476514963657749
2022-08-24,1667.7411479093928,1691.0087,1614.1574689037502,1662.1499498996743,23570177322.666668,202060939786.24008,-0.0033429465257827,-0.0033485466556259,-0.0488171646188549,-0.0500489789942598,0.0328227151433136,-0.1853684828006447,-0.0103552878537451,0.0081699903680349,-0.0134034685806466,-0.027399931454421378,-0.010266863853601454,-0.022197556021103987,-0.1041844306758159,0.0015251672896968178,-0.1860293038380283,0.04490772666204401,-0.07218109624263977,0.0030450349301554547,0.12904471927295086,-0.015979271589533252,-0.0444595598493942
2022-08-25,1660.851073632139,1728.7711582539098,1660.851073632139,1704.717194787468,20562254912.0,208056601229.9643,0.02560975012535,0.025287313891566,-0.1276156037983663,-0.1365251308741876,0.023253090496927,-0.3446827627569289,-0.0108751427783571,0.0082548038259402,-0.0309323409044164,-0.053624685087920856,0.018405627427873855,0.006659207155411656,-0.08077600809594837,-0.009271890425292632,-0.08022321803724486,-0.01961143719845676,-0.04515509855264231,-0.03211742914699933,0.16068850336897322,-0.020174619051788266,-0.14879107326973195
2022-08-26,1705.004677644269,1719.9271809491668,1522.8738690807456,1529.236258810948,32809402659.55556,201444982693.8265,-0.1029384442845359,-0.1086307952918343,0.5956130687013419,0.4672580314776823,0.0532038733281754,0.8276931528192093,0.014967375962356,0.0083023867438663,0.0217022230187005,0.0900944376234574,-0.1190373436833018,-0.04344949062406166,-0.05598381983895274,0.03654732007103164,-0.35754227148386786,0.003497316849902732,-0.03848692616844268,-0.00233932881394025,-0.07690086927154917,-0.006026297830077471,-0.1307185091110732
2022-08-27,1535.242663970672,1544.783836051186,1474.9797886360377,1512.3606,41625245056.0,185032517909.0406,-0.0110353509562148,-0.0110966921400364,0.2686986559286495,0.2379916947555226,0.0313360010116009,-0.5293635719719751,-0.0049960264999036,-0.0205364746221782,0.0099553764406667,0.018789128192765875,0.025992943981149513,0.025177724412334804,-0.04636045615668998,0.07698765301291653,0.27566823597817036,-0.028288755650618447,0.04573720532260728,-0.01981123144412339,-0.13841349393697497,-0.014673641162168977,0.054315796879270684
2022-08-28,1508.0004,1523.9254,1446.8779,1446.8779,20927463367.11111,183223108684.49936,-0.0432983377112574,-0.0442636787760143,-0.4972410771646722,-0.6876445024305249,0.0261629761991133,-0.1804223394488775,-0.0103238299374929,0.0118816074032713,-0.0316575994593672,-0.003492114439427027,-0.04189155773525433,-0.011272739848883509,-0.11526134422947769,-0.007160572067122345,-0.050622125006098084,0.014463076247856477,-0.06390823001470129,0.005318123382883816,-0.18545846542295852,-0.03473129359936706,0.007672474237718108
2022-08-29,1441.0825,1572.4854438839598,1441.0825,1567.6056729759086,23467333610.59233,183238755707.7417,0.0834401942112106,0.0801413436191998,0.1213654134247723,0.1145470619139593,0.0327361371331799,0.2241342896268134,-0.0068768439922932,-0.0068768439922932,0.0,-0.02941956505346291,0.10175567983733531,0.021596524001519693,-0.0385274145237996,0.0030971249958243905,0.20150947553936938,-0.01742260510628757,0.11941044539350293,0.013414869341155294,-0.08642744706937214,-0.018333769051266324,0.11375500324140608
2022-08-30,1569.090083086103,1615.6287,1496.7222,1540.15,29678474200.752613,191642524214.65308,-0.0175144001129998,-0.017669591949692,0.2646717643011982,0.2348126136493446,0.0528031422113468,0.4780911216961554,0.0359618750421658,0.0209266270923229,0.0367498820943578,-0.011533772959486085,-0.0032068686298096644,-0.00924189839777037,-0.07958064730243729,0.025757707164746735,-0.061975108586045824,0.012831176957756624,-0.016184705494963342,0.004218829214380909,-0.09351807638163044,0.004235896140806832,-0.0051584035686296215
2022-08-31,1540.1108,1632.5096563585307,1540.1108,1571.7813,37207694378.66666,195003391222.7909,0.0205378047592768,0.0203297479116127,0.2536929670637553,0.2260935693799546,0.0392084146085596,-0.2976793183777841,-0.0054334042501809,0.0096018436996619,-0.0367498820943578,-0.002666503482916055,0.012456316035240056,0.009288839721377617,-0.055902352735198634,0.06839914972001657,0.04317789060300292,0.008519641234058073,0.0031808918580018553,0.009074507056154424,-0.04377250294369264,0.009681287125232368,0.022942780310515998
2022-09-01,1572.8162,1612.8154562088685,1538.7827674349994,1605.5273,29391723640.88889,192653719971.46503,0.0214699080590918,0.0212426762602193,-0.2100632911632148,-0.2358024521269542,0.0306648768697164,-0.2457734584085065,-0.0147076180356578,-0.036332097749838,0.0304773714896463,-0.03728102081546151,0.023799968127760973,0.009976771451425587,-0.0599469903665454,0.041913010448280184,-0.038573379211632286,-0.009665411511348948,0.012106451942299062,-0.003422683329232179,-0.022956763915209632,-0.008121258816125486,0.004600057617245801
2022-09-02,1604.1470176205453,1663.1605,1570.6223943959692,1590.9705,27606009256.585365,196909610184.1529,-0.009066678592136,-0.0091080310653103,-0.060755687761683,-0.0626796501883245,0.0401543596717889,0.2696130953666347,0.0110122320242042,0.0293746604786601,-0.0139890691362655,0.035103260158555666,-0.055666561829526576,-0.037944365809622,0.03957577385997842,-0.024487130788105053,-0.18816091134153634,0.00915320556065563,-0.009180400164066446,0.004169213865330701,-0.02137841609196931,-0.011077103004717703,9.433347087917099e-06
2022-09-03,1594.4149,1597.9578,1556.1652,1571.8126856116764,23579696206.22222,192410861984.2864,-0.0120415899530025,-0.0121146772144246,-0.1458491523689783,-0.1576474642216863,0.0165054902501097,-0.8890379511094091,-0.0265817370821497,-0.0339885389147819,-0.0009016921833087,0.014786089799804246,-0.016357675410428346,-0.0017338158991339753,0.03855778878559025,-0.0898924421063398,-0.008893842932756524,0.00932274495565702,-0.009825916797719103,0.004651810809919721,-0.029469671237266886,-0.008403753590057324,-0.0008443883994304624
2022-09-04,1574.022275632345,1594.9521336220066,1559.269,1593.1269572608735,13330018407.11111,192611950134.2733,0.0135603127804651,0.0134691945428209,-0.4346823516923183,-0.5703674964220613,0.0141335184292059,-0.1551438981008202,-0.0019748182229248,-0.0021621038096491,-0.0013635256995629,0.00414386921805579,-0.06278085813057176,-0.018809698202707406,0.09629066210442555,-0.0404046143101318,-0.20433074613117963,-0.04936686748242222,0.03852565252025898,-0.025111471900270577,-0.08293519783971753,-0.026063444939433612,-0.024130557347306514
2022-09-05,1594.4989231843945,1637.3097599760256,1576.2261,1637.3097599760256,17248149888.0,195187178865.2384,0.0277333846582554,0.0273557799497756,0.2939329385170766,0.2576863697875864,0.0212515451510216,0.4078804358260934,0.0061888393450186,-0.0038890616328675,0.0067109551864578,-0.04832301363300094,0.06510854751863379,-0.00675187114252726,0.04350509843500128,-0.034334794706516784,-0.13648893255226202,0.003949086657818596,0.006315016776113902,0.0068779433831240855,-0.03610684749814294,-0.018640393038264116,0.022433459055314797
2022-09-06,1632.183137036763,1697.3929,1578.960442434386,1578.960442434386,29849326535.11111,201822779262.9329,-0.0356373112577633,-0.03628782199443,0.7305813509817702,0.5484573930904715,0.0468084390077429,0.7896339016298302,0.0322956878446362,0.0532297275016031,-0.0209340396569669,0.053662158777795566,-0.060393117712670925,0.012223480805378953,0.024886868390263238,0.0009591592692793897,-0.030451784063885157,0.01217279893198861,-0.01986214188042519,-0.0006274906478720144,-0.07748501704874805,0.012383532225341411,-0.015979682912672155
2022-09-07,1575.1870700940674,1666.7814786885012,1514.6067136230645,1647.845190480129,32475255751.11111,191130302252.49268,0.0436266458579157,0.0427018065895126,0.0879728128174408,0.0843161599022762,0.061623177269346,0.2749745467999993,0.009638372283399,-0.027817054106403,0.057502991239464,-0.03634257312488214,0.051672480163940875,-0.010254093459078809,0.04725892706816336,-0.02691396763013278,0.10600425307562311,-0.04486251484221798,0.04502016767568452,-0.007908764104732374,-0.08082573281759899,0.007329975103993715,-0.0010609918794002304
2022-09-08,1647.238133796057,1674.4281400469758,1620.75458078483,1654.3175,32526352896.0,201364436224.0132,0.0039277412449074,0.0039200478079038,0.0015734177824646,0.0015721812575824,0.0228827313339493,-0.9906555182754566,-0.0398455857468385,-0.0113477690110379,-0.0392762357053099,-0.009410491538142274,0.014800333000974539,0.007005994740864649,0.029936298615847828,0.017907785752730637,0.04014533207813864,0.023480516589284794,-0.015705318808178548,0.006932074615955547,-0.0366397357745567,-0.0002261489194136287,0.017517167278103152
2022-09-09,1653.8723,1753.6899,1652.7172,1737.9338469799854,34189717809.77778,209585549578.7164,0.050544316299613,0.0493084263242199,0.0511389924070564,0.0498743309215968,0.0284400924833923,0.2174173209365295,0.0007266455336025,0.0089328412277313,-0.0123000129941201,-0.008795575819435148,0.01285269444795864,0.008259467651804228,0.08835275600537826,0.03659921943464544,0.12545157306559362,-0.07316029386162835,0.06653445102322911,0.004546698417271983,-0.07102301765205249,-0.0002543955891117348,-0.013284882432462064
2022-09-10,1740.8040005660605,1808.2996,1730.6249065079344,1798.3565,27675742101.33333,214239034236.2657,0.0347669464663522,0.0341762288659215,-0.1905244069192505,-0.2113686569295488,0.0235609532610958,-0.1882090378449841,-0.0028952546670316,-0.0085152416421033,0.0090780043268986,-0.0016547868446822253,-0.0027548630770795612,-0.0031436674928713854,0.1346436620857246,0.022112222883851014,0.05847681571065744,-0.023472739839283302,0.026541467189634516,0.01439457488135848,-0.05389700166941381,-0.010242252631777051,0.0075323636158897145
2022-09-11,1797.1989,1807.2495666789223,1750.568584993569,1784.5980121027474,21132237468.444443,218442118962.6371,-0.0076505898008836,-0.0076800056916891,-0.236434658515395,-0.2697565764730859,0.0221038458863835,-0.0638392035701973,0.003155748433902,-0.0060956029238077,0.0074924383855918,0.013085265603612641,0.010540564832215188,0.014597169872028165,0.11349446185121441,0.040813172887018,0.09991490781996193,-0.02969429940357729,0.012628134513007039,0.003108904522163114,-0.10067162255432162,-0.005511830145807203,-0.024670758642156176
2022-09-12,1784.625041961148,1797.7447640200553,1726.2906,1739.2838426579403,27271086478.22222,215127672331.41507,-0.0253918076437922,-0.0257197427428769,0.290496878001895,0.2550273209577161,0.0238042004828864,0.0741104405903878,-0.0018432465021089,0.007174238367416,-0.0067110985873867,0.02240114122644494,0.009864037352628224,0.0192410162596707,0.06041893915856173,0.05009804830371986,0.13469012477755316,-0.008560141165208424,-0.011630289482525147,-0.013302238549091738,-0.13828126798855303,0.0022246223136533857,-0.031850639423244065
2022-09-13,1742.588433509865,1776.1256609559084,1585.4393607943307,1592.5175895040506,40959885930.66666,206106466260.4898,-0.0843831521654362,-0.0881572902052126,0.5019528453102098,0.4067661582487292,0.0575895124791257,0.8834784201266728,0.0278445975340463,0.0300469463286839,0.0047322727501866,0.06928296140584086,-0.057337549679820944,0.019957607254537796,0.008549470947779116,0.05275013967075144,0.05084459532135632,0.03636046427331423,-0.07397273336428481,-0.05710981448075422,-0.2036414744233485,0.027276962779377734,-0.11960549070512472
2022-09-14,1591.413889911522,1669.3549,1580.1433144030118,1655.1844225715167,50737202453.333336,198343781834.2283,0.0393507949177391,0.0385962825810641,0.2387046814343396,0.2140662218833319,0.0301974523383759,-0.6455829149430796,-0.0228565069516708,-0.0254187424789442,-0.0023591427836412,-0.041580029293857734,-0.0004283000621279759,-0.038748523374913205,0.004443946939330649,0.08107848860658232,-0.2721504350802948,-0.024724560618524488,0.024979335518951817,0.01309856219434219,-0.1490719075487856,0.030170656970272908,-0.013385361945797536
2022-09-15,1655.166316394822,1670.1983371308295,1480.9865,1492.0814,55534580096.0,193361783944.49817,-0.0985406945276331,-0.1037403782646161,0.0945534521159134,0.0903464738060295,0.0554225076970642,0.6072282261998136,0.0158507194308452,0.0117409524190152,0.0106488533131107,0.04014180933442815,-0.015218250773854074,0.0331889181331015,-0.10321647913318927,0.09359904447990058,0.2779460036536672,0.0366433700741092,-0.10149537758453567,-0.06721288831009778,-0.23879382083013145,0.03701785284859774,-0.20373166583867386
2022-09-16,1493.868,1502.9933,1433.8928,1446.7472627040129,47680938268.44444,180264339946.256,-0.0303831528869585,-0.0308542884951799,-0.1414189467891777,-0.1524741905085076,0.0266601260606356,-0.7318167441704002,-0.0185516929604762,-0.0166897226089686,-0.0096847919045592,-0.03887376390211582,0.01289869726954105,-0.033022485455265774,-0.18337919395258925,0.051066615965386725,-0.07315650018419984,-0.027324014504761324,-0.04981373626618582,-0.05215926699756243,-0.24297857616331667,0.02784886291296175,-0.29269416979730956
2022-09-17,1449.2302192632626,1495.8389223999086,1428.6537589619188,1494.3329669001978,32598806840.88889,178913319421.2662,0.0328915114774406,0.0323621618511114,-0.316313645982445,-0.3802560132822616,0.0263264484849612,-0.0125949635185977,0.0015201197585642,-0.0095939096831043,0.0062291450570537,-0.05955464975671947,0.05995884853940559,0.005579502960314328,-0.1851932609673993,0.01800380330071526,0.027981041869829415,-0.07737704106489876,0.06006578709564825,0.016806327516388886,-0.21249530562390379,0.011729636306449702,0.024798622081059207
2022-09-18,1488.8389179166115,1488.8389179166115,1351.9499,1353.9930383972987,26680713735.11111,176369813081.19727,-0.0939147643874954,-0.0986218983218138,-0.1815432428144786,-0.200334715349709,0.0341961102377837,0.2615378221861069,-0.0139051606798133,-0.0056466633900804,-0.0132839401292652,0.013004736737700827,-0.08108734500882642,-0.05669984751731725,-0.2761351535975239,0.01990986381155961,-0.1304372696836511,0.17933749203096308,-0.09116493779196205,0.07245521369548291,-0.17769422039688754,0.00015041841883893598,0.3234784712644496
2022-09-19,1362.69645633062,1406.4618703761205,1307.3519014727822,1397.4837537854846,49261621276.44444,165380235818.969,0.0321203389935189,0.0316152678130983,0.8463382113956517,0.613204332406259,0.0492382936285497,0.364559744680514,0.0423987827896507,0.0142281447131201,0.0405075851346752,0.022038578868216016,0.11793826777180336,0.10408649870567668,-0.21880014304154868,0.07522744564773863,0.46278431863747094,0.006233567292402931,0.09630136650457072,0.03705848595552952,-0.12535889676149015,0.023775862521239793,0.22036870935305553
2022-09-20,1401.5095592327025,1402.2263,1335.0472446877875,1337.6201,39725791745.78397,168012754442.80573,-0.0428367439859866,-0.043781310632049,-0.1935752271965973,-0.2151446618945751,0.0190836919006686,-0.947837503398948,-0.0436204126760372,-0.0093172937649987,-0.0429045757287189,0.03597709293271073,-0.07133085046904401,-0.03063447379487444,-0.17442416346838507,-0.004075119979110097,-0.21400302273424598,-0.00564515398671378,-0.042297101244573365,-0.023914575847361397,-0.1937774166903124,0.018803109003705503,-0.10195864594652582
2022-09-21,1337.8963,1394.797976196796,1237.3860350462217,1260.6804588321131,36383806264.888885,164607815361.05798,-0.0575198004036324,-0.0592403682664674,-0.0841263404460596,-0.0878768500718636,0.0761886602158341,1.3843784924088132,0.0644352765504367,0.0599801683639262,0.0284933429405315,-0.05315333240385465,0.006573382196114155,-0.03414173052382112,-0.27226081431591664,-0.04865809437677681,-0.05737161639118793,0.01372359013521704,0.001195868707343395,0.013251119916581594,-0.25642519887030163,0.014302219635554152,0.10015543741156141
2022-09-22,1261.1309837803958,1353.3909102887644,1251.0919009218028,1347.1129503784068,52572820565.333336,158987825706.0673,0.0685601898092116,0.0663121253175382,0.4449510912239871,0.368075474087761,0.0375274897249324,-0.7081389118020809,-0.0449625722497966,-0.0467727026775154,-0.0138542992820003,-0.024606563670048782,0.05285016033325651,0.03984954408069945,-0.10220831073376214,-0.010341959302238371,-0.05060650953384416,-0.0392998953525405,0.08757180487004611,0.015283872992853137,-0.21349671438170895,0.028822013393563422,0.07810916609629914
2022-09-23,1339.2832499811695,1370.3708840685615,1280.7153,1339.3711763602032,48127721116.44444,162757498707.6312,-0.0057469375645368,-0.0057635147527762,-0.0845512833644691,-0.0883409332191689,0.0478447164735653,0.2428869695259679,0.0199546133069223,0.0047956737384871,0.0204381095746123,0.03331628735546956,-0.014633038960658443,-0.002572345492184408,-0.07711753699135838,0.0015669562848727974,0.026792408900266906,0.005440634883440848,-0.006566090531596347,-0.0007655992800324751,-0.2159116824788593,0.02479338935269702,-0.0024789390196007233
2022-09-24,1340.0630025590328,1367.934897244145,1328.7016,1342.3869286540348,44019129144.888885,165004747079.3573,0.002251618033193,0.0022490869399674,-0.0853685127042451,-0.0892340409554767,0.0205486097996276,-0.8451674042763644,-0.0284717320845412,-0.0032137767498547,-0.0354079865130576,-0.05913906049736549,0.010875236960765713,-0.0037940358099529115,-0.10723061190250255,0.039241844246620715,-0.09199567276168708,-0.027410386663780567,0.008906510919036464,-0.012118149912624082,-0.2389499094304579,0.02312160372508654,-0.04050922161670356
2022-09-25,1338.093,1356.5512763882848,1293.015952916324,1318.269,30597888704.0,163336668584.71393,-0.0179664507596308,-0.0181298070153587,-0.304895637456,-0.3636932827567066,0.0326253674363025,0.4622968389940962,0.0106782978726929,0.0001034091612075,0.0164045301016929,0.04524499077530157,-0.04459646383308295,-0.03244448525100646,-0.026738520596047567,0.013112940077583029,-0.25570427337571644,0.09508392147075664,-0.04472153867561382,0.04684031867932123,-0.14844892115398237,-0.002157221453399255,0.11675133836936058
2022-09-26,1311.5121,1353.725869665817,1296.9685,1347.6918,34668929580.599304,163062399310.6557,0.0223192686773336,0.0220738389621328,0.1330497315021315,0.1249128747296423,0.0251234865034864,-0.2612870020972302,-0.0086202230996631,-0.0079071865545548,-0.0050618890800443,-0.04074152604877709,0.024975087973578988,0.012921392230251294,-0.03627994944701298,-0.049748049077415514,-0.03664490371513551,0.00359888513852763,0.013095265775538656,0.009374222092990325,-0.11527839005181299,-0.006816039178998732,0.031441474525099045
2022-09-27,1349.3468,1418.7922,1320.0221503313437,1342.7199628110752,37167693013.333336,168772329063.7285,-0.0036891499888362,-0.0036959716853321,0.072075009611267,0.0695960318530096,0.0509311709116758,0.7066720053428268,0.0321773366122056,0.0406929277712577,-0.0013287289385424,0.05237610716849549,-0.02325202642013134,-0.0051679505345380156,0.00380538949970388,-0.00898161131533178,0.12887415066061836,0.02888593254406152,-0.018378874068480183,0.017781708040490896,-0.07471068296113086,0.01584096147196053,0.021508413267327553
2022-09-28,1343.3419905730066,1369.8569,1284.5967343726272,1345.5653152661714,44449547024.94774,162281531805.70486,0.0021190959648349,0.0021168538479293,0.1959189129387759,0.1789148546838407,0.0454280728696435,-0.1143448721433904,-0.0068123212737769,-0.0338887355872882,0.0261804612079125,0.022128440017800656,-0.05575569116879757,-0.015450895552578572,0.06516261161410075,0.028049676594007117,-0.1984247169691331,-0.055158134050824315,0.029506249566744414,-0.03419864328877367,-0.15273517273240145,0.02010171206901711,-0.05418315056866296
2022-09-29,1345.8464634715187,1360.8643,1302.6044,1345.6686017093705,36476411783.11112,164268873283.08044,7.676063140693579e-05,7.675768546042297e-05,-0.1793749492511502,-0.1976889720833726,0.0309389010004987,-0.3841159349288596,-0.0147755114212801,-0.0075378849906132,-0.01294367078599,-0.023766020531322367,0.02291310895868747,-0.010055462300206389,-0.0010727560179771556,-0.0567815891852019,-0.09193584993891069,0.013009302930234834,-0.005588212078786764,0.007822748974870314,-0.13498882309724894,0.006426949088251891,0.0163359951350186
2022-09-30,1345.393795903389,1377.3679,1328.1739208530014,1337.169272709932,35095161372.44444,165069071971.08365,-0.0063160639912693,-0.0063360947115243,-0.0378669486154394,-0.0386025308274114,0.0254330559924866,-0.1959645792257864,-0.00647430317457,0.0152131964301513,-0.0232666429763879,0.002918149117404102,-0.005857214407871986,-0.0012915655914230023,-0.0016453359767253013,-0.048459272043633025,-0.029349486281851966,-0.012589222512756598,0.0008937272281605291,-0.010105938735306602,-0.16165466572038584,-0.001992824288304067,-0.02478970826914706
2022-10-01,1337.3836161692209,1345.2731191842793,1313.3313,1319.5129,24279837106.75088,163238929784.25415,-0.0132042913864969,-0.0132922431269233,-0.3081713786956795,-0.3684170111112265,0.0147924517171567,-0.5419327133873497,-0.0138710095684966,-0.015711863078572,-9.324219502234062e-05,0.0070178471705184264,-0.00809829378606966,0.0018304367695945872,-0.017186666043616062,-0.07818268366995046,-0.00752648139123302,-0.01091629571810862,-0.007233491883756188,-0.013095364258846304,-0.19618958510752857,-0.004838712377614571,-0.03834425891023674
2022-10-02,1319.7301,1328.232,1282.589129747522,1283.6007693273082,14872393304.88889,160713085642.94962,-0.0272162027917208,-0.0275934237392495,-0.3874590986957775,-0.4901395611532355,0.0177125885667473,0.1801585736890416,0.0014513355569092,0.0041508920580691,-0.0044873134514221,0.02355345755341305,-0.028885339238550904,0.01573906041589042,-0.026650282767507003,-0.06697829247591637,0.0054630831201336605,0.01341071831540852,-0.03274416232562505,-0.004315498748628993,-0.21467497778146785,-0.012155936994379715,-0.030851973216834194
2022-10-03,1285.2782157926702,1335.9004,1280.2935251200663,1329.939,22608955374.22222,160678202831.78214,0.0361001892332739,0.0354638469155233,0.5201961722455357,0.4188393872184234,0.021286116868138,0.1837794647354287,0.0023493673208201,-0.0016706939861955,0.0074144411365752,-0.03176102442521986,0.04051130153298553,-0.01641421937583236,-0.013260274814116403,-0.05458851306112295,0.027714723269542496,-0.0012290709903324537,0.03533370185461496,0.01593671198339852,-0.1670964536515197,-0.0009327920376780036,0.06275564613635032
2022-10-04,1329.7521,1372.4368,1326.3752,1370.5743,24317840533.33333,165635055485.4034,0.0305542585035853,0.0300967725615837,0.0755844368227425,0.0728641760095856,0.0151497764600616,-0.3400692932444458,-0.0066689936389107,-0.0065939820357506,-0.0030289459064686,-0.04584921947977515,0.01252838543308002,-0.014112957946457623,0.020532469432799478,-0.06164208889910867,-0.36261821261947125,-0.01973016301909411,0.029252591186618493,0.001638444246301829,-0.15046887563275674,0.010507804479792573,0.017094292736730354
2022-10-05,1369.288,1370.3085,1326.709251937094,1359.8448,22811595143.11111,165983400713.7217,-0.0078284701529861,-0.0078592734927885,-0.0619399320493755,-0.0639412936993867,0.022455566375748,0.3935527521874089,0.0167811627066758,-0.0041605927472172,0.0187858200518631,0.006095737786774769,-0.0023686937517912454,-0.000801183067812461,0.010556342092081736,-0.11324204156135881,0.022208191897874485,-0.0158504385908875,0.0006557615056807242,-0.011326512582854664,-0.185683929075321,0.0052785872469476745,-0.03295704402632027
2022-10-06,1358.6797,1388.0352,1354.940727521653,1357.7041591928055,28837461120.0,168039535657.62912,-0.0015741802352698,-0.0015754205588092,0.2641580274893071,0.2344063096579678,0.0170577152198829,-0.2749359219777467,-0.0061568120695973,0.0193422675013299,-0.0255459620383635,0.009039286623012139,-0.000904355032978775,0.002506586828928639,0.008904163847811928,-0.04325194678429254,0.10322289438600096,0.027985007458976696,-0.011996115161561155,0.013660511575792622,-0.15097152763970018,-0.0009579854618377141,0.03547513918817069
2022-10-07,1361.288,1367.883776703181,1320.442540138378,1332.0156313316993,23498465404.878048,165139102549.7877,-0.0189205635757784,-0.01910184774683,-0.1851409766242955,-0.2047401581567227,0.0209864647479617,0.2072750871648376,-0.0020043250415092,-0.0103990586168596,0.0139351873919603,0.012877118892943299,-0.012393480547274967,-0.0029195271377496917,-0.0038615891874935956,-0.06945885469137669,0.003975114624437559,-0.03000986245638021,-0.0044587661863881856,-0.02618861267348241,-0.21277518197604287,-0.008539220688366257,-0.07558659293199566
2022-10-08,1331.7422769672726,1335.9627555052662,1305.8147,1315.1223,15751715599.163765,162660731844.744,-0.0126825323474695,-0.0127636421759248,-0.329670456016508,-0.3999858308271997,0.0141268487226272,-0.3958005426236499,-0.0060945196538812,-0.0042796737401725,-0.0044876689660781,0.013048125888703098,-0.01303070970613764,0.002385061508629646,-0.0033329882364949875,-0.05434559874024549,0.0002336615612841264,-0.00026465102025474696,-0.0122477989288306,-0.00799230950589036,-0.2294588719598714,-0.016155082886927914,-0.026961044103870346
2022-10-09,1315.5734,1327.8874700858607,1308.9499117853345,1322.2074,11099968504.88889,161685078846.45914,0.0053874076958471,0.0053729475269736,-0.2953168539001447,-0.3500070153537017,0.0096638476140418,-0.3796852788323335,-0.0042328888762585,-0.0007335942825604,-0.0046850946832296,0.008949465075279897,-0.01734736844556865,0.0026721073700729306,0.029633383029728188,-0.025015357959619698,-0.04916374048010974,-0.05947424716155278,0.017485574960171224,-0.028866064784812656,-0.273394350757118,-0.02267263635585131,-0.09487986926852598
2022-10-10,1322.7366,1334.9307,1291.039475304482,1291.039475304482,14298382616.083624,160988060196.84872,-0.0235726442731435,-0.0238549239294812,0.2881462330083206,0.2532041561819061,0.0182092977213696,0.6335404547941845,0.0079863775356216,0.0111957674662431,-0.0071319399625202,-0.005385963975278192,-0.011188182203231603,-0.006401361399644381,-0.02968538781527649,-0.05742083992012751,-0.12808264714335182,-0.06582087683570606,-0.02457249307809803,-0.052744035251045984,-0.33142550355252076,-0.013374786745864732,-0.1857625721564704
2022-10-11,1290.3481901274745,1297.2552,1270.8912013821448,1279.4075,19233795040.0,157248293268.4948,-0.0090097750897498,-0.0090506085653279,0.3451727762806367,0.2965224630049711,0.0135195555104251,-0.2977951338212445,-0.0042703306045834,-0.0089155260349269,0.0100734358108773,-0.02245598465391397,0.02231696325017024,-0.01566750286156513,-0.06883276894218827,-0.03682548412195019,-0.041063743363171756,0.006602993715824727,-0.015277406083608003,-0.01177822342628819,-0.3327961064261595,-0.0019126552476240333,-0.04438049684569334
2022-10-12,1280.2618,1303.7917,1277.6777,1294.8947767005388,17098290482.843206,158698043106.97745,0.0121050382310083,0.01203235819757,-0.1110287674749389,-0.1176904033561937,0.012441258070744,-0.0831189803401493,-0.0009264825197577,0.0025671844994153,-0.0048730120598479,0.005243578813373513,0.013035621047440556,0.0122155885471315,-0.04894113725182966,-0.04306914922169435,0.17580044747778611,0.02770036026986531,0.014124319303700353,0.025560957688797056,-0.29504400548571247,-0.01031174672525063,0.07363027059134986
2022-10-13,1294.8965520896563,1297.8247973998746,1208.511,1288.0829462253146,23846336358.5784,155970091017.1017,-0.005260528189465,-0.0052744134852818,0.3946620208907041,0.3326521069876524,0.0503103985012984,1.397193572101762,0.0541610103439134,-0.0070416185123614,0.0611510542896678,-0.021487223947361956,0.0517729037139563,0.036484160160209125,-0.05264013017830219,-0.03920566606463268,0.38701862133920084,0.03442527798764522,0.00776559529476363,0.026611237739174953,-0.21216112876578164,-0.017590869230666325,0.057556478094924035
2022-10-14,1287.2912871332016,1338.3823,1284.9106821269966,1297.5523,33458848042.666668,161219976906.28818,0.0073515093126845,0.0073246186788371,0.4031022434450522,0.3386856733368201,0.0284050361889543,-0.5716453253452136,-0.0314940994811777,0.030600094032636,-0.0620944431759917,-0.004631985628100271,-0.0040422088057875255,-0.004771725399073931,-0.026213663752635178,0.07676984202578305,-0.13580608797443583,-0.06426390383234931,0.017050351612970943,-0.01652749561386918,-0.24343279266800866,-0.018079860101723126,-0.08724441939450078
2022-10-15,1296.634,1300.896027586447,1269.2297,1273.866,18202968803.55556,157897183244.55585,-0.0182546013752201,-0.018423272446354,-0.4559594884933526,-0.6087315652175864,0.013505909784323,-0.7434391085865832,-0.0228697481984652,-0.026424727953499,0.0045683869480402,0.016728173149775448,-0.016220780691443767,-0.01106837914333536,-0.03187329402306441,0.018022690604824265,-0.014311868726692545,-0.016037592788968248,-0.0438671164108618,-0.04665030100949116,-0.15811568684974645,-0.04021656550211727,-0.3728532635475883
2022-10-16,1275.0055,1313.2071459181257,1275.0055,1305.7403487076938,12447929377.89547,157890289980.16052,0.0250217438158282,0.0247138258442256,-0.3161593851952308,-0.3800304078040729,0.0147171647996581,0.0858871345740643,0.0008587589888757,0.004673702497541,-0.0088254218127456,-0.012102056789979585,0.016735252014140084,0.012379518047026986,-0.012532415705812278,0.009774102545116634,0.03380286498655538,0.03385495310980533,0.012895341664430862,0.02516700916700612,-0.10254757251034095,-0.03949927151736474,0.1416436806239756
2022-10-17,1305.2802020321249,1337.1241,1296.59512013198,1332.4058,17823938080.0,161401169260.8368,0.0204217104255814,0.0202159834464611,0.431879755973795,0.3589880957207929,0.0176142086367343,0.1796913992205002,0.0033683469055008,-0.0037439241146265,0.0134864878484566,-0.004249779621845518,-0.0036298463891001054,-0.004332423007009187,0.031538491670130044,0.025121180898646643,-0.03343587950072058,-0.06559274230288054,0.02412962265615516,0.00719431133152218,-0.11469375091499136,-0.017039751445371717,-0.04365065335960949
2022-10-18,1330.8539,1339.5024,1291.1185,1311.9315,20472464604.444443,161998578471.79584,-0.0153664146463488,-0.015485701582011,0.1485937906963623,0.1385384034577914,0.0244439939953091,0.3276786561308151,0.0085459016304275,0.0023761253812795,0.0085302044296224,0.017882055619899098,-0.011150576495037465,-0.005641121054844989,0.025103398653446837,0.008678377589108902,0.025568998835774792,0.05620394431627057,-0.04339096991026617,-0.02858795128567039,-0.031557554175188726,-0.007247479051469437,-0.16134512274016455
2022-10-19,1310.3055,1311.8526,1283.7715,1284.617,19727401237.33333,159255064705.69083,-0.0208200656817828,-0.0210398593476229,-0.0363934377959245,-0.0370721981732067,0.009092064106208,-0.9889825845794996,-0.0187060568080806,-0.0066311280955161,-0.0183466255933683,0.00697037960326587,-0.003882806190279142,-0.0002869619747999097,-0.007968818891746134,0.018174244655391775,0.019946561855821887,-0.021310109588112712,-0.00417256723447719,-0.012777500046930429,-0.08421268133590994,-0.035216218693470025,-0.10707760398494948
2022-10-20,1285.6969,1308.2815,1274.4654,1282.6884,17498682293.333332,158091371459.87402,-0.0015013035013548,-0.0015024315866633,-0.1129758003696013,-0.119883014485082,0.0184601280469229,0.7082112087014512,0.0138286892679446,0.0135723563104473,0.0038419058145358,0.0038682428445286493,-0.0527261682305582,-0.031787720874592806,-0.0041968369931277855,-0.04445679347462092,-0.6463259062667115,0.04205107351512261,-0.017285247470728085,0.008128548167271155,-0.04193380229052432,-0.027346033038226785,0.10180203180854042
2022-10-21,1282.9002,1305.3344,1260.8918,1299.5292,18643007608.88889,157933444469.28708,0.0131292993684202,0.0130438571690473,0.0653949421089565,0.0633455680790896,0.0231493702636648,0.2263544122250862,0.0044744045800866,-0.009757612592683,0.0153415732958641,-0.010118831943527286,0.016837858812769987,-0.0005002949258279613,0.0015224014970825746,-0.11216826156774773,0.11657135204215852,0.024755819725096176,-0.022207380755648973,0.006471688385049357,0.030350423144990465,-0.022376184121405945,0.013704317822768708
2022-10-22,1299.598,1317.64661754147,1295.022,1313.018181315622,15305410849.77778,160087316088.1708,0.0103798985937539,0.0103263973528355,-0.1790267337293667,-0.1972647324586167,0.0104505116801658,-0.7953166359075028,-0.0146261730583445,-0.0018237821700833,-0.0158764797275039,5.280975895541329e-07,-0.007811388743793567,-0.004868510174848913,0.030272071296272008,-0.02348826483955162,-0.10010324400323478,-0.03485588304710292,0.03668225605320949,-0.0019483160932346894,-0.02563530481971231,-0.0487015223696413,0.007766045720090986
2022-10-23,1313.0186,1368.1266,1302.2703,1361.7918,11098584932.794426,161521897930.6153,0.0371461868376472,0.03647289022576,-0.2748587384078248,-0.3213887995315923,0.0265144574215699,0.9310392054835948,0.0137658424716392,0.0068468216681456,0.0121894057209707,-0.01661903347918927,0.030373929589793236,0.015781923925496412,0.04203113567780649,-0.011129264718886445,0.28365088930171334,-0.018461734506795904,0.018766375878243827,0.007185842076604498,0.016601100158823913,-0.050859540529462545,0.002024780486790334
2022-10-24,1363.0932,1367.6843,1326.8996,1343.6972,21173323406.22222,164836565878.28967,-0.013287346861686,-0.0133764135078023,0.9077498198584452,0.6459244427614159,0.0194656700229276,-0.3090377449017696,-0.0036745975451809,-0.0060999948178711,-0.0007669832037635,0.0075354933148526985,0.006998437515411758,0.009027911366857815,0.00843873872354299,0.027400853138110002,0.11141796953659489,0.008048964428112447,-0.007154036120818941,-0.002900772909535443,0.0009755997110541141,-0.03271988791507292,0.0036365640212334682
2022-10-25,1343.3106,1510.1817,1287.0795603455297,1463.4204659126983,26123834773.33333,170237507961.4546,0.0890998849388822,0.0853515614516074,0.2338088958512907,0.2101060478916511,0.0997174446469787,1.633688230642936,0.0758279107167865,0.0529741658348269,0.0556990784425828,0.04451543448898472,0.017063643171703766,0.03824360870883457,0.10927600175716147,0.04459605020613859,0.6273132179387328,0.010174914886497376,0.02119042488332462,0.023482342485575985,0.10445696817802035,-0.006535054970443224,0.22551063646505254
2022-10-26,1459.7245567204084,1583.1290322887571,1459.02892479953,1565.4946440450385,53863084039.11112,187233180145.551,0.0697504104322328,0.0674253599858843,1.0618368056015055,0.7235972387195291,0.0379677188642838,-0.9656043379237552,-0.0650764845128237,-0.0305369310746481,-0.0683044509724275,-0.018543032757747775,-0.010744016558665526,-0.02004235363535918,0.197741221090669,0.23384852842220977,-0.028270836622711126,-0.024300994158255353,0.04379075178203634,0.03238333348708414,0.14980848920177203,0.027739547170390035,0.1622034572381681
2022-10-27,1566.4981868230211,1573.2015092132283,1510.5281422026394,1514.690284992551,41457106432.0,190014986833.88425,-0.032452592058198,-0.0329908548220405,-0.2303243089107723,-0.2617860332593869,0.0197335832611017,-0.6544143767220905,-0.0145172538820225,-0.0174288920916826,0.0042115596852031,0.04811801925613212,-0.008593706088405116,0.030741344062749296,0.16625279785529182,0.13658330997888685,0.16667693072406742,0.0428894602771363,-0.01435689720737543,0.002352102362295244,0.12051360606506364,0.00609529035130761,0.05038337911798463
2022-10-28,1514.2160640036602,1568.5417,1490.8258,1556.203,36109050375.11112,187144311746.4168,0.0274067348412769,0.027037894257574,-0.1290021546887509,-0.1381157759429708,0.031656934477487,0.4726353050061225,0.014580466274414,0.0039628000248193,0.015842796954352,-0.038214813772413196,-0.013463217305381435,-0.03938017680857242,0.18024683494381843,0.08899084347145644,-0.2696926195157201,-0.032417286244371214,0.01042434918451629,-0.003265520801684435,0.14543464647470825,-0.011886226614264585,-0.043610779387466936
2022-10-29,1554.4098003468434,1644.768780585353,1549.7773,1620.5119039141928,33548971555.55556,197015146973.2782,0.0413242384921457,0.0404932094288199,-0.0708985363215241,-0.0735373279637336,0.0331580303641039,0.0463277071504628,0.0004230773775555,0.0122899389238165,-0.0143068597734334,-0.00033073669090987606,0.024927623854999803,0.016854564762393054,0.21041364701980314,0.08520144837256348,0.18880486427211007,0.0018580015867756677,0.012441312750319983,0.012426834494225075,0.18585109821806794,-0.004205684411179777,0.09346214274121922
2022-10-30,1619.1528888294572,1637.016,1578.2512693380636,1589.3013,26897969930.666668,196489653388.12,-0.019259719005338,-0.0194476037099565,-0.1982475562291124,-0.2209553923675091,0.0231184746553135,-0.3606528640452366,-0.0087593791260461,-0.0109589876191954,0.0018192353550886,0.022421292648372795,0.04221467571619722,0.04705987948795268,0.15449315308408645,0.0683412656175098,0.2402150126611846,0.029608980794866076,-0.010820421429755728,0.0010469537986315114,0.17273958921963575,-0.011871417821305633,0.026632701913805068
2022-10-31,1589.0586,1631.4787,1552.3476,1573.6281543766556,25615568440.88889,193885827044.09708,-0.0098616578387902,-0.0099106060593862,-0.0476765158516925,-0.0488505076343394,0.0346291625447603,0.4040641086695968,0.0131990413066849,0.0128249479083739,0.0044784579705336,0.014340718692615884,-0.017300850602296178,-0.0037194421831288904,0.1579589605325026,0.018402950709600727,-0.01371453303387593,0.014421641785891517,-0.01414259712369681,-0.005089232024642537,0.1761212262871729,0.0019440829958850868,-0.00635718351773229
2022-11-01,1571.8980574241634,1606.9968,1567.8423720917235,1578.9899,27764591989.33333,194046747916.97,0.0034072506954276,0.0034014591685044,0.083895212140366,0.0805612305776346,0.017216141983878,-0.6988487440309457,-0.0154647703042638,-0.0111360459492491,-0.0135610305786834,-0.024820769002644835,-0.08657430559716597,-0.062402923725946774,0.0760088582493997,0.006712446682281971,-0.723648045660783,0.00166193783892514,-0.0241246975611209,-0.018703178506622037,0.2071161091949269,0.01857211942602168,-0.06613097782687705
2022-11-02,1578.719,1612.9202,1506.917494307486,1519.443462917414,24669581521.77778,191370059821.20468,-0.0377117276574003,-0.0384412138055494,-0.1114732919087951,-0.1181905720854686,0.0417719713618552,0.8863781418845655,0.0206395838910153,0.0160667221349728,0.0153512646470433,-0.007631299274169702,0.02454564272790914,-0.0007407227339848305,-0.02985771554203425,-0.12673466811319264,-0.0353698183047535,0.02948011588790979,0.019621629959453046,0.033930981381898734,0.13321104847385412,0.0029367648587557246,0.13306788381725787
2022-11-03,1518.77521098638,1556.0801235868826,1516.0878954717448,1530.6681700707295,34568313144.888885,188998472213.0928,0.007387380595105,0.0073602275436919,0.4012525147365275,0.3373664900406437,0.0177609337065066,-0.8552242632880982,-0.0203947748928029,-0.0157823922741606,-0.0155124964310649,0.014946293631019507,-0.010419808560202314,0.010404321558130328,0.010493366823698315,-0.03240262645705061,0.03397197721810041,-0.015008675191765089,0.02385385697290776,0.009805541329062584,0.11047450345596231,0.014481974807851785,0.02489765393107657
2022-11-04,1530.9975746112666,1662.0981,1528.8560647409906,1644.6298,26853065112.88889,195689109110.96915,0.0744522112353094,0.0718109607603321,-0.2231884442744565,-0.2525574860529203,0.0388727030021167,0.78329097224479,0.0107404104657815,0.0094742615592396,0.0059911339245911,-0.050506596599632664,0.031828638899248723,-0.02123610675569216,0.05526643332645642,-0.04525907489623434,-0.1457564155571056,-0.06865214417093778,0.018168454963096103,-0.0111322733786767,0.19014473770908294,0.005652678517735873,-0.07587609055640332
2022-11-05,1643.8873,1659.6563,1624.5877,1626.1543,28373682417.77778,201065354305.7025,-0.0112338351159635,-0.0112974112257858,0.0566273272155819,0.0550820687636011,0.013513281643249,-1.056619254760243,-0.0167936732936337,-0.0155100386423635,-0.0067343577466692,-0.0026799014653355185,0.021871365772799016,0.01924417261321059,0.0034758126718506576,-0.026228018402008065,0.14710163218279249,0.019919351737029273,-0.001994764474422678,0.0037526537359038326,0.18042274704210645,-0.000647052238900761,0.02502012333780823
2022-11-06,1626.7032,1634.2118388431118,1573.7605,1573.7605,14569443079.11111,198222884517.51505,-0.0322194517457536,-0.032749923756248,-0.4865156075059719,-0.6665356444395549,0.0169547036734096,0.2268722709544981,-0.001179907553288,-0.0007778063924922,-0.00337382006193,0.025617145593761898,-0.02596728401397947,-0.008758673389469326,-0.009826507374440942,-0.06539939662707009,-0.0030280222263914247,0.04394072106617797,-0.027845948036599344,-0.00497169501242356,0.1667746710326884,-0.012539872435046387,0.018316916973124542
2022-11-07,1572.8043,1603.9821,1549.8852,1568.2193,23137771772.444443,193719728050.7317,-0.0035209931879724,-0.0035272064733985,0.5881026918330285,0.4625400281352492,0.0241918103774958,0.3554688635488925,0.0116288508989333,0.0078631612947365,0.0131387860467862,0.007416083451445135,-0.006966176610029504,0.0012188033516483537,-0.0034431077884531517,-0.013676448401686973,0.0035563950086361373,0.006583455452449871,-0.011414212820909403,-0.005305793019406507,0.17601110673521467,0.0103841468235674,-0.014581491329000329
2022-11-08,1567.4369,1573.6633,1263.9011,1332.7661161797291,41875192234.66666,178874452837.7412,-0.1501404706728649,-0.1626842027697849,0.809819573228622,0.5932271570099202,0.117745130015011,1.5825082116230913,0.0850953747631914,0.0046267967814454,0.0937217309107775,0.049651083046585734,0.06759687559865979,0.08200420169794097,-0.16952876972674266,0.07549692408901376,0.8527085111195176,0.10797773439775746,-0.05470159062500357,0.05448329917850983,0.00795395643845626,0.04214277887149396,0.13355481203099218
2022-11-09,1333.5808198938648,1334.100467197707,1085.7431288580085,1095.3682473373226,70554382947.55556,150428388979.6733,-0.178124177948708,-0.1961659634020081,0.6848730520966215,0.5216902209641195,0.0791118701758399,-0.3976594444086245,-0.0664084995607492,-0.0169007412856826,-0.0642619236356378,0.08730672292095222,-0.05419895177198988,0.049207717583569344,-0.32725351932320124,0.2122542759014663,0.31282946991707394,0.10034425635178407,-0.05497923662107768,0.0837954223168082,-0.16435708303407076,0.07272504626150798,0.2292821747951559
2022-11-10,1099.633444288979,1345.9238,1091.5501436058237,1300.6546991554835,64840283747.55556,150861575494.56036,0.1874131848510141,0.1717771467602932,-0.080988578757005,-0.0844567288005256,0.1051318099030155,0.2843519663472045,0.0471054627098201,0.074389420452244,-0.0066382841045433,-0.0519740831032951,0.19470140406399983,0.08531890946193962,-0.16283660010660014,0.11882164031630024,0.24346101854424962,-0.07192236107621836,0.13348507599871914,-0.021034568533556397,0.016470672291550376,0.05530702917714106,0.0601858430561637
2022-11-11,1298.9448,1304.623,1211.8695331858423,1294.1023,42946262840.888885,155445154367.24228,-0.0050377699475026,-0.0050505022902674,-0.3376607818668292,-0.411977440185957,0.0520973425388185,-0.7021009547702963,-0.0228405039020771,-0.077210911008313,0.0315343704273696,-0.09320429614516772,0.020721309533856286,-0.01251089806396316,-0.2396980631571997,0.0578532320769434,-0.08425076454353286,-0.0030346841349916387,0.00333844639435818,-0.0005936876916649014,-0.0006121881962869895,0.030039073008659163,0.0005315434661845586
2022-11-12,1290.4865,1290.4865,1245.7726323863526,1257.9701,28423737013.33333,155456419948.31567,-0.0279206674773702,-0.0283178600306155,-0.3381557524891023,-0.4127250263900863,0.0192398584131117,-0.9961298543013511,-0.0492196996573165,-0.0059428470662242,-0.0489585735611563,-0.01402248826885924,-0.025871294659607108,-0.027779770415655325,-0.25671851196202955,0.000174819216065519,-0.078346198507806,0.016855807749007023,-0.017522504775254327,0.004635020894929176,-0.023655634741620708,0.005226812457574013,-0.0011315010858605756
2022-11-13,1259.0258,1274.5241,1209.3709,1223.7969775772983,15444773212.444445,152437604946.95834,-0.0271652898766844,-0.0275410877701413,-0.4566241164840697,-0.6099539636962553,0.0326428306988493,0.5286411649531151,0.0126735778835751,0.0222913226896094,0.0033074583251354,0.03815845539396259,-0.03336553755834548,-0.0235722053000178,-0.25150967597592283,0.0030522224329187987,-0.05696035305431524,0.008892178684166585,-0.012574938379249778,0.0016076280748554828,-0.0585213411905991,-0.020729510126495057,-0.006039724868689866
2022-11-14,1223.6537584022972,1287.630126864827,1181.1305,1242.5926934344534,24089592682.666668,150852286806.6642,0.0153585244951039,0.0152417762276479,0.5597245975264151,0.4445092656292475,0.0602945273907694,0.613616092064825,0.028862231770517,0.0203047187899942,0.0205145789720138,-0.04227055726553537,0.01197426950721392,0.0018174767266635472,-0.23274069327487643,0.0033084023483803994,-0.0378917015966187,0.00200264274450912,0.0014871441462331603,0.002465742314798125,-0.024856292516597333,0.006821351305425863,0.005757352040743902
2022-11-15,1242.0793482846627,1285.3936,1238.7156459718028,1252.7961,23680562851.55556,154366232414.295,0.0082113846471645,0.008177854654974,-0.0169795245813939,-0.0171253295314481,0.0256049881033172,-0.8564541629515645,-0.0298865851490097,-0.0129227683488415,-0.0368218048384431,-0.004899196980071782,-0.05105172573583924,-0.05123055892763109,-0.06187863585011725,-0.06521886086704447,-0.40047012667753323,-0.01632847825044037,0.015092654515941412,-0.006639507022581703,-0.04139226370584882,0.012888536477047411,-0.002186528617025507
2022-11-16,1253.7473,1265.6373,1194.6871962488146,1217.3068924370905,20331229994.666668,150605758249.43512,-0.0283279997143266,-0.0287369797359439,-0.1414380594703169,-0.1524964515330229,0.0364426717344027,0.3529532081398381,0.0054875262566712,-0.0105029479986627,0.0245477328217668,0.11677336250582769,-0.14317172315753884,-0.028179307462266157,0.10555034781594695,-0.20582653033705436,-0.09176403806090594,0.0017194050357445256,-0.00975707807632889,-0.003548301380841834,-0.09034522688825376,0.0028543764248089186,-0.013636205806412782
2022-11-17,1217.596530009509,1226.4661131782864,1188.0834,1200.1639545769228,19152988718.22222,147528595016.49475,-0.0140826754261178,-0.0141827772116016,-0.0579522870359306,-0.0596993549835208,0.0206190631417093,-0.5695243453208678,-0.0155336922246905,-0.0066265343841171,-0.014328460766925,-0.12339596129632524,0.01062270171575759,-0.10186634303123879,-0.08040957615594786,-0.23306723420000042,-0.9800937925354489,0.015181809931373191,-0.015340269444177212,0.006140776533361814,-0.08904230251784435,-0.0015011153054346874,0.0005373883357091547
2022-11-18,1200.7972668937905,1227.6572235936544,1200.7972668937905,1213.309305072681,15701073145.756098,148586353088.9349,0.010952962256221,0.01089341299773,-0.1802285597955769,-0.1987297090346916,0.0142541980132628,-0.3691645823586431,-0.0040125740438687,0.0035827998288078,-0.0157556105971438,-0.019079405996193097,0.009799638045900741,0.005381428964278193,-0.06446566086795043,-0.17021831672576862,-0.015363364680597513,0.006001836893947288,-0.00021229826311705557,0.00530171614081737,-0.057109030172491165,-0.0045945721621636765,0.00949398106642163
2022-11-19,1212.8139709922075,1227.4193,1200.7882,1218.902299478003,9537879634.062716,148033977798.32916,0.0046097020619049,0.0045991099239483,-0.3925332653685047,-0.4984578630749353,0.0151954094590974,0.063941912217035,-0.0008768301096305,-0.0069968165525093,0.0122148442712672,0.03510378441057563,-0.003948634835939428,0.00815832170522978,-0.03154869091338634,-0.13768774683052734,0.15188301792345316,-0.0008906829508695258,0.001904197478315689,3.149676320979289e-05,-0.05100748866187937,-0.009146934567165897,0.0015957750368646995
2022-11-20,1219.8213081944305,1223.8445,1138.9530169882432,1144.0425,11230235875.555555,145883037349.9549,-0.0614157504748836,-0.0633826565796698,0.1774352693075422,0.1633385724101404,0.0315422020313788,0.7303330232308678,0.0077255614727672,0.0057708106318248,0.0052733801997736,0.042520496814102,-0.026954118004091997,0.02271302270914298,-0.06739025972291483,-0.03349680955669723,0.276900288074021,0.019748765516384548,-0.041963631598645953,0.002656123590709436,-0.12743400241059652,-0.008593136809948268,-0.03027338234200494
2022-11-21,1143.382,1143.382,1084.8446,1108.390669620763,21338577077.33333,137239711226.874,-0.0311630296769892,-0.0316589265268864,0.9001005244939004,0.6419067924012042,0.0317453733305608,0.0064205966489256,0.0106171487866229,-0.0149005846561056,0.0161042462555089,-0.006360670384991676,0.036026363330785134,0.009699923545191738,-0.11429096247744908,-0.022486107501323013,0.24206256269610105,0.005923311818640475,-0.03294969855902612,-0.002647858365527167,-0.16941932629031842,0.006999433770884289,-0.02712995535712981
2022-11-22,1107.6939134446236,1138.386,1081.0533,1135.112,24361076316.444443,135898052823.58656,0.0241082238524976,0.0238222083887556,0.1416448354619546,0.1324700606401414,0.0332300775857534,0.0457084243261554,0.001997094265015,0.0088723020158853,0.0008734456725209,-0.039210995085779,0.03112848316533466,0.0015209092981219585,-0.09864660874366772,0.0056095912944815205,-0.04280125650013744,-0.03405253503036637,0.04233427938106715,-0.020764295736410532,-0.1820700081273228,0.01521651841640465,-0.0022106625829578785
2022-11-23,1138.829,1186.7917,1129.9878,1185.1995,22390376359.11111,142314996240.9946,0.0441256017027393,0.0431797903683889,-0.0808954387619996,-0.0843553859081588,0.0242380450705785,-0.3155319081290031,-0.0149213434637109,-0.00143037403092,-0.0151839795411969,-0.015034235795069812,0.019555101020015245,0.015090500102400636,-0.02672983863933475,0.016784728540032816,-0.04893934636510355,-0.006661839074167175,0.03498359277128585,0.008435220029978485,-0.12551380425113154,0.0013848376812616182,0.04147779174834598
2022-11-24,1186.067,1214.7715326333491,1181.9022,1204.057,20792419555.55556,146817360186.7318,0.0159108234520855,0.0157855731112565,-0.0713680189169891,-0.0740427638827388,0.0169906943896384,-0.3552577037058428,-0.0040194165486981,0.0071133197475409,-0.0111993957550191,0.0037037851554617765,0.0018031535257593129,0.002426846141570793,0.0032385116835233823,0.013164933793576458,0.01750439695402095,-0.06376115519207942,0.038553492100965064,-0.030865850699730024,-0.19507979259148236,-0.006080663299844113,-0.05023829525918311
2022-11-25,1204.774,1204.774,1175.9864869801277,1199.1684471892786,15465895210.666666,145640249817.71524,-0.0040600675970667,-0.0040683320485859,-0.2561762632125077,-0.2959511851373815,0.0168536834509474,-0.0080965700009905,0.0050792474920437,-0.0145552477325062,0.0136455113683449,-0.004026636229845289,0.0028067849712116594,0.002076482061783305,-0.011723233362792611,-0.0018779078540378683,-0.004426476183193806,-0.06552499336571388,0.016218838792794177,-0.03201617456874653,-0.2665734846259528,-0.04492073424148788,-0.09292011085838836
2022-11-26,1198.4439,1225.9735360310144,1197.9084388363815,1206.7825404534008,14760104952.88889,148720388865.5001,0.0063494776584296,0.0063294046491043,-0.0456352670287718,-0.0467093609230558,0.0157980584823708,-0.0646821837186149,-0.0027115983617591,0.0189295303356131,-0.0199119004485,-0.007786289660835843,0.006066541994476177,0.005141455136247891,-0.009992938637636554,0.04089135073439443,-0.009075384295438305,0.03365098506011707,-0.0035688405807339785,0.018242970615447857,-0.22725322515480775,-0.03246621841089307,0.055951274818345054
2022-11-27,1205.8012391765892,1221.936298514085,1193.848214453027,1193.848214453027,11739046767.49826,148653691913.2115,-0.0107180254658924,-0.0107758772433879,-0.2046772834633089,-0.2290073139456594,0.0152333363436824,-0.0364008447718999,-0.0014348151739461,-0.0013478914001188,-0.0018161520226996,0.03412513184491232,-0.04068315133065148,-0.029502498246378836,0.04261384069864522,0.003896159685777988,-0.044917631305878114,-0.02383377419616889,-0.0026962046406067697,-0.017394412809715237,-0.26506699665576966,-0.030585706088919154,-0.05076397667743393
2022-11-28,1194.281155468315,1199.5172,1155.365,1169.484301065495,15553576785.77778,143530568593.609,-0.0204078819171283,-0.0206189999931788,0.3249437619450293,0.281370014722349,0.0230905634461674,0.4159378183934246,0.0050749056682668,-0.0070495184456331,0.0200597470415074,0.02614561453631256,-0.03083610533266845,-0.004257798131089313,0.053653767232352816,-0.04521891426397644,-0.02991062269230227,-0.0529532591253952,-0.01162676299114418,-0.0388648245498979,-0.3261792060777686,-0.02320123856181341,-0.1198405210605098
2022-11-29,1168.7013,1224.2171100033345,1161.610814227981,1217.2066,18646231342.22222,147632261894.35992,0.040806275801245,0.0399956779839565,0.1988388008134805,0.1813534223142025,0.0271845011220009,0.1632229739650652,0.0008173415709991,0.0057934055298383,-0.0031926034681066,-0.046176264530282854,-0.019678503315284375,-0.048557199711576036,0.06982723682755393,-0.04677290918144661,-0.7177919275457882,0.02239287060506613,0.03554088462819954,0.04192559217912353,-0.26673592438385535,-0.01082158403444241,0.11565436447943034
2022-11-30,1217.14,1302.2602791041409,1216.4066,1296.2664135826335,21260847079.11111,155643041665.67422,0.0649518443151997,0.0629295815336406,0.1402222083863347,0.1312231630491755,0.0281638814328432,0.0353933575581675,-0.0047609573773357,0.0013336682626336,-0.0106762986006774,-0.002239529999889068,0.030863385412227412,0.025432529277188753,0.08957702799280576,-0.009509263719949554,0.4682923271649142,-0.0005455075553033595,0.04693660675160591,0.04174432970361616,-0.1938957367908285,-0.005758476252781521,0.09168605342133973
2022-12-01,1294.835894103784,1294.835894103784,1263.9917,1274.9055,19783274478.22222,156652949237.8673,-0.0164787989249801,-0.0166160846237809,-0.0694973532988068,-0.0720303585178551,0.0140597922113924,-0.694721249197372,-0.0043158795863436,-0.0176591942823331,0.0082062042383575,0.019878710711076338,0.009274146143973948,0.01726288420260156,0.05717537025776808,-0.008572940542432036,0.18256002303179253,-0.0009428854119969965,-0.01078317211998206,-0.010191868045716868,-0.21391328058311393,-0.010640975503001915,-0.0215003030788663
2022-12-02,1275.835856371096,1293.7240000496386,1267.6698,1293.7235,15344008959.108011,156635283563.9723,0.0147603096856983,0.0146524365134912,-0.2243948808373979,-0.2541117553742021,0.0114919989258896,-0.2016680599161091,-0.0029673821724807,7.335970175022816e-05,-0.0029676175993417,-0.01726780406788547,0.00013786265223023064,-0.007529941596643261,0.0758961388198452,-0.0010404465096196633,-0.09486766730217688,0.033482937256677656,-0.0028233751046088384,0.013345619295453137,-0.16081963026407323,-0.012578346628180876,0.04902236256778747
2022-12-03,1294.8408,1300.1995,1238.5519895132952,1242.378005391551,14198367549.54704,155826000429.579,-0.0396881517638422,-0.0404972053573016,-0.0746637604692567,-0.0775981053252307,0.0227799230753024,0.6842285335098213,0.0065968879766315,0.0136333423290502,0.0002788135665967,0.03681370578140482,-0.008647427979402267,0.013545568218342255,0.029069528813439067,-0.004809148673710228,0.16495725854193477,0.00432529992739239,-0.027088481647315282,-0.02030672230756525,-0.20867706316506696,-0.028037951275397155,-0.04376237129830396
2022-12-04,1240.853427719003,1281.8638481923165,1240.853427719003,1280.977471434129,13263055079.11111,154462708733.18515,0.0310690191512308,0.0305961466848021,-0.0658746484179985,-0.0681446403559993,0.0117222019291831,-0.6643949367422657,-0.013284022940536,-0.0089641699561048,-0.0117082451783359,-0.022422610790431417,0.0027724754918209346,-0.012398863280293868,0.07044155274162923,0.012993981553161199,-0.12917749361685305,-0.10491504745094847,0.046681307544105155,0.0023666446858873202,-0.24989187724059683,-0.019152748356644777,-0.05448111746620232
2022-12-05,1279.6452979543108,1302.8499286619171,1249.7737,1259.132581988623,15193700887.11111,156742109688.2356,-0.0170532971364822,-0.017200379161918,0.1455656933100357,0.1358985702936777,0.0276415281143488,0.8578346392893508,0.0233572448591232,0.0200238918665829,0.0132748524997924,0.023133024975319917,-0.036323663660975794,-0.004806545433941711,0.07386017357289004,-0.003053176710963775,-0.085495528178678,-0.01507221522971229,-0.0170666198933013,-0.01926891454246399,-0.25579484517672907,-0.0189319903741081,-0.06115328722709523
2022-12-06,1259.4086049287175,1272.7851526502018,1245.7988026023154,1272.7851526502018,14341437856.0,153930890158.2108,0.0108428380433269,0.0107844759695824,-0.0560931821314245,-0.0577278275937613,0.0136570539526025,-0.7050631224738471,-0.0128403450072696,-0.0247664239412786,0.0019845794267568,-0.02104019751329716,-0.01692336113467594,-0.024601857825593758,0.044648971558515875,-0.03726328614479882,-0.5148804933751081,0.0327265356321013,-0.0022025099745313637,0.00441426853590593,-0.21226044545089862,-0.0003306858333160682,0.004117809914150783
2022-12-07,1271.0748197472958,1271.9287,1224.4515,1233.0481897121588,15388381831.11111,151816477912.55017,-0.0312204796349976,-0.0317182261440204,0.0730013256427495,0.0704596991023644,0.0191624113369391,0.3386944560483731,0.0015423509464145,0.004566006906072,0.0009100296799459,-0.021426485609139477,0.014548792037290943,-0.013167002676924767,-0.049998836119145296,-0.05318181272568078,-0.2290385350163655,-0.036281848615571696,-0.02634357978591434,-0.033177711072000154,-0.2404514651215207,-0.011304792892078093,-0.11341208114958667
2022-12-08,1231.7618431221515,1286.1438,1224.8407690947029,1281.7496662198212,14235489060.571428,152579311661.5192,0.0394968152210102,0.0387367645507853,-0.0749196883202396,-0.0778747218010696,0.0241090791289855,0.2296378796139286,0.0032919160227534,0.0075936075650437,-0.0001725709328179,6.380851359313877e-05,0.02358470009040668,0.02010641455848367,0.005354013055421017,-0.05298044024957974,0.3243789932659329,-0.009881239963528233,-0.031997175753537915,-0.03298700743055666,-0.0390304978009502,-0.04139456242101538,-0.3616910616351141
2022-12-09,1280.575766940044,1290.7219798093408,1258.0506,1262.201538298898,15888496176.0,156216001744.76273,-0.0152511277639534,-0.0153686223604685,0.1161187443856051,0.1098572600780674,0.0157472928283089,-0.4259200303154631,-0.004770588363643,0.0011196853717849,-0.0083511132730134,-0.004515884708791867,-0.0021619434647394825,-0.0036347313755001193,-0.024667045818538673,0.005325764472577679,-0.06790911711799064,0.09271324167367687,-0.1376937662199714,-0.06528241462584077,0.14176684324058933,-0.08728967613868702,-0.16972248043013005
2022-12-10,1262.7620631459208,1279.3956905876332,1261.3932099733358,1265.1098328143726,10217945848.88889,155147808582.84787,0.0023041443281666,0.0023014938582201,-0.3568966039515199,-0.4414497651081314,0.009953693931701,-0.4587247348893406,-0.0030700639357916,-0.0011571660050426,-0.0058594341783996,0.023876558511599876,-0.020348608577231433,-0.00028651562275389814,0.01813165339698306,-0.03960398668810276,0.03098084616079344,-0.1023463563310689,0.11852684330066349,0.04532327567927573,-0.027708809661483667,-0.09556428775044237,0.0214451582961237
2022-12-11,1266.7635092513608,1282.2101481169702,1259.7378,1263.7760281199253,7445708549.333333,155632479343.84546,-0.0010542995239236,-0.0010548556886105,-0.2713106274542464,-0.3165077385404871,0.0124164010705846,0.2210745339485234,0.0016506339195266,0.0011259770909824,0.002432648209681,-0.014464213182392851,0.016484059643140495,0.0008379835556712248,-0.013519348976429648,-0.06085705889343583,0.02321062110051164,0.005456939988981689,-0.003610680547720263,-0.0031343317607170906,-0.023713163059826726,-0.06739532368651836,-0.004463028059168206
2022-12-12,1263.242563422345,1276.4494150248202,1242.247587443009,1274.6350183278591,11962940656.0,153457261191.2332,0.0085924957953889,0.0085557904140792,0.606689353570135,0.4741757597740433,0.0183765143931785,0.3920551920179882,0.007218456754257,-0.0094017961647621,0.0165499889376142,-0.005842259362309747,-0.003707302029931296,-0.0061262022200121585,0.012236820599567901,-0.035469249292017,-0.16796685049511373,0.01033099557919464,-0.007853863902704733,-0.006377874616859569,0.013160487384868162,-0.032860825345832484,0.0031889825071758082
2022-12-13,1275.005701958302,1341.1211,1258.5035,1321.5886668585658,18729368056.88889,158555669756.11365,0.0368369359507345,0.0361746709338028,0.5656157290636725,0.4482791837174227,0.039037921392967,0.753460059461228,0.016011367541062,0.0233881161076763,0.0044735027620519,0.010503267280909355,0.019786891966012965,0.022401439125131622,0.03762701556378827,0.04787345089626443,0.4903393746823559,0.009301875903076962,-0.0006701086007749324,0.0011891292914107399,0.07687624608881231,0.006643869796656697,0.09402968404325174
2022-12-14,1322.697562322965,1349.0910334449154,1306.408743607626,1310.3290995703633,21131939253.33333,162198844837.17917,-0.0085197214311519,-0.0085562217205104,0.1282782840908902,0.1206928284033421,0.0219701203615334,-0.5748501522884966,-0.0123721901498486,-0.0032345608873859,-0.0191491306481023,0.023448385728776885,-0.03391466042141892,-0.005262144579443406,0.06078901998729813,0.05938845335839341,-0.05403572173938054,0.01241253468666318,0.005649235879469444,0.008655588376778073,0.05307824814065397,-0.005980571778912275,0.05593969860703685
2022-12-15,1310.0080510350774,1312.551384233701,1263.5405,1266.910674390604,20454735331.55556,157155724065.66028,-0.0331355116771774,-0.0336969295196476,-0.0320464635857282,-0.0325711924296096,0.0170828355194337,-0.251609176230926,-0.0119220946351578,-0.0157146639789344,0.0037148549126809,0.0057324391714595815,0.004943925745535711,0.007165629292873593,-0.011644674083134878,0.06056323624451703,0.025740709823229402,0.01878663421325024,-0.010088209888634153,-0.0029507736141564656,0.011203463966032121,-0.006563876886252007,0.022193558697013893
2022-12-16,1267.8176766205104,1280.3073,1161.5234444998205,1166.2983,17306134037.333332,150518546649.42453,-0.0794155234653773,-0.0827465100759238,-0.153930189913769,-0.1671534049478985,0.0452695323001679,0.9745600414529524,0.0228470972583843,0.021951950796176,0.0091450928411103,0.040888855302829624,-0.0059257413580920855,0.03762018350162032,-0.07902256179859019,0.013306358235824878,0.47952786170878214,0.05432202661294579,-0.05832040036728976,-0.012897558968458706,-0.042806066373947786,-0.006194824987077799,-0.013946003541744467
2022-12-17,1169.164530112906,1190.8252745675318,1165.1159394170434,1189.739429972017,20335989585.77778,144426325487.6189,0.02009874315346,0.0198994296238793,0.1750740830914834,0.1613311950481502,0.0109830650941445,-1.4162796804551814,-0.0262368570843207,-0.0261449122753418,-0.0104359160841634,-0.009159458369287415,0.02711034764727765,0.00012656090151141886,-0.06142462603293106,0.09015309997133429,0.04986698565236036,-0.0012106819093604254,0.005303582556962755,0.0023771374943632184,-0.008723859538466931,0.002427133591663536,0.014131314871961953
2022-12-18,1189.6632635056071,1197.5162,1177.8640934234472,1188.275953997609,9518597777.77778,145217834393.1846,-0.0012300810896404,-0.0012308382603685,-0.5319333864905829,-0.7591446566347934,0.0116779080175818,0.0613443036768019,0.0023270517137981,0.003046647877317,0.0008486421179248,0.002389040191690825,-0.0019041659798256644,0.0012951053167441634,-0.061600608604689105,0.017507475501621097,0.003821910091059255,-0.0047232776525600595,0.003970374564659734,-0.000983581664936617,-0.02084811079656555,-0.012749987434149717,-0.0026260907135360334
2022-12-19,1186.8759714359844,1196.2549540692603,1161.044,1169.058023154611,10509185873.77778,144776343867.36993,-0.0161729527374048,-0.0163051623553948,0.1040686999415647,0.099002174126748,0.0189184482621462,0.4824386912428928,0.0064548827411713,0.0063153808340128,0.0029370742617325,-0.0014095167823805488,-0.01834364375714313,-0.007821476119004148,-0.08646156137416328,-0.012246131973910978,-0.07739722632562973,0.0038545780703065358,-0.0070683945862348024,-0.0016517589674849287,-0.04175238307590886,0.0020138991606380276,-0.011132132244469739
2022-12-20,1170.2434099477443,1226.0437,1166.5244394798874,1218.687660383035,17283320952.88889,147863789965.56778,0.0424526723613789,0.0415762754457847,0.6445918038250458,0.4974922098532243,0.0245484679069758,0.2605119007278436,0.0022517896015257,0.0032884141971337,-0.0005029626202111,-0.04512717688094919,0.054096696976548134,-0.002215057369653703,-0.08105995686218131,-0.012331821098771728,0.01856437626748031,0.009570673499050691,-0.015259062500489182,-0.0011150802197804344,0.06320654894954587,0.012459845313943044,-0.018673851042353418
2022-12-21,1218.9821173324708,1219.7626592912904,1206.8897544816905,1213.2070244699548,12978582071.11111,148477042688.59653,-0.0044971620631308,-0.0045073047166364,-0.2490689661733236,-0.2864414638893525,0.0068971840106135,-1.2695362313472676,-0.0130335085916601,-0.0148853769624492,-0.0045857034008876,-0.03246098077490131,-0.006639032692734595,-0.017363766549752177,-0.07701103985830726,-0.07252976427305174,-0.25158023376487426,0.014988356807165981,-0.028972947972772722,0.000658004431796394,0.09035817075979577,-0.017249614781898372,-0.036737379666266445
2022-12-22,1214.764217307598,1222.722,1187.0802,1218.50271599921,10386942257.77778,148086930736.36932,0.0043650353339892,0.0043555361999278,-0.1996858978225389,-0.222751000650478,0.0208308615107093,1.1053223996510906,0.0175476230372443,0.0028935408240604,0.0173272515422469,0.009667985246714188,-0.007647113219594229,-0.005067933368053348,-0.03895857413873174,-0.097489185909642,-0.11442838722401305,-0.013335915127670461,-0.02874358866547541,-0.02051529717615283,0.07089149857096806,-0.029514995058124834,-0.21280450651971639
2022-12-23,1218.169382662123,1228.2728457549422,1215.8963590116723,1220.0796155854068,13899782833.77778,149443679917.1883,0.0012941289054932,0.0012932922424367,0.3381977572244201,0.2913237514007603,0.0070946561749031,-1.0770937643082328,-0.0171426020536248,0.0026843083278595,-0.0220089679873633,-0.003855009636483931,-0.04659648127937335,-0.042813058523049084,0.045081228179628854,-0.03526040239939937,-0.7768446668987177,-0.01756032010037356,0.013562619153698718,-0.013662316946378997,0.029005000445015937,-0.018368055820640557,-0.0872511075807254
2022-12-24,1220.4105233833518,1225.2539,1215.8367,1221.8758,8221414096.888889,149233284966.02634,0.0014721862341182,0.0014711036303636,-0.4085221189995803,-0.5251309910212746,0.0054045440795896,-0.2721017533097996,-0.0024196854989822,-0.0041283144511633,0.0017805314275315,-0.005254172081506732,0.016671314830164027,0.011558529266479642,0.026652902186113207,-0.13655257182555872,0.1970362169258486,-0.007919628112435309,0.010606429417302277,-0.003491111356994439,0.014690530964122957,-0.027830378154892033,0.009814597933361924
2022-12-25,1221.8455,1224.6446,1203.2394,1219.4884705177233,6776633709.714286,148988323127.6561,-0.0019538233609969,-0.0019557345637006,-0.1757338056626208,-0.1932617498622126,0.0124107058882335,0.8313193822667824,0.0092446838696799,-0.000199658309436,0.0100338350757735,0.002772617859728958,-0.0023896251257289267,-0.0011290247421465172,0.025928005882781206,-0.033677139921004975,-0.0031076406375682986,0.0035004079956507395,-0.003945401671686999,0.001650155670261666,0.016803128449008168,-0.019699716756195612,-0.0016910922958528474
2022-12-26,1219.7705215814528,1227.656045827296,1214.1297215959944,1227.656045827296,9316884416.0,149260618112.03818,0.0066975420490078,0.0066752131579362,0.3748543620771876,0.3183478070194572,0.0067329899128035,-0.6115401668085081,-0.0075135154484358,-0.0031071868636036,-0.0071809049989826,-0.010756337387706767,-0.02012338295136054,-0.022754240815791783,0.04890838139611246,-0.015005388433951855,-0.5371570486116304,-0.006443088338789094,0.006455627486633454,-0.00322865715337442,0.017148936957840092,-0.0125411754080773,-0.0003187239006248177
2022-12-27,1228.551573708037,1231.4366787628244,1205.1912,1212.875705865981,9369368394.666666,149074887491.63794,-0.0120394796340166,-0.0121125411763986,0.0056332113100527,0.0056174041109655,0.0129750856972909,0.656011722441618,0.0053894126655256,0.005968573996153,0.0038800424465973,0.007494680391803006,0.01112607620425714,0.013245487320532502,-0.0047804352260710095,-0.10574939953887558,0.20043897562697577,0.010985669786665736,-0.010807234066133299,0.005934109348094935,0.01581227302482938,-0.005509264414953305,0.001361942722857723
2022-12-28,1212.8211203452593,1214.26785002282,1185.7518,1190.8111424850167,11934880928.0,146575288201.2472,-0.0181919410820504,-0.0183594490826963,0.2738191546394635,0.2420195962415524,0.0123612518894268,-0.0484643013781411,-0.0016303765127831,-0.0011462475366237,-0.0012428804379208,0.008959271810704108,-0.013731796655440456,-0.0032474254690851093,-0.018632579592130903,-0.01481972855961049,-0.08329949150846794,0.019939395382083572,-0.02721602117573199,0.013701600323432372,0.018071823935312006,-0.008472109537485301,-0.03434822965544848
2022-12-29,1190.8051542675605,1205.254314948879,1188.558,1202.1429559078665,11982238856.88889,146582166290.85394,0.0095160458435099,0.0094710534869396,0.0039680269266686,0.0039601750718836,0.0079126819501399,-0.4460999499685814,-0.0036697080926851,0.0007611725818245,-0.0051700997945958,-0.005235265730414124,0.009098032261033027,0.0014526475284184735,-0.013517062305119154,0.022564131121128365,0.07085033042685662,-0.024889449542670375,0.02761369812000572,-0.018220880184303304,-0.012452800561705205,-0.015792092094744796,0.003415941720863902
2022-12-30,1201.7612846480292,1202.737158509649,1186.3174,1199.6719972992698,10072654832.0,146380283737.7447,-0.002055461537626,-0.0020575768978838,-0.1593678817202865,-0.1736011483857467,0.0096595644874813,0.1994817806121798,0.0048631558567812,-0.0041443098407785,0.0073996605737189,-0.00081786069106622,-0.0009059288101986411,-0.0012196548845572232,-0.01686793144543983,-0.055011107433407695,-0.03665370624579989,-0.039536600259120605,0.019231792936161618,-0.024654200495080852,-0.07743995899322963,-0.027087410601504484,-0.10879938941036871
2022-12-31,1200.6447473414366,1207.2416,1194.9810851373763,1197.4878,7761569877.630662,146813114312.18103,-0.0018206620677875,-0.0018223214874375,-0.2294414921304769,-0.2606396921671453,0.0070300179452425,-0.3177593046110534,-0.0047458563041159,0.0052278950969739,-0.0088851614646193,-0.000546585855039472,-0.0011521849443897475,-0.0012322781677928697,-0.020161356563241088,-0.006818174435747396,-0.03725506318241667,0.012165777538373682,-0.005764905139583047,0.006236980155990793,-0.06264619585688627,-0.029947154975806287,0.03735958095089309
2023-01-01,1197.1444,1205.0958,1193.42220025724,1201.5622971158014,6431231801.777778,146633439623.4848,0.0034025374753723,0.0033967619420078,-0.1714006440484422,-0.1880185266121792,0.0064911263156808,-0.0797531964969442,-0.0010003930883229,-0.0022580847207852,0.001453170334587,0.0005048354897992137,0.002171253258361785,0.001996843438873231,-0.014808860057532597,-0.005152070241330944,0.05850006578200473,-0.012636047656130522,0.007186145671299042,-0.005655863991837443,-0.07390187042836951,-0.022796200341698682,-0.032300918809966106
2023-01-02,1201.3234351680835,1220.9376,1195.7718380567617,1214.5258034058745,7972081998.222222,148378453763.46814,0.0107888757172145,0.0107310910471379,0.2395886579641724,0.2147795971349763,0.0130667049580278,0.6996313265968865,0.0061717399408854,0.0048254017814326,0.00388917899696,-0.00959439765496474,0.009801783655577222,0.005042531663237964,-0.01075298216833113,-0.020316030860968205,0.028246276226020495,0.024800059856149886,-0.006450555150656408,0.016377552569444467,-0.022673574023929995,-0.016239007064724448,0.09843555913325153
2023-01-03,1214.7729913506428,1220.0728,1207.8507033813228,1214.9865934158993,8335574752.0,148617864066.1766,0.000379399110939,0.0003793271572952,0.0455957118678453,0.0445867821984301,0.0071183315190998,-0.6073940278277847,-0.005343551955597,-0.0049699100125177,-0.0026881264300141,1.357104052193258e-05,-0.005710842361504698,-0.005576873461648119,0.0017388861653628849,-0.015903108361195035,-0.22129045395127545,-0.019358459072825032,0.011744821598176546,-0.008792845144845088,-0.052890393551437015,-0.013041127172018076,-0.04040494058639599
2023-01-04,1214.9439,1266.1624479419488,1213.680037220483,1257.0484273356478,13085537285.333334,152830540181.3555,0.0346191753453779,0.034033412482195,0.5698422333977209,0.4509751260292246,0.0211590462349264,1.0893941712529125,0.0110982497212387,0.0130070446400593,0.000243035952825,0.015345539490176887,-0.008659781445014112,0.001596264194784848,0.05413174773025437,0.017685029153277357,0.4208778188463884,-0.004664374181706121,0.013918295241283116,0.006653298639791347,-0.0016566019073238044,-0.00563185977456644,0.04829186987424716
2023-01-05,1257.390386070807,1259.580377021408,1246.3896,1250.5991,12116147982.22222,153202731636.58075,-0.0051305321222329,-0.0051437384919964,-0.0740809706146063,-0.0769684894276416,0.0066396445433991,-1.1590091025756455,-0.0118118846448204,-0.0137427143248794,-0.0006018241512395,0.00435507732919433,0.011337913431687606,0.010715638718854174,0.03951695575131828,0.002037948037799988,0.21093910539088112,-0.002520944442133244,0.001642949279304362,-0.00036881169864300123,-0.017584816368902637,-0.005979369435933333,-0.004481615573327602
2023-01-06,1251.0164,1274.1797849513912,1241.2967884215009,1269.973955998053,10604729132.444445,153572870585.5989,0.0154924595724186,0.0153736766758438,-0.1247441721573101,-0.1332390606803095,0.0159507546564908,0.8764477125633467,0.0089662361053612,0.0042594996731385,0.0079038668417263,-0.011390149737068695,-0.006757118380765172,-0.012534514850532436,0.05694820932504599,0.008056790516490414,-0.2438242329096716,0.006953628046614979,-0.009205855034514057,-0.002107562601470936,0.02950708645096155,-0.012976039291053934,-0.011720321573713832
2023-01-07,1269.3049684405214,1270.6344,1261.9063,1263.6902,10093205690.666666,154806866635.95358,-0.0049479408364045,-0.0049602224247953,-0.0482354085040048,-0.0494375526093191,0.0040203167548065,-1.378145447743374,-0.0117122052908503,-0.0053931760219241,-0.0104733088470702,0.008686053128134792,-0.006020488706843826,0.00242848968459922,0.053810308387688195,0.034560173301870174,0.04483332310041188,-0.015771027972949693,0.018295607142737966,0.004284697390958533,-0.014189900524618994,-0.011373929975077107,0.013232664330220967
2023-01-08,1263.1561314125202,1285.683457241335,1259.8692284830947,1285.683457241335,6439228099.555555,154832036542.79092,0.017403994461091,0.0172542795449684,-0.3620234941303135,-0.4494538209710553,0.0092185988773967,0.829862366190592,0.0035285720809457,-0.0023951453120732,0.0043958364606085,-0.022705252214091382,0.0049774464582081086,-0.008012861286103894,0.0676678259906486,0.00011649192549315989,-0.08851186966172442,-0.001959360788705858,0.0014282749970583875,0.0001724956545981482,0.018433001380817837,-0.026440514866025715,-0.002549013014988777
2023-01-09,1288.1180390956165,1344.5612381016306,1286.7009,1322.5694583527213,15692350625.77778,161342037522.85547,0.0286897998909714,0.028285953572463,1.4369925064249376,0.8907646997203841,0.0264250381173076,1.0530889137813144,0.0198874621884631,0.0265939633860457,-0.0017681600916943,0.04091508795647423,0.004445901875564463,0.02849970871312274,0.08522268851597384,0.10657748099794079,0.6239522203109829,-0.021065023785789172,0.01400227540153988,0.0038717057606109384,0.04441746109506083,0.01540329744978562,-0.02734367049359232
2023-01-10,1321.5392132238906,1342.9171,1319.7301,1336.3735778500345,15791881173.333334,162851509693.2731,0.0104373493657614,0.0103832563014425,0.0063426155793417,0.0063225858424812,0.0101755510036343,-0.9543240916728974,-0.0173820518117581,-0.0177405846463379,-0.0013579902038613,-0.016031853446127044,-0.012759400431090286,-0.020003038508042276,0.09522661766012111,0.09316068646817798,-0.2654945619650735,-0.010402977363669654,0.002382744263958736,-0.0005090249865848662,0.055855573085113845,0.023036251313012464,-0.02455379271532898
2023-01-11,1335.7543595768393,1387.8770885073302,1324.1113638228896,1387.8770885073302,12947376391.11111,163521669785.1808,0.0385397552832156,0.0378156450488013,-0.180124505180899,-0.1986027858384901,0.0232390399109557,0.8258457366555438,0.0105169634697665,-0.0088533787397077,0.0161485241420273,-0.024883234510347185,0.02790740952212515,0.011097240761518863,0.09900885022672748,-0.0016496039151276507,0.17428013134479814,-0.024954690374009863,0.020338001895386204,0.017516008033131428,0.0851154277198359,0.0026824802676711883,0.1345222523928742
2023-01-12,1388.1829873475187,1435.8886,1378.1888,1417.9421,22942560789.33333,171868277862.71252,0.0216625893903938,0.0214312899033518,0.7719853116407669,0.5721005630067547,0.025831525284096,0.1057620370297742,0.0048164614489902,0.0206146602893161,-0.005957795850591,0.04163529608867763,-0.005704869528542787,0.014723638918766983,0.1255838786220759,0.12166095843350686,0.30609075716305645,0.03213611230318048,0.03215543540604712,0.03532326686443571,0.07037204668938503,0.0113998811796099,0.22716264043277823
2023-01-13,1418.2492,1463.6707816926562,1404.4963229870098,1453.476950245761,21868064426.666668,173490828488.19867,0.025060861262079,0.0247519876686894,-0.046834194863122,-0.0479664081558774,0.0248799351405059,-0.0375339952643809,-0.0015635941513224,-0.0057714260292223,0.0039425182500722,-0.010079484889434352,0.0004452150751556791,-0.007228966240849712,0.1349621896149214,0.1125913086466754,-0.045352377454101145,-0.004294201933657208,0.0032536849333872075,0.002422948120217039,0.10368025607858475,0.0019785082630991765,0.04502341426850287
2023-01-14,1453.1673137586306,1565.3492403205712,1453.1203041354945,1554.18,33245275907.55556,188380218987.62363,0.0692842426824944,0.0669894925664951,0.5202660491074433,0.4188853518493464,0.0319810898398427,0.2510831246447398,-0.000421604565402,0.0082328922890431,-0.0168018549893031,0.007635726755261078,-0.009271231402748065,0.00022600109763658283,0.20691190460621173,0.19793326573515124,0.25862043455001027,0.011011645597985006,-0.00449521018739682,-0.002187375494813154,0.2043666781647276,0.03376700156733851,0.11683212277465804
2023-01-15,1552.4133,1558.8221,1522.948,1552.396050626926,19293094368.0,188197546001.91364,-0.0011478396151501,-0.0011484988875822,-0.4196741088373608,-0.5441654519229772,0.0164632417152747,-0.6640146647267593,-0.0035268612074563,-0.0189507904964097,0.0176823898543861,0.001054204620268888,-0.00901335825772989,-0.002903828169649035,0.18850912617366125,0.09503650229303492,-0.09463514544044216,0.010389100956797896,-0.1151817203025588,-0.09811805929512497,0.2859646893530693,0.0051447392842232,-0.37239887115738557
2023-01-16,1553.0580438223292,1597.462176318375,1535.3383,1577.9221251903018,19714203192.88889,191238421576.8227,0.0164430169434321,0.0163092944169987,0.0218269198738461,0.021592123108574,0.0262531042422572,0.4666541180010233,0.0061113856645016,0.0145012119883454,-0.001438873201211,0.008062749682247926,0.0012704422633879418,0.008042905178617783,0.17653246701819694,0.027971847838209274,0.02811869584201032,0.010986440086909854,0.041436770835257215,0.03864334805525915,0.28237455414618884,-0.0016071175210275643,0.19566882265355323
2023-01-17,1577.8197672282424,1595.102430458733,1555.5379508030694,1568.520723029572,20024305404.444443,192243578154.78177,-0.0059580900797597,-0.005975910316767,0.0157298881685166,0.0156074557079063,0.0173759169435664,-0.4126990751049213,-0.0083501955920309,-0.0050961074171659,-0.0068458298581119,0.0088862910176669,0.02286399245362021,0.01817195643457408,0.16017330039998753,0.02861513746430821,0.11327522244421839,0.013471689915504341,-0.005072517762632275,0.00443059779116399,0.2776294820897904,0.026812998388257032,0.01920870142295561
2023-01-18,1565.2937578802637,1603.3377,1511.9049731159082,1518.2812385427997,20434701468.444443,191646511685.2973,-0.0320298506415239,-0.0325540296206345,0.0204948963627429,0.0202877021408451,0.0369408418528634,0.7542326004590176,0.0207871589421335,0.0226492451083261,0.0012125361991231,0.03142937940021213,-0.012061273543046074,0.02353568326683439,0.08980362573055144,0.048698632396309366,0.04414720822384677,0.057308497001607436,-0.05239626323762122,0.024394699278718845,0.26138061482455066,0.024688332401334553,0.07768609628625311
2023-01-19,1517.9596598755118,1561.3908441486767,1515.1253,1552.5629975216818,22981805365.33333,187703317360.68445,0.0225793206875062,0.0223281811705209,0.1246460047787905,0.117468323720924,0.0160034674610829,-0.836512349169956,-0.0238071186076269,-0.0235326846744154,-0.0053308174763623,-0.025795911117660955,0.004803716880122353,-0.022314796666698986,0.09070051699772061,0.0002491057564817813,-0.19935553291212882,-0.03709588141732599,0.05734755112058528,-0.006621468922275525,0.2421325205492869,0.013903542124103718,-0.031324190748755365
2023-01-20,1553.2304565157428,1663.5809,1545.8403,1663.5809,15697074524.444445,192764525788.672,0.0715062143407598,0.0690653355794082,-0.3169781801336401,-0.3812284728259492,0.0295696399231448,0.6139427416120902,0.0043730673439548,-0.0126470010578174,0.0119564263477393,-0.06282825155723924,-0.029159838065905025,-0.06807979794491774,0.1350138649084396,-0.039953213094381296,-0.4946227529878877,-0.09391340251100182,0.004159238850705363,-0.037080986741808014,0.3157051608453317,0.0065652640436825,-0.09010338224197434
2023-01-21,1661.3314,1678.16831334088,1627.7613,1629.442,24645126574.22222,202623857230.03748,-0.0205213344298433,-0.0207348227738445,0.5700458410797071,0.4511048170739001,0.0178865927265234,-0.502696734182591,-0.0008729789167464,0.0172370398876666,-0.0141207932762955,0.04790737330482888,0.042399852722997795,0.06328880176084183,0.047289549568099866,-0.058485131907957365,0.38904437229668076,0.09715612311327183,0.0021224476075339116,0.04374122524645174,0.2906148018715592,0.03374544080683983,0.183739623685917
2023-01-22,1629.5682,1661.530846335606,1613.6371,1632.6316,18501790670.22222,199838737078.89365,0.0019574799225747,0.0019555665552629,-0.24927183414938,-0.2867116556576767,0.0206489682999032,0.1436139343877926,0.0035116212272133,0.0012243347216586,0.0061325396795232,-0.001740609180163756,0.0009298401508718093,-0.0006157836210235745,0.05039361501094503,-0.005557130720088598,-0.006494563191975278,-0.003549101478098421,0.0033968771414697174,-0.00013585060170176466,0.29127707618438536,0.010653094220197253,-0.00047815249619187483
2023-01-23,1630.5893,1645.1655,1615.8282,1632.0742,17575558314.666668,199957691102.3016,-0.0003414119878605,-0.0003414702822018,-0.0500617681858374,-0.0513583156443733,0.0127106319802217,-0.4852265498597936,-0.0086183782441072,-0.010029263236099,-0.0011842819579731,-0.0047267611035292645,0.011707560181589527,0.00581139765868173,0.033742850311744156,-0.015175553151857101,0.05522403485704164,0.00040526222940114043,0.0018857694598544694,0.001636912301332727,0.2894645022718197,0.021310105077112916,0.006122299149030619
2023-01-24,1629.7305,1643.7927,1563.2685,1564.8686110531205,19096453902.22222,199150242329.69067,-0.0411780230009637,-0.0420498553255698,0.0865346955314858,0.0829934535054436,0.024984811083878,0.6758292765506213,0.0088407354310893,0.0121285418944781,-0.0030115997651012,0.028325085223029303,-0.022562070513760274,0.007282905692157116,-0.002331094697058751,-0.0066562313268783875,0.042298588285308636,0.055323714177534816,-0.009291102092310682,0.03792043408410173,0.2493703815099505,0.027390834619286267,0.13135062094891725
2023-01-25,1570.711173905314,1645.5753,1537.7599,1625.2328,27738276956.444443,191948259388.48453,0.0385746052547222,0.0378492011901212,0.4525354863510333,0.3733106406682342,0.0429668562796722,0.54216095070703,0.0202870553038921,0.0035054717823704,0.027722174182902,-0.013055764922238984,-0.023116528329924488,-0.020005347547254082,0.06807213611369715,0.051234063678832494,-0.2320553673028254,-0.049356438741456024,0.017147818183109925,-0.028116026915572856,0.28054436954213535,0.039605944895686244,-0.09466328444015759
2023-01-26,1623.572177020823,1644.6173,1598.8551,1611.3829,30637000014.22222,198327722631.92807,-0.0085217945392191,-0.0085583126448378,0.1045026359182097,0.0993951304014068,0.019396989338792,-0.7953111689888215,-0.0222970411944299,-0.007851221534817,-0.0233063184890487,-0.0006571649466090637,0.010185988770963538,0.0022293286498751216,0.03718564229833828,0.05102404005808948,-0.01880721039228872,0.014860766026706343,-0.022526091699620235,-0.003701804639649614,0.2840985980736962,0.04385581062077828,-0.01592948115647297
2023-01-27,1612.7875,1627.6226544427234,1573.6525,1607.9381,23498060344.88889,195303034932.97543,-0.0021377910861534,-0.0021400794234237,-0.2330169293997229,-0.2652905500875803,0.0237708522412941,0.2033422690765851,0.0057536363302698,-0.0056596601582228,0.0120674366028402,-0.0352898030784934,0.03709388828340815,0.0022091691917738784,-0.03401977270449377,0.04944855564468654,0.016367632259084886,0.006264839137680431,-0.049320665402790696,-0.01605872799459243,0.3003179677329687,0.02306107985373887,-0.0702558598175731
2023-01-28,1607.3429,1616.2405745069884,1572.3951,1579.8037,19489013681.77778,195223965125.44376,-0.0174971909677369,-0.0176520761768912,-0.1706118123908523,-0.1870669733629712,0.0162120660049595,-0.3827043542586223,-0.0101756916866221,0.0006642415146541,-0.0128446296891577,0.010538411690229475,-0.019180773226713924,-0.011855129732231955,-0.030937026107540542,-0.032407942394032954,-0.13013505796039881,0.02091321012695639,0.026983381826010698,0.028756422748354465,0.27319483806913786,0.014691415169370042,0.10545664678536704
2023-01-29,1581.5592,1668.8411,1577.7999,1661.5962,20949587925.33333,198544651215.6905,0.0517738374710732,0.05047810781076,0.0749434664783055,0.0722680708742527,0.0251403356858083,0.4387177756082407,0.0037511623046764,0.0040682022137513,0.0009320173740657,-0.021256642500366726,0.02782866237783864,0.017685607493515533,0.017585515147956594,0.015516262360253098,0.10044443865820396,-0.08437237166197584,-0.01618218283269278,-0.08157487940772272,0.32573052277778175,0.020911329966949214,-0.29523731109862394
2023-01-30,1659.9173,1659.9173,1555.6891244857206,1578.0185,26127431872.0,196973124884.90765,-0.0502996456058337,-0.0516087605689677,0.247157317132971,0.2208668152227731,0.0333727319352601,0.2832656016848718,0.0115096803160504,-0.0152876870854402,0.0193032562095309,0.026384797489989273,-0.02863319910999418,-0.014941524549141633,-0.03368177513880916,0.052393946287093186,-0.043024576287880034,0.0865192173404585,-0.015192409237389161,0.07421337123939621,0.2759440836962516,0.03434583975810769,0.25127650474701246
2023-01-31,1577.6944,1611.3715,1571.9815493761575,1594.5995,23157389148.444443,194345794089.99377,0.0105074813761689,0.0104526614721021,-0.1136752643009841,-0.1206718766810335,0.0161978013862911,-0.7228636412829217,-0.0138833499445242,0.0148657997187407,-0.0232016666304508,0.01608542282201983,-0.011004527664684745,0.006209773067525438,0.018820741658862803,0.023950098241493058,0.05061182800880415,-0.013493582028108853,0.007019142896037868,-0.011474158268354046,0.282999983226346,0.030285121126866613,-0.03950197445068171
2023-02-01,1598.7421,1658.6795,1571.805,1655.6429,19218017436.444443,195706810982.7754,0.0382813364735157,0.0375667850848311,-0.1701129469625301,-0.186465668129056,0.031218690040729,0.6561414390973357,0.0143123063163039,-0.0066535348459505,0.022516717461347,-0.03773745756166481,0.023830751938155627,-0.005744472378069562,0.01853832555357277,-0.05092788696911405,-0.1703990495284784,-0.06458960944114471,0.005938136861031541,-0.057134480475785995,0.3098356772640392,0.019858644587840216,-0.21983389426246247
2023-02-02,1655.6512,1719.1712799197292,1652.7172,1655.1528,32690205191.11111,206018338591.79584,-0.0002960179396173,-0.0002960617615758,0.7010186039855721,0.5312272504412592,0.0278746804488117,-0.1132981892348778,0.0070033276307886,0.0295859277691093,-0.0280993437081735,0.034458465741577564,-0.004307047269520255,0.014603191750659751,0.02680057643683491,0.012511841179454097,0.3571123001565746,0.04869512657985979,-0.02448207286407035,0.03763257492642573,0.3091602883451682,0.04170074171587671,0.1646689815072877
2023-02-03,1652.171,1683.0069,1645.6273893338375,1674.3734,29163596551.11111,203247692073.1577,0.0116125834424469,0.0115456748846338,-0.1078796728066708,-0.1141542595431221,0.0135424729761406,-0.7218878729321649,-0.0250332358559035,-0.0280460812829966,0.0066738020539027,-0.007094072926904012,0.0017404576943314057,-0.0036173460878704544,0.04048633074489252,0.03373416305348956,-0.042437327497508726,-0.02389771510039848,0.044121779981951895,-0.006109940426480415,0.28667255074760684,0.02660613972467991,-0.051924353017841485
2023-02-04,1672.5805,1700.5303,1656.2810793777169,1673.6919,21454622140.444443,205081283141.30707,-0.0004070179327979,-0.0004071007870796,-0.2643355183286872,-0.3069811314867572,0.0186385586349422,0.3194015867533557,0.0063327992461431,0.0064848615130772,0.0018295965526073,0.005153831264334191,-0.014279649323460937,-0.0059582452038087,0.057731306134704084,0.011442847045031013,-0.07340157274473702,0.0014388627412041388,-0.013809190165966621,-0.00588370067857584,0.29140918845252367,0.015134530639408022,-0.025040486752540003
2023-02-05,1673.9454,1680.644271753026,1623.7659,1639.7916999695117,18577795182.22222,203091622337.36047,-0.0202547434390334,-0.020462683393099,-0.1340889128407938,-0.1439730464075527,0.0207009598506618,0.1049475889774691,0.0007973342326421,-0.006323301541138,0.0071694380536707,-0.006575515938999639,0.02370740444618187,0.01254688070269095,-0.013209485069154887,-0.013823873822303297,0.13676077691435795,0.027437232658524657,-0.003935787661668674,0.02352102350072237,0.2555728283835809,0.012742836493122673,0.061683827632246446
2023-02-06,1638.0485851442593,1661.8990280236933,1617.5003,1622.4906,21231248355.55556,200928158161.42365,-0.0105507912802785,-0.0106068455048402,0.1428292834163942,0.1335070153167434,0.0182059049136339,-0.1284340815278248,-0.0002880123712201,0.0087117505742622,-0.0110530731492701,0.02978293577969896,-0.04753765506673832,0.00011833141874136033,0.027792429994972473,-0.02915625939122534,-0.1422644784586633,0.01381199152425136,-0.018673555559037783,0.008309724061781848,0.24992620530353601,0.017533658506476774,0.02390617697356867
2023-02-07,1621.524,1683.2492488168684,1621.524,1680.0255,22210010001.77778,201740482396.2096,0.0354608525929209,0.0348465958205826,0.0461000516705889,0.0450690127611233,0.0145813508855609,-0.2220026116465394,-0.0111787888379596,-0.01016259744287,-0.0062359146795972,-0.02960259080835287,0.022742023316119422,-0.018384285703179314,0.052186364343453,-0.005741040061642637,-0.09577392069896007,-0.05202722954654285,-0.008537635942819838,-0.052691149404363605,0.26751852157915024,0.02431224353438096,-0.2463052060502524
2023-02-08,1678.3319,1695.5076,1642.2761,1658.7477,26568707776.0,204895515309.9181,-0.012665164903747,-0.0127460517943687,0.1962492485988676,0.1791910356543115,0.0213437275054932,0.381014527235997,0.0125112095660132,0.0064762840705164,0.014721859246195,-0.004198131543572854,-0.009408066850134685,-0.008977185235296704,0.0018735274642530009,0.04370362370124647,-0.2507166604037314,0.015473161681902325,0.0005626584533786477,0.015293260312014986,0.22648651621231833,0.016429116512587248,0.009451120587883999
2023-02-09,1658.3829,1665.3742903431876,1546.446383676728,1552.6470242567614,25824156625.77778,199167088344.0928,-0.063964324256931,-0.0661016881207909,-0.0280236117051498,-0.0284237666944766,0.032680414111398,0.426018038763813,0.0029947413182868,0.0022323166901731,0.0020007107544407,0.014530390354297408,-0.007961357486206692,0.009774938990093338,-0.06393209889496206,-0.040762616677423355,0.24314311060924299,0.06332777720962712,0.019637527495887673,0.0660160829044982,0.15000157179008486,0.014918460690866544,0.2620018690306267
2023-02-10,1552.4529112868818,1562.130350478402,1516.4694,1521.2239,30660089137.77778,189010233968.74377,-0.0202384210743606,-0.0204460237271284,0.1872639088307244,0.1716514235443802,0.0167483515548361,-0.6684761028275332,-0.0085315234753217,-0.0043301582673434,-0.008154570916207,-0.008260234310878321,0.0012460346514287617,-0.007349057542737757,-0.09592379750672453,0.009027128402089538,0.010879423308616243,0.0013969916503193958,-0.010623977516006581,-0.000701495758867382,0.09173990301415515,0.025808213079825587,-0.08919367458995242
2023-02-11,1520.3617,1547.9816,1516.9408,1545.6497,19992811100.444443,186890217535.2983,0.0160566764695191,0.0159291315271168,-0.3479206465903475,-0.4275890167777472,0.0100019254559014,-0.515522218741725,-0.0071081203605729,-0.0076315315921097,-0.0020693000481498,-0.00855722902872317,0.025880685092816928,0.00898054038077891,-0.07958756519252812,-0.008816997672802768,0.10021022917043387,-0.018654256771843875,0.003836854730267382,-0.017620481657011577,0.08623774463791976,-0.00425195700343167,-0.0937375013617483
2023-02-12,1546.8055,1550.5644,1512.6119705250726,1520.538302956336,12486514787.555555,188345433086.8513,-0.0162464994776395,-0.0163799209113805,-0.3754497691783833,-0.4707235189896023,0.0139187466139662,0.3304589887024471,0.0044886000259919,0.0016795336360342,0.0043101961152903,0.026864173450103744,-0.02298865280502343,0.009202744573384214,-0.0755048027108097,-0.037600474868474225,0.07417308617528251,0.0005773772099852414,-0.02933672183634252,-0.0026421282011302727,0.04510583605784994,-0.013644619569582996,-0.13788863442391142
2023-02-13,1525.3292,1529.724,1474.8101,1514.6054299680666,21549832529.77778,184100159176.80795,-0.0039018240952789,-0.0039094560697974,0.7258484770510187,0.54571880030877,0.025475839186545,0.6044939113860495,0.017601962117311,-0.0015436052830031,0.0191374175000708,0.009670837418145568,0.02984503608317354,0.022355327784806894,-0.06880741327576682,0.002002002232260281,0.29727079619245567,-0.029968221571613954,0.03574015011011674,-0.024119254490521172,-0.02579311257844268,-0.01727490226687124,-0.07345690364331992
2023-02-14,1513.2961782317343,1562.2449,1501.428255644734,1557.6276,27273681290.666668,186823543889.20425,0.0284048697969083,0.0280089317123768,0.2656098952499801,0.2355541366242491,0.0215933424643266,-0.1653454722014924,-0.0108353174176537,0.0043613138494135,-0.0129368335561672,-0.04156265595361057,0.033789312650052514,0.0020873191866397772,-0.07564507738397253,0.03129378736862284,-0.022880712140005866,-0.013556447292751475,0.01619397287420172,-0.006181485545129234,0.0033643180215165744,0.011820098834328129,0.009949969503623368
2023-02-15,1557.0171,1670.5597006869714,1546.2917,1670.5597006869714,27985340692.539005,194491601331.1417,0.0725026320071442,0.0699948259029391,0.0260932653090681,0.0257586444779442,0.0327681979040702,0.4170734210150608,0.0035308077675983,-0.0097069775659151,0.0061057049084141,-0.02938709073414676,0.036876512351995794,0.031886602364211286,0.007095800313335447,0.00858237211270966,0.01135457995491329,-0.05052811881174477,0.038584285957026225,-0.009080818435949392,0.05704984950745687,0.01210475980286299,-0.05656704837957838
2023-02-16,1670.3704446625238,1729.7115,1634.2073,1634.2073,36600400540.44444,206170476004.6912,-0.0217606115315857,-0.0220008654143754,0.3078418784518226,0.2683783576936849,0.03778725354897,0.1425133691073061,0.021412677052276,0.044527861056163,-0.023115184003887,0.07836311766981022,-0.04835209393007117,-0.014115819823063439,0.05119662301975073,0.06298066846084072,0.20583836775473774,0.025710265966931788,-0.013557113799471443,0.0042686502063510184,0.04102489440984833,0.023826658280661647,0.06676283892242996
2023-02-17,1637.0959,1712.6734,1637.0959,1689.3299,34996085155.55556,204095530464.3524,0.0337304820508388,0.0331740864528184,-0.0438332739860612,-0.0448229815404072,0.0252461297756268,-0.4032989702984637,-0.0196407382668556,-0.0196407382668556,0.0,-0.023159156046955925,-0.008291448064457946,-0.02207465760144542,0.10481673319969785,0.024263034763117607,-0.16420437039501445,-0.019777592679095422,-0.015592511663426373,-0.024881034555858245,0.1067530104833013,0.020472309630902803,-0.18465355472335787
2023-02-18,1688.2629,1696.6164,1680.6443,1691.9155,24332599086.22222,206623587904.7577,0.0015305477041518,0.0015293776097858,-0.30470511264145,-0.3634192250488133,0.0065520273588117,-1.348898345575705,-0.0182594342646007,-0.0211864734233785,0.0054983133278287,-0.0055128118561377434,0.016632155856474304,0.01022056017147148,0.09041697928236686,0.02370873069788232,0.06580011848113054,-0.0067802706411908,0.02176958598889997,0.013756897504982005,0.08595420692256614,0.0018780512093153024,0.08796178771743612
2023-02-19,1692.5501,1720.6520135772514,1672.9287,1681.2561,15061352088.88889,207404120611.80627,-0.00630019643416,-0.00632012642438,-0.3810216477278403,-0.4796849790057515,0.0194489684507613,1.0880195105225607,0.014332004140494,0.0158290632496904,0.002110828658689,0.010082006034542526,-0.014477381864179323,-0.005585052195620388,0.1004767737693675,0.013805438540449418,-0.029682419909522917,-0.014907386890769758,0.04055925233905648,0.031985778364172324,0.010568744918777922,-0.0008834256506332942,0.12356666366074798
2023-02-20,1682.0428,1717.8282,1656.8934590790166,1701.8493,23425424398.22222,207686004989.5514,0.0122486990530472,0.0121742907260942,0.5553334295599996,0.4416899467999648,0.0244797477169879,0.2300521192049993,0.0035358265239341,-0.005503443158041,0.0124730447830717,-0.013183489691555,-0.03501861642162904,-0.03317310027990174,0.11656052056525917,0.009937672191365472,-0.32859904621338254,-0.0027329138976867895,-0.005376618837700756,-0.005898164364710731,0.04347785841871667,-0.0016971357771137958,-0.027315388588093903
2023-02-21,1704.3262620177268,1716.4765,1640.0783993503676,1657.2336,22902066616.88889,205922715237.0968,-0.0262160110181318,-0.0265657771618156,-0.0223414428885673,-0.0225947935130968,0.0270773121877698,0.1008500366919236,0.00098699208006,0.0017696852870192,-8.603228200696617e-05,0.020509812518850513,-0.009523953905061631,0.014390038912251366,0.06198581169106658,-0.023317693186145166,0.009462286232326811,0.01913919606225646,-0.011318928419829788,-0.004201571978671173,0.014956514701638083,0.006109195355473587,0.02547146059976546
2023-02-22,1660.3077,1665.3506,1602.2297,1643.0491,28918657998.22222,199975859338.79785,-0.0085591433820796,-0.0085959832120123,0.2627095397974459,0.2332598405123187,0.0265391317362471,-0.0200758755237964,0.0051224438442028,-0.0094016568104235,0.0099333665814573,-0.02473953363707996,0.010484626242451417,-0.017266400176725094,-0.016604997423885024,0.005024060044379135,-0.26282772910980556,0.005061099609484351,-0.004338052191445743,-0.0016273866832743206,0.00670200177182756,0.015578395750620233,0.003000961476330666
2023-02-23,1643.3021,1675.3703974904777,1635.2179,1651.6473,27325169571.55556,202670768980.8049,0.0052330755057776,0.0052194305488447,-0.0551024334104515,-0.0566787525069073,0.0168617435494247,-0.4535729524832508,-0.012579401848246,0.0102074696550717,-0.0229079910771162,0.002778493968397182,-0.006797250163325559,-0.0014329387883827566,0.010615298539335313,-0.05108645764389845,-0.058789056068415224,0.011410605021251762,-0.01941058828447352,-0.010043351149037136,0.05397128764624226,0.01115118259125582,-0.03891353719413759
2023-02-24,1650.2095,1663.239,1586.7964,1608.6857,23322670858.666668,199692100689.2138,-0.0260113645328515,-0.0263556433058773,-0.14647662853135,-0.1583823540309876,0.0292566719086615,0.5510602865112619,0.0102433696201653,-0.0004066589694887,0.0161485036267456,-0.009380321277168188,0.0035685295234792365,-0.005750486709245425,-0.048914431219360496,-0.06824232727446689,-0.02725179567429148,0.0010436219525779833,0.006913227386227752,0.006124343724151188,-0.010233556849756228,-0.0059683648819455586,0.03863014689030031
2023-02-25,1608.771,1609.1812,1568.2261,1595.631,19937191318.745644,195404353901.4972,-0.0081151339879504,-0.0081482409208893,-0.1451583122892199,-0.1568389877618989,0.0175023227775101,-0.5137740448435246,-0.0071890164519619,-0.0147268218532751,-0.0021413249276826,-0.0005136872903364204,0.007214073972026339,0.0045060484274670465,-0.05859204975003565,-0.02695240336073141,0.10909304871409953,0.007372772364136276,-0.007460689141197768,-0.0011221944768131376,-0.009823485125807776,-0.014611903125409406,-0.000450192917110126
2023-02-26,1595.675,1645.7324,1589.6717,1639.222,14025320977.77778,196904761130.9409,0.0273189728702938,0.0269524697449909,-0.2965247334216688,-0.3517225607169097,0.0179037500845369,0.0226765905686443,-0.0056483714047049,0.0095967800918556,-0.0102724747422026,-0.003843037587132947,0.019342401493793765,0.013304866389802827,-0.025319453580664595,-0.006460095603853052,0.13733806333774945,-0.01235862808980176,0.0114514253068531,0.0015357926360797247,0.019269064042607153,-0.013116812907822226,-0.004155343995676741
2023-02-27,1641.376,1662.4443,1613.29,1633.5255911573129,18252529955.55556,200300335919.71225,-0.0034750685646527,-0.0034811206404039,0.3013983768696289,0.2634393608593035,0.0210124610407388,0.1601054518000482,0.0055196399364184,0.0038953219726282,0.0039113663472162,-0.012643169101777735,0.002570981336071705,-0.0027260544016493443,-0.04097486494716272,-0.03289476118571547,-0.07018003711715481,0.008786778798263922,-0.01085396355417935,-0.003431262361249951,0.03344001957909448,-0.0017249123822458982,-0.010246500841987416
2023-02-28,1633.6287543691326,1644.9773581175605,1604.5378558667226,1604.5378558667226,18975334115.55556,199357754915.05905,-0.0177455042317722,-0.0179048435438843,0.0396002177100933,0.0388362332023495,0.0136037640346962,-0.4347691229276438,-0.0078242718116433,-0.0018334856775406,-0.0146676002960003,0.0009937323949393943,-0.022128424371909913,-0.02002796463709041,-0.0323139313292313,-0.025713348978789824,-0.3346516168106226,-0.01595319000598916,0.01532660336607189,0.003538552517853122,-0.03494293177554979,-0.0027602949193158964,-0.0016696747716586913
2023-03-01,1604.180852544386,1665.0062,1599.6845103794246,1665.0062,22425958464.0,201463500375.12088,0.0376858320370474,0.0369930722999324,0.1818478835434942,0.1670792165764675,0.0163058011982119,0.1811744245194244,-0.0025280383623006,-0.0131269031534252,0.0105988647911246,-0.008800715289018613,0.01677814068254606,0.012853986069941453,0.013275124182713358,-0.0440222692483552,0.1001833957755971,0.0035986516338478783,-0.009398618532247216,-0.0061831897495404076,0.053658901093350246,-0.0051958240235591095,-0.028350683331237914
2023-03-02,1665.9322,1673.6289,1622.3307,1647.3442,20639774336.0,201007215922.1837,-0.0106077683074092,-0.0106644317530184,-0.0796480619041246,-0.0829991406808007,0.0208786625849814,0.2472067622940637,0.0112815807313565,0.0085420346865705,0.0095453040841527,0.0039844353545720745,-0.0028373481635871264,-0.0017789179884076176,-0.0026087381191498087,-0.04744947059143802,-0.0006741683454780656,0.002759230104829362,0.00403971051099461,0.004891206733225573,0.0325418078682296,-0.0035495097270048584,0.03234367619066747
2023-03-03,1648.1644,1648.9702,1554.9741,1568.7959785979592,25721920824.88889,192359090514.4648,-0.0476817300246303,-0.0488559828612964,0.2462307196849813,0.2201235715102321,0.0279543780779998,0.2918461184570349,0.0013452943556686,-0.0036062026177279,0.0025510410747465,0.03562740580901523,-0.03273169560504462,0.0011962415532870765,-0.02510907767456897,0.017288782988124148,0.07549178544773083,0.00338753857340017,-0.009950129025185217,-0.006139546853693487,-0.05388096007789815,0.009144017531096563,-0.032382592552338885
2023-03-04,1569.2871,1574.9161,1552.3086,1567.0151215129845,14786396836.125437,191807333655.0814,-0.0011351744326667,-0.0011358192311817,-0.4251441431303251,-0.5536359533161119,0.0101841535458897,-1.0097408886661023,-0.0122447293282832,-0.0006922450744113,-0.0125672998933056,0.005468362594757831,-0.0012302713424895834,0.004847180447443283,-0.018096655984861446,-0.03749125975777606,0.047544088768275206,0.0019412669612930422,-0.0015459906114831667,-6.638581430101764e-06,-0.05472071754750396,-0.025375989003794584,0.00172119361882217
2023-03-05,1567.734501779617,1584.4379,1558.2961903704393,1564.165,65573449326.22222,192092215422.256,-0.0018188219589309,-0.0018204780239529,3.4347145591288486,1.4894632527272316,0.0116782800962679,0.1368977762150702,0.0016355484795387,0.0074387965066093,-0.0053635131927823,-0.019750985197352973,0.004484989946137642,-0.01658111336906532,-0.046869603753805375,0.3237685034624898,-0.1675160681404848,-0.009180999626915917,0.0030496633478410418,-0.0030196296368628778,-0.0680868704560909,0.05094584190010734,-0.028908690062781517
2023-03-06,1564.4943,1580.8315,1557.9028,1566.4469,18168226218.666668,191699947549.47043,0.0014588614372523,0.0014577983327283,-0.7229331931544226,-1.283496621926074,0.0103019980270801,-0.1253928548906309,-0.0017513696508405,-0.0019376319940134,4.103322070446447e-05,0.0037324328073910437,0.0009125639983279289,0.003708353303259887,-0.04193068478067311,-0.0004524353840448087,0.05282926145671585,-0.0011277437635782636,0.0013414123632577851,0.0004937697131687929,-0.06622197133628277,-0.004493339892058403,0.0015052502240942012
2023-03-07,1566.02,1577.703763602755,1540.8089,1561.3807,16138259175.11111,191424282302.5673,-0.0032341983631873,-0.0032394396867514,-0.1117317133287287,-0.1184814569906125,0.0166303039317456,0.4788887095150649,0.0062391872737985,-0.0009524721179817,0.0098661589162441,0.01422961299704311,0.0016045589878543529,0.013533520884501625,-0.02726528092354031,-0.015346415898292349,0.1887161109367259,0.017663134342008342,-0.009995253675874949,0.0032040736392461716,-0.04899872762993522,-0.0033485719347761535,0.0356822226175364
2023-03-08,1561.062,1568.6227,1533.211845091075,1533.591955100595,23554274271.66316,190419503156.11264,-0.0177975460433224,-0.0179578269514052,0.4595300531540129,0.3781145025039467,0.0117864264937184,-0.3442779969204483,-0.0064467107830093,0.0016539394953246,-0.0125591608239702,-0.03417317161318024,-0.0185843614850802,-0.03838892651019622,-0.08221618017487789,0.006131565745467781,-0.4833002251298071,0.013498744430476911,-0.016500527182223862,-0.0003888102819149669,-0.05634970907650023,0.003188901803236609,-0.013425455918476992
2023-03-09,1533.5190460380295,1544.3348,1422.1388,1439.4372,20897293711.60976,185858197942.98013,-0.0613949198073479,-0.063360463114997,-0.1128024803230666,-0.1196876386251205,0.0429998985775946,1.2942491848006252,0.0268391584404507,0.0117881476207937,0.0280810277272117,-0.011919137522877269,0.03769287327005817,0.02243298317608441,-0.13491221153685654,0.0013941743194955108,0.5881019351553038,-0.013735537923419625,-0.016130987095631225,-0.02029636587366429,-0.15455676801207982,-0.0018007634232312924,-0.067227612319126
2023-03-10,1438.2141,1438.2141,1377.4674,1428.2093563862938,38990359120.27875,172904295608.12222,-0.0078001621840162,-0.0078307425741983,0.8658090209363882,0.6236947504222993,0.0302055666732049,-0.3531715227081706,0.002014513979707,-0.0222343665051639,0.0093178823853856,0.023431719443000928,0.026445923343341705,0.032580443789534286,-0.09388697124975827,0.06932402802548567,0.24950096620138007,0.015382483697917879,0.03718797028558897,0.03472699035208304,-0.14964145879190943,0.01691136948641901,0.2711060766840361
2023-03-11,1430.1645334505797,1482.021,1417.82,1482.021,41292044593.77778,177717906622.47922,0.0376776999626036,0.0369852355288622,0.0590321691164401,0.0573554430383924,0.0221492040343635,-0.3102246737197434,-0.0199175156544389,0.0,-0.0199175156544389,-0.0049699172991370805,0.0286171718102389,0.025277248471196112,-0.05576591648971427,0.12556931457768455,0.14872699446743898,0.039455466033100794,0.011598555661404802,0.03798591978372892,-0.04655453514225615,0.020666549193916795,0.18591399581769874
2023-03-12,1477.9536,1589.1116,1460.5178899302373,1585.94849029003,27341461002.666668,182750884107.5552,0.070125517985258,0.0677759481222205,-0.3378516062441068,-0.4122655884130677,0.040484974051007,0.6031293335823307,0.0139062641473031,0.0120202972699415,0.0116754637010262,-0.02103459383626705,0.03666061296371012,0.03320278192803429,0.013830509656459168,-0.18658506514897552,0.08386221889076628,-0.023462796965664334,0.024406213631513518,-0.0011129011988245674,0.041667436707092845,-0.004398152463979885,0.0028549063909386607
2023-03-13,1588.3703588324947,1694.4369237585292,1573.7913268708912,1678.1010177444364,87597218230.34386,199311178967.4786,0.058105624500802,0.0564801625747544,2.2038236077362625,1.1643449739253873,0.0395128890329593,-0.0243039708714278,0.0013996230394502,0.0130042966189914,-0.0069431800644072,0.022054393491669887,0.02519052513827788,0.0274554788330586,0.06885287389848511,0.3166406475442461,0.3293958648050024,-0.04761731560406186,0.03334935731014582,0.003650731880752406,0.08221846775473048,0.08598769654271005,-0.03860082514692853
2023-03-14,1680.7611,1777.5516,1665.0699,1704.8027,47470558633.46479,208623886688.917,0.0159118443843468,0.0157865780535456,-0.4580814369168987,-0.6126395414457501,0.0453727261960398,0.1382842566341748,0.0157054699385041,0.0233457620788317,-0.0094535516112757,0.04603616765101819,0.004183953489086706,0.017648092124893072,0.08787889163878229,0.11554254017802079,0.204644929416953,0.02178123629116631,-0.0038513647351630653,0.0056350086273664335,0.11438496671965669,0.04175369045254116,0.08571349356055591
2023-03-15,1704.6536,1719.5707,1616.516444288001,1653.3463955091108,45430333916.44444,205426513969.5017,-0.03018314347513,-0.030648033017447,-0.0429787383117516,-0.0439296707558639,0.039356240127152,-0.1422566375509224,-0.0113859603384667,-0.0298722933556988,0.0197102279294849,0.02975683087517529,-0.02335786371495377,-0.0051376431760313535,0.07518868557274057,0.0734225555180962,0.013546036843506304,0.028007179112114047,-0.016414195038887358,0.0020527365931707064,0.08764638977200705,0.02753219836415176,0.030662125601660595
2023-03-16,1654.8168046513288,1686.1291,1641.8237,1677.3203,50719128600.97561,203188645515.3679,0.0145002308989865,0.0143961078825103,0.1164154922184443,0.1101230995261005,0.0168535729191493,-0.8480918653964458,-0.022885348246654,-0.0085891612219041,-0.021597828958548,0.007457006456629861,-0.04777682166254095,-0.02983277223399189,0.15294525657024788,0.09212764317028672,-0.13016914220678522,-0.02029108566617817,0.024315934776949544,0.008597353514899653,0.07403356594214051,0.026312668599678894,0.014813283397971055
2023-03-17,1676.7374,1796.2327,1667.0003,1787.4889,35618887025.77778,211276362534.03903,0.0656813132232405,0.0636143253469642,-0.297722811722506,-0.3534270977949395,0.0347434601715795,0.7234286807983241,0.0109125950847613,0.0084194763251545,0.0071754157596185,-0.07753359478129701,-0.04737615879843436,-0.08833959651511433,0.22439032449141055,-0.009999841345122659,-0.490176301088894,-0.06885435398008663,0.06879232980964603,0.04654412819966727,0.0676530653861658,0.008419802496740333,0.04839128078142818
2023-03-18,1792.4757,1832.3426,1759.4123792653124,1759.4123792653124,42136638734.22222,220857794973.2624,-0.0157072420056357,-0.0158319078927171,0.1829858328736513,0.1680416093316857,0.0262850789121239,-0.2789899213581539,0.0026439611257322,0.0115620496703866,-0.0201603693909715,0.06008487450395792,0.0021893221916467545,0.048728461658906846,0.1715731810698312,0.0025144831189541565,0.23324800079876384,0.04881953212305869,-0.018563292964999117,-0.00850835707613315,0.07382202290782422,0.0060624220597791005,0.07287716043191117
2023-03-19,1760.9656143038194,1839.4766936826563,1760.9656143038194,1785.3429,30159188202.666668,219336131509.9684,0.0147381711304745,0.0146306197391168,-0.2842526336071461,-0.3344280145176972,0.0296358944132834,0.1199848393222238,0.0062055781722173,0.0062055781722173,0.0,-0.02721987596651329,-0.012903536696277737,-0.030111828160484105,0.11842785268672751,0.008343354751527369,-0.35398155451868885,-0.017028064032745267,0.024141882364002804,0.018808647267365558,0.055278556194122384,-0.005294581765373688,0.024138948528981574
2023-03-20,1784.5718,1803.1019915121449,1730.1694,1732.5942,32501741824.0,216433968807.02945,-0.0295454167375914,-0.0299906747247609,0.0776729667122209,0.074804056063871,0.0226911261821314,-0.2670123447897485,-0.0147556929982751,-0.0157969757473842,0.0065847041614881,0.007282022320296164,0.017884553715891614,0.015544019705197129,0.031957015387212066,-0.17728660471296875,0.07427311345561982,0.019971889910273745,-0.012346689998729815,-0.006682578973985831,0.02375850385957569,0.00892589645609036,0.012115734406240364
2023-03-21,1735.6002,1824.4765,1725.5817,1807.327716279214,37378907420.44444,217213135561.1656,0.043133883444383,0.0422295315816502,0.1500585914088774,0.1398128901284976,0.0303209194666911,0.2898639547603072,0.0058546687855788,0.0014177529077547,0.0097844240600644,-0.03686032265097948,0.02497652091669264,-0.004785402266784908,0.05839996891531664,-0.03617594969210444,-0.06435408113201246,-0.030872966478500317,0.015561952788659988,0.007748796737710006,0.07230816186560583,0.023986461376041494,-0.02188710803963323
2023-03-22,1807.0567603566965,1819.0876,1719.5249,1737.7501,29954344547.55556,218391184822.33096,-0.0384975096948411,-0.0392581239356906,-0.1986297456310348,-0.2214321985528456,0.0315166054237259,0.0386766775093319,0.0015630398234373,-0.0042944034928973,0.0065106550742689,0.040943623994930636,-0.05580683257809624,-0.004826266620491307,0.049789877997072934,-0.058151589145463124,-0.11906600260902778,0.026170429284878345,-0.010507139535427062,-0.004315168408894038,0.020875747203820905,0.00690973581883932,0.022673607329681156
2023-03-23,1737.0796085128222,1848.19392724134,1734.7611053367198,1818.9182,102154218289.77776,217407347213.0039,0.0467087298685813,0.0456506982170753,2.4103306159010613,1.2268092414053071,0.0344561494826602,0.0891729228638458,0.0036962621090833,0.0140420442511057,-0.0149255040472895,-0.03815100929112179,0.0013811498353638145,-0.03499707174278964,0.08104446833163799,0.18148720246275118,-0.34733904456122255,-0.024515473591284462,0.005431805781683063,-0.00039643992807858464,0.09309222258271187,0.08027556302240109,-0.020712272222958017
2023-03-24,1817.5739,1820.78749162516,1734.2861,1750.174136164501,119490386325.33331,218223603940.8872,-0.0377939281906679,-0.0385266393965025,0.1697058459825768,0.1567523035098395,0.0251586951219207,-0.3144839188175177,-0.010146556434465,-0.0231054755597434,0.0127281448511557,0.001415022705294762,0.0045558493366519084,0.0035974795622393876,-0.021096496411828956,0.2395184268977182,-0.07415944652058437,0.038645797861616565,-0.02228903509545696,-0.010989621956160378,0.06316156639822185,0.08448415954524428,0.02060127101736864
2023-03-25,1752.0481447908471,1762.597277160509,1718.7579,1741.59,45396596174.22222,213830767928.7779,-0.0049047326132434,-0.0049168002895679,-0.6200816017899372,-0.9677987908744404,0.0174165233334986,-0.3677841948012323,-0.0042762593640402,0.0001248846681927,-0.0047714717672397,0.01275122380762403,-0.009200828257593725,0.0074896787137441745,-0.010181388808679722,0.008244641758897917,0.041323870341491986,0.0020271416458400027,0.0002824835547596549,0.001005791494474495,0.053025335559809074,0.01603511526170845,0.004912545125225876
2023-03-26,1742.4593,1792.1872990178524,1740.434,1771.967665947328,19257869513.72504,215200997731.6324,0.0174424898784031,0.0172921157332144,-0.5757860470459604,-0.8575173449973079,0.0178990181643061,0.0273264876988843,0.000411904490991,0.0093844368138999,-0.0113411691513267,-0.015182554155021052,0.01595476194804489,-0.005305216880592066,-0.007519892814582172,-0.027840776643336583,0.005356111231055838,-0.005604006447997245,-0.008129813079292031,-0.0096155613611828,0.0966730945989009,-0.0035844271747351992,-0.030420130630609776
2023-03-27,1771.7210361809407,1778.8719,1698.3631,1715.3728,41027501475.55556,213310565305.7769,-0.0319389947316398,-0.0324601717199146,1.130427846461175,0.7563228264334632,0.0258645605215069,0.3681278518821491,0.0053856142476698,-0.0057681366499691,0.0159584259865675,0.03005539123675833,-0.019146075911622554,0.01883069548502514,-0.0099893898097358,0.021839562672739798,0.14842245830349876,0.0282308967451491,-0.018105586025902037,-0.004093481734403354,0.07236116379987552,0.01845981393040822,0.019623105196768353
2023-03-28,1714.1185,1785.9332,1703.7575780096508,1771.7057,26535403512.88889,212456800405.0521,0.0328400333735032,0.032312321779611,-0.3532288694523879,-0.4357627865554542,0.0262229880235468,0.013762719482357,-5.160492676630976e-05,0.0060180418996596,-0.0051302999437386,-0.03762200571492494,0.03651059494058275,-0.010243653805517138,-0.019906599611774878,-0.027860083748473898,-0.014070135102184356,-0.033850223942775745,0.030434240540058444,0.013778004931777332,0.07772101583449566,0.010790880402133976,-0.0028500872324546123
2023-03-29,1770.4167,1823.9224,1770.4167,1793.9115,104545114211.55556,220126666236.1699,0.012533571461671,0.0124556764480572,2.939835102216383,1.371138870204669,0.0193937599580332,-0.3016850688702295,-0.001551616341203,0.0041075903013919,-0.0153979092239501,0.012147917691691497,-0.01608786957656578,-0.00426715195903863,0.03180720077197299,0.17759352664085348,-0.037851985365678686,-0.010170139268687893,0.0022107206408696622,-0.0009121091450435825,0.09365781292295676,0.07142131361212234,-0.013974050472678634
2023-03-30,1793.1328,1823.3916,1768.015,1790.1364964884742,34969845319.111115,219312707634.81976,-0.0021043421102577,-0.0021065593492152,-0.6655047384773354,-1.0951325653657165,0.0217829781305152,0.1161774824149031,-0.0002388732906018,-0.0046754555111142,0.0132442456727764,-0.03491826409004689,0.024625946393961096,0.004776907473708583,-0.01595005679431743,-0.1584806257177299,-0.12851295844005728,0.00657300851697195,-0.0124395736062555,-0.00992984876370237,0.10945609711762579,0.012695475957784452,-0.016114139164254082
2023-03-31,1791.3889496871902,1838.7862,1781.676736815724,1819.0325611397927,24946911171.55556,221312839456.13287,0.0161418219828493,0.0160129279805093,-0.2866164850342644,-0.337736114025853,0.0201776595200916,-0.0765528170700426,-0.0021157436498149,-0.0007557083061714,-0.0026233278211325,0.014770895235019017,-0.01353214690956172,-0.008737402666145526,0.038589510582694365,-0.2766254454910426,0.031084622158968678,-0.02659052216441092,0.030116363151041742,0.022673888590227176,0.08847595279820271,0.0019863576115755894,0.021085197404312916
2023-04-01,1819.395452612656,1836.5043,1809.9658344317395,1817.9883314155045,25649666289.77778,222757573982.5304,-0.0005740577417888,-0.0005742225760202,0.0281700252744514,0.0277805475927024,0.0102813775892024,-0.6742417702447105,-0.0090163862215898,-0.0070557809236858,-0.0058270431755447,0.0018949716088273796,-0.0044484876444006866,-0.0030093092526987733,0.042932088296242114,-0.06887844634032918,-0.029933357148081985,0.0028104961492677605,-0.006808270324207888,-0.0061809058071560785,0.09856616197520113,0.003935817091248742,-0.009147200207430872
2023-04-02,1817.7663388003168,1823.406987008213,1778.4039,1794.5454,46738756046.22222,221204593168.64407,-0.0128949845333999,-0.0129788465595527,0.8221974320519376,0.6000431530396516,0.0157609789103601,0.4272029383216154,0.004869059493388,-0.002707979037198,0.0092704713131076,0.005340658325639208,0.006494553629541551,0.008324139179149141,0.012661126003474944,0.09461286907072416,0.1143749726371377,0.02597194305195935,-0.03742454000739151,-0.029064380536330314,0.1344432982769448,0.016344270753600666,-0.04272819974582931
2023-04-03,1794.0625,1832.5562,1764.6887,1807.9629215330265,21586855471.54286,216337704870.9492,0.0074768359346197,0.0074490229462205,-0.5381379972929838,-0.7724891279581249,0.026249738520921,0.5101188317779588,0.0104824191926881,0.0099051995730281,0.0059340930416768,0.004369759722554222,-0.02929271436405829,-0.017541942339165346,0.052570320669610086,-0.06599311562143816,-0.2674823114965532,-0.009234345274650231,0.001880533926266248,-0.0012518927911539801,0.14302814045434695,0.005231853504257529,-0.012596419597590502
2023-04-04,1809.424169495713,1878.9072,1803.206766323145,1868.0889,46808127160.888885,221852792833.6284,0.033256201081818,0.0327151759226106,1.168362465880882,0.773972258662314,0.0212674320524301,-0.2104791369190559,-0.0077871510095831,-0.0021851383069293,-0.0089678572707523,-0.015918543992378215,-0.005387361458550233,-0.016351383079585658,0.052973174812609554,0.0687227690144024,-0.3766464197158492,-0.027664910594064035,0.009368569074565014,0.002616935967005407,0.1775637944009106,-0.014503855853413801,0.009552696996115717
2023-04-05,1869.2485,1924.3323,1866.7548,1905.9109,29853376000.0,229280148795.4276,0.020246359795832,0.0200441273442954,-0.3622181058988328,-0.4497589128599792,0.0177667596278359,-0.1798476161352109,-0.0008956182629966,0.0019631727203223,-0.0057663881320772,0.0075303017613896316,0.02150150719605649,0.020728889005316404,0.06056162570884778,-0.2806325338518134,0.4989695832456933,0.012000188259882284,0.007152300670622391,0.009284563094306697,0.1961501234124778,0.009056220645065907,0.06433051230458808
2023-04-06,1904.7986,1904.7986,1854.5075,1867.5314,23633196149.33333,225896124822.693,-0.0201370903540138,-0.0203426052191152,-0.2083576695200795,-0.2336455921004185,0.01439298478558,-0.2105883546168065,-0.003839390329971,-0.0167140751581825,0.0084198872433957,0.02025060147224714,-0.005920403176261885,0.011024777981139211,0.04232557983894789,-0.05042150487926564,0.14333169672364,0.03465420320073366,-0.00895410774890612,0.0016960776553605061,0.17904695788011374,0.005765845598627923,0.029512326377016507
2023-04-07,1868.2305,1876.7467,1843.3109159355915,1861.1817,18892456010.666668,223829460726.86823,-0.0034000499268713,-0.0034058432320359,-0.200596656868199,-0.223889650662369,0.0124922460597607,-0.1416327835951465,-0.0007443240375211,0.006154446992751,-0.0023016343359013,-0.003057009781897567,0.011150237025287113,0.004399315816377383,0.022906808626402462,-0.028007125294259028,0.07101412149610375,0.007860860789147772,-0.015428607045375492,-0.010912399322634658,0.19359894159948313,-0.0035824208729952943,-0.02443484868601109
2023-04-08,1860.3145,1874.467810758931,1845.266,1845.6269,14407386400.0,224064420973.9229,-0.0083574859993519,-0.0083926055967183,-0.2374000293098155,-0.2710216699927362,0.0099496289991692,-0.227572872654342,-0.0020259949882277,0.0046863009645758,-0.0101221365140119,0.005520075724802814,-0.0038608661037167133,0.0017631816974563244,0.015088425605704243,-0.054182133666977016,0.01522740575761894,0.023236651090665444,-0.06735355606126696,-0.042250051340728595,0.24856679911776183,-0.005008700677717054,-0.13103485243433077
2023-04-09,1846.3812,1866.9234,1827.1374922864509,1855.6284,14151837007.38676,222091802627.1526,0.0054190259147177,0.0054043958238805,-0.017737387303865,-0.0178965800089197,0.0149121706247655,0.404642436029512,0.004227343619217,-0.0026466942003319,0.0114719544167809,0.0017057379578452256,-0.007653047885748644,-0.0027736363984847273,0.03347166798913741,-0.17600376478425753,-0.0503061079661431,-0.0063955858235119345,-0.06406634824764904,-0.04287974811804357,0.2618019375158405,-0.01940471562617306,-0.22161341697942794
2023-04-10,1855.714428860308,1915.6492,1846.6181,1908.1853,17546344355.555557,224879596005.13168,0.0283229659558994,0.0279292869099596,0.2398633722531558,0.2150011898794695,0.0193168776688464,0.2588015043912994,0.0017482538183437,0.0029456114354125,-3.744989063066313e-05,-0.027704198472791933,-0.014845458358803534,-0.031406923905212186,0.05395193195287651,-0.024150592099457517,-0.5875088336787195,-0.056716663934715465,0.008028572361657015,-0.04109229011875483,0.2527459888969378,-0.018909791680905997,-0.2337944234737419
2023-04-11,1911.9013,1932.8665,1889.308945316296,1893.4949,23809182798.22222,230413531746.59235,-0.0076986233988911,-0.0077284107797141,0.3569312396792048,0.3052257087356168,0.0149535750963834,-0.256028796250634,-0.0010542520553291,0.0038417485204791,-0.0075656953169174,0.0034667287290835076,0.014554645758853606,0.01203770643623531,0.013508345250551784,-0.1498241966942507,0.1976922799026064,0.016400758887005686,-0.015032954841412358,0.002333358869239341,0.17724162999500315,-0.00284371916007493,-0.1661108044869124
2023-04-12,1891.7245,1927.888700500888,1863.4416,1918.3148648937904,24803108632.88889,227817966366.08536,0.0131080178213263,0.0130228511921914,0.0417454829546222,0.0408976552943439,0.0224220725863791,0.4050954488801759,0.0072181652299296,-0.0052719884242828,0.0157797408907543,-0.015730296946194725,0.016511874788392247,0.00748317937673109,0.006487069098447754,-0.03613698151916085,0.014557432667893888,-0.03106048357053831,0.04038207643010626,0.012109268416900007,0.1337843186124403,-0.05195181390447848,0.0016171549468939617
2023-04-13,1917.9009,2019.796,1903.5302,2010.9752,35585572188.44444,237216293276.8052,0.0483029855014651,0.0471726524180229,0.4347222646623423,0.3609712866902597,0.0298319842553687,0.2855352580897454,0.0022359723129664,0.0053425759912216,-0.0005868730496104,0.007963254947860435,0.001153681010861947,0.0035019165256996027,0.07400232673558589,0.08350331983758902,0.3143071313013617,-0.0052505641633745145,0.025987225615753173,0.02315374993858954,0.16517039297691746,-0.010144050956734603,0.2177382889363666
2023-04-14,2013.6312,2123.1762,2011.2021,2102.6357,43347512402.06272,252853609661.6504,0.0455801245087457,0.0445718744524349,0.2181204273606924,0.1973090374384239,0.0272967549185536,-0.0888132874264173,-0.0014429079655575,0.0076412400148049,-0.0129963759319399,0.01736790003929251,0.004095425627480852,0.012006472588500731,0.12198004442005685,0.1517870911561685,0.31321187978424403,0.02197434165448283,-0.06350523717458098,-0.04493132608952624,0.24039030044679952,-0.0017883712652256322,-0.13440378336936565
2023-04-15,2101.3541,2108.0501462324623,2076.907508201556,2091.927043419293,28358682936.46084,251774726006.901,-0.0050929681164961,-0.0051059814818541,-0.3457829212106905,-0.424316057845477,0.0101463480423055,-0.9896539857163202,-0.0134181687664107,-0.0177509197639,0.0018569890655014,0.009665219184608248,-0.012616433850599976,-0.0026736529035387008,0.12526666853492102,0.07727676435358148,-0.02146779184493841,0.00994052982601519,-0.0077942650612088105,0.0033175858861477503,0.2208882110824349,-0.019403545553833564,-0.02570927648546162
2023-04-16,2091.612003125387,2133.9364660855204,2078.2600965677866,2119.5543191831034,18013389390.377937,252111099410.266,0.0132066153314089,0.0131201682707412,-0.3648016224611732,-0.4538179233049499,0.0167760097604946,0.5028360334553836,0.0057419795357887,0.006697099597307,0.0020422627509324,-0.0147740496147684,-0.011628850693056848,-0.01879346349100905,0.13298244098178166,0.020374740192091068,-0.18474212901475306,-0.024823421309472293,0.07294333807507719,0.04513009388430074,0.17039405400621174,-0.015546790738461333,0.19258157494909245
2023-04-17,2119.5458823698746,2119.5458823698746,2064.0350571733334,2076.047,25656125066.609985,250613725653.9762,-0.0205266356183179,-0.0207402350436637,0.4242808230368076,0.3536670007357719,0.0136402488264198,-0.2069249807573641,-0.0037604768804949,-0.0116394211280373,0.0011848077377468,0.024234052922749473,0.026639850297541807,0.03585278617308421,0.0843129190281585,0.04148423868928737,0.2963057168394858,0.03834803168403972,-0.024053136274057613,-0.0025400625148291195,0.1654857268552652,-0.014775699825413003,0.012518780136963503
2023-04-18,2075.8933,2120.5964,2064.4654,2104.076,23204573515.350693,251505685875.91663,0.0135011394250708,0.0134108111570122,-0.0955542407473625,-0.1004329436036947,0.0170168922757258,0.2211816193225777,0.0040689474021652,0.0129085902896727,-0.0021669585973651,-0.0137660240423374,-0.009893455710680378,-0.016736857187865564,0.10545214096488478,-0.003034103965000771,-0.15515062438543703,-0.022492718723082193,0.01773200830274939,0.0025329219357935334,0.16426591827316042,-0.006301304035614593,-0.00038603852484886403
2023-04-19,2103.9122,2105.2103,1931.1495,1936.7858,29106930684.95486,242314643392.16663,-0.0795076793804026,-0.082846620962384,0.254361803534098,0.2266269201616348,0.0328247689479194,0.6569768672807093,0.0008749164497464,-0.0057369457853954,0.0055595876202068,0.060515626776601085,-0.0313594909515175,0.04296709625336731,0.009582668810309185,0.02139999786491119,0.14941842090838486,0.09132913204090212,-0.04961039937851494,0.0366867298861793,0.11140997203553732,-0.0030903872639550306,0.15894938896826294
2023-04-20,1936.9334,1976.019,1917.8755,1944.3094,32518018652.54514,234377639691.75348,0.0038845803185876,0.0038770548191041,0.117191606511553,0.1108180420921274,0.0209860173596623,-0.4473270053209259,0.0040602163696038,0.0108059764864256,-0.0041681314272996,-0.028233578019096192,0.014411870772722204,-0.024466103861448762,-0.033712928788609445,-0.015205847647558756,-0.1085560880056855,-0.01713226600621355,0.038218245628356504,0.003221279115040443,0.07305749527299138,-0.004441691139683547,0.05680376177369695
2023-04-21,1942.19,1954.092,1838.6615,1850.9202,27948817643.84722,229566041380.2014,-0.0480320673242643,-0.0492239289222391,-0.1405128970962162,-0.151419459619361,0.0309627002134006,0.3889268851760956,0.0049566410761005,0.0002265607672239,0.0074447556926454,-0.02669674528445007,0.00396422817156368,-0.02242433581571779,-0.1275087321632835,-0.08003346686903359,-0.035107785221712096,0.046714005864866834,-0.04756240258048092,0.022204175393362807,0.0630916902864429,-0.001838337098963862,0.010593943394957783
2023-04-22,1850.2463,1884.6688,1846.2122,1872.9095,20694521963.99653,224193406357.02777,0.0118801988329912,0.0118101832579265,-0.2595564425047399,-0.3005058703329384,0.0124601662634242,-0.9102464040692276,-0.0142579569191332,-0.0074629421201093,-0.0134809909323831,0.004336261096259321,0.018983841223141732,0.01519113589758149,-0.11059256742350276,-0.04235573818369727,0.134958127808257,-0.02640989374647143,0.03743160645924781,-0.01062845719453237,0.029251175327294134,-0.07767782224201697,0.024081277011003488
2023-04-23,1872.4565,1877.0826,1839.5015,1860.0987,14340361195.805555,224198505516.90625,-0.0068400528696127,-0.0068635532551355,-0.3070455446734009,-0.3667910029813939,0.0136956409791101,0.0945407484535456,0.0027249085126555,-0.0060054021156334,0.0084633118320385,-0.04306697535766859,-0.00817864962829186,-0.029272121662933664,-0.13057628894937962,-0.02095287923172567,-0.28739474853079106,0.019867056483010237,-0.02825840554783194,0.006898141373851502,0.06091426146866117,-0.1101111492866179,-0.020561808034985196
2023-04-24,1858.7107,1884.2888,1816.1319,1842.1325,17861746313.197918,222530131651.16663,-0.0096587347757407,-0.009705682905416,0.2455576306140978,0.2195833257167451,0.02544882899685,0.6195921245285181,0.0104344977131517,0.0128495588696586,0.0040886806372854,0.04670692013968379,0.002997762284880058,0.028610251362393868,-0.11954173681113181,-0.04597306264583875,0.2966341662297012,0.008068852425452772,-0.007567368817798625,0.005612253907636644,0.05612537885281307,-0.03095557785920725,0.0037973447984480657
2023-04-25,1841.3394,1873.5903,1809.309,1867.9795,21611026968.28125,220770559287.65973,0.0140310211127592,0.0139334975144128,0.209905604376041,0.1905423436531214,0.0230153031066378,-0.1005103828835141,-0.0005315669689214,-0.0103690611308139,0.0055145136099355,-0.0461783782146693,0.025791312317798236,-8.397433020503053e-05,-0.11901905045373118,-0.009665067812988044,-0.0392544652390745,-0.015275524766054926,0.01780713295723934,-0.008897212776941943,0.05276676063401148,0.0026832655493350963,0.002288139809907719
2023-04-26,1865.9942,1958.279,1808.4623,1866.775,30467669501.5625,227969804000.84027,-0.0006448143569026,-0.0006450223390915,0.4098205303376023,0.3434624128403423,0.05627739173434,0.8941335395791534,0.0327388935619209,0.0408460672235338,0.0078611093815477,0.02512012405195895,-0.022714916314380794,-0.012344232960612857,-0.03681745183043862,0.008258871961560584,-0.2845780163932803,0.013821865803800903,-0.03990858253008882,0.0031233133163874605,0.08458191001483467,-0.012097942831295365,-0.05159881444585568
2023-04-27,1867.0398,1934.1041,1863.0959,1908.1342,44573514958.4216,228718193136.34143,0.022155428479597,0.021913562879171,0.4629775000065461,0.3804737425667136,0.0227254817217824,-0.9068060490049156,-0.034510225137085,-0.0262206556163091,-0.024418479846673,-0.01907875484558458,0.015196258658992295,0.006002234452867385,-0.018780943770371636,0.07033575667078888,-0.054894246486725695,-0.026654616908384055,-0.007622928171073382,-0.027391671599261952,0.07418315111439464,0.020577811836688758,-0.1748729777764475
2023-04-28,1907.6345,1921.0742,1877.1046,1891.0432,27404828463.60764,228919746115.52084,-0.0089569171811919,-0.0089972715115414,-0.3851768591915849,-0.48642062845478,0.0154459600814071,-0.3861393519701472,-0.0078040982338842,-0.0113244104023237,0.0038180465752343,0.029897623597624125,-0.029928711234629125,-0.008775736792637746,0.021445713640326047,-0.003069474224032099,-0.010425172538417904,0.00048232641694362366,0.017339005309707754,0.003372788061611093,0.052730203154795936,-0.0911312317512328,0.03277567657803182
2023-04-29,1889.801,1911.7468,1886.503,1902.3182,15660308470.899303,228606587515.8993,0.0059623175187113,0.0059446132411096,-0.4285565957219737,-0.5595898307857664,0.0084563542037439,-0.6024293501963021,-0.0066992567794222,-0.0029619289876594,-0.0071064775714219,-0.008480521147114707,0.010009507360019675,0.000510696290742213,0.015580143623509074,-0.028861855988330003,0.014379154936643879,-0.0032169251424135625,0.00032892263952852274,-0.0030583034759977534,0.06078137574512056,-0.024173281461492224,-0.009003735879594021
2023-04-30,1904.8073,1930.9684,1880.1052,1880.1052,13767625030.447916,228968029318.7257,-0.0116768056994881,-0.0117455149889051,-0.1208586308480741,-0.1288095647042662,0.0170430042736206,0.7008216774476166,0.0106164973022255,0.0115266775650069,-0.003818637667905,0.010060989914947145,-0.00931528301817787,0.0011793269155846373,0.010698181889739452,-0.0033369830037346085,0.007452207101293684,0.0003191967973501797,0.010397184169087331,0.003046295535252458,0.03302293277570617,-0.014266975338731787,0.028539668603743795
2023-05-01,1871.4051,1885.2342,1810.7751,1831.3968,22879199164.09028,221871827828.1771,-0.0259072736993652,-0.0262487783302883,0.661811613367707,0.5079083406511555,0.0251300778178827,0.3883256351653732,0.0051308215991974,-0.0044767779708064,0.0193119096258249,0.018116017526316655,-0.01756260575411866,0.00948147468877289,-0.005844913535132869,0.02886191521056425,0.0062611983132234705,0.014472289573497915,-0.010819606201893608,0.011295232854027032,0.007348377021437924,-0.003567360253034342,0.01106682972042794
2023-05-02,1831.4411,1876.1889,1825.2692,1868.4103,19793139001.506943,222184030774.37152,0.0202105300173069,0.020009007975974,-0.1348849730469158,-0.1448928017546858,0.0149751753744464,-0.5176715930823437,-0.0108283634334397,-0.0045908697659585,-0.0104317608461896,-0.01660224424705048,0.01688958687190522,-0.008616950849909426,0.00023059692642825351,-0.010361071849028469,0.0016887817604995803,-0.0047484340927352875,-0.0024538387751000257,-0.005147312959225686,0.04033623155696489,-0.035376613883040545,-0.017365587758847667
2023-05-03,1870.1125,1901.7738,1845.282,1901.5677,19448091569.255554,224602324163.3556,0.0177463162133071,0.0175906888545402,-0.0174326786784612,-0.017586417157091,0.0186328475522514,0.2185321655307484,0.0067011711822509,-0.0086655473972105,0.0111602209430243,-0.023151986211467773,0.006733901718344842,-0.011570620716291655,0.01846630812006004,-0.06521362720513967,-0.21960792275010377,-0.013925340475722275,-0.017184991697790065,-0.01633790970255719,0.05047789746528453,-0.0028623118548744635,-0.13746554236600517
2023-05-04,1902.7802,1911.8444,1869.7574,1875.9327,23195024058.07986,227832715740.3889,-0.0134809820339291,-0.0135726754832207,0.1926632479840659,0.1761888299951362,0.0130286125549672,-0.357778115960786,-0.007926639307781,0.0081440673014873,-0.0124425496221021,-0.005719096547454665,0.004228345322007131,0.0010571737498525496,-0.01701993024233179,-0.14010603428171742,-0.02110717789541683,-0.007271389825725616,0.021277700306689948,-0.003377225548893137,0.00419004605945328,-0.03215831119492258,0.01717561037527071
2023-05-05,1876.2068,1998.8137,1876.099,1994.8819,22407001110.25347,232643568269.75,0.0634080316420733,0.0614788748544568,-0.0339737930796362,-0.0345643158204655,0.0235386769790764,0.5914969925035733,-0.0008379087068151,0.0016713362330452,-0.0057196933666426,-0.008241177821568215,0.021393836278676845,0.01832999911404632,0.05345621612366661,-0.035792236843413296,0.3251947229624923,-0.04314646806360853,0.036557852394710315,-0.022292287799836344,0.045624793569614595,-0.01035939616381945,-0.030882480859932393
2023-05-06,1996.1702,2015.4897,1877.0517,1905.6588,29751135638.15972,232790349466.816,-0.0447260060858741,-0.0457570750285462,0.3277607071008519,0.2834938443818895,0.0412321854462169,0.5605742543735426,0.0270239998238953,0.0120673533023784,0.0286283047258555,0.045749044646533135,-0.013464751520203204,0.010665641715009375,0.0017545278540108842,0.09779796701164192,0.21256889182732674,0.03516980804012057,-0.03009896262523481,0.01651304245961137,0.020210323760183745,0.008519124405436613,0.025481393544952713
2023-05-07,1904.6203,1935.8426,1893.5176,1893.5176,21502849486.04514,230528297265.11804,-0.0063711300260046,-0.0063915122930782,-0.2772427329306742,-0.3246818433879414,0.0152033939583312,-0.9977004618685812,-0.0193859815762082,-0.004272462121836,-0.0305064314597703,0.011788847743044145,-0.01248794484221201,0.0022822970831220812,0.007108530549837706,0.04987999895260091,-0.004661375298467885,0.005414077023570801,-0.005212929539464721,0.003636779228265913,0.017224654699141296,0.003612953634539286,0.0011469769722141088
2023-05-08,1885.1436,1897.3357,1827.1531,1860.8413,25083229301.21528,224794209817.9479,-0.0172569296424811,-0.0174075659820372,0.1665072258211044,0.1540140069060296,0.0254025820711948,0.5133321355443061,0.0074233730739942,-0.0077696235713372,0.0238921132206461,0.019388145929882722,-0.03028906658092033,0.009691859986946993,0.01594974289808863,0.013768654594612658,-0.08275236178435463,0.012713822233708622,-0.01170383851431554,0.009826958887306253,0.008209694313822366,0.01464168301166478,0.0035747440586564316
2023-05-09,1859.842,1865.0904,1845.9287,1853.4364,20935005142.8885,223425210237.72125,-0.0039793291346231,-0.0039872677319972,-0.1653783932089556,-0.1807768223615141,0.0069803607431412,-1.2917502273668418,-0.0194441193767091,-0.0069867761370795,-0.0183713772829576,-0.008218747977402421,0.010146712752819658,-0.006522532490220889,-0.008046532809882514,0.007059418716940132,-0.003621324628455991,-0.00047475930364157537,0.0008304918473854769,-0.0003234970091317013,-0.0011819692420551382,0.009192807464204197,0.0008378306677356839
2023-05-10,1852.6282,1886.8278,1799.6547,1845.6332,19023208471.243057,223148718444.75696,-0.004210125580786,-0.004219013113346,-0.0913205732980136,-0.0957629129003038,0.0333649643009681,1.5644057785632528,0.0267609222224066,0.0158915516903649,0.0215322590431048,-0.00803740698047574,0.019274316033210236,-0.000834577230183875,-0.029856234777768824,-0.0026209587136854875,0.11815023788265444,-0.014029161429771952,0.013897420131803288,-0.010363724859667467,-0.033330269265360764,0.0019903487777140267,0.01225449574931714
2023-05-11,1844.8687,1844.8687,1779.0607,1798.2789,27108575754.791668,218677540865.5556,-0.0256574816707891,-0.0259923756290612,0.4250264773038192,0.354190394112081,0.020172671037471,-0.5031776069515339,-0.0139441479278989,-0.0200943366063248,-0.0072977823646238,0.01918684695228809,-0.013592043915013067,0.013023357357433277,-0.04227593492360926,0.023885485163270243,0.07881437025511229,0.017309736215719906,-0.013383022424629909,0.013683600522894579,-0.05159423411470791,0.00443228573256979,0.05130733209141214
2023-05-12,1796.1733,1810.3218,1748.2638,1806.1747,24914283791.26389,213920721642.4618,0.0043907538480265,0.0043811426117945,-0.0809445683674443,-0.0844088411086277,0.0244222613017343,0.191166295345063,0.0102284548499713,0.0042420126617441,0.0099268635123245,-0.05786695476110046,0.0418365914957137,-0.020140787931182805,-0.09937366716627152,0.015008140859125267,-0.06288823410769817,-0.010178467278794151,0.02924996812555495,-0.001589946604288489,-0.06023594269510481,0.00014900711416320563,0.08627238573026275
2023-05-13,1806.8852,1813.1959,1792.467,1798.2224,19138197854.05903,217018268120.37848,-0.0044028409876408,-0.0044125620360025,-0.2318383295942958,-0.263755059647476,0.0075618214668571,-1.172382968853245,-0.0225948663579193,0.0011349106659255,-0.0246142287210421,0.002129557683245936,-0.016610077630714357,-0.013227004234290629,-0.058029154173727955,-0.06512833862370448,-0.23371036055007588,-0.03375030567225559,0.008164806248688532,-0.02632190078892116,-0.11182115714913018,-0.022289201810778803,-0.10678451163101355
2023-05-14,1798.9945,1822.3203,1794.5754,1801.5155,13209935570.993055,217326798194.5348,0.0018313085189016,0.0018296337178625,-0.309760737571675,-0.3707169843546954,0.0108135549932235,0.3576883431850213,0.0051577572208233,0.0067854417553999,-0.0019867759233326,-0.016349862713170175,-0.0015688640327680206,-0.009154835060934091,-0.04980800816278713,-0.054017909209582056,-0.21416613790415262,-0.048618747292361444,0.011194310466375063,-0.027819287064603737,-0.15456339788370255,-0.042177599384226855,-0.1657488178121782
2023-05-15,1802.4325,1843.6012,1790.8227,1819.9594,17764826445.789474,219854401657.49124,0.0102379912912211,0.0101859380374186,0.3448079553694603,0.2962512187472552,0.0196380233087383,0.5966672125407633,0.0073474239167327,0.0049104075253055,0.0071312233147019,0.004521036465435724,0.0023068786179560527,0.003880266037457586,-0.022214504143331124,-0.05022146521520246,0.033123629444869795,0.005421302643338288,0.010597778555222578,0.011816327758471745,-0.13927147836442966,-0.015259060747510392,0.07280486148066423
2023-05-16,1818.7859,1828.0832,1802.3948,1823.8861,17294937124.243057,219087305721.82983,0.00215757560306,0.0021552513793438,-0.026450543886838,-0.0268066530841503,0.0098542921795398,-0.6895605371278832,-0.008984051869157,-0.013649354087161,0.0001466041026701,0.0021128182452055805,-0.0003140990973908922,0.0006308506903325711,-0.016071985031990088,-0.02595115509052046,0.0157150680976037,-0.0478236188425057,0.0054125314313095,-0.011238869589618325,-0.15023639525582697,-0.0010433159461699893,-0.1112640807131462
2023-05-17,1825.3643,1833.3471,1792.8483,1822.9746,16235046619.14236,218644307342.75696,-0.0004997570846118,-0.0004998820048051,-0.0612832817770122,-0.0632415298233669,0.015774159687802,0.4704660238676856,0.0070977636056006,0.0015523938101486,0.0069476990946599,-0.02491171785378863,-0.0021096464643989496,-0.008019375560962619,-0.012352853923449128,-0.02034335595168207,-0.3522381644419865,0.048120746398907385,-0.0055235713653659785,0.011311437537921368,-0.1299960422169683,-0.013782708110925706,0.10006872409988032
2023-05-18,1824.2547,1831.9265,1782.4459,1805.5409,16875434659.864584,218877763511.09723,-0.0095633257863274,-0.0096093480386069,0.0394447922291245,0.0386867169768562,0.0182703218060626,0.1469048457344266,0.0009491221343506,0.0028270300828077,-3.0124758330318108e-05,0.023316887943044342,-0.017919784535275967,-0.009822256765778102,0.004030173667004997,-0.07842547451698342,0.002822608243987723,-0.04703085060823797,-0.007518825920217534,-0.02415590116233364,-0.15301620141258748,-0.009367147079311421,-0.19383579887124514
2023-05-19,1803.9775,1824.9548,1801.2525,1815.5453,16397987581.809029,218299170984.2986,0.0055409434369502,0.0055256488813654,-0.0282924314353267,-0.0287003751738975,0.0083467673036337,-0.7834036695050779,-0.0104885132984178,-7.210345238666243e-05,-0.0138199102448011,-0.005753184709444418,-0.013692674876422915,-0.01397520036394459,0.005174679936575765,-0.07031019987888598,-0.45771728134212886,0.05471620607540288,-0.015053037474935548,0.011701499327747195,-0.0646439315688382,-0.01907849199891723,0.016387816827236
2023-05-20,1815.9208,1830.7064,1811.049,1823.8943,11041870374.114584,219005994059.5139,0.0045986183875443,0.0045880770467222,-0.3266325932357827,-0.3954641744300677,0.007131485603477,-0.1573547423793986,-0.0014527602446776,-0.0022324726560605,0.0009008336186749,-0.0013395565245197909,-0.0012539697878713226,-0.0018345426964559673,0.014175319019300655,-0.07176336373336148,-0.06082247581879319,-0.003616881575031268,0.004536284492413924,0.0007330152439548043,-0.06393290934122003,-0.033090716781350886,0.005415173701055931
2023-05-21,1822.8401,1830.4476,1806.885,1810.5652,9672675919.614584,218876595894.47223,-0.007308044111986,-0.007334878685119,-0.1240002289566627,-0.1323894494118331,0.008142201226222,0.1325409921127889,0.0009451719989824,0.001246001569316,-0.0001279962601232,0.003983602667634867,-0.0013639737743473494,0.0023334949513453655,0.005010806616318879,-0.0330456328238732,0.06171621083412404,0.03494038132364111,-0.022189721430586895,0.015321367857578913,-0.022043859104100002,-0.029049076288672267,0.07267742882386363
2023-05-22,1809.9227,1827.803,1798.7149,1821.8077,12869346616.5,218701987888.1979,0.0062093869914212,0.0061901881822518,0.3304846273618138,0.2855432573379031,0.0105890679350061,0.2627615776791971,0.0026004771001104,-0.0010611514198271,0.004672338630293,-0.013112038922574874,0.007785109215278977,-0.0019801981599509126,0.0010150567611521414,-0.0476141666610196,-0.17514397593814346,-0.009532957820683155,0.008621821773563722,-0.004312509478873683,-0.027663854179774704,-0.0127004772045698,-0.005512092719927697
2023-05-23,1819.1952,1866.2329,1818.6397,1852.9045,18185438373.520832,222847901213.7084,0.01706920000393,0.0169251580199525,0.4130817138925284,0.345772932102857,0.0142637976202028,0.2979025502600905,0.0031745384288465,0.007843515762702,-0.0065141665200887,0.005502110182530715,0.009374850867934131,0.010717375393410607,0.01578496340176084,0.008831543400252039,0.44795484181092915,-0.003710197188874942,0.00649714105808534,0.0005269799711619672,-0.0038751429046864658,0.006260825289014187,0.014380703573574571
2023-05-24,1852.8137,1853.5346,1787.7654,1802.9274,18093820631.1875,218660994605.2292,-0.0269723021342978,-0.0273427307411683,-0.0050379727148471,-0.0050507060843001,0.0191009270536473,0.2920121784064888,0.0039445396827168,-0.0102450454968191,0.0149854850765981,0.015422191596782023,-0.014095639846804783,-0.0004763557125023743,-0.011057885334602315,0.018186834974544094,0.0168555810977824,0.01782906482961155,-0.01971256332848985,0.00617816248891416,-0.021512190740438926,0.0003766283505998709,-0.0083715798837809
2023-05-25,1802.4297,1815.9757,1773.3058,1807.0399,19250106653.26316,216322444566.1053,0.0022810125355019,0.0022784149757027,0.06390502291609,0.0619461227585617,0.0167380366607497,-0.1320530968359716,0.0008646469648599,0.0027957037233374,0.0001478008333234,0.005049001293907444,0.0017010300322268385,0.005235374433138637,0.0008298776797075084,0.022763473210207937,0.1316423429469631,-0.008631483849970117,0.006459453556761446,-0.005217449404185545,-0.03316727327914898,-0.0038381208415034476,-0.011517918193010068
2023-05-26,1807.9065,1837.3935,1802.6017,1829.295,15591778893.643356,219177269891.03845,0.0123157767573367,0.0122405545622085,-0.1900419475857639,-0.2107728197995715,0.0113708353971483,-0.3866319950118146,-0.0078369209293172,0.0023764522905357,-0.0109485369975437,-0.009694969046772643,0.009193017664906617,-0.0017989317251348377,0.007544783360550629,-0.007670315800464233,-0.007611241523156842,-0.005609775950356624,0.00815006680004264,-0.0008524776902550796,-0.020281696377848955,-0.024528409289062327,0.012048107630516114
2023-05-27,1829.8244,1836.0173,1821.3382,1831.6632,12405459425.822916,220290364606.37152,0.0012945970988822,0.0012937598305968,-0.2043589438739076,-0.2286071293542567,0.0056416612730903,-0.7008732047626625,-0.0048514090886798,-0.0056214121912321,-0.0014461618147277,-0.0024007331948639847,0.002697626337683154,0.0006552432811867265,0.004250466144425172,0.01293907455264038,0.004573011784025027,-0.013591221464507239,0.009189481649933377,-0.005383387973049977,-0.04090149942642314,-0.05519225079692847,-0.024543996028941084
2023-05-28,1831.5936,1910.1798,1827.2495,1909.2233,12874447796.39236,222915292801.8507,0.0423440837813415,0.0414721035836445,0.0378049981440598,0.0371079040355493,0.017872291367907,1.1530729711281849,0.0053348969786105,0.0017547997513869,0.0050820500425534,-0.01577685301964707,0.008984008829661258,0.0027015775633817962,0.05305744841318895,0.029739224936608553,0.12461841505166493,-0.01346791524536891,0.01904166213786515,0.0051377929963706825,0.009567875668762847,-0.025965481855989472,0.030572114470722056
2023-05-29,1906.3225,1920.2004,1878.4528,1889.8008,19239612324.341465,228346436247.4425,-0.0101729850039019,-0.0102250834481467,0.4944029156522529,0.4017267395426342,0.0145710320055907,-0.2042160966765989,0.0031073532375861,0.0061717395282583,-0.0007899582692783,0.024168539302603098,0.0014670559861560267,0.010681322345530792,0.03664217678279022,0.05666213043642491,0.22502323998543972,0.0012492307306179867,-0.0010958543320446767,-0.00015333431954449306,-0.006601821020493415,0.0064589985424564865,0.0008043171404290561
2023-05-30,1889.465,1911.3524,1882.6575,1897.8105,19622746691.73171,228716025416.352,0.0042383832200727,0.0042294265727964,0.0199138299115055,0.0197181432485869,0.0103395250564106,-0.3430615131795509,-0.0037714832340792,-0.0017095294474895,-0.0040391607996973,-0.008895557991730946,0.014235674977002032,0.008389236516909225,0.023946445335634246,0.012352483802144003,0.06090200766446685,0.006494119692969501,-0.006962887359546699,-0.0013077776866721597,0.00937312054120813,0.010476682302616159,-0.0025665722116610112
2023-05-31,1897.4915,1902.7287,1853.9994,1871.1984,24498815803.567944,225273858597.9582,-0.0140225275389719,-0.0141217720431159,0.2484906516115212,0.2219353430136397,0.0161656673292993,0.4469157573057334,0.0056024289988018,-0.0022628117957664,0.0092535073280984,0.019980271007819753,-0.02496802093779955,-0.008152816085310481,0.037167404033686624,0.05326308855541568,-0.05736834417620029,0.01753961892918489,-0.018543105543082646,0.0011052516493147702,0.02150012682838065,0.00287873590703867,-0.005122144886219537
2023-06-01,1872.3837,1883.4338,1846.7151,1863.2061,16812500885.114985,224314162082.3484,-0.0042712199839417,-0.0042803677012519,-0.3137423041212279,-0.3765020718259813,0.0135825371026035,-0.1741047615947932,-0.0024821430400955,0.0011845276105847,-0.0035546769453184,0.0021611428616730433,-0.019728385462328416,-0.006378711619618685,0.030608621356731976,-0.019937865873857697,-0.23329832867938682,-0.0076490316330525,0.009298037392849685,-0.000495327150855332,-0.0027892488488454803,-0.0053042646378731375,0.00862316473123137
2023-06-02,1863.0468,1911.2428,1854.7667,1907.0061,16237447225.505226,227719348545.8223,0.0235078663600338,0.0232358118346977,-0.0342039333433662,-0.0348025781782057,0.0154836868739447,0.1310020788676311,-0.0002163414748368,-0.0004425031443724,4.5058014554328826e-05,-0.02437884032495799,0.004759566464702521,-0.020368160501083803,0.04160387862922119,0.005319926273937442,-0.4014441801699742,-0.020265243819672187,0.02029560018980496,0.0018323269413023369,0.002855874131312101,-0.005745229891520608,0.00016746153915070394
2023-06-03,1906.9102,1910.1101,1887.317,1892.3046,11822161981.428572,228888628505.98257,-0.0077092044959898,-0.0077390740255411,-0.271919913441891,-0.3173442278276068,0.0070156237524717,-0.7916473833938706,-0.0068768909785973,-0.0035659100380878,-0.0059020868251909,0.00806173430538137,-0.005502737328721332,0.004460583829155169,0.0325710447730831,-0.0048047902690214256,0.05305228953780272,0.010776812792577355,-0.011016276607837522,-0.002148341827936856,0.008689475588991573,-0.02062068905405259,-0.0013015738673880506
2023-06-04,1893.0282,1911.6116,1887.2107,1891.7937,9265767674.89547,228986159415.3066,-0.0002699882460783,-0.0002700246994663,-0.2162374623650852,-0.2436491901806095,0.0090749621791009,0.2573795859888816,0.0038987817211397,0.0061271443720816,-0.0024886129054483,-0.015896246486102307,0.01856484710354491,0.0017390202969519014,-0.009171083510027843,-0.030250231968198697,-0.05231494364920941,-0.04250373715694708,0.02751018526164338,0.004689701060633253,-0.05305942396493159,-0.02436889539958168,-0.05694938491633117
2023-06-05,1889.4436,1893.0456,1788.5522,1812.3644,17058941307.581882,223012906284.63763,-0.0419862377171464,-0.0428931354747395,0.8410715556576192,0.6103477693161493,0.0306903155152697,1.2184279367478634,0.0179850285136664,-0.0009819465795032,0.0242080149312449,0.014527764645849857,-0.0007361185393775609,0.00713655069610793,-0.04183913553662062,-0.018733432041121177,0.3683895942495723,0.008037823153366111,-0.04675038681567844,-0.040759785634539344,-0.05019548441112484,-0.024113737033570323,-0.37625239981424263
2023-06-06,1813.1428,1896.6447,1801.8257,1888.1422,23474839365.65505,221253093490.25784,0.0418115694614174,0.0409610915287783,0.3761017722255488,0.3192546991492891,0.0260866442802351,-0.1625236793402029,-0.0061833585592294,0.0051152278674413,-0.0098235461323361,-0.015355208276854576,0.029659673943095755,0.020701874442241613,-0.005107470580638653,0.03285818623361003,0.17825472436565448,-0.015123941857037384,0.02063289087042227,0.013712354908119131,-0.002842880589268212,0.0037849234289450227,0.01821041347175756
2023-06-07,1888.6068,1900.7572,1827.4784,1836.289,24321583788.55749,224753728450.3554,-0.0274625502252955,-0.0278466954652162,0.0360702967851305,0.0354349955750113,0.0216328460103483,-0.1872106616557136,-0.0027733622585691,0.0006524784458196,-0.0045371291963018,0.01930067967254334,-0.021867514143442852,-0.012239093546239033,-0.018832394002738912,-0.0014883211460674,-0.0320692798552904,0.020163796056310305,-0.02104250950807278,-0.011350973101070236,-0.013282010072447049,-0.0014601608796565785,-0.00707097850894467
2023-06-08,1837.8113,1860.2266,1830.4037,1847.1956,16291394237.909409,222234076672.2473,0.0059394790253604,0.0059219098533089,-0.3301672136345834,-0.400727170334477,0.0109809108399463,-0.6780544212033695,-0.0084314515292897,-0.0056440317339478,-0.0065065124609743,0.0008293051445361285,0.0015485449213531247,0.0017223073492950228,-0.008630116448178089,-0.00438891335232056,0.027791555447835847,-0.0005130428880680826,0.0013658242309473809,0.00084723219943178,-0.0033728324871410355,-0.008948752561522588,0.006803153581935728
2023-06-09,1849.1943,1857.1764,1830.7703,1842.2012,12126450799.940767,221907579309.6585,-0.0027037743052225,-0.0027074361049118,-0.2556529770961523,-0.2952479242588638,0.0098484700208296,-0.1088422718138053,-0.0011911546573589,-0.0033262739634956,0.0018215655765804,-0.020156781395373878,0.007234021688529241,-0.0023373744893738432,-0.0345733643877878,-0.03531646160843318,-0.11016669906582965,0.0034747975226772435,-0.0034381569511607243,-0.0007848136825571866,-0.0018612554787068227,-0.013440380462651124,0.0002868142639012028
2023-06-10,1842.5631,1845.0839,1724.8399,1753.1468,21799310066.587414,212485250185.3217,-0.0483412995279777,-0.0495488163776348,0.7976661453732112,0.5864892377035587,0.036260458211035,1.3034117267804315,0.0239732579597679,0.0024541126200177,0.0248884863500966,0.019531537511247594,-0.004600286615154513,0.004027063525946228,-0.07638310673988136,0.08364464539989974,0.26999186652468676,0.037218665443048124,-0.027372718332584662,0.015186491628923951,-0.02541769622728044,-0.010471156828508228,0.11431839131118737
2023-06-11,1751.2429,1774.9842,1742.8106,1753.9843,17354161489.411148,211269154184.8502,0.0004777124197472,0.0004775983514957,-0.2039123515193035,-0.2280459880428886,0.0128981107281615,-1.033646996604514,-0.02000788537015,0.0043001785493234,-0.0272291972258195,-0.007171406741127498,0.00016255746170142082,-0.0037793035087982027,-0.07563548368891944,0.06302316780354303,-0.07723935353525846,-0.0037474667906469555,0.002220351494305616,-0.002796551764596325,-0.02932124048757941,-0.015102194737448761,-0.010415802998628987
2023-06-12,1752.8106,1757.8165,1724.6213,1742.4688,14997404575.45993,209786943575.0662,-0.0065653381275989,-0.0065869847569427,-0.1358035601656249,-0.1459551751012426,0.0129695185799904,0.0055210342134532,2.9629669951534987e-05,-0.0076586092429926,0.0073658341919065,0.04215280761497445,-0.016379158481035237,0.023160082278460316,-0.03932933297112271,-0.015689826118393202,0.2341105125017795,0.005369291663961634,-0.007055201537028578,0.002982242561857834,-0.03149566320851957,-0.008369402351529845,-0.0036163995412512584
2023-06-13,1743.649,1760.4513,1730.9136,1739.448,15910002493.95122,210098991149.38675,-0.0017336321889952,-0.0017351366683392,0.0608503900724637,0.0590708412749589,0.0118705329786809,-0.088542770739596,-0.001559167069193,0.0057277584125529,-0.006915158165177,-0.040208210452625924,0.005183695211273803,-0.031268093203375986,-0.08202556116824047,-0.05977979624033093,-0.3334435765305459,-0.00047653565486366345,-0.0014127902020520736,-0.0008095024091263475,-0.035060433594721496,0.005465334691591091,-0.008916267818302792
2023-06-14,1741.0509,1757.427,1648.8881,1663.3923,15250490495.045296,209024865411.32056,-0.0437240434896588,-0.044708750146683,-0.0414526647093023,-0.0423363329576635,0.0350387108422086,1.082394365423926,0.0191877986511075,0.0119611341881024,0.0158201558998153,0.012973500937556948,0.0029375396056854734,0.011327366031503132,-0.0988876158497072,-0.07673921093003219,0.24219681820412609,0.009159583957652678,0.009870299832782224,0.011545021597507213,-0.08995512177882321,-0.005088429566687632,0.23919365429506145
2023-06-15,1662.7519,1678.1342,1635.044,1670.133,23599904004.4669,199185865169.12543,0.0040523813895254,0.00404419260732,0.5474849161169097,0.4366309782702464,0.018186701866743,-0.6557628140052336,-0.0114619014378055,-0.01605575806599,-0.0029352557728466,-0.01543853655300189,0.020299588042513972,0.007394532951841379,-0.10076533309569599,0.06228195652210654,0.08993507778593246,-0.004196568162832204,0.019046647007447452,0.003979214174407164,-0.0880661805508469,0.012711170948264051,0.07352322702448832
2023-06-16,1669.0296,1724.9053,1664.7047,1716.7308,16512003828.327526,202961188018.58884,0.0279006522235054,0.0275185205569246,-0.3003359748750589,-0.3571550232656005,0.0180067575020723,-0.0099435561265792,-0.0046493616161712,0.005873078474803,-0.0099538104624882,-0.01145439632051108,0.02520179408743882,0.02155304031083849,-0.07053937643385935,0.03559196762873701,0.13409690704292032,-0.008294111699585646,0.024711515955986037,0.008280820432593539,-0.060047777989117104,0.0005546738616706862,0.07623320127486322
2023-06-17,1716.4105,1754.0215,1712.1739,1725.8309,17334536485.219513,208296678160.83624,0.0053008310912812,0.0052868311386153,0.0498142239696477,0.0486132189628358,0.0167324040347411,-0.0733999035117456,0.0038859388003054,0.0062333417648153,-0.0045046734518673,0.009517717652928711,-0.01541296100625529,-0.01302713612438458,-0.015703728917609436,-0.03624669317298216,-0.2450639598241069,0.005856988819535683,-0.000172009846213253,0.0041769544997166536,-0.04515159881189484,0.0009187853856920691,0.028241659301091904
2023-06-18,1726.2163,1739.482,1719.2285,1720.0915,11334020788.91986,208174403898.4425,-0.0033255865334198,-0.0033311285867786,-0.3461595700246187,-0.424891948158883,0.0079813435802613,-0.7402404349718195,-0.0098842363453271,-0.0094767401478695,-0.0030043062152155,-0.009402374016048588,-0.001523969391545081,-0.0037095030395137216,-0.01951245585588381,-0.051051531531194495,-0.11886086360380821,-0.0032385164962063645,4.851826311659535e-05,-0.0023608007741501985,-0.05400837628003898,-0.010181350491149654,-0.015776737800346385
2023-06-19,1722.223,1741.3029,1711.2275,1732.1349,12263776158.059233,207704992524.22995,0.0070016042751215,0.0069772068584149,0.0820322625531355,0.0788409974965176,0.0117920609964252,0.3903197423859472,0.0022864489578715,-0.0016373470477093,0.0073925536333675,0.002426430412466216,0.0015210349036796147,0.0019411669284829652,-0.005948264240526108,-0.024070820930325178,0.022652810462661765,-0.005154765871439926,0.0062539455138299616,0.0007902588274456002,-0.051619246468346376,0.002466205987030242,0.005445112201199365
2023-06-20,1733.2149,1783.3703,1715.209,1783.3703,16508611565.581882,209595828341.2404,0.02957933588198,0.0291503070536768,0.346127926081978,0.2972322683720229,0.0210943268739555,0.5815776276683895,0.0085140111835863,-0.0076263909216994,0.0113541231330038,-0.012470330777322442,0.012949806293793872,0.011686313327517218,0.024937179481490008,0.005320791060734542,0.1339509571849158,-0.007111702107301318,0.014739564170727554,0.007007167409539869,-0.015134060729550345,0.013686074201511238,0.03726510396042926
2023-06-21,1777.309,1883.2081,1776.8919,1877.4023,25904926019.223,219820877779.8153,0.0527271313198385,0.0513840650216184,0.5691765425767907,0.45055098659049,0.0229971754437451,0.0863672657966052,-0.0063307806624991,0.0133680342442804,-0.0165797585198202,0.019606791035343636,-0.025663276694166258,-0.021827605996654217,0.1210299946497916,0.09025324791879125,0.09494982061227963,-0.03122374310989942,0.02752065528481515,0.011496070728943888,0.030059816109816357,0.02559022261961233,-0.011775368007660436
2023-06-22,1875.1689,1912.1701,1865.3886,1866.7353,26620230163.10453,227352286369.43903,-0.0056817870096355,-0.0056979897643287,0.0276126688549789,0.0272383147636002,0.0172890705102844,-0.2852968621476233,0.0079212466989976,0.0083089810320029,-0.001651009669211,0.03758062333194794,-0.030954747644050203,0.007699536984260562,0.11128781227814266,0.024169984294688696,0.0523317938884289,-0.003138071448457909,0.0072688221163825645,0.006214687315472395,0.007436668325534914,0.01621612375461693,0.014212629698867829
2023-06-23,1869.5694,1925.9641,1861.2269,1886.3524,19004258890.09059,226669470430.17075,0.0105087743291722,0.0104539409798742,-0.2860971233663346,-0.3370083530187989,0.0235298154102669,0.308193818394499,0.0042662709271941,0.0031745523324172,0.0058013006111003,-0.008260225740846748,-7.362965126510995e-05,-0.007878296257227399,0.0942232327010922,0.019513400813802973,-0.14770819372341037,0.0053550083987359415,-0.010676620085152036,-0.008839566321068207,0.04523334004657749,0.0017347220960735978,-0.011451807315386642
2023-06-24,1887.8136,1900.9655,1860.8308,1868.0849,19410421940.91289,226721549924.2125,-0.0096840335877855,-0.0097312287814435,0.0213722120484312,0.0211470291127735,0.0136029235158901,-0.5479836237968101,-0.0127204980754971,-0.0138454315384769,-0.00025983369113,0.008874206998442727,0.01049017914818896,0.012225861036039391,0.0792051727810336,0.015967669122594837,0.12792270015311535,0.006817003709365929,-0.002327983587861515,3.358514819599978e-05,0.03322369628943116,0.0003051486478271501,0.015073270209931433
2023-06-25,1868.2701,1970.124,1861.0966,1895.6631,29178701072.55401,229769430713.662,0.0147628193986257,0.0146549097180499,0.5032491906346321,0.4076288925270399,0.0392262953562118,1.0590625877699318,0.0326902123974555,0.0342176648955106,0.0009299333616917,0.014179430773388423,-0.0020513537975006928,0.012322248949323211,0.09719121108586226,0.1276637161392823,0.1650246511537321,0.009417142995934102,0.01330014548249682,0.015836389976963627,0.035638051445272656,0.02552912710776655,0.13125893255925458
2023-06-26,1893.2889,1901.887,1844.5296,1858.0333,19358306090.55401,225543646626.12195,-0.0198504681554437,-0.0200501354423466,-0.3365603889488155,-0.4103174451000859,0.0182311418489411,-0.7662160993779126,-0.0287947232468917,-0.0349427075168375,0.0053814639421823,0.01465008144804536,0.0032965033065448304,0.014925448003679634,0.07016386878510061,0.04654877415477541,0.09703095472437795,0.012001582229027606,-0.00854984019662719,-0.00256071509987707,0.01429415617232898,0.012816214444808254,0.011796486235921666
2023-06-27,1859.4074,1904.5394,1856.5374,1890.1221,20839066833.891987,226239114690.19165,0.0172703040359933,0.0171228674311093,0.0764922683013327,0.0737078555404107,0.0149038679508209,-0.201510449158631,-0.0027161891381893,0.003218399198342,-0.0085330357247341,-0.021287909721619175,-0.025093325225174663,-0.025870781928152425,0.05813642916253298,0.027383541915974988,-0.3466385438571815,-0.02841015516701796,0.028708152453371077,0.01662969077088733,-0.010055079980206126,0.014482166303769346,0.0014780830549470103
2023-06-28,1884.8866,1884.8866,1828.8231,1831.5656,19866587128.310104,223450070033.3937,-0.0309802737082436,-0.0314703099283456,-0.0466661829597989,-0.0477901564516509,0.0117370940322671,-0.2388665165815968,-0.0077624127064568,-0.0134994926472388,0.0014640658840342,-0.005323427129259185,0.002316013532094836,-0.005122683106890999,-0.024717945787431042,-0.03839291602583179,-0.2068700472919036,0.018270931386217354,-0.021056830730175502,-0.014172373610873645,-0.031300306460405096,0.0011311807034785752,-0.01007333246503972
2023-06-29,1832.1497,1873.6457,1831.6749,1854.3028,17294655612.609756,222873404564.784,0.0124140789715641,0.0123376561227218,-0.129460158359828,-0.1386417521363861,0.0141714763248046,0.1884769782277633,0.0086225289738091,0.0152450642968987,-0.0049426664122168,-0.0036805085336332477,0.01133718012525531,-0.0013483241164209472,-0.006682299900380462,-0.062350760008116395,0.03546657758254268,-0.0075066589929901895,0.00874661838874391,0.00543204840197431,-0.02319207691047974,-0.004206776376062991,0.004956591028442592
2023-06-30,1854.1173,1937.9763,1844.8068,1932.6858,24228006815.6446,227465303678.56097,0.0422708739910224,0.0414018653940199,0.4008955921608319,0.33711174078114,0.023417864876794,0.5022679524287001,0.0034975408922318,-0.0042485110684522,0.01352202695876,-0.027724431158808727,0.024415304131099793,-0.008263808233585614,0.024265624513765086,0.035403608533344184,-0.035337573352810736,-0.01646131198795494,0.013692097396986902,0.008824039043179688,0.03233156052665613,-0.0004904930395392219,-0.005367595742516329
2023-07-01,1932.1041,1939.78,1909.9538,1918.7197,26224343479.700348,231076833420.02783,-0.0072262651280409,-0.0072525010501169,0.0823978909716447,0.0791788493984527,0.0100691870380635,-0.8440192149569796,-0.0090444511559464,-0.0044175672996531,-0.0080395871498163,0.008847903270422532,-0.009875916334522741,-0.0014497222531039758,0.026744352245091772,0.04437374321210227,-0.01209273843678682,0.007192669717930679,-0.006041873832261319,-0.004225435996238647,0.029359427177790942,0.01690730534768503,0.0015639298693432835
2023-07-02,1918.6197,1951.77,1893.3969,1932.2372,13303218846.264809,230319372130.65503,0.0070450623923858,0.0070203618835594,-0.492714894595454,-0.6786820953677323,0.0210158970437066,0.7357991810277058,0.011198350480249,0.0065474178350155,0.0091263374836928,-0.019970228073383486,0.011652332607695326,-0.002242306951964222,0.019109804410601033,-0.1066106041317859,-0.12160931374633899,-0.013273018771172054,0.01575795199485311,0.01269712042959159,0.013143977226652722,-0.005240405510718392,0.007791936814972811
2023-07-03,1931.2573,1967.748,1928.767,1955.5277,20338733826.74913,234954611671.38675,0.0120536443455285,0.011981577706956,0.528858095306739,0.424521113815027,0.0118290044098202,-0.5747246370622197,-0.0094078843356973,-0.0023277966047098,-0.0121761141070538,0.0012906006743540407,-0.010321047865170734,-0.008767407816082852,0.051141517559903926,0.006923737271031827,-0.0705444918016429,-0.007935353296570469,0.0016608699899373636,0.0006113414007466733,0.03286462895914993,0.015135039379995635,-0.009928237742696577
2023-07-04,1954.5748,1966.8915,1933.9398,1937.5828,16079180284.620209,235202134579.9094,-0.0091765000311681,-0.0092188634721524,-0.2094306154165228,-0.235001853150311,0.0106429265966757,-0.1056590141898583,-0.0009023556232695,-0.0010873664286918,0.0002526672351979,0.0069974671004865985,0.008433435232208145,0.010821462225726296,0.024799786656642113,-0.03407191988462682,0.169919751637841,0.009160477965322922,-0.005248865250634616,-0.003956061864040572,0.02391579018646371,0.01194550537888779,0.004781691242050634
2023-07-05,1937.7348,1944.4922,1898.0639,1914.263,15102479339.49129,231458591445.6097,-0.0120355114630456,-0.0121085246565882,-0.0607432050539999,-0.0626663601161116,0.0153178483731689,0.3641232066623763,0.0044864934901374,-0.0023258458465991,0.0087893821748011,0.018576889518506938,-0.038384196729860556,-0.004595138693387096,0.044161571928399465,-0.035305730327266145,-0.13416710313706304,0.022481350418402293,-0.029012233146167493,-0.022185251790686922,0.054700401004615005,-0.0034155556383929,-0.026772538203768903
2023-07-06,1911.1146,1956.3191,1855.6799,1856.257,20115131236.25436,229346529144.31708,-0.0303020013446427,-0.0307705975539795,0.331909204050725,0.2866134046677662,0.0326644374961443,0.7572682389266294,0.0199880111445346,0.0276490064373407,-0.0102332449413876,0.014544240726219855,0.0022002487111368292,0.014679408541778044,0.0010533182516983136,0.02105211053476543,0.06554314237524173,0.0012860282100704001,0.007579737391531255,0.007546488351728248,-0.01703128807814285,-0.005892673024128336,0.030528909746712962
2023-07-07,1837.1606,1878.2923,1837.1606,1872.3789,22130729035.825783,224341576648.892,0.0086851659010578,0.0086476668151258,0.1002030648419844,0.0954947671688331,0.0102881159187853,-1.1552975129502272,-0.0268090302268268,-0.0266786476551261,-0.0030253512687776,-0.02876587337119868,0.02535106666375638,-0.0159801728192578,-0.03170088032719582,-0.015611746692229833,-0.025582400628127555,0.009321347636611327,-0.009376952794675847,-0.005032775326175548,0.019463074202199268,-0.0038613823219171236,-0.0005456005490431792
2023-07-08,1869.6943,1874.8064,1845.6599,1866.279,13075295857.45296,224331196895.54007,-0.0032578341915729,-0.0032631524872746,-0.4091791627701763,-0.5262424594312548,0.0110208856601448,0.068802734119755,0.0041416813401425,-0.0048276387249186,0.0119890903197732,0.00645124306372577,-0.004812439374828871,0.0017686157120583787,-0.02771153176435355,-0.10385841566003748,0.02113118647296064,-0.0009106578547561917,0.0017172800320930381,0.0011722619617377805,0.010278011861615477,-0.005695521312639947,0.0029335486348700535
2023-07-09,1866.708,1881.3295,1859.2891,1862.3287,12128118833.254354,225142869354.2648,-0.0021166717302182,-0.0021189150459593,-0.0724401982582069,-0.0751980103075772,0.0082040315406429,-0.2951664841823591,-0.0032396958003933,0.0053713687307478,-0.0094386147608769,-0.0044826853221934665,-4.980371147092835e-05,-0.0035977329248771325,-0.036850808693872375,-0.00982884587552814,-0.05497312789103592,0.002804461054631474,-0.00288691231671373,-0.0014031156613103501,0.010866532920568177,2.962412874215156e-06,-0.0003260943818830242
2023-07-10,1861.0022,1901.3356,1852.8717,1878.2888,14129095822.560976,224993301373.8014,0.0085699694151735,0.0085334556932971,0.1649865916402548,0.1527095776297615,0.0173294391877611,0.7477810576811903,0.0086626840468692,0.0072710936071373,0.0051731246390706,-0.01508819924537013,0.010965154640174588,-0.0005989048894756432,-0.04029893070753122,-0.05360663741305917,-0.037013964933018784,0.0136064363663628,-0.027128096497396753,-0.015932068757731982,0.06894880499150025,-0.013715848277072852,-0.05645816156278194
2023-07-11,1875.5739,1884.2669,1864.223,1876.6422,16958672879.32404,225688886677.6585,-0.0008766490009417,-0.0008770334823971,0.2002659683463161,0.1825431725239713,0.0075538591923314,-0.8303481584586381,-0.0102356782472235,-0.0118404989390115,-0.001374921015023,0.0029060614236979983,-0.0033709171370910895,-0.0016397897218388066,-0.03195710071777577,0.00776942361921828,-0.04174318870454252,0.0003976639416053973,0.00032279628725126464,0.0004983094482340078,0.0675941731576074,-0.0007123371489763918,0.0030475929199313967
2023-07-12,1878.2883,1895.3376,1868.5041,1872.1338,15202255392.027874,226613389088.38675,-0.002402375903089,-0.0024052662381209,-0.1035704562376212,-0.1093355793628904,0.0098739955706917,0.2678460072838176,0.0033353901313432,0.0062201691601728,-0.003165024660538,0.012145128655172904,-0.0063837410312566865,0.002984051526071514,-0.02225384229930847,0.0008776196308552524,0.06868446726002686,0.0035544388241927627,-0.0045857939293851985,-0.0013362523248413027,0.07177589167642927,0.0003690318642982283,-0.004923421464578581
2023-07-13,1872.8451,2005.6512,1865.065,1997.0646,18727972577.745644,230024334738.2369,0.0667317688511366,0.0645995525730558,0.2319206653748673,0.2085744680499494,0.032365595578743,1.187191402513167,0.0130339451899836,0.0065942909854589,0.0136883216653714,-0.012664303434013917,-0.027280463558433363,-0.022698521637226833,0.07311630782772673,-0.012270929565870687,-0.22294700480686158,-0.0542934715490561,0.01877318537830601,-0.007455669326745726,0.13811058091782433,0.0050627047193075436,-0.06300186055392487
2023-07-14,1997.7814,2017.4947,1900.4235,1935.2559,29887586480.787457,238123638510.16028,-0.030949774984745,-0.0314388366335035,0.5958794448632805,0.4674249603746952,0.0373661445855182,0.1436690757040115,0.0122235901780152,0.0030704599746328,0.0132514899890142,0.036866836007856216,0.024764868081208962,0.04207540616135962,0.033029804379097444,0.066761596259767,0.5529852425260358,0.06507310392071813,-0.05886787707762089,-0.01045615655035989,0.15138049443100388,0.025892126311990175,-0.015186472798504269
2023-07-15,1934.1336,1942.1777,1918.9862,1924.9053,20327600471.174217,232433209352.36584,-0.0053484399660015,-0.0053627940753081,-0.3198647711403078,-0.385463634613065,0.0079572616855946,-1.546680138146681,-0.0284488629498993,-0.0141260015321836,-0.0252026589116034,0.004140442746166373,-0.007919916405688485,0.0012364624607908575,0.030930162791064073,0.0586283027481119,-0.036217837809929154,0.004671735121187223,-0.03381134116058759,-0.007952660933771866,0.14197350774837553,-0.005730597343146529,-0.10875299523173121
2023-07-16,1926.151,1935.1192,1913.663,1918.0466,11592209303.1777,231721928135.9408,-0.0035631363267585,-0.0035694994165342,-0.4297305616756801,-0.5616463310258348,0.0074357549189242,-0.0677848207326086,-0.0003423511728549,0.0003269437101824,-0.0010629924839638,0.0034757715775562623,-0.004541877484568834,0.0023450526194062904,0.02947957842048916,-0.004216666992104504,0.001830905629296442,-0.0039951816538309065,-0.0008360814546942048,-0.0040817032322024716,0.11088548777491675,-0.008678033124973408,-0.09433077935376755
2023-07-17,1910.6658,1930.7373,1882.3025,1910.0268,14210100965.574911,230037869434.77005,-0.0041812331358371,-0.0041899989342026,0.2258319871501617,0.2036197866467646,0.0179636856811886,0.8820521473304348,0.0107174243425156,0.004200172182357,0.0109299985125969,-0.0006974990508397255,-0.0001644938185276449,-0.0007160137422763668,0.016756123792989283,0.0006385100223180997,-0.0442639930803117,0.001998977362676943,0.012383803494644761,0.0051593700614045584,0.10140865770209878,-0.005550554981347845,0.04411589421778661
2023-07-18,1907.6368,1913.6273,1882.7321,1894.7235,17159175192.212543,228655751093.0801,-0.0080120865319796,-0.0080443557755015,0.2075336574864597,0.1885799798509171,0.0107070947730906,-0.5174456732774795,-0.0075006257266782,-0.005036988356688,-0.0056536445979275,0.003809707860225983,-0.0015809171785863985,0.00348109662595808,0.009588801499884959,0.0015786760437450406,0.010429422256660104,0.0072879262956236646,-0.005416930265637353,0.005459248227892746,0.09669543051337617,0.010323677813688481,0.022166955926177234
2023-07-19,1894.8913,1913.7421,1882.3001,1889.1523,15004151446.247389,229140542369.3589,-0.002940376260705,-0.0029447076596945,-0.125590170962482,-0.1342061012892103,0.0115612666148542,0.0767538413565844,0.0016354630792856,0.0057353781611155,-0.0042121778247991,0.0029306722408714153,-0.003248867701281314,0.002484838926806607,0.009049360078311232,-0.0015597775131603595,4.6724895417238343e-05,0.0002395027005581557,0.006217985036354647,0.0019453222349860022,0.08677351599526653,0.004820034385222971,0.013420563485405435
2023-07-20,1886.8799,1922.8311,1879.5655,1888.718,17049418626.202091,228476133964.77005,-0.00022989147037,-0.0002299178994647,0.1363134188082482,0.1277891790846725,0.0160809519837365,0.3299750389660563,0.0065482697213633,0.0070662272965905,-0.0005783661579119,-0.044479667968937014,0.009904595596758742,-0.039585794716153935,-0.055780110394209166,-0.013314707287550808,-0.4313697464250117,-0.008477193470891861,-0.027975694785699008,-0.013325450902180888,0.057393291042124976,0.0009484844889704254,-0.22020521887405975
2023-07-21,1889.8031,1898.1933,1880.2742,1886.5281,15581945834.550522,227464705436.5122,-0.0011594637208943,-0.001160136418984,-0.0860717203222584,-0.0900031792307256,0.0066196467921962,-0.8875934510947188,-0.0122467331008904,-0.0131550650677923,-0.0002466246784592,-0.014464646292561922,-0.006926564102986036,-0.015674741759932397,-0.025501410179689696,-0.12130327509580806,-0.7343429944202358,-0.021363317271439766,0.02409794158602925,-0.01609795050276072,0.004849089601522457,-0.018261923565833345,-0.16128557651917408
2023-07-22,1888.8037,1892.666,1854.6931,1860.5078,10864531218.665504,226847868960.8014,-0.0137926914526212,-0.0138886944029228,-0.3027487494806258,-0.3606094589739969,0.0108336468255442,0.4926147241190675,0.0029541747336184,0.0006909677569724,0.0034559156049162,0.002530216761008652,0.0005914290661462301,0.002299703143324082,-0.034027310507304474,-0.08917097044546976,0.19258841965125217,0.008467119417097269,-0.00842769340549459,0.0054971767441390484,-0.003341615037071505,-0.028531957392854752,0.0005168823644439158
2023-07-23,1866.0106,1898.886,1857.5946,1886.2263,12093656529.268291,225813416778.7979,0.0138233766071822,0.0137287051915161,0.1131319231234866,0.1071775945806727,0.0140291596456833,0.2584812573713293,0.0040425457592565,0.0048919225551766,0.0007622649097999,0.002097394546332055,0.011510549342610017,0.009945736551729364,-0.016729105899254155,0.004930067039008295,0.26610742643212504,-0.011683711885813658,0.011868215649199754,-0.0070834488369187765,-6.68508254298136e-05,-0.012775898756999846,0.0009185047731969931
2023-07-24,1884.9165,1886.6287,1838.4541,1850.7303,15083548024.358885,223691680429.00348,-0.0188185267059419,-0.0189978484576192,0.2472280809244622,0.2209235536815255,0.0143221687153717,0.0206706013070263,-8.898427424996157e-05,-0.0066320847001449,0.0045729982324602,0.0018006037819717352,-0.006709317226660402,-0.0038628329041284354,-0.03153695542267082,0.008529832862093576,-0.06513238282308054,0.014566975656504694,-0.0153823581294877,0.009138759360308696,-0.009333470501605434,-0.008083157767500638,-0.0035497629972809364
2023-07-25,1850.02,1867.278,1844.4339,1863.3786,13285052488.30662,223466622837.31708,0.0068342210639766,0.0068109736338152,-0.1192355759498905,-0.1269650848865358,0.0074674818634532,-0.651250754295341,-0.0064548239026099,0.0002292753193784,-0.0073291840563052,0.004028236547787372,0.004498984801477472,0.006011119437386511,-0.016681626013353976,-0.0384006256131014,0.15976333047623248,-0.010364970582126959,0.009524089662661772,-0.0074856131184996705,-0.017177406585840146,-0.030265109484377144,-0.006687935694368985
2023-07-26,1860.0019,1886.3957,1849.6508,1873.3117,11486058141.665504,224275752693.8711,0.0053306933974663,0.00531653554325,-0.1354149220128843,-0.1455055657604657,0.0131847056285376,0.5684996509424769,0.0059071027629913,0.0054973672589996,0.0028633188697454,0.0007500029415490432,0.0019200304689268206,0.001874530566345109,-0.00842038281040938,-0.03619711429842417,0.046998922463112436,0.006726095630265286,-0.005499341273252568,0.004822485578592162,0.00818926439975655,-0.015336703941208727,0.008037014061732517
2023-07-27,1872.7497,1888.1761,1856.7452,1861.3318,14045077233.494774,225496393183.4704,-0.0063950382629863,-0.0064155741187188,0.2227934997600671,0.2011379951552406,0.011244653246784,-0.1591647445941628,-0.0012256092433739,0.0009351263768215,-0.0038206620521039,-0.01240443062786735,-0.0036408094580550263,-0.010425757364541304,-0.014606039029663582,-0.031983523985069026,-0.41066731611047835,-0.0037745978402071306,0.003099980552683731,-0.0027851180813863174,-0.015349177150071613,-0.013427812750407182,-0.004148441466764297
2023-07-28,1864.0701,1882.0238,1857.1608,1876.0131,11611143503.132404,225216040017.0,0.007887524405912,0.0078565804926956,-0.1732944354736556,-0.1903066757357038,0.0085248626123201,-0.2769058415399206,-0.0035182740397443,-0.0053008954507544,0.001522541439088,-0.0017543320566015524,0.004917899645471548,0.0038254044692502785,-0.005589322117984047,-0.043905406295620966,0.07594023037662234,0.009695416650001634,-0.0205758446241521,0.006221441171977801,0.02397771327096952,-0.016562712880483804,-0.0333320403525188
2023-07-29,1876.9101,1889.6508,1869.2421,1886.0775,9370400498.87108,226048050607.1812,0.0053647813013673,0.0053504421236677,-0.1929821127141203,-0.2144094457956513,0.0070560682509002,-0.1890989157785023,-0.0012199847539804,-0.0019589396558371,-6.56476121724675e-05,0.0028399194582361884,-0.0038695360898700036,-0.002385742367868128,0.013649814408606555,-0.017032977049153044,-0.026797973365268124,-0.008285407822799004,0.01304820148346152,-0.006738491999272858,0.016990499271915448,-0.01616052648623257,-0.02076281926740453
2023-07-30,1884.0244,1886.2911,1855.7308,1863.038,8449001109.337979,225887622710.36584,-0.0122155637825063,-0.0122907870055165,-0.0983308439851753,-0.1035076155437258,0.0092156303794042,0.2670130053434585,0.0015879882728491,0.0002835277509429,0.0016528477470259,-0.004907219968595798,-0.001297978729348899,-0.003171125597411971,-0.012369677788425971,-0.042807989499381534,-0.19441731297177256,-0.016729835051612053,0.011009976582839963,-0.012588630154854188,-0.03670215312762086,-0.032978595823567596,-0.04904222482722753
2023-07-31,1862.1056,1878.3138,1853.525,1859.2884,11444017827.517605,224678360389.4472,-0.0020126266882372,-0.0020146547429318,0.354481752271222,0.303418910522566,0.0093468236573355,0.0141355730433225,0.0015033043914531,0.0055312087542956,-0.0039246927753569,0.012564306116899947,-0.013282918582724755,1.2368898391557775e-05,0.004613515926261338,-0.04465847161051504,-0.06737279872134305,0.005369150665268434,-0.003756999495750823,0.0035775271573944833,-0.03146430682043579,-0.03191010152897725,0.01659802140109834
2023-08-01,1856.2227,1869.4222,1824.7339,1869.4222,11967740934.505226,221669285743.8885,0.0054503647739641,0.0054355652865954,0.0457639191830256,0.0447476414911558,0.0165320721974319,0.5702656939811739,0.0102184858586823,-0.0093931408196747,0.0165594799206727,-0.005482874073996252,0.016596400089121745,0.005994532545072387,0.0032381075790414507,-0.01666844404242968,0.375569342877502,-0.006353097045373034,0.014259878720271658,0.0005839528487122242,-0.03304910341739976,-0.002934036220280728,0.0731550071756093
2023-08-02,1873.5962,1877.2666,1827.541,1836.7221,15230588274.30662,223032991809.223,-0.0174920892669403,-0.017646883634433,0.2726368625171353,0.2410910176999904,0.0144122539542396,-0.1372234500148019,-0.007405877868319,0.0065369548565142,-0.0091783851687173,0.002929883278223938,-0.00847992609207291,-0.004543755016356836,-0.019725311598641455,0.04667177952682996,-0.1281366727435973,-0.003169135864744918,-0.015834747850137842,-0.010058263886452888,-0.06267756475878895,-0.011302677401791547,-0.1333969831952957
2023-08-03,1839.5182,1855.1814,1828.6664,1835.6063,13647143332.132404,221547609807.42508,-0.0006074952765037,-0.0006076798765254,-0.1039647920130191,-0.1097755721508933,0.0100928117066234,-0.3562553555131496,-0.0023406859549955,0.002946716047428,-0.0064336790365351,0.003910899176956278,-0.0017853704271361334,0.002228334772363467,-0.013917417356448046,-0.004857660274843794,0.05519260831170136,0.0071970173327556425,-0.0023230512531262765,0.006041893714993259,-0.05406638116316193,-0.0054265363865624635,0.048515885385045365
2023-08-04,1839.5042,1847.6909,1822.775,1831.8455,12294279402.839722,221183985393.31708,-0.0020488053456778,-0.002050907018453,-0.0991316568140193,-0.1043961550408359,0.0092432844628322,-0.087926174406693,-0.0014565346399775,-0.0032993342143597,0.0020001191997698,-0.005389453955181615,0.0007968013191389303,-0.0039981035534542055,-0.023824904867596725,0.008324719677853816,-0.10518383035307544,0.01057886900567203,-0.003565880317817356,0.009359055027359467,-0.0440087635250267,-0.006302710552945428,0.06554832352475115
2023-08-05,1831.3543,1871.2594,1827.7338,1866.4349,11507058325.073427,221962653200.514,0.0188822692743466,0.0187062120156424,-0.0640314939958549,-0.0661734505021015,0.0117417099436903,0.2392501710371597,0.000711468807316,0.0012753878423864,-0.0002949280300221,-0.010930548781757188,0.015916515950808407,0.009342531706005984,-0.010469134975622215,0.025598851068564656,0.13603289575903643,0.013052731592610611,-0.0016862798841151532,0.012529225598999813,0.005468046044595216,-0.019571202524696758,0.06281549856082735
2023-08-06,1865.2758,1881.9888,1859.1823,1859.4031,14472790131.41115,225366577764.7073,-0.0037675034902101,-0.0037746184074233,0.2577315350766502,0.2293097293645307,0.008395539054624,-0.3354469550161765,0.0005419301086731,0.0029180510879268,-0.0058159418089385,0.007757026943481418,-0.007360729993747612,-0.004681015660900612,-0.0019529663775289471,0.06882979272668828,-0.03994618743092282,-0.006572685475976892,0.00884554764708941,-0.004509816341977224,-0.006954239177953886,-0.01773889212284516,0.008317027993423487
2023-08-07,1863.2023,1872.4928,1810.7594,1828.9846,11333445601.84669,221630803258.8641,-0.0163592821803942,-0.0164945727710097,-0.216913566842302,-0.2445122019089674,0.0207175817757754,0.9032822010581976,0.0096748025293358,0.000435873762398,0.0162858450342096,0.008520909850081084,-0.0048501741304214155,0.0018257881937532375,-0.016432884405606786,-0.0012216802236830755,0.12864775775973136,0.00850004196990306,-0.00502945806145029,0.007082603553735564,-0.02018565946168907,-0.00407913924249897,0.05030217768027834
2023-08-08,1830.5321,1872.6338,1827.9754,1856.6174,11950412281.425089,221873795901.18463,0.0151082737383354,0.0149952804383512,0.0544376971710942,0.0530076363757709,0.0146271847739568,-0.348100932702466,-0.0053386014776262,0.0031621144522119,-0.0122476723705894,-0.012056413439742581,0.013450439449984437,0.004888804579897838,-0.0068731692538510055,-0.0001915945779284464,0.03820722204141891,-0.0053806817478476016,0.008705811625476012,-0.003032356011275661,-0.003071463977378492,-0.0004170977020427816,0.013784808989461883
2023-08-09,1858.2205,1870.2222,1847.5898,1856.8785,10420653685.578398,223704196263.56445,0.0001406320979218,0.0001406222101553,-0.1280088552446382,-0.1369760102217829,0.0085974971218607,-0.531410639654804,-0.0060799269811836,-0.0071861997544761,0.0007024142843471,0.009721269017505672,-0.009301670038963976,-0.0037173943423107064,0.01091433659073728,-0.054652854517042666,-0.001455147988021377,-0.00412268316983172,0.003577797809190847,-0.002708035274131118,-0.011464297460520446,-0.00874407364839867,-0.0031440106963533943
2023-08-10,1856.5643,1864.1483,1847.6217,1852.802,7896782993.693379,223187131219.9129,-0.0021953509613041,-0.0021977642769226,-0.2421988838740427,-0.2773343075484214,0.006169292889626,-0.331886901808577,-0.002455385311622,-0.0018007097327136,-0.00168717106987,0.0013813793111245587,-0.0008942735747527568,0.0002903149686210721,0.009324252190340138,-0.06951823704641437,0.00978842183720774,0.00023845191215529637,-0.0007508504249140076,-4.169271601624225e-05,-0.012785028255045941,-0.021694194699207574,-0.002879212285967103
2023-08-11,1851.9433,1855.7265,1842.0685,1849.3763,6862255260.292683,222596867609.3589,-0.0018489293513284,-0.0018506407310069,-0.1310062254752224,-0.1404193176954815,0.0051518626712831,-0.1802258937228451,-0.0008904499585888,-0.002343992571613,0.0009240991556222,0.002943464571050526,-0.0035647704246198654,-5.550096048018843e-05,0.009524518477786134,-0.07042911923470012,-0.01187739614890937,0.002428154514370992,-0.002317604457362017,0.0015227379300853522,-0.012230402747931959,-0.02039061873513251,0.0009236107778023417
2023-08-12,1848.8932,1854.56,1845.1742,1847.3811,5990734189.017422,222809196035.3449,-0.001078850204796,-0.0010794325825815,-0.1270021353356198,-0.1358221691198903,0.0035514836473916,-0.371992888006039,-0.0015285662970601,0.0008003041967985,-0.0030494989818363,-0.008967761475656916,0.00892218435493089,0.0008116204640067036,-0.010261126120437562,-0.0769900327717843,0.0008101693193176551,-0.05104617929259046,0.017690561094610223,-0.03153612577863398,-0.07790938790356913,-0.03196670735737308,-0.25425964061965667
2023-08-13,1847.7789,1855.25,1838.6769,1840.1947,5626790326.299651,222461400592.9582,-0.0038900473757147,-0.0038976332894406,-0.0607511285319543,-0.0626747960533526,0.0058072953636938,0.4917495034622705,0.0023005628488941,0.0022888192421807,0.0004671908254184,-0.0034737530750230065,-0.0029142026433692583,-0.004136342308538956,-0.010384141002454899,-0.13735416012441778,-0.1694095694426685,-0.014447898739978166,-0.011761268692977243,-0.01735506508324524,-0.050368184559506306,-0.06386789099337464,-0.4214638455813544
2023-08-14,1840.4269,1852.071,1836.075,1843.4167,8759038264.585365,222168448089.01395,0.0017509016844794,0.0017493706429999,0.5566669018473229,0.4425469340923355,0.0060501419113693,0.0409667797079604,0.0001650623201027,-0.0002989290097567,0.0010550949202305,0.009516489123392782,-0.018027555527017868,-0.004204341311172942,0.007859802411554645,-0.04379400016602601,-0.308673972765249,5.5061298521482185e-05,0.0006286065936278729,0.0005948963342258737,-0.043256019841198375,-0.03195358700887509,-0.011991428201348686
2023-08-15,1843.2767,1844.8887,1823.7283,1829.7257,8258663992.334495,221443661590.9094,-0.0074269697133588,-0.0074546869750383,-0.0571266224825148,-0.0588232815920205,0.0067459526590732,0.108860990793274,0.0002536145958094,-0.0027491227584995,0.0028427908546968,-0.007038141560592553,0.004414272401633165,-0.004989628714199711,-0.014590165001834922,-0.06635016072026556,-0.09621690355760837,0.008679828225186368,-0.009574238392318357,-0.0029822404746739084,-0.047141207399702546,-0.009400335660207513,-0.045538413886454965
2023-08-16,1830.311,1832.0027,1806.82,1810.2431,8655020387.912891,219717947082.5296,-0.0106478255183277,-0.0107049192569112,0.0479927983444157,0.0468767140664758,0.0069885062899647,0.0353241220018532,-0.0005403920606535,0.0006365079297996,-0.0009718017491838,-0.0009344049801837083,-0.0006733250563631275,-0.001150697268604589,-0.025435706468901406,-0.03335966207151656,0.035662228481211145,-0.001818208716736474,-0.013518238490218977,-0.009370184289839257,-0.05365612772241117,-0.01586391848843519,-0.2106625158439721
2023-08-17,1810.3227,1811.8277,1592.229,1690.8845,12045617568.038328,213372815249.36584,-0.0659351221943616,-0.0682093808470189,0.391749184653632,0.3305613622387592,0.0809130037604941,2.449107708855755,0.0822166042093601,0.0042544290183439,0.082903001282693,0.0028410513348453535,0.08813862384292286,0.08322143444764982,-0.09144732303899776,0.07669223804615559,1.7826982248041183,0.021498124214448213,0.09214599038131815,0.08698789741714442,-0.11382115279392854,-0.014828891758429044,1.3406229674212038
2023-08-18,1693.2586,1704.2062,1658.6673,1672.9856,23951480894.818817,202771028243.223,-0.0105855249131445,-0.010641950128927,0.9883979181251228,0.6873292482277352,0.0176282028441163,-1.5238744960022723,-0.0709526048032174,0.0033390829399351,-0.0745280591278005,0.005061363664874228,-0.009319243150703718,-0.00827039843091032,-0.10023863243691773,0.26550465165291826,-0.042996269888077254,0.007877812324179528,-0.01063026363436112,-0.00608992306167154,-0.12151839526316097,0.02580403825237642,-0.023194832961058065
2023-08-19,1674.3385,1693.6341,1665.5191,1675.8878,11367680936.627178,201883996085.43207,0.0017347429649126,0.0017332400362144,-0.5253871363300031,-0.7452558311126481,0.0118228089331351,-0.3994694276982491,-0.0048327228482404,7.028499272997667e-05,-0.0075944834813293,0.0014157439265452647,0.0013166280641144779,0.0015958788747536257,-0.09742595981812198,0.07080137834180965,0.011266438955536806,-0.026780670434156977,0.0020157194115117405,-0.008197760563088227,-0.11955523732748195,-0.016308754270041848,-0.10281264722156092
2023-08-20,1678.5526,1694.184,1671.4151,1689.1408,8973188245.36237,202313742841.3066,0.0079080473048374,0.0078769425762463,-0.2106403851949825,-0.2365332764172591,0.0087329248773514,-0.302930274906406,-0.0038686630106667,-0.0057294476196602,0.0009796139377551,0.00384383223358864,0.005210266696550864,0.005978638390164076,-0.08565138395243498,0.04166027398066339,0.03497140094437734,0.0004884533346833676,0.006791161298242837,0.006701537993887743,-0.11051815833225156,-0.01931043717455504,0.036516632124549364
2023-08-21,1688.1358,1688.9175,1665.4827,1675.9756,9341217452.714285,202203096344.7736,-0.0077940216706623,-0.0078245538064533,0.0410143192462417,0.0401955448179999,0.008799442833173,0.00758805383128,0.0008827987321905,-0.0033696879346352,0.0025065672929415,-0.014937345451304266,-0.00588437703367875,-0.008488504499237881,-0.09522530840188828,0.00707374271287319,-0.07765776956521897,0.021736918279539892,-0.010274828887863033,-0.0019560662551576097,-0.10445401773578206,-0.004504425027056084,0.016804652262636388
2023-08-22,1677.0058,1677.0907,1608.8245,1637.9377,9928783226.22648,199854689663.2404,-0.0226959748101345,-0.0229574929618366,0.0629003421113449,0.0610013434233223,0.0254723924960932,1.062906813398948,0.0179025874258792,-0.0007935366268976,0.0180719970951785,0.001008949244011799,-0.02382996445928344,-0.023494826758879275,-0.11072811438868647,0.02001937516846028,-0.1851330023423272,-0.027762622694546043,-0.021076041429233805,-0.029902210583655553,-0.14114021588913483,-0.006436620679156511,-0.22528775980139448
2023-08-23,1639.6381,1693.6995,1633.3896,1678.939,14902163460.038328,199372222748.47388,0.0250322707634118,0.0247240957663924,0.5009053093912721,0.4060684656455735,0.0209901019604069,-0.1935442270751681,-0.0075829612891373,0.0157572156503435,-0.0170354702645776,-0.0022145941718789263,0.019703456027658175,0.019267935769024414,-0.07529909936538272,0.0715190718174333,0.09637207197399666,0.031122674408740166,0.02009456657256742,0.030633384302228728,-0.09741827166512312,-0.0005411799673724345,0.22403683028643817
2023-08-24,1680.7469,1682.1802,1648.9933,1663.8176,12441595988.759584,200777782384.54703,-0.009006521380467,-0.0090473252797217,-0.1651147820165177,-0.180461027073089,0.0126066265357684,-0.5098284001418416,-0.0063037031641762,-0.0137920156550481,0.0028174386238336,0.004476524171843584,-0.04104151300166238,-0.039600410576615855,-0.01613704379808548,0.004365420044249369,-0.692701354954532,-0.005194921449675191,-0.006521750107289753,-0.008220203302121379,-0.11327657057866015,-0.0025203959799807974,-0.055679432044053456
2023-08-25,1664.9809,1667.3616,1641.6669,1658.1815,8722628357.808363,199441639596.5749,-0.0033874506436283,-0.0033932010443647,-0.298914032758429,-0.3551247643145954,0.0106830458206655,-0.1655646091752718,-0.0012104938309473,-0.000250097407179,-0.0011847028627169,0.0034763112572737,-0.006734387905783727,-0.0050877705490659855,-0.008888294713523247,-0.1833495297032395,-0.0846424255827749,-0.010601217681943088,-0.001527314616968714,-0.0059786755811482295,-0.12198630716627479,-0.008302397651603241,-0.04899112049590171
2023-08-26,1657.7255,1659.4688,1650.03,1654.6312,6885500757.759582,199288908826.1986,-0.0021410804547028,-0.0021433758444542,-0.2106162872804517,-0.23650274844718,0.0038626209736322,-1.0173120203065986,-0.0082048406246576,-0.0010569557335361,-0.0082809580661097,-0.0011113590291222698,-0.00021635141919536943,-0.0006482638554888703,-0.01276491059419188,-0.06105400856021346,-0.01692442679110595,0.008283264240335597,-0.0033107018279658063,0.0006212519905884617,-0.11771410889201026,-0.021836326971090867,0.01284779735005337
2023-08-27,1653.1053,1666.2375,1652.9416,1662.8888,4492717624.912892,199762022990.0627,0.0049905985092024,0.0049781867500719,-0.3475104014984174,-0.4269600809060906,0.0043176703399997,0.1113700218801199,6.033873159310126e-05,0.0022380479767242,-0.0028287775954153,-0.0070254435150147385,0.005368450911320863,0.0030801922465861775,-0.01566366642036622,-0.06499975716027549,-0.009182671879097715,-0.013138608451034144,0.006669037100541883,0.0007709599337227813,-0.12059250263463384,-0.02219407342293246,-0.009630446613331234
2023-08-28,1661.9119,1664.7217,1637.1393,1658.3608,6597502473.25784,198966722566.0662,-0.0027229722155804,-0.0027266862480942,0.4684881232404978,0.3842333839428637,0.011738995074483,1.000200228662802,0.0100747609058015,-0.0014467147542976,0.0131368898538307,0.006679710553107421,-0.004403066168118468,-0.0023228010201500546,-0.01056579886200719,-0.04199575681029722,0.015726663683213626,-0.0169642621016165,-0.0017610287120759655,-0.005801045809485511,-0.12866963100639592,-0.008780525667520933,-0.05442694905031065
2023-08-29,1656.1741,1744.1021,1644.4011,1730.6338,10417920252.808365,202871156178.43207,0.0435809867189336,0.04265805517899,0.5790703065343461,0.4568362602698056,0.0313904641982104,0.9835879465260438,0.01353195603094,0.0174823670889851,0.0051874687274558,0.007429762200723557,-0.020618731021082352,-0.011858620523099581,0.055049749278819386,0.0076171593030727085,-0.10913954172731355,0.017397403800321364,0.03148794562130812,0.03439073363575254,-0.07372078882188932,0.006242611252743093,0.1942129939880881
2023-08-30,1732.387,1732.387,1700.0304,1709.4821,13584664638.54704,206542717790.8502,-0.0122219385753359,-0.0122972406538696,0.3039708798773934,0.2654141318727452,0.0104549703045008,-1.0994266662755972,-0.0174461077342423,-0.0200254133120334,-0.0088710320837574,0.005355439234747312,0.01885526820305821,0.016892024530326216,0.018028412858557365,-0.020650771465434675,0.3070972257310891,0.006563715584402011,-0.009834424652382198,-0.007502648824056268,-0.08400337473282699,0.006743160322998341,-0.02359825265137916
2023-08-31,1707.9015,1723.2418,1641.9534,1648.7034,8080238835.721254,203705911875.87457,-0.0355538674549442,-0.0362012983307572,-0.4051940882814842,-0.5195201254433164,0.0262055793979278,0.9188948496539192,0.0133755320630957,0.0198844735381824,0.0024861882344056,0.02386580361118937,-0.02282003630921748,0.008909110882291446,-0.009125560192478113,-0.07157293794780516,0.019116029001295054,-0.012084522181810095,-0.029095294453527848,-0.031430653045191076,-0.12564023835017973,-0.012279747946252296,-0.19686927820870093
2023-09-01,1650.0819,1656.4525,1607.8498,1632.2664,10674815405.780487,197469753517.56445,-0.0099696525160317,-0.0100196822991161,0.3211014702423256,0.2784658357940853,0.019947886339224,-0.2728491524004952,-0.0024467860117805,-0.0123559923379646,0.0070574886875067,0.006915168039130316,0.010562642715435942,0.009607510477393714,-0.015752041447229418,0.032671519498907946,0.24615661838701364,0.03268326624432502,-0.01543268176441566,0.0035326140241944276,-0.11801303701486274,-0.014585234497454747,0.049469852869185704
2023-09-02,1630.7722,1647.1399,1630.7722,1632.831,7732708399.010453,196926809234.3589,0.0003458994193594,0.0003458396099469,-0.2756119796860246,-0.322428090500601,0.0070180215493095,-1.0446418420810977,-0.0118182791369186,0.0018061353672556,-0.0197678265749894,0.001416962020895883,-0.0007703218948686592,0.0010734868375368578,-0.013262825992828286,0.013853225169032599,0.005213654470999973,-5.9791583202739584e-05,0.0004138896801056183,0.000259194363196269,-0.11705951752839037,-0.01925797901984018,0.001923196841661312
2023-09-03,1633.4577,1649.1671,1630.9825,1641.0845,5022317781.790941,197262990405.0627,0.0050547178489384,0.0050419856497642,-0.3505098701984362,-0.4315676395973239,0.0072860903276778,0.037485748206592,-0.0018254055241367,-0.002477172801915,0.0030600188717677,-0.0052236646921365384,0.005324726444696289,-0.0028034123700402466,-0.013199027093135873,0.008563347795256845,-0.00040235801035581886,0.004176346385108699,0.0047372166041128524,0.006311855691050944,-0.10996662486017297,-0.024198113811568767,0.04708600616600522
2023-09-04,1640.6107,1647.9321,1624.3255,1634.5149,5745959770.825784,196884258309.12195,-0.0040032064162448,-0.0040112406961392,0.1440852651057842,0.1346054226153283,0.0099367531109711,0.3102732225715661,0.0024298417632313,-0.000824087546409,0.0048382963552032,0.00372769590971319,-0.003942089169654835,0.0018711424167589114,-0.014483581541180986,-0.013805050798437982,-0.0008482484847323057,-0.025657653029819406,-0.0006195895882526725,-0.015717175253480153,-0.1326840775719547,-0.019595144682692783,-0.12673781965796316
2023-09-05,1635.1747,1647.7832,1616.4428,1636.3713,7085166693.783972,196316359076.10104,0.0011357498178818,0.0011351053419869,0.2330693176373777,0.2095064412860008,0.0135709130095348,0.3116884345410291,0.0040094415799904,0.0012729552228996,0.0039835326412538,-0.05793907138320116,0.014148549971852702,-0.025781774854747058,-0.056006531378184066,-0.05594054125481369,-0.37638656901814027,-0.009367314165265123,0.0011483082734242422,-0.0029661958187679333,-0.12777435382254457,-0.025702728101566402,-0.04275938654330158
2023-09-06,1637.5757,1653.347,1619.8781,1637.6927,6920000515.331011,196548022399.39023,0.0008075184403442,0.000807192572746,-0.0233115444690759,-0.0235875564706566,0.0144608443821664,0.0635158563139155,0.0005439272232798,0.0022427011747538,-0.000980167164707,0.021337992044873348,-0.0028986772267839273,0.003348189305712769,-0.042902098151568535,-0.12222984083130504,0.05991360672180601,0.029116734016597166,-0.0028948187415345494,0.012956067898771864,-0.11047258847878874,-0.01567635392167807,0.11525354910066188
2023-09-07,1635.3123,1660.3724,1627.419,1649.0146,8509687335.351916,197016266197.3345,0.0069133238488514,0.0068895363961786,0.2297235117972913,0.2067893569592327,0.0131923279568608,-0.0918091641345748,-0.0015242957003172,0.0006680707148603,-0.0029152235541276,-0.014805493557386825,-0.00771802215752063,-0.013144614301839792,0.00018873657536741685,0.008342753141149843,-0.6018955220058011,-0.026744377242459115,0.010914452419004905,-0.004623983812738042,-0.11857833252096141,-0.012394082246123104,-0.05905133313635291
2023-09-08,1649.4873,1657.6135,1623.9175,1639.2648,8497907658.993031,197260690378.3554,-0.0059125007140627,-0.0059300487491106,-0.0013842666474888,-0.001385225629658,0.0139987466014821,0.0593323519099238,0.0012325636378337,-0.002820964095385,0.0041361252431165,0.008637969760602727,-0.01447795064283425,-0.00761021413937946,0.004278370125372874,-0.043026656753151274,-0.19586044152294368,-0.005574818797603069,-0.006707596112066144,-0.00821266301279569,-0.12464900348022727,-0.006993558426182938,-0.07165314674193235
2023-09-09,1640.9434,1644.1057,1635.6614,1641.2521,5407497690.770035,197145683353.9373,0.0012123117631757,0.0012115775066421,-0.3636671628165464,-0.4520335236260285,0.003639256085436,-1.3471885085129198,-0.0104131295575288,-0.0055673204291206,-0.0088057909309476,-0.0014121629329801027,0.0015053118065007035,-0.00013596667704242685,0.0051441080220681265,-0.04809935912259824,0.002383872114863017,-0.007061227457171051,0.0008213227990234856,-0.0011621034807473285,-0.12123966169666245,-0.00912748182416255,-0.028150598210162414
2023-09-10,1643.0558,1643.0558,1610.5101,1621.118,5024416047.114983,195872627056.5192,-0.0122675242883162,-0.0123433914712218,-0.0708426828011277,-0.0734772141399886,0.0114166867142465,1.1432967434021215,0.0076730845775253,-0.0018287988071574,0.0081438531057924,0.0031672159052794618,-0.0016031204228465958,0.0015243630802518615,-0.012241269098918057,4.4464583745714906e-05,0.0776423594002198,0.005686469369753089,-0.01585149779985809,-0.013389625405908462,-0.13173241243687728,-0.006792685518441981,-0.09772651142784872
2023-09-11,1620.6674,1623.695,1541.2379,1551.5974,9521545151.292685,190817888895.7909,-0.0428843551178876,-0.0438310537827346,0.89505507943753,0.6392479037782341,0.0250083747352065,0.7841347261490537,0.0090676653858073,0.0092070498517982,0.0068871548254765,0.015263872016510902,0.00888246909130704,0.017648292796517532,-0.05206108218551351,0.07696760478915007,0.7140355993904604,0.005337487282820311,-0.016979658633810714,-0.012123191323760489,-0.1744840336370306,0.013009370951792408,0.03778563572150606
2023-09-12,1552.332,1617.3093,1552.332,1596.9765,12621213624.379791,191395675134.05228,0.0292466976291658,0.0288271731411517,0.3255425903920943,0.2818218777977624,0.0230254001612427,-0.0826127967654626,0.0022486331888361,0.0135698932901965,-0.0183477993928279,-0.008990172022519925,0.0265027857252027,0.014038002995221878,-0.024369014386348562,0.10311769758186048,0.19596620177969726,0.003716331030560318,0.044530272253224305,0.04106820286735507,-0.14175922720643827,0.025281939461600608,0.26062329017020547
2023-09-13,1595.4309,1618.222,1585.849,1611.168,9217529030.069689,192708115707.28223,0.008886480170497,0.0088472277779291,-0.2696796596276105,-0.314272018666173,0.012921548019211,-0.5777016545090401,-0.0102317641867016,-0.0149051328223879,0.0097681173883435,-0.0018100008900975573,0.004862991861913635,0.0036702018014081045,-0.016328979181165503,0.03985761530916683,0.03030684876099654,-0.019690116561063436,0.009722460637577715,0.004701433138564387,-0.13466137007150894,0.0016351425340102477,0.004013575717677131
2023-09-14,1612.4977,1643.0933,1612.2524,1631.1887,9024533970.49826,195843009723.26828,0.0124262026058115,0.0123496310269727,-0.0209378304035533,-0.0211601353050003,0.0113231794499013,-0.1320444034345032,-0.0007784589496525,0.0038191793449517,-0.0084352781803649,-0.012502487565990601,0.010776554299419448,0.0071272247322297505,-0.010868884550371419,0.008717814639927749,-0.016084482140618306,-0.0005251302628139273,0.00963319524583059,0.009512880116902767,-0.11485705206949784,0.002725417867608366,0.03355123932658133
2023-09-15,1629.7877,1656.1264,1618.8301,1646.386,7728872024.602787,196203348879.6585,0.0093167025985405,0.0092735698214194,-0.1435710641824906,-0.1549839351009362,0.0148239109918139,0.2693895811641296,0.0026704756553411,-0.0019664173896124,0.009337929865655,-0.0015159594727826072,0.0022690722705635963,0.0020568875304635414,0.00433473402015879,-0.013050142758237645,-0.004071091896197032,-0.0014363224101930309,0.004308390229107825,0.004152113332225663,-0.09487856299116723,-0.003296724169073046,-0.010748511453316123
2023-09-16,1646.6902,1655.0174,1637.0464,1643.6264,6112378166.641115,197574442821.32056,-0.0016761561383538,-0.0016775624597497,-0.2091500354535562,-0.2346470074023251,0.0076328434608316,-0.6637810402393045,-0.006795252647408,-0.0038222254189311,-0.0058167403742956,0.0003772530064190104,-0.0001744709921356058,-0.0001291806615677238,0.0014455940537666729,0.01196794997292686,0.0008110747291549814,0.032977512558902036,-0.025269516024680194,-0.015088628592951042,-0.02834674460389804,-0.02138182263199573,-0.1367701450695149
2023-09-17,1642.9641,1644.1342,1623.0975,1631.6033,4528216761.979095,196648020935.885,-0.0073149835023337,-0.007341869186615,-0.259172675752906,-0.2999877115476,0.0080197703967032,0.0494493482327627,0.0006667294754266,-0.003568497641363,0.0031201287089866,0.010220845769871475,-0.010636128901827038,-0.008165887183671838,0.006447116338373562,-0.008409866504277393,-0.0033824482683164625,0.010273651317632887,-0.009085504209467618,-0.0020871266820850914,-0.025046663661586015,-0.0733774521250651,0.005695010156730351
2023-09-18,1632.1718,1672.3274,1617.5644,1640.0148,7391125677.269231,197752760369.08392,0.0051553585359871,0.0051421151718626,0.6322376038462605,0.4899518365367049,0.0233536522012093,1.0688435904420297,0.0161479567154699,0.0194425545769732,0.0031575518022611,0.020146125918393515,-0.05350912193677493,-0.018330608523927226,0.05542028529297094,-0.03693353540540243,-0.23458767875776232,-0.0036197272466830244,0.0041133324808877575,0.0012515504077622724,-0.021637788525937684,-0.015710339212723284,0.0033618243780697554
2023-09-19,1642.774,1664.6334,1633.4532,1647.9698,8252840057.780488,197986188998.0244,0.0048505659826973,0.0048388398910209,0.1165877050584305,0.1102773427806892,0.0132255745994999,-0.5686009582928104,-0.0109165377576368,-0.0102442621372304,-0.0040363737532882,-0.01183465230961707,0.015213982845742336,-0.007748538809003766,0.031431952042840064,-0.08028554864347023,-0.23474131236018092,-0.005550141018194045,0.005263285307107096,0.0016192107273161893,-0.024675891211163134,-0.0028725033120836096,-0.0010505413982038192
2023-09-20,1649.0155,1654.2898,1619.3917,1628.597,7723343046.452962,196782047612.3101,-0.0117555552292282,-0.0118251981004011,-0.064159369092381,-0.0663100831258058,0.0129355560826281,-0.022172619524432,-0.0011813013584455,-0.0044621250252047,0.0030414568021803,0.004789774985099832,-0.013975213921731153,0.0007283466009223791,0.01075952616450995,-0.029010621532803812,-0.23220850671916526,0.008845067771800726,-0.009851359886857744,-0.0034452699589351127,-0.02867653550511085,-0.00648176853853821,-0.007290443006408243
2023-09-21,1625.3928,1630.5984,1577.9087,1588.2615,9208779426.114985,193152236309.7317,-0.0247670233949834,-0.0250788861642616,0.1923307524640158,0.1759100070529052,0.0182524792061502,0.3443211124610794,0.0043149470911865,0.0021015807012121,0.0037878375001416,0.005384548102597121,0.013306128355935833,0.00815435869236595,-0.02666899102672445,0.0036230721968108013,0.4094951604050401,0.024187126697364024,-0.02509610424240115,0.0017246827267713705,-0.030797928707535872,-0.00289815049733383,-0.00412449612559751
2023-09-22,1590.0814,1606.8503,1585.8896,1602.0907,8052437039.996515,192313187657.2021,0.0087071304064223,0.0086694419606,-0.1255695605911921,-0.1341825309590176,0.0080208532512121,-0.822256111069664,-0.0090612409656705,-0.0035930372251757,-0.0087448840362199,-0.010708469505252019,0.010929134159232835,-0.0030304806984904342,-0.02727311888754381,0.0063311084266958004,-0.011988841909246872,-0.019975208092253255,0.014798412193119975,-0.006803315684871844,-0.04685258251332829,-0.02799978772709064,-0.035405581312257794
2023-09-23,1602.2129,1606.6629,1597.3995,1605.5225,4854830308.170732,192603860748.4216,0.0021420759760979,0.0021397850023974,-0.397098010942929,-0.506000634342989,0.0038823479544041,-0.7256046931471056,-0.0034615375384873,-0.004175223033991,-0.0012731995519698,0.0011268497467316167,0.001000922836309183,0.0015051013891684561,-0.023455771425396607,-0.02483420004834454,0.029843878683939895,0.005938678327729319,-0.001750210942636124,0.003052179895922505,-0.03566547223120908,-0.03195605331508426,0.027112736492686196
2023-09-24,1605.2201,1610.578,1587.167,1587.9419,3941636101.829269,192683463084.7282,-0.0109500801141061,-0.0110104735211232,-0.1881001288149139,-0.2083782577723446,0.0078713866224434,0.7067941243194866,0.0031075736795094,0.0054643897212426,-0.0015569460668612,0.008601476969964116,-0.011835655532529516,0.0006526537163931215,-0.02712437575990494,-0.011798224735971474,-0.02995682335007821,0.007027958178599053,-0.009538426856484719,-0.0003585528894005374,-0.04328274470796761,-0.020675405017253685,-0.0144831253498241
2023-09-25,1586.3609,1601.0308,1570.4494,1593.1277,7232337329.383275,190765459789.87805,0.0032657366116479,0.0032604156752104,0.8348566794450734,0.6069663746116228,0.0133780827818593,0.5303835167698221,0.0065285438862121,-0.0001185883421175,0.0096725711409603,-0.011383570598084775,0.010768029045142588,-0.003363492179645926,-0.029006075256557077,-0.003217885546056602,-0.02375150791524172,0.0006279864709711619,0.0015308810578496188,0.0013823750039367588,-0.03787895318830282,0.001514360705437613,0.013306766448455853
2023-09-26,1592.4173,1602.038,1588.1975,1598.2727,6398563771.850174,191753815289.0836,0.0032294962921051,0.0032242926693317,-0.1152841079668223,-0.1224887114652805,0.0056956100146317,-0.8539220493536401,-0.0082235039387812,-0.0029843601968405,-0.0079258580903395,-0.013602604796110664,0.0038723765302784187,-0.003911393953062978,-0.030620622478246137,-0.038364492698406416,-0.15605249797675125,-0.004731171894503644,0.004168812875005139,-0.0012952690363139119,-0.03963284726904298,0.008280644272249319,-0.0043268294713469935
2023-09-27,1599.4542,1635.9912,1591.6847,1603.02,7789593963.815331,192929822075.4216,0.0029702690911257,0.0029658665575407,0.2173972537532331,0.1967151812456972,0.019364813861351,1.223761995569964,0.016671611455333,0.0176792951121371,0.0017820466693333,0.0010148474923932557,-0.002711032689159433,-0.0021495600970361274,-0.015829557820304426,0.0013963716902158493,-0.12354565104177828,0.0011342394238818138,0.0008307039064789079,0.0014044196681710919,-0.03394029446340808,0.0051448336128331745,0.012446373330251337
2023-09-28,1601.2221,1668.0121,1601.1646,1656.237,10639649039.738676,196361557923.9233,0.033197963843246,0.0326588115090408,0.3658797992761347,0.3117987626034392,0.019890613881821,0.026790255428438,-0.0051846371288133,-0.0044291754686014,-0.0047763662236926,0.006907928553236435,-0.0008635236907416355,0.0026664230996462576,0.041908139852998,0.02969220722303925,0.21650512854129378,-0.06605623063070525,0.03855635260967674,0.006929058553050829,-0.04393953813335724,0.0009540254036244103,-0.08905092963608263
2023-09-29,1654.6033,1687.3823,1653.0075,1670.2721,11430588885.662022,200444915556.65503,0.0084740891551147,0.0084383856230886,0.0743389037522963,0.0717054991523351,0.0133226659071615,-0.4007811679652184,-0.0025605383650582,-0.0028750756934537,0.0020643556433396,0.004564137872593764,0.009422737550957704,0.01035575628750781,0.041677083515486595,0.0667891868397338,0.24324276586768434,0.0167084251913347,-0.000864909539258718,0.000658594448542632,-0.023203911856399025,-0.009307029945244181,-0.0013206566597991909
2023-09-30,1668.9176,1676.0731,1657.6092,1660.7197,7439758425.686411,200469753621.9164,-0.0057190681685934,-0.0057354846602301,-0.3491360331383727,-0.4294546188828057,0.0072101602947391,-0.6139756049367966,-0.007270731761905,-0.0078651353375933,0.0004038409390864,0.005221414653203353,-0.0001432902077495926,0.0029588294503493442,0.03380181385285901,0.04825393633476085,0.05502573162427504,0.0021603614148039928,-0.01947996960035088,-0.018551661037650727,0.007261901814128039,-0.0027840880741832217,-0.19505806420606708
2023-10-01,1660.7374,1713.0671,1652.2946,1704.772,6732382863.487804,200155271783.07663,0.026526029648471,0.0261803148255614,-0.0950804477409281,-0.0999092317647984,0.0196923241990215,1.0047377419194663,0.0103859975714318,0.0059967949867714,0.0090534546285441,-0.0088835854397218,-0.006221262861215344,-0.010287296399532866,0.07099260219954365,0.04960801561879968,-0.09148797036229972,-0.0034100839599399326,0.004082207222688511,0.003197512183153728,0.043461898938805504,-0.017310097145933345,0.0829772584772952
2023-10-02,1702.9945,1719.1152,1643.2612,1659.3201,12217901429.79094,203395689239.07663,-0.0266615711661148,-0.0270234372983158,0.8147959908895148,0.5959730596855022,0.0275223931186838,0.3347710432896669,0.0084864875791887,0.005991608124783,0.0060107205008171,0.0327468729983931,-0.017981730337108932,0.01851897376693913,0.04070874922601724,0.08292521520458584,0.1675394318028296,0.027078459677663216,-0.009963686650649922,0.0010697898746214879,0.016092622030542653,0.01966990973466955,0.09794325605351384
2023-10-03,1654.7809,1663.2077,1644.132,1661.9006,10991529791.797909,199103924107.78745,0.0015551550300632,0.0015539470287368,-0.1003749821555087,-0.1057772493186916,0.0077080247729016,-1.2727380040711291,-0.0175248908430019,-0.0162647200661952,-0.0103038315263253,-0.0026430569266195567,0.003716944205711054,-0.0016647874235051902,0.03903840358542238,0.07075043976459182,-0.017143783264822243,-0.002761681318798302,0.003128857902533505,0.001221818859374113,0.012604583409515235,0.025592038172179504,0.0026429832926329055
2023-10-04,1661.9509,1661.9509,1635.2103,1654.226,7470708030.031359,198141711567.01047,-0.00461796571949,-0.0046286614642748,-0.3203213591245374,-0.3861351794642402,0.0110982585095945,0.3645262405143068,0.0051276890116066,-0.0019983699113679,0.0053640260348467,0.00286569924408063,-0.013416529340820596,0.0007939128650303259,0.031443875563606866,-0.004753685304872069,-0.06270143948372597,0.004112305473112421,-0.003930383573879884,-0.0011426458786139848,0.011987162641379698,0.007274240548768664,0.001048280414283731
2023-10-05,1651.6581,1660.0277,1615.7685,1615.7685,7397553347.501742,196946832130.1533,-0.0232480326146489,-0.0235225308331155,-0.0097922020557547,-0.0098404609653975,0.0133677755861069,0.1860587987753499,-0.0020072433791348,0.0116873164420039,-0.0136945598211388,-0.0035859166701756318,-0.001082016948253749,-0.0035971119353337827,-0.024737466778549554,-0.049658328841893605,-0.10835673831524639,0.011000360176654157,-0.011187114746273624,-0.0015230483548595852,-0.012670473533722693,0.0013118702705735086,-0.001489998094588607
2023-10-06,1620.1927,1662.4326,1617.0067,1651.9306,7777266053.268292,197087605995.00696,0.0223807432809837,0.0221339696446867,0.0513294988125749,0.050055552573037,0.0154405467244054,0.1441499498240412,0.0026361552392372,0.0010838172294558,0.0064853670481341,-0.014325479534821835,0.02676483850569055,-0.00513367075405733,-0.011041882756951553,-0.059081054607781625,0.0495373660447358,-0.010253017044225002,0.010594602856722604,0.0014580468297590299,0.008656303538217901,0.0035912767808054073,0.002532522648918345
2023-10-07,1649.9352,1654.108,1640.0508,1644.3284,6069228885.759582,198044873374.446,-0.0046020093095919,-0.0046126311548501,-0.2196192281207778,-0.2479733093383329,0.0056519290264738,-1.0050000460790365,-0.0087890430412742,-0.0089009804221211,-0.0025291296693207,0.0048284894813894474,-0.004833611603511569,0.0013546294283614743,-0.009919029251571497,-0.023096529811302106,0.000622387469818797,-0.0017522554801290835,0.0021895773523195744,0.0008414394783891055,-0.0028458640128108353,-0.01025772045163774,0.0030034231191073957
2023-10-08,1644.2918,1653.6621,1627.1333,1640.3531,4358015596.080139,197439530682.8188,-0.0024175827650972,-0.0024205098368875,-0.2819490452394232,-0.3312147448188809,0.0113381445368291,0.6961757563188771,0.0059024327754502,0.0029062014757899,0.0052569496742473,-0.018179361581050893,0.0062461305699452775,-0.009763445047974904,-0.0385198539140204,-0.041321218700374834,-0.15583855639040722,0.0038350974182780953,-0.003788610624414851,-0.0009194343084539813,0.0006636748994122808,-0.017645084670576305,0.00031364051081661515
2023-10-09,1644.4441,1646.0636,1558.5756,1587.5407,6912591505.707317,193596451865.03485,-0.0321957510245812,-0.0327254342880444,0.5861786983793535,0.4613277892359378,0.0318164957039332,1.0318122242975425,0.0205500933706934,-0.0008069334593309,0.0222118234678623,-0.005641444477144368,0.005032821069235891,0.0014439689527075555,-0.04422185090374895,-0.09900592168862701,0.023645128285157302,0.013308061053008871,-0.01898997600718711,-0.0038953290641585286,-0.0332733368952743,0.006451102211705635,-0.03979325160699698
2023-10-10,1584.5508,1599.682,1560.8167,1571.6147,9096915923.85366,190337872945.5366,-0.0100318687892536,-0.0100825270678488,0.3159921161756593,0.2745908421372016,0.0166287413153421,-0.6488522853706473,-0.0154860702753454,0.0070009814488548,-0.0212246260645732,-0.011343999688605621,-0.010079453098935754,-0.013118165356057889,-0.05585832500033465,-0.03787439561478704,-0.2517222838559485,0.012707218469898598,-0.012197494812243158,0.005049442757465578,-0.031012472491901304,0.017249648423398677,0.008234997914979836
2023-10-11,1574.8773,1584.1244,1555.0118,1570.2359,8088662982.306621,188676459457.5993,-0.000877314267931,-0.0008776993333254,-0.1108345894352205,-0.1174719971484988,0.0129869869761252,-0.2471847484601177,-0.0032634144964741,-0.0057902796346481,0.0009206067285779,0.015226294022787676,0.0011067046483868165,0.007478777218677964,-0.05210736286938532,0.012511587136561237,0.17633880940396018,0.02341358242220569,-0.03131776754448591,0.01695763994181869,0.011940881957507869,-0.006035304795006273,-0.041261561667242486
2023-10-12,1570.2708,1572.9896,1537.593,1553.1663,8505498927.700349,187208841438.98605,-0.0108707233097904,-0.0109302413515649,0.0515333555502963,0.0502494375312853,0.014583067142467,0.1159132165928573,0.0020552215423454,-0.0024961534449762,0.0034367161725015,0.022568877051695812,-0.0012739865807590255,0.01675991284752543,-0.039515073387834644,0.022047715510894173,0.3197038185960537,-0.009085697949600041,0.019290284883012706,-0.006974212061473237,-0.027816532535208743,-0.017540766259538414,0.07139382701243813
2023-10-13,1549.3135,1576.0924,1549.273,1563.339,9331673980.052263,187358391191.6202,0.0065496527963553,0.006528297018381,0.0971342256785503,0.0927015308532494,0.0107660630838045,-0.3034621912196353,-0.0034830879217601,0.0071156266587641,-0.0140716360494858,-0.029890413661403013,0.011256410304962883,-0.011475717811904963,-0.055120746014140326,0.030135000295167795,-0.21130037426959758,-0.00907713156572458,0.008814333221315668,-0.006278867534313781,-0.030135463294756935,0.0004906456488548747,-0.007779761877445779
2023-10-14,1564.6367,1572.8479,1556.3139,1568.5791,7685883448.5818815,188118288752.9896,0.0033518641830083,0.0033462592075099,-0.176366055542498,-0.1940290899406745,0.0073070294707269,-0.3875620536419593,-0.0043200297010688,-0.0080279361127662,0.0059845003197281,0.005385531533134976,0.0023671524166381727,0.004238755750681285,-0.047161855651780264,0.030407208929833084,0.07351906865840174,-0.008056290557166751,0.005981072219873321,-0.005100956100215631,-0.039138835114219665,-0.0057693131361594725,-0.01700058771959645
2023-10-15,1568.7209,1580.5221,1566.3711,1572.1513,5386722153.636043,189007712422.88693,0.0022773476963962,0.0022747584704311,-0.2991407962828341,-0.3554482627381858,0.0062128958989897,-0.1622097104315001,-0.0007575298125365,0.0025369764433012,-0.0041207797234949,-0.010600405820987034,0.0020560365988420773,-0.001257925668763267,-0.042466587344461695,0.01887812863925754,-0.07423583741363915,-0.007907747638596307,0.004947922246909181,-0.004511838019428768,-0.046137646465208196,-0.010174956574206882,-0.023775132238593955
2023-10-16,1573.5168,1618.3088,1568.4368,1604.0734,10070279751.052263,190831241044.1952,0.0203047251241021,0.0201013328009169,0.8694633700857979,0.6256514218147802,0.0186284201967205,1.0980612665422291,0.0111745569890036,0.0094392626026314,0.0061737069818466,0.006922785147795027,-0.00295908751471613,-0.0010190910958176938,0.0103601797444996,0.05581705304499914,-0.10482752907555515,-0.006000575268999227,0.013934906851723973,0.00381531875290865,-0.02435875120454141,0.017134372988972347,0.053304839489393796
2023-10-17,1603.3676,1603.6209,1559.7563,1572.3634,10672499553.04878,190632098109.0871,-0.0197684220684665,-0.0199664312211459,0.0598016953733178,0.0580818107858676,0.0154050995612744,-0.1899897871828693,-0.0029030108565784,-0.0139845276042522,0.0063761065121419,0.014344093035184862,-0.01253733896785704,-0.0018825683723749306,0.00047627559120247924,0.026727494051608555,0.022255629551916734,0.012031127650543351,-0.016433059039926895,0.0001417489410345807,-0.03698331323907229,0.026031199893122293,-0.027089992332013146
2023-10-18,1573.6612,1592.1094,1567.596,1574.0198,8605144306.139372,189846227609.52264,0.0010534460417992,0.0010528915568968,-0.1937086281084765,-0.2153100982146891,0.0109709564879721,-0.3394471332146889,-0.0027981055925619,0.0097770655301255,-0.0109256695488193,0.0009250155055400069,-0.0009564237851794888,0.0001275203193947319,0.0024068664814248858,0.008608152482709207,-0.000463110182420845,-0.004763037399724335,0.002825608788774414,-0.0027088453497534776,-0.041072536854038146,0.0050641652320773745,-0.014966332655109937
2023-10-19,1570.2284,1581.0549,1552.0919,1572.3438,7175644671.526133,188189532304.1812,-0.0010647896551236,-0.0010653569463614,-0.1661215179846964,-0.1816675922570192,0.0130466436186401,0.1732794449821968,0.00152653473525,-0.0053790460652036,0.0082982121520418,0.00651537794969154,-0.02156857799847323,-0.0010121691106172656,0.012271750886628357,-0.022316622247388264,-0.2055571462591188,-0.002334421136870768,0.000180717821624099,-0.0018736359020826293,-0.046976733691420504,-0.00449213588775529,-0.01559914167036025
2023-10-20,1575.2943,1633.9106,1567.953,1611.9152,9802329069.4669,193058141878.34143,0.0251671421987988,0.024855664856432,0.3660555278557456,0.3119274102900137,0.0253954510101385,0.6660391571814719,0.0112544580065575,0.0160907229134416,-0.0009069610037573,-0.011200621718960455,0.01682679651666315,-0.005577677304045656,0.03059911872467923,0.00795524527400694,0.06030845538896834,-0.0008736673904188585,0.011657292569645455,0.006280371584332076,-0.010295870734587405,0.008651785119399076,0.07362701202070143
2023-10-21,1610.9302,1649.52,1598.5352,1639.2142,7867104282.909408,195074994635.17422,0.0169357544367099,0.0167939434256908,-0.197424996941338,-0.2199299665899019,0.0193868415228993,-0.2699754999729418,-0.0064806807336712,-0.0100716230714258,0.0025667960298226,-0.006489665556536028,0.00667649636774631,8.648144848625444e-05,0.04404680294286022,0.0030462880382948945,0.06227137160962437,0.0008583027160434659,-0.004849893459387515,-0.002374506384429223,0.03157695885536487,-0.005574862697190916,-0.027431355019067016
2023-10-22,1634.7364,1671.7854,1630.4544,1670.1238,7991259163.439024,197536830506.9304,0.0188563520252571,0.0186807747502149,0.0157815221541339,0.0156582887825975,0.0116687901771613,-0.5076767924794465,-0.0092680970379125,-0.0074597782295905,-0.0059915821507501,-0.009980327014425198,0.007574056575301462,0.002689013940297535,0.060452819222643964,0.042786614599677,0.11314621403360858,-0.01581455567293931,0.01199216084466398,-0.00280634066423828,0.041588291644979715,-0.0002549456984158596,-0.026949378685049652
2023-10-23,1670.5582,1785.6989,1666.0905,1768.0496,12953552162.418118,203861524120.36584,0.0586338569631783,0.0569792627030103,0.6209650941721654,0.4830217090066775,0.0340674417351176,1.0714243689189646,0.0194172949416809,0.0210095345836664,0.0046716207177724,0.024946452072326965,0.03337188218046028,0.04019338850134778,0.09733074912473755,0.04532377709754303,0.7432040857496394,-0.012591056688597155,0.019191154345599606,0.010325992240392406,0.09642776934559277,0.03319682843891122,0.1550900224155134
2023-10-24,1767.8561,1854.0797,1762.3191,1784.0301,26270889659.1568,217149758915.2544,0.0090384907753717,0.0089978880922132,1.0280838282626452,0.7070914203098806,0.03544204614764,0.0395567192503669,0.0146169255337346,0.0170955538330675,-0.0064144552630546,0.0467627930537106,-0.02122889178174174,0.017933100504197122,0.1262950684380968,0.21489051936083384,0.2301087241713078,0.0449664735744907,-0.009402311021404416,0.019106867665948685,0.11643613095892928,0.08620111244606316,0.23732816352605868
2023-10-25,1786.6093,1816.0285,1764.5308,1787.9198,16386723290.79094,215350717581.4704,0.0021802883258528,0.0021779149464025,-0.3762402604786056,-0.4719900175751557,0.0203363443246797,-0.555489213529297,-0.0228143429521121,-0.0268642365714475,0.0065985627826462,-0.001767422711736813,-0.0033045738651927906,-0.003120064125615357,0.12742009182760233,0.09209295930741226,-0.022626373378618947,-0.0031484945437794537,0.004564280771483645,0.000794845717134382,0.11535363023012131,0.03329914794149251,0.005997573059976169
2023-10-26,1788.9379,1866.7038,1767.6968,1808.1167,15196619687.578947,217467024910.7579,0.0112963120605298,0.011232985187933,-0.0726260877231514,-0.0753984373785415,0.0379607724162131,0.6241436756124341,0.0198781019241298,0.0208748102243171,0.0036370233703655,-0.004133673414390179,-0.0147360158737639,-0.009678970835603914,0.1397184339618969,0.08680711338873569,-0.08316772446599296,-0.004156529464144645,0.007259473176986747,0.002411608591272138,0.12336232274872254,0.030990809349993462,0.026237697016174177
2023-10-27,1808.906,1808.906,1757.205,1784.0364,13240044858.094076,214882632589.19165,-0.0133178903773191,-0.0134073688100173,-0.1287506609831191,-0.1378270755683731,0.018611864065333,-0.7127540913439709,-0.0193730712287847,-0.0368363747696571,0.004529455365574,0.00813043650327315,0.003319604555249031,0.008772018451698296,0.10145540029544747,0.035015381730278336,0.00840193671495415,0.01316526841216667,-0.002313649887096439,0.00752095612408539,0.10698908738116442,0.018728083796000963,0.047423843720340475
2023-10-28,1783.8743,1802.3462,1779.0097,1782.9946,8579366820.696864,215256147951.5296,-0.0005839566950539,-0.0005841272641713,-0.3520137648588091,-0.4338858249215416,0.0092101970264741,-0.7034879876457003,-0.0101313547862267,0.010545435806993,-0.0184908015120768,-0.003674875121281132,-0.013805183215545235,-0.007220663856698811,0.08407732960558546,0.007104019757395092,-0.12402555300062712,-0.008969905860400224,0.02657274156653075,0.014123967352642208,0.07374614860795226,-0.007038086935677707,0.07632998314972994
2023-10-29,1781.7403,1815.2213,1774.2012,1799.8852,5395363593.749129,215802762029.3693,0.0094731638559084,0.0094285748175124,-0.3711233350305812,-0.4638201226378145,0.0148850614344187,0.4800468790229422,0.0039639591908555,0.0020225533521926,0.0053348545458478,-0.014411523024027054,-0.0009333810676535239,-0.014294909440053932,0.07482512967288285,-0.026138039528541945,-0.1847004015955407,-0.010494384538544052,0.009403077875315136,0.002310719321970439,0.07473633780237605,-0.02090655563212178,-0.0014219309573206829
2023-10-30,1800.7909,1832.1438,1785.4326,1813.0075,8786102938.372822,217324923602.82925,0.0072906316469516,0.0072641834635562,0.6284542803662165,0.4876312706493628,0.0177716928993883,0.1772487831694036,0.0028826374877105,0.0008942918062073,0.0036507979410131,-0.023764237679418203,-0.00063749045315902,-0.023065973192051843,0.025110050433428673,-0.04344543782047547,-0.5019449870778181,-0.005479271089790079,-0.0009468095932970294,-0.0034378051040653,0.0877360059261626,0.004701879731610721,-0.02367998049472453
2023-10-31,1812.6568,1821.527,1791.2164,1818.9075,9569735199.024391,217288595938.7909,0.0032542612206514,0.0032489775724164,0.0891899703597938,0.0854342735119365,0.0116709101081694,-0.420507474651643,-0.0039096301828474,-0.0108117900682224,0.0020532320473508,-0.0061224232712096885,0.010186714889111244,-0.0007983091304425496,0.01936113991363174,-0.19594935991722048,0.03706753649562211,-0.009622203517802963,0.018351216517666552,0.012898854020250927,0.06480466867301767,0.009837168604819643,0.03938413405391872
2023-11-01,1815.4356,1859.0325,1790.8803,1848.0509,10899701382.05575,218512805283.3101,0.0160224750296538,0.0158954700038013,0.1389762783788359,0.1301298575395059,0.0239790166009849,0.720079709377925,0.0100757929918133,0.0092068694146417,0.007176018411429,-0.013054821265538828,0.006104443309509058,-0.004892586453034857,0.03307869497103072,-0.07377338288425538,-0.09130605842595862,-0.014005110398358167,-0.014794416170230057,-0.01849039785696327,0.10772357597513468,-0.004558198466238941,-0.09760612162463289
2023-11-02,1849.6457,1873.3653,1795.9264,1802.7052,16059571805.254354,219981071456.9094,-0.0245370406193897,-0.0248430905464857,0.4733955768451907,0.3875696532566342,0.0252153866675754,0.0502752506094159,0.0006703801865518,0.0102767163630512,-0.0101492474896905,0.01601881450874361,-0.002809297175145428,0.009227073392198228,-0.0029973807633882255,0.011969229468347112,0.18259154822063328,0.03306434029051299,-0.004998775551563639,0.008969185086792175,0.08132653839991195,0.017412285291332336,0.0923010194434597
2023-11-03,1802.3235,1841.2692,1781.8959,1841.2692,11616516962.0,217376211768.6237,0.0213922942031785,0.0211666908551687,-0.2766608535478312,-0.3238770845782159,0.0189900335972639,-0.2835400962038048,-0.005185156327491,-0.0221340766748635,0.0087917746164924,-0.007606576523469428,-0.013022928907814087,-0.013321997054171433,0.03157667890179803,-0.02263859083983597,-0.31371223080240274,-0.021197156542893017,0.002342125757936825,-0.007510711626782449,0.10712189071935571,0.014021709781897073,-0.06307211487978215
2023-11-04,1835.5706,1874.3832,1832.2783,1866.3204,9154967110.376308,221950840484.0941,0.0136053978418799,0.0135136754268316,-0.2119008528697478,-0.2381313758078006,0.0123072387500336,-0.4337266884973498,-0.0082274808419844,0.0094974423653401,-0.0135805352338214,-0.014302190965513207,0.00044665180914666737,-0.011555167176783634,0.04567448159280101,0.008084981049581969,-0.2383030409780864,-0.021590386759150718,-0.01288000739568311,-0.019016899506896792,0.14415809697930276,0.00588499312285013,-0.11440444127501959
2023-11-05,1868.2766,1915.4054,1857.5971,1898.5158,9634724737.811846,227145697224.0836,0.0172507357257627,0.017103631149106,0.0524040798455491,0.0510771468826332,0.0192351001133976,0.4465491354088553,0.0074873995075749,0.0053568629613021,0.0054274475206115,0.008595123091617567,0.011208510319335742,0.01404727199014081,0.053349537924394695,0.05761466456231668,0.4075706380957729,0.011286153482383474,0.021248967808603983,0.023479105465278843,0.13912775848372227,0.006182592051349703,0.16478284526393105
2023-11-06,1896.2604,1917.0975,1878.7148,1903.7499,12539063130.69338,228216182030.54355,0.0027569430815377,0.0027531496844807,0.3014448748580587,0.2634750894713925,0.0140893880321313,-0.311314848754876,-0.0044678957177504,-0.0061161524286836,-8.314866138317036e-05,-0.0035937645595280794,0.007788633845568979,0.004173178768496884,0.04883850414531904,0.04837369080318725,0.06549314596707045,-0.0036020733160299495,-0.0022252030540605705,-0.003129565078640331,0.1464935393230532,0.02124134814820538,-0.015057280850441668
2023-11-07,1901.8883,1911.435,1860.5789,1893.7437,11806166638.66899,227331602199.2927,-0.0052560475512041,-0.0052699091619923,-0.0584490630907178,-0.0602268304797883,0.0188807828386234,0.2927227315804219,0.0067243552871806,-0.0019147787914308,0.0086042387490502,0.0060588054246241176,4.537868763544034e-05,0.0034295876566244055,0.04031961741091047,0.027751652828722207,0.06435757677213694,0.010613547009772205,-0.0014043674401849615,0.0018932704716870669,0.14364413999794842,0.02390734266189701,0.018240868707490865
2023-11-08,1891.9098,1910.6187,1879.5865,1897.7761,10796369951.13589,227752261253.8432,0.0021293272157156,0.0021270634115368,-0.0855312921152317,-0.0894120294679104,0.0114180928566623,-0.5029454337783981,-0.0094743823663067,0.0013232176841065,-0.011763893605039,-0.006794411536940135,0.01479512358792874,0.009633038558684012,0.02655121081864589,-0.0012654010756262932,0.09884856030790079,0.000567176576713381,-0.0387390495440596,-0.03511416453385394,0.1784966376975297,0.012243199266824302,-0.1733037632596348
2023-11-09,1895.4462,2129.0593,1891.6564,2129.0593,17992766491.766552,236198583219.9896,0.1218706463844707,0.1149975120268951,0.666557053268958,0.5107598535645532,0.042078619734934,1.3043405769260938,0.0040113318560797,-0.0081465917906343,0.0074492189553755,-0.019047941607432693,-0.0034436655614375686,-0.0070508589898818155,0.1663918133920268,0.023412739070917888,0.37483020311773396,-0.04392952590696306,0.00873533606548546,-0.0025857679302030145,0.30357667679227346,0.027490892422444204,0.2084913010169811
2023-11-10,2121.2387,2132.1021,2069.1237,2081.4278,33261575272.72822,252650523170.4181,-0.0223720870527185,-0.0226261384486068,0.8486081775111483,0.6144330194626596,0.0176304883902126,-0.8699100686653121,0.0010599327714119,0.0110848436349798,-0.0032383496232728,0.06001835438332751,-0.02991570296977756,0.016851261551267087,0.12259898408825126,0.23039428345933827,0.02474580090847356,0.08577443501035076,-0.008501603187554357,0.02885227055657638,0.28182823767699205,0.07393092297217889,0.12138867631477646
2023-11-11,2081.5555,2090.4453,2039.2434,2053.8475,15792919049.299652,248239197956.17075,-0.0132506637991479,-0.0133392371519966,-0.5251902857935729,-0.7448411568804609,0.0154307314953915,-0.1332686256501256,-0.0015488858761057,-0.0024089933897103,-3.846083652607815e-05,0.010262411404067077,0.008865689253480327,0.0123681158871181,0.09574607150942306,0.06119577226843276,0.057335673294228506,0.023494143662573103,-0.07708877306004148,-0.007855104503893207,0.27941924187656053,0.02042065388954987,-0.05736914213531641
2023-11-12,2057.42,2069.4629,2027.3338,2050.0759,11809527304.627178,247098471816.777,-0.0018363583469561,-0.001838046519989,-0.2522264397251577,-0.2906550737439902,0.014372641956219,-0.0710345372006555,-8.603000085044554e-05,-0.0012641526975376,0.0007134192858563,-0.002465514706538191,0.01892885641743899,0.005993976837472187,0.07680439384032783,0.019261808558425946,0.06913100088771129,0.0009148936342516512,0.04461499676761301,0.01061643760968728,0.2710528983381904,0.006849462596092468,0.04504400297011313
2023-11-13,2047.2948,2116.9299,2036.5369,2062.0338,14153405301.811846,248586391519.7143,0.0058329059914319,0.0058159604578187,0.1984734813447017,0.1810486481099193,0.0270109324826025,0.6309151554152694,0.0159227955786918,0.0222329438004882,-0.0047227981042761,-0.006024417065893843,0.00459040946932638,-0.002311301606061106,0.07986720461366598,0.014061764838847895,-0.012793383035201167,-0.008923858964414402,0.007693161309380171,-0.004675382535975062,0.2735225995884994,0.01766004644443469,-0.015415835228957508
2023-11-14,2057.6853,2066.7088,1957.5836,1984.9427,16840325091.052263,244846148404.79443,-0.0373859536153093,-0.0381027300892258,0.1898426372977852,0.173821060814394,0.0311598720405477,0.1428894236500744,-0.0012549337757139,-0.0163542472299751,0.0182126949548035,0.03066449167047438,-0.028634991576553713,0.016416564983436382,0.047034383686432396,0.042621930583841366,0.02185768696334689,0.04614098481144273,0.003048989887331807,0.043184177634001716,0.23314511102884256,0.030529563619482652,0.15869542412434234
2023-11-15,1986.2957,2063.7205,1971.4664,2063.7205,16177509882.22648,241688905773.7491,0.0396876947631787,0.0389203745592172,-0.0393588131607954,-0.0401543145106645,0.0219293644737241,-0.3513045322213055,-0.0109629310652317,-0.0132903941182449,-0.0077965580443828,-0.030525640949602965,-0.005678769363957737,-0.031042286212823428,0.08382769483411281,0.043636327827915274,-0.2401661384033389,-0.051013385243532744,0.03815799058501622,-0.022226622408566377,0.2519641527871428,0.015905662585662797,-0.06817964590623782
2023-11-16,2061.4463,2084.0425,1947.1718,1967.1746,16917261810.222996,244049599540.4181,-0.0467824494644502,-0.0479121216992416,0.0457271813389059,0.0447125107233373,0.0382220672589244,0.5555864435131017,0.0163014874082664,0.0250828624753708,0.005630076093976,-0.04165012920336564,0.016381923267110805,-0.027455105489653228,-0.07908193889202383,-0.00857047492939542,-0.4106040805067801,0.05998157773868529,-0.039038797310962416,0.030298402290090787,0.22401846230904698,0.016006401788319878,0.09450473604758147
2023-11-17,1966.9486,1992.5723,1917.3786,1963.0612,16586139923.749128,236328055743.2857,-0.0020910192720056,-0.002093208505155,-0.0195730189783888,-0.0197671072849793,0.027172808432176,-0.3411962424715278,-0.0066336902420533,-0.0111858536825344,0.0003727738166713,0.015380490297889238,0.014400711697982266,0.020756803123500672,-0.05854900894857216,-0.14324028035471278,0.3107870324265045,0.0025881278826696275,-0.004951680581021467,0.0008215152155447714,0.220872362246995,0.020090642974285543,-0.0002507456773117589
2023-11-18,1965.2595,1977.8325,1929.2661,1970.76,12365333494.5331,235113164297.7909,0.0039218339193907,0.0039141635767445,-0.2544779224473079,-0.2936705307923788,0.0174939647959643,-0.4403608306385957,-0.0077795656372993,-0.0091173456872878,-0.0046824307892574,0.009507604845747933,1.4925599994990157e-05,0.006432225070675424,-0.04129560821983105,-0.032167559094421726,0.07897818797359113,-0.004630805164457158,-0.019558320609735738,-0.00957228071084068,0.22585188277010113,0.012850773223531025,-0.05593141299862081
2023-11-19,1967.012,2020.8197,1951.2829,2017.84,8541646952.080139,237226853354.20905,0.0238892609957579,0.0236083772105496,-0.3092263176034411,-0.3699430307188324,0.0190168811364684,0.0834711129211958,-0.0028193325103749,0.0015308497788874,-0.0034230731088083,-0.005124534628703409,0.013865085415181048,0.007312400446063502,-0.015849184489292387,-0.03166337796110699,0.07054112200455442,-0.03007253655412105,0.009736394153176849,-0.02645423852486581,0.22460459512421865,-0.0031065648202504986,-0.12052183054795873
2023-11-20,2012.9647,2063.9834,2003.8788,2026.0671,12166222678.912891,243752527293.7805,0.0040771815406572,0.0040688923593588,0.424341552298654,0.3537096383716912,0.0205044540540341,0.0753150679052416,0.0050877264100096,0.0152318479048842,-0.0093517792290937,-0.02109345854480963,0.004539057316813824,-0.005151657078774269,-0.01759625258775217,-0.019756299381444103,-0.17731352319033222,-0.00784858952892925,-0.018547520652981934,-0.012467135252821587,0.21187954405788692,0.010554437846370215,-0.09254744280875737
2023-11-21,2025.9978,2039.2922,1947.2729,1947.2729,15043384930.038328,241188093143.7805,-0.0388902223425867,-0.0396666438018656,0.2364877190775309,0.2122748759263969,0.0214290548977247,0.0441055732073008,-0.0052912096975906,-0.0041644332909941,-0.007058078550856,0.03815381649175859,-0.03902823435075313,-0.0035135772087325143,-0.019160166300392092,-0.018207327074593653,-0.008869830877666462,0.03232656713855982,-0.0034340293591502077,0.031301783653227694,0.15353212550580642,0.017075472532210475,0.07990507827871163
2023-11-22,1947.0494,2091.8274,1947.0494,2068.7505,18773808448.543552,243081372645.2056,0.0623834491816734,0.0605149209116738,0.2479776683142893,0.2215243758082019,0.0339424078492399,0.4599174949005036,0.0108291550978959,0.0108291550978959,0.0,-0.044363912722726315,0.05082285948345727,0.013580151382806056,0.0024343800520648484,0.026201423827131413,0.06550763877060461,-0.07355927012422933,0.010970354174223793,-0.06865977238700482,0.15706778371446994,0.013876357426783162,-0.42307017987216033
2023-11-23,2066.3203,2090.181,2046.5066,2065.4121,15850314540.557491,248499721062.5575,-0.0016137277066519,-0.0016150311676837,-0.1557219418744448,-0.1692733858884253,0.0149290657739145,-0.8213551657373332,-0.0131915126197667,-0.0165080639273538,0.0094127734437464,0.015229219471483818,-0.030627091777037742,-0.023508230278533326,0.04873147058362257,-0.010684497812082873,-0.1386243549768369,-0.00021826306283566355,0.02038034440603271,0.009634940726859761,0.14645486445457293,-0.024982093458258345,0.0721075327565961
2023-11-24,2066.894,2130.8215,2064.7755,2083.1146,12869322702.250872,251497797495.7979,0.0085709287749402,0.0085344069007885,-0.1880714625996167,-0.2083429508210084,0.021727422663919,0.3752651441157395,0.0114192491313648,0.0145637221716369,-0.0064014440350573,0.014826935690256907,-0.005909894799144881,0.005232294350162148,0.05935908598956622,-0.03813816693902867,0.1170615539039197,-0.011086645516833499,0.003395737480487257,-0.006699524253893599,0.15281135640895896,-0.008575429052624003,-0.040887749910135884
2023-11-25,2083.8261,2094.0902,2070.3335,2091.0072,13422968595.543554,250800368479.9094,0.003788845798498,0.0037816862009645,0.0430205929326683,0.0421209197668407,0.00777922749419,-1.0271181405047196,-0.017962264907532,-0.023572166358008,0.00502265986383,-0.003952623395119745,-0.010685020182664894,-0.009715541829698152,0.05922660861378642,0.01100123158942676,-0.16185379239436415,-0.007304397321569414,0.015834040535175398,0.006384728323787031,0.14536005742199049,-0.004352215659838547,0.041345951224343036
2023-11-26,2092.5085,2100.5528,2049.3238,2067.4395,7960954209.4245615,250183210778.4632,-0.0112709798416763,-0.011334978675758,-0.4069155304388024,-0.5224184456747007,0.0157701735103732,0.7066633640201081,0.0071639883223885,0.0051176291734659,0.0055134613264119,0.0026076169147000172,0.017718777122810093,0.013665409258863788,0.02428325272747873,-0.0060252192578721196,0.18412361471530847,0.017543952448992442,-0.042177390994291505,-0.011268722069198725,0.14743244755625004,-0.013067158472317314,-0.1110855784348237
2023-11-27,2065.4992,2074.4683,1994.7518,2033.8879,12626288789.954704,244849793253.9547,-0.0162285764589483,-0.0163617020634539,0.5860270587924115,0.4612321840963817,0.0259972557391318,0.4998705804813705,0.0119816573921705,0.0014438359121964,0.0124749384221728,0.007012173126523573,-0.0030477379521242492,0.002942254273678495,0.003852658304665904,0.004776591276892081,0.03434203004704095,0.01790349471825879,-0.0047720580896352255,0.015585322171005472,0.1316548727569675,0.010032452582133873,0.08841289066853797
2023-11-28,2031.0736,2077.86,2002.1548,2053.695,13780640658.59722,245032744322.15973,0.0097385406540844,0.0096914267008599,0.0914244785499363,0.0874837040963926,0.0253249521289932,-0.0262008240897606,-0.0025005663136824,0.0070699742275782,-0.0069308363505089,0.00920100781880969,-0.04164533137805433,-0.006234345868961058,0.05321072880739133,-0.013165341066968518,-0.1566859532226852,-0.012463893264084064,0.014629664945425839,-0.0066464439152530835,0.13191772464031493,0.020472453020798743,-0.03530630199482321
2023-11-29,2054.3649,2075.0675,2025.6215,2034.9052,12962173433.645834,246550627064.5,-0.0091492651050911,-0.0091913766878975,-0.0593925380704832,-0.0612293763434852,0.0159945585193148,-0.4595415880137832,-0.0089807004224666,-0.0023230525418913,-0.0110647415835522,-0.02003742984274355,0.02650497478492012,-0.011639285957954125,-0.01649556879218017,-0.06293189610239647,-0.17633766673334117,0.007479162330911893,0.008973849188814609,0.010767258874832167,0.11546216448886096,0.010041532983800115,0.07401994472564599
2023-11-30,2034.1386,2059.644,2028.4974,2059.644,10282780617.70486,245584278291.0486,0.0121572248181389,0.0120839192903145,-0.2067086071372945,-0.2315646685216368,0.0074910635282705,-0.7585377913097817,-0.009631765469872,-0.0139989612538464,-0.0015216433782167,-0.005456890703530906,0.0072197351651881285,0.0005826618520059085,-0.002796618334181993,-0.06424639251077835,0.020171084589968302,-0.012466257816822285,0.004302515571042241,-0.008340538282317025,0.12429710620675906,0.0017045138801854865,-0.04726306227588051
2023-12-01,2056.3575,2111.7771,2051.5244,2088.1417,12680883069.716784,251618612661.5,0.0138362260662523,0.0137413793692265,0.233215366657038,0.2096248777509889,0.018112823906127,0.8829094099602939,0.0119596134494782,0.0173008301429307,-5.30812564039319e-05,-0.019923464670473044,0.010983796612176765,-0.0002519255316613747,0.002410354134256149,-0.00224839121467217,-0.1456546321196761,-0.02014629909635471,0.02495699033452451,0.0033423082495562945,0.12214301557218435,0.004245211477680411,0.023140606069143477
2023-12-02,2091.5092,2177.7269,2091.1518,2168.3265,11001425710.700348,254629027090.5017,0.0384000760101672,0.0376811401669994,-0.1324400950456792,-0.1420707148429019,0.0178953999439273,-0.0120764970556086,-0.0050132603570876,-0.0040815249875149,-0.0039634355983321,0.0008948086362684359,0.018473057739161962,0.0181783220220363,0.03630980810029086,-0.02935203677663046,0.3639576845111616,-0.02580383760460459,-0.029629645061441952,-0.038949090789510386,0.18466724628566977,-0.012102815414132455,-0.20464366103822718
2023-12-03,2167.4955,2212.3457,2154.5347,2194.5698,12925542817.348433,260738098230.85715,0.0121030204630161,0.0120303645606179,0.1748970685478179,0.1611805425230103,0.0170595896763701,-0.0478312034684158,0.003151176148648,-0.0003652484612278,0.0080195731876616,0.010397880841199565,-0.005499464497743016,-0.0022335869159643765,0.0596751513366669,0.05927660424106391,0.07940652706328644,0.010199874762434509,-0.029302996499031092,-0.012500261370474039,0.17553091999111878,0.003146231207051633,-0.12025022388061091
2023-12-04,2197.6314,2272.6217,2197.6314,2246.8601,17942397610.73171,268708739887.6655,0.0238271300370576,0.023547694042713,0.38813494058058,0.3279610767975677,0.0193222116406617,0.1245428064081788,0.0029556120774625,0.0067042523331392,-0.0105082240417516,0.012253028039892283,-0.01701760116810569,-0.008127610508287912,0.09958454744283379,0.059804603981398356,0.01858198287180368,0.00845110388833388,0.015027384819913156,0.014876427726595351,0.18556493860700016,0.02086805515712681,0.1388462131450825
2023-12-05,2243.4636,2304.7483,2198.7799,2296.1148,17307183878.8223,269214681971.2927,0.0219215695716881,0.0216847467346204,-0.0354029458989068,-0.0360448253628214,0.0299977233673142,0.439866194639301,0.0116280192035059,-0.0095012066339146,0.0295201924107835,-0.01501654328335118,0.0013603788888794169,-0.00729280516731344,0.11157786747659447,0.03778654636825869,-0.07051653474247788,-0.020201759344094475,0.030184894246382425,0.011102103723298319,0.1901460541925146,0.017870829696304647,0.1002937170051772
2023-12-06,2297.2672,2311.2512,2230.1086,2232.6381,20327258586.567944,272989619308.6237,-0.0276452640782594,-0.0280345864494519,0.1744983313802492,0.1608411044093498,0.0180016723514135,-0.5106568290340343,-0.0155771957727296,0.0044346520049051,-0.0237207035924942,0.04570516336192569,-0.025706373306895507,0.021574286735342743,0.09273465771504015,0.07459133412838974,0.187275376718663,0.055075434237119344,6.0783325401686517e-05,0.034920324142574594,0.15935831805858197,0.017819558424703036,0.21885014698451943
2023-12-07,2234.77,2382.3684,2231.501,2359.8526,15551563502.1777,275002171298.0139,0.0569794540369081,0.0554152687019316,-0.2349404403969149,-0.2678015924958909,0.0315307627190048,0.5604990015354776,0.0106434337825148,0.0101523366245825,0.0032484950385191,-0.029098428914103865,0.0018328026126030565,-0.026898142326519076,0.13606600712665723,0.0501407539583227,-0.14613111889264285,-0.0353482966734071,-0.024708515613140705,-0.04304867229391333,0.2200434959225059,0.008457779104507126,-0.19375787608554562
2023-12-08,2360.6813,2391.0809,2346.1622,2365.7928,19026401682.425087,284668863875.60626,0.0025171911160892,0.0025140282970333,0.2234397962469048,0.2016663965165746,0.0133424711959461,-0.8600113931240045,-0.0125613795150508,-0.0129803228515047,-0.0018782484364251,0.00034384270137776535,-0.013559112013858093,-0.0035514823918780594,0.12483865605446393,0.057229346508402924,-0.10653279747607503,0.0029114101090947433,-0.017404400575069916,-0.006616030376402848,0.2204304608080024,0.01833735637974219,-0.04291444376007414
2023-12-09,2369.8255,2408.1871,2346.062,2347.8794,14883172926.066202,284679908347.65155,-0.0075718380747461,-0.0076006499721517,-0.217762077428757,-0.245596335898779,0.0175530236970425,0.2742739550975761,0.0066818231214915,0.0085168021320541,-0.0043761512609403,0.01395231013827368,0.018110617259867602,0.018440789052187094,0.0795568659153126,0.03345992745365446,0.08924859975190857,0.007028049770073132,0.12190288988283535,0.09988279395472272,0.09783229880895555,-0.006889030354301552,0.47726034508191195
2023-12-10,2353.9034,2389.3012,2334.7485,2367.2263,11316445443.247389,283755771272.1045,0.0082401591836445,0.0082063944297779,-0.2396483263707896,-0.2739742242680719,0.0159507074156867,-0.0957230451733543,-0.0045167666160591,-0.0084101449122917,0.0078307998467863,-0.012059893475157804,-0.022702812076194744,-0.016826838032416608,0.07573289578447265,-0.013734523586408934,-0.29843917639308515,-0.006719774681772359,-0.01147274736252421,-0.013127361156710288,0.1286648316873403,-0.05001553112224845,-0.05798794050252565
2023-12-11,2364.186,2366.0215,2172.8362,2226.3719,17070233379.84507,269633213660.4331,-0.0595018735640102,-0.0613456223366143,0.5084448085269577,0.4110791919585685,0.0472658109684872,1.0862840413094217,0.0299860971368196,-0.0048991972293471,0.0347000729011334,0.03496087193292817,0.027903010044376564,0.04000977997829107,-0.009160420594854633,-0.007523989162989534,0.47147084917112636,0.06115997584835368,-0.028958246485111125,0.010527385222843383,0.0806584465027226,0.002980733147175539,0.09256486773647721
2023-12-12,2231.6641,2247.4513,2174.2351,2211.4454,17509170039.585365,266740138416.8223,-0.0067044054948771,-0.0067269809814518,0.0257135711019951,0.0253885373073575,0.022725891359946,-0.7322823585831109,-0.0222573426345025,0.0037987903849073,-0.0242910828962043,-0.011184867128951226,0.003414945712269024,-0.008919858259319083,-0.03757214831092691,0.0017475387466060546,-0.05382475024789857,0.006466171613994265,-0.005910008979225959,0.00099242958318832,0.07576951204125991,0.013193431974403964,0.0022885455768213436
2023-12-13,2209.3063,2288.4153,2159.3775,2270.0679,15418236983.496504,265323828046.1049,0.0265086807026753,0.026163414043798,-0.1194193129292595,-0.1271737174581715,0.0374158421302721,0.498589338049705,0.0141760432644043,0.0061585552422591,0.0127704027225226,0.003045451148224229,0.010101422847097481,0.007584860464148427,0.016625852182323056,-0.04336131982446351,0.10658616144272015,-0.021244765210193625,0.012480948140085324,-0.006634476790132737,0.09611696562723912,0.0029043589493369533,-0.03113697239611435
2023-12-14,2267.0949,2337.1193,2250.1144,2321.5086,15912075464.72474,274946330415.86414,0.0226604235053937,0.0224074900321449,0.0320295038762754,0.0315272556781112,0.0224129461676667,-0.5124554552803717,-0.0168156606946978,-0.0025502683521285,-0.0184793207925929,-0.03941469653820322,0.03890986128881282,0.006460346369015199,-0.016381926487463592,0.0032491615547962415,-0.0011367849726786616,-0.012361500708612028,-0.027018761539147826,-0.02812090558699054,0.15662718574860998,-0.0021306612212714576,-0.14701917773795725
2023-12-15,2319.4836,2323.195,2226.2631,2226.2631,15541900763.03136,272888346679.87805,-0.0410274163963898,-0.0418927930333124,-0.0232637598102154,-0.0235386324870757,0.0160682553467969,-0.3327931378175224,-0.0126906857701467,-0.0060236109039718,-0.0153244559410879,0.00849038006421348,-0.027067597631509864,-0.020736630168760095,-0.06078874781780933,-0.03185560425694407,-0.13713160234273936,0.02648202538820535,0.021844218417211264,0.03423380071836846,0.07581401815608038,-0.0014615706886780553,0.1784204997767922
2023-12-16,2235.4109,2275.7127,2225.6671,2237.8364,11738110573.30662,270854614668.9304,0.005198532015376,0.0051850662956407,-0.2447442077852279,-0.2806987894766121,0.0157091887825892,-0.0225997940807927,0.0097374152913829,0.0090628142715499,0.0048805639773315,-0.00425004995218925,0.0022216803114684103,-0.0003306509930267876,-0.04800303155001683,-0.029650558053667075,-0.0358136246932621,0.011346536368199142,-0.04121797455893683,-0.01467881005138194,0.12891120615096247,-0.01198965349436346,-0.09619274267059374
2023-12-17,2240.5967,2259.481,2208.8972,2209.3412,8861064803.937283,268429367893.9233,-0.012733370500185,-0.012815134693058,-0.2451029704824866,-0.2811739237793728,0.0134198533462541,-0.1575106104404522,-0.004164328685592,-0.0035936708063971,-0.0031882868656462,-0.023973366568352687,-0.00995602510131078,-0.017578550907954266,-0.06902456067285287,-0.023775487850076153,-0.27080901514460587,0.010494424158084908,-0.012751061520728538,0.004409982033400289,0.11818927996305964,-0.018154871849232517,-0.006514965555640684
2023-12-18,2215.2821,2225.4213,2132.7131,2219.8065,12043900808.10453,261774503078.80487,0.0047368419146849,0.004725658381536,0.3591934010857252,0.3068914363650689,0.030061593779732,0.8065131993856061,0.0253114922219841,-0.0103273773699122,0.0372993473017894,0.04147061850175835,-0.0029216266742664657,0.0186460846978712,-0.0029532799547024357,-0.05050754435237977,0.2763797823851246,-0.003962247388516832,-0.013487069849142622,-0.008005466584764837,0.11900077476785123,-0.0007625956858459642,-0.06480831644233609
2023-12-19,2220.5282,2256.8868,2146.9782,2182.7852,14063390675.264809,266503182313.85715,-0.0166777149269543,-0.0168183538984367,0.16767739118221,0.1550166400744684,0.0336559198885579,0.112940563112962,-0.005982857142444,0.0198889116996208,-0.0153878244652962,0.013222932529286024,-0.013990659449942138,0.003518059587061584,-0.013044652871687473,-0.0361605253241106,-0.005461077257707281,0.00434266517553078,0.025115017146168594,0.012869504295319856,0.07857404365886482,0.01302014444236446,0.0843266876358082
2023-12-20,2182.992,2265.3161,2173.6478,2203.634,14297461493.682926,264579980273.78745,0.0095514666307983,0.0095061397701601,0.0166439817980601,0.0165069887167575,0.0286171364963027,-0.1621832494008184,-0.0002823108154972,0.0086823334623461,-0.0159374714561871,-0.019688600701967908,0.016094031606109633,-0.006725550938560129,-0.029701927145325432,-0.0120491251923772,-0.031855093935044376,-0.008874309954703619,0.008460986359303355,-0.004023477510787576,0.08401129106966577,0.004980414858437887,-0.004875023279197421
2023-12-21,2203.1994,2279.1615,2191.2078,2241.3124,16931218256.49129,266670185742.8153,0.0170983021681458,0.0169537713609745,0.1842114954442815,0.1690771484187701,0.0257053590770791,-0.1073062220196781,-0.0065866265125918,-0.0081424963600459,0.0034418190589388,-0.034722747085850804,0.019862614007957566,0.003468199373869288,-0.03515564581649607,0.010962468189828049,-0.09513022473637145,-0.00030501061507458294,-0.07014568096292773,-0.01878940366908237,0.140631706232506,0.004390987263931042,-0.14243896122713728
2023-12-22,2243.2137,2348.5416,2238.41,2334.5749,19761317473.70732,276545513085.0836,0.0416106652513055,0.0407682317163147,0.167152721933107,0.1545672118655489,0.0231898698314325,-0.1029839564448327,-0.0072122242961539,-0.0072815911747474,-0.0016121466638319,0.009586079001825358,0.0006446383483808271,0.002421831704611882,0.04750537893313128,0.04414944330695864,0.10048178305788946,-0.05460695143851749,0.07446574046675111,-0.02206928481368009,0.12088501703714682,0.0022892291420344556,-0.11020415813038831
2023-12-23,2336.5846,2337.3574,2273.8281,2324.5017,15453294959.477352,276222264685.29266,-0.0043147898146255,-0.0043241253838885,-0.2180027986475015,-0.2459041172763521,0.019216862705268,-0.1879273786348347,0.0054583552765222,-0.0151931302279514,0.0150004110004673,0.0048423150820333695,-2.938711937978955e-05,0.0013638572737676297,0.03799618725360202,0.03732259416298123,0.02557691045866539,0.0045782157497879505,-0.0007419873229349699,0.0026375372947748943,0.11817592282094212,-0.0009197352186285429,0.017456827718350443
2023-12-24,2318.2148,2338.013,2261.5892,2281.7895,10659466718.181185,276660135328.4181,-0.0183747768392683,-0.0185456899490555,-0.3102139869760371,-0.3713738555420885,0.02133885689588,0.1047415186894338,-0.0038719993634475,0.0130370009377516,-0.0096673084074499,0.019038400702935086,-0.014526786103348246,-0.003601806402706173,0.03226563199760453,0.01757827476045137,0.021834137207434434,0.01479529372344203,0.0029128434848185586,0.01281344567936725,0.09109582597109786,-0.005134866299295231,0.07981943196312846
2023-12-25,2281.6645,2314.1756,2266.721,2277.8997,10558970699.543554,274894661410.0383,-0.0017047146548794,-0.0017061693343507,-0.0094278655109659,-0.0094725891559835,0.0146147029640225,-0.3785016038651387,-0.00466584917162,0.0005637130468682,-0.0091435130009065,0.00033278410024246974,-0.006007875023310759,-0.004324501237318645,0.025833804281717748,-0.014491959501587845,-0.06613247833637637,8.807414605695174e-05,0.003053610266316481,0.002089100478863279,0.08560797043578248,-0.006694315912236214,0.013482806669960823
2023-12-26,2277.8463,2280.5342,2196.648,2236.053,12238437876.278746,269709280307.27875,-0.0183707386238296,-0.0185415761518168,0.1590559557862767,0.1476058425591377,0.0238704817862792,0.4906145495964535,0.0098614237356401,-0.0101314870369208,0.0197184321817477,0.018524659027446197,-0.03363315302232121,2.9813012693988283e-05,0.024110582028337726,-0.01810291415152087,-0.15443679851357217,0.018292035886327163,-0.016603942942239144,0.004931125899398162,0.07840137295972367,0.00998175756852395,0.011635416592271852
2023-12-27,2234.9106,2392.2243,2220.1078,2382.9219,14889105005.599302,275812025686.9582,0.0656822087848543,0.0636151657119273,0.2165854136056231,0.19604809335834,0.0346285450932955,0.3720357207283826,0.0012599430052904,0.0114599453020404,-0.0037173609452373,-0.041990164082441536,0.010376236082020887,-0.033002546185738973,0.078219607970105,0.005904879382315291,-0.31489952250836595,-0.06431411110455666,-0.013118938987027672,-0.05843057858268812,0.15837824073510495,0.0052403922817301175,-0.3779499288499668
2023-12-28,2389.6032,2447.6009,2344.325,2354.3096,22036625668.738674,287112286033.9094,-0.012007233640347,-0.0120799027593985,0.4800503898959289,0.392076134423409,0.0290472357858876,-0.175755019531854,0.0047140265706299,0.0142477137699361,-0.012669908422346,0.04030353670161959,0.0167362491191714,0.04168801255607611,0.04918593384973214,0.04955578854510311,0.604712813518475,0.04011747829821945,-0.003937398675596594,0.028951012590592656,0.1366069112748466,0.018890243258046596,0.20031019684325413
2023-12-29,2355.2031,2389.6729,2278.6963,2304.5868,18096331672.404182,281655690402.3624,-0.0211199070844377,-0.0213461230993244,-0.1788065947829854,-0.1969966245356851,0.0307946990699834,0.0584192419492435,-0.0018333871686548,-0.0075759149507053,0.0102989547970399,-0.005347013868834204,0.016296780416865976,0.006286750176565603,-0.012928420965907274,-0.015892952892275155,0.07745803282958397,0.02304894576663509,-0.02720502937680433,0.012742222778467607,0.12445216486341978,0.011569846977431367,0.03974014906629053
2023-12-30,2302.3851,2330.2361,2279.8696,2307.4329,13963348868.912891,277190698757.79443,0.0012349719264206,0.0012342099758516,-0.2283878787320107,-0.2592732888100988,0.0153911625831739,-0.6935490805853379,-0.014624330873026,-0.0120774576350888,-0.0084483880307802,0.003729036016191553,-0.002947155156115662,0.0006302802231467897,-0.007370085606166997,-0.014439495579145483,0.005598301097386127,-0.0042003646154096935,-0.0021932631035184204,-0.004510369283674917,0.11360245554895701,0.008212563615461592,-0.052760051751492565
2023-12-31,2304.0161,2332.4726,2286.8033,2290.7806,9328770192.160278,277269253933.9094,-0.0072168079080434,-0.0072429750376726,-0.3319102544999605,-0.4033327649186266,0.013516079112518,-0.129913464380218,-6.235021271668549e-05,0.0040054620457767,-0.007257481799401,0.011586417597542281,-0.011564598525050443,0.0024995277204114263,0.00393262930521587,-0.01307482329380253,0.00019278962914937026,0.0006843752523824631,-0.012684243592257415,-0.0005948912948598034,0.09261810114205772,-0.0074769241049715265,-0.06460502343341279
2024-01-01,2297.0082,2365.2769,2283.0464,2364.7349,9185275792.996515,278471451405.8014,0.0322834495804618,0.0317732897932797,-0.0153819202540065,-0.0155014492976868,0.017316007404258,0.2477513350917206,-0.0004434547395897,-0.0122887138363262,0.0110303286484126,-0.01842436396481084,0.011816951094288472,-0.007228084301514753,0.037412088432846186,-0.013679062469843307,-0.04801919056581516,-0.03733307055613801,0.03692630767049854,-0.025579879552010285,0.08671025076833792,-0.004074413344154842,-0.16898127157807252
2024-01-02,2364.3164,2437.7644,2356.9983,2362.6682,14492633488.641115,287040709395.10803,-0.0008739668873665,-0.0008743490190898,0.577811468621475,0.4560387403946552,0.0238202431887304,0.3189044161335963,0.0161916784633478,0.0283484228418795,-0.0119110005264676,0.0069057654976123345,-0.03139673022680635,-0.011576755746984045,0.05507931556557324,0.022349572221921063,-0.1992510562200982,-0.0030177176534727304,0.014537365340364962,0.006386839400023825,0.07380553718863014,0.003516646461429805,0.06466505063558303
2024-01-03,2362.7066,2388.0097,2146.2668,2212.1818,30271585830.463413,275985780180.7143,-0.0636934123885868,-0.0658123052707244,1.0887567365992772,0.7365690261044449,0.0634169575257851,0.9791955212311594,0.02994066837907,-0.0023960739577575,0.0511808410499488,-0.007415584756138877,0.03666050608313853,0.01512436082779265,-0.07434815541707848,0.14047501893406553,0.2872169157984459,0.03216445957842388,-0.012374812933528656,0.02032774116616133,-0.01555446212480743,0.02724433408882078,0.11611536871624262
2024-01-04,2209.7805,2292.4711,2207.4139,2273.3643,43675967951.84321,270109061320.25784,0.0276570849647168,0.0272815364474325,0.4428040934641246,0.3665885072099289,0.0200969729562909,-1.149162090006397,-0.0425875601459787,-0.011008221393394,-0.0482934931742327,-0.00019886481365165992,0.01610836521331971,0.012709385812943147,-0.034986716210247376,0.16920374043160574,0.09305607152344564,-0.025427755547871134,0.025861150174986386,-0.006145935010633208,-0.00995767241199519,0.055890278540782906,0.001798970428252833
2024-01-05,2268.7193,2276.9643,2210.1646,2267.6242,36046712358.90244,270066054404.1324,-0.00252493628056,-0.0025281293080969,-0.1746785692615381,-0.1919823555105814,0.0210527550505327,0.0464622282903186,0.007779757508251,-0.0136733886403334,0.0202894499697022,0.015246669806494285,-0.01096030428184585,0.0013844802710257509,-0.01616872241901984,0.12144432843120279,0.02517257646331439,0.014935806882743319,-0.015351771739636519,0.0019734255602963657,0.015548784729359715,0.03189043204335184,-0.0021240709486085585
2024-01-06,2271.0438,2272.2394,2221.6518,2242.0522,35125683216.75958,269755876555.7561,-0.011277000836382,-0.0113410683251117,-0.0255509887551615,-0.0258830843948604,0.0137729702758656,-0.4243234370370223,-0.0117689791116173,-0.0012083623855518,-0.0117288867401595,0.004425983441974826,-0.0064978552123695285,-0.0009934797402245815,-0.02874400071998331,0.12647633948547177,-0.012480344074576433,-0.027036476269158158,0.017710458651349778,-0.008246285814410476,-0.051207552297683666,0.03833952735395176,-0.0529512717621512
2024-01-07,2242.006,2255.7745,2210.3747,2223.9671,33767850830.425087,269560225490.7248,-0.0080663153159414,-0.0080990240487094,-0.038656397882864,-0.0394233874885154,0.0134711351461497,-0.0221587367445765,-0.0012303581298793,0.0066711711639466,-0.0048438856098414,0.00516544734075966,-0.006516051176992638,0.0003041060829310077,-0.02960004973102001,0.12856962982094353,-0.007488999283401743,-0.0006930768063603751,-0.004796252030363976,-0.004158558646493074,-0.06182060464342624,0.027933551514490312,-0.032486323916981696
2024-01-08,2222.7218,2357.8526,2175.1882,2331.6636,45290627669.21951,271245099979.36584,0.0484254016167775,0.0472894211098607,0.3412351261754662,0.2935909253769324,0.0486481209982805,1.284063925991707,0.0332924525049831,0.0163505525251009,0.0294183806983158,-0.036988885640698375,0.04040441842205514,0.008110603494801527,-0.01408391841443897,0.1640219664642309,0.020884413116687206,-0.012102696306118016,0.027353730363029488,0.016751285634365773,-0.0069305335614137905,0.05526603859849718,0.08795604984638716
2024-01-09,2334.3953,2368.7275,2252.0789,2344.5186,39012477133.80139,275993070125.67944,0.0055132309823766,0.0054980887540174,-0.138619199125935,-0.1492185948923055,0.0356068618991684,-0.3120748157740198,-0.0065594321847457,-0.0134280987649459,-0.000750371275228,-0.02290379627693775,0.0025971072734101153,-0.0036506842927763183,-0.007711480641331642,0.09779335176539346,-0.17404670441085024,-0.004895561215858733,0.004960170505185324,0.002640436759294776,-0.009638839237174263,0.047810892218151685,0.0004155003387067424
2024-01-10,2350.2635,2621.6549,2350.2635,2584.8184,26831117293.5122,290619553017.4599,0.102494303094887,0.0975751610646402,-0.3122426653019414,-0.3743192144606994,0.0497511937087853,0.3344960882024508,-0.0006022867034752,0.0270768211733322,-0.0380012013006823,0.035185619003086685,-0.039956992784964784,-0.021489888120492198,0.1556759856940331,-0.013158333085764641,0.16773851711230403,0.009113240827937387,-0.005395426423493888,-0.001183658531903331,0.14928194416408036,0.016319589696415115,0.15785597977030186
2024-01-11,2585.0706,2683.4842,2570.7171,2621.2241,38483748206.59233,313781312654.97906,0.014084432391846,0.0139861683611409,0.4342954035647912,0.3606737206589117,0.0291037401428339,-0.5361677642995062,-0.0079321871095889,-0.0097079277272147,0.0104082976741195,0.013602317320458149,0.03644006132844886,0.03690151710012436,0.1423806176077414,-0.020191751084588195,0.2836982815508047,0.019820461400986818,-0.00807221865707991,0.0039444847196666855,0.16999509350667305,0.03419231192668275,0.07603129993748992
2024-01-12,2616.958,2707.1491,2471.553,2525.3844,26032705737.37631,313268829380.1464,-0.0365629554527596,-0.0372481336389933,-0.3235402747771626,-0.390882367182189,0.0604556958048302,0.7310441028633416,0.0284979197482373,0.0189126883664653,0.0246877098858311,0.04771207270354774,-0.008381908811321503,0.02794974023571771,0.10766061327684508,-0.040133448256206135,0.1679811048266069,0.043478720920266306,0.016313434120236336,0.041700930952673534,0.10658354582388169,0.016867934649206807,0.23068205223375116
2024-01-13,2529.5063,2589.5888,2503.1383,2577.8874,27975502424.32056,306731170035.3868,0.0207901022909622,0.0205769375298006,0.0746290726190206,0.0719755533101246,0.0209229424913573,-1.0610645122586213,-0.0395262075984718,-0.0382174131063388,-0.0175363758970501,-0.014452260903200606,-0.008546643021591666,-0.01670575662367757,0.13957861913175737,-0.02967477946363946,-0.08846595225043452,-0.02408136797276171,0.024534270246822684,0.0027004733036065376,0.10475299332153741,0.018831333724018653,0.00389179428830122
2024-01-14,2575.3412,2576.5324,2475.2055,2475.2055,12911017679.062716,305528490517.97906,-0.0398318018079455,-0.0406468034170559,-0.5384884430944663,-0.7732481833039498,0.014045754239463,-0.398526123019113,-0.0160557405420034,-0.0060035630347386,-0.0175596316629005,0.03685233174860125,-0.018837439678914443,0.023170963012271117,0.10703083976341082,-0.09195899210548077,0.08542633632022834,0.04400292092894051,-0.04246313170245834,0.002197889056672203,0.10599898293779379,-0.004076750457678987,0.006153023038532046
2024-01-15,2480.7728,2554.8887,2480.3448,2518.5584,13574721954.261324,303292197288.8328,0.0175148689674453,0.0173632514636592,0.051406038756721,0.0501283529255419,0.0187119166377367,0.2868404135064621,0.0162901270015661,0.016225990030361,0.0016241942282401,-0.029464784198636934,0.01051161752962617,-0.02172289161960407,0.07710467011720921,-0.1583729788342878,-0.1399921008924998,-0.01408978649985966,0.006896570702823082,-0.007550519654829585,0.1181771681058123,0.0028477173840267913,-0.026734548220034293
2024-01-16,2515.9556,2612.7871,2507.9105,2591.9988,12057109216.99303,306419595177.4843,0.0291596970711498,0.0287426411864397,-0.1117969666253009,-0.1185549209366556,0.0222859601022409,0.1747963141064024,-0.0004158730113146,-0.0031646240119527,0.0086532023953704,-0.025038895965403554,-0.06336170772745546,-0.042904177613968114,0.10034922254963152,-0.157643279446637,-0.4247301578253615,-0.023511962020882626,-0.00451547362791771,-0.020886408596193395,0.1597349439853101,0.004936303437111127,-0.10123845283041266
2024-01-17,2590.1208,2594.6877,2515.5634,2531.9048,15327106103.648085,306835113536.73865,-0.0231844243137767,-0.0234574106880555,0.2712090292792894,0.2399684391724194,0.0167309572893491,-0.2866961550751865,-0.0049410904883839,-0.0107998388466926,0.0034748112443353,-0.022818339006983233,0.03291457818832054,-0.013802101561215446,-0.02068334920306424,-0.0756636819600962,-0.22906894151510304,0.02179838293940467,-0.011100253053825948,0.010430248182893592,0.13155187491571854,0.005045677661544989,0.03532945534311094
2024-01-18,2533.5184,2549.2366,2436.9388,2471.5514,14412902514.27526,301792708427.784,-0.0238371521709662,-0.0241258542034926,-0.0596461969526803,-0.0614990883130594,0.0278914260701142,0.5110585989962688,0.0119542928390941,0.007266239513114,0.0096603361649212,-2.704791347089841e-05,-0.001210519802024461,-0.0006319148458036605,-0.058795371767697925,-0.17967841199224066,0.03495089337188917,0.024821529409036328,-0.026040542424142617,0.010872975902423726,0.12424437461066276,0.000535638570396281,0.0169084408278386
2024-01-19,2473.1251,2505.1945,2421.7773,2494.3614,16761992257.418118,297574351934.60626,0.0092290210917724,0.0091866939029855,0.1629851961335477,0.1509901444215897,0.0233488372931993,-0.1777721441319215,-0.0012059468599994,-0.0063629312694156,0.0014789708168731,-0.01678078665583997,0.004146518308430193,-0.011155173131498795,-0.012360544225718948,-0.07883607710455523,-0.20948533405642422,-0.010122034510792605,0.01379876792431927,-0.0040700969546300925,0.12392492874348825,0.0037688533101489755,6.273318628324809e-05
2024-01-20,2490.8598,2492.1907,2460.6756,2475.8202,13074922526.487804,297683211415.216,-0.0074332452386408,-0.0074610094771908,-0.2199660800641748,-0.2484178731468243,0.008173699922053,-1.0496255149562836,-0.0171385575629101,-0.0055959211852152,-0.0162423778716745,-0.010882938024281297,0.0009851899309634565,-0.006602828663743003,-0.04039849123271056,-0.1413790117447802,-0.10343351393066946,-0.00027322211379199324,0.01671010153183157,0.007780937054302828,0.0995101479053228,-0.00590348518905686,0.04962475576493297
2024-01-21,2477.1429,2489.5735,2462.7165,2462.9212,6537648899.470384,298099758514.0139,-0.0052099906124039,-0.0052236099384637,-0.4999856491519471,-0.6931184792757253,0.0067835141165171,-0.1864263992460619,-0.0014772592121771,0.0054637829006171,-0.0079523821400837,0.02746078784634041,-0.016699549627074702,0.012693234167777616,-0.004975297754118263,-0.06716061131493684,0.1132217786261771,-0.011608484773368802,0.02869010832887603,0.00803658504561161,0.053518306250544365,-0.020512532611843846,0.054857490208110704
2024-01-22,2468.2272,2473.1979,2313.3049,2314.0749,11764931212.289198,287681259639.20905,-0.0604348608473548,-0.0623381286814904,0.7995660815071115,0.5875455700116989,0.0250370774885856,1.305862551756725,0.0050915096638319,0.0042267969789249,0.0039479405452791,0.012371429597552192,-0.014849706726436504,0.00902794405170889,-0.08467667789926797,-0.019923167758289163,0.24894456556177413,0.03801521768764153,-0.03196144527103918,0.013561279538576165,-0.0044956970470576745,-0.0057972385743252225,0.020255026107634855
2024-01-23,2318.7719,2352.1061,2175.4027,2245.9684,20446886694.738674,271811218929.7979,-0.0294314155518474,-0.0298732096807866,0.7379520819790801,0.5527074556800814,0.051541033692259,0.7220204354341893,0.0394634368694401,0.0141054533043319,0.0404934211632328,-0.05176667523958658,0.0693477007647587,0.0084003811956751,-0.1432925287664944,0.08918733792907696,0.24475176461443704,0.022711418613834522,-0.023463902587836122,0.012718507010692826,-0.015823216778788726,0.015310390387161489,-0.0017622451584140553
2024-01-24,2247.3169,2266.5401,2204.4832,2242.5731,18603345288.29965,268429810426.568,-0.0015117309753779,-0.0015128747935578,-0.0901624503506149,-0.0944892122760818,0.0195862755363953,-0.9675491679122854,-0.0314289893035066,-0.0161567613631503,-0.026981472586581,0.012209887139223684,-0.006558107033809532,-0.0026498505579265613,-0.12134799287199678,0.03277695753372241,-0.05901949351474434,0.0015989116124898173,-0.0015997130795999542,0.0010915990900940142,-0.015629922237995933,0.0124105848206772,3.654522261253845e-05
2024-01-25,2238.7946,2246.0683,2184.6585,2225.0667,12003582601.41115,267083306613.2404,-0.007806389900958,-0.0078370192699295,-0.3547621454426984,-0.4381362634086068,0.0192258557811848,-0.018573064850802,0.0013891388802166,-0.003995376124739,0.0030239763228196,0.01093116402079189,-0.014266965421368828,-0.007161733691233144,-0.10505915793843361,-0.023998847402238444,-0.0948236995690861,0.013589309092708168,-0.012904493527247762,0.010213864502706477,-0.004925365356108735,-0.00036015242822131234,0.0016089241748096228
2024-01-26,2222.7326,2287.5165,2204.1141,2273.8506,12957499757.087109,270076249386.9721,0.0219246910665646,0.0216878012646374,0.0794693707163571,0.0764695969864514,0.0221364030293883,0.1409674209075864,-0.0010515597575736,0.0076003358015774,-0.0049937205614858,-0.032088163433138736,0.0236088954671946,0.011226726521514616,-0.09255805057678188,-0.039109218110397706,0.03296147185546072,-0.0463688188763548,0.040550054173081315,-0.03039246642460633,-0.046852729803398656,-0.0029670628354191483,-0.017848791588385815
2024-01-27,2271.6789,2293.0649,2260.0281,2279.8939,11029384042.449478,273665211330.2125,0.0026577383755994,0.0026542128342257,-0.148803067781888,-0.1611117644683194,0.0100133126009417,-0.7933079815372177,-0.0108879136520593,-0.0057736808788317,-0.0094786741758956,0.013987434294356088,0.0006453983027302629,0.003101326404726934,-0.08244282826536511,-0.021677485012937685,0.03270495337961332,0.007146300432826241,-0.0038446274533125296,0.004626619652283448,-0.03211861420977444,-0.017077899635555612,0.010361643014812794
2024-01-28,2278.7711,2321.114,2253.8417,2265.7801,8292817062.365853,274940695709.223,-0.0061905512357395,-0.0062097921470395,-0.2481160298300638,-0.2851732619237803,0.0204909421557937,0.7160674746956235,0.0124641443575818,0.0137297396687438,0.0009149568059446,-0.007710845030944819,-0.006365966876331883,-0.00791898095309479,-0.08342901047394098,0.01862877151362867,-0.08789754233517533,0.015107786640619819,-0.013221738925117,0.008782349792730099,-0.0169822832574895,-0.015459811138184412,0.005782667658358109
2024-01-29,2260.5421,2328.6734,2249.4783,2322.1758,10111488487.84669,274762335728.9791,0.0248901912414183,0.0245854763553127,0.2193068304538226,0.1982825255152644,0.0178625182695548,-0.1372783763990859,-0.0069524792954297,-0.0119677739532187,0.0048688959516181,0.00024519013868186217,-0.007144287335396793,-0.006962229231284506,0.0034945945628623303,-0.017539565625693868,-0.28591904723576533,-0.012506788675987673,0.01306211898983866,-0.00650632418105182,0.006368983121971624,-0.0061402628082617245,0.0014022302323593028
2024-01-30,2319.5817,2392.6054,2308.0007,2352.9496,13153625531.205574,281023747888.4843,0.0132521405140817,0.0131650990471995,0.3008594676258913,0.2630251749610216,0.0238587757366425,0.2894475390264395,0.0093304650981986,0.0136517725885898,-0.0026665608955312,0.018837471773948754,-0.018744036947005577,-0.009869142748352641,0.04653290329084837,-0.08126287776351171,0.04239126246180547,-0.005486530541789242,0.004251538543656619,-0.003018112409847812,0.026777057206843775,0.006097344959909494,-0.003724846625386302
2024-01-31,2352.1,2353.8383,2276.8126,2290.0626,14902809883.076654,279639745586.10803,-0.0267268793177719,-0.0270905366142505,0.1329811577592297,0.1248523515097271,0.0166577942596799,-0.3592738744749022,-0.0103317054190643,-0.0182558268935416,0.0039139463095479,0.021591951212903714,-0.011847431514889803,0.007664445839230108,0.020955241470155782,-0.04390349975456792,0.08525920814478427,-0.0012626106731875864,0.0002155295622044695,-0.0010187261831280936,-0.032086769200686496,0.009045767511035916,-0.003184406995881517
2024-02-01,2291.8539,2314.8405,2250.1461,2309.7864,14713552489.602789,274740630302.71777,0.0086127776594402,0.0085758992887872,-0.0126994435920961,-0.0127807707997102,0.0194492064100979,0.1549280370994319,0.0079521369414936,0.0001657104483167,0.0081797141742222,-0.0030145405703694284,-0.014114445663492604,-0.009083885899936854,0.037368160028872506,0.032338971444854404,-0.17082475724728052,-0.0035399226242807946,0.004777962749212203,-0.000805403863163745,-0.022636520892809427,0.0003478815552477287,0.00365999479184409
2024-02-02,2312.2804,2330.6793,2292.9995,2315.8758,11267584415.850174,278070507708.1533,0.0026363476726678,0.0026328786039188,-0.2342036755696953,-0.2668390395974909,0.011484595234127,-0.5267996751762247,-0.0108516213304878,0.0024359131764335,-0.0128019230101198,-0.00981934998766213,-0.002945064077026542,-0.010210978976089337,0.018313237368153924,-0.020043260047436378,-0.23180217686719384,0.03103911865349171,-0.052545232856768334,0.011489331032280031,0.04580866298183383,-0.030377181089318018,-0.0737618168964469
2024-02-03,2320.032,2339.3211,2307.438,2308.4017,8691507738.801394,279054963723.676,-0.0032273319665933,-0.0032325510345396,-0.2286272356144941,-0.25958354056516,0.0091871136237034,-0.2232047834267003,-0.0009559116227696,0.0033896242418644,-0.0076096548284658,0.0006751299469545669,0.0013881852924157827,0.0011638030830819837,0.01242647349938851,-0.028407867703347033,0.02195239381501013,-0.010231194882422884,0.018578497779250143,-0.005688756300801845,0.015294575499861632,-0.05845506362718121,0.015638108893283542
2024-02-04,2309.6633,2329.7065,2288.1125,2300.7869,6526883552.95122,278016924534.69684,-0.0032987326252618,-0.0033041854386127,-0.2490504813321017,-0.2864168482950003,0.0125117357906839,0.3088652580147837,0.0020341070545094,-0.0001070534741791,0.0056885361945556,0.00534550524149896,-0.007771268659876951,0.0026777070174081874,0.015332080207815412,-0.02200617517058329,-0.01541982951189036,0.0012387519160918237,-0.00082256747738714,0.0009557997937524321,0.014518519369345811,-0.05212987280187428,0.0010642482062266367
2024-02-05,2298.9154,2345.6847,2286.611,2307.8871,9642150758.5331,277896391753.8432,0.0030859876679583,0.0030812357816799,0.477297806879559,0.3902146127978935,0.017872638058942,0.3566038761800545,0.0067754503055997,0.007698936652647,-0.0001460462042154,-0.01370843285259786,0.017230543301101492,-0.0048508035886144635,-0.006172160365817536,-0.005931032448979381,0.02520880689470051,0.004415362089044694,-0.006873851885976015,0.0024901823074792995,0.028940823476137262,-0.04729675805173625,-0.0054472481638287995
2024-02-06,2305.9946,2395.3147,2305.8281,2378.9861,11649482311.45993,281834358102.7805,0.0308069662506456,0.0303419578743678,0.2081829669744983,0.1891175507705361,0.0187007160118144,0.0452908692427795,-0.0032206202568682,-0.0019650164675918,-0.0055483208441436,-0.022268382442788517,0.02192263027908625,0.007465448421194232,0.011004698461350871,-0.019248443133823578,0.007960557902360055,-0.013823199571697253,0.0016722383486272932,-0.01296001574013278,0.06738180539921443,-0.042946523891549966,-0.031899617599224106
2024-02-07,2383.4195,2450.1408,2363.7444,2433.4726,12917910325.365854,287504436023.74915,0.0229032443695236,0.0226449022125467,0.1088827795084195,0.1033530035106309,0.0218517150752844,0.1557175990798414,0.0045306375880801,-0.0023945392449473,0.0140220093504395,0.01019197060445201,-0.011744808727130795,-0.007385961783898505,0.06074013728814788,-0.0259813047709994,0.08037689772895185,-0.03396491186411718,0.04492561039498594,-0.011634760197030886,0.04273728650190041,-0.06638164854100462,0.02410930698987923
2024-02-08,2433.9434,2466.0629,2425.3031,2430.7954,13961323062.03136,292905294987.89545,-0.0011001562129773,-0.001100761829046,0.0807725638578433,0.0776761223100435,0.0117574441038293,-0.6197928308698173,-0.0066915900756232,1.3740848322788685e-05,-0.0126875341926642,0.009103103263151734,-0.011800534122340698,-0.0033984419219226306,0.051063476170314634,-0.010025404293275149,-0.08446549532313341,-0.002274406278744423,0.003714142504012613,0.00035027784794100514,0.03613843591883692,-0.05457423992614786,0.004900879900367361
2024-02-09,2433.1705,2529.0123,2430.7901,2496.3297,15129231226.439024,298526079407.7143,0.0269600230443087,0.0266030042338778,0.0836531150535337,0.0803378472419077,0.0230410553245323,0.6727910580554917,0.0089587660116273,0.0086749075197608,0.002266785391506,0.0030395077059587224,0.009556072790068672,0.008814050111274972,0.07503360180027366,0.050431949024924747,0.2319566000224218,-0.06221431879987521,0.06144661459953857,0.01149545180778061,-0.03483372091192546,-0.026550516736988123,-0.000700798465084862
2024-02-10,2500.1485,2524.6597,2486.2405,2508.1581,14142539283.320557,301449607250.53656,0.0047383164170984,0.0047271259313162,-0.0652175862970603,-0.0674414893924095,0.0106593720300685,-0.7708381307915775,-0.0123632046819918,-0.014418384624443,0.0018941996822029,-0.006085371011594572,-0.005225829327831458,-0.007965967110594531,0.08299327876612961,0.06711975663852382,-0.10186554796643676,-0.010302317532830764,0.008096270049750165,0.0041890210304954545,-0.044092763341750225,-0.05759488696405785,-0.0048271769417058685
2024-02-11,2506.405,2550.7067,2504.1662,2513.697,10127308481.752611,303284991361.2892,0.0022083536121586,0.0022059187833036,-0.2839115890809957,-0.333951640707231,0.0128953144805538,0.1904245188227724,0.0054811222970442,0.0080040799950601,-0.0051547630543019,0.011566598740482888,-0.007915374306933474,0.004050410996472138,0.08850338298804601,0.041983968545377906,0.08279544773351866,-0.015472188378552854,-0.014540658609602575,-0.01814679212380696,-0.004638710919453175,-0.03950973204630469,-0.1626917956086511
2024-02-12,2514.0675,2670.1845,2481.6362,2665.8713,11554966027.174215,305929276731.1464,0.060538044163636,0.0587763681779589,0.1409710732119948,0.131879718421841,0.0367892053875243,1.0483404434578565,0.0159416798484754,-0.0061337833531923,0.0286503371783888,-0.023578701744915536,-0.01930508879210615,-0.029291384961654864,0.14419851538432515,0.02160813845538584,-0.04595306575486813,-0.02774326291315489,0.037596680998335824,0.03357225216894347,0.033560719728705196,-0.04249617365960501,0.10143951947766894
2024-02-13,2672.7136,2692.1905,2609.1512,2651.6868,20612895019.29965,319145077879.8989,-0.0053207744875005,-0.0053349802208161,0.7838992317955402,0.5788015481429725,0.0216030753208414,-0.5323687897634239,-0.0097051473788596,0.0006225242409262,-0.0107640098622193,0.027576424260532768,0.027631393016174937,0.03717736993904399,0.10852157728914125,0.09546394707986366,0.21681773401930515,0.027564431821723495,-0.023974557921949552,-0.02033306949180913,0.06887254292494503,0.020157432229555034,0.011123545485906883
2024-02-14,2647.8073,2791.7027,2633.0642,2785.6156,18386226736.23693,326797392771.88153,0.0505070206632247,0.0492729244440553,-0.1080230739533631,-0.1143150143974224,0.0267751599499351,0.21463890964925,-0.0016088069905092,0.0002563388163882,-0.0019954386608918,-0.02567133313163924,-0.008673921747585533,-0.024769233787169036,0.1351495995206498,0.05405841169940885,-0.17600906402767968,-0.020143906029007494,0.028368146945882827,0.025166522737119612,0.10078221590534112,0.012389580823712804,0.1276029800761489
2024-02-15,2784.5215,2867.7119,2775.4192,2830.3882,20182399805.3554,337987621112.9721,0.0160727847733188,0.0159449851467875,0.0976912280527053,0.0932090904727771,0.0207833524980681,-0.2533222845918836,0.0004741718503505,0.0088905122958297,-0.0097199429883317,0.029095312773995387,-0.009988890476729732,0.019834254484210247,0.15219534649648359,0.05814368260689807,0.2614996870212085,0.021453979985727213,0.02467089589259419,0.02716288789132043,0.08798455986568889,0.020580238401079188,0.129683104773741
2024-02-16,2832.5108,2862.7309,2774.6702,2814.5881,20277716111.853657,339213493140.4146,-0.0055823084621395,-0.0055979477754931,0.0047227439460872,0.0047116267795102,0.0217378343399871,0.044901954777214,0.0005771630819899,-0.0062222415347037,0.0091535026860737,0.004246599484572643,0.018383518797646718,0.011189080588793275,0.11999439448711262,0.04568706520198477,0.02073542849370469,0.011612855515968266,-0.016168825963056382,-0.013495577737002301,0.1058440227782513,0.0123346759187227,-0.017905359334409843
2024-02-17,2811.4698,2813.5999,2736.6692,2800.9727,15941577206.052263,335254980614.4564,-0.0048374396239364,-0.0048491779057803,-0.2138376374283411,-0.2405919397278678,0.0194649132714121,-0.1104407349197464,0.0033062650189203,-0.0115703004841331,0.0078588098282964,0.005668523802607545,0.004083598209698506,0.0069658137658528615,0.11041809065001601,0.01548475282174372,0.06088523676139346,0.010907096193766272,-0.018078215525690527,-0.014408363819738507,0.12512069907596365,0.003778224209256502,-0.02589007322996184
2024-02-18,2799.8852,2902.5219,2781.7234,2885.0803,13290934981.20906,339170555010.1812,0.0300279970597359,0.0295859834835251,-0.1662722697122389,-0.1818483924085669,0.0235892151832781,0.1921760983879261,-0.0037768799295585,0.0128848885882087,-0.0096174058697579,-0.02688451867691522,0.009552214633114377,-0.013009770734839263,0.1377981553502373,0.02666174944695124,-0.06896511013033457,-0.02867830173838131,0.015475395960803051,0.00838601740854944,0.14551998865650317,-0.00859964073670359,0.016107848535469982
2024-02-19,2889.2776,2987.9941,2872.9477,2949.559,17499642240.529617,351110983418.3519,0.0223490139945152,0.0221029344564345,0.3166599840621367,0.2750982148361954,0.0246192706890122,0.042739873789662,0.0028516666100653,0.0061249136908326,-0.0031950708000125,0.008567838767335322,0.01010434665603921,0.013176359069985696,0.10112472162871278,0.04825414148228592,0.04680386123300462,0.01890665088969986,0.0033263723010683865,0.006995613807238815,0.17508393259012847,0.010949472641211296,0.07474704431104517
2024-02-20,2954.8817,3026.2876,2892.1928,3018.271,22327755664.529617,353847628614.95123,0.0232956858974511,0.0230284832289712,0.2758978359464954,0.2436501158445025,0.02920604303942,0.1708461436542041,0.0071096175795826,-0.0128970770466578,0.01803543637855,-0.019170253524102777,-0.02671808586332486,-0.03287919821127374,0.12948818507850018,0.013497855774000143,-0.28711779100306956,-0.026016660912118447,0.00450120468593207,-0.00018631378653671815,0.2033360257575634,0.038125183711143096,0.003318603511455631
2024-02-21,3016.9065,3019.1744,2889.5476,2979.378,26361613659.055748,353887767742.1951,-0.0128858541860555,-0.0129695969812652,0.1806656278012934,0.166078370794878,0.0300391831166913,0.0281269920730213,0.0051971053692757,-0.0048007606159555,0.006089582897332,0.01724012364866005,0.010768300061676131,0.01924783640523175,0.06724566365317966,0.06048661509391682,0.03621992902160809,0.041246756930551874,-0.06168135944129052,-0.049015513684384115,0.25270455745778875,0.033995822269058035,-0.12573228036774475
2024-02-22,2966.6962,3033.2268,2914.9236,2976.6605,25167939532.26829,357466391574.6725,-0.0009121031302506,-0.0009125193494199,-0.0452807685533092,-0.0463379802125744,0.0280538053092229,-0.0683783489247789,-0.0084309297009421,0.0172751817240426,-0.0171294140644154,-0.00016511714444162467,0.015412311439821483,0.012005457692215352,0.05038815915697207,0.03603324607020448,0.13823041327763486,0.01063679081952916,-0.04815032812524399,-0.035698713815955435,0.2816652477891553,0.010752565165775446,-0.12930600679055115
2024-02-23,2975.2429,2995.8998,2917.4241,2933.4655,21874670149.494774,354623730514.93726,-0.0145112282707416,-0.0146175459304141,-0.1308517679228827,-0.140241590499246,0.0165840726806743,-0.5256815267134529,-0.0121281278365373,-0.0083616536567605,-0.0088353300009149,0.014487738948677803,-0.01051811008415627,0.0017482583642734334,0.041368561002051024,0.011272816498289663,0.02852308149435112,0.025641655835786092,-0.008590668838714538,0.011826746832001217,0.26856057665229904,0.007383458100229407,0.047086999565700616
2024-02-24,2929.9059,3008.5953,2916.317,2999.7237,15642677136.08014,356516681868.8885,0.022587005028694,0.0223356958074394,-0.284895405088363,-0.335326460397267,0.0164614365030962,-0.0074222938979344,-0.0014470146907388,-0.0032243777856946,0.0010759139681007,-0.020570386256881245,-0.021114728631071375,-0.029269757068073922,0.06855343471527091,-0.0021002764627638866,-0.4390222442892404,-0.04201547167089648,-0.034021081385786585,-0.05404459492879771,0.29873329172966795,0.008149973953058406,-0.22760151612481394
2024-02-25,3002.0591,3118.2668,2995.7615,3116.6889,15293885853.898954,366691756027.6621,0.0389919911623861,0.0382510038702367,-0.0222974161741592,-0.0225497617146287,0.0161468407769792,-0.0192960507954298,-0.0043535902515832,-0.0044624254138158,-0.0023334459186137,-0.02360430314850313,-0.0006748584705819904,-0.014785365188374953,0.07721845510198241,0.013990567780568426,-0.2582278321407747,-0.04610020184366717,0.005672999863268677,-0.019764124696265636,0.31529649433526735,0.005197683162628079,-0.05073261430952636
2024-02-26,3111.1108,3198.4281,3045.6985,3181.2966,22535983213.341465,374864149962.25433,0.0207295954370037,0.0205176612425881,0.473528927090576,0.3876601545540364,0.0316982295375068,0.6745364157631428,0.0226603303174608,0.0078080995163678,0.0213076994232807,0.014410975217413472,0.0248913450556807,0.02839021660098665,0.0756331818881361,0.03433745298662145,0.4925069387773693,0.030008431350703493,0.010375091027042836,0.021415466935180594,0.33315994274362976,0.02521145444835928,0.1268557412074114
2024-02-27,3181.7246,3288.7675,3172.4334,3247.6036,30298112730.045296,389455446473.1429,0.0208427595213849,0.0206285209769711,0.3444326987299402,0.29597213874645,0.0220512380671094,-0.3628920802868656,-0.0107471418662811,0.0082226724638981,-0.0221480606515362,0.012341710973756529,0.02460773308273953,0.02750999982530713,0.07323321963613605,0.05204106813123448,0.3605833897322972,0.026047538543296368,-0.024517632230520302,0.0013666883166128935,0.3599982558676405,0.04651314218142958,0.06168158586713157
2024-02-28,3248.3363,3480.5369,3239.5579,3384.5946,30562577565.26481,398090927686.0662,0.0421821801158244,0.0413167650123377,0.0087287560639792,0.0086908807163025,0.0438378497358237,0.6871288449553128,0.023231137987177,0.0235158781477345,0.0026110243882843,0.03385514785371704,-0.019698685953323983,0.005968120064958879,0.12751958162973898,0.026377007460856774,0.1811177379303306,0.03778596842375438,0.06894068840938034,0.07334052005553329,0.3767295445246654,0.04137037208343458,0.3120255213976568
2024-02-29,3382.0145,3518.9963,3312.4522,3352.4294,47452741624.52962,412730072016.7805,-0.0095034129050491,-0.0095488584880837,0.5526420022393967,0.4399579974635296,0.0424207503618409,-0.0328599555906339,0.0013727594918599,-5.301705031562215e-05,0.0049032448518297,0.023396128474229158,0.001515939056927311,0.020299716403119852,0.11888324249107528,0.12935365920382144,0.14878178556497224,0.03326461934101278,0.0215313553437448,0.038768748011277804,0.35401558698938224,0.06575762106696594,0.1263322784294174
2024-03-01,3347.3371,3455.7838,3347.3371,3443.7937,31180734859.74216,409941446388.885,0.0272531615430888,0.0268884064530528,-0.3429097288738321,-0.4199338709615207,0.0140193629764779,-1.1071981940458278,-0.0361056708561063,-0.0333510678415803,-0.0157898991593886,-0.027307510548886624,-0.024999588652422,-0.03575365495374802,0.16038919487454212,0.0494279505163215,-0.23711195905497462,-0.04352246093705009,-0.044509541264250524,-0.06219130669829184,0.40799453005668557,0.029756631859248456,-0.1797577459529267
2024-03-02,3439.5805,3465.5743,3413.0334,3432.7063,19683483285.63763,412506608406.6585,-0.0032195308331043,-0.0032247246733121,-0.3687293332187875,-0.4600205594731056,0.0107306053198792,-0.2673394749704219,0.0002562433992458,-0.002056690692495,0.00667322998519,-0.00010502444670655586,-0.010891652085585065,-0.00373758999523445,0.13482877439379068,0.02072419375590641,-0.1140353313107414,0.005860846791634344,-0.02106314846863519,-0.008372048122855691,0.3961939060945861,0.008911544269694932,-0.04832407005856143
2024-03-03,3432.504,3501.2329,3396.4347,3498.5838,16299914909.303137,414306161157.8258,0.0191911262551067,0.0190092992192749,-0.1718988619663354,-0.1886199846726087,0.0179244785957646,0.5130673291269652,0.0073284270448809,-0.0045965393619668,0.0110192905103659,-0.03603342841708346,0.03736617673643379,-0.004522578834411484,0.11558706974282895,0.005093557350193794,-0.08155389672483615,-0.052877259930021986,0.011209907716122874,-0.02960948387849821,0.41257032670994215,0.008943235278908243,-0.08095400596442337
2024-03-04,3498.8305,3643.7974,3472.8237,3635.9353,25816553469.0,424869505147.5018,0.0392591710966021,0.0385081238377747,0.5838459042669766,0.4598560060002322,0.0241675993634634,0.2988455688377596,0.0026278882764577,0.0054906069602576,0.0008125263144315,-0.009656841944973467,-0.03430511214948218,-0.03421822708335985,0.13357753233801534,0.016431660807768037,-0.3159893857610707,-0.01784821175840886,-0.010347831776937988,-0.017626158868418382,0.45431100158225646,0.029848265516040532,0.02246885089045758
2024-03-05,3634.0364,3820.7597,3371.5388,3568.8763,46819957537.74737,439895581457.5439,-0.0184433974938993,-0.0186155975386244,0.8135634407578003,0.595293661625666,0.0877271156955919,1.2892181717425908,0.066906262443554,0.0490916781135087,0.046799448249519,0.08809515045657904,-0.0037839595636008742,0.08014710042980593,0.09433341382241978,0.07888338662489244,0.6612595550980593,0.15475193435142925,-0.01932921569353476,0.11736351777232785,0.4389995894822448,0.06690270591519341,0.3380481090566523
2024-03-06,3561.7433,3897.5136,3511.8428,3828.5982,65334878536.79791,452570501214.9582,0.0727741390196123,0.0702479466355034,0.3954493334199069,0.3332164662193247,0.0584140181412152,-0.4066751408459437,-0.0344891277599924,-0.0183662429284286,-0.0303983367168493,-0.054901250350955375,0.03867338492127442,-0.0320129469904845,0.12326459544558532,0.14811024793382208,-0.16794495515600483,-0.08937105300049675,-0.04282779101142512,-0.09549282927645758,0.5061663003360685,0.08567008571834392,-0.19709830284216157
2024-03-07,3825.5887,3935.9855,3747.3215,3871.5942,36303801550.452965,459429052528.3972,0.0112302199797305,0.0111676292286654,-0.4443427099966837,-0.5876035596609376,0.0339291228130463,-0.5432821720754113,-0.019338651792442,-0.0184272834521167,-0.0089370663235465,0.0013842302047004026,-0.05485939565335645,-0.022741864082204542,0.14398108316233452,-0.04514255314738494,-0.193910249485564,-0.005799312262556519,0.05790287402751988,0.014243749229063879,0.48699197169036607,0.03570081328041793,0.008037231079703444
2024-03-08,3877.8076,3993.3391,3844.0819,3894.9458,31443856716.763065,471804831393.9408,0.0060315205555374,0.0060134037468694,-0.1338687582603662,-0.1437188325492192,0.0267959770331142,-0.2360219600748432,-0.0047105891348469,0.0054007381892742,-0.0152535331667024,0.009333634367220421,0.053696939263421416,0.02959433618205893,0.1231060804561514,0.0010892119013035369,0.26228719781042154,0.02017706689600421,-0.022908963124413623,0.007281873036022901,0.4703604732246889,0.026012106692939276,-0.0018969445796039874
2024-03-09,3889.7214,3948.8374,3888.2514,3922.039,28234929441.5331,470829221073.5157,0.0069559889639543,0.0069319076809862,-0.1020525981954132,-0.1076437849960621,0.0096480704140946,-1.0214938272762044,-0.0188125947781197,-0.016928492075084,-0.0089071280681895,-0.008810136851580518,-0.0016356291443564847,-0.007551568206482812,0.13326271281044968,0.034768563502406084,-0.05666154734555651,-0.01666390111314464,-0.01940567994603124,-0.02155431552864702,0.4783931427347211,0.019589880807277745,-0.05102358839116938
2024-03-10,3917.6319,3970.349,3835.2639,3895.0927,17353264580.226482,472096230521.8467,-0.0068704824199861,-0.0068941928481217,-0.3853972748130857,-0.4867791952133928,0.0242129070770829,0.9201279030064328,0.0138859829109699,0.0058587332832982,0.01632772220642,0.005169631170789966,0.021078793162616717,0.019230230943189305,0.10735922074305299,0.0042002904458439926,0.14049515905819243,0.013528069684474772,0.036243182918562655,0.025614181082615844,0.44489594565272145,0.0030181226702992547,0.028313518105012037
2024-03-11,3889.3542,4083.2189,3807.2082,4073.1257,30778140301.30662,478841483542.5331,0.0457069994765464,0.0446932111799471,0.7736224880923777,0.5730240585880136,0.0403224190077041,0.5100217759196188,0.015336503479128,-0.0050213665799229,0.0198273838216281,-0.040402334702138346,0.04591169298378575,0.027291556092046282,0.11354430808522563,0.019550743856140015,0.14923772656789458,-0.0732500285949591,0.012266973019785028,-0.04425037476655573,0.4848620309013525,0.02229099505861971,-0.061466939173102864
2024-03-12,4076.2673,4094.1757,3874.9522,3982.9636,34803694659.452965,481090290652.9268,-0.0221358501162878,-0.0223845246450325,0.1307926443488025,0.1229188419954861,0.0361544183541131,-0.1091084532610073,-0.0006175406601037,1.535127585145131e-05,-0.0006477586938729,0.0449572811830146,-0.0769075149394211,-0.04533860000915045,0.10977538097881741,-0.04802420984643613,-0.32549151215427363,0.08113311850514607,0.008226596821075377,0.061615819198245936,0.4602715874730163,0.032176245288729435,0.13996013528295959
2024-03-13,3982.2827,4081.8289,3964.3421,4018.0569,33882154548.174217,483007794678.561,0.0088108512967579,0.008772262249061,-0.0264782265301379,-0.0268350882465431,0.0198891044910162,-0.5976270951570148,-0.0176970543513649,0.0087302009140684,-0.0295203309026924,-0.02625591184400764,-0.004171232904594473,-0.022809462535949676,0.04829969659237506,-0.13785078158689054,-0.42166381355027394,-0.026424666498269134,0.023567784409548778,-0.004270165407907506,0.4102674815441184,0.028246940384746035,-0.0775764459496624
2024-03-14,4011.6396,4018.9962,3751.6579,3890.384,29713647292.99303,472220454419.5226,-0.0317747864645719,-0.0322905601553981,-0.1230295803430779,-0.1312820161902813,0.0447793371761986,0.8115747405027802,0.0287216321754459,-0.0119982661347049,0.0415284884825306,0.016966934599492195,-0.0033197899404980233,0.010923053087804863,0.004841507208311649,-0.0314584622745724,0.12192291238717079,0.05971031822201235,-0.05525728315017548,0.02067591062540028,0.3833119016095364,0.011288643448835596,0.0380781087580353
2024-03-15,3894.5792,3933.1728,3607.824,3749.2041,44055756685.15035,447371462752.54193,-0.03628945111845,-0.0369642899551172,0.4826775134919041,0.3938495840078433,0.0562884719095221,0.2287429430798839,0.0084895946607619,0.0140144601910761,0.0048962407632003,0.01449874317662117,0.019122684519062155,0.02299713421938679,-0.03813618649367514,0.05936317712226168,0.33651814911765676,0.0350319779494454,0.02718472593675062,0.04215710545786963,0.29707468721036395,0.031170743737940213,0.07721810466599521
2024-03-16,3749.9245,3783.6849,3507.8981,3532.4625,31656354992.61324,442519542080.1777,-0.0578100296006823,-0.0595483576472774,-0.2814479338341842,-0.3305171110004029,0.0385380003097838,-0.3788449768167607,-0.0255302048078445,0.0030807417746013,-0.0326429693141636,0.013500770121052982,-0.02601115583537476,-0.0007327261305486443,-0.10461645182193889,0.015514707715114909,0.021731643316365457,0.048958330630813535,0.019864399171482763,0.05283442291677343,0.22158134441629881,0.013624776816338025,0.14138476819900214
2024-03-17,3555.7336,3682.9814,3442.9855,3663.6151,30996885011.73171,431056161634.23694,0.0371278109817159,0.0364551723582544,-0.0208321514285334,-0.0210522021468503,0.0438768610731553,0.1297423229660919,0.0138790486889365,-0.0111992771564939,0.0231595856519022,-0.005135068366754883,0.059250384578187,0.029917745204760968,-0.06126708661556247,0.05957988645172045,0.27847449521891265,-0.028802202034195756,-0.005043977801513361,-0.02852244243307811,0.26363446455004647,0.012562939677368937,-0.07090827184457638
2024-03-18,3649.1913,3649.1913,3472.2709,3528.6413,25266583604.721256,428802919561.72125,-0.0368416976990841,-0.0375374961651984,-0.1848670085668816,-0.204403999381091,0.0282659357862777,-0.439729701330275,-0.0184728391649142,-0.0136153090840103,-0.0164468554061316,-0.0499886305811133,-0.022601446498406064,-0.04592657061492077,-0.14349779396070816,-0.023642573713835043,-0.3355203290594515,0.03330675881848183,-0.04934913947484446,0.01812502043219033,0.23094614629062843,0.010802055371930921,-0.000391358256342178
2024-03-19,3529.8262,3547.1665,3159.7787,3170.3712,37630296750.11498,399043149797.3066,-0.101532025938709,-0.1070642171764258,0.4893306249398701,0.3983267740097985,0.0472368433376651,0.5135167701079144,0.002057390893902,0.0234590318558817,-0.0090380762222299,0.05346031330201598,-0.036588082880569014,0.014457980712425406,-0.22817748649210134,0.012194904450869768,0.300328132694228,0.060882523156513546,-0.01571292804448396,0.05858190518746059,0.09429594563067749,0.027656897568173685,0.0475765014955456
2024-03-20,3164.1316,3531.3412,3078.0581,3514.8143,47043055768.71777,395100234290.92334,0.1086444073173513,0.1031380143159979,0.2501377834224501,0.2232537719776493,0.0718944118380862,0.4200243731145323,0.0342635552360659,-0.0007638130306423,0.0412418848869288,-0.06331645103876785,0.1596554037493462,0.10438925271644878,-0.1338117344251646,0.05490069988584158,0.4098737993717414,-0.07548773121462996,0.04255040726028187,-0.06681104849138172,0.175331025490241,0.0325739649015157,-0.09547332966254385
2024-03-21,3509.118,3585.6894,3425.0405,3501.3058,44245048506.19512,422368503013.94775,-0.0038433040402732,-0.0038507085110899,-0.0594775831799438,-0.0613197955223833,0.0323823648663143,-0.7975845600335347,-0.032235768378187,-2.2185114965316e-05,-0.0373835400220242,0.018194813461908363,-0.013372880699208028,-0.010763610469732399,-0.10537188278085642,0.057309769284665024,-0.05786004059950223,-0.00451488700755745,0.024830646168077952,0.004067447107740679,0.14845183375017984,0.023497962455504822,0.03030649440471911
2024-03-22,3505.3801,3551.8292,3265.4496,3326.7581,27183652182.027973,410744031950.0524,-0.0498521722952619,-0.0511376983829861,-0.3856114277234488,-0.487127697131954,0.0497677759583424,0.4297537251146117,0.0143216340043506,0.0066827078216295,0.0132054492690257,9.705871312404996e-05,-0.05025052285312939,-0.04894147256327441,-0.1195452912087253,-0.06685624260186801,-0.24388521903734706,0.04002674611612006,-0.04277532617731802,0.026294566738249148,0.11028373234845887,0.000870670563823546,0.004653877278410601
2024-03-23,3331.1195,3431.2827,3288.2894,3356.3987,24481657007.91986,404503390067.9582,0.0089097551156485,0.008870297446457,-0.0993977982066182,-0.1046916263104349,0.0297301452184632,-0.5152061839067428,-0.0163815381192414,-0.0037880170988251,-0.0200275158436679,0.023175765697034514,-0.01210453810343426,-0.0029163946569615573,-0.05112663611499081,-0.029842762261306575,-0.03112884903410329,-0.006717587145736115,0.0047887070678213906,-0.005656984482789396,0.1200665491443359,-0.0007268309319162758,-0.006756986038465529
2024-03-24,3345.325,3473.0892,3309.7432,3460.4793,16352496809.58885,405839941531.16376,0.0310096056228361,0.0305385217933966,-0.3320510615642239,-0.4035435478345374,0.02679387369416,-0.1039882536908631,-0.0055650613302392,-0.0138916737995001,0.0055347785784387,-0.05713892784609177,0.02942974089773928,0.015669445945886262,-0.05704328667984874,-0.06382468188086744,-0.05019490216310807,-0.014654615126254822,-0.024822046751702933,-0.018505074962822277,0.16522261686814668,-0.005867753736404522,-0.051555256730663634
2024-03-25,3452.4423,3649.4378,3433.4649,3591.7146,19646724946.3554,422803962851.85016,0.0379240239928613,0.0372225874529536,0.2014510796195272,0.1835300592768476,0.0354474254474088,0.279877357560188,0.008911235909221,0.0180682078935157,-0.0060632236964968,0.023050095721516978,0.0041978888984608165,0.006013842124188484,0.0177167969383034,-0.025616904517246616,0.035438831754249556,-0.03564580995904004,-0.008682587779474244,-0.03637349316954344,0.18010950851366098,0.004258051752333959,-0.12661227684887688
2024-03-26,3587.7997,3676.7396,3553.2567,3595.4684,26064494721.57492,434136144727.8362,0.0010451275833553,0.0010445818177526,0.3266585037833525,0.2826633776821861,0.0241195735447722,-0.3850269343063481,-0.00793988451731,-0.0063489187899983,-0.0050707422432463,0.034881918321570275,-0.07991921344760222,-0.05978199216257145,0.12582559593248174,-0.05487999535516941,-0.20807897826573551,-0.012701463587582784,0.03986294062812994,-0.004528573129378655,0.14290308646117691,0.011364687340448647,-0.00960496927094412
2024-03-27,3591.1871,3660.0635,3470.6405,3509.6288,23415479518.853657,427963136941.0139,-0.0238743858797368,-0.0241639978584912,-0.1016330924891683,-0.1071767111530314,0.0347582918355151,0.3653944663809896,0.0086115683360064,0.004841813749191,0.0088410970377238,-0.011343190050713027,0.006578486650548707,-0.0016226141243120273,-0.0014764162420073416,-0.12244658746069961,-0.149290084110131,0.008233184202956711,0.006544386736510227,0.009851351418726395,0.09822142736009763,0.0009223281992782849,0.01790252540151882
2024-03-28,3505.8286,3611.656,3476.2504,3567.0539,25601507536.755245,427348384029.5805,0.0163621577301849,0.0162297401003359,0.0933582426164472,0.0892539163493136,0.0247849711995985,-0.338180688056148,-0.0100837776165245,-0.0090133622976836,-0.0047491829356728,-0.008569222849689084,0.0071030300714456235,0.002009459000228697,0.018604032369418634,-0.10845616749006387,-0.008419855131726273,-0.018494034259533054,0.023173565780450572,-0.008235870653557076,0.09382264648346232,-0.004935219627599518,0.004475974297030172
2024-03-29,3567.225,3586.3339,3487.5848,3520.503,18536682158.29021,425081161185.0909,-0.0130502373401197,-0.0131361398715319,-0.2759534909544797,-0.3228996496465082,0.0179623430013974,-0.3219599584492361,-0.0066115372735587,-0.0092750024167768,-0.0002168012781938,0.02745238125756609,-0.0494269944839089,-0.01590144496593293,0.05660559088087297,-0.054595251288571414,-0.157164757930484,-0.00874773447520169,0.023362578437715734,0.004118510857038571,0.039369741599592854,-0.012749038723052537,0.03571252596949237
2024-03-30,3516.4117,3568.2412,3497.0488,3519.1419,16656105596.710802,423417638388.7979,-0.0003866208891173,-0.0003866956462423,-0.1014516268618412,-0.1069747365469961,0.0142424397534663,-0.232051288703091,-0.0022265184766133,0.004289613552318,-0.0086671084051368,-0.0011421452403629767,-0.0041036628092423096,-0.0026590526991365215,0.047348597788173505,-0.05211743269699185,-0.05375045976462367,0.0047432618095576695,-0.006485218591986572,0.0005322304394818345,0.04853190444143411,-0.033409442472231675,-0.00433130619236044
2024-03-31,3517.0681,3659.4654,3517.0681,3653.6502,14470853501.923346,433640851431.5122,0.0382219029019545,0.0375095411851344,-0.1311982613282059,-0.1406403285708196,0.0150632975907919,0.0560349396245385,-0.0074664323520039,-0.0062935986152369,-0.0058969565184876,-0.04441680678222375,-0.00710275472549628,-0.04205400489351228,0.0543196171799114,-0.01294732696942522,-0.7068952902383794,-0.033761793466565077,0.03199777492713529,-0.0070831758420131785,0.05915303917351582,-0.01860579421366962,-0.005575335941478299
2024-04-01,3652.7203,3652.7203,3429.8378,3511.6981,18201134326.12892,425281550994.6167,-0.0388521320404454,-0.0396270130039514,0.2577789087360864,0.2293473946102134,0.0371900617358806,0.9037804060137886,0.0305909240916738,-0.0079448037089071,0.038535727800581,0.013622301882555112,0.014079021669192789,0.019574468273329475,-0.02252998327699359,-0.010062033471002672,0.3535842835082512,0.02364766806954663,-0.01812066252589631,0.006358581485405551,0.022750750842876546,-0.0016673768860430962,0.015135313030404385
2024-04-02,3511.5634,3511.5634,3229.8141,3279.5594,28351731556.358887,400451645261.00696,-0.0661044011727545,-0.0683906255585359,0.5576903641471465,0.4432041883822283,0.0411433452746077,0.1010206273751097,-0.0027817568650219,0.0,-0.0027817568650219,0.012130872351961884,0.007673585488613244,0.014119111886950149,-0.09196519065328236,0.015874015098075126,0.36407479162409295,0.022237427682396532,-0.029717240399839293,0.0038193358652768294,-0.06464917393493422,0.013476227822941516,-0.017813621969834825
2024-04-03,3283.1728,3365.8964,3221.5134,3321.2273,27226114831.296165,398621870510.1742,0.0127053347471004,0.0126252991876902,-0.0397018687491862,-0.0405114893457123,0.0301629809274315,-0.3104468199515158,-0.0055814731196869,0.0182331892357084,-0.0117137871853534,0.01882878983272377,0.010513064874604384,0.021203090387584424,-0.055175893607100825,0.025899681223196126,0.20551122245385622,-0.028773740915852136,0.022225109865504536,-0.013501670489861117,-0.09053199858501862,0.001564361196520515,-0.01972876732064499
2024-04-04,3314.8306,3439.675,3262.6895,3331.3943,20347805872.010525,401101564956.0245,0.0030612177612776,0.0030565417745653,-0.2526364485680891,-0.2912035302701493,0.03722432315294,0.2103470204386925,0.008723984256391,0.0161548875564915,-0.0058633718148949,-0.015527159056818347,0.007696276794235381,-0.005815930530295235,-0.06834909193287171,-0.03588555598201956,-0.050896178678371484,0.011540081565865529,-0.004921401028077338,0.006835800840177264,-0.06885985927182896,-0.029795911311385103,0.018335146197358876
2024-04-05,3324.0272,3343.0863,3225.0019,3326.061,23831950603.118465,396494426863.8397,-0.001600921271913,-0.0016022041157098,0.1712295051871202,0.1580540561780138,0.025425342151143,-0.3812159966946398,-0.0078745469352401,-0.0289851938191829,0.0123710082033759,0.012751602092165977,-0.005581146894108213,0.0050137471732489,-0.05681515617704967,0.03616440617919142,0.046145904048826125,-0.05074319386714726,0.02235622477693397,-0.02475233597495652,-0.14071001002304226,-0.04857783706166467,-0.08113967490091967
2024-04-06,3318.1087,3397.7313,3316.7243,3365.1664,16843599707.247389,401605907921.0488,0.0117572708377868,0.0116886911456307,-0.2932345325924196,-0.3470563973878094,0.0146467599884204,-0.5515272493128078,-0.0157111653175227,0.0097089909404323,-0.0280879544330575,-0.004034587016465009,0.008991318366204468,0.0033168938203882864,-0.04473976938517667,0.0012568362705763798,0.03102383603891745,-0.015553387080107825,0.013721561399755416,0.000847046922547029,-0.14018894810607704,-0.023616535929104808,-0.0030793506933202153
2024-04-07,3360.5925,3463.4984,3352.8106,3462.0489,12749497898.470385,408159883981.9199,0.0287898096213012,0.028383169340674,-0.2430657270378737,-0.2784788549917639,0.0136286943695276,-0.0720416996202439,-0.0059858236218293,-0.0115586198918345,0.0061615615223498,-0.0576848504637879,0.03322808116236599,0.0105114083251555,-0.05386614122963705,-0.01159858337222128,-0.04177197833377022,-0.010494275593226257,0.022354544867654647,0.013252824384786338,-0.11781918251227255,-0.023224759183275837,0.03695842828067342
2024-04-08,3456.3606,3724.6406,3422.8278,3699.5419,20463939705.55052,430431125658.2892,0.0685989732842884,0.0663484197365509,0.6050780876638031,0.4731724081485056,0.0422440198112834,1.1312853506737146,0.0262187849144445,0.0189287413984249,0.0189088597902066,0.019957585145769657,0.014104805535282983,0.01591332898457068,0.052109291510865345,0.015219261394696796,0.16756511234379623,-0.0258484690635907,0.044737632237166564,0.030949346349713885,-0.058402670456707724,-0.009815208638428358,0.05312209631490794
2024-04-09,3702.1783,3719.8724,3480.2572,3510.2155,27414389831.860622,432872592945.6272,-0.0511756333939616,-0.0525315695696644,0.3396437942213492,0.2924037534170885,0.0334894969154506,-0.2322309360969456,-0.0071459740127215,-0.0058506889892805,-0.0045122016355485,0.06653173097150533,-0.06887630645805634,-0.015589501771817352,0.06796834749973685,-0.006276331432460436,-0.03703314110332645,0.022029977943111498,-0.03529628921384012,-0.024409738985184337,-0.10404004717825045,0.012689497993950612,-0.03678846466835983
2024-04-10,3505.5251,3559.9659,3426.2983,3547.5273,25494309764.84616,421861208539.6189,0.010629489841863,0.0105733939781913,-0.0700391319591936,-0.07261277109559,0.0260291350080611,-0.2520153768833153,0.000736156389354,-0.0092869606661143,0.005174919076966,-0.01113059660687965,0.010834421351953713,-0.004342564154208792,0.065916442290238,-0.011700618140496076,-0.011917243093886754,-0.06380511296804989,0.024364661106160423,0.004693249847214531,-0.1381598643800062,-0.0066440996835686605,-0.048601111682899045
2024-04-11,3544.0727,3619.6398,3487.4192,3516.6996,23359330960.536587,425841437102.5226,-0.0086899119846097,-0.0087278894436787,-0.0837433460251383,-0.0874587636249859,0.0258681876209689,-0.0062025513044243,-0.0018677606779655,0.0173277005686555,-0.0165855405320942,0.005493816765827192,1.154088558399935e-06,0.004595381406721097,0.05413201107199406,0.020259688200988016,0.031101298953953194,0.03559274566049893,-0.014442528965860235,-0.00633090286728763,-0.12450322917865242,-0.014543762281241502,0.009354836102997366
2024-04-12,3515.9494,3559.298,3207.709,3245.0984,20597446897.686413,413222734268.3066,-0.0772318454496369,-0.0803772628679917,-0.1182347245953284,-0.1258293860526977,0.0540946945167835,0.7377221763896631,0.0195927405186906,0.0089800345742496,0.0210007150258557,0.04535818202044965,-0.03137142444151421,0.03206830737955786,-0.024643047680287758,-0.02177619903154888,0.0909194906950761,-0.04086197742956088,-0.06691876096281385,-0.07495281674085913,-0.21365275429570524,-0.017152139468068334,-0.31032857642542444
2024-04-13,3231.1639,3297.6372,2874.401,3024.3586,32796794122.344948,384236672197.2335,-0.0680225289932656,-0.0704466373282666,0.5922747263413901,0.4651636393316098,0.0880007369194893,0.4866090755664376,0.0409563792750351,0.0083195137441637,0.0445274635538211,0.02014960657326803,0.06934471055336187,0.043617814539164385,-0.10677837615418515,0.1030820522069256,0.4908312881778707,0.031105178964479948,0.0059666143641535635,0.014341419295658964,-0.25180883146857386,0.004007005773057346,0.14791568721245762
2024-04-14,3020.6766,3167.6846,2921.9017,3155.7818,45094615982.20557,366674727759.561,0.043454899825702,0.0425372265011528,0.3749702429446275,0.3184320893895377,0.0502196981289238,-0.560937845790118,-0.0354807268451468,-0.0285963810225103,-0.0265391175256033,-0.03505301803580736,0.04207343167249891,0.0006976465969638912,-0.09262431899370646,0.18114397576163488,0.018364041170952028,-0.010572391953030606,0.03329741229178522,0.028356639117271126,-0.1723073150123039,0.0013465430433983305,0.03565859586849918
2024-04-15,3148.3086,3274.6408,3046.618,3104.8875,30679480180.114983,380234324207.1882,-0.0161273190687646,-0.0162587795989259,-0.3196642323726368,-0.3851688267566076,0.0503009553588678,0.0016167274052403,-0.0002165670974094,0.0323877219998464,-0.0256558469150356,-0.0819537288485638,0.008495660491396884,-0.02930374748335776,-0.17523151832918335,0.051004974608296685,-0.17784751119351316,0.05157420892499113,-0.029490159236657376,-0.005010306553925897,-0.12901773696395222,-0.001266149443252272,0.0036801498834215796
2024-04-16,3104.6052,3120.097,3011.6021,3085.2485,29508772950.404182,369044674825.86414,-0.0063251889158624,-0.0063452776782196,-0.0381592915798357,-0.0389064257897583,0.0247221047078482,-0.7103262992750032,-0.0239982644689792,-0.038285831320093,0.0021667238275386,0.04218114290269984,-0.021178874528369862,-0.004316744427315361,-0.12904522643773852,0.010143185647345317,-0.024356170949088707,-0.029819667802099457,0.0018862514061594449,-0.013606545997918329,-0.1718181870004265,-0.0019318619731209415,-0.07715011938440797
2024-04-17,3086.2507,3123.377,2940.8497,2986.9312,23766865779.35192,365614112033.7108,-0.0318668982417462,-0.0323856993416904,-0.1945830543581994,-0.2163951907540871,0.0374121893645193,0.4142987992895257,0.0077195693366133,0.0156342430824564,0.0002845652800239,-0.007867528134509083,-0.028856531848348438,-0.028467156306233393,-0.17200431975762037,-0.008358633946317926,-0.14159072226641345,0.046809912328222576,-0.0411639015948799,-0.003524647397380759,-0.16666639017691842,-0.001950711747991601,0.002477782786570959
2024-04-18,2994.9314,3088.8207,2964.3582,3066.9058,24462589620.68552,364033049456.682,0.0267748383357473,0.0264226647825244,0.0292728476607979,0.0288525797803,0.0250586351741345,-0.4007780844981385,-0.0119909843894503,-0.0082861481417845,-0.0087116342250902,-0.020952894557360838,0.024599308597428857,0.012019339663550621,-0.1368537655314171,0.005346425476589314,0.011427616130435858,0.06912089206352409,-0.009913004922480664,0.05419682139172652,-0.0331795082179682,-0.017292869041649266,0.1878584434181403
2024-04-19,3064.6866,3119.2634,2883.5642,3066.9869,26626321057.444057,367780406783.8532,2.64435901486948e-05,2.6443240523128376e-05,0.0884506289117033,0.0847552436695044,0.0555552711538704,0.7961599161827806,0.0398311310410922,0.0024471479621126,0.042611883930475,-0.004287858645821083,-0.02717403707650108,-0.026796512763958127,-0.056450059422902196,0.02872170260271366,-0.31130938244590034,-0.07040400076667962,0.0348491436020083,-0.0381304824332685,-0.1362910792934429,-0.02741851573931861,-0.1113854927958644
2024-04-20,3061.1119,3164.9343,3029.3462,3156.4933,18414450765.38676,370812382193.7317,0.0291838220763187,0.0287660823710093,-0.308411750701153,-0.3687645159205144,0.0243905128792386,-0.8231841615767337,-0.0409206745422162,-0.0078343687228781,-0.0405826654531593,0.016038651113679227,-0.0222908228054593,-0.010544494469872476,0.04276266027637365,-0.06993246753486203,-0.06645492635224004,-0.00740180814077572,0.022553667755285375,0.01259025777040032,-0.1036742884113437,-0.035802284808536845,0.04941934908602774
2024-04-21,3152.6366,3197.1134,3125.9824,3151.7936,13828359560.832752,379923371242.5958,-0.0014888990893787,-0.0014900086010653,-0.2490484925661961,-0.286414199963491,0.0159088493270037,-0.427318724415719,-0.006332464570052,0.0047043264746201,-0.0123538199441713,-0.015679373364565444,0.023574370484460386,0.0118640447407303,-0.0012645748258443858,-0.17134660889729683,0.04844167670897237,0.03634746315375437,-0.019747312376385995,0.010359376960168948,-0.0540265986294228,-0.019026206002377418,0.04966691687431135
2024-04-22,3154.885,3236.2895,3139.1486,3205.1638,15268999696.658537,384038270821.7282,0.0169332788796829,0.0167915090929128,0.1041801183638755,0.099103085239193,0.0191785750312944,0.1869182563350393,0.0022891530201479,0.0015484893911636,0.0018455831376632,-0.018749198383399283,-1.7688949552494004e-05,-0.005909997088997421,0.031785713865994346,-0.09664317825899012,-0.12755440466496282,-0.00953881719158406,0.011993300480216101,0.001181048006978519,-0.04610538698296708,-0.013338745741025804,0.007282892607314517
2024-04-23,3203.5081,3259.6654,3161.1935,3222.9544,15615157883.369335,390925135790.0557,0.0055506055571949,0.0055352577131957,0.0226706525370192,0.0224174923557251,0.0213617978194748,0.1078104059433888,0.0025942653050106,-0.0016613388602071,0.0058385760590809,0.00484661118110637,-0.0014315011161865343,-0.0001836656099772488,0.04366624925740992,-0.09593812854280312,0.04010572742833762,-0.02223625712395945,0.016268084151369377,-0.001967145857924013,-0.07110865106316795,-0.0010753018896505154,-0.017335770105909587
2024-04-24,3226.5814,3292.5009,3119.827,3143.4108,16777945141.348433,392818371296.6411,-0.0246803367742342,-0.0249900019998087,0.0744652898589968,0.0718231330505023,0.0344606589858361,0.4782141759989922,0.0131946753555108,0.0165837871435062,-0.0001219152378951,0.04137025097238022,-0.029760389695692502,-0.002915160233147293,0.05106194659929139,-0.05197846153857908,0.07509242301695052,-0.02508938071687887,-0.003985867519903014,-0.01693314931492973,-0.13332124051593025,-0.004194735083164664,-0.08432412011077473
2024-04-25,3144.7356,3191.1677,3086.2351,3160.3572,20916663780.80488,384275950203.8467,0.005391086650208,0.0053766067608188,0.2466761337332528,0.220480916633176,0.0234406323350727,-0.3853474130303094,-0.0102585905330102,-0.0186884496137647,0.005192634415765,-0.012058469129649349,0.017543640518483117,0.00479164239869645,0.030015888577585893,-0.0274425379096589,0.03306705071671212,-0.002267705067513434,0.0044784140770781355,0.0028339203621490228,-0.12898921557286405,-0.007571569284326731,0.008233370073965185
2024-04-26,3159.7408,3164.0257,3109.0185,3136.485,17568442069.9338,383571092868.8153,-0.0075536398227389,-0.0075823130427337,-0.1600743668282188,-0.1744419230023169,0.0115200544029133,-0.7103815633654817,-0.0118285876396189,-0.0084827725039631,-0.009179997386569,0.005281240532515802,-0.05568293408030764,-0.029858084519646375,0.022407132294329026,-0.07372321799683873,-0.47791182198535775,0.024583859907909247,-0.013674826727780531,0.0018838393799833208,-0.11240753075710659,-0.008670098085144011,0.027155540299196312
2024-04-27,3138.1956,3276.4548,3090.4257,3266.4045,16096897368.655052,385995129319.4982,0.0414220058441217,0.0405870925433027,-0.0837606826730021,-0.0874776849739393,0.0330002948702078,1.0524271191556895,0.0189188598096101,0.008066779537422,0.0172155121061276,-0.04089052635640139,0.015712457803485826,-0.02303884538553104,0.034228142466622265,-0.019769720390380455,-0.3506598323093839,-0.026714363264220664,0.03451896181303865,0.015884624971275935,-0.08805017831413994,-0.014256025758900642,0.030150772952328042
2024-04-28,3262.7431,3349.1001,3259.9104,3267.5264,17495409070.247387,403962888143.5924,0.0003434663404364,0.0003434073693756,0.0868808236496314,0.0833119642715784,0.019064476349761,-0.5486897705293852,-0.0059158176694379,0.013871550587186,-0.0277224511627529,0.019795177429811888,0.0006839241665869966,0.012827837077631854,0.036061558437063185,0.031103976477443365,0.2890631921443285,0.011498446478048083,-0.005398901957313601,0.0002704832628466769,-0.07457063107323243,-0.001574236352875789,0.014767680329063282
2024-04-29,3276.7759,3290.2292,3128.9746,3221.3244,20112239962.38676,390258332156.72125,-0.0141397480369248,-0.014240666713442,0.1495724324954221,0.1393900754111413,0.0339131196157981,0.5759752224751784,0.0123848747189729,-0.0160681661874809,0.0352166128660647,0.00319897684675248,0.004534324725933965,0.005437998406663293,0.005029382630708346,0.03965152096853462,0.07497381341353515,0.004449526027486203,-0.009121944482612443,-0.005720577257286585,-0.08842460214043232,0.005215605692637257,-0.014475460403363671
2024-04-30,3215.8261,3251.9596,2934.4719,3025.4554,22560950656.414635,375229420309.8989,-0.060803873090211,-0.0627309537351758,0.1217522612402881,0.1148919816867562,0.06195389003024,0.6025884503333461,0.0222139443651135,0.0190899814068992,0.0162331992679498,0.01996369535285015,0.013857426837762747,0.024086106674995562,-0.06323682881766324,0.054253727384764215,0.3810930298181363,-0.027570973298953652,-0.04084999187657298,-0.04919129911616357,-0.18866509706074253,0.012103332136192262,-0.21602314481058915
2024-05-01,3020.1584,3025.2748,2842.6042,2978.4627,27698776252.498257,359085171300.11847,-0.0155324385214866,-0.0156543306804181,0.2277308999221099,0.2051676688397122,0.0431836144651607,-0.3609292706548856,-0.0065861090360931,-0.0232644368466965,0.0003118961182524,0.02438931161852903,0.014842627319015568,0.02823824418711668,-0.05390115749827263,0.07976277914817809,0.27253421416518897,0.051090296976254515,-0.011452245265954689,0.024001471750195125,-0.16469241473720914,0.014024664327363141,0.135545602284604
2024-05-02,2982.6549,3016.1151,2905.9576,2996.1961,24512610743.36934,358685178592.1882,0.0059538768103424,0.0059362225254398,-0.1150291074264172,-0.1222005242624512,0.0261579982337426,-0.501306124967345,-0.0239275677537657,0.0034599107151358,-0.0249604159481991,-0.005430298366695938,0.005933337546826456,-0.0002442934287623516,-0.053341541733651555,0.024930323788661078,0.0019802085575957307,0.05093789125495121,-0.01225468662154594,0.03540665465062656,-0.09036556665323316,-0.005645363395165819,0.12265708166293887
2024-05-03,2995.1504,3129.2215,2970.1135,3109.1052,17797249529.780487,364082517035.0488,0.0376841489113479,0.0369914502993109,-0.2739553646037216,-0.3201437847851448,0.0286875146350766,0.0923069944314982,-0.0036921466684095,0.0082075045969749,-0.0086313262504604,-0.01095800172436906,0.019550880571888196,0.007297723333653611,-0.008767778391606942,0.0015654620243467632,0.04107606831434518,-0.020592660330300466,0.03027906741661722,-0.0005623733594244118,-0.06599941554161261,-0.01400176889066989,0.02413347317996961
2024-05-04,3109.0019,3167.0271,3105.2793,3122.9548,16112788053.874563,375675206669.1812,0.0044545292323978,0.0044446371824614,-0.0946472921609197,-0.0994306787892902,0.0136416897072584,-0.7433314744015771,-0.0095056977199833,-0.0007074473182166,-0.0169859148288637,-0.026808774463824687,0.019711734586258328,0.004568533715001391,-0.04491023375244815,0.000108630430684629,-0.027089454825704795,-0.0035096751035527674,0.003953941030126404,-0.00016767299799438917,-0.06461132013371639,-0.006353332530200678,0.0011693009790987308
2024-05-05,3123.1863,3171.0526,3083.8993,3145.7927,12769298228.240416,376368010916.2474,0.0073129140389736,0.0072863043340079,-0.2075053562707389,-0.2325695319547894,0.0191896107491209,0.3412385021917585,0.003010588561701,-0.0050684884306132,0.0132525056593459,-0.02917360413845635,0.006153959661247585,-0.0008377053141727514,-0.03796733678781576,-0.03283981878583729,-0.11712925903943594,-0.0018773568846885413,0.0038918229839115664,0.0011528927791428778,-0.05572281168399856,-0.016789066460685002,0.005755927934507854
2024-05-06,3147.9043,3226.2427,3064.5102,3070.6776,14774931107.118467,376193524069.8014,-0.0238779561030832,-0.0241676554101668,0.1570668053192163,0.1458881866649682,0.0329274634836216,0.5399380401311129,0.0163018879920928,0.0238248548849766,-0.00851310085568,0.011754014226009961,-0.022446299166485703,-0.019979428144525926,-0.04789432548454049,-0.038431590866611826,-0.10011635653887829,0.0012003288351883634,-0.011538887233134953,-0.006562753633518048,-0.09157915823979616,-0.003171008447520964,-0.029745004659694985
2024-05-07,3073.4499,3129.9726,3017.5895,3018.8003,18009353668.947735,369251753660.5958,-0.0168944144445513,-0.0170387530513483,0.2189128692634609,0.1979593707201197,0.0233278902881827,-0.3446574130919133,-0.0098051179602638,-0.0091820750385622,-0.0046345031259935,0.040917314092730625,-0.03721182550779637,-0.011192235673619072,-0.002202124800713163,-0.03398288626659989,-0.013098585615463065,-0.015592389893245961,-0.005233838583996578,-0.015323825037537403,-0.1370010806318185,0.008043061152004783,-0.06269992736607977
2024-05-08,3016.9787,3039.6624,2950.6782,2980.2923,16305526586.721254,361327030605.0418,-0.0127560607437331,-0.0128381178504116,-0.0946078972930755,-0.0993871664537905,0.0195847444378339,-0.1748987346449411,-0.0065884433389127,-0.0135166695098892,0.0121838517358473,0.012666181089189862,-0.03471180567215134,-0.006648873447505116,0.0006140880292934214,-0.09049984973604823,-0.19131541494926374,-0.09281606879211934,0.0033603577032926824,-0.04930046768946475,-0.2161876182187812,-0.006353436742025096,-0.2460289177262649
2024-05-09,2982.4435,3057.9938,2962.5723,3041.4941,15431620439.303137,360740331162.1742,0.0205355025075895,0.0203274919890261,-0.0535957022160695,-0.0550854251364596,0.0188147067074024,-0.0401120824690086,-0.0015884883943441,-0.0005216394891953,-0.0016391928259897,-0.012696727071068448,-0.004356564985356803,-0.013421256583870847,0.015005357492879694,-0.07849968843233301,-0.1694376238736197,0.042154225800410366,0.007274384255293309,0.02411737204730438,-0.14332855666009053,-0.018536923814929187,0.0867809479167998
2024-05-10,3036.2341,3055.5622,2893.4119,2914.7175,15348847522.299652,358912264073.77,-0.0416823428985114,-0.0425759723597287,-0.0053638512772559,-0.0053782883762951,0.0290197508861401,0.4333378275150035,0.0079147086923777,0.005671090457579,0.005543898395709,-0.0048934422021049,0.0016667262814227916,-0.00407527837918456,-0.06456206516616009,-0.022263862360424935,0.05171979998474496,-0.007063689495362041,-0.04473067052395972,-0.04006290597168512,-0.1964779229980107,-0.01596785291997689,-0.19715359309815605
2024-05-11,2917.1542,2942.2771,2899.6712,2917.5761,14615951567.163765,350918186700.95123,0.000980746847679,0.0009802662297067,-0.0477492498424455,-0.0489268858499828,0.0103137889686122,-1.034494928460425,-0.0150980803360467,-0.0088021323889281,-0.0127181042021729,-0.004171093801306494,0.002248309889944105,-0.003015549660578945,-0.06802643611891468,-0.013859312391899284,-0.02164605820521004,-0.018243135824828206,5.919082716140944e-05,-0.011198181930001272,-0.18676976732462516,-0.013968691612210146,-0.0993375394311311
2024-05-12,2921.2714,2957.482,2913.4757,2940.0684,8710887809.041811,352364420037.8049,0.0077092419285995,0.0076796775716797,-0.4040150058644342,-0.5175397898586386,0.0098224487560499,-0.0488112793056512,-0.0006042365722504,2.6734650467123356e-05,-0.0011556554804894,-0.009355083134427677,0.01151202416790914,-0.0021886739203896693,-0.0676330628812429,-0.038573176953969876,-0.0012980733428302749,0.01897752203761611,-0.00867126955524801,0.005532984529539056,-0.0987128268849537,-0.0193088078575579,-0.08413793040334605
2024-05-13,2939.8921,2991.1717,2879.5344,2951.8969,14451671027.114985,353931208475.7317,0.0040232057186153,0.0040151342679831,0.6590353754888567,0.5062363343618334,0.0267763948228302,1.0028502537601378,0.0174152799586432,0.0065886926959886,0.0177630922514596,-0.015111128015964752,0.0034964616290230066,-0.008447038426325895,-0.039450273203092905,-0.0031373689722057024,-0.18520184639709125,0.04581270322979429,-0.017842953723169373,0.028972125144035146,-0.024251055288703912,-0.03055180604226068,0.1402578271925603
2024-05-14,2950.9286,2962.4673,2876.9228,2885.9471,15243697099.03136,350244429929.1707,-0.0223414984446104,-0.0225948503387076,0.0548051550876251,0.0533560627505289,0.0154192230171266,-0.5519057303290236,-0.013787027585216,-0.0050122437451342,-0.0137716870385563,-0.004709410528289219,-0.028017174949708765,-0.021308162701542673,-0.04500637049045212,-0.02725194258504312,-0.47518345810504226,-0.018220000463970154,-0.00856273099521758,-0.020110405194523936,-0.08938313212856429,-0.05179938875754154,-0.11498664833810635
2024-05-15,2890.9995,3040.3976,2871.2261,3038.4018,15530322763.84669,353959643433.3275,0.0528265746797647,0.0514785231774154,0.0188028968926141,0.0186283075551393,0.0261423537279443,0.527941768421281,0.0070515509129685,-0.0043538118327386,0.0107890933733223,-0.015282454917656462,0.03417460870084449,0.017569447376719654,0.019310270537374927,-0.0077737972466044875,0.2600125820978416,-0.010018598607516555,0.03731887506395317,0.01145077881489072,-0.021645829352222985,-0.027351287565080828,0.11594719171650736
2024-05-16,3037.0939,3040.4646,2930.0507,2946.525,18409130091.70732,358471069527.8467,-0.0302385286896551,-0.0307051435901373,0.1853668704530893,0.1700523219914156,0.0181684881250349,-0.3638680755541581,-0.0051681720594365,0.000148145696054,-0.0055241604105695,0.0025046485118468097,-0.008342350679346633,-0.0071253916161753,-0.03172236504178868,0.029534559723184577,-0.07682041646935689,0.01640096303102434,-0.0222949564633068,0.0007227138451279536,-0.046005695264140736,-0.020525823888299773,-0.025112008012165177
2024-05-17,2944.6721,3114.4688,2939.1483,3096.5567,17499374712.27526,364653625093.993,0.0509181832836986,0.0496642423219873,-0.0494187055499093,-0.0506815926203977,0.0264830441910377,0.3768160146199837,0.0051638388085406,0.0120818516221918,-0.004286421355238,0.0042445991571276424,-0.00340761990084322,-0.0012481376237639258,0.0605178496399273,0.020801747720537042,0.09749218645947622,-0.008699792325643954,0.012494885540742906,-0.0008247912129994983,0.03604424639953703,-0.011778915739318224,0.015572225516065963
2024-05-18,3094.1352,3148.4639,3091.3772,3124.6459,15607196432.749128,374230786925.331,0.0090711079180303,0.0090302125434546,-0.1081283366198695,-0.1144330318875305,0.0114111256362941,-0.8419158738626824,-0.0086210588894044,-0.0064851356384181,-0.0068077356189645,0.004418686325624983,0.0036043100176104403,0.0053540426954804335,0.06856779595367529,0.009444395973835564,0.12894999752011183,-0.015147636211050378,0.017523774461985123,0.00018660007409865287,0.018651794160467226,-0.016882648286706683,0.010836999754529675
2024-05-19,3124.5805,3138.3659,3064.9943,3077.2446,10498406217.54704,372228665170.92334,-0.0151701349583324,-0.0152863785748978,-0.3273355491625731,-0.3965086608391048,0.013776657001205,0.188386825777556,0.0008774156630071,-0.0021919630189238,0.0056741339453723,0.015752836794350508,0.002238331687657788,0.011562365310292685,0.04560173980709762,0.01680890524723225,0.16030523846325995,0.008782978851625295,-0.007717326625112,0.0009204548030695703,0.0033389723450462307,-0.03149953966955599,0.005025999011786908
2024-05-20,3073.1032,3678.9175,3058.8148,3655.0761,16711641275.91986,383216106689.8188,0.1877756158870178,0.1720823275852483,0.5918265048639493,0.4648821021266939,0.073607768383973,1.6757749305869818,0.0319369544132603,0.0248980758409779,0.0200452519445879,-0.0017381081929272943,0.04082777217065686,0.033060004662474,0.2136689331243631,0.020855002998316347,0.6655639985510828,-0.05556417876769451,0.08467934640409024,0.048274026997193645,0.1466552175592854,-0.0033844238834929378,0.30674645008182266
2024-05-21,3668.3001,3809.484,3635.5832,3783.9725,51567094232.36585,447199485584.09753,0.0352650386677311,0.0346574699429375,2.085698967621445,1.1267782014257306,0.0268187251434544,-1.0096502259375812,-0.0199773629472698,-0.0182731593923192,-0.0098776268891701,0.005193009746892324,-0.03777090742823513,-0.02845791373737718,0.2709212534060082,0.28647225801668885,-0.0418013267025974,0.003911733780325784,0.011352422371997073,0.011901184728154074,0.18280269610328834,0.07244605148724037,0.09646526692966706
2024-05-22,3782.7658,3798.8464,3679.8664,3740.4041,40014294156.90244,450294175895.4808,-0.0115139314569542,-0.0115807300033591,-0.2240343429747171,-0.2536470161889801,0.0213844572599674,-0.2264359810389682,-0.0020310104777044,-0.0078201283656034,0.0022821231684502,0.021338664503332827,0.05007631083398611,0.052389994982650505,0.20786200022523368,0.1552088019231607,0.19450716715325234,0.020713408507721617,0.008453502715510514,0.013373436987640264,0.15443045700701633,0.044804135461215214,0.05496640551216592
2024-05-23,3743.3851,3906.8369,3686.0141,3762.9906,38218067429.25087,454989857889.6829,0.0060385186723541,0.0060203598832665,-0.0448896267071032,-0.0459283710508942,0.0410128530905669,0.651221145706713,0.0211353365298631,0.0319311174832527,-0.0033469100930962,0.03859262455974749,-0.07206230152740328,-0.00839762271181374,0.24458750369863763,0.11003130793178913,-0.011843667942605052,0.028408277476143308,0.007392520057125984,0.017001920495594708,0.15491555917708705,0.039241713058570306,0.1049572983932161
2024-05-24,3768.5169,3813.6985,3651.6707,3729.3849,50662180631.808365,448277908521.6063,-0.0089305830314856,-0.0089706997102832,0.3256081230583934,0.2818713149466804,0.0300054548608003,-0.3125063137637403,-0.0133549032855506,-0.0237178610331309,0.0078875464375379,0.001133637583020597,0.026164812561522047,0.009313258313661449,0.1859525616663671,0.1607867709579346,-0.023816721600888435,0.015719663362710495,-0.02290967671700539,-0.012994381072800182,0.17093486146661266,0.05608570225048193,-0.0259461850354179
2024-05-25,3725.8296,3765.8658,3718.0679,3746.9927,21662918305.146343,449798743843.8536,0.0047213683950937,0.0047102576934181,-0.5724045425011723,-0.84957772313644,0.0083180627422526,-1.2829498095850544,-0.0221329333679353,-0.0089949112166343,-0.0217341064772585,-0.007510349881468134,0.01799764642675296,0.002305820749313403,0.18163260681633048,0.026760507533508452,0.02148506283932461,-0.006274432829502269,0.005320930207721286,0.0014652231174731023,0.1702685123992117,0.001200490708769424,8.358633130667315e-05
2024-05-26,3747.1139,3834.8396,3739.1002,3802.9031,17103181755.10453,454784966401.0488,0.0149214061719415,0.0148111771527973,-0.2104857935488119,-0.236337451209971,0.0153373156126165,0.6118594037258589,0.0067993856134755,0.0065834908597886,0.0019986111898363,-0.016160039324254458,-0.03384712156333944,-0.030307155300953945,0.21173016254402555,0.028392815929695486,-0.16335099675954146,-0.017302342839240453,-0.0012470439957353308,-0.008871354657617209,0.19266200259474292,-0.000748289511545637,-0.04011347692368994
2024-05-27,3801.3107,3919.9212,3801.3107,3863.3463,23755397501.55401,465065452369.7108,0.0158939626939218,0.0157689762823889,0.3889460944577807,0.3285452541334354,0.0192563118984909,0.2275501098525705,0.0059772363134347,0.0072233627654084,-0.0060186283666165,-0.04939431790491998,-0.00852297043322596,-0.04768345102222852,0.055416811241166215,0.029417135332402776,-0.9654120825665338,-0.02520767714397968,0.03597103058965126,0.025762951825317654,0.1678438863338292,0.012246664703836552,0.05594177175745685
2024-05-28,3858.295,3879.4064,3774.1062,3821.6187,25053251979.163765,460371595445.115,-0.0108008955862952,-0.0108596486995146,0.0546340880014679,0.0531938707489411,0.0185309236041671,-0.0383980150430112,-0.0022166627498532,-0.012085269939353,0.0166133619453623,-0.0009802757283987884,0.016723553661863767,0.011245810963512452,0.009899692598714026,-0.11554333564255663,0.1590741185417719,0.015814807641642593,-0.00055223711999422,0.0038717999431867323,0.15664083026493902,0.011940429191578485,0.02273819656440046
2024-05-29,3822.6668,3848.4572,3742.574,3760.2263,24065068932.97561,455443680075.39374,-0.0160645016730738,-0.0161949345591763,-0.0394433044863798,-0.0402422714321404,0.0168639798366712,-0.0942609060621038,-0.0029310404596117,0.0034384553009285,-0.0066314708766984,0.013703437596618302,-0.013098756083421603,0.0013230722897477898,0.0052854880428966885,-0.07653437372415701,0.006541110430354102,0.023280657516239672,-0.019327375958311438,-0.009159385113416879,0.15468656241920475,0.006188641280300792,-0.003652161880598248
2024-05-30,3762.5786,3797.9878,3711.5996,3746.2971,22354133103.777004,451313140941.1882,-0.0037043515173541,-0.0037112296186266,-0.0710962363733005,-0.0737501368941039,0.0160446202706355,-0.0498063689563483,-9.288524804623027e-06,-0.0011585203451934,0.0012846284195103,-0.0015358547150475105,0.0014296893809716063,-0.0005179972850943085,-0.00444610145899657,-0.08241897355232314,-0.0011442399206238463,0.01794421168709187,-0.056447675646198125,-0.03781864461758078,0.21370628653575388,-0.00032285062504611894,-0.11227258417790575
2024-05-31,3745.2897,3811.4366,3727.1787,3754.9694,21320456633.634148,451477412650.8432,0.0023148991573573,0.002312223906132,-0.0462409553233,-0.0473442131501139,0.0157254786246373,-0.0200913684564341,0.0012651419188996,0.0048356289010523,-0.0052657466864118,0.0044811480413013,-0.02171894603711818,-0.0036970207076121794,0.006836822157418881,-0.17304384816946114,-0.26612106589457607,-0.0003028549962420385,-0.02824735554374655,-0.020729346744313343,0.23167284112230402,-0.010008340999610158,-0.0929825624898295
2024-06-01,3756.2266,3793.886,3746.8638,3785.174,19357635370.045296,453321558587.4356,0.008043900437644,0.0080117207222873,-0.0920628154132683,-0.0965800827444481,0.0074165015089475,-0.7515747880624684,-0.0102916052781399,-0.011376207533648,-0.0009621049710199,-0.007012137064480527,0.007004669358392565,-0.005197845666413792,0.01013828518628818,-0.014953940543406258,-0.005483308851822244,-0.011370304791812488,0.006982724725717329,-0.0029824328305216585,0.2337483393191514,-0.00816260514492494,-0.01243323373134353
2024-06-02,3784.9528,3797.2425,3749.5158,3767.4795,15485260823.125437,453279408832.5993,-0.0046746860250017,-0.0046856465410384,-0.2000437797744714,-0.223198277529751,0.0084687941976283,0.1326806857348224,0.0014430993556224,0.0002616577683309,0.0016665042547227,-0.00480199810710176,0.005219453006331438,-0.0023058543172187543,-0.00935853850754769,-0.01063031810697008,0.0029467193946230985,-0.0011353481281308198,0.03895696646795134,0.03029881612666102,0.19207124247880206,-0.0036826549395636453,0.1128903942946029
2024-06-03,3764.2367,3817.2073,3753.4775,3758.8311,18158729639.44948,454180678717.2021,-0.0022955400288177,-0.0022981788199034,0.1726460307553572,0.159262760069473,0.0118715364181702,0.3377555003534027,0.0064187439065709,0.0096242942193897,-0.0046853481473674,-0.02178445089169073,0.0032479027204005313,-0.013956181594863743,-0.027425693609840252,-0.03766889765039669,-0.35759503450820773,0.0017652801006048657,0.003506421656348846,0.003901864390081805,0.18532842647643719,0.0032595712154020826,0.014386410015835072
2024-06-04,3760.3363,3803.5736,3744.5133,3796.1807,19452924197.55401,453185780723.8362,0.0099364932890972,0.0098874509446812,0.0712712058498254,0.068845986159667,0.0093639446827302,-0.2372769951568534,-0.005867415881838,-0.00995869018196,0.0055818594658982,-0.0035362619782418614,0.003636135899525758,0.001763651325664535,-0.006678593965644324,-0.03916967985165368,-0.057266306204732054,-0.013769359047518609,0.009758757269783869,0.0014809996271187564,0.18792957308711042,0.010574831311527763,-0.00411284514537158
2024-06-05,3795.4214,3847.128,3773.3584,3840.318,20340658273.08711,456769021114.108,0.0116267647638586,0.0115596933164367,0.0456349938198352,0.0446243504608773,0.0115763596997909,0.2120984195667912,0.002302354943536,0.0001800764076187,0.0025249426911067,-0.003315079642014193,-0.0042100426578525404,-0.005041879800298556,0.02107603390996885,-0.026925335965175972,-0.13978841499805084,-0.0132299769670884,-0.019595048979225982,-0.023473589442040393,0.22365692181371408,0.008721550799241378,-0.08777599468475872
2024-06-06,3838.5863,3845.3347,3767.6704,3795.4837,19970081917.759583,458547159096.4808,-0.0116746321528581,-0.011743315764752,-0.0182185035681877,-0.0183865041116524,0.0126054849284511,0.0851669692807428,0.001403674332632,-0.0001088160832233,0.0015844923258488,0.012766845678168322,-0.012183079396676379,-0.0012322317516778696,0.013043947763843437,-0.017623833166765503,-0.052908312150751424,0.021255353698851356,-0.023135677232183988,-0.008216520167884545,0.2289523591003104,0.003054451886144066,-0.020705102552305288
2024-06-07,3793.6145,3817.2667,3668.1147,3693.2824,20603711252.878048,452704840800.39374,-0.0269270817840688,-0.0272962579638994,0.0317289301930692,0.0312359680153988,0.0227322505663792,0.5896526149835224,0.0082109575738425,0.009538208900279,0.003455708697316,0.012197533261447024,0.003357601156655664,0.01250946044748178,-0.01656453410618806,-0.005359763481988131,0.43057484908554056,0.0356839964379551,-0.019734789395339264,0.011555247677547231,0.2144942189868227,0.006663311753657209,0.045908655071832394
2024-06-08,3692.4326,3715.3797,3688.5027,3702.4338,22112730180.585365,444481579284.3171,0.0024778500555493,0.0024747852468141,0.0732401512128806,0.0706822514793381,0.0048507198253978,-1.5446575344577052,-0.015799321975555,-0.009675444105303,-0.013163239712007,-0.006246375533258186,0.004347988436991924,-0.0034610544757425615,-0.02210146958166126,0.020447208646213084,-0.039250382917813464,-0.006832372744520379,0.0213757112474975,0.008903352856247493,0.19664151224461054,0.01027011991797288,0.03828517907548035
2024-06-09,3701.2617,3724.9377,3693.7207,3719.0626,13138578064.8223,445617354298.2439,0.0044913159554669,0.0044812600940858,-0.4058364590204348,-0.5206006759990857,0.0051498486896179,0.0598402220429123,-0.0001635588624193,-0.0014777356783111,0.0017306828814349,0.002162923387231546,0.001801345830297587,0.002803250120904918,-0.012934562946536842,-0.017389616648062024,0.06492891224691011,0.003910605603430331,-0.05511667144225128,-0.029504093314037028,0.24369874469842526,-0.0033859376119135384,-0.12937395949690833
2024-06-10,3718.052,3719.0333,3683.7432,3690.4326,13743983447.017422,444690143411.09753,-0.0076981764168208,-0.0077279603299009,0.0460784553098676,0.0450483679063463,0.0048965367874865,-0.050439156420075,-0.0005575680547044,-0.0017451989525969,0.0003668516450086,0.003648052057750824,-0.0066166940057392695,7.924015943509138e-05,-0.018364344456534343,-0.03355749119852098,-0.038376014098992606,0.00852511162637784,0.001780678643546224,0.008414205827799115,0.23499051813881752,-0.0013389381163558319,0.03172942466474038
2024-06-11,3692.0118,3692.8508,3490.1683,3535.8359,21582378438.477352,429673502382.0104,-0.0418912135124754,-0.0427939516257629,0.5703146414339533,0.4512760078377626,0.0295226545376692,1.7966297418849506,0.0228741377255647,0.0017147277783762,0.0229334421413507,0.002986046058723161,0.02074204699115692,0.014082574419233246,-0.0710457470269784,0.016327103323961065,0.5156179117948425,0.03905407634522101,0.004290153073343045,0.03739777681667164,0.1845168889413749,0.019584829251364094,0.1274172474435873
2024-06-12,3536.8556,3659.8818,3513.4303,3588.8847,23450549242.818817,430843443790.446,0.0150031849611573,0.0148917503815933,0.086560005870848,0.0830167477864954,0.0274133208944703,-0.0741288597658424,0.0012618121012107,0.0227387162899387,-0.0151517171884389,-0.022779176695669923,0.01850221200494078,0.005439368295653113,-0.06771368996182195,0.023375431294170856,0.02537127144096374,-0.013962415458039418,0.008009870591553406,-0.009453648918085755,0.19539350505498493,0.013468078217394814,-0.023743043196585045
2024-06-13,3586.2721,3588.8137,3490.8431,3529.6099,23211103123.770035,425325229002.0104,-0.0165162174198575,-0.0166541307855271,-0.0102106827677866,-0.0102631693775013,0.0168840161436583,-0.4846616752152601,-0.0108816821717492,-0.0224479030042966,0.0053757238660101,0.011056590454503109,-0.020908876600192895,-0.014946992175271734,-0.07262450498259702,0.023793232056560806,-0.19331109647543254,0.020419281046945792,-0.040516728648535213,0.006095277782505071,0.2013342246081656,0.011774800488253329,-0.008839764941993344
2024-06-14,3536.0149,3575.9255,3384.5426,3497.0945,20153361899.055748,423703071492.34845,-0.0092121795102625,-0.00925487404469,-0.1317361440518056,-0.1412596290076679,0.0382814396782022,0.8185977909549016,0.0234210175096402,0.0123846098282051,0.0205866152261852,0.001453147307789216,0.02276116441543273,0.020588759603863332,-0.05458312106338764,-0.003272465933962531,0.27199964008563526,-0.0080406656413681,0.04203203968019871,0.005719939435880422,0.1406008273860601,0.00676922691678602,0.02356268599207123
2024-06-15,3498.1517,3599.2194,3493.2443,3582.6116,19756475838.763065,426813068665.6446,0.0244537572547725,0.0241595507867287,-0.0196932929741751,-0.0198897899283901,0.015057284183843,-0.933103301994358,-0.0280874257047271,-0.0043401520611246,-0.0318901390921522,-0.007759222649386062,0.01795815919581105,0.014725785722735425,-0.032898355523473005,-0.01729854096769459,0.09608825649079078,-0.010220817310127611,-0.06039356934752382,-0.026748511693400923,0.19546552176292623,0.0019642414411575712,-0.13244112702362232
2024-06-16,3581.4901,3663.6045,3561.9866,3640.5622,13016030239.463415,432247167582.0697,0.016175518440235,0.0160460886062823,-0.3411765162121982,-0.4172996350058277,0.0170950671735438,0.1269280794782874,0.0032614429885765,0.000481952777982,0.0049603959505489,-0.01338878279282616,0.011455702878903323,0.00976909504676185,-0.021333527011276682,-0.0009079288165318372,0.010407396248602208,-0.028189954809978435,0.025429659777429097,-0.021991151943194703,0.16184736804722122,-0.006551085023098792,-0.12919431145620197
2024-06-17,3642.0912,3652.911,3493.0054,3525.994,17339845259.048782,428176093469.0035,-0.0314699196733954,-0.0319757379425343,0.3321915315221038,0.2868253542150681,0.0244214120931587,0.3566703397735025,0.0061190270436,-0.0017173863605174,0.0089055659087015,0.0008690016724411435,-0.023116025760663086,-0.023062036660045547,-0.04558130462391019,0.02630401176662442,-0.17939936535291734,0.02272531337860459,0.010277327221438197,0.024838160764383638,0.1208414175612322,0.0025368454925364234,0.10049875190163893
2024-06-18,3527.9577,3527.9577,3387.0528,3490.6478,23930785821.7108,413602417130.9686,-0.0100244640234782,-0.010075047293653,0.3801037704891017,0.3221586923486307,0.0280532082539646,0.1386427094002451,0.012731425439007,-0.0102418987946102,0.0152211512984268,0.03802290637773384,-0.022804989648127535,-0.00442380326963232,-0.012862400291800188,0.016812688494947863,0.014757585146632834,0.01303910493294344,-0.03017881088646233,0.005394824235333412,0.1260527488424769,0.019451583780439166,-0.01263691363477859
2024-06-19,3494.1308,3590.9042,3480.0472,3569.4527,22778733739.61324,427145834201.70734,0.0225760101033394,0.0223249436813024,-0.048141005091959,-0.0493383697532151,0.0177751182949751,-0.4563033708842874,-0.0187283367777877,0.0127941856471424,-0.0249204189299698,-0.01769637260471829,0.01863215755830034,0.0049601553316398275,-0.005429206992091058,-0.004780857217069962,0.009395834626827249,-0.08918714990742391,0.040633334056430034,-0.06738436967833696,-0.02370463506146907,0.008663293853711236,-0.4237643785244978
2024-06-20,3567.5669,3632.773,3505.837,3527.9278,18144710484.853657,428482362066.4843,-0.0116334081132382,-0.0117016056344276,-0.2034363853466011,-0.227448285083189,0.0241718873947183,0.3073906491882692,0.0089858264418072,0.0102369618648902,0.0003491002851988,0.013006255677864571,-0.012872866102571878,-0.004128739048476514,-0.0004766818409915052,-0.03680965577704056,0.0010390856980651009,-0.017568714483743364,0.002495404327112108,-0.010974582557833748,-0.07006371063883421,-0.048684282066353134,-0.08219240262304917
2024-06-21,3529.9099,3552.3111,3473.5469,3529.105,18831776300.62021,422523924635.4634,0.0003336802981059,0.0003336246392164,0.0378659012685862,0.0371665868687105,0.0158542366344082,-0.4217535198351836,-0.0080695644598951,-0.0165920733932482,0.0055108406821032,0.005001223573229324,-0.006207455978736384,-0.0008953211650054166,0.009111816842914986,-0.009828979533230803,-0.01396938204335152,0.008310550664423141,-0.003015222649406374,0.0036791217229858314,-0.05814935599625874,-0.032129324155566935,0.029272429127183308
2024-06-22,3532.3234,3532.3234,3496.4233,3520.6715,15479329282.728224,422467085586.3763,-0.0023896993713703,-0.0023925592600043,-0.1780207540900735,-0.1960401325294614,0.0069252482597854,-0.828262858933142,-0.0088276976396155,-0.0064390741187844,-0.0075792944728234,-0.011540106627494596,0.010058835450363922,6.646194109476145e-05,-0.017440293203818177,-0.0324892129882065,-0.013851120508290293,-0.004520368788831802,0.00017499666916413747,-0.0031293853238834046,-0.06656227513952964,-0.035678810221374375,-0.02417299312457466
2024-06-23,3523.0682,3544.8247,3443.0237,3443.0237,9130648585.49129,422080922898.7352,-0.0220548267567706,-0.0223016705972422,-0.4101392625790814,-0.5278688082134181,0.0148491359367867,0.7627677762615495,0.0049912907499926,0.0133936783578382,-0.0084023876078455,-0.01678632113043731,-0.01197822898370484,-0.018382416330519222,-0.055788052407342636,-0.030457180354962067,-0.29806291487930725,0.016115322550364908,-0.024527994237938222,-0.001288597877838471,-0.0798932460264885,-0.06864572688804116,-0.03567153308870452
2024-06-24,3441.3306,3451.1578,3262.5114,3363.7635,19520467666.891987,403338358849.2683,-0.0230205211773593,-0.0232896314356476,1.137905920277147,0.7598268080224806,0.0371369202351935,0.9166699518818872,0.0278860997392922,-0.0048414349231078,0.040384145552202,0.034211219053177436,0.014400351437539816,0.031189417394771594,-0.047101945900455966,0.017207785261980652,0.5489979574928441,0.0018943037543104613,0.024490168393955528,0.014767038806749413,-0.10789313515555424,-0.0036722738362676404,0.1941703496649363
2024-06-25,3361.4335,3430.0008,3345.1593,3408.774,22117258703.212543,407521531994.4843,0.0133809942345828,0.0132922594280946,0.1330291405223291,0.1248947015053498,0.0154305571252949,-0.8782618570099028,-0.0265563130779806,0.0026439129625931,-0.0308224247815039,0.002304105945196762,0.00594971598366776,0.005915962185753368,-0.023734639178708314,-0.014290146038490206,0.06147412918138784,-0.01753723136814496,0.0168145032238127,-0.000642032542237117,-0.10941205288025702,0.008573336896183758,-0.0036354513429919244
2024-06-26,3405.1884,3432.36,3347.8603,3381.2506,14391379660.648085,408026765037.5157,-0.0080742812518518,-0.0081070547951389,-0.3493144944514426,-0.4297288478967175,0.0170717260185412,0.101073873491849,0.0022393784182997,-0.0002766163004665,0.0034190997563932,-0.01371451147617428,0.0016834927805827737,-0.0070119728277391186,-0.0541666376551497,-0.06888368861087667,-0.0859353069943185,-0.03813519649267795,-0.004439449589968877,-0.022728892999236666,-0.13328808395778502,-0.016071111169667997,-0.19701942402936368
2024-06-27,3383.5292,3481.1707,3379.1649,3458.8487,15804001113.083624,411660524696.7944,0.0229495264267014,0.0226901469709637,0.0981574724415217,0.0936337503281835,0.0159683500178472,-0.0668150065604731,-0.0023651353214096,0.0026085984562732,-0.0074960644223582,-0.023062404309289825,0.011321009124598297,0.0020360969975939808,-0.01977488504975841,-0.020102055486930056,-0.1493904508690207,-0.000595450466893771,0.01879315326109636,0.017752823169651502,-0.09973828828730665,-0.016131805265691124,0.08385877335575076
2024-06-28,3459.8701,3494.1628,3379.6875,3388.7953,16467284123.58885,412898226130.6968,-0.0202533866254397,-0.0204612985304063,0.041969309275492,0.0411124892270541,0.0197070436196399,0.210367476700195,0.0045097405311578,0.0038497482905598,0.002459024018936,-0.0003765937219952324,-0.012916259595092149,-0.012719147815788472,-0.04056980821938115,-0.020725064514225316,-0.10976576537422789,0.026303944105081432,-0.022634737172364014,-0.00914092254448072,-0.10400465225853657,-0.013448944928446742,-0.022061061313538577
2024-06-29,3390.5327,3415.8747,3390.5327,3397.4173,13651160559.728224,408853153423.45294,0.0025442669847894,0.0025410358170197,-0.1710132370781543,-0.187551091499239,0.0051123418463519,-1.349318529792885,-0.0127556055093738,-0.0110260437058661,-0.0079437801236692,0.003559788615297035,0.0008634050833409845,0.0017304677544875136,-0.03563621314235713,-0.016323838975274747,0.027173034485518333,0.004655702619846429,0.001184620833665856,0.003734972139018633,-0.09775238682289014,-0.015630838875793498,0.02896520367022415
2024-06-30,3399.2329,3472.1653,3381.1022,3460.3454,9247929775.759584,410455781006.1742,0.0185223345981078,0.0183528853575017,-0.3225535854408192,-0.3894248222578678,0.0151825405925499,1.0884885362351833,0.0076583541930036,0.002156356697676,0.011130865411455,-0.003997866057554492,0.00025212740897632285,-0.0007372439208575277,0.005018342812386897,0.0010552484585148838,-0.11294315281570588,-0.00741392614769628,0.016305353287070806,0.009584948369413343,-0.0817117253715205,-0.022095334181161868,0.05127482146945139
2024-07-01,3456.2278,3530.274,3450.9956,3458.9634,14646388691.5331,419434933606.2578,-0.0003993820963653,-0.0003994618706357,0.5837478275325798,0.4597940809285644,0.0160527878065401,0.0557364071775845,0.0068719976123286,0.0122901707079327,-0.0092616815301714,0.01945148630878797,-0.04330622271469389,-0.02326030872192008,0.027908512377398775,-0.044821492065986346,-0.36219245523662336,-0.008707064683336131,0.0021119182895625865,-0.0019965681513662015,-0.09012290796444362,-0.00875679413076273,-0.024874788871446007
2024-07-02,3459.2052,3482.3441,3424.7669,3437.5581,13864060406.526133,415172819427.9826,-0.0061883568932818,-0.0062075841382126,-0.0534144150809832,-0.0548938898965758,0.0111247150465813,-0.3667133156704842,-0.0097647791082302,-0.0115087464635573,0.0042381739190473,-0.0006384419417025319,0.008445581188879267,0.0034423968957996084,0.008408668811091513,-0.08080024162666366,0.0953225458674769,0.007887842317890206,-0.006728793131600727,-0.0024290142558711925,-0.09164484556161782,-0.003031146606459369,-0.0024098338916993534
2024-07-03,3438.1561,3445.8218,3270.9404,3308.8933,16202961456.069689,401617098803.439,-0.0374291273796942,-0.0381475816398129,0.1687024566369157,0.1558941219800202,0.0280914531284993,0.926296157011969,0.0146794555936288,0.00021334723377,0.0178753883250279,0.021450358248713955,-0.0014289925625668755,0.01849813886194855,-0.02163185803358256,0.018303385175465845,0.3416169024756033,0.009126940619819876,-0.041691501733551996,-0.02585830682563578,-0.1274942483815273,-0.003668955494291116,-0.17934845089319618
2024-07-04,3310.2829,3320.6916,3079.6495,3079.6495,23821827278.689896,382130009152.3624,-0.0692811097897898,-0.0717979912196035,0.4702144014399387,0.3854082414750615,0.0287171174675627,0.0220280014688367,-0.0104157727683988,0.0058781273465106,-0.0239827461253589,1.3198691977980848e-05,-0.019758729863127503,-0.0035859818563442475,-0.11611999622414983,0.07721244317260535,0.2041132572067852,-0.0037717411892969066,-0.04477390288292404,-0.01891012087079487,-0.20917969054581212,0.008177442620319244,0.04090363338466396
2024-07-05,3060.2769,3112.8855,2838.9092,2986.8941,36750836690.731705,355896931850.3136,-0.0301188170926594,-0.0305817068355501,0.5427379378074666,0.4335587195577599,0.0633752596328297,0.7915801862588152,0.051847086748578,0.011156036695701,0.0617689999955966,0.02971271263289923,0.09498911139725627,0.07314343819844757,-0.12624040452929358,0.1722560044456626,0.7282605738680759,-0.033806550013665296,0.12381373641383933,0.07072126295625783,-0.251321090697799,0.030131755989873228,0.5067731160444018
2024-07-06,2986.2657,3092.5568,2967.2925,3081.0869,23054834715.35192,363661731325.3032,0.0315353664530657,0.031048339371908,-0.3726718412055586,-0.4662854960068874,0.0218492096524975,-1.0649088092964625,-0.0479975437506838,-0.0151372591964096,-0.0462815727680165,-0.010413639339649686,0.02644354066067528,0.015452400938493455,-0.09773310097440543,0.07079399133506224,0.06600496420338242,0.015426815627857474,0.030237863933126607,0.03272182262148354,-0.20852943556113882,0.005564115221873885,0.1109344819662963
2024-07-07,3078.5057,3087.1217,2935.1631,2939.0514,13971466195.630665,362298750390.6968,-0.0460991541653693,-0.0471955481193113,-0.3939897480016526,-0.5008583755668997,0.0210658326634401,-0.0365123264366897,-0.0050709663398867,0.0003207613081561,-0.0075424248695686,-0.00941609014238444,-0.03884329694599023,-0.03757377620140456,-0.1632815344512185,0.033754658130790524,-0.19327141720641183,0.009081088859343174,-0.05859084033504448,-0.05253356782164252,-0.2284287257165509,-0.01200140540663231,-0.24024290852038543
2024-07-08,2951.7716,3082.1223,2843.9711,3027.0641,24973397088.71777,358593406966.1045,0.0299459546709528,0.0295063296716335,0.7874571458024762,0.5807940209223986,0.0546660769695584,0.953590929015391,0.0415193998587359,0.0161885265383307,0.0402342252929652,-0.031769093657506936,0.03002442308111515,0.013216202892348289,-0.13337574290894935,0.07005370242169418,0.01392876064926174,-0.00920239645646203,0.03500846704881978,0.02966269647859139,-0.20139718129173154,0.005194205367543278,0.11874715798439883
2024-07-09,3026.4368,3110.1809,3020.9629,3079.5205,25028894458.28223,369545592622.7178,0.0173291341930947,0.0171806971503281,0.0022222595254985,0.0022197939588762,0.017514731989176,-1.1382009972117135,-0.0382100766998954,-0.0114649966847511,-0.0422838677041636,-0.014742155612430755,0.0122082829020497,0.009133231463942959,-0.10998746162040829,0.07059375034185866,0.003309459083065125,-0.029314116695854493,0.017678277381432378,0.012871600814700623,-0.18869774423548927,0.02130508456944905,0.03350753230571146
2024-07-10,3078.168,3151.922,3047.5365,3112.4004,19259438464.5784,373278291607.9582,0.0106769544154681,0.0106203582311858,-0.2305118191824361,-0.2620296853824829,0.0228009455306215,0.2637596509978377,0.0051008874831598,0.0008408118047507,0.0086177117084504,-0.0015602256093124062,-0.005958574647452586,-0.006104803463731642,-0.06121952174940942,0.018487380694511495,-0.13177486169046526,-0.0008230408613732294,0.007308000204118037,0.007264963867063101,-0.17034942567440245,0.009730572467659926,0.012288925356730651
2024-07-11,3109.4128,3207.216,3083.5574,3113.2544,19287702681.5979,376253218168.9545,0.0002743862904013,0.0002743486533677,0.0014675514590669,0.0014664756578249,0.0277923795776591,0.1979598614666065,0.0090670477842741,0.0130607588619172,-0.0055670243312979,0.02308218797839382,-0.0356376387608113,-0.028496196805039384,0.010852818123561874,-0.02754912986746806,-0.19488267864005993,0.06947222615526354,-0.013054852309833637,0.005693546901532481,-0.12728112539527162,-0.0040368574679362605,0.05900964912847928
2024-07-12,3110.2808,3165.9913,3065.8166,3147.3858,19310170942.02439,374155515511.5331,0.0109632544002828,0.0109035935818483,0.0011649008073899,0.0011642228369055,0.0215070931022267,-0.2563790747522314,-0.0096657868104791,-0.0201164882579375,0.0104985855488005,-0.0006801955732829018,-0.012875574452134289,-0.011889285639530373,0.05233811854096052,-0.11366360463791549,-0.08688693853752572,-0.018783402880722347,0.012860448722208873,0.004092752312368886,-0.13126928219501652,-0.0073253555575952265,-0.005679325920532108
2024-07-13,3146.3327,3218.7632,3131.2577,3196.7692,13921944276.54007,380319543956.37976,0.015690291288726,0.015568471277018,-0.2790356792625805,-0.3271656287227332,0.016797221565313,-0.2471693027413275,-0.0059868330957793,0.0022628155370033,-0.0094723415490784,-0.01918479735033865,0.025913006458924956,0.01850667452181813,0.0368582504460706,-0.06510940554415219,0.07217634784341564,0.012588064548917241,0.00619714195861118,0.010418514110034471,-0.09904668013247135,-0.01663272746705645,0.04869693210022241
2024-07-14,3200.6783,3284.0263,3189.5346,3273.8138,13053293725.470385,386731211325.7108,0.0241007702401536,0.0238149302131734,-0.0623943418975934,-0.0644258255120613,0.0151327663079749,-0.1043511426736447,-0.0029064435602007,-0.0035439772825912,-0.0004348696368584,0.0007489197731657786,-0.02389859935225093,-0.02321226751810447,0.10786872877855537,-0.006786527737176572,-0.06817470517158908,0.00259070475512585,0.011062981915366477,0.011196397190814777,-0.06597687587460782,-0.012902237461526703,0.03759711321385839
2024-07-15,3266.7804,3503.3414,3257.7128,3498.9224,18467836110.64112,405946797532.16376,0.0687603552773832,0.0664994303703221,0.4148027692509171,0.3469901356917153,0.0286619762709666,0.6387090287025767,0.0038568195608886,0.0004455657004444,0.0045531067060038,-0.00463661273995483,-0.056058223139562144,-0.05339761194307405,0.14486182947724405,-0.0494511683580284,-0.39034436077831947,-0.039811993192310734,0.04786753766394786,0.03575989118239237,-0.023636996291014473,-0.0023596686389095235,0.023555273895670803
2024-07-16,3505.0278,3506.2322,3365.8555,3458.0888,25378090716.470383,414348816782.4181,-0.011670335986874,-0.0117389688595866,0.3741778172835088,0.3178556012079597,0.0276504076600238,-0.0359309043027962,0.0162325129330859,-0.0072141892683179,0.0190049890464406,0.028839027399827633,0.01924573636696324,0.034127997148508636,0.11594216346732895,0.002717400255624621,0.24020306998771224,-0.019538312530460487,0.0013182493981570564,-0.0006681631984853664,-0.05142205375688342,0.022410288333080276,-0.024894414437843126
2024-07-17,3461.005,3523.8767,3398.8222,3403.4466,24946429985.25436,416601203195.8328,-0.0158012715000261,-0.0159274424633333,-0.0170091885965193,-0.0171555063827475,0.0233269042140721,-0.1700330897087427,-0.0076591510535638,0.022840725892409,-0.0281305623159725,0.02353348623942382,0.002855821630802363,0.020974715135083692,0.08939436277280985,0.04324659771447382,0.17636525906652034,0.030942420667543487,-0.023184242936644728,-0.01879921282673483,-0.03537375827768239,0.013543929879270286,-0.013834496378269723
2024-07-18,3406.515,3501.6378,3392.5912,3442.3484,20420147970.03136,413547323623.1115,0.0114301191033816,0.0113652888361036,-0.1814400704990032,-0.2002086661573568,0.0214043274978039,-0.0860142606245069,-0.0024874244974363,-0.0033334416570393,0.0027573638651107,-0.011903184504047676,0.002432960271439591,-0.008577288069572003,0.10048530295554574,0.008392779536657183,-0.06708999354349876,0.002079032176338591,0.0015373778932102067,0.0019553652783635134,-0.013933422147925714,-0.006228092071008799,0.0068520719238267525
2024-07-19,3435.8713,3549.4278,3396.4205,3509.1482,21093211096.689896,415618509967.9094,0.0194052990104081,0.0192194170762818,0.0329607369959474,0.0324291806987409,0.028263136138747,0.2779652244693844,0.0043322115250229,-0.0024226361194509,0.0116960165685691,-0.016967315598799042,-0.017448132862474163,-0.023899944351631876,0.10880112644997918,0.01307334080175762,-0.2818004884927503,-0.020730103617077698,0.019993743623966415,0.01624467930390655,-0.017038948752946242,-0.003004061777715083,-0.00031657401789719763
2024-07-20,3511.3714,3542.3218,3488.0614,3529.6639,20635062566.61324,421656402089.8362,0.0058463475552272,0.0058293239836113,-0.0217201889260262,-0.0219595444750515,0.0104264132488877,-0.9972160236376872,-0.0168463644515028,-0.0136592287175227,-0.0105317569396234,-0.01306116176015834,-0.00459377860183318,-0.013342086591922847,0.09906197915657243,0.047742549100617655,-0.23932893928277554,-0.01868127637208255,-0.0022362870054686013,-0.0035637396310540526,0.0004919808650925046,0.0044353105684718395,-0.09349419922353497
2024-07-21,3526.1437,3546.9167,3443.0805,3538.6512,14600561413.658537,421786112502.5226,0.00254621976897,0.0025429836435078,-0.292439198256578,-0.3459317142973163,0.0208940695341239,0.6951230424173067,0.0153077430014713,-0.0019029906698194,0.0166608244159259,-0.008146243078942784,-0.0036357569225210756,-0.008550333277713557,0.07779003258690678,0.01068803575036065,-0.2560084696247098,-0.002528234006769143,0.0016114172157015438,0.0015520289400114406,0.0027013398693839256,-0.0075475065050959154,-0.003653447251047881
2024-07-22,3542.9018,3560.864,3438.9392,3450.8457,23551390571.842106,419683197753.821,-0.0248132678349309,-0.0251263061526346,0.6130469167993942,0.478124885390487,0.0184167876858494,-0.1262027414712396,-0.0096386153580101,0.0088961829851421,-0.0154015380690272,0.006386563856063419,0.01662287475088893,0.016851789672599617,-0.013835703936050003,0.03433243363737319,0.1053123922055419,0.014467586732417043,-0.01413417922451865,-0.013353614400227726,-0.020032407023246285,0.014349708864110404,0.011084995973564604
2024-07-23,3449.6586,3546.2619,3414.8226,3494.8847,29990394807.038326,418086720661.7875,0.0127617992308379,0.0126810537174033,0.2734022951024664,0.2416922909412921,0.0254498378988733,0.3234467506948011,0.0090885630118246,0.0074782722481042,0.0051909621653282,0.0007934558292636909,-0.007432773548035235,-0.00526991568216735,0.01058431864094009,0.030161656875979253,-0.13680353215738528,0.006970537037859048,-0.005284418358174919,-0.004508334141791803,0.014950317291399083,0.03615601451001574,0.0014410889200933141
2024-07-24,3494.3649,3494.9253,3331.2702,3343.8444,29532333370.80488,412425600634.34845,-0.0432175344725964,-0.0441792221165266,-0.0152736047384727,-0.0153914477037375,0.0200274392277452,-0.2396060789181584,-0.0115833456866652,-0.0174143140675477,-0.0019174981956197,0.02972265275679126,-0.01518002025878432,0.020036496167428183,-0.01766746101225338,0.029113330306882415,0.30473000661068994,0.03493104781041249,-0.033706662577627,-0.024735644452845734,-0.005939273389479934,0.016899898219055753,0.00159032313865759
2024-07-25,3344.0852,3348.7542,3104.8417,3176.023,30095533927.543552,381779344703.0035,-0.0501881606691985,-0.0514913778671018,0.0190706419864352,0.018891076652685,0.0428082663447783,0.7596279281733773,0.0282294949502526,0.0059338400798847,0.0276000004233301,0.011141115184948487,0.03874685462544545,0.02631639617195436,-0.08052412771545903,0.058776415155226164,0.6049540403533471,0.011302300141867984,-0.023444469507472226,-0.017110064753750653,-0.07072291068467637,0.013265685533776684,-0.03771795562466984
2024-07-26,3177.8454,3287.6622,3177.7097,3280.8121,28361645389.20209,390529782514.8258,0.0329938101833644,0.0324611980414893,-0.0576128186499658,-0.0593390683101406,0.0136291661646218,-1.1445191554751983,-0.0334118788827368,-0.0001780426451042,-0.0398516342888485,-0.030068787405883583,0.034439925806134135,0.009153741506597063,-0.06728234675025158,0.04198803522701385,0.04158571118279708,-0.006817136128055359,0.0164821386424856,0.0122163523610469,-0.030154657848048008,0.022813121027752854,0.03072254239783212
2024-07-27,3274.3051,3325.5462,3215.0684,3258.4777,18671129755.02439,393263634230.25085,-0.0068075827932968,-0.0068308600865902,-0.3416767786634513,-0.4180592504281064,0.0236992255887418,0.5532303046663851,0.0151917301983298,0.009368959755228,0.0144801159892671,-0.004371893830854918,-0.003967172762398274,-0.005293183299172416,-0.07994253082045309,-0.011172476240937786,-0.04290889764514638,-0.01415641612884938,0.005783778543854617,0.0007125319261038765,-0.05967566490560203,0.004618272948757576,-0.02061829334969656
2024-07-28,3242.7468,3282.7142,3209.2431,3278.9554,19887735032.08014,391185575099.5575,0.0062844376685469,0.0062647729350007,0.0651597034040407,0.0631247441669997,0.0144413032600339,-0.4953499891696791,-0.008288236162665,-0.0140405349626162,-0.0007084338901639,-0.009064870719347792,0.0064674703629732655,0.003527851016353445,-0.07622074152896019,0.029798066258575683,0.006546553333175442,0.013052290610038778,-0.005161727830635843,-0.0005468920700974489,-0.03294959344019502,0.005481790333234963,0.019324054055022355
2024-07-29,3275.9617,3402.1238,3272.521,3325.127,18562538334.87108,401697783535.885,0.0140811918332284,0.0139829728049408,-0.0666338673092454,-0.0689577299357574,0.0258558287075958,0.58244367459878,0.0142933697204317,0.0256655236599685,-0.010845726788208,0.021746467236018707,0.0001022454090563868,0.007568708408970254,-0.037111462571384715,-0.028092905996986488,0.0806658130745741,-0.007174957007672907,0.008785949972829804,0.005790728321822591,-0.021507656452274038,0.007819042934814153,0.004827742995582973
2024-07-30,3323.564,3369.3266,3253.1433,3285.9162,23356590933.47387,398756335401.6446,-0.0117922713929422,-0.0118623517074681,0.2582649264942831,0.2297337295042533,0.0237815539808363,-0.0836258201013522,-0.0060844609526665,-0.0108968797072828,0.0105579753737069,-0.03902487799209638,-0.0031136024116227567,-0.012942659432830225,-0.06165486799625617,-0.03862183134794295,-0.20274924779854375,-0.0074516821685813375,0.0008708574402223057,-0.0013836575051829891,-0.05172289351724388,0.022127154735393315,-0.015923033540181653
2024-07-31,3284.431,3349.4383,3229.4863,3238.8524,19719654939.114983,396484498761.777,-0.0143228850449685,-0.0144264476290295,-0.1557134773956482,-0.1692633602383633,0.0242812356383182,0.0207936187411936,0.0029762441087409,0.0071369353964326,-0.0076619005940319,0.025945556305866813,-0.025842800405741946,-0.01879890511752562,-0.03190209350875905,-0.0600119415798467,-0.19058817914540072,0.0034400557616814723,-0.00823250727310676,-0.006863671501826124,-0.0657498792756377,0.007838414612785087,-0.014115863432307973
2024-08-01,3243.4517,3246.3799,3087.2567,3206.9265,25193218995.292683,381012171813.6864,-0.0098571642227351,-0.0099060676977585,0.2775689571180373,0.2449590198135421,0.0348334314179158,0.3608737424624704,0.0168642429126178,-0.0223300820519223,0.0363344437218485,0.03438826697048701,-0.02284231453942269,0.008509008078426097,0.009683216660584224,-0.031386697562508725,0.10647216360337897,0.008194770311831086,-0.00859900707861197,-0.005315763311486699,-0.06944836283518356,0.01728535806236821,-0.004162682613195079
2024-08-02,3206.6366,3214.8966,2976.9345,2988.3481,26483179606.66899,373011856595.4704,-0.0681582194041553,-0.070592242017147,0.0512026911534144,0.0499349288223811,0.0321995501943493,-0.0786251152249186,-0.0217160439982382,0.0103892265653338,-0.0264590728706489,0.006991102677442268,-0.014076189983794875,0.0013893406521556517,-0.09337022339805208,-0.012292710628111629,0.09693812119761702,0.0525031606399521,-0.06401648668141478,-0.020591019072928124,-0.10189302321251754,0.015430499845993538,-0.04783582181564139
2024-08-03,2992.2673,3014.762,2870.9185,2910.0724,27325713249.5122,355624565179.0035,-0.026193635206019,-0.026542799216715,0.0318139156761616,0.0313183365335138,0.0299227098431856,-0.0733347647029232,0.0069961385073203,0.0025586430804822,0.006815989854218,0.01610636191872933,0.02152923382402093,0.022621268091824145,-0.11308216252817677,0.055420770415151525,0.27649350217703894,0.06176604931581077,-0.04565648904516122,0.03632391060971002,-0.05663783120962907,0.005205355885699434,0.0662759773606787
2024-08-04,2907.5983,2931.6832,2673.4794,2689.3252,22756243524.73519,342835645312.8153,-0.0758562570470754,-0.0788876534732144,-0.1672223404766416,-0.1829885877816383,0.0435614034423999,0.3755537975196903,0.0060232876902168,0.0104100295379124,-0.0014081022723317,0.0076812478669220086,-0.005961600141848052,0.004795965431761182,-0.19823458893639195,0.0177113631438502,0.1742026008609816,0.04740030938704143,-0.017545339210901404,0.04362921224046856,-0.10494377784729343,-0.020954298438524352,0.20004640902528137
2024-08-05,2696.0685,2696.0685,2192.5857,2422.2871,67933658420.22648,284995284198.9826,-0.0992955779390309,-0.1045781306219793,1.9852755946465908,1.0936920690975058,0.1301370270264572,1.094416433230363,0.1087547215134308,-0.0266796530190441,0.1212364452760258,-0.027079610982494437,0.16891759837115514,0.11394455153605021,-0.3167956923633122,0.2640199139872216,0.6714421692020047,0.014557026906229065,0.158307035540818,0.07609583528744718,-0.24057024784118083,0.06570034791583214,0.475623482613313
2024-08-06,2426.3372,2548.8666,2426.3372,2459.4515,50388457255.84321,299954792785.7352,0.0153426899726296,0.0152261810998547,-0.258269634999657,-0.2987694913441246,0.0338021635714141,-1.348063137951396,-0.101565299820811,0.0419441290473171,-0.1435094288681281,0.010625434203908296,0.011868392297100738,0.014688912270961918,-0.28970715955598936,0.11960217734325317,0.034281984911608276,0.02666551240823342,0.0009188552479426904,0.0220051937195041,-0.1781485186220147,0.050311912292303994,0.04671133909839309
2024-08-07,2462.0024,2543.0155,2326.3285,2341.4748,31259953363.432056,293898195243.3519,-0.0479687035910243,-0.0491573703519461,-0.3796207491586368,-0.4774242930466463,0.054704067616544,0.4814132575111141,0.0132020366222022,0.0097592405216413,0.0191797070693423,-0.060631327593441815,-0.05505111322328793,-0.06775272465547857,-0.32443808227890597,0.04700252480220502,-0.23373441432458564,-0.0023838766881605356,-0.03927925475658067,-0.02291624428538469,-0.2568122186455944,0.008434657146621729,-0.06396561171318571
2024-08-08,2349.2904,2709.9281,2327.1725,2684.7862,30921267870.26829,299583882904.9443,0.1466218641345189,0.1368201099781575,-0.0108344849151297,-0.0108936053609982,0.0686251582808411,0.2267211373473241,-0.0033455594446468,-0.015218832169516,0.0175923113143823,0.004358916258812063,0.11707320230113685,0.11699071683446166,-0.1777119046029898,0.022534189648475225,0.26414765025822873,-0.05827627680482972,0.11660002933245292,0.03251361640161354,-0.137172805817765,0.007841708503307105,0.0901925145326774
2024-08-09,2681.0539,2704.0312,2560.8861,2600.1855,29064924778.414635,316519810060.9582,-0.031511149751887,-0.0320183085935972,-0.060034507628925,-0.0619121146354622,0.0334185964907016,-0.7195466800911103,-0.0196671290972966,-0.0182037076662597,-0.0103452967449207,0.01175576014686094,-0.04720856725530931,-0.04564913063579068,-0.13913797117944005,0.009992929216782949,-0.17427547597843018,0.0036371932515125716,-0.01805766958888283,-0.01175203969525851,-0.1798114726425483,0.012914586147022433,-0.023822712136073898
2024-08-10,2595.6427,2642.4081,2586.2779,2609.7463,18641746063.92683,314218510527.5819,0.0036769684316753,0.003670224908677,-0.358617088946629,-0.4441286352751329,0.0148039555291987,-0.8142181156488535,-0.0161728086244,-0.0033780475620158,-0.0207127018079824,-0.002309090751334123,-0.008536247249868373,-0.008776270529906122,-0.1089249470540481,-0.03401693863544784,-0.06696243455632134,-0.0014199371433216146,0.0027113555358604935,0.001165492132178092,-0.17641559638723914,-0.0008456623180069649,0.0022007448518572836
2024-08-11,2611.4138,2711.0543,2552.1725,2560.9146,13783923340.49129,316401034145.3519,-0.0187112823955338,-0.0188885532326397,-0.2605883969654425,-0.3019005401026538,0.040943077924701,1.0172883482154198,0.0310698927552535,0.0312860371262725,0.0031441212942325,-0.013206445148069425,-0.0425567357548558,-0.04383108617975781,-0.04892584681347333,-0.03640582531478225,-0.2804561587147538,-0.0030550913901405408,-0.009955767591408538,-0.009583983557473807,-0.20620774320172727,-0.00726413732157256,-0.021658315306168907
2024-08-12,2563.8531,2741.4118,2531.0374,2727.6733,24379596634.56446,315423830037.49475,0.0651168531742525,0.0630845144328258,0.7686979267323406,0.5702436412593264,0.0412986768601233,0.0086477034057974,-0.0109716206994922,-0.0278470456460705,0.0221874146527849,0.006995886234560891,-0.09731338894883416,-0.09452751942218435,0.118736798241332,-0.198426518882248,-0.4830502934879384,-0.0333865096955569,0.0505946015099803,0.021956864855548985,-0.1586917000459194,0.013702110827277143,0.031097520242479693
2024-08-13,2725.257,2734.2765,2619.8933,2704.6421,26482751922.5331,321852083355.1115,-0.0084435331753256,-0.0084793817365405,0.0862670256400741,0.0827470712514555,0.0298461771954666,-0.3247736976848658,-0.0001246630664148,-0.012341271501662,0.0043841813487748,0.013333089018122739,0.010569001142672868,0.014449388376653272,0.09503123540493677,-0.12836562426672216,0.10344626312204941,-0.014626359701553154,0.0018778897401396377,-0.005499980472040256,-0.19098601199563342,0.01732496196117733,-0.018424695072566832
2024-08-14,2701.3749,2760.9126,2646.1577,2664.8732,21303300704.296165,324396388468.56445,-0.0147039417895624,-0.0148131162600689,-0.1955782855719744,-0.2176316268830619,0.0288030742765304,-0.0355746373259218,-0.0056457962921943,0.0217814924598462,-0.0233652077558765,0.03750465213872743,-0.056615898872952854,-0.016310198825124606,0.12937548949681396,-0.0587388519336548,-0.08640249310195136,-0.08628939795575906,0.01322355225734162,-0.017721131429230264,-0.27229855862602453,0.0036198877592519448,-0.0793678654713077
2024-08-15,2664.2417,2674.5814,2536.6112,2573.4069,21172796981.00697,315292831859.1882,-0.0343229463975996,-0.0349258137056752,-0.006125986066698,-0.0061448269045591,0.0306227394098895,0.0612607237952902,-0.0010250136872167,-0.0155604110402955,0.0145246305624115,-0.03016992437703523,-0.004883714998689632,-0.02869631486400937,-0.04237043418701887,-0.061060109422634956,-0.49762793310659204,0.02843119961573802,-0.03213270068867918,-0.023036587634014782,-0.29548540347211305,-0.005373381717092222,-0.028520280401338916
2024-08-16,2572.7081,2628.9703,2561.2868,2595.7544,21909793862.480835,312471022029.99304,0.008684013398736,0.008646524235638,0.0348086689791145,0.0342165487387075,0.0175904619435556,-0.5543860308341366,-0.0109729639641825,0.0043635625498281,-0.0188771272385895,0.016271079099118776,-0.0056915621047111745,0.011706482781081058,-0.0017056013577834896,-0.04731501443733296,0.09417734055060256,0.022244086799388857,0.002335305101054508,0.010336475346899854,-0.2709114367731416,-0.003898141900579499,0.031167212050990933
2024-08-17,2597.5662,2627.1605,2593.2407,2618.2232,15001355444.735191,313351268859.2683,0.0086559807044919,0.0086187324956954,-0.3153127985186532,-0.3787931851850025,0.0077589745956817,-0.8185066343868295,-0.0109024560307797,-0.0103718891999441,-0.0037146980091512,-0.007353759867952572,0.007312136463614009,-0.0033156875196065083,0.0032429062292350258,-0.024960486210445876,-0.0003466777341669669,-0.013534137933585502,0.009585076881567345,0.0038422048998039693,-0.27365799311354977,-0.006994103006409405,4.4761739540488676e-05
2024-08-18,2619.1546,2680.5919,2602.6847,2621.8018,10684582235.745646,317468241580.34845,0.0013668047857799,0.0013658715583817,-0.2877588778489041,-0.3393387701941279,0.0208460525948114,0.9883144205987348,0.0162833346998162,0.0164620538794835,0.0027971201341307,0.007521807931381609,-0.01123443251334644,0.002091333084574487,0.02349733102025648,-0.021753085394913337,-0.025863306366834315,-0.03936462202429221,0.007860014782835711,-0.0036813764683081285,-0.2915115386314499,-0.01357334035353369,-0.0255598928052454
2024-08-19,2613.3601,2649.5308,2574.9342,2640.3929,13738107673.63763,313884471039.4739,0.0070909631689166,0.0070659405097854,0.2857880046705343,0.2513717636031762,0.0191542820373924,-0.0846383106143702,-0.003193431803663,-0.0157840545309033,0.0124891402867478,-0.037786911576015256,0.03232825148421019,-0.006645760401134716,-0.03252124290278384,-0.07850958493464143,-0.05639232892215951,-0.011325638176354444,0.0069941426898502135,0.004592661616427185,-0.29027492210527567,-0.009096516992486472,0.0037921198386767774
2024-08-20,2637.8247,2693.986,2570.3182,2579.7431,17076152094.261324,316370088420.8223,-0.0229699905646616,-0.0232379115100151,0.2429770169169036,0.2175093223470956,0.0302099045727715,0.4556435408810135,0.0112675504653904,0.0233227918552406,-0.0095425416660328,0.014379163990441785,-0.02105811263512833,-0.008387436089249467,-0.04727977267625844,-0.07493468329576163,-0.07267579354085241,-0.013760751190586964,-0.017814496722341644,-0.01980265673490128,-0.31605581725879855,0.0032746289639117255,-0.04000816925753248
2024-08-21,2579.8199,2659.8239,2552.611,2631.0461,16309363308.341463,312938215376.99304,0.0198868639284275,0.0196917034271269,-0.0449040733349728,-0.0459434967761838,0.0264015467473519,-0.1347472392466926,-0.0061892494051154,-0.0119868786166014,0.0081724130366236,-0.022265137337493048,0.009785868927588648,-0.005052984528907213,-0.012774952989062593,-0.04218865787693047,-0.22934205128004592,0.0504266252005814,0.008093676190279453,0.019191955768599056,-0.27123780767903705,-0.009609872345586903,0.05156760585165121
2024-08-22,2634.5055,2645.9577,2594.8353,2624.906,16982370735.850174,315199054437.5714,-0.0023337105343764,-0.0023364378808566,0.041265095073607,0.0404364114633245,0.0136078330238307,-0.6627770127741761,-0.0110833057840304,-0.0123408662084782,-0.0046916061521407,0.018390620108720026,-0.027560690703380804,-0.007728157382934628,0.019814422835755983,-0.0368278787714155,-0.15001578166396978,-0.08402416647488978,0.0021807983411469833,-0.011740717338064866,-0.286255299277297,-0.017496492667687907,-0.062025546141923016
2024-08-23,2623.9889,2796.865,2623.9889,2762.7538,15762387827.1993,322820142857.6958,0.052515328167942,0.0511828500483439,-0.0718381978362692,-0.0745492056142565,0.0317743467612948,0.848013674027714,0.0135082318206712,0.0220948742133353,-0.0132218603247368,-0.0044726262560359775,0.022364222158472183,0.010211644626378871,0.06235074864846201,-0.05660645680343403,0.36788684271635486,0.05307405968551225,0.022748407242374313,0.02835115730116372,-0.19089322711242626,-0.01886105288877439,0.033550143273809896
2024-08-24,2768.5943,2815.8938,2745.8208,2766.8233,19522838660.36585,332645946751.1045,0.0014729868437788,0.0014719030627907,0.2385711400069461,0.2139584087554056,0.0178144243659779,-0.5786507718296199,-0.0089880116067056,-0.0107241972664072,0.0079332832992742,0.005564265017128207,0.008375265099261488,0.010017942751174805,0.05520391921555715,0.04194354693826278,0.1502428509462832,0.05887803876599464,-0.01854207084363052,-0.0011427545603343026,-0.13792994618253365,-0.01472704112552885,0.03895136001489252
2024-08-25,2771.4623,2791.7577,2741.1985,2747.1409,30500044724.74216,332190864697.2404,-0.0071137177426545,-0.0071391408731118,0.5622751002220598,0.4461431564107781,0.0117045521816252,-0.4200306452886648,-0.0071051405163852,-0.0064149940984331,-0.0030571696797499,0.007271610993123054,-0.003976864423652415,0.0019165576988300556,0.04669890678406353,0.16552843514892107,0.02654068112502639,-0.028235454260148313,0.006884247288776846,-0.002876040089775045,-0.1775302850971349,0.002996192269834978,-0.02587819873713393
2024-08-26,2754.1201,2762.9236,2671.8844,2684.2857,85489888570.28223,327412167816.446,-0.0228802243088441,-0.0231460390685433,1.80294305604514,1.0306699566160131,0.0175069401734832,0.4026195421676624,0.0033607307690269,-0.0012424850827659,0.0069718458533157,0.012963083880854986,-0.0009212472881538897,0.009356017566937956,0.016486927205734664,0.43980135726896563,0.09909521589601766,0.016139809628473112,-0.019312499705848696,-0.013107187875202486,-0.1938454640790879,0.08936726245886199,-0.0113315389985853
2024-08-27,2685.7921,2699.2548,2441.9281,2464.2258,82975229853.96864,315087112922.69684,-0.0819808040552463,-0.0855369779650703,-0.0294146917064496,-0.0298559788517825,0.0464246581327462,0.9752333596967376,0.0210930499312276,0.0117428047597947,0.0175668812016515,0.05215957152310432,-0.018295443085934324,0.041236659684580276,-0.04581213924932051,0.28277799080393257,0.3433572267282594,0.0037656423930571975,-0.0648334861440647,-0.05784376765093202,-0.2856472149791589,0.07762418985848028,-0.11902069217983513
2024-08-28,2454.1869,2552.2925,2429.0558,2528.9692,32740526588.048782,300051646169.0453,0.0262733228424114,0.0259341078038868,-0.6054180669861341,-0.9299284720123508,0.0296066810247975,-0.4498306971920143,-0.0085078626532466,-0.0023730969030565,-0.0090458073128807,-0.023486101547282354,0.03486318416247952,-0.008243147521197688,-0.03956973487256048,0.05960314809646516,0.047614779741997904,-0.04776017449440141,0.027101135367038537,0.008507371583600543,-0.2736960799802128,0.016645696842665692,-0.013437020950843648
2024-08-29,2530.1333,2595.4396,2509.4422,2527.8966,98737053362.59232,305844574104.9338,-0.0004241253709218,-0.0004242153375259,2.0157442061006474,1.1038466342480968,0.0238199095433804,-0.2174782797456691,-0.0007759582009461,0.0069531432010953,-0.0126123442853755,0.002675462870589007,-0.0017212471363066556,0.0012933279173824447,-0.037657512329229835,0.2530096308194037,0.005228996612638426,0.011627936710916886,-0.0038512885030448363,-0.0005373257717388169,-0.26225794361027066,0.08412796670613999,-0.0013073980795754725
2024-08-30,2526.0696,2537.557,2441.6821,2527.8508,100196674032.34494,301639126556.4181,-1.811782966121278e-05,-1.811799379107105e-05,0.0147829069234268,0.0146747048126282,0.0272304250844503,0.1338131510378986,0.0075223736939436,-0.0217524286937803,0.0265713309978365,-0.04451152854170007,0.016735006674608963,-0.019484382917362514,-0.0888584803713648,0.2077182816443244,-0.14795463234470585,-0.059240136191985385,-0.0037696993129577028,-0.014528218741217125,-0.24784961397503216,0.08263168213461303,-0.08861107873395135
2024-08-31,2523.4476,2533.1541,2496.5843,2514.6596,73116751502.85715,303030283369.9408,-0.0052183459561775,-0.0052320090767579,-0.2702676789525569,-0.3150774955811857,0.0100513173544263,-0.9966312114934524,-0.0243168449888553,0.0011340681848453,-0.0255412464138392,-0.015137879954714432,-0.004639909119634411,-0.010921428633953081,-0.09556239251091356,0.11248427241224876,-0.12355329342490373,0.010114080687981612,-0.007782129772789609,-0.006879668614693607,-0.2431755553540315,0.046147118557306965,-0.02515643245613064
2024-09-01,2512.4604,2516.3066,2409.3747,2430.9171,44978505531.73519,298131044326.0871,-0.0333017240186305,-0.0338688529192196,-0.3848399360305607,-0.4858727784221252,0.0228548267957232,0.821458627400137,0.0103698084748371,0.0019630599255925,0.0105244654452041,-0.007404283458179225,-0.0330804646354506,-0.03302064580220224,-0.1222921045570214,0.02833573368295519,-0.2933539544111232,0.015012174185048056,-0.04912985691539176,-0.046065197595638874,-0.20645216625610416,0.017255328639690322,-0.1964996807328081
2024-09-02,2432.8884,2561.0235,2428.7995,2539.6288,20035384902.37979,300289757946.6167,0.0447204472748166,0.0437493350588156,-0.5545564561222792,-0.8086847654041374,0.0263210811407386,0.141207849031864,0.0018532942495628,0.0134836504843941,-0.0106477355097367,-0.002754680380409706,0.04111756619695607,0.03762179696925853,-0.05539673042966259,-0.13502145821416506,0.22338420714680973,-0.005738243666473221,0.02452156506720224,0.022963877602273475,-0.13616003198057358,-0.006766049591145313,0.015821344544079574
2024-09-03,2540.5543,2553.4566,2438.1004,2438.1004,71254116951.50523,299655316014.59235,-0.0399776534271465,-0.0407987171111204,2.55641368003076,1.2687526438525336,0.0203472955736587,-0.2574221749753809,-0.0071836647543623,-0.0054477501131821,-0.0086635035957,0.04169895452064548,-0.060840762902892365,-0.01663331209904266,-0.010658469575712693,-0.0262279515543203,-0.3227040905854741,0.04473542163499106,-0.055525501407660494,-0.038592333393949185,-0.09807109561847951,0.04417266091058759,-0.12427617954341041
2024-09-04,2433.2665,2487.2768,2337.5743,2452.2749,23718907407.45993,290875912001.8885,0.0058137474568316,0.0057969128436982,-0.6671222881956034,-1.099980088266439,0.0436261683183901,0.7627091536874073,0.0319518845167167,0.0023361374175922,0.0438392756939298,-0.02113156165161345,0.046799393671192596,0.011397448360065093,-0.03079566453590136,-0.02066653856167082,0.3085615438069582,0.06433326861479338,-0.10101260484979516,-0.016924526143698382,0.01230394784719799,-0.04019201123588595,-0.20456338755485381
2024-09-05,2452.9409,2465.2994,2356.0129,2369.5972,72221784955.49129,288539329245.0,-0.0337146948737271,-0.0342961414543278,2.044903532646555,1.1134692200841765,0.0237987224967677,-0.6060252584709054,-0.0264998056178966,-0.0035330791902137,-0.0286145661114735,-0.005351427299091528,-0.029094697467782434,-0.026299135893202777,-0.06466759065270318,-0.06333670893209427,-0.3390003646821085,0.008753510022554062,-0.01478872456281554,0.004610859871693851,-0.03721837470698451,0.020048804822090035,-0.01454462141450108
2024-09-06,2369.8234,2405.3853,2175.1372,2226.2336,81863728027.09407,279459391465.1289,-0.0605012531243707,-0.0624087939500182,0.1335046354440685,0.1253142804533956,0.0596058657705602,0.9181220855672136,0.0353099958593868,0.0198473479188078,0.0293898249548989,0.012831193018368943,0.02624377836245386,0.02822057993161474,-0.1270582666089304,-0.0462620261018507,0.5164680638185559,0.05408581249803021,0.009969065058231669,0.05498215489717401,-0.05046979830505657,0.04497816233486215,0.3001562664705648
2024-09-07,2231.7322,2308.6582,2226.1881,2272.2729,49391736994.30314,273628974676.2404,0.0206803544785236,0.0204694191357133,-0.3966590798557796,-0.5052728686447632,0.0231603611629665,-0.9453117413585046,-0.0317892735770407,-0.0107510376715948,-0.0374755908541084,0.0023504251887822986,0.02063687571461656,0.01838179076260442,-0.10135683839645915,-0.06323270067139136,0.1303953185190383,-0.10372764614014353,0.053293685171295825,-0.07039086783877388,-0.16682048914750078,0.015925885618328896,-0.17369751711752723
2024-09-08,2271.712,2330.6072,2246.7796,2297.8977,39723810386.00349,274837709949.82578,0.0112771665762505,0.0112140533820114,-0.195739757227302,-0.2178323771372027,0.0249032472072323,0.0725559580579324,0.0004231541799975,-0.0041821835984551,0.0086176554745166,0.026740147318810345,-0.0009521052889523013,0.015550626723712296,-0.05627393209522791,-0.014562782289922513,0.123408576937174,0.026079244489321404,0.002924083638364758,0.021830752514878454,-0.12358812717189202,0.00907635343861961,0.09635895598251598
2024-09-09,2296.2425,2375.6777,2276.3507,2360.4073,64310245768.645615,279168424647.32983,0.0272029516370548,0.0268395274278725,0.6189344663498104,0.4817681960194288,0.0248721240092974,-0.0012505462533067,-0.0015733360675079,-0.004211130171539,0.0020053085824759,-0.05464024338762288,0.034254917737803994,0.00619391967936167,-0.07318373972617082,0.11653823967001616,-0.05739239381205641,-0.013338984138644719,0.023732373763890632,0.006010243715248609,-0.1004188246526964,0.0379815972667295,0.031413594329705585
2024-09-10,2358.0765,2397.7908,2326.3383,2391.1928,64427338118.26481,283291464294.5714,0.0130424524614882,0.0129581320503285,0.0018207417530393,0.0018190862120109,0.0195568422228439,-0.2404224476198826,-0.0026652681852416,-0.0080251251118412,0.0015410182385637,0.009453370729028365,-0.0096135439748911,-0.007252966580611017,-0.019426890564721792,-0.017107097058236834,-0.09673340670937902,0.008480505655005494,0.002542694557798819,0.007724954221699665,-0.068572139369728,0.040498062505508615,0.03399515756248639
2024-09-11,2386.7733,2386.7733,2284.05,2343.4045,84804412342.35889,281297817164.65155,-0.0199851304336479,-0.0201875344057387,0.3162799336314235,0.2748095258077836,0.0289440534262471,0.3920395634761733,0.0131343709662169,-0.0067838815020707,0.0142917480051428,-0.013445431916967322,-0.008416334609612983,-0.0111936019947384,-0.04541133781415871,0.1435719247897077,-0.1161502563645378,-0.046294621154980536,0.0048345604871846,-0.024756423358230806,-0.15184418820829262,0.046267562984575135,-0.12434675820571828
2024-09-12,2342.1021,2382.9799,2320.5698,2362.0268,82098610116.5331,283234649684.4878,0.0079466861141557,0.0079152774906451,-0.0319063849520276,-0.0324264866213454,0.0180121733289655,-0.4743169491353343,-0.015808148384163,0.0123617977785747,-0.0208061459766514,0.0004963785329285923,-0.010577153470796963,-0.010317719334672432,-0.0031999188691857108,0.02139397514963963,-0.16491212523317733,0.007904856442118732,0.004023225756328186,0.007580417980639076,-0.13544952898110693,0.040772567816989784,0.03620157385227141
2024-09-13,2361.6928,2458.0959,2338.8523,2444.3826,71532309022.83275,286352679839.9896,0.0348665815307429,0.0342725116745636,-0.1287025575548994,-0.1377718650813507,0.0279083539632436,0.4378782438497226,0.0077617751049261,0.0025989797279356,0.0079211510172323,0.00678801314877522,-0.06880969630256588,-0.05785263299603317,0.09348138675539608,-0.02238976526455705,-0.5421897097822646,0.003078428953879511,0.020211030693090576,0.01888102182995377,-0.08636390104647443,0.03544708143175354,0.07219046038539267
2024-09-14,2440.9578,2440.9578,2396.373,2418.4846,65188499369.223,291221204774.885,-0.0105949044147181,-0.0106514300246311,-0.088684536264373,-0.0928661587492017,0.011698777225396,-0.8694417435222248,-0.0125362259412577,-0.0149607775065104,-0.0076976042610756,0.012543537126416014,0.013257980409340994,0.017953947561859647,0.062360537595051696,0.034034327730366465,0.19501430222190663,0.02872019572499024,-0.020426113950864577,0.00011421237307318588,-0.06208951736543037,0.03006178945645754,0.0222963456823555
2024-09-15,2419.063,2429.25,2312.8386,2322.1973,31089434735.682926,288838325340.3763,-0.0398130713753562,-0.0406272961578742,-0.5230840556768366,-0.7404150209737564,0.0236772144486384,0.7050288443231651,0.0062422276402103,0.0137619745080686,0.0004540389554699,0.026448214733680316,-0.015336575628526583,0.017860735437741512,0.01051918805516585,-0.018459193734586363,0.06929462513899587,0.007505128684898291,-0.025669147115013016,-0.01277629686840892,-0.11136333775894261,0.006157206162026987,-0.055993133175637366
2024-09-16,2317.2073,2331.3598,2259.9272,2296.6475,59464244325.1777,275802026162.9094,-0.0110024242987448,-0.0110633986250631,0.9126833546744276,0.6485071538483446,0.0212959274473825,-0.1059973152343527,0.0029892151797506,-0.0042046474965649,0.006619492442675,-0.009116047316791068,0.013005301285257113,-0.00439528107756499,-0.0273837379977699,-0.010511395517291284,0.05880081734271636,-0.0032252498295708837,-0.0072687125715582696,-0.007155992366940783,-0.13104546887970125,0.029298256586439947,-0.03299871298104051
2024-09-17,2297.3418,2387.6376,2265.7066,2340.6357,50992990805.86411,279555730048.13586,0.019153222251129,0.0189721082470921,-0.1424596177997132,-0.1536870081059392,0.0352017375230387,0.5025795880547852,0.01265094927948,0.0181280469478029,0.001154541822324,-0.015153526631665304,0.017598174350413304,-0.0012748053938952744,-0.02136976180100632,-0.029731585273397924,0.018345012121781412,-0.004036888991035381,0.015527978630251196,0.007426764489296495,-0.11343923219099084,0.02583868282330532,0.035775049147250604
2024-09-18,2340.3952,2360.131,2284.1697,2360.131,60508907994.268295,279199144436.5296,0.0083290620577991,0.0082945668299869,0.1866122586265299,0.1711024056726849,0.0225362136912619,-0.4459719300887919,-0.0066893882926745,-0.0276853739593066,0.0069649305862974,0.006368289369014193,-0.004410937571593811,0.0013429353700011165,0.007112339434719226,-0.056121487608717595,0.018053829332398852,-0.010069747987077451,0.009454018488691582,5.65885531480792e-05,-0.11221060587078958,0.029167669422586865,-0.0015306189943593562
2024-09-19,2382.7849,2488.8134,2377.7836,2465.818,90170205110.8467,293102329047.8153,0.0447801414413016,0.0438064723162288,0.4901971974008863,0.3989084584491602,0.0242514973220929,0.0733548479712919,-0.0062845773083908,0.0201027851821306,-0.0194651470206653,-0.02227831043040074,0.02260700698387142,0.006489340317084577,0.04300353426030291,0.018996546667177743,0.057101738060918006,0.0004189853618587619,0.02082565842057385,0.016575506228316467,-0.04516622204454571,0.04394537006606662,0.06541828259815019
2024-09-20,2465.1597,2569.427,2440.4414,2557.5129,84650021145.53659,304654698430.0732,0.0371864022405545,0.0365116645314081,-0.0612196008484633,-0.0631736938432378,0.0283513947753303,0.1561978666696304,0.0038620090162969,-0.0062270789389678,0.0129902919305458,-0.006620391279336122,0.03566221875096746,0.03306613675751245,0.04524268711714736,0.03012293897489442,0.31560904779257104,-0.02776307294052481,0.02985566927086003,0.011755909605285358,-0.02834626094026437,0.03941091244600129,0.0068553757987677155
2024-09-21,2559.0148,2618.1029,2532.6668,2615.6591,52774486957.1777,307959493173.6655,0.0227354473950061,0.022480848828565,-0.3765567185571769,-0.472497486014605,0.0191101144186197,-0.3944584817847465,-0.0069405232397931,-0.0092585849947888,-0.0034626930796736,-0.006846842327634623,0.0021035608184595683,0.001259749178805225,0.07837496597034377,-0.02848375326943037,0.06737408762320518,-0.007895914371244081,0.009856874047120379,0.006025237708422615,-0.0035289742308425853,0.02003717835208017,0.0050655299566950696
2024-09-22,2618.1437,2628.8546,2531.8988,2581.0899,54299828631.7108,310887251453.9094,-0.0132162482488639,-0.0133043600572089,0.0289030128473024,0.0284931986170357,0.0250518597610705,0.2707303211308178,0.0079796409799401,0.0040351650336293,0.00712021608572,0.03950894538415828,-0.04206558571702676,-0.025007921522026702,0.10569790207100896,0.05261293825902573,-0.09922654426290434,-0.03375149405764275,0.017173258862442337,0.007265779202856981,-0.06801618433639547,0.021134449242667327,-0.029284795519336715
2024-09-23,2579.1154,2690.207,2554.9903,2647.1911,81711484992.53659,319125880397.1464,0.0256098015028458,0.0252873639861507,0.5048203107001619,0.4086734961890891,0.0326729893444411,0.2656006559002768,0.0050049872499144,0.0174200416400649,-0.0071348794194827,0.002342428705749272,-0.011219953116814549,-0.0065246665554372085,0.14204866468222288,0.04795745060825864,0.0031938190441316294,-0.01870810562538304,0.014962095608773734,0.012251773063019555,-0.044200723413035485,0.033190275127656106,-0.017791605344664063
2024-09-24,2648.4392,2667.4619,2594.7967,2653.7196,75454281873.42857,317434504108.86414,0.0024661989835188,0.0024631629054961,-0.0765767886812918,-0.0796676324277843,0.0194904842413804,-0.5166223637907792,-0.0095459147185605,-0.0199923120248052,0.0031822215422307,-0.006829728925313618,0.013935746892174125,0.00591674906726794,0.12553971934062683,0.050204170376108734,0.021203928228568536,-0.008352162509643145,-0.0014985333338640716,-0.0020891399811002465,-0.03459841963442762,0.023324292984710764,-0.038661353978797
2024-09-25,2651.3904,2665.2899,2564.3497,2578.7016,69624453084.36586,314586852255.76306,-0.0282690002364982,-0.0286762620383331,-0.0772630610790519,-0.0804110916875689,0.0211371990367768,0.0811081169251219,-0.0033339692717336,0.0070609763807434,-0.0077861711402434,0.028057697774140467,-0.04733189816566275,-0.0016388722809118211,0.08856889047230682,0.0180823357201482,-0.16794346549880634,0.0037700029906088447,-0.027194323731490916,-0.026889174910822655,-0.040128642604217404,-0.008169730272840268,-0.10706513873571089
2024-09-26,2582.5213,2661.5188,2561.7027,2630.8486,62952122714.89198,315750549520.345,0.020222192439792,0.0200204392987094,-0.0958331458832262,-0.1007413624834624,0.0244495671083234,0.145578034814497,0.0048189697094347,0.0055467070099141,0.0010336721783864,-0.027522805805102288,0.014460433543773467,-0.020829621004879978,0.06478285745478767,-0.05499146901011016,-0.25737093392005717,0.03014818702351559,-0.03792547811353758,-0.03191152847746098,0.06542877465956264,-0.010406874048504834,-0.04489190578468838
2024-09-27,2629.8415,2720.2057,2617.786,2696.9133,65927670477.08711,321148187453.91986,0.0251115552601546,0.0248014410684887,0.0472668376199367,0.0461837586531534,0.0221686838511541,-0.0979318549257746,-0.0030931935288811,-0.0016428048822098,-0.0029854045447289,-0.021229953380636598,-0.0015810911227377746,-0.017411229406929844,0.05307263399186822,-0.03966233138109953,-0.3619959937603965,-0.020304462963380877,0.02877038592933498,0.023873759584573884,0.06429610792416443,0.017190255256760024,0.06147933194519184
2024-09-28,2699.9472,2703.962,2655.4795,2679.5182,47646560991.52962,322449677378.87805,-0.0064500034168692,-0.0064708945693629,-0.2772903904121869,-0.3247477839948133,0.0118908193578783,-0.6229140358168666,-0.0078994263178228,-0.0133715447899173,0.0005362978206005,0.0010871704007528876,0.017633040493492607,0.015133121368670746,0.02412089059394021,-0.011143411172728188,0.22481623591910394,0.00844624723654179,-0.0036801774628473227,-0.0022681965486024414,0.05824942869232738,-0.026588007122702186,0.00490006008457855
2024-09-29,2677.9749,2683.5485,2637.794,2661.2174,31376885448.954704,320380074817.1045,-0.0068298845665611,-0.0068533149737509,-0.3414658939491406,-0.417738965592798,0.0115172753375683,-0.0319185083830726,-0.0004837771812845,0.0004948244542716,-0.0006726301547666,0.01016463044200287,-0.024001498871442137,-0.010367341271975791,0.030571935677398094,-0.051390192564322874,-0.20065812117218762,0.007167258860373171,-0.0035302656237007346,-0.0019700125323145468,0.051414231712367434,-0.03696992086345808,0.005294867598343522
2024-09-30,2657.1184,2659.8285,2582.0822,2597.1898,50825380351.51219,315263733125.30664,-0.0240595150174502,-0.0243536729297949,0.619835099127259,0.4823243534010858,0.015459465327253,0.2943733468381939,0.0015458878996655,0.0007607645681933,0.0013665637438971,0.001004181974771097,0.001837504385634424,0.001799067436665705,-0.019069101238547524,-0.07370317203201995,0.02189488921488092,0.020062460868348404,-0.013187475843674717,-0.006768496308310695,0.03229256785933045,-0.012274029532924547,0.013748925424293734
2024-10-01,2602.956,2656.8548,2432.4723,2455.3594,75327616226.62718,309755543174.1289,-0.0546091779661233,-0.0561568686943714,0.4820866210081591,0.3934509738892893,0.0507578845527437,1.1888455082043,0.0336078504473686,0.035276300759614,0.0122595044638165,0.01605631988705719,0.007004828867678822,0.017405443368879198,-0.07768913283841514,-0.00031372761180646224,0.43765146732031557,0.04629829852190949,-0.04340306511525016,-0.012876473081726042,0.010004552084178754,0.016673954584963454,0.007918055889204023
2024-10-02,2453.2018,2500.2849,2359.6067,2367.5875,59258335251.52962,294484955477.5261,-0.035747068229604,-0.0364016414313275,-0.2133252289140846,-0.2399403674558001,0.0344865646142228,-0.3864971497824925,-0.0132662031789607,-0.0080072333172173,-0.0137263478151865,0.0336876232498017,-0.01094974360265745,0.02811451676825958,-0.08541451223140957,-0.026014464438061814,0.2972842714235755,-0.00953647079796388,-0.0017527694380792963,-0.007626729141751082,-0.07014642440596441,0.021145475602533395,-0.039310202395752114
2024-10-03,2363.5738,2402.6092,2314.0354,2350.4669,64147590037.62021,283903124990.3275,-0.0072312427734984,-0.0072575149397489,0.0825074610236267,0.0792800732713343,0.0263347912793583,-0.2696788894121371,-0.0079034010635675,-0.0132398876962845,0.0067296246122757,-0.014665618927728608,0.027244931793273836,-0.0034248371640526326,-0.11269246646986805,0.0030348588372002905,0.06554599517333548,0.03021843563759971,-0.02150169895912034,0.007543435096916462,-0.03660522223459284,-0.003798179778603758,0.030617426779314894
2024-10-04,2352.2741,2438.5051,2341.2904,2417.5872,48887108059.35889,288102416934.07666,0.028556156225812,0.0281560287426681,-0.2378964193247417,-0.2716727998887996,0.0231905722291083,-0.1271451006584021,-0.0048198459368259,-0.0013465107744064,-0.005939161386373,-0.05735653766692265,0.03746784234511082,-9.333304830133615e-05,-0.10933787879568856,-0.04415487870424883,-0.05074228336922415,-0.017174165640718525,0.01946429416978364,-0.0002528524387583053,-0.014246106335622902,0.01338705660544632,0.00771535783628674
2024-10-05,2420.2255,2426.3081,2392.0934,2416.1068,36501432257.48781,290444218133.49475,-0.0006123460613953,-0.0006125336218166,-0.2533525973111837,-0.2921622231043215,0.0099863215064532,-0.8425295193673721,-0.0101681646016686,-0.0143595651530652,-0.0014443211461088,0.00187659945819855,-0.0027676839618978044,-0.0024109524420881934,-0.10347951784814238,-0.02997057143373986,-0.036979556296647065,0.017415437737034106,-0.017800354209462146,0.001433829221980265,0.019437501496888287,-0.01905354572540215,-0.0012676702363905168
2024-10-06,2411.5666,2453.8659,2408.5,2438.6996,26311445867.400696,292330072882.0732,0.0093509111434975,0.0093074620231145,-0.2791667548332097,-0.3273474511561871,0.0112139169890579,0.1159392879564009,-0.0001652854094614,0.0071307344732843,-0.0068248182182392,-0.005367472660221273,0.005767941155525785,0.004923062251427052,-0.0873187408512769,-0.013924238591796265,-0.0020110052765534014,0.01918949018553695,-0.07984408247219844,-0.011414147804448216,0.0911537574700211,-0.030372786761105806,-0.18864833976741857
2024-10-07,2440.2513,2518.1013,2409.7656,2423.7829,50422252820.89198,297434495018.5331,-0.0061166615191143,-0.006135444926852,0.9163619162170044,0.6504285532646656,0.0308093722426715,1.010663342048979,0.024542009702189,0.0242419809964799,0.0045571433697359,0.03397258439416577,-0.011335943793628483,-5.39148702591169e-05,-0.06910051284833407,-0.001116519519346439,0.05008392184830468,-0.0028645421818958017,0.01386946313332704,-0.0007601440011397731,0.06454889340745561,0.0005719068103483769,-0.011464767317759694
2024-10-08,2429.1611,2459.0201,2406.5276,2441.5104,60870942465.87805,292978038962.92334,0.0073139801423633,0.0072873626971151,0.2072237764167639,0.1883233237851392,0.0149289367230419,-0.7245175457486108,-0.020748986952103,-0.025281132795252,0.0030841758463882,-0.014979637718684307,-0.01787419781393859,-0.02288037037032524,-0.005656281456847407,-0.040886780521434594,-0.3774100160097409,-0.008850912800318161,0.006171620433583155,-0.007246559290665144,0.060622202722559214,0.011664403721380726,-0.02873470594764216
2024-10-09,2439.0923,2468.6206,2360.4501,2368.7741,53048689006.77352,292328193279.9408,-0.0297915175786267,-0.0302443002476105,-0.1285055420899616,-0.1375457732963971,0.0259473959790002,0.5527698654104474,0.0098295280833765,0.0129460514786765,-0.0008821189478686,0.03382233454126518,-0.03370792928548165,0.0033262916165689993,0.0005010597268696089,-0.0180888988265637,0.0009745123107185449,0.0052500426418417845,0.009619340070631026,0.007713636467029522,0.003538375047075975,-0.006194746540417065,0.0439670280946749
2024-10-10,2371.6688,2414.6507,2334.3428,2381.9907,46226053752.18816,287052796605.37976,0.0055795105155869,0.0055640027040473,-0.1286108173891763,-0.1376665791802726,0.0237645640132031,-0.0878756928010271,-0.0009702098461045,-0.0066502576072692,0.0071625203927827,-0.0006955477911095576,-0.009818968919465123,-0.0033113711734904933,0.013322577370665683,-0.05411943682340339,-0.11958682232988194,-0.008815665040748849,0.008877912193197217,-0.005273311757762772,-0.003855754299205269,-0.01009399423428344,0.00018513137532361057
2024-10-11,2383.0122,2466.7547,2381.4875,2435.8833,39927502626.81882,291683460656.0488,0.0226250253621898,0.0223728756527906,-0.1362554363635506,-0.1464781978286611,0.0208022033300821,-0.1331366537176364,-0.0025728232424988,0.0052165430247912,-0.0141017199841844,-0.025249160840565207,0.02678770568867378,-0.009343424805979515,0.007539424280788237,-0.028195512614185975,0.007911503166405431,-0.003226192424992419,-0.0018491301656032993,-0.003684258845276761,0.038704655759323955,-0.025331844626068235,-0.017589390936080473
2024-10-12,2439.8292,2487.1163,2434.7447,2476.9495,30505286230.857143,295887408874.7352,0.0168588536240632,0.0167183204376284,-0.2359831137956743,-0.2691653876981874,0.0117637769326512,-0.5700338517784087,-0.0105000579372031,-0.0119886334075263,0.0021857532982465,-0.009588221760205438,0.004708285715948335,-0.002024466770797005,0.024870278340233358,-0.019323669421527342,-0.047818212946955985,-0.013474346518843383,0.01180327437311779,-0.007116206899531935,0.047507698706307264,-0.029938817621356622,-0.008562511385650229
2024-10-13,2478.6916,2482.6763,2437.0976,2465.9172,22639714811.09059,296267262142.2578,-0.0044539866476891,-0.0044639351976811,-0.2578428984485402,-0.2981943310674865,0.0127025328539453,0.0767763522484807,0.0037858033072866,-0.0055688594649858,0.0081172086593426,-0.0010442682364023292,0.0053947279848417795,0.00419119971196881,0.011098881119437853,-0.012019836483909337,0.04320422041786909,-0.011958739929048987,0.018435292319482238,0.00028127145466996795,0.00877125183406259,-0.029223478765468807,0.025032339806830617
2024-10-14,2466.9809,2648.3699,2445.7117,2629.5321,60792592317.53658,308177026281.95123,0.0663505246648183,0.0642420940806791,1.685218997889316,0.987762288094418,0.0399475581882374,1.145766137749994,0.0191891303380462,0.0192062797976782,0.0109453024256854,-0.0008102185075501561,0.019529971962276522,0.01760352545765244,0.08147642012696905,0.03358307650771733,0.3359422570273636,-0.04003689212225384,0.019538479893558128,-0.012209013392060236,0.08366477593937299,-0.002669796715222062,-0.083918227209975
2024-10-15,2630.2038,2676.9401,2540.6433,2602.9998,65487215314.42857,313406512547.4669,-0.0100901221171628,-0.0101413724387842,0.0772236027108479,0.0743869928838903,0.0363819324865418,-0.0934952574927714,0.0028406718118468,-0.0002935167681633,0.0039329629199405,0.026217289575647545,0.00029466766620983575,0.012756425396763069,0.06404768499106966,0.014593988926282494,0.16754470777878572,0.02096800639130282,-0.04204805984462297,-0.01656539413199662,0.11415069965846283,0.020703157853401752,-0.09619326321959765
2024-10-16,2605.3226,2642.3032,2591.938,2612.1408,33198362141.313587,314975201307.4286,0.0035117175191485,0.0035055658369547,-0.4930558280434455,-0.6793543959381122,0.0135110410246167,-0.9905650862957048,-0.0223093206952583,-0.009490529960514,-0.0226592850734126,0.0034184360188903237,-0.02691637412812052,-0.017028342092693716,0.09779755107563481,-0.06432474665666683,-0.14671016703585593,-0.001277454118954871,-0.015059914072317736,-0.00902948321816524,0.12871966412048066,-0.015769945264147066,-0.07257821953543342
2024-10-17,2616.0981,2644.3317,2582.4598,2603.7922,18293153684.41812,314695812957.885,-0.0031960758011208,-0.0032011941600691,-0.4489742112411844,-0.5959736673694556,0.0164829894397507,0.198821701214201,0.0022958046768208,0.0001572280162209,0.0039943348390537,0.0022960714170090074,-0.03467599726076801,-0.01165806817942635,0.08903235421151844,-0.09815419155750864,-0.20839458151779233,-0.0016553027265395898,0.012016041610111314,0.0048803328425693765,0.1065463617133195,-0.019986905376789658,0.02479899617904735
2024-10-18,2605.842,2669.3187,2597.2123,2642.2951,19296052208.28223,316945309418.4146,0.0147872399341237,0.0146789746928328,0.0548237084302398,0.0533736519511092,0.0173322654978949,0.0502409160511012,0.0008759086708611,0.0027711937119494,-0.0027626534465047,-0.022007570752006683,0.005505959881220701,-0.0201346174995313,0.08133845325156082,-0.07923230703101225,-0.31140970256551403,-0.01906634083676228,0.005886189065816873,-0.010871636462145451,0.11293076957616552,-0.02577297286657334,-0.09718798319748112
2024-10-19,2642.4721,2658.6012,2632.0077,2649.1096,15371653283.787457,318192817331.6446,0.002579007923831,0.0025756879897612,-0.2033783326317052,-0.2273754087949422,0.0069355636913259,-0.9159074895667504,-0.0104882585560492,-0.0109839252318358,-0.0024861084474425,-0.006401546438282446,0.024508265834386006,0.00993951320960565,0.0671958208036935,-0.06238952621636337,0.13930470394005479,-0.010974582325910948,0.0301745951245449,0.01771935132284523,0.07169998524969794,-0.04854360386190033,0.10666356558083612
2024-10-20,2649.8269,2750.333,2636.5087,2744.3776,11059235375.958187,321551582964.0,0.0359622720026382,0.0353307261883063,-0.2805435321897088,-0.3292592578759578,0.020454601387574,1.0815455313477629,0.0099256775615646,0.0043180022272553,0.0091449096917941,-0.013004985839965292,-0.005986031839418454,-0.011952841673342304,0.10699048218968085,-0.05051688970784116,-0.037347643508223616,-0.03856079779859821,0.038515256940197765,0.025951656671460266,0.07051904690659612,-0.0501760003092813,0.0812205349767039
2024-10-21,2742.7096,2761.2256,2660.1079,2668.0588,21584892444.61324,325393665687.73865,-0.0278091469628669,-0.0282031429347573,0.9517526945431428,0.6687277865953264,0.0200444774732421,-0.0202541858368312,0.0011349971595731,0.0062134663484485,-0.0046610830834134,0.02549616510670293,0.009587746931092905,0.02287953576807917,0.01454524517424437,-0.19288998145283848,0.15114965837112626,0.03023389643450318,0.0015700728254887941,0.0076924040526537285,0.019835055143273595,-0.022049700700099824,0.08589575410673111
2024-10-22,2669.7285,2669.7285,2607.5124,2620.9679,19891942427.522648,317076916123.1324,-0.0176498733836,-0.017807489758641,-0.0784321729392303,-0.0816788995231708,0.0121142950683723,-0.5035675121734773,-0.0069333383292769,-0.0151966672961369,0.0014634383865926,0.014194978342517102,-0.02975164157433997,-0.0017828510265410352,0.006879127854387485,-0.28423428683895463,-0.2098440834278268,0.016903442008581952,-0.016355789390497866,-0.008664849281288939,0.015331925441841332,-0.024902565702575614,0.001216377325549356
2024-10-23,2622.9519,2623.3804,2475.2726,2527.6145,18301551588.97213,308943355122.8571,-0.0356179104673506,-0.0362677044644884,-0.0799515102331103,-0.0833289040596192,0.0340446271333128,1.0332860608075831,0.023893213179263,0.0024646906747572,0.0238060990575943,0.014041574338235982,0.022605618722822237,0.020794481959439934,-0.03289414244705546,-0.11362428935652764,0.4539273198700142,0.0010783953118413334,-0.007062308725867633,-0.0057209403970049505,-0.04622314300879766,-0.04758320991385216,-0.024519988203718146
2024-10-24,2524.2931,2558.6877,2513.2672,2537.6447,22332734473.885017,305357960475.6411,0.0039682475314173,0.0039603948047023,0.220264542343062,0.1990676732253234,0.0122331754795339,-1.023520663974379,-0.022499570929406,0.0081070230764216,-0.0283223989518031,0.0008477807832893425,0.0017392292976164542,0.0015379720372819122,-0.025732553482284107,0.03210923029301846,0.016544932380933908,-0.0021734100309786578,0.002881031050361027,0.0015043837539636257,-0.04472591110959142,-0.04168315967678601,0.0033601611063569514
2024-10-25,2538.0507,2556.4719,2401.4827,2426.0749,20080465780.188152,302453535220.5296,-0.04396588695021,-0.0449616834608878,-0.1008505562241192,-0.1063060249821653,0.0341944027753175,1.0279104064052969,0.0182837695537869,0.0088861810461026,0.0172381449550301,0.005488863364128516,-0.004553078775687652,0.003077040867690284,-0.08537321163600478,0.006117245379302148,0.09678568156952183,0.034504222869643594,-0.03999897574832155,-0.008737158099392142,-0.06101133253214621,-0.040506991064167545,-0.02644652973497097
2024-10-26,2435.7022,2506.2337,2435.7022,2486.0441,25499915602.97213,297426388044.8223,0.0247186102951726,0.0244180483597676,0.2698866591098166,0.2389276516925261,0.0156769739266945,-0.7798689622056751,-0.0154989948061153,-0.0042627999307945,-0.0237385229297797,-0.009670461405946837,0.02714332481806941,0.006287931934033611,-0.06353085126599829,0.07579750315968505,0.082845688012128,-0.021508067539495482,0.023730165220596608,0.0018647425616114127,-0.05661372347108807,-0.03174811121002337,0.01007966056859555
2024-10-27,2486.015,2526.7467,2472.6548,2513.9056,12576405459.634146,299943664662.0279,0.0112071624151799,0.011144827470003,-0.5068059967159927,-0.706852666557417,0.0136406612527651,-0.1391378767464761,-0.0020818190170914,-0.0060955278759554,0.0094422393576508,-0.04062399762999433,0.019607731890176526,-0.005999413655275135,-0.08771674998430153,0.010875151615188889,-0.09094406654587717,-0.025649626719111814,0.017265655877291133,0.0024560750851253532,-0.07027033706957367,-0.04704052174839496,-0.02668126532676407
2024-10-28,2512.144,2579.3281,2481.5583,2565.9021,16079442147.836235,302844472305.3589,0.0206835531135296,0.0204725529571687,0.2785403746281567,0.2457190949361681,0.0239463545215845,0.562760970047123,0.0102783733139269,0.0026365809863051,0.0107921887599353,-0.02512696229851966,0.00577567932179604,0.001826656214088715,-0.03904105409237538,-0.04004056658727263,-0.15471224972887,0.0015011788684185026,0.00980740949548295,0.009671859198841254,-0.04332688954304196,-0.028912136069219777,0.044280986909522646
2024-10-29,2565.7784,2675.2624,2562.5821,2637.2503,25882317001.470383,315911204405.46344,0.0278062830222558,0.0274267086359762,0.6096526710009833,0.4760184234252863,0.0251848711818187,0.0504273640782773,0.0017833453991327,0.0127174513748595,-0.0142509650763051,0.01681052875826969,0.0071511556554824385,0.008692649164097163,0.006193144302241748,0.04349173363472234,0.0757625869826346,-0.0053737394111564585,0.011597461988152744,0.009186050931357548,-0.009046865933314859,-0.0051189776837242225,0.02244626890285506
2024-10-30,2637.6911,2716.6984,2606.7913,2659.0627,25752648702.8223,320677976728.23346,0.0082708872949981,0.0082368709415824,-0.0050099184953462,-0.0050225102102599,0.0287676086629521,0.1330065906826996,0.0042669167151027,0.0007033811673374,0.0093120418814262,0.02287786474106661,-0.019606248498807613,-0.010844065025470362,0.05069771970831269,0.05158383713121032,0.06017237732842551,0.005155967617736221,-0.006570258442731403,-0.004559283789235119,0.023543677938062522,-0.02369730672743413,-0.004962328773036706
2024-10-31,2661.3214,2664.8655,2508.7715,2517.618,23856549877.65157,312980070689.2195,-0.0531934429376186,-0.0546604758673652,-0.0736273323591344,-0.0764786764405513,0.0251275940855934,-0.1352834467526573,-0.0126065332060347,-0.0164596041499067,-0.0008807347509396,0.03226072199922654,-0.020176475154732927,0.00666510006892046,-0.007923150963754854,0.01022938361883058,0.0722464022478273,0.057346811752585145,-0.05769992155108575,-0.01040525863913025,0.02504007076506881,-0.05048150282480883,-0.002723377592988019
2024-11-01,2520.6882,2580.2726,2480.8752,2513.8346,25320393925.43554,302926232010.1986,-0.0015027696815004,-0.001503899972378,0.0613602576772962,0.059551347406792,0.027726144801486,0.0984092154535329,0.0117926090544114,0.0159895324424857,8.06836055311684e-05,0.020102036504049806,-0.05110889325223827,0.0037970065447690132,0.03553463252475476,0.03439792331670561,-0.15358792883562522,0.01629343821453047,-0.028290812366872614,0.0019754260307215665,0.059937812224018304,-0.034736311169459896,-0.0409849094690391
2024-11-02,2515.7327,2522.247,2480.0381,2491.4827,17934388401.954704,300834856266.1812,-0.0088915555542119,-0.0089313213295249,-0.2917018410231462,-0.3448901454397546,0.010303472421397,-0.9898948569793556,-0.0187522706815421,-0.0190533663318118,-0.0063841669238872,-0.0044202281577414015,0.006393438437677912,-0.004187309217528398,0.0021852628354622496,-0.050051996661865356,-0.11520920062187301,0.00755058191031556,-0.019555672883438395,0.002423918235825856,0.05826400583424211,-0.049328336382362885,-0.048806864104633974
2024-11-03,2492.1993,2495.4708,2416.5102,2458.8649,15221719335.56446,295402979949.6829,-0.0130917224510529,-0.0131781744151456,-0.1512551755650939,-0.163996697995386,0.0211390991279117,0.7186433982487599,0.01368829259198,-0.0012306162411475,0.0150377252724489,0.0007204222951842226,0.019575310924185546,0.004224898699307741,-0.022137739049686495,0.017787104610932632,0.20543732994104458,-0.004723671436473592,0.021004545370832704,0.0007223697407864327,0.016929802676428428,-0.03753132726060324,0.04400938170738389
2024-11-04,2455.0852,2485.4767,2369.8167,2396.9635,18194427778.763065,294837405495.8989,-0.0251747869514914,-0.0254970927230345,0.1952938677730762,0.1783920696059278,0.0302259632068679,0.357576898919183,0.0055694099135708,0.0167188276042536,-0.0030834292957363,-0.0037541109057499245,0.0041134177437069964,-0.002302166836196995,-0.06810738472988986,0.013997027430293867,0.060784709008262716,0.014760676012556845,-0.013979543774403035,0.01046563959695182,-0.007954756424789468,-0.021016411039356975,0.002942312699099947
2024-11-05,2400.4728,2477.1459,2383.5748,2424.2234,21727499229.47387,293008559149.50525,0.0113726804767781,0.0113084977078425,0.194184257601917,0.1774633226639613,0.0265310829668231,-0.130384276102291,-0.0008764120089199,0.0049359037444437,-0.0091359477801585,-0.026616613440381534,0.01922123181702662,-0.01367758931183144,-0.08422559565802347,-0.027684859515039604,-0.06822788730184914,-0.011575950605402646,0.011590796470880637,-0.008209157615413326,-0.005953720740061355,-0.0053322417959349305,-8.958449920370981e-05
2024-11-06,2427.9603,2736.8628,2425.4696,2720.0061,38739365548.8676,315373594237.8188,0.1220113212338434,0.1151228972758404,0.78296476459273,0.5782775768196274,0.0480747434694676,0.5944399676348473,0.0010266791553107,0.0011435079270023,-8.385863472400688e-05,-0.044830552368720224,0.07714301332532869,0.05101937301164654,0.02266043067623464,0.0841054266190789,0.2184624980175438,-0.08292673053728933,0.03708194986439077,-0.04374393119906561,0.11530462146263129,-0.013720019282419886,-0.2150347472280285
2024-11-07,2718.0301,2911.7093,2704.1715,2893.4593,42116216784.20209,341144625491.76654,0.0637694158112365,0.0618186529703565,0.0871684703012178,0.0835765826075704,0.0349679260358443,-0.3183257130487993,-0.0013795818328022,-0.006397599528028,0.0077512845623076,0.01696160555128081,-0.015443434494837122,-0.012113689544669445,0.13913955951395657,0.1074346212826753,0.1539036615904923,-0.010528192253800812,0.019058979694411476,0.0131325583684241,0.1698359117358727,-0.022426352387266705,0.18065700254676909
2024-11-08,2903.7817,2971.6547,2890.2367,2958.7839,35525344071.01742,352041100923.1254,0.022576643811786,0.0223255633988041,-0.1564925156254045,-0.1701865040365512,0.0158070708216064,-0.7939738820828999,-0.013416749863234,-0.0107890994776861,-0.0081283505475495,-0.0032239947208410995,0.004161172150515466,0.0032466045389903248,0.1629690228851387,0.055368581393885244,0.054241336646510874,-0.002083205580527346,-0.03576221605638693,-0.03381683569569015,0.22240577538228737,-0.021418373942713013,-0.12526734372131942
2024-11-09,2956.7487,3147.2829,2956.7487,3125.8481,33853867216.38328,365255758030.345,0.0564638059575761,0.0549272990466068,-0.0470502650528239,-0.0481931207408007,0.0274794266395635,0.5529802422113841,0.0061710616234814,0.0106439495151405,-0.0104687104299997,0.013047859383735257,0.0029137246826969887,0.006387159432039047,0.22682764326127056,0.08068188867495794,0.13983399118909468,0.012312941205236863,-0.022111036325956332,-0.010203822787579843,0.27176907172484693,-0.015403368083165418,0.07150450301629219
2024-11-10,3116.0342,3239.6794,3095.1368,3189.6556,39633601071.44599,382740517669.3171,0.0204128601130682,0.0202073102177329,0.170725956302731,0.157624031866767,0.0288263540558328,0.0478524376106284,0.0077662195375227,0.0039494276739652,0.0142272251454812,0.025756044523851163,-0.015597843560047925,-0.0029211104961874013,0.2602131278941491,0.11231292244939003,0.0464054375241203,0.02282525452910856,0.05379542416500976,0.05565285047079698,0.26960350628978924,-0.0003688079670809103,0.29105811045650665
2024-11-11,3188.7346,3381.8718,3119.5911,3376.7687,52446293721.80488,388037179400.1115,0.0586624775414625,0.057006297726705,0.3232785390169803,0.2801123988893277,0.0446134320601029,0.4367449408487367,0.0143003134499364,-0.0151843877367988,0.0274455446900488,-0.04294062195432513,-0.05287523308893846,-0.06715404805138882,0.3427165183438886,0.1389416437177359,-0.16216424376861727,-0.04476511267255068,0.033111902366027623,0.013673267974077682,0.3098914835788657,0.02716581431280332,0.10933572859695406
2024-11-12,3354.328,3435.2489,3217.9822,3256.1818,71973542792.90244,397650434919.2892,-0.0357107373093099,-0.0363639643502631,0.3723284847291122,0.3165089210037095,0.0423516684943059,-0.0520271628887485,-0.0007030765712682,0.0262996764919255,-0.0195437036302933,0.11355149526810272,-0.03221813604202109,0.08283362489451195,0.29504405628578284,0.17420160658558118,0.26075468562952797,0.11147397513023416,-0.01312416626263685,0.04665614144205865,0.27799145442628376,0.05851366671089492,0.19903025788328388
2024-11-13,3254.3141,3331.5694,3123.91,3189.1444,58728860863.25784,386517942589.0557,-0.020587732539995,-0.0208026143073673,-0.1840215364659067,-0.203367317094151,0.043736777847728,0.0321815284400157,0.0012248823024894,-0.003706388774752,0.0069434280118764,-0.0043618641793813084,0.011651746543936279,-0.0023086040750204817,0.1591185447025748,0.06166166534459684,-0.18750944317915907,0.0077553356975957055,0.06294789415364313,0.05077990786156891,0.19294674603823708,-0.0023803363925479037,0.1659657316314651
2024-11-14,3190.795,3235.7841,3048.3298,3059.1004,58895253837.53658,381577978145.9338,-0.0407770811506685,-0.0416317818414685,0.0028332402814037,0.002829234221128,0.0330820944603747,-0.2791971633459473,-0.0124689358229484,-0.0039779923352966,-0.016379875867159,0.007671220802612927,-0.012744616873853035,0.0054611097615598625,0.055668109890749724,0.04897576598736631,-0.15092510610526566,0.038188494596297806,-0.020414284858834397,0.011786697186553757,0.16145633663555273,-0.007641437408718564,0.038630260402366945
2024-11-15,3073.1999,3129.4133,3023.3663,3094.1653,39878398753.731705,369878356541.9129,0.0114624874685382,0.0113972908959798,-0.3228928282788822,-0.3899257147269319,0.0240082282486889,-0.3205955678706158,-0.006617009499636,-0.0137096817890107,0.0067604656612138,-0.014369688493785587,-0.016293791565376872,-0.015317279201391587,0.04473983738792537,0.012323611297595318,-0.1415291857756369,-0.010301211410918859,0.0068591692384644964,-0.002975614967547252,0.16934806169457794,0.007743140317546383,-0.007882179265218836
2024-11-16,3090.2146,3208.6767,3076.3723,3132.193,36153478406.14286,378369135363.37976,0.0122901320107235,0.0122152214872595,-0.0934069687850813,-0.0980616272301477,0.0285691159967631,0.1739296588177592,0.0072760289191868,0.01579639964401,-0.0104680458717157,-0.030335222286184876,0.03267418497985159,-0.024868211356084774,0.002027759828577965,0.006449465971652849,-0.12468550451965932,-0.009024160067569703,0.0003448291714746865,-0.0061710789726136805,0.1847644773419066,0.020413014803619806,-0.019265907297152385
2024-11-17,3137.0396,3159.072,3051.5679,3075.4451,32330820830.22648,373823827556.9965,-0.0181176255741585,-0.0182837594458111,-0.105734157387934,-0.111752184911522,0.0211534391505252,-0.3005237742406543,-0.0113601770972672,-0.0164226417094072,0.0056882316202346,-0.004138995318247532,-0.00251626768987237,-0.004727099884533251,-0.036463309834965936,-0.020626672319369415,-0.03135765894523024,0.010626020847850248,0.005743599279012579,0.011569123458549768,0.15180174320326253,0.014639064570787494,0.03610006955985012
2024-11-18,3076.2365,3216.9972,3058.9683,3212.2461,33499392961.31708,376304266837.1707,0.0444816914468737,0.0435207733274665,0.0361442147487356,0.035506337574814,0.0233573181539587,0.0991078464533328,-0.0016008735606385,-0.0055710181196671,0.0019167394877344,-0.050768190760547026,0.04918383816740516,-0.00679248673652269,-0.04994883423420433,-0.05558795516031129,-0.014462564856302151,-0.03838006277671299,0.015831025271753285,-0.012910728968948099,0.19274682854096803,0.020009053513165582,-0.047288953604690764
2024-11-19,3216.1673,3216.1673,3079.6981,3111.9588,42127333474.372826,376444761242.7805,-0.0312203040732153,-0.0317180449244934,0.257555130118887,0.2291694630795832,0.0228231739990241,-0.0231339230781806,0.0027805790342532,-0.0081318093687477,0.0046663574679885,-1.007649878585759e-06,-0.033233349078553596,-0.027814325108112034,-0.04530291480843461,-0.09435985363577191,-0.31749955568312416,0.017173540501806472,0.015224606290382053,0.022429293200568717,0.12569805742816811,0.03338793971350418,0.06953537794966569
2024-11-20,3106.3372,3150.461,3036.3053,3071.7452,34553671663.50174,372941161960.77,-0.0129222790481673,-0.0130064980168019,-0.1797802326007257,-0.1981829656083357,0.0251522204838067,0.0971697590249278,0.0036735376985307,0.0188914075579102,-0.004989380068549,-0.013009508857705632,-0.01685691751275669,-0.02123966889023409,-0.03750679851786921,-0.08354778005057584,-0.4065562880267488,0.018747490204152922,-0.02370399864793185,-0.005998459494584357,0.14089470234612347,0.013613962017116787,-0.011588429515181131
2024-11-21,3072.1877,3385.4357,3038.8448,3363.7218,48480619568.99301,388137180033.7098,0.0950523500451794,0.0908021703861235,0.4030526203153683,0.3386503059874768,0.0515523545217182,0.7176517016810067,0.0167010485151883,0.0061035940989478,0.0170254469373789,-0.002036636840877435,0.012509814151746498,0.008847758567814334,0.094927153709723,-0.03826126893296485,0.3097287891996152,-0.09257606379987286,0.012705729396424142,-0.040099862373977946,0.24950436249088812,0.029371962533501408,-0.15450955439213265
2024-11-22,3361.4185,3413.2604,3273.9946,3324.1296,54249579250.94425,401175534651.216,-0.0117703550870347,-0.0118401741204603,0.1189951723645239,0.1124311150796631,0.0286284576288321,-0.5881966388373363,-0.0132505888271021,-0.0048711522447868,-0.0132805433335938,0.02633934021318628,-0.0018377486547557081,0.016349981771299683,0.07168968869328278,0.05242153004041817,0.1947615114827812,0.025312445176552997,-0.04235091120862375,-0.025545540955806606,0.27393189283491626,0.035749139313166124,-0.06342874334325432
2024-11-23,3321.6837,3484.671,3318.592,3391.0575,43462675702.20906,407121881988.3589,0.0201339622859468,0.0199339542468759,-0.1988384739140154,-0.2216926967054646,0.0320513425734757,0.1129378273506591,0.0080142661401371,0.0159933782023235,-0.0155269175736008,0.002204849689465216,0.02013081683638058,0.015428477409638833,0.07940842145289917,0.025643258292852026,0.19971993009864963,-0.007748637226160052,0.010584064019726308,0.0047442126788084515,0.28990545227708986,0.02043171707349293,0.02748570633129943
2024-11-24,3396.2598,3442.5551,3290.4186,3359.6938,39206582420.39024,405549864177.7631,-0.0092489437292053,-0.0092919807796405,-0.0979252476534134,-0.1030578883549405,0.0312444669270883,-0.0254967702847999,-0.0049381910782329,-0.017954892165936,0.0211984292769748,0.013981399623436266,-0.023690368718758757,-0.0037738158429690277,0.08840020011906975,0.023536771887322464,-0.04841692374312778,0.02146251780998394,-0.058932050195083255,-0.03172307087215437,0.3255751549583371,0.0181409086625136,-0.09900304591107512
2024-11-25,3350.5496,3533.9707,3306.4087,3415.4204,41866352589.348434,412516068656.5436,0.0165868091907661,0.016450750529177,0.0678398882218032,0.0656378119039517,0.0455305465251337,0.3765411507290075,0.0159648849556696,0.0244826738418534,-0.0049424963834953,-0.010774302129642248,0.04592307283473483,0.023279689206286813,0.061330177320780215,0.027913696989618812,0.22273997404184476,-0.0048170384512020575,0.03443604063741247,0.021241698537067838,0.3176078571277466,0.015266301448171014,0.08662319098410909
2024-11-26,3408.0632,3460.2276,3263.2728,3328.6135,56832300390.60627,405001229032.5087,-0.0254161683873528,-0.0257447384777889,0.3574695877630727,0.3056223694538747,0.0387590302460955,-0.1610196856425734,-0.0093459068919059,-0.0183745755048944,0.0085965012837066,0.03116773062855186,-0.03650593502044585,-0.000849995849303814,0.06730348376748477,0.04724617843194799,-0.02270115581953558,0.03338539856311336,0.008496456150785758,0.028868008913218973,0.2807182911799545,0.04015061792396822,0.09321786624476469
2024-11-27,3321.7403,3678.7596,3310.6943,3662.2765,47039036336.52265,419508104904.1324,0.1002408360117508,0.0955290976689248,-0.1723186284344445,-0.1891270156077326,0.043324262007165,0.1113490343179672,-0.0098864514759672,-0.0028592381205281,-0.0110022359973265,-0.059425902576627915,-0.0006552176581986896,-0.04573914846392583,0.17583907945321156,0.03843371592528371,-0.2116675473731382,-0.10271367519225308,0.045196201843152095,-0.010352349297738872,0.35577483589171044,0.027159142899968618,-0.015083666466450207
2024-11-28,3645.0601,3657.0736,3537.5573,3578.2137,48142376764.362366,432732013018.88153,-0.0229537010654439,-0.023221239183404,0.0234558467555816,0.0231849857217284,0.0204858555554712,-0.748978126477291,-0.007846396945727,-0.0129418687392355,0.0001605207239272,0.02155395728226716,0.0071247064288320686,0.018976093877834242,0.06181566988368396,-0.0010219803989122839,-0.05522410138662659,0.05579042917834372,0.024101950553032186,0.04070436819104162,0.3051268880723303,0.01908151505613679,0.12017287056802184
2024-11-29,3578.6689,3640.1139,3542.6347,3593.636,34408606128.78745,431520283111.43207,0.0043100556012067,0.0043007939142846,-0.2852740466636331,-0.3358560918065066,0.0190177951772761,-0.074359545980672,-0.0012789096903436,0.00632145108511,-0.0064683899418828,-0.0011082684478578159,-0.010888201546133028,-0.008278634989574388,0.07795663791842908,-0.0618530175290133,-0.08461897475046776,-0.008955613004478613,0.009710469131368749,0.0054228032765180345,0.3011908110450327,0.007322740551985065,0.008806334713758579
2024-11-30,3590.9472,3725.6221,3577.1108,3703.812,36730972265.21951,441655396895.2439,0.0306586421106644,0.0301980562350337,0.0674937580365711,0.0653136188310142,0.0213873021246364,0.117422258140039,-0.0003408508970113,-8.812547671249032e-05,-0.0004352545352175,-0.025579553013515954,0.02975863231097467,0.010803404591570684,0.08822073990658692,-0.021886038715990225,0.10221841122996,-0.03916495356233369,-0.05376062064675763,-0.06360538740213442,0.38604934314743156,0.01079322719180131,-0.1575340056378287
2024-12-01,3709.608,3734.6788,3664.0405,3703.0563,32850450103.55749,445644148166.03485,-0.000204033034074,-0.0002040538516452,-0.1056471397936961,-0.1116548834641319,0.0134576553146793,-0.4632492747484278,-0.0050046054835554,-0.0071346299340968,-0.0001502762526958,0.007067907965249923,-0.013355074328472272,-0.009576719735553685,0.09730866683458217,-0.02111412484021299,-0.057472323949424364,0.010067487226368098,-0.002705374755134604,0.0005050170460565717,0.38734918926816453,0.006259221039815588,0.006338416547416514
2024-12-02,3707.9575,3744.724,3567.3985,3641.4213,42617379110.99651,438749014163.5714,-0.0166443594173818,-0.0167844332354338,0.2973149219158286,0.2602966838148337,0.0324040058487321,0.8787339399517582,0.0189876282056664,0.0090455370012831,0.0167302190485342,0.02095487839765136,0.01122683997112725,0.020728222695458126,0.06407348306997122,0.0025181491320150303,0.19751002203113588,0.04876368079374466,-0.01623863283813845,0.00842434003703288,0.37949607736225555,0.020246848036972763,0.035977690709782184
2024-12-03,3638.3021,3661.1126,3512.5343,3625.5278,46319722633.17422,434622671971.8676,-0.0043646419050715,-0.0043741947612159,0.0868740311912421,0.0833057147551031,0.0292132542112655,-0.1036595348300126,0.0015709118900897,-0.0088004411530241,0.0052024056635883,0.010932614779093443,-0.05159782444351488,-0.021344333757570874,0.08544402678654435,-0.035838320622936994,-0.2592125994453407,0.010136679630523532,-0.024473942456682676,-0.012342726791879394,0.38830005701618536,0.024938846576110524,-0.03322442142564319
2024-12-04,3620.3911,3879.7252,3620.3911,3838.9454,53939665394.794426,451213897788.7492,0.0588652499092683,0.0571978157557696,0.1645075213849143,0.1522982692178486,0.0326475995939291,0.1111488160590483,-0.007239294217512,0.0192243301651206,-0.0333743955631582,-0.03659100572659418,0.0399716352342597,-0.0018007065448265441,0.04711274487338926,0.02366915300247669,-0.08506482340713806,-0.045637578379309096,-0.06457195798284651,-0.07750300622208067,0.47099496549498965,0.027917820960372288,-0.15812159155820926
2024-12-05,3834.3137,3947.2674,3741.8264,3790.4221,70890825038.0979,466446560182.9161,-0.0126397473639505,-0.0127203085391636,0.3142614904863572,0.2732749036781408,0.0371110756925808,0.1281441275570869,0.0115920869121557,0.0072726057721407,0.0177499629008299,0.0373701713423377,-0.019680557845667968,0.010600647879226294,0.05761367551762961,0.07428244428151434,0.17403448423514112,0.06914682172429848,-0.03661830162015885,0.05012606035224865,0.44696615924798333,0.03716726831214353,0.11234316479706452
2024-12-06,3787.0958,4084.4091,3787.0958,4005.8846,66701685156.43356,474149691699.2448,0.0568439330279337,0.0552870451142947,-0.0590928357712443,-0.0609108007686723,0.0404650555964099,0.086523315636446,-0.0003259991942124,0.0039934819458024,-0.0177499629008299,-0.013050466341202195,0.016181026597990693,4.1987265959178566e-05,0.1085999267176395,0.0967891072626703,0.10010895256944119,-0.05145530542106874,0.02341327172978791,-0.04242090226855115,0.3871303070864376,0.020538995104312938,-0.22174164349943903
2024-12-07,4005.9638,4024.2709,3977.6211,4000.0664,49316091682.452965,481619669985.345,-0.0014524132821998,-0.0014534690567754,-0.2606469901503486,-0.3019797862307072,0.0081937370979699,-1.5970686829747684,-0.0300901145732206,-0.0330588422889187,0.0063208766304815,-0.005180956737370991,0.030364886145123525,0.021918544095067147,0.07694840142583038,0.035321077270278674,0.15325622875690215,-0.004544029886759199,-0.0058397520731918034,-0.0066321797087175866,0.32385818505930547,0.005220888270258269,-0.14424159907982426
2024-12-08,4003.0955,4015.2743,3936.9478,4015.2743,25345220862.44251,479874515956.3624,0.0038019118882626,0.0037947028874727,-0.4860659067299826,-0.6656602449583534,0.0138013985408086,0.5213998366549397,0.0099040707474654,-0.0052446940423587,0.0117966158750407,-0.004185728833534567,0.0008717404164681752,-0.001107069809227465,0.08094715816494844,-0.020913496910965772,-0.014020692830170045,-0.010105946571632426,-0.038979683480194365,-0.018674996424983284,0.30532732454797407,-0.007389975513038014,-0.11530053519003336
2024-12-09,4000.7757,4000.7757,3611.9149,3715.3684,37740481899.98606,465714963432.6411,-0.0746912608187192,-0.0776278250713527,0.4890571324991415,0.3981431226764124,0.0557817778863435,1.396677324312806,0.0356181687398793,0.0,0.0356181687398793,0.06402691149202638,-0.040663116899544306,0.019396102761554915,0.020103766329029583,-0.013827852535227083,0.11370144488071432,0.08581801989352451,0.07888228753101093,0.10419767243973606,0.17277220043001468,0.002827827760141845,0.36574154675173265
2024-12-10,3696.497,3774.0167,3528.2666,3628.8115,77152357432.54007,443535391626.1777,-0.0232969898758895,-0.0235726546003019,1.0442864941946746,0.7150488260198024,0.046205499573884,-0.1883484254789693,-0.0076587305609922,0.0285357111891447,-0.0175583654892843,0.014771655164230402,-0.017528751293287834,0.008721593432266112,0.000905306489943562,0.08436820262949637,-0.02265640966665261,0.011025018562380084,0.01971056572657466,0.019017506344491175,0.1289922356119797,0.026894460933074897,0.07643416267742498
2024-12-11,3634.7298,3847.8388,3572.6281,3829.0521,55142194679.62021,448844877660.76654,0.0551807664851151,0.0537120948904758,-0.285281791579278,-0.3358669280683938,0.0413003176446294,-0.1122286383082791,-0.0076919813300918,-0.0118364494890815,-0.0016151922957327,-0.05555829072755146,0.055582447727008745,-0.01809300524255744,-0.0025804143753505983,0.0031505616225995627,6.331909820911363e-05,-0.05835570455260919,0.058064132919428094,-0.004466643989421426,0.12569803277575048,0.0019049240221132974,-0.004035616676501652
2024-12-12,3826.3204,3982.7149,3800.9181,3881.3655,44494665436.09059,470541924307.2718,0.0136622324882964,0.0135697456225779,-0.1930922282907393,-0.2145459026097259,0.0318216818861933,-0.2607223133178626,-0.0041486053990846,0.0154351030839957,-0.0227506747853239,-0.0017912805425787728,-0.00032232862210887503,-0.0013442586299716869,0.023709639786391238,-0.07154721944425864,-0.010987003835488895,-0.0051217600850236855,-0.02105046224369922,-0.019885706506710288,0.1756317427485918,-0.019588709174680936,-0.07298886814149008
2024-12-13,3887.0938,3964.9047,3856.5753,3909.0227,45881430495.07665,470977732537.5192,0.0071256365833107,0.0071003691947658,0.0311669959846743,0.030691166685227,0.0192738759770585,-0.5013972750920987,-0.0145435595914313,-0.0153613498868593,-0.0014929148645593,-0.050568058567481346,0.031901423206459265,0.011667482821414013,-0.024477036133137765,-0.060282518236253656,-0.10941140771873625,-0.003532982315562927,-0.017930696369195975,-0.01601727174531889,0.20353472625072494,-0.009291799056180446,-0.06285657710980952
2024-12-14,3908.3892,3941.5552,3832.8226,3868.2654,31182188119.62021,468713304969.1011,-0.0104264679762539,-0.0104812043976122,-0.3203745440551109,-0.3862134326391185,0.0187118723943825,-0.0295923928757706,-0.0012995511824378,-0.0041793492300739,0.003087104859619,-0.0008656554842188594,-0.006296001492738693,-0.006350856092758414,-0.033504771473974605,-0.0556388831174011,-0.03146751140578363,0.02026393670100453,-0.0542027164428089,-0.01748758871104647,0.23468530369458124,-0.020342162327601238,-0.08389035703861825
2024-12-15,3870.624,3963.2528,3837.5557,3963.2528,25923935187.0,468029748145.5819,0.024555554021707,0.0242589127236981,-0.1686300176385522,-0.1846803577450982,0.0174160254894899,-0.0717674223063502,-0.0017639716693517,-0.0125936656671256,0.0032236428418916,-0.010644511342332153,0.013100789356515652,0.012576418511950987,-0.013040561637749288,0.0018242862377251868,-0.0026650564235133345,-0.032715403140409424,0.0050018733230734885,-0.025221229982926557,0.2475469255222995,-0.01040176840359029,-0.10614639214048394
2024-12-16,3953.729,4087.5678,3894.0727,3988.2391,41992989681.229965,478922486931.0836,0.0063044931173705,0.0062847029351289,0.6198539835220722,0.4823360115536626,0.0338627364214652,0.6649244016960161,0.0177545452498206,0.0286176115212403,0.002430604129026,0.049738505241456135,-0.045327386541665224,-0.03042465109330625,0.07087196636873229,0.01330410413558186,0.04455124730299298,-0.01095719617215224,0.02586850581025732,0.00974031079622309,0.24161640697016887,0.004365990642530591,0.044878689534916694
2024-12-17,3977.7102,4039.4029,3860.3154,3883.1471,51242538107.21255,479410787577.92334,-0.0263504763292651,-0.0267038720548873,0.2202641082760761,0.1990673175097813,0.0283653571717792,-0.1771466065059508,-0.0063867997031595,-0.0039767490050819,-0.0057685038333383,0.027875277893337755,-0.03765227367461732,-0.004081103795014446,0.06774074891414694,-0.08395008950540216,-0.07650816723153264,0.040068895263177154,-0.03764977881460344,0.009261795387246308,0.23319629436109268,0.014010180294552166,0.028856282098713937
2024-12-18,3890.4503,3899.2388,3627.0821,3631.2671,46219761173.52962,461758998677.10455,-0.0648649133070442,-0.0670642823828777,-0.098019675043691,-0.1031625718444323,0.0279525347153428,-0.0146606997094984,-0.0124570501559801,-0.0119657594369611,-0.0043006987359745,0.01080468127642878,-0.03004582106269555,0.0023940524102374905,-0.05303562835920656,-0.030621721844929253,-0.09623762815615011,0.047704092504890064,0.04478448280846662,0.0632612125036913,0.1226112386507484,0.00931428620900558,0.252534767318948
2024-12-19,3643.4544,3718.5472,3362.3485,3436.3037,62702704466.72823,433894286019.5122,-0.0536901843436413,-0.0551852628530798,0.3566211264336543,0.3049971424836636,0.0612042491990584,0.7837087354860488,0.042402023315985,0.0274543384081511,0.032805281678635,0.005003852206513795,0.04831847408427655,0.02024236828236796,-0.12179063683486434,0.06152441622961192,0.38731492250231137,0.049805728083698375,-0.048355991892322196,0.027974012315006902,0.09914402072216201,0.014884710285736161,0.022292269145199883
2024-12-20,3421.3389,3490.0832,3120.9825,3466.7475,81092384717.96167,406047469643.2996,0.0088594614032513,0.0088204466389456,0.293283685410914,0.2571844766613698,0.0786128206263755,0.2503181799634513,0.0409904745307453,-0.0285769060635006,0.0564596888185474,-0.007491313559214147,0.09757585353888414,0.06712259599204562,-0.12007055939068446,0.10920473515297816,0.42420206580709374,-0.0013793602351688528,-0.015206477139461008,-0.004461597512607052,0.12097096537790972,0.03287164039525931,-0.024836183104893328
2024-12-21,3470.9469,3545.6217,3305.7744,3340.4166,57665605494.19164,412659847194.2404,-0.0364407560689089,-0.037121304765741,-0.2888900024983614,-0.3409281529851401,0.0434211729383118,-0.593587620563734,-0.0567742935151222,0.0240709577112103,-0.0757106275694895,0.01898809387006624,-0.03280510532409968,-0.01602221627164102,-0.14671065975881326,0.0749319624478956,-0.04811576250081928,-0.018193881956620084,0.03309659966741297,-0.00917469021725989,-0.006952509773955009,0.0063618712344349505,-0.02580573463441893
2024-12-22,3330.8735,3398.8447,3231.1914,3276.7888,33934014173.43554,401560743953.0383,-0.0190478636706571,-0.0192316113009186,-0.4115380583864061,-0.5302430245283308,0.0342910681845982,-0.2360622603851068,-0.0080326561976751,-0.0084429108800577,-0.0019109069814345,-0.019127679150044527,-0.013601818092665335,-0.022697201868217998,-0.19020118378343007,0.02160037570143634,-0.10353919619996343,0.015478101410970752,-0.01591081135731464,0.0101442611506177,-0.014343946954413362,-0.014125972647710431,-0.0007751350522222644
2024-12-23,3280.1994,3457.3225,3229.2311,3415.7123,35937633351.32056,401341920922.1115,0.0423962325554825,0.0415221326196287,0.0590445671309203,0.0573671498989307,0.0411825988332222,0.1831308912402969,0.0048100251210968,-0.001946017072913,0.0090170768226798,-0.034986269212491525,0.04060595003205013,0.019014308772304644,-0.15496375409893023,-0.016285978138961946,0.03257543400172902,-0.031776859020487325,0.032234366229063734,-0.01892029054457456,0.007244231418339334,-0.0052834330352582275,0.0008105080586275903
2024-12-24,3416.3805,3523.2474,3364.9631,3497.9701,35880466196.97561,413914877729.7596,0.0240821804576456,0.0237967777502773,-0.0015907323052158,-0.0015919988631973,0.02900466179975,-0.3505592399372848,-0.0104811771857322,-0.0103423006368895,-0.0054051316319583,-0.03515118311083184,0.010580559790340394,0.002871293302089434,-0.10446310429376572,-0.04254724568892547,-0.08724722345329461,-0.006412855661619504,0.0026297100279538965,-0.004581425172074355,0.04033298994825727,-0.0023442364396658016,-0.009763798037957017
2024-12-25,3490.7882,3539.8233,3447.573,3493.9157,26142151099.232395,419642039100.0388,-0.0011590722287763,-0.0011597444724949,-0.271409937771769,-0.3166440340447076,0.0186637800587406,-0.4408718183840596,-0.0097882471033239,-0.0013982009468608,-0.0113489997447855,0.019999561287940067,-0.026347494229551544,-0.022394400005907172,-0.03855856638338298,-0.05848484958124359,-0.1653384137299838,-0.007075439804236083,0.009696851200399759,-0.0015275011359115742,0.02272249494658506,-0.011157381371715173,0.006641429148578348
2024-12-26,3504.36,3511.2112,3312.8142,3332.2171,23025805597.43554,407925667260.8118,-0.0462800519199705,-0.0473852061013594,-0.1192076922043481,-0.1269334268138316,0.0266718019987298,0.3570221520192018,0.0020812101242278,-0.0033849308580159,0.0052208073995767,0.011409784058997494,-0.05460663455422601,-0.046170402913087105,-0.030758509631662594,-0.1267237312246703,-0.31141816715929416,0.03697168148920768,-0.035766338483015914,0.01944853107737235,0.001082027323014607,-0.02441801657553246,0.00324287097138809
2024-12-27,3338.6735,3431.4421,3309.865,3333.8817,28434551798.752613,405256400901.77,0.0004995472833988,0.0004994225511927,0.2348993253864466,0.2109894488514642,0.0254919841717914,-0.0452428458749643,0.0084616755232375,0.0180068710153497,-0.0102023279894502,-0.010859494968596194,-0.029591647794564135,-0.030625613662263566,-0.03907953371941554,-0.19760327310363268,-0.37165983316913875,-0.0530660990783314,0.03731264906273246,-0.03227724352924061,-0.09394764779471751,-0.01369656787209901,-0.044097939541133835
2024-12-28,3336.2961,3414.4112,3326.1552,3405.2504,22644237413.92683,405371799657.1429,0.0214070883199004,0.0211811750153351,-0.2036365625105367,-0.2276996175779446,0.0134626364151303,-0.6384458811402176,-0.0176452170078692,-0.0202307084117097,0.0005427855442987,0.012356903616898118,-0.007424667716629654,0.0031616272338182635,0.019222946061660653,-0.15701022937794476,0.036960560507119045,0.0030139728271950106,0.008009810518212937,0.0070017176974127016,-0.04954523359597833,-0.019081702442003412,0.030882499040548295
2024-12-29,3403.9568,3412.908,3331.2269,3361.8377,16000753452.45296,407204192264.72473,-0.0127487541004326,-0.0128307168262354,-0.2933851928874383,-0.3472695888385541,0.0152812999925177,0.1267116827610133,0.0038359762180725,-0.0015928387354419,0.0055971988351185,0.014126377014112242,-0.015451948737797504,0.004258141634614729,0.025623840536343947,-0.09107980066204,-0.005624810997310714,0.003290968262824767,-0.007103327827761338,-0.0012249274251426023,-0.06667674433649848,-0.014005531663142685,-0.010346813456441284
2024-12-30,3359.7896,3426.9622,3307.2929,3362.7678,23597675148.82927,408156603907.6968,0.0002766641590103,0.0002766258945393,0.4747852480166601,0.3885123846268894,0.0251275203203453,0.4973338144421317,0.0098252462749177,0.0130553159264863,0.0021297990234136,-0.02000990793781527,-0.0018703492159341563,-0.01893526605702467,-0.015621666188745323,-0.06786691320431354,-0.2941494127525317,-0.021505331236388286,0.011428242293061733,-0.010658524809514291,-0.09659817467699287,-0.010113683507623185,-0.030327317024274825
2024-12-31,3358.1097,3442.1557,3319.5678,3339.3388,29921790436.97909,405874329690.13934,-0.0069671774542388,-0.0069915615600095,0.2679973873809165,0.2374387955877668,0.0254042767240669,0.0109538622083542,0.0033787878132807,0.008031558442723,-0.0079058905747073,-0.014158823096570072,-0.0004152752917401144,-0.012067951441970634,-0.04641000549903217,-0.03449721691018595,-0.1782748351420027,0.002763826328657959,-0.005589617043494671,-0.0013214261790293058,-0.10338568238535716,-0.0022693171108889997,-0.007913027538926753
2025-01-01,3338.8804,3367.6419,3319.7644,3360.3987,21114226602.37979,403129022921.3345,0.0063066077631894,0.0062868043304934,-0.2943528347058537,-0.3486399322857964,0.0093045271555492,-1.004416462180056,-0.0192058757636898,-0.0230818948833296,7.837831460934426e-05,-0.019258468283026357,0.007545408296081111,-0.004779180405058744,-0.03896345669604357,-0.030064053358283875,-0.1663756186669616,0.01064548776069199,-0.0014841748086349554,0.00769304769897744,-0.08031444481942975,-0.016821663581753018,0.027175883116229427
